"geneID","baseMean","log2FoldChange","lfcSE","stat","pvalue","padj","Symbol","celltype"
"NRXN3",99.7972926311326,-1.04224023861662,0.122222806730879,-8.52737935327829,1.49700322702663e-17,1.09835126766944e-13,"NRXN3","COPs"
"LMNA",6.6308798953549,2.44228757209508,0.294992089011944,8.27916294391271,1.24044107625639e-16,4.18405779856511e-13,"LMNA","COPs"
"CTNNA2",53.0781547664153,-2.15669117072088,0.261709345184382,-8.24078776858898,1.71080460620081e-16,4.18405779856511e-13,"CTNNA2","COPs"
"NFKBIA",5.9477438201157,2.54810082815496,0.317566850258177,8.0238249870331,1.02502312037497e-15,1.88014865854778e-12,"NFKBIA","COPs"
"MDGA2",20.0484211060261,-1.62034105129403,0.202758294505098,-7.99149083024706,1.33316635572887e-15,1.95628831039654e-12,"MDGA2","COPs"
"NEAT1",97.437914364883,2.33926555044763,0.298440521625726,7.83829735219835,4.5669651499536e-15,5.58463721753493e-12,"NEAT1","COPs"
"ADAMTS19",2.97808418279873,-2.53941962109554,0.337989923626471,-7.51329978671782,5.76552914725922e-14,6.0430981933487e-11,"ADAMTS19","COPs"
"NKAIN2",76.7299736533023,-0.898614270807897,0.12520584286566,-7.17709533549541,7.1208035624144e-13,6.53066696717931e-10,"NKAIN2","COPs"
"OBI1-AS1",4.18880523277867,-3.78486306576201,0.529478754342286,-7.14828127610811,8.78711200286821e-13,7.16344897389379e-10,"OBI1-AS1","COPs"
"NKAIN3",5.85611566068715,-4.08899470930617,0.574113016703417,-7.12228183361067,1.06154705532743e-12,7.78857074493736e-10,"NKAIN3","COPs"
"FSTL5",5.07441892682985,-4.01286633683352,0.580219156964137,-6.91612175962944,4.64175482986056e-12,3.09605047151699e-09,"FSTL5","COPs"
"RORA",22.3710477190919,-2.19298787680615,0.321726308013628,-6.81631505469939,9.34053378325061e-12,5.71095803064248e-09,"RORA","COPs"
"ERBIN",101.407779619872,1.26049513447354,0.187018089190677,6.73996371114873,1.58426194349861e-11,8.94133067649948e-09,"ERBIN","COPs"
"DPH6-DT",3.12746830075184,-2.26276130435268,0.341872587773989,-6.61872693299582,3.62305394987113e-11,1.89873905930032e-08,"DPH6-DT","COPs"
"MIDN",4.89467592490268,1.91689728189725,0.291077085771743,6.5855313784488,4.53261350478732e-11,2.2170523523083e-08,"MIDN","COPs"
"AZGP1",5.08349689423326,2.62748555596821,0.402692205132538,6.52479864889223,6.8092945465958e-11,3.12248713052334e-08,"AZGP1","COPs"
"SPP1",54.3776376485692,1.0831753845615,0.166821842198417,6.4930069725113,8.41397932736469e-11,3.63137448969851e-08,"SPP1","COPs"
"APP",57.6271023968298,-0.54459271602217,0.0844175938563993,-6.45117553277534,1.10985858108684e-10,4.52390689413007e-08,"APP","COPs"
"AUTS2",61.3149447367685,-0.929593233230048,0.145044806669673,-6.40900735830631,1.46470126023181e-10,5.65605955069513e-08,"AUTS2","COPs"
"UNC80",5.79537122942152,-4.92047170002676,0.770384257504563,-6.38703562812304,1.69132244437518e-10,5.71166911117426e-08,"UNC80","COPs"
"TENM3",6.67171319921786,-2.82791111408228,0.442783938212748,-6.38666146178847,1.69546406764737e-10,5.71166911117426e-08,"TENM3","COPs"
"GRIA4",21.9874056195048,-1.25113954924306,0.195946165646647,-6.38511881625317,1.71264441114671e-10,5.71166911117426e-08,"GRIA4","COPs"
"ST6GALNAC5",4.09045883736459,-3.72475789508601,0.591990810874018,-6.29191843296818,3.13566249582795e-10,1.00027633616912e-07,"ST6GALNAC5","COPs"
"SPG7",7.90622534743258,1.45383713397105,0.231421883610741,6.28219384998373,3.33828221658645e-10,1.02054069262895e-07,"SPG7","COPs"
"IRAK2",3.5051264699386,2.58424567728747,0.415264641639386,6.22312958571516,4.87334536442978e-10,1.43022939755285e-07,"IRAK2","COPs"
"NTM",51.396006638694,-0.6815482957704,0.110447784387653,-6.17077381451383,6.79565787038340e-10,1.91768237673088e-07,"NTM","COPs"
"OXR1",14.6994337355683,-2.49112937474046,0.405099202961759,-6.14943045191728,7.77616743821608e-10,2.11310149978486e-07,"OXR1","COPs"
"GTDC1",15.6412415601086,-1.15253742930091,0.188590700419688,-6.11131634134693,9.88126741014373e-10,2.58924496386516e-07,"GTDC1","COPs"
"FMN2",7.32313424980399,-3.32866007395993,0.546335980164422,-6.09269789069751,1.11023468187777e-09,2.80889374515076e-07,"FMN2","COPs"
"CARNS1",15.7596771360893,-1.0527151845612,0.174199519758597,-6.04315778837987,1.51126723609646e-09,3.57912608792127e-07,"CARNS1","COPs"
"MIR100HG",27.1833318949171,-0.793046875788689,0.131232791796721,-6.04305421633576,1.51223809084857e-09,3.57912608792127e-07,"MIR100HG","COPs"
"PBX1",16.6239482331026,-1.01316952335722,0.167813553315015,-6.03747136833059,1.56547927889166e-09,3.58935045913378e-07,"PBX1","COPs"
"SLC6A15",5.224011999076,1.89649644845867,0.314432505721864,6.03148979175913,1.62454988953037e-09,3.61191592105586e-07,"SLC6A15","COPs"
"ENSG00000286279",6.34613482144905,-1.4695626125599,0.244335061792696,-6.01453840385275,1.80399997761727e-09,3.89292583405234e-07,"ENSG00000286279","COPs"
"GABRG3",2.32301768946915,-3.57529235481138,0.598168869467409,-5.97706189222904,2.27197898549877e-09,4.76271709045842e-07,"GABRG3","COPs"
"ARHGAP17",4.70001583752709,1.57572664943491,0.26428577535017,5.9622075662117,2.48852750666e-09,5.07175731010122e-07,"ARHGAP17","COPs"
"ADD1",19.9346106779001,1.0857841685862,0.182574347217673,5.94707956037045,2.72968754489394e-09,5.41289662618564e-07,"ADD1","COPs"
"TRIM47",1.63988975509612,3.22823523008543,0.544395955087809,5.92993977988819,3.03045801899093e-09,5.85117644350959e-07,"TRIM47","COPs"
"PHLDA3",4.89745725139027,1.60747022083694,0.273274106018284,5.88226321278091,4.04694073120372e-09,7.61343696021581e-07,"PHLDA3","COPs"
"PDE4D",20.8272789345685,-2.05358823878466,0.351623569613633,-5.84030314304913,5.2105922208588e-09,9.55752878111026e-07,"PDE4D","COPs"
"MRPS25",5.5187166201798,1.59068899085699,0.272641649601695,5.83435800502543,5.39980701063274e-09,9.6630204968323e-07,"MRPS25","COPs"
"ABCA6",4.42441700194257,3.21115497804207,0.551085873335946,5.82695934229569,5.6446356978861e-09,9.86064097985484e-07,"ABCA6","COPs"
"MCAM",5.40579478535685,1.46770857505752,0.254000395711689,5.7783712145216,7.54272461345302e-09,1.28699931369546e-06,"MCAM","COPs"
"ITPKB",25.0931682857646,1.52248973139065,0.264426946374621,5.75769509221537,8.52701948174112e-09,1.39028315416744e-06,"ITPKB","COPs"
"CNTNAP2",53.0758687489037,-1.61910846576896,0.281171497431657,-5.75843739695739,8.48961403354784e-09,1.39028315416744e-06,"CNTNAP2","COPs"
"CCSER1",12.7226184495959,-4.4129255728231,0.767464981232713,-5.75000251573042,8.92421211627529e-09,1.42341183254591e-06,"CCSER1","COPs"
"ZNF146",10.3323910184839,1.16387919975896,0.202892731324526,5.73642629857124,9.66950983643063e-09,1.50947220574237e-06,"ZNF146","COPs"
"GRIN2A",8.44110791991794,-2.64930338055573,0.462984726824276,-5.72222630048283,1.05137134877396e-08,1.60706491374052e-06,"GRIN2A","COPs"
"RIMS1",6.43923557232494,-3.42621761218363,0.600815953497366,-5.70260758263746,1.17988396254667e-08,1.75004728785993e-06,"RIMS1","COPs"
"ENSG00000290853",3.15724572944201,-3.50333108118006,0.614535595012537,-5.70077813166964,1.19261775102898e-08,1.75004728785993e-06,"ENSG00000290853","COPs"
"PAK2",7.09169021594984,1.2606478237329,0.222158174276606,5.67455070171436,1.39053129232215e-08,2.00045648858189e-06,"PAK2","COPs"
"ISG20",1.76164229030224,2.71029796805862,0.479003559980935,5.65820005213844,1.52968770233053e-08,2.15833051384598e-06,"ISG20","COPs"
"CMTM5",7.37981962052164,-1.59483831984162,0.282028082696402,-5.6548918979761,1.55944390848623e-08,2.15879999180443e-06,"CMTM5","COPs"
"DPP6",17.6977106839821,-1.76684814424802,0.315534214670612,-5.59954534912304,2.14914708197426e-08,2.92005410008244e-06,"DPP6","COPs"
"TMTC4",15.2827912807317,1.41184273853507,0.253571894484674,5.56782028782926,2.57945652599692e-08,3.39091424367362e-06,"TMTC4","COPs"
"MAFF",0.994963670099339,3.47947450482229,0.624991482700288,5.5672350762112,2.58813135676329e-08,3.39091424367362e-06,"MAFF","COPs"
"MAN2A1",65.6135478029257,-0.677215214577144,0.122545364895287,-5.52624095701877,3.27164727029074e-08,4.21124140739002e-06,"MAN2A1","COPs"
"NALF1",19.157262167028,-3.22125144067447,0.583848401343529,-5.5172737191056,3.44298966233196e-08,4.35538192284992e-06,"NALF1","COPs"
"DPP10",29.1694355039048,-2.05882684598066,0.374495090265198,-5.49760704345338,3.8497962583761e-08,4.78745002503482e-06,"DPP10","COPs"
"LRMDA",4.77802509009284,-2.24685168115915,0.410743748222272,-5.47020299367593,4.49520420794906e-08,5.49688554562038e-06,"LRMDA","COPs"
"NRXN1",30.1622231170529,-2.81273160971225,0.515637207873293,-5.45486548830164,4.90099309319994e-08,5.89485021718163e-06,"NRXN1","COPs"
"PRPF4B",7.07457454070882,1.11068263396477,0.204331837500648,5.43568074143732,5.45876193038537e-08,6.45982843278024e-06,"PRPF4B","COPs"
"SCN1A",3.53349130296277,-4.25249492544405,0.782899616477856,-5.4317243691795,5.58120837829821e-08,6.49989299548794e-06,"SCN1A","COPs"
"FKBP5",10.878841335508,2.31964997095616,0.427762753313554,5.42274883212151,5.86894314740421e-08,6.72819310507885e-06,"FKBP5","COPs"
"GRM3",30.8044946528149,-0.954290065235773,0.176220112603825,-5.41533001616672,6.11757660920037e-08,6.90533224333894e-06,"GRM3","COPs"
"SH3BP5",5.4988406527556,2.05366227166922,0.38029102599211,5.40023858388873,6.65523267164956e-08,7.39840031998376e-06,"SH3BP5","COPs"
"MPHOSPH8",17.4738632250121,1.03915754039777,0.192863949162991,5.38803412927922,7.12325277828761e-08,7.80049337825316e-06,"MPHOSPH8","COPs"
"ENSG00000242880",4.33276208068756,-2.24735956613809,0.418328508996831,-5.37223621580885,7.7766143028555e-08,8.28474830368058e-06,"ENSG00000242880","COPs"
"ADGRL3",42.9795348028585,-1.18221011006296,0.220073151974133,-5.37189611480601,7.79129934515415e-08,8.28474830368058e-06,"ADGRL3","COPs"
"PTPRR",2.96729513312786,-4.20713487006481,0.783674731825693,-5.36847074329375,7.94070691009999e-08,8.32299522848623e-06,"PTPRR","COPs"
"LINC01505",9.7668963560179,-2.07015368299419,0.386067509566899,-5.36215462761045,8.22350972397896e-08,8.49801279504699e-06,"LINC01505","COPs"
"INPP4B",5.28433639641931,-3.23432089365988,0.604857020184116,-5.34724866494129,8.9301290018524e-08,9.10004951202654e-06,"INPP4B","COPs"
"SLC35D2",7.72106067758009,1.4875668206694,0.278436168095339,5.34257754962368,9.16341479019609e-08,9.20985949529709e-06,"SLC35D2","COPs"
"LINC01010",2.02038445351506,3.1322127012953,0.587200896738784,5.33414154966569,9.59976181075076e-08,9.51803410884842e-06,"LINC01010","COPs"
"AK5",28.4214906086246,-0.90828579847957,0.170604603071888,-5.32392316575917,1.01552815242228e-07,9.93457340576305e-06,"AK5","COPs"
"RALYL",14.9257252606954,-3.45693431078839,0.651229627689451,-5.30831854664463,1.10641155184739e-07,1.06812388893478e-05,"RALYL","COPs"
"FTX",34.1316281988936,-1.05563541490121,0.199002973094523,-5.30462132543017,1.12907128977383e-07,1.07584364325592e-05,"FTX","COPs"
"ADSS2",7.24817876033278,1.2135751320906,0.229152355234128,5.29593130670937,1.18411348764805e-07,1.11382572549663e-05,"ADSS2","COPs"
"PDK4",7.58427342835063,1.91386419147216,0.361773665610455,5.29022528005933,1.22165791505368e-07,1.1345954585758e-05,"PDK4","COPs"
"L3MBTL1",5.39058347398383,1.60274335707557,0.303941344406428,5.27319953856751,1.34065661275552e-07,1.2295496959734e-05,"L3MBTL1","COPs"
"CCP110",21.6324996519241,1.05993792973889,0.201181874202336,5.26855579778959,1.37501248335442e-07,1.24373980988805e-05,"CCP110","COPs"
"ENSG00000289591",11.6191167546557,-1.21363593572761,0.230441835075664,-5.26656080190093,1.39003222585281e-07,1.24373980988805e-05,"ENSG00000289591","COPs"
"SAMD4B",7.23557220015869,1.37634574912662,0.261612430221572,5.26101052599421,1.43265831385333e-07,1.26643542755926e-05,"SAMD4B","COPs"
"KCNH1",5.67974457125091,-2.1973187464791,0.418489343630681,-5.25059665179491,1.51607329225638e-07,1.32421782681965e-05,"KCNH1","COPs"
"ADGRV1",7.08780737812446,-2.41002988439913,0.461765701796316,-5.21916174160157,1.79734752263234e-07,1.52856254274198e-05,"ADGRV1","COPs"
"TENM2",19.9828423951128,-3.83192738371894,0.733948910976333,-5.22097291298045,1.77985575687674e-07,1.52856254274198e-05,"TENM2","COPs"
"PRTFDC1",5.12677266576471,-1.16519413928911,0.223319773507513,-5.21760398100131,1.8125247542395e-07,1.52856254274198e-05,"PRTFDC1","COPs"
"SH3PXD2B",8.35605200031729,1.87867241037157,0.361052258235674,5.20332546748755,1.95753594998992e-07,1.6320955983041e-05,"SH3PXD2B","COPs"
"MIR4458HG",5.21175988799271,2.20407157845196,0.423827059317458,5.20040315972617,1.98856708438341e-07,1.63933895484507e-05,"MIR4458HG","COPs"
"NPTX2",2.53051183063446,3.42870292763073,0.659780313278144,5.19673421384019,2.02820020294141e-07,1.65343387655345e-05,"NPTX2","COPs"
"LIMCH1",47.7241368422125,-0.56865353930071,0.109603715797158,-5.18826880242919,2.12258070242366e-07,1.71135984765741e-05,"LIMCH1","COPs"
"SYT1",30.6973566364254,-3.0539041913199,0.5914278703402,-5.16361224161323,2.42229221003365e-07,1.93177803750184e-05,"SYT1","COPs"
"CDH19",35.7109484274376,1.13554019463641,0.220018356102288,5.16111571212946,2.45482379965265e-07,1.93667120624209e-05,"CDH19","COPs"
"S100A6",14.6121016286445,1.98396309976948,0.38489926450744,5.15449958655645,2.54309121862553e-07,1.94581372227537e-05,"S100A6","COPs"
"DIRC3-AS1",3.17474667410111,-3.50559320147748,0.680113722957636,-5.1544220961056,2.54414298441644e-07,1.94581372227537e-05,"DIRC3-AS1","COPs"
"DLGAP1",18.1005778117844,-3.13545817637166,0.608320416956758,-5.15428726206069,2.54597406758124e-07,1.94581372227537e-05,"DLGAP1","COPs"
"ROBO2",16.3907848520599,-4.13679384520358,0.803212567319699,-5.15031015887608,2.60056041722079e-07,1.95157543821365e-05,"ROBO2","COPs"
"SPTLC1",4.83561109776093,1.34400116865576,0.260983792750802,5.14974954762449,2.60834521880505e-07,1.95157543821365e-05,"SPTLC1","COPs"
"PLXDC2",42.9872196577556,-0.514176672133209,0.0998796446269203,-5.14796257089029,2.63331018649518e-07,1.95157543821365e-05,"PLXDC2","COPs"
"ENTPD4",2.50011883014983,1.91469260845457,0.372238790254516,5.1437213385134,2.69348973482533e-07,1.97621341844134e-05,"ENTPD4","COPs"
"SLC6A6",3.26499609907636,2.74141624255758,0.533602100018599,5.13756644222732,2.78319079043472e-07,2.0019873362176e-05,"SLC6A6","COPs"
"MYO5A",15.9807446387002,-0.708739495416078,0.137927137548612,-5.13850651882254,2.76930589106645e-07,2.0019873362176e-05,"MYO5A","COPs"
"GMPS",1.98731145800505,2.78498919825927,0.542279381641001,5.13570917970653,2.81082038836429e-07,2.00223196013872e-05,"GMPS","COPs"
"GABRB2",3.59298749827009,-3.49013886428802,0.681012634944311,-5.12492527333715,2.97655775942251e-07,2.09990425777721e-05,"GABRB2","COPs"
"TMEM108",3.77148094888142,-2.37637899718584,0.464706382669493,-5.11372145038076,3.1587304977814e-07,2.20720053925925e-05,"TMEM108","COPs"
"KCNMB4",20.1185296624378,1.22630455367965,0.240324922361532,5.10269405948196,3.34852092813413e-07,2.3177450990302e-05,"KCNMB4","COPs"
"IFT80",9.09860905280163,-1.27716381252283,0.25118086800944,-5.08463810418406,3.6832768307199e-07,2.52562636513943e-05,"IFT80","COPs"
"ENSG00000275119",1.65637661355954,2.72548901147549,0.537836624808321,5.06750356104295,4.03066965160977e-07,2.73017586737571e-05,"ENSG00000275119","COPs"
"ARG2",1.37096836048538,2.70888613043047,0.534686188609046,5.06631027346615,4.05600612708127e-07,2.73017586737571e-05,"ARG2","COPs"
"PRKCB",7.43994208526021,-1.96603746676129,0.389424770498427,-5.04856808221249,4.45133839887731e-07,2.94229457951017e-05,"PRKCB","COPs"
"TMEM98",6.45155141290776,-1.3914665717817,0.275608038595662,-5.04871548330667,4.4479058107968e-07,2.94229457951017e-05,"TMEM98","COPs"
"DGUOK",2.89287637040455,1.90257513598861,0.377210189074187,5.04380632097514,4.56361240668977e-07,2.96311718830822e-05,"DGUOK","COPs"
"LSAMP",80.5298164999375,-1.10951774075162,0.219952921891132,-5.04434190376786,4.55084924572041e-07,2.96311718830822e-05,"LSAMP","COPs"
"RABL2A",1.57422462500283,2.3983338851688,0.476092970311391,5.03753265585955,4.71571125275219e-07,3.03501521591603e-05,"RABL2A","COPs"
"CD63",19.7657797745656,0.766459216814536,0.152558458630751,5.0240361871357,5.05966972007119e-07,3.22806928140542e-05,"CD63","COPs"
"NIM1K",2.57689294621845,2.31303713183979,0.461962733390923,5.00697775957277,5.52913127810698e-07,3.47038093663838e-05,"NIM1K","COPs"
"PTPRD",136.9130190496,-0.614936258731667,0.122820071347965,-5.00680590706931,5.5340680058156e-07,3.47038093663838e-05,"PTPRD","COPs"
"MEF2C",9.94392944163307,-3.08539376254945,0.617100294917499,-4.99982545456723,5.73822370496663e-07,3.56791079011358e-05,"MEF2C","COPs"
"ZNF717",3.71681126913131,-1.62737354142744,0.326414080478727,-4.98561072806876,6.17663928299607e-07,3.80823549742371e-05,"ZNF717","COPs"
"HMGN3",11.4575715014683,1.22916678856715,0.246742159428411,4.98158397987022,6.30659038752318e-07,3.85595447277147e-05,"HMGN3","COPs"
"ZNF24",7.79606595044059,1.3752697215558,0.276550755586523,4.97293785597894,6.59458055493877e-07,3.9987138455856e-05,"ZNF24","COPs"
"NAA25",6.89976368141702,1.56875415445703,0.316084506871707,4.9630846193096,6.93823349770168e-07,4.17260812890469e-05,"NAA25","COPs"
"SPATA13",12.1948807376184,1.46912089322264,0.296565573062447,4.95378097346885,7.27851315890475e-07,4.34166268673855e-05,"SPATA13","COPs"
"RBFOX1",37.8874445474004,-3.1432783659382,0.63562886157456,-4.94514732724968,7.6086299513443e-07,4.50197725427526e-05,"RBFOX1","COPs"
"FGF12",9.43334407882189,-2.15560062649415,0.436151850389389,-4.94231682055152,7.71996281158317e-07,4.53130937188686e-05,"FGF12","COPs"
"POT1-AS1",4.88257582062541,-1.5193141396024,0.307620648077011,-4.93892119758505,7.85559472371459e-07,4.57432527681698e-05,"POT1-AS1","COPs"
"CTNND2",39.6065937904616,-0.602994057647974,0.122194378028376,-4.9347119513792,8.02691353096765e-07,4.63728067533147e-05,"CTNND2","COPs"
"NES",1.93680157643617,2.8550895268305,0.580127673858961,4.92148479633575,8.58900757290433e-07,4.88508128390691e-05,"NES","COPs"
"ZNF385D",4.14195810491758,-3.12352477301545,0.634669814862655,-4.92149571299746,8.58852840007057e-07,4.88508128390691e-05,"ZNF385D","COPs"
"GALNT6",1.65268767876002,2.75763298994301,0.562760086674415,4.90019291566859,9.57425970330847e-07,5.40356488024417e-05,"GALNT6","COPs"
"CTSD",12.0270411343036,1.80618921648671,0.369067492652108,4.8939265918748,9.88437205225948e-07,5.53600288148304e-05,"CTSD","COPs"
"ADAMTS18",10.5168914017617,2.60270070858379,0.532115936936238,4.89122863631816,1.00208479034923e-06,5.56992129302444e-05,"ADAMTS18","COPs"
"ENSG00000273507",11.4104858560771,-1.11670974656818,0.228639639601279,-4.88414759800879,1.03877243393197e-06,5.73043108854049e-05,"LOC105370169","COPs"
"GADD45B",2.55866502787923,2.8110057705705,0.576221125024652,4.87834556647023,1.06979377055518e-06,5.85752007056965e-05,"GADD45B","COPs"
"KHDRBS2",7.31214341984038,-2.65932494542424,0.545523065448588,-4.87481669219147,1.08909537432158e-06,5.91903167510922e-05,"KHDRBS2","COPs"
"CCK",4.21917363950076,-2.27917159664754,0.467874055692987,-4.87133571292336,1.10846310869714e-06,5.97999546214038e-05,"CCK","COPs"
"TEX14",1.23981398165309,2.67732830582117,0.549942450674701,4.86837905045605,1.12517353923636e-06,6.0258381440709e-05,"TEX14","COPs"
"TSG101",3.46253902613089,1.4497448093542,0.298487434701163,4.85697098373888,1.19195052869661e-06,6.33720364423699e-05,"TSG101","COPs"
"FAT3",3.52184818091138,-3.68949652948303,0.760323652450165,-4.85253420381376,1.21893752722573e-06,6.43406089011164e-05,"FAT3","COPs"
"TMEM87A",14.0908624828624,0.85330730921203,0.175944061689786,4.84987842736363,1.23537167792905e-06,6.47423000068959e-05,"TMEM87A","COPs"
"PABPC1",7.33312715707682,1.01482106701236,0.209395553451263,4.84643083525919,1.25702382740911e-06,6.4949181842962e-05,"PABPC1","COPs"
"RELA",3.54524471662051,3.38141894191051,0.697630879102479,4.84700296847639,1.2534055294757e-06,6.4949181842962e-05,"RELA","COPs"
"NUP58",4.97949478829649,1.33955097711046,0.277156819864373,4.83318786009298,1.34363882920571e-06,6.89390076215545e-05,"NUP58","COPs"
"CARD19",4.05954958731304,1.59709333036857,0.331320303038158,4.82039076906383,1.43277290347358e-06,7.25775164788452e-05,"CARD19","COPs"
"SPTSSA",3.80155575185232,1.4696931487664,0.304904651210206,4.82017293909096,1.43433827033291e-06,7.25775164788452e-05,"SPTSSA","COPs"
"ENSG00000290737",1.71164425951354,2.07045401123067,0.430830423937619,4.80572841701276,1.54189086881822e-06,7.74852966062963e-05,"ENSG00000290737","COPs"
"HS6ST3",5.55440164648688,-4.20435573298801,0.876953823336689,-4.79427265279603,1.63266099090099e-06,8.14886645594596e-05,"HS6ST3","COPs"
"DAZAP2",5.19281331233411,1.30648411341805,0.273357471469462,4.77939785729986,1.7582096675411e-06,8.71620562888448e-05,"DAZAP2","COPs"
"ERC2",10.5874302562991,-2.44521969084959,0.512043903885018,-4.77541021833681,1.79341291414556e-06,8.83105406113153e-05,"ERC2","COPs"
"ACAT2",1.6251364212148,2.18124711233267,0.457229358342823,4.77057536339827,1.83700438268176e-06,8.96964375133485e-05,"ACAT2","COPs"
"CBFB",8.54603024634433,0.885500590011344,0.185655475992385,4.76959047546577,1.84600818652251e-06,8.96964375133485e-05,"CBFB","COPs"
"SLC4A10",5.28986678184497,-3.72440169564524,0.783698361338216,-4.75234079765789,2.01075080704264e-06,9.70584123109992e-05,"SLC4A10","COPs"
"GABRB1",9.8822396251229,-2.16140738660011,0.455575886780873,-4.74434106219437,2.09186146251417e-06,0.000100066036495181,"GABRB1","COPs"
"NRG1",4.89482421657264,-4.33339501088982,0.913539476408809,-4.74352244516538,2.10033659809976e-06,0.000100066036495181,"NRG1","COPs"
"AGBL4",6.82204863850442,-4.13397225899568,0.872094325867926,-4.74028110993781,2.13421906666238e-06,0.000101024292207109,"AGBL4","COPs"
"BCL2",11.9416542648804,1.06388297344541,0.224684886423259,4.73500016125374,2.19054924875295e-06,0.000103026024603208,"BCL2","COPs"
"CTNND1",4.83374626500854,1.24963144232452,0.264143623125804,4.73087870733626,2.23550067550609e-06,0.000104470499720944,"CTNND1","COPs"
"PPP1R9A-AS1",2.60687060366092,-1.70797590193181,0.361161537061779,-4.72911904137691,2.25496145792172e-06,0.000104712988713745,"PPP1R9A-AS1","COPs"
"PACS2",12.2267673183341,1.33106362174154,0.281966754016212,4.72064029812895,2.35103379022887e-06,0.000108487640999429,"PACS2","COPs"
"ZNF430",1.75864159038781,2.01980457989032,0.428014064329988,4.71901450960989,2.36989918214584e-06,0.000108674689371275,"ZNF430","COPs"
"STXBP5L",9.21116893712135,-3.56314169946434,0.755896156968037,-4.71379787635963,2.43141853636036e-06,0.000110730904940509,"STXBP5L","COPs"
"GRID2",21.0256322492163,-2.25763042047243,0.479055522898621,-4.71266964382789,2.44492389264855e-06,0.000110730904940509,"GRID2","COPs"
"MET",2.24814207369628,1.80902865452255,0.384226023759215,4.70824083393221,2.49863786413944e-06,0.000111783573226775,"MET","COPs"
"SF3B2",6.25824166499397,1.39515748192008,0.296276588958202,4.70896970572625,2.4897206779031e-06,0.000111783573226775,"SF3B2","COPs"
"SDHA",3.47118899503004,1.43227974516377,0.30437572479483,4.70563066791619,2.53082339360438e-06,0.000112236936031214,"SDHA","COPs"
"SOX5",7.78689512570482,-2.0031519417416,0.425754755354405,-4.70494320157187,2.53936641422673e-06,0.000112236936031214,"SOX5","COPs"
"VIM",5.42459589904438,-3.2145589652527,0.686226244740909,-4.68440108475651,2.80779719877551e-06,0.000122623857425095,"VIM","COPs"
"DAZAP1",4.80398532789224,1.62827885652238,0.347551000890787,4.68500695537932,2.79950425638688e-06,0.000122623857425095,"DAZAP1","COPs"
"MTCH1",12.6507433241674,0.810197091392159,0.173052747013796,4.68179272142712,2.84376951989281e-06,0.000123459982055938,"MTCH1","COPs"
"FANCB",3.86135864281599,2.11778098023239,0.452957148544299,4.67545547528824,2.9330191025916e-06,0.000126585653857144,"FANCB","COPs"
"TRPM3",6.96246520760619,-2.26860575955141,0.486053428059349,-4.66739997824766,3.05035159511133e-06,0.00013087970557504,"TRPM3","COPs"
"ZFPM2",9.33743535294676,-1.29077767300781,0.276837678160443,-4.66257946383922,3.12270448568947e-06,0.000131674039146573,"ZFPM2","COPs"
"MYRF",33.7191469329251,0.781596479093638,0.167609277225574,4.6632053549264,3.11321809864765e-06,0.000131674039146573,"MYRF","COPs"
"LACTB",1.69570650559347,2.065112040893,0.442879379381272,4.66292208903038,3.11750801989928e-06,0.000131674039146573,"LACTB","COPs"
"RSRC2",4.46409534715352,1.30383572562627,0.279857133332101,4.65893332823871,3.17852120533368e-06,0.000132693148440612,"RSRC2","COPs"
"LDLRAD4",11.4089064773761,-0.806800980195531,0.173183779011964,-4.65864057707041,3.18304404055442e-06,0.000132693148440612,"LDLRAD4","COPs"
"CADPS",6.97254991187816,-4.28607056910171,0.921589217117295,-4.65073862572787,3.30748296929543e-06,0.000135569846624137,"CADPS","COPs"
"EPHA6",6.90345994060607,-3.02432053111728,0.650211036400484,-4.65129067611597,3.29863989248395e-06,0.000135569846624137,"EPHA6","COPs"
"IMMP2L",17.5193512615466,-0.889783343282819,0.191257760897714,-4.65227313708164,3.2829582945863e-06,0.000135569846624137,"IMMP2L","COPs"
"ATG4B",8.54718403945317,1.28337344574093,0.276324084392041,4.6444501881353,3.40983303010972e-06,0.000138988583010639,"ATG4B","COPs"
"PPM1B",14.8811560428512,0.916791320870354,0.197784979162727,4.63529295678247,3.56432323626879e-06,0.000143689228486286,"PPM1B","COPs"
"SLC1A2",12.3129415984137,-2.11469795951115,0.456120125482068,-4.63627417728202,3.54745356664602e-06,0.000143689228486286,"SLC1A2","COPs"
"NRG3",26.5404181149143,-2.49928866352358,0.540184575284931,-4.62673089509319,3.71482682688566e-06,0.000148365988913415,"NRG3","COPs"
"PHF21A",11.4154079821797,0.725868836815153,0.156897145264505,4.62639926042916,3.72077715143361e-06,0.000148365988913415,"PHF21A","COPs"
"SLC8A1",6.82225435265038,-3.33493771426477,0.721287576377443,-4.62358956882911,3.77155773007085e-06,0.000148773758416827,"SLC8A1","COPs"
"ZBTB38",6.60687161577219,1.14449736152263,0.247526102206548,4.62374412767025,3.76874714897552e-06,0.000148773758416827,"ZBTB38","COPs"
"SUMF2",1.93462606408106,2.04673915594312,0.443137125554952,4.61874900095527,3.86060508813168e-06,0.000151471976104931,"SUMF2","COPs"
"CLDN11",32.5179028970653,0.69221751248411,0.150178895676786,4.60928620739025,4.04053786505245e-06,0.000157688437850478,"CLDN11","COPs"
"GTF2IRD2B",2.45382911399662,1.80448789647896,0.392007344387449,4.6031992061237,4.1604992666797e-06,0.000161511021796979,"GTF2IRD2B","COPs"
"STXBP5",11.0740503784607,-1.40060952040986,0.304483626791939,-4.59995020148302,4.22591951948346e-06,0.000162692904027151,"STXBP5","COPs"
"INF2",11.1416500905565,1.95936689948232,0.425996682561967,4.59948863380482,4.23529299021206e-06,0.000162692904027151,"INF2","COPs"
"FOS",4.48989741589247,1.95286761141111,0.424906799010512,4.59599049946668,4.30698323572816e-06,0.000163732310883614,"FOS","COPs"
"PLCB1",10.8531417132625,-2.89036544360631,0.628802201841386,-4.59662106007605,4.29397529327247e-06,0.000163732310883614,"PLCB1","COPs"
"SEMA6D",6.8216683054816,-1.0007052474042,0.217813125703792,-4.59432940127343,4.34143130594814e-06,0.000164191141710008,"SEMA6D","COPs"
"POMT1",2.1746288174804,1.69407285841452,0.368874791981605,4.59254168416853,4.37880011167068e-06,0.000164755161124758,"POMT1","COPs"
"GABRB3",4.34253413687395,-4.76532863374507,1.03866359307729,-4.58794229961084,4.47636314126521e-06,0.000167566716160525,"GABRB3","COPs"
"NFKBIB",1.70053722254524,2.16788651903118,0.473930241713692,4.57427344410917,4.7787538894913e-06,0.000177978260341105,"NFKBIB","COPs"
"LUZP2",4.89697242465323,-2.17699055606575,0.476384080270999,-4.56982222165637,4.88138116193412e-06,0.000180882290833892,"LUZP2","COPs"
"CNTN5",7.08746023817385,-3.83040218039968,0.838920174700847,-4.56587205304196,4.97422107555021e-06,0.000183396281564381,"CNTN5","COPs"
"ENOX2",12.2704019022157,0.979751696534228,0.21482170503005,4.56076678284057,5.09671630153425e-06,0.000186973037521784,"ENOX2","COPs"
"FANCI",1.69220484839517,3.38197123945125,0.743606701558844,4.54806449748439,5.4141544344983e-06,0.000197630104905045,"FANCI","COPs"
"RNF216P1",3.05051672846629,1.53311863097281,0.337350857185549,4.54458199324974,5.50443780287257e-06,0.000198946109160966,"RNF216P1","COPs"
"CALN1",3.65973761359836,-2.10985241048075,0.46419603277509,-4.5451754463895,5.48895141895352e-06,0.000198946109160966,"CALN1","COPs"
"NFASC",38.2635250230018,0.649618441441499,0.143042737425278,4.54142903816313,5.58741932167236e-06,0.000200955370407402,"NFASC","COPs"
"ZMAT1",6.67804372428629,-0.974238486339258,0.21488156659751,-4.53383927605146,5.79211095140231e-06,0.000207301063660677,"ZMAT1","COPs"
"KPNA1",5.38379937338604,1.07522615733209,0.237612911329467,4.5251167174212,6.03621833552984e-06,0.000213950405448224,"KPNA1","COPs"
"PPP3CA",19.4088652958084,-1.39799416323611,0.308919488332527,-4.52543208193873,6.0272236043706e-06,0.000213950405448224,"PPP3CA","COPs"
"RGS7",7.38963460273704,-2.51390756283816,0.555744093176044,-4.52349848375596,6.08257554952193e-06,0.00021455700387905,"RGS7","COPs"
"CDH18",6.89844339455704,-3.00872027680146,0.665293845638204,-4.52239306965969,6.11443776879102e-06,0.000214648946935979,"CDH18","COPs"
"OSBPL6",3.4849836271162,-3.27911565114205,0.726757761909159,-4.51197885046039,6.42255936516222e-06,0.000224391990772358,"OSBPL6","COPs"
"EPB41L3",8.2372787643,-1.44549975076519,0.320494792041987,-4.5102129165825,6.47625911506534e-06,0.000225195796811537,"EPB41L3","COPs"
"LINC03051",15.1296020657217,-1.62736639990386,0.361385431032683,-4.50313227972015,6.69591769812261e-06,0.000231735604486441,"LINC03051","COPs"
"FAM13C",14.3252237621003,-0.940746440114039,0.209434250230776,-4.49184619553597,7.06084092932784e-06,0.000243217792950603,"FAM13C","COPs"
"MACROD2",11.536127436247,-1.96346846997517,0.437479230498716,-4.48814099754373,7.184737314552e-06,0.000246329054564804,"MACROD2","COPs"
"CNKSR2",3.41322190741192,-3.43583211147051,0.766638811177289,-4.48168297949105,7.40566979057899e-06,0.000252722787225479,"CNKSR2","COPs"
"GOLGA4",20.2297143492808,1.0660368480622,0.238930922629592,4.46169477073023,8.13139921048697e-06,0.00027493122584029,"GOLGA4","COPs"
"HSP90AB1",29.8164535889468,1.26991644988261,0.284600263526906,4.46210567110929,8.11581843105311e-06,0.00027493122584029,"HSP90AB1","COPs"
"NR4A1",1.5473054866671,2.52577480813202,0.566590330743318,4.45785018042651,8.27857277718624e-06,0.000278623341588144,"NR4A1","COPs"
"CADPS2",4.8994556917284,-3.41758032159809,0.770256604147249,-4.43693738320062,9.12478225443168e-06,0.000305701038359659,"CADPS2","COPs"
"ESRRA",1.35041107858411,2.44425025064547,0.551327072379986,4.43339421025354,9.27610331187754e-06,0.000309358045451116,"ESRRA","COPs"
"USP32",13.1763434375342,0.76828214723955,0.173379035333146,4.43122864170576,9.36976727304468e-06,0.000311067794037687,"USP32","COPs"
"TANC1",11.4385525519181,1.05371438466936,0.238002434781323,4.42732607184257,9.54084488833381e-06,0.000315320625881555,"TANC1","COPs"
"CLASRP",5.94040279701335,1.08168930524251,0.244597586087665,4.42232207825154,9.76457508654392e-06,0.000321267656546963,"CLASRP","COPs"
"LINGO2",11.4090328258048,-4.00194553640666,0.905231737338566,-4.42090723439791,9.8287364902987e-06,0.000321934998345186,"LINGO2","COPs"
"ZNF333",3.00999014109809,1.68377817530385,0.381795381345687,4.41015857596066,1.03294949044566e-05,0.000336833351617768,"ZNF333","COPs"
"MAP3K2",9.50873805818691,1.10882455429804,0.251554449393567,4.4078908441935,1.04382125180778e-05,0.000338247359408469,"MAP3K2","COPs"
"PCDH9",484.899347455375,-0.534496146867635,0.121274246823508,-4.40733429287336,1.04650607313238e-05,0.000338247359408469,"PCDH9","COPs"
"STK40",2.16087000351995,2.04005499691567,0.463218835678265,4.40408472148706,1.06231424776877e-05,0.000341850861222784,"STK40","COPs"
"CSMD1",25.4004063009397,-2.57759903104978,0.587628491271532,-4.38644325341046,1.15219206423876e-05,0.000369154287131869,"CSMD1","COPs"
"GRM5",6.94517752585994,-3.52863368422247,0.805540823483663,-4.38045295949429,1.18432858730216e-05,0.000377800819349388,"GRM5","COPs"
"SORBS2",3.93172689259402,-4.36064123083148,0.997435426458769,-4.37185316979689,1.23196369136638e-05,0.000391295134353036,"SORBS2","COPs"
"KIF19",4.13537820963109,1.99132702520069,0.455718435535837,4.36964333659067,1.24449630941959e-05,0.000393571957853945,"KIF19","COPs"
"NEGR1",14.7388686506516,-1.72504256616008,0.395007659554145,-4.36711168615611,1.25900357119477e-05,0.000396451038706268,"NEGR1","COPs"
"TIAM1",19.0104580924664,-0.596444031590955,0.136663244649478,-4.36433390060911,1.27510690321966e-05,0.000399805955082163,"TIAM1","COPs"
"ANKRD36",14.2993596405887,-0.803839822387122,0.18455597375412,-4.35553402057883,1.32742897146499e-05,0.000414440270793132,"ANKRD36","COPs"
"GLRA2",1.06624390794403,2.39453615238053,0.550305226558273,4.35128731623443,1.35340563586855e-05,0.000420760048744387,"GLRA2","COPs"
"USP54",31.7773666559355,0.524832383764858,0.120707716018136,4.34796052048574,1.37409330571623e-05,0.000425389138567089,"USP54","COPs"
"SGK3",15.2418005567079,0.65217584680473,0.150961071406637,4.32015910279277,1.55916745456163e-05,0.000477445383721056,"SGK3","COPs"
"FRMD4A",15.478836933654,-2.14229132391619,0.49592471716196,-4.31979139127393,1.56176764471928e-05,0.000477445383721056,"FRMD4A","COPs"
"CRYAB",117.452694506044,1.23683074320743,0.286243410904082,4.32090555133122,1.55390179649646e-05,0.000477445383721056,"CRYAB","COPs"
"PLOD3",6.8909746382738,2.34132601547775,0.542699929877856,4.31421838584852,1.60168558339718e-05,0.000487616893169506,"PLOD3","COPs"
"TMPRSS5",7.13565425173781,2.14066835989283,0.49652016246965,4.31134226099767,1.62266510855642e-05,0.000491962557912334,"TMPRSS5","COPs"
"MICALL2",5.77504418701118,1.90926092655765,0.442955526633215,4.31027679250201,1.63050331595843e-05,0.000492304643176421,"MICALL2","COPs"
"ADGRG1",3.22120735705902,1.59284009122187,0.369647463341911,4.30907891757545,1.63935867350427e-05,0.000492949778176264,"ADGRG1","COPs"
"RAB12",2.65051763044585,1.58683913084898,0.368830722610969,4.30235073590312,1.68995515480128e-05,0.000506089835541919,"RAB12","COPs"
"P4HA1",2.99934283631844,1.52898437907091,0.356452693016969,4.2894454412163,1.79119806784251e-05,0.000534228464380509,"P4HA1","COPs"
"COLGALT2",18.9592301760352,-0.686426887666663,0.160099558982825,-4.28750017818787,1.80695112632239e-05,0.000536744956025399,"COLGALT2","COPs"
"GLUL",40.7442214047367,0.60203756219802,0.140537686156858,4.28381581240827,1.83715016557196e-05,0.000543514950193608,"GLUL","COPs"
"PSMC6",2.72925026046798,1.48938840782022,0.347989154173949,4.27998513734058,1.86905794720026e-05,0.000550734062594711,"PSMC6","COPs"
"ENSG00000271204",1.47626161725908,2.48450509196479,0.581377986068674,4.27347638111519,1.92448678637266e-05,0.000564798382064648,"ENSG00000271204","COPs"
"ITGB5",1.12912607183712,2.90520064681866,0.680143334384047,4.27145353037926,1.94202998666253e-05,0.000567676255463863,"ITGB5","COPs"
"MCTP1",2.9105668281585,-3.55400417062731,0.832263250195075,-4.27028848119184,1.95220290190766e-05,0.000568385424257796,"MCTP1","COPs"
"RPS27L",5.05912467897272,1.10708364851896,0.259311024445794,4.26932734882771,1.96063345024928e-05,0.000568583700572291,"RPS27L","COPs"
"CYB5R2",4.92715074498241,1.81547160668053,0.425488569268255,4.26679290069469,1.98303087577123e-05,0.000572814863603682,"CYB5R2","COPs"
"AMZ1",1.10921850968822,2.42966160141891,0.570716665567107,4.25721158677682,2.06992435041703e-05,0.000595569998392538,"AMZ1","COPs"
"MAGI2",169.683314268617,-0.391780051473821,0.0921487413750737,-4.25160502061723,2.12243940805812e-05,0.000605927546183751,"MAGI2","COPs"
"DYNC1LI2",10.3967918192747,0.916142238185189,0.215458104750894,4.25206672658893,2.11806726583339e-05,0.000605927546183751,"DYNC1LI2","COPs"
"STEAP1B",3.82505712383249,-1.3283419362166,0.312556433570633,-4.2499267125673,2.13840469919745e-05,0.000608119196822157,"STEAP1B","COPs"
"SRSF10",6.75252675473054,1.11787092143266,0.263119514457455,4.24852912843684,2.1517867145172e-05,0.000609562128355703,"SRSF10","COPs"
"S100A1",3.00843591044653,1.30842547147805,0.308065854560762,4.24722653324755,2.16433094526383e-05,0.000610757544053873,"S100A1","COPs"
"DSCAML1",14.3229476458187,-0.964197884649702,0.227265568133939,-4.24260433538903,2.20940767123508e-05,0.000621089045358305,"DSCAML1","COPs"
"CD55",8.55809151638624,1.43667393296873,0.339387946327503,4.23313187317022,2.30459276559354e-05,0.000643102307655949,"CD55","COPs"
"MRPL39",3.02339810441006,1.70082378118305,0.401794566154161,4.23306815087807,2.30524610758504e-05,0.000643102307655949,"MRPL39","COPs"
"LRRTM4",30.4347249213096,-1.51497666742203,0.35820676666151,-4.22933570334705,2.34382376336066e-05,0.000651387687567318,"LRRTM4","COPs"
"XKR4",3.46709077047201,-3.06275832683399,0.724874384303352,-4.2252263194229,2.38700761964401e-05,0.00066088584548408,"XKR4","COPs"
"RNF157",3.63359196748004,1.3471732283723,0.31943968420935,4.21730077684841,2.47244091851533e-05,0.000681966128539359,"RNF157","COPs"
"MLLT3",13.1472450472755,-0.866135727291614,0.205487419882768,-4.21503042758408,2.4974451533337e-05,0.000686282962172634,"MLLT3","COPs"
"RCC2",1.8317358110135,1.80458139334419,0.429340493179463,4.20314743661945,2.63229011543275e-05,0.000700392374327633,"RCC2","COPs"
"AFF3",3.26834853164184,-2.77990726970087,0.660490942003654,-4.20884995223066,2.56673759691299e-05,0.000700392374327633,"AFF3","COPs"
"TKT",3.65869964535649,1.33987042468269,0.318658072039918,4.20472770736793,2.61396657703188e-05,0.000700392374327633,"TKT","COPs"
"HSPA1B",9.51328868416053,3.62994580577458,0.862618989294177,4.20805228127974,2.57581279352847e-05,0.000700392374327633,"HSPA1B","COPs"
"DGKB",4.79051147623342,-3.08487114103943,0.733979349636346,-4.20293996359414,2.63470485640489e-05,0.000700392374327633,"DGKB","COPs"
"DAAM1",4.76342536864158,-1.71195081092914,0.407101578348062,-4.20521781781319,2.60830834321271e-05,0.000700392374327633,"DAAM1","COPs"
"FNTB",3.43729521277486,1.55097983985737,0.368875916480248,4.2046112813668,2.61531240841669e-05,0.000700392374327633,"FNTB","COPs"
"PELP1",2.21612116744109,1.98779598834257,0.472667547578407,4.20548438014529,2.60523582325594e-05,0.000700392374327633,"PELP1","COPs"
"ARHGAP23",8.28017932914451,1.1650060755805,0.277170034250713,4.20321799479483,2.63146938132152e-05,0.000700392374327633,"ARHGAP23","COPs"
"CALD1",10.6295278435286,0.975750528063964,0.232425309230742,4.19812511508925,2.6913393351313e-05,0.000712864862882973,"CALD1","COPs"
"MAPRE2",11.3560010221104,-0.720842269433144,0.172080239620049,-4.18898922400825,2.80199703545762e-05,0.000739505476588221,"MAPRE2","COPs"
"RAB9A",2.69097469340375,1.4763023204244,0.352704016370318,4.18566915006256,2.8432724032776e-05,0.000747709305478414,"RAB9A","COPs"
"M6PR",2.94625515505553,1.56326293696647,0.373977837673033,4.18009512727656,2.91387175711923e-05,0.000755667783401995,"M6PR","COPs"
"PTPRM",15.3046398055769,1.11352744141522,0.26639234656606,4.18002790158647,2.91473330656624e-05,0.000755667783401995,"PTPRM","COPs"
"GNAS",7.83622342209539,-0.902807139276177,0.215884846005673,-4.18189213360744,2.89093124142107e-05,0.000755667783401995,"GNAS","COPs"
"GRIK1",3.62784102444722,-2.50145992525363,0.598396620686849,-4.18027080831843,2.91162141080636e-05,0.000755667783401995,"GRIK1","COPs"
"SMOC1",4.00981769054692,2.25524488576638,0.539834714191205,4.1776581358708,2.94525887290122e-05,0.000760893110932261,"SMOC1","COPs"
"GRHPR",5.3734939462703,1.43029226520463,0.342568267683297,4.17520360212384,2.97719658987343e-05,0.000766445311575487,"GRHPR","COPs"
"SH3GL3",35.7898563441393,-0.695125741154852,0.166634108092797,-4.17156936902584,3.02508932759255e-05,0.000776051762117011,"SH3GL3","COPs"
"BOK",17.4372904057167,2.13807476693238,0.513346221670412,4.16497614412191,3.11385122514472e-05,0.0007960392487417,"BOK","COPs"
"ITGB8",13.2172037109041,0.719864001387076,0.173094624821463,4.15878888284123,3.19939426712903e-05,0.000815067907566865,"ITGB8","COPs"
"UQCRFS1",1.86868116059693,1.93395151117447,0.465539831874579,4.15421276282003,3.26409355864514e-05,0.000828673164006208,"UQCRFS1","COPs"
"CACNA1C",4.65332442742898,-2.74451763975521,0.661770569970883,-4.14723435023102,3.3651556898311e-05,0.000851384389527267,"CACNA1C","COPs"
"GRIK2",11.8829610402605,-1.75083332422205,0.422909154075223,-4.13997499782334,3.47343676494414e-05,0.000872760463849149,"GRIK2","COPs"
"GRB10",5.17094953942401,1.04677846656669,0.252835076521112,4.14016314891846,3.47058898925828e-05,0.000872760463849149,"GRB10","COPs"
"PCGF5",13.5258416235981,0.90046509709275,0.217637524018403,4.13745332361256,3.51181858778243e-05,0.000879392934421831,"PCGF5","COPs"
"MGRN1",5.42037576412724,1.11087363372354,0.268670524202066,4.13470601966019,3.55409298781114e-05,0.00088394509327357,"MGRN1","COPs"
"SHISA9",3.44199716328404,-3.88657302841359,0.939833600909681,-4.13538420487596,3.54361265398686e-05,0.00088394509327357,"SHISA9","COPs"
"ATP2B2",2.7152829061747,-3.16974561224274,0.767047140802318,-4.13240000989671,3.58994953111572e-05,0.000889846611817434,"ATP2B2","COPs"
"CNTN4",3.75429742195604,-2.96490280582047,0.717958711751544,-4.12962856678379,3.63349771029355e-05,0.000897608508431778,"CNTN4","COPs"
"GRIN2B",5.37562452931556,-3.5382882536965,0.857392279392746,-4.12680209367236,3.6784269243369e-05,0.000905658333686572,"GRIN2B","COPs"
"OTULIN",1.18128439900662,2.38377899427168,0.579165510831983,4.11588561419573,3.85695563453171e-05,0.000942281345071304,"OTULIN","COPs"
"SNAP91",4.3703265325816,-2.63339359446059,0.639904600300582,-4.11529092496539,3.8669137180276e-05,0.000942281345071304,"SNAP91","COPs"
"NADSYN1",3.00662785352472,1.38143228568752,0.335689379577564,4.11520998199566,3.86827099507212e-05,0.000942281345071304,"NADSYN1","COPs"
"PKD1L2",1.18391183052467,2.12058960930401,0.51538195985785,4.11459805440008,3.87854662956977e-05,0.000942281345071304,"PKD1L2","COPs"
"RWDD1",3.20037754112599,1.43104834223474,0.348160232521046,4.11031533346713,3.95119164543508e-05,0.000956762148599246,"RWDD1","COPs"
"TGS1",1.40345415694489,2.01339081909328,0.490368865149218,4.105870013751,4.02795952136444e-05,0.000968955377319702,"TGS1","COPs"
"MAX",5.02991796608099,1.36658910375848,0.332813429771405,4.10617175123351,4.02270424535628e-05,0.000968955377319702,"MAX","COPs"
"SYN2",5.21742428687209,-4.02317828787174,0.981295750438478,-4.09986315142406,4.13394513414086e-05,0.000987972490201678,"SYN2","COPs"
"CCNQ",1.45066546536508,2.20851588009524,0.538679153272199,4.09987256176453,4.13377704658205e-05,0.000987972490201678,"CCNQ","COPs"
"NPAT",0.954793607403162,2.19353010586588,0.535606358691814,4.09541460863803,4.21413535041512e-05,0.00100386724240246,"NPAT","COPs"
"UQCRB",7.21325260579062,-0.932916908641046,0.227905577556977,-4.09343605646429,4.25027326694733e-05,0.00100919918963083,"UQCRB","COPs"
"NONO",3.29617882176221,1.39541762251469,0.341414691380303,4.08716337563907,4.36679616982901e-05,0.00103352204832372,"NONO","COPs"
"TAFA2",8.11731469522387,-3.30660003553383,0.809201392078921,-4.08625104689802,4.383994148355e-05,0.0010342561114624,"TAFA2","COPs"
"ZDHHC21",4.68764786363502,-1.08872424707598,0.266935083478125,-4.07861054789075,4.53056581876084e-05,0.00106540901962334,"ZDHHC21","COPs"
"GOLGB1",7.59392997186914,1.11424389449562,0.273382799148707,4.07576445176978,4.58634265735032e-05,0.00107507974686835,"GOLGB1","COPs"
"TRIM56",1.76485885847569,2.02776389685065,0.497853193394457,4.07301574792555,4.64082851372054e-05,0.00108438722309451,"TRIM56","COPs"
"SNRPD2",5.46689717782171,1.14081192419653,0.280152697991177,4.07210757696311,4.65896512770805e-05,0.00108516911561885,"SNRPD2","COPs"
"ANKRD28",22.7384955368705,0.873472415331173,0.21504308437423,4.06184843317773,4.86856840734776e-05,0.0011304014685035,"ANKRD28","COPs"
"STARD10",3.24809509839363,2.30447264179444,0.568213525997022,4.05564552119888,4.99960338101006e-05,0.00115352484297078,"STARD10","COPs"
"MYL11",3.44345879498443,3.8398618266729,0.946752300877011,4.05582518586529,4.99576144513293e-05,0.00115352484297078,"MYL11","COPs"
"ENSG00000227088",31.4715085085437,-1.15272221215126,0.284293851128716,-4.05468569782523,5.02017566325453e-05,0.00115464040254854,"ENSG00000227088","COPs"
"STXBP1",3.5608996989277,-2.22641651600115,0.549397293220225,-4.05247085028629,5.06795400448565e-05,0.00116198682909097,"STXBP1","COPs"
"RPL11",16.7876731431514,-0.789513992255291,0.195265807061931,-4.04327825815857,5.27090043107344e-05,0.00119845329938177,"RPL11","COPs"
"ENSG00000225339",1.02881343408954,2.1813946333615,0.539352045206397,4.04447272008903,5.24410138330559e-05,0.00119845329938177,"SMIM29-AS1","COPs"
"OPCML",14.2255440579253,-2.78880221896226,0.689776586283052,-4.04305143784318,5.27600403026187e-05,0.00119845329938177,"OPCML","COPs"
"RAPGEF5",26.9766609952755,-0.668946426871908,0.165584913180757,-4.03989961417359,5.34740842893347e-05,0.00121092393960138,"RAPGEF5","COPs"
"UHRF2",5.07253144834905,1.19579617119301,0.296737501278558,4.02981141932064,5.58216175799942e-05,0.00126019448672128,"UHRF2","COPs"
"CHN1",8.29043033799424,-1.86228582440609,0.462590483462505,-4.02577634210463,5.67876459459822e-05,0.00127807042425053,"CHN1","COPs"
"RIMS2",10.3828117364191,-2.22090549949187,0.551781965113096,-4.02496935367698,5.69827358278101e-05,0.0012785392439408,"RIMS2","COPs"
"FGF14",13.7338164073143,-3.28409195910486,0.816649217201945,-4.02142301728645,5.78476138287767e-05,0.00129398763006627,"FGF14","COPs"
"ANXA2R-OT1",1.23490439236561,2.10001552364827,0.522611461825676,4.01831126380607,5.86167328988093e-05,0.00130666517934654,"ANXA2R-OT1","COPs"
"FRMD8",1.85254106101278,1.95694994062583,0.487104274313532,4.01751748818818,5.88144717410876e-05,0.00130666517934654,"FRMD8","COPs"
"DANT2",7.64680061524364,-1.66456058910052,0.414381064639046,-4.01698033801441,5.89486403657768e-05,0.00130666517934654,"DANT2","COPs"
"LRP2",9.32605013414614,0.968040024819145,0.241080769640399,4.01541784632218,5.93405671142007e-05,0.00131139078589425,"LRP2","COPs"
"PRKG1",5.44358214413641,-2.28211580103617,0.568619254614929,-4.01343391472317,5.98417618105833e-05,0.00131849551472748,"PRKG1","COPs"
"NLGN4X",4.1220048107064,-1.12181138474095,0.279720515393749,-4.01047232149501,6.05974041645963e-05,0.00133114716872947,"NLGN4X","COPs"
"PLEKHM1",1.55048207065984,1.99559234976561,0.498893759381052,4.00003470125868,6.33331961562661e-05,0.00138709152298067,"PLEKHM1","COPs"
"TMEM125",4.18672756729882,-1.58215269429854,0.395830434644527,-3.99704660335021,6.4137677793672e-05,0.00139488782386315,"TMEM125","COPs"
"COX7C",7.30120815817065,-1.13047550367767,0.282859508288011,-3.99659714647671,6.42595181226309e-05,0.00139488782386315,"COX7C","COPs"
"SLC2A13",5.26157803847996,-1.4670034370109,0.367030215973125,-3.99695549076624,6.41623592245515e-05,0.00139488782386315,"SLC2A13","COPs"
"NOX4",1.59116164026801,-2.18190244685306,0.546347418027562,-3.9936172019083,6.50728902884838e-05,0.00140837697948851,"NOX4","COPs"
"SREK1",7.06521034766217,0.836572699433603,0.209855661544478,3.98641949079031,6.70778741395362e-05,0.00144750106635817,"SREK1","COPs"
"PDCD2",1.09065700967687,2.03180749678391,0.50992522460482,3.98452047230752,6.76165279694807e-05,0.00145484594050463,"PDCD2","COPs"
"RAPGEF3",13.9505413810375,1.94580594297655,0.488550362919453,3.98281546931805,6.81036343889435e-05,0.00145929699174786,"RAPGEF3","COPs"
"FRMPD4",7.22942564937409,-3.96774763217283,0.996319287373761,-3.98240572320102,6.8221189610129e-05,0.00145929699174786,"FRMPD4","COPs"
"GRM7",5.65807585225173,-2.47032312214882,0.62062980421838,-3.98034884138369,6.88142109866749e-05,0.00146770309886405,"GRM7","COPs"
"KDM1B",1.99363414696359,1.92622957593332,0.484133827575878,3.97871304630418,6.9289306833424e-05,0.00147355259199082,"KDM1B","COPs"
"MRTFB",4.29162731744064,-2.4837308375317,0.624650825664549,-3.97619075407341,7.00279606983383e-05,0.00148495707411476,"MRTFB","COPs"
"DNPEP",1.64726515081765,1.80794422650473,0.455081792196234,3.97278963366026,7.1035780935989e-05,0.00150198710296067,"DNPEP","COPs"
"CAMK1D",4.06493926369799,-3.5372158488699,0.891875739149944,-3.96604111267929,7.30762630130868e-05,0.00154069121185925,"CAMK1D","COPs"
"LARP4",1.82857553716455,1.59446899979105,0.40234814873923,3.96290875150628,7.40420869588868e-05,0.0015565810659523,"LARP4","COPs"
"KCNMA1",7.17508121976096,-2.44365240503366,0.617286590090012,-3.95869996896795,7.5358831718653e-05,0.00157973642377074,"KCNMA1","COPs"
"RPL7",12.4095564488185,-0.848398330506807,0.214560139589935,-3.95412834894802,7.6814169200838e-05,0.0016056568644631,"RPL7","COPs"
"UNC5D",5.61224535013718,-3.67220403444028,0.929261721944495,-3.9517435698913,7.75838514781461e-05,0.00161255727562368,"UNC5D","COPs"
"PLAA",1.5502807430297,1.80459945101972,0.456638894936351,3.95191796194071,7.75273206191579e-05,0.00161255727562368,"PLAA","COPs"
"SELENOW",22.8615437893416,0.945704621255868,0.239455948046305,3.94938872461415,7.83510235835862e-05,0.00162390242947111,"SELENOW","COPs"
"NDFIP2",5.18973112022205,-1.03020109566757,0.261085030703992,-3.94584512520584,7.9519002527e-05,0.00164346738462141,"NDFIP2","COPs"
"ERBB4",83.2647826973403,-0.326600505209644,0.0828101343594862,-3.94396782152099,8.01444168451256e-05,0.00165174041121541,"ERBB4","COPs"
"KIF25",1.22940696757618,2.33534130682328,0.592400152218214,3.9421686474568,8.07481638975979e-05,0.00165952178856212,"KIF25","COPs"
"SIK2",13.4431031914152,0.600733844095281,0.152839907042752,3.93047768556444,8.47772617396277e-05,0.001737460249675,"SIK2","COPs"
"CD22",14.5094214613644,0.768304416269069,0.195695571421772,3.9260184105709,8.63635481839293e-05,0.00176503998057239,"CD22","COPs"
"LANCL1",22.7042922269469,-0.755682844139536,0.192739078245011,-3.92075572333551,8.82717078933048e-05,0.00179699561771263,"LANCL1","COPs"
"CELF2",17.3153621311188,-2.81569163722338,0.718222821578749,-3.92035946593024,8.84169848704185e-05,0.00179699561771263,"CELF2","COPs"
"MAST4",5.06358771967234,-1.23910141426316,0.316289025964767,-3.91762379514613,8.94261237459399e-05,0.00181248472354685,"MAST4","COPs"
"ARPC5",4.58320272005208,1.38218979495951,0.353196927443365,3.91336868348365,9.10174063212528e-05,0.00183965484897805,"ARPC5","COPs"
"TNC",0.953527795894367,-3.06824563372938,0.784373402901069,-3.91171554565877,9.16428136287093e-05,0.00184720693295011,"TNC","COPs"
"ACAP2",10.0085046354016,0.81203394600659,0.207958820914672,3.90478241045509,9.43102013170202e-05,0.00189576423852871,"ACAP2","COPs"
"RYR2",15.776395099645,-1.96108663480205,0.502591229186987,-3.90195156802554,9.5420252471256e-05,0.00191283713765466,"RYR2","COPs"
"SOX2",7.34171643996615,1.19724326780836,0.306964582365894,3.9002651660356,9.60873891255306e-05,0.00191427423898515,"SOX2","COPs"
"TMEM123",7.53696756386565,-0.869500383187045,0.222960606739797,-3.89979376133374,9.62746618761783e-05,0.00191427423898515,"TMEM123","COPs"
"CARHSP1",5.27923541831258,0.894817416630996,0.229378546448746,3.90105103761716,9.57759540549631e-05,0.00191427423898515,"CARHSP1","COPs"
"MYOT",1.66080252558258,1.73475886727103,0.445024460004342,3.89812026793787,9.69422699309107e-05,0.00192233901211647,"MYOT","COPs"
"RPS6KB1",4.29646135766531,1.3377404577303,0.343255067159676,3.89721983946127,9.73032848256525e-05,0.00192429703710462,"RPS6KB1","COPs"
"POLR2A",2.8861483044469,1.33688821432213,0.343345468051208,3.89371154921649,9.87220310156533e-05,0.0019471062945211,"POLR2A","COPs"
"DDOST",2.14719423787766,2.03874836262198,0.523795283037723,3.89226178364641,9.93139973230232e-05,0.00194830694748401,"DDOST","COPs"
"POLH",1.06046244938263,2.02022271482648,0.519000762258935,3.8925235986813,9.92068460270937e-05,0.00194830694748401,"POLH","COPs"
"TNS1",2.26096842520389,1.55778511939024,0.400968784470132,3.88505335009759,0.000102307419671289,0.00200167876834199,"TNS1","COPs"
"ERF",2.83965272994432,1.25231203161946,0.322906418184955,3.87825066673702,0.000105210281359095,0.00205299955939276,"ERF","COPs"
"ATP11C",2.40648873982887,1.33362262129206,0.344475685769636,3.87145646669502,0.000108186980788914,0.00210548508766118,"ATP11C","COPs"
"ADAMTS8",1.96997861425724,1.53499134302678,0.396650234749488,3.86988638490593,0.000108886084925978,0.00210800109394601,"ADAMTS8","COPs"
"RNF138",2.70121627399611,1.35872608001582,0.351103292802374,3.86987564021682,0.00010889088382248,0.00210800109394601,"RNF138","COPs"
"P4HB",5.03143520781427,1.77261737544043,0.458410557098822,3.86687729588719,0.000110237858575434,0.00212846096938936,"P4HB","COPs"
"PRRC2C",8.04662461652562,0.832002195764243,0.215254288940178,3.86520612369989,0.000110995421699527,0.00213746301577279,"PRRC2C","COPs"
"MT3",18.207906024331,1.58899763952981,0.411665327559079,3.85992585032989,0.000113421436632052,0.00217846356169991,"MT3","COPs"
"EFHD1",11.9075732323419,1.17494309345278,0.304806062273603,3.85472350742851,0.000115860494439503,0.00221371991589227,"EFHD1","COPs"
"TNFRSF12A",1.02052985670757,2.74339257931696,0.711665980544751,3.85488790291339,0.00011578266844868,0.00221371991589227,"TNFRSF12A","COPs"
"NINJ1",2.21931890027136,1.46147617998073,0.379611268718937,3.84992833567014,0.000118152389955553,0.00225164697429582,"NINJ1","COPs"
"PRKDC",7.4087002289787,0.786063418540098,0.204336827500381,3.84690037599136,0.000119621580640106,0.0022678644370968,"PRKDC","COPs"
"ANKRD12",25.5266772052789,0.671532827797646,0.174562785176673,3.8469415294789,0.000119601497670062,0.0022678644370968,"ANKRD12","COPs"
"CNTNAP5",4.77657110166443,-3.27953264659467,0.852878124668505,-3.84525356172003,0.000120427843175402,0.00227726568396373,"CNTNAP5","COPs"
"TRAPPC3",2.67271171724446,1.62477993258281,0.422725556838948,3.84358103336019,0.000121251937588236,0.00228457767091664,"TRAPPC3","COPs"
"TMIGD3",2.42520694384817,2.36177719276183,0.614533015318861,3.8432063597696,0.000121437275679091,0.00228457767091664,"TMIGD3","COPs"
"SLC5A11",12.9976840933683,1.66048486660894,0.432285778296776,3.84117394088541,0.000122447306020766,0.00229768768356613,"SLC5A11","COPs"
"TTL",8.25655923220739,1.00659677295251,0.262441239193138,3.83551295538477,0.00012530250074198,0.00234526644883649,"TTL","COPs"
"FKBP4",5.88848070030473,2.16453839426761,0.564719809758155,3.83294220756058,0.000126619708241028,0.00236389007471864,"FKBP4","COPs"
"TAPT1-AS1",7.54062296145089,-0.751741633527205,0.196215584240732,-3.83120248290224,0.000127518506461066,0.00237206494341569,"TAPT1-AS1","COPs"
"DDRGK1",4.15562951196975,1.27446456518321,0.332685015524996,3.83084450969946,0.000127704191447349,0.00237206494341569,"DDRGK1","COPs"
"ARPP21",14.7144091427843,-1.17479689864371,0.306753838474775,-3.82977081716394,0.000128262658229067,0.00237642202885522,"ARPP21","COPs"
"PGAP1",6.70974356254465,1.17822709538091,0.30817843906121,3.82319768693127,0.000131732079439636,0.00243455482833402,"PGAP1","COPs"
"U2AF1L4",2.16747919856922,1.51326062426029,0.395885669998949,3.82246880586587,0.000132122196864781,0.00243562954371081,"U2AF1L4","COPs"
"HTATIP2",4.13425729894806,1.07777155935822,0.282370712654018,3.81686736994849,0.000135156775320618,0.00248532646748716,"HTATIP2","COPs"
"FHIT",31.283857314525,-0.664714129524264,0.174186778505806,-3.81609979371716,0.000135577689344031,0.00248683376679289,"FHIT","COPs"
"GRIA1",5.12707788068369,-3.61554920813174,0.948056114580875,-3.81364473318136,0.000136932272205966,0.00249957838441213,"GRIA1","COPs"
"DDR1",8.7598215551978,0.827150656248782,0.216894640745986,3.81360578299161,0.000136953865412795,0.00249957838441213,"DDR1","COPs"
"ELOVL5",4.62540282801331,0.91144268046179,0.239446084058959,3.80646308768769,0.000140968320656764,0.00256646294952526,"ELOVL5","COPs"
"APOE",10.874432111061,-1.61800324577078,0.425505771929023,-3.80254124035871,0.000143219416195256,0.0026009922193678,"APOE","COPs"
"CPEB4",11.2274374929259,-0.630799066864911,0.166042327941605,-3.79902567426514,0.000145266045030587,0.00262516495662418,"CPEB4","COPs"
"PHF19",1.36791467990186,2.22368998663793,0.585275620817877,3.79938939457362,0.000145053030529297,0.00262516495662418,"PHF19","COPs"
"PFDN2",6.08806665778471,0.84879465153556,0.223491398672106,3.79788509347004,0.000145935943313053,0.00263079119431908,"PFDN2","COPs"
"RACK1",9.33549866598037,0.745622509908144,0.19643572099318,3.79575825689071,0.000147192876455596,0.00264694640822232,"RACK1","COPs"
"TAGLN2",1.19831088135475,1.88567524628704,0.496920684025865,3.79472078121202,0.000147809703602392,0.00265153984188448,"TAGLN2","COPs"
"GMCL1",2.81933092094436,1.28933897462877,0.339947716008391,3.79275669143472,0.000148984116310291,0.00266608893016733,"GMCL1","COPs"
"PIK3C2A",4.90888450795569,1.20592198236722,0.318030563771535,3.79184304824716,0.000149533411152197,0.00266940787742986,"PIK3C2A","COPs"
"VSTM2B",4.52968568082729,-1.31171153456181,0.346002282763185,-3.7910487875584,0.000150012480294629,0.00267146011631479,"VSTM2B","COPs"
"RBM19",1.89653598883334,1.7532719082489,0.462581171416401,3.79019297927857,0.000150530289773034,0.00267419064422458,"RBM19","COPs"
"UBE2G1",4.72573686401033,0.982743674180828,0.259453615887181,3.78774321884247,0.000152021842799654,0.00269416488072721,"UBE2G1","COPs"
"SRP54",3.77931535154288,1.11074067649053,0.293643423233283,3.78261724461682,0.000155187955075987,0.0027436482563675,"SRP54","COPs"
"NAV3",25.3211138725789,-1.42214605601209,0.37627529119435,-3.77953612499509,0.000157120797701187,0.00277057790112697,"NAV3","COPs"
"RANGRF",1.10316761708902,2.02330150648546,0.535408154134272,3.77898896545017,0.000157466401086268,0.00277057790112697,"RANGRF","COPs"
"PPFIBP2",5.93807828137854,1.42568468885878,0.377440391678565,3.77724462005358,0.000158572967293778,0.00278337287328816,"PPFIBP2","COPs"
"MIR219A2HG",58.5995934534884,-0.694940580705403,0.184181709410505,-3.77312482835369,0.000161215574613661,0.00282300398792465,"MIR219A2HG","COPs"
"RASAL2",7.06471869255174,-1.33815537939864,0.354920317172227,-3.77029804903869,0.000163052701274619,0.00284449984197871,"RASAL2","COPs"
"DMXL2",3.0864996355692,-1.32170495038348,0.350580743342866,-3.77004434921533,0.000163218540748676,0.00284449984197871,"DMXL2","COPs"
"CERS6",4.55014326868281,-1.98635638982791,0.527191533520255,-3.76780783364304,0.000164687396715261,0.0028582462854615,"CERS6","COPs"
"PLA2G4C",6.3658861928158,1.15722224058646,0.307146332229812,3.76765769001796,0.000164786449332181,0.0028582462854615,"PLA2G4C","COPs"
"AP3S2",2.92430128297651,1.32909193091962,0.352908293067652,3.76611135818459,0.000165809860468017,0.0028692144958817,"AP3S2","COPs"
"PHF21B",1.31162598174168,1.84739094317019,0.490645794125639,3.76522323290748,0.000166400350101505,0.00287265733810527,"PHF21B","COPs"
"CERS2",4.3953946677286,1.05270362199656,0.279854544145607,3.7616098934911,0.000168823216651687,0.00289892464108259,"CERS2","COPs"
"SLC35B3",3.46023760484732,1.10389641541129,0.293495740155079,3.76120080934739,0.000169099603020674,0.00289892464108259,"SLC35B3","COPs"
"STAT3",4.39056541396034,1.09357740405852,0.290753070402211,3.7611895294716,0.000169107229982738,0.00289892464108259,"STAT3","COPs"
"CDKL1",4.43913983495082,1.33093159984695,0.354046214777743,3.75920302009854,0.000170455479488864,0.0029152257645916,"CDKL1","COPs"
"TBL1XR1",16.2991591241581,-0.583220820217057,0.155220812165258,-3.75736225111438,0.000171713834102354,0.00292311925941757,"TBL1XR1","COPs"
"DOT1L",3.00735863547097,1.34202213538215,0.357156525585913,3.75751817268512,0.00017160690793241,0.00292311925941757,"DOT1L","COPs"
"PPP1R14A",27.8166531466083,-0.861978809930871,0.229811621868633,-3.75080599893945,0.000176267045074591,0.00299368358729693,"PPP1R14A","COPs"
"GPX4",7.26426454427762,0.779485315197075,0.207954593404651,3.74834382080854,0.000178006127443552,0.00301623777610471,"GPX4","COPs"
"STK4",3.67190191183598,1.14646361185677,0.306157628559444,3.74468412644558,0.000180620874488754,0.00305349160397232,"STK4","COPs"
"TMEM232",4.38849054750102,-1.62332726030969,0.433572269442242,-3.74407538193799,0.000181059292538867,0.00305386673415555,"TMEM232","COPs"
"ZNF704",13.8476408851143,-0.779023964659099,0.208200805961094,-3.74169524014558,0.000182783093706919,0.0030758705470818,"ZNF704","COPs"
"NEU3",1.55863231775895,1.59865414710894,0.427511919597685,3.73943760120974,0.000184432421258288,0.00308989111860212,"NEU3","COPs"
"GPC5",10.9388694479858,-1.05476942850274,0.282069012104458,-3.73940200177723,0.000184458540268192,0.00308989111860212,"GPC5","COPs"
"CCDC25",1.09913638718887,1.95560168452208,0.523399647960279,3.73634505132585,0.000186714414449623,0.00311346286094746,"CCDC25","COPs"
"EIF5",6.782622167189,0.738081025759143,0.197516588846897,3.73680524794432,0.000186373162538823,0.00311346286094746,"EIF5","COPs"
"KCNQ3",5.26338495284572,-2.10214343876497,0.562722679724599,-3.73566503449581,0.000187219746067888,0.00311481015170089,"KCNQ3","COPs"
"RSRP1",11.5872690403722,-0.631942607295778,0.169475104510347,-3.72882264401964,0.000192376484363527,0.00317897807607026,"RSRP1","COPs"
"MAPK10",15.0381461123432,-1.24342122486283,0.33344067311043,-3.72906284426504,0.000192193219968066,0.00317897807607026,"MAPK10","COPs"
"RPS6KA5",12.6908740753858,0.649943267758397,0.174299399615706,3.72888988253193,0.000192325167183185,0.00317897807607026,"RPS6KA5","COPs"
"DNAJC13",3.64520864149283,-0.967052057164146,0.259453486256495,-3.72726561171787,0.000193568434049963,0.00318740635347362,"DNAJC13","COPs"
"NTRK2",16.9066397548965,-1.02455638308538,0.274903813541362,-3.72696315080848,0.000193800779486282,0.00318740635347362,"NTRK2","COPs"
"OLIG1",22.0196082019271,0.550561705469496,0.147743992246465,3.72645748296185,0.00019418981054964,0.00318740635347362,"OLIG1","COPs"
"PSMB4",2.30109460852312,1.29900451493949,0.348674431042485,3.72555140064519,0.000194888733128347,0.00319062977451356,"PSMB4","COPs"
"SP110",1.79207036036855,1.66578759371682,0.447182106011956,3.72507658808754,0.000195255931410193,0.00319062977451356,"SP110","COPs"
"LINC01182",1.59516683730302,1.56455873851614,0.420180168051807,3.72354255977935,0.000196446726758369,0.00320295474272478,"LINC01182","COPs"
"RHOQ-AS1",3.2849205825693,2.62231919153014,0.705442877523615,3.71726652161479,0.000201389956661606,0.00327627075837296,"RHOQ-AS1","COPs"
"LARP6",14.4292712427859,1.18917080685078,0.320080727022422,3.71522152524814,0.000203025749086553,0.00328830004646366,"LARP6","COPs"
"GFAP",27.7452488108242,2.67995059312855,0.721293882835322,3.71547666894661,0.000202820980311851,0.00328830004646366,"GFAP","COPs"
"AHSA1",4.07533058904258,1.81242076691555,0.488023372446365,3.71379911136273,0.000204170889086808,0.00329956346526413,"AHSA1","COPs"
"TSPAN19",1.50698207777555,2.68636140480823,0.724369297110254,3.70855227509642,0.00020844763039667,0.00336127530597883,"TSPAN19","COPs"
"S100B",14.0575231483351,-1.04613120613361,0.282300606343256,-3.70573488907632,0.000210778685230733,0.00339141055600414,"S100B","COPs"
"TMEM235",5.59405934952283,-1.14551278118744,0.309209006975643,-3.7046552828187,0.000211678402806517,0.00339843422623943,"TMEM235","COPs"
"GXYLT2",4.39440843073228,1.01061248206799,0.272996980670098,3.70191816622787,0.000213975638758873,0.0034278149816023,"GXYLT2","COPs"
"HMG20B",2.92501803338305,1.32817273343212,0.359051426141519,3.69911560498475,0.000216352044608385,0.00345833322721508,"HMG20B","COPs"
"SNHG14",43.5600102380937,-1.20748665228527,0.326492389222926,-3.69836079535933,0.000216996301570713,0.00346109101005288,"SNHG14","COPs"
"SUPT16H",2.94950989093917,1.17821916507013,0.31876113817002,3.69624469229274,0.00021881208809684,0.00348248219168441,"SUPT16H","COPs"
"MIR31HG",2.65728217742055,-1.30951002528334,0.355280292447875,-3.68585044855946,0.000227940181416637,0.00361990716678326,"MIR31HG","COPs"
"NR2F1-AS1",3.46013546691856,-3.88683059862987,1.0561461179794,-3.68020156724723,0.000233049662614601,0.00369305696458602,"NR2F1-AS1","COPs"
"FARS2",6.24460339070542,-0.815956335604917,0.222123387490054,-3.67343729458228,0.000239309423398631,0.00378408025749085,"FARS2","COPs"
"TTC38",1.15980560327153,1.87073453837043,0.509394808528678,3.67246486821059,0.000240222184294242,0.00379034444336958,"TTC38","COPs"
"STRN",8.7419470150748,-0.901515425428495,0.245857200116149,-3.66682539702964,0.000245580357221405,0.00386657313505031,"STRN","COPs"
"HSPA1A",44.0508463359606,2.66325263156429,0.728546628861509,3.65556921967523,0.000256611954349373,0.00403156869402038,"HSPA1A","COPs"
"DNAJA1",5.42425656067715,1.50899703954806,0.412855675867689,3.65502311764671,0.00025715880452522,0.00403156869402038,"DNAJA1","COPs"
"CACNB2",6.5277391285204,-2.26669462037068,0.620486068406897,-3.65309510685783,0.000259098208378327,0.00405331248373516,"CACNB2","COPs"
"NR3C2",4.95146684539483,-0.829025256042086,0.227012465518394,-3.65189309824449,0.000260314251307603,0.00405648537354319,"NR3C2","COPs"
"PICK1",3.83632002301105,2.1667323458692,0.593332398170008,3.65180184421408,0.000260406789006248,0.00405648537354319,"PICK1","COPs"
"RAB40B",15.8334964713585,0.52498267413974,0.143808082935016,3.65057835015414,0.000261650476661106,0.00406722361708164,"RAB40B","COPs"
"DDB1",4.24781911983161,1.25426095627646,0.343676136062617,3.64954334812451,0.000262706907150759,0.00407501179231527,"DDB1","COPs"
"ENSG00000286619",1.04415553396081,2.19285993397326,0.601051546718453,3.6483724997391,0.000263906816805483,0.0040787607760283,"ENSG00000286619","COPs"
"TMSB10",11.3902205477194,0.977394245300691,0.267909679255264,3.64822296834386,0.000264060429141808,0.0040787607760283,"TMSB10","COPs"
"HSPB1",12.6925842940882,2.15272391726101,0.59045697684402,3.64586075139171,0.000266498263743881,0.00410776840564886,"HSPB1","COPs"
"CC2D1A",4.17696454235913,1.26303321278854,0.346502331367891,3.64509297182056,0.000267295153327474,0.00411141412990289,"CC2D1A","COPs"
"MMP16",4.68099984113299,-3.26060070195186,0.894865690792531,-3.6436760683764,0.000268771646068546,0.00412547608201867,"MMP16","COPs"
"FTCDNL1",3.16212169012914,-1.07641294943506,0.295500303825324,-3.64267967071652,0.0002698145229176,0.00413283748360424,"FTCDNL1","COPs"
"DNAJB1",8.4633307204907,1.92524972097348,0.528703046282534,3.64145759043848,0.000271098788838329,0.00414385794522255,"DNAJB1","COPs"
"NELL2",3.97803778444372,-3.90878767098832,1.07361913176274,-3.64075821243107,0.000271836330207481,0.00414649304518148,"NELL2","COPs"
"SNTG1",9.71516609500192,-2.77197786374736,0.761739220170373,-3.63901160705284,0.000273686465052146,0.00415949435551244,"SNTG1","COPs"
"CDKN2A",1.77348339951259,1.71904093226163,0.472408880474005,3.63888360975937,0.000273822512431853,0.00415949435551244,"CDKN2A","COPs"
"PRUNE2",60.7360868298139,0.856474960622391,0.235428745788286,3.6379370656487,0.00027483055639708,0.00416618138901938,"PRUNE2","COPs"
"NAALADL2",22.33497293909,-0.869258276677223,0.239095476879579,-3.63561154741135,0.000277321959171269,0.00419126745505578,"NAALADL2","COPs"
"URM1",6.1251881517731,0.818522353691069,0.225157814457701,3.63532731769715,0.000277627911020459,0.00419126745505578,"URM1","COPs"
"ABHD2",9.88618985748925,1.48376013303522,0.408455579307849,3.63261076161459,0.000280568080191282,0.00421829509090868,"ABHD2","COPs"
"LENG1",0.772074051234671,2.11475384051465,0.582152325438351,3.63264690031475,0.000280528775961827,0.00421829509090868,"LENG1","COPs"
"PCID2",2.6969717008102,1.43910613673037,0.396300842292108,3.63134766105196,0.000281945067087087,0.00423032915586495,"PCID2","COPs"
"TMUB1",2.09761845120127,1.9193324289837,0.528980061699222,3.62836440908246,0.000285222482061911,0.00424662750567282,"TMUB1","COPs"
"TACC1",13.9352016903574,0.663958177664725,0.182936647443424,3.62944323591622,0.000284033179294495,0.00424662750567282,"TACC1","COPs"
"STN1",1.57948719704309,1.89329085627788,0.521763672555606,3.62863678685124,0.000284921772277642,0.00424662750567282,"STN1","COPs"
"PALS1",6.02426253159674,0.834240632602648,0.229929067692578,3.62825214303939,0.000285346512238885,0.00424662750567282,"PALS1","COPs"
"ZNF529",2.78071271218035,1.79403353455256,0.494910884987589,3.62496277405082,0.000289003077762625,0.00429233923389551,"ZNF529","COPs"
"MVP",2.55481760711316,1.58858236734509,0.438339460014388,3.6240916281937,0.000289978797134738,0.00429813017086379,"MVP","COPs"
"BRMS1",1.05894491941132,2.04018910496038,0.563302152435848,3.621837935712,0.000292517363658406,0.00432701592169703,"BRMS1","COPs"
"GRIP1",4.94381584228531,-3.53846826259059,0.977406226592129,-3.62026367984987,0.000294302943837851,0.00434466941436281,"GRIP1","COPs"
"GAS5",3.33726588959268,-1.16518978529934,0.322241132959092,-3.61589401886588,0.000299312822487878,0.00440975537870193,"GAS5","COPs"
"MTMR7",7.31540368685871,-0.892418580622193,0.246932963985713,-3.61401153664452,0.000301495637103259,0.00443301300486294,"MTMR7","COPs"
"FOCAD",5.59815456802664,-1.94589300816044,0.538732997571114,-3.6119803630621,0.000303867581114926,0.00445895288528043,"FOCAD","COPs"
"LCORL",16.2022330107997,0.5161540830378,0.143012278162192,3.60915922514305,0.000307191023536317,0.0044987236321077,"LCORL","COPs"
"PTPRG",5.85687024699058,-2.61499651593762,0.724747896677508,-3.60814640225333,0.000308392460425201,0.00450732167756912,"PTPRG","COPs"
"DENND4B",3.51226191590398,1.28289128328439,0.355607937189582,3.60760025049849,0.000309042144354824,0.00450783740185157,"DENND4B","COPs"
"KIF6",9.65810278133216,-0.904636825834501,0.251238115483567,-3.60071489986029,0.000317343408050545,0.00461059125716208,"KIF6","COPs"
"SLC35C2",1.89639825737552,1.61830393369348,0.449385443294674,3.60114898655565,0.000316813950568483,0.00461059125716208,"SLC35C2","COPs"
"ENSG00000285336",0.635157816648068,2.38698094869368,0.66301361594611,3.60019898729757,0.000317973746096756,0.00461061931840297,"LOC101928882","COPs"
"ENTPD6",3.1951594400659,1.86094565292202,0.517213526862102,3.59802200884468,0.000320646490959202,0.00464020375575476,"ENTPD6","COPs"
"RAB2A",12.4141934891094,-0.675122888150916,0.187714690789995,-3.59653730515001,0.000322481353883122,0.00464841982994197,"RAB2A","COPs"
"GOSR2",2.56423497589412,1.35892708405255,0.377806025237123,3.59689097917284,0.000322043378227619,0.00464841982994197,"GOSR2","COPs"
"CBX1",1.10344680416599,1.79522979909672,0.4995113959851,3.59397165615472,0.000325675281135434,0.00468525399547192,"CBX1","COPs"
"LSG1",1.93418447026439,1.60365084061847,0.446441043108076,3.59207753268834,0.000328052209424976,0.0047102134257359,"LSG1","COPs"
"RC3H1",7.40213640474089,0.845438118375795,0.235591208271087,3.5885809346628,0.000332482780486903,0.00475521668700275,"RC3H1","COPs"
"ZCRB1",1.64540697504012,1.64264669978431,0.457710390821693,3.58883419018604,0.000332160006635962,0.00475521668700275,"ZCRB1","COPs"
"GNPAT",4.30332895452571,0.915167713872395,0.255232510499728,3.58562360288883,0.00033627368383701,0.00479290120962166,"GNPAT","COPs"
"UBALD2",3.95448389716736,1.38846687523546,0.387244239715538,3.58550685287248,0.000336424168318816,0.00479290120962166,"UBALD2","COPs"
"CCT6A",2.77963857876901,1.41258271616069,0.394421630493214,3.58140276027532,0.000341754336180947,0.00485333147063399,"CCT6A","COPs"
"INTS10",5.87960266092214,0.868510758955635,0.242517884365106,3.58122355070569,0.000341988874242575,0.00485333147063399,"INTS10","COPs"
"TOP2B",6.66353438449719,-0.944995037040363,0.263970894193258,-3.57992133916293,0.000343697653533514,0.00486816541307991,"TOP2B","COPs"
"NECAP1",1.77258352829704,2.10623483213603,0.589283466306551,3.57423031964102,0.000351259636926748,0.00496568777674673,"NECAP1","COPs"
"ATP2B1",9.72087807285954,-1.30628314405546,0.365840387682133,-3.57063678051438,0.000356114432849236,0.00502463768041317,"ATP2B1","COPs"
"DLG2",187.421869750305,-0.42671806513931,0.119529125113808,-3.56999237410143,0.000356991620240139,0.00502734648311305,"DLG2","COPs"
"PSMD13",3.33424482295743,1.213818605383,0.340082213505712,3.5691916753612,0.000358084373153957,0.00503307480044173,"PSMD13","COPs"
"PARP1",3.15896074423502,-1.2789100579698,0.358531520659309,-3.56707844157745,0.000360983447760046,0.00506412152240049,"PARP1","COPs"
"ARRB1",5.07694045281691,1.67414078685921,0.469834886248327,3.56325346597263,0.000366286693386402,0.00512487751039177,"ARRB1","COPs"
"METTL3",3.3170337363381,1.08292932912662,0.30394181496819,3.56294947189138,0.000366711284306349,0.00512487751039177,"METTL3","COPs"
"CCNT1",1.11206050757665,1.91167783958062,0.536790914772655,3.56130811265735,0.000369011744464894,0.00514722275501697,"CCNT1","COPs"
"DOCK4",39.7553323525265,-0.513241331900494,0.144221833113237,-3.55869372078718,0.000372703844839824,0.00518885789295975,"DOCK4","COPs"
"MICOS10",4.34129088347075,-0.883493996037655,0.248416843133758,-3.55649796081639,0.000375831396244338,0.00522249044364528,"MICOS10","COPs"
"EFNA5",4.1366947505808,-3.37386412990566,0.948824796132434,-3.55583469536008,0.000376780938431272,0.00522578779824242,"EFNA5","COPs"
"COPA",12.1015746374373,0.572738784887664,0.16112137145112,3.55470400809875,0.000378404821290987,0.00523840787511693,"COPA","COPs"
"GUCY1A2",6.81285072523927,-1.64554541723788,0.46319832141204,-3.55257206507466,0.000381484509197489,0.00527109575137849,"GUCY1A2","COPs"
"BCL6",5.59161335618712,1.08236940111233,0.304730275646564,3.55189322365755,0.000382470033036692,0.00527477938419213,"BCL6","COPs"
"DUSP1",1.39559621392065,1.57879809506095,0.444676878392726,3.5504389181814,0.000384589369749884,0.0052757243657001,"DUSP1","COPs"
"RHBDL3",0.822750272692891,2.97338755109647,0.837487582705813,3.55036613377579,0.000384695725180531,0.0052757243657001,"RHBDL3","COPs"
"GGT7",5.93281666883734,1.27772369740853,0.359803822541861,3.55116765681353,0.000383526022145202,0.0052757243657001,"GGT7","COPs"
"MOB2",2.14175540583664,1.68494617242181,0.474746780064714,3.54914713100768,0.000386481070211661,0.0052903201719085,"MOB2","COPs"
"RHOBTB3",7.85677620220207,0.712298401076687,0.20077503446844,3.54774388639766,0.000388545841051911,0.00530867939627164,"RHOBTB3","COPs"
"RABL6",4.24533146188708,1.51495078563977,0.427162811160289,3.54654184788407,0.000390322744548082,0.00532304456644847,"RABL6","COPs"
"MTMR9",2.96471871869797,1.23921414252277,0.349626373577565,3.54439549237222,0.000393514475522698,0.00535661541170693,"MTMR9","COPs"
"HDX",1.74111680404254,-1.55897590331637,0.440031998121851,-3.5428694048851,0.000395798654944339,0.00537773098393817,"HDX","COPs"
"MAMLD1",1.57096995370133,1.45836824762288,0.411879952435352,3.54076045459334,0.000398975631256219,0.00541087653701826,"MAMLD1","COPs"
"SSBP1",5.48518996247097,0.837836837352543,0.236782608123006,3.53842220082861,0.000402525879629975,0.00544895272849654,"SSBP1","COPs"
"HYCC1",12.4344519055942,0.660653609584478,0.186764956305732,3.53735316652764,0.000404158841660037,0.00546098235959428,"HYCC1","COPs"
"SPARCL1",8.01301821854054,-1.28085241517086,0.362330823077019,-3.5350357562558,0.000407719983255562,0.00548888351769919,"SPARCL1","COPs"
"ENSG00000291130",1.21136385091204,1.94179299759584,0.549246905864945,3.53537357582004,0.000407199040644093,0.00548888351769919,"ZNF826P","COPs"
"CDK2AP1",1.98973925885199,1.62014118931544,0.458515809152607,3.53344673613253,0.000410178730804137,0.00551187060056769,"CDK2AP1","COPs"
"RPAIN",2.92885008937065,1.10520052394907,0.313077601859399,3.53011687001936,0.000415376138450522,0.00556134074418153,"RPAIN","COPs"
"PAK3",3.95947607512525,-2.70937433679493,0.767414554008767,-3.53052248311149,0.000414739765223776,0.00556134074418153,"PAK3","COPs"
"TTLL4",2.14809720108234,1.86352338163177,0.528081748086598,3.52885398592905,0.000417363343314513,0.00557776839690088,"TTLL4","COPs"
"ATF7IP",6.73163959142365,-0.736427700309397,0.208891549036206,-3.52540686163305,0.000422832833573499,0.00564058999987048,"ATF7IP","COPs"
"KIDINS220",13.9150016207726,-0.580523195195257,0.165056852228743,-3.51711054316451,0.000436272050263528,0.00579878266808606,"KIDINS220","COPs"
"KRIT1",6.59372556344027,0.935508274538972,0.265985568357819,3.51713922042745,0.000436224916726508,0.00579878266808606,"KRIT1","COPs"
"ZBTB37",3.07467821791177,1.42606455588401,0.405774933538099,3.51442249882129,0.000440711250133852,0.00584719428975058,"ZBTB37","COPs"
"DLGAP2",4.44760909250498,-4.71184519862067,1.34152217686533,-3.51231256544011,0.000444225220992107,0.00588317770111749,"DLGAP2","COPs"
"ZFP36L2",2.87931086856769,1.12297020713096,0.319880423312777,3.51059372593403,0.000447107159270955,0.00590007446281493,"ZFP36L2","COPs"
"CYP7B1",4.09833815186,-1.17196544266321,0.333836943760989,-3.51059241514706,0.000447109363680674,0.00590007446281493,"CYP7B1","COPs"
"HAPLN2",17.593097616859,0.592449348306191,0.168793109027371,3.50991430704745,0.000448251129751869,0.00590452161398467,"HAPLN2","COPs"
"BTBD8",7.83208735586118,-1.26470954576645,0.36046100610166,-3.50858906888188,0.000450490362402452,0.00592338313431324,"BTBD8","COPs"
"GPN2",0.951075535297601,1.89655101173915,0.541093286785749,3.50503519089142,0.000456546932283277,0.00597545829052372,"GPN2","COPs"
"TRIT1",2.84006759865662,1.49465397442078,0.426570474366268,3.50388520593533,0.000458522968183843,0.00597545829052372,"TRIT1","COPs"
"PTPN12",4.91829824667577,1.46380893802176,0.417708128855498,3.5043822154779,0.000457667972229268,0.00597545829052372,"PTPN12","COPs"
"GPD1",0.906656748694245,-2.23452698010525,0.637420002051539,-3.50558026562301,0.000455613100948076,0.00597545829052372,"GPD1","COPs"
"TUBGCP3",3.09761779888239,1.14588909220808,0.327005615413813,3.50418781267106,0.0004580022223391,0.00597545829052372,"TUBGCP3","COPs"
"RANBP3",2.10505595245734,1.56610918817639,0.447034906398398,3.50332639747079,0.000459486055463861,0.00597739217896871,"RANBP3","COPs"
"ENSG00000291113",0.980724284744742,1.93991617270557,0.55434999592933,3.49944292766419,0.00046623140127914,0.00605440671006204,"LOC728554","COPs"
"RABGAP1L",18.7054491690216,-0.663004076058833,0.189487983041407,-3.49892412920957,0.000467139485240943,0.00605548127776113,"RABGAP1L","COPs"
"DNAJB2",28.2512156080283,1.6182697114778,0.462762557544444,3.49697633288402,0.000470563577617692,0.00607838902989614,"DNAJB2","COPs"
"TMEM248",3.04528566468609,1.12343837066134,0.32125966644085,3.49697919787943,0.000470558524002185,0.00607838902989614,"TMEM248","COPs"
"EIF4A1",9.55702562938107,0.708465118967559,0.202653833735886,3.49593741163015,0.000472399490828586,0.0060913797262027,"EIF4A1","COPs"
"MYT1L",3.83294960528997,-3.08860417648652,0.884301725008295,-3.49270400491139,0.000478156202934308,0.00615479308934916,"MYT1L","COPs"
"RSBN1L",4.08643889076367,0.991301117785416,0.283977830112749,3.49076939348341,0.000481631776698455,0.00618867310969626,"RSBN1L","COPs"
"NOMO1",2.29643754749257,1.23876506708128,0.354949523381959,3.48997529360888,0.000483065204489777,0.00619624021912849,"NOMO1","COPs"
"KCNQ5",9.99201478676702,-2.91397355534593,0.835585414830945,-3.48734372767323,0.000487843928850877,0.0062357332856775,"KCNQ5","COPs"
"CIAO3",1.47624169593921,2.13308735188349,0.61164484661254,3.48746067868817,0.000487630621936604,0.0062357332856775,"CIAO3","COPs"
"ADGRL2",5.81579379206572,-3.94493531351755,1.13146955505892,-3.48655895855026,0.000489277521538843,0.00624318117483563,"ADGRL2","COPs"
"SEC13",1.4817412741902,1.56257732700959,0.448559311972468,3.48354673574472,0.000494816719656485,0.00628750977467912,"SEC13","COPs"
"KAT5",3.07764492811387,1.25321220710981,0.35973988596603,3.48366210142223,0.000494603500413127,0.00628750977467912,"KAT5","COPs"
"ATXN3",3.92468703832163,1.11624484168967,0.320458587551465,3.48327329973767,0.000495322427390559,0.00628750977467912,"ATXN3","COPs"
"UBTD1",1.30364514141235,1.68451638830797,0.48400786617706,3.48034919682843,0.000500760642165796,0.00634556274882633,"UBTD1","COPs"
"ZNF138",1.92392722110381,1.52352953508666,0.43796821448327,3.4786303770564,0.000503983210242643,0.00637538760956943,"ZNF138","COPs"
"ADCY5",6.28994674581014,0.91665020320203,0.263641963421559,3.47687519583641,0.00050729389564945,0.0064062225686403,"ADCY5","COPs"
"SPEN",7.41522224239983,0.776010169333371,0.223250803737666,3.47595688947769,0.000509034105735568,0.00641715332264924,"SPEN","COPs"
"SPINT2",2.18205589419817,-1.28255217793576,0.369336220191726,-3.47258705704515,0.000515467802594382,0.00648711366661232,"SPINT2","COPs"
"CNTN3",5.24752394094022,-2.08708230893338,0.601276692649628,-3.47108466775304,0.000518360529260631,0.00651234795065967,"CNTN3","COPs"
"GTF2IRD2",2.42552138077771,1.22903806753452,0.354279278832468,3.4691220767549,0.000522162131156387,0.00654889496802463,"GTF2IRD2","COPs"
"PLEKHA5",8.71030569218179,-1.47192885153073,0.424560474914844,-3.46694743976334,0.000526404811844054,0.00658170489610004,"PLEKHA5","COPs"
"TTLL9",2.69978498244422,-1.48501734318758,0.428346259140364,-3.46686194054272,0.000526572273955393,0.00658170489610004,"TTLL9","COPs"
"PSAP",31.3314360898607,1.05041708811426,0.303054519110188,3.46609940415486,0.000528068004905966,0.00658917508842699,"PSAP","COPs"
"MTUS1-DT",0.838393937282042,2.119160516527,0.612973860702019,3.45717925736669,0.00054586161328369,0.00679338283814237,"MTUS1-DT","COPs"
"OSER1",1.20040116976257,1.72750467316456,0.499716400561307,3.45697013590937,0.00054628538564863,0.00679338283814237,"OSER1","COPs"
"FOXRED1",2.5969512277029,1.44315500710319,0.417648335444286,3.45543100409581,0.000549413787603684,0.00682072582004777,"FOXRED1","COPs"
"NUP214",6.77745561479106,0.930492665270259,0.269459641833725,3.45318007156127,0.000554019039874174,0.00686627989114327,"NUP214","COPs"
"AKT1S1",2.09718870802864,1.94812998602122,0.564399236007763,3.45168785096375,0.000557091812088079,0.00689271943556532,"AKT1S1","COPs"
"UFD1",2.80527696114119,1.24482119922239,0.360800858006385,3.45016141619142,0.000560251456123257,0.00692014298581875,"UFD1","COPs"
"NRBP2",3.27390826460784,-0.956906567005295,0.27756901833495,-3.4474545204846,0.000565895673420549,0.00697811185863289,"NRBP2","COPs"
"ELOVL7",3.86858740821701,0.998739771986467,0.289855533892066,3.44564672813309,0.000569694591120225,0.00700142247076899,"ELOVL7","COPs"
"ZFAND6",5.4275580898618,0.794286775116979,0.230494896204526,3.44600591247879,0.000568937911285488,0.00700142247076899,"ZFAND6","COPs"
"PSME4",12.5141227606504,0.725466649806304,0.210964264292335,3.43881297735344,0.000584270725245472,0.00716855235974252,"PSME4","COPs"
"PFKFB3",3.93103809386618,0.920465693555614,0.267912842424967,3.43569082103036,0.000591045064953076,0.00723956200594444,"PFKFB3","COPs"
"RANGAP1",8.23262906461673,2.0624089861909,0.600434256077569,3.43486229394024,0.000592855009082731,0.00724962866939999,"RANGAP1","COPs"
"YME1L1",5.32638149225796,0.955707565227211,0.278380156576261,3.4331023338059,0.000596716831539255,0.00728471113644511,"YME1L1","COPs"
"PELI1",4.7708193691917,1.0185520102853,0.296813186351641,3.43162654868911,0.000599973133575041,0.0073001706153235,"PELI1","COPs"
"C1QTNF3",0.763113436154991,2.31139597351857,0.673503885940918,3.43189701168455,0.000599375125181699,0.0073001706153235,"C1QTNF3","COPs"
"TSEN15",5.24337163724944,1.00345158299795,0.292487796860929,3.43074683377327,0.000601922073965584,0.00731175870312167,"TSEN15","COPs"
"SRSF7",8.78279510692539,0.718893588449163,0.209732791492725,3.42766423568104,0.000608797926662518,0.00735873210530955,"SRSF7","COPs"
"CORO1C",6.18764987837907,1.06112686068985,0.3095183048428,3.42831698186245,0.0006073358798375,0.00735873210530955,"CORO1C","COPs"
"SYNDIG1",10.7240119036296,-0.610573197772353,0.178124154997452,-3.42779561694532,0.000608503390667232,0.00735873210530955,"SYNDIG1","COPs"
"ATP5F1A",3.84788008309003,-1.52838052922636,0.446052646633397,-3.42645770799004,0.000611508981188127,0.0073793443996337,"ATP5F1A","COPs"
"MBD5",19.0318653800089,-0.48403287403344,0.141392226205774,-3.42333441535186,0.000618579257412361,0.00740377815927324,"MBD5","COPs"
"TMEFF2",52.1671709678934,-0.564895099304623,0.164949505356814,-3.42465470316299,0.000615581258353148,0.00740377815927324,"TMEFF2","COPs"
"MAGI1",16.7477459132002,-0.593646291284541,0.173333413441826,-3.42488086686056,0.000615069063143517,0.00740377815927324,"MAGI1","COPs"
"TET1",1.65883856635657,-2.06046878385476,0.601865899767356,-3.42346822548214,0.000618274795045063,0.00740377815927324,"TET1","COPs"
"FAM50A",4.03377658972084,1.16525135165396,0.340312575244805,3.42406198423828,0.000616925478554915,0.00740377815927324,"FAM50A","COPs"
"ARHGEF12",8.00192116961984,0.734792099743701,0.214781660373295,3.42111192578834,0.0006236566020148,0.00744635257544884,"ARHGEF12","COPs"
"PER1",5.04129775813739,1.86413605391269,0.544927240820232,3.42088982578071,0.000624166121562088,0.00744635257544884,"PER1","COPs"
"CDH10",3.33199732856485,-3.15992465438427,0.924025071535599,-3.41973908687663,0.000626812238576559,0.00746578148447437,"CDH10","COPs"
"SH3GL2",4.06743450996785,-3.48903880503592,1.0228821536811,-3.41098805222062,0.000647279277591382,0.00769706330581519,"SH3GL2","COPs"
"NDUFV1",8.2290518964397,0.920998567398753,0.270290292608029,3.40744226702351,0.000655747792167362,0.00778514814099019,"NDUFV1","COPs"
"NUS1",2.79052944249613,-1.07592921729231,0.315807470783234,-3.40691502523324,0.000657015784558505,0.0077876006644681,"NUS1","COPs"
"DCAF11",1.22206766669472,1.7594631616551,0.516571509736576,3.40603987732953,0.000659125509495947,0.0078000062309222,"DCAF11","COPs"
"BNIP3",2.09331138223687,-1.42122561515211,0.418019305931542,-3.3999042507976,0.000674094537772064,0.00796430213145513,"BNIP3","COPs"
"FDFT1",7.44492742162222,0.856023776364291,0.251899067814362,3.39828084236954,0.000678107693603086,0.00799883625074894,"FDFT1","COPs"
"CUL4A",5.46947507192859,0.804848570197616,0.236934169970859,3.39692907230986,0.000681466279075507,0.00802555070558105,"CUL4A","COPs"
"ENSG00000225689",3.24731659774716,-3.4275835329791,1.00945529120549,-3.3954782969,0.000685088050664755,0.00805527408289632,"ENSG00000225689","COPs"
"HNRNPUL1",3.61221559560954,1.09377764217043,0.322204860350704,3.39466524800373,0.00068712559233586,0.00806630475354913,"HNRNPUL1","COPs"
"LINC01344",1.50470473969175,1.99731870401079,0.588979508594566,3.3911514320368,0.000695996334368781,0.00813140940328622,"LINC01344","COPs"
"GPM6A",20.4728101660649,-1.69665774974245,0.500255165760101,-3.39158466692593,0.000694896895251903,0.00813140940328622,"GPM6A","COPs"
"CCT6B",0.708246303149118,2.22850744661578,0.6569997666679,3.3919455678319,0.000693982253830249,0.00813140940328622,"CCT6B","COPs"
"PRDX1",10.8604738743221,0.702870934187743,0.207422753916677,3.38859127514086,0.000702526429024087,0.00819465247972929,"PRDX1","COPs"
"MMS22L",2.9346952304025,1.00205965231647,0.295835713697586,3.38721664058726,0.000706056104925301,0.00820972051004268,"MMS22L","COPs"
"LINGO3",3.02361897096937,3.9656739529486,1.17072965011422,3.38735245371269,0.00070570664269229,0.00820972051004268,"LINGO3","COPs"
"STXBP6",9.48479878573803,-0.91584357740003,0.270522828638856,-3.38545764144241,0.000710596757038781,0.00824944368100243,"STXBP6","COPs"
"YBX1",5.97003701309868,0.777412858549161,0.22970918195955,3.38433514898006,0.000713508507105039,0.00825711658774396,"YBX1","COPs"
"CNTRL",3.60627109077694,1.03137005224462,0.304738814531929,3.38443940536021,0.000713237599351676,0.00825711658774396,"CNTRL","COPs"
"LINC01122",4.50777479498356,-1.41465516737369,0.418130980666429,-3.38328235118808,0.000716249539852945,0.00826991640956625,"LINC01122","COPs"
"BBS7",2.00582754530453,1.44373952343005,0.426757410931275,3.3830449957026,0.000716868861453473,0.00826991640956625,"BBS7","COPs"
"NPC1",11.83602981407,0.805555771609887,0.238161898048125,3.38238726770271,0.000718587643785461,0.00827673083587744,"NPC1","COPs"
"NUP205",2.20338317446684,1.30349223381959,0.385434608886221,3.38187646819326,0.000719925111336431,0.00827913878036896,"NUP205","COPs"
"DPH7",3.13796949212103,1.41911516963637,0.419732420944146,3.38099965317003,0.000722226340393144,0.0082926051008834,"DPH7","COPs"
"WDR41",3.6628411031816,-0.94193205795614,0.278783870709145,-3.37871791348667,0.000728246908717542,0.0083486680769697,"WDR41","COPs"
"FAR2",3.72254460768667,1.63190966823812,0.483125221833031,3.37781923710476,0.000730630915772206,0.00836293140252836,"FAR2","COPs"
"TLN2",3.82549944247626,-1.30269477279184,0.38572932363469,-3.3772251497933,0.000732210887596795,0.00836796149890605,"TLN2","COPs"
"MKLN1",26.6693178818853,0.430058126043091,0.127364672376304,3.3765887982852,0.000733906780796635,0.00837429867916782,"MKLN1","COPs"
"CSMD3",19.3765100042054,-1.00965531400708,0.299281252558514,-3.37360026856236,0.000741920201896611,0.00845259087160781,"CSMD3","COPs"
"AQR",4.9812203131884,1.17666188346683,0.348840973383565,3.37306100270809,0.000743374811673223,0.00845603254766889,"AQR","COPs"
"ENSG00000290993",3.07657695036847,1.03737800214419,0.307743468457519,3.37091801604682,0.00074918149630812,0.00850889262912179,"RPL32P3","COPs"
"RBM27",2.00689568571042,1.21897474653132,0.361667940862891,3.3704252127601,0.000750522750670981,0.00851095119269395,"RBM27","COPs"
"DISC1",6.47323132951868,-0.767380337012341,0.227722565340772,-3.36980367256976,0.000752217565875983,0.00851700660622236,"DISC1","COPs"
"CNIH3",2.01398514758661,1.58833796988105,0.471652437717085,3.36760258797559,0.00075824810167018,0.00857205904769508,"CNIH3","COPs"
"ADD3",20.9610474988165,0.501571214527821,0.149005687375786,3.36612127604821,0.000762331842217572,0.00860496727130819,"ADD3","COPs"
"KIFBP",1.86803992888259,1.47582893292086,0.438662898817988,3.36438056853589,0.000767156790382683,0.00864612806611021,"KIFBP","COPs"
"INO80D",4.16280829980927,0.99473795398574,0.295792744134981,3.36295589972892,0.000771126814519579,0.00867754208302171,"INO80D","COPs"
"WASF2",4.67137955593097,0.923311442742673,0.274618303664108,3.36216279258645,0.00077334516648455,0.00868917838667251,"WASF2","COPs"
"CACNA2D3",3.67080593716402,-2.99456154767902,0.891090597070522,-3.36055790233193,0.000777852242978671,0.00872645551488457,"CACNA2D3","COPs"
"DYNC2LI1",2.32109726294013,1.14382643907687,0.340638117065616,3.35789326494116,0.000785389336950916,0.00879185614828597,"DYNC2LI1","COPs"
"CALM2",45.3456085514306,-0.596017568360167,0.177521931666146,-3.35743061584672,0.000786704855283688,0.00879185614828597,"CALM2","COPs"
"ENSG00000271860",9.9099642490563,-0.728918221596353,0.217118959306585,-3.35722971372149,0.000787276746548164,0.00879185614828597,"LOC101927314","COPs"
"AMER2",24.1553933309307,0.731379313323213,0.217933582974953,3.35597342703841,0.000790861672587358,0.0088184682245797,"AMER2","COPs"
"ZNF197",2.57456270465137,1.56973364076991,0.468292354015903,3.35203773307091,0.000802190845241375,0.00893122038169343,"ZNF197","COPs"
"ENSG00000259048",3.85417766052505,-1.10966497444764,0.331117897780895,-3.35126848136104,0.000804422710916037,0.00894249913634995,"ENSG00000259048","COPs"
"ZNF254",3.53710157836967,1.034230899409,0.308662060659152,3.35069006278382,0.000806104697419862,0.00894764018906131,"ZNF254","COPs"
"KDM2A",5.74729359995992,0.711600036609789,0.212474216350107,3.34911241859691,0.000810708941658319,0.00898515333073577,"KDM2A","COPs"
"RAP1A",14.9549182859452,0.572821625162904,0.171139658645009,3.34710043071369,0.000816616192561488,0.00902606058336736,"RAP1A","COPs"
"PCAT1",0.790175883085626,1.95467264463766,0.584004297493657,3.34701756995014,0.000816860328111752,0.00902606058336736,"PCAT1","COPs"
"RTCB",2.31898610426431,1.33033996886848,0.397614426792638,3.34580407355862,0.000820443461374441,0.00905202056557033,"RTCB","COPs"
"IFI16",2.50149678150184,1.15061612551039,0.344032798674595,3.34449543747922,0.000824323855177387,0.00906756240695125,"IFI16","COPs"
"MAP1LC3A",4.68174843614234,0.968266702159266,0.28948741204516,3.34476271461578,0.000823529938739915,0.00906756240695125,"MAP1LC3A","COPs"
"ASAP1",10.0264166589237,0.594028024916651,0.177991720843938,3.33739132415878,0.00084568786912726,0.00928864056255494,"ASAP1","COPs"
"IQGAP1",12.7302572647567,0.515306662444596,0.154490410381606,3.33552523533169,0.000851384262166643,0.00933722919509217,"IQGAP1","COPs"
"USP1",0.986071962930235,1.66431731497804,0.499048849344195,3.33497876443386,0.000853059134387414,0.0093416341328365,"USP1","COPs"
"CIR1",3.07745960496201,1.15879733997428,0.347952786665695,3.33032924115544,0.000867433498818924,0.00948488760183971,"CIR1","COPs"
"TAFA1",3.30318418521421,-3.98529395759448,1.19712834404773,-3.32904485756257,0.000871443676722477,0.0095145569287393,"TAFA1","COPs"
"RNF149",4.31751405483722,0.893074442640338,0.268387221540091,3.32755947736853,0.000876102849683503,0.00953704244529357,"RNF149","COPs"
"PLEKHF1",1.01571896313377,1.66486685436842,0.500291014152308,3.32779683678581,0.00087535678036778,0.00953704244529357,"PLEKHF1","COPs"
"DNAAF9",10.3444592812425,-0.551247929331677,0.1657860951545,-3.32505526967118,0.000884010087983932,0.00960886224524165,"DNAAF9","COPs"
"DYNC1H1",9.8909586187197,0.640298849715065,0.192796325746711,3.32111541667172,0.000896584522368075,0.00973112520800972,"DYNC1H1","COPs"
"NEK7",9.66102824332749,0.762329073331869,0.229580980382787,3.32052364294645,0.000898487485015561,0.00973242279136177,"NEK7","COPs"
"RRP1",2.20418258664014,1.42870356667645,0.430299528655921,3.32025361761174,0.000899357046823399,0.00973242279136177,"RRP1","COPs"
"IDH2",2.68771165552266,-1.02858773506219,0.309987233656778,-3.3181615995227,0.000906120444451988,0.00979117187178827,"IDH2","COPs"
"FYTTD1",2.77870418044689,1.30465829325342,0.393851185834648,3.31256662459603,0.000924441046493056,0.0099598002321873,"FYTTD1","COPs"
"KCTD20",1.90726460315292,1.29713416046149,0.391554853001199,3.3127776364389,0.00092374391093346,0.0099598002321873,"KCTD20","COPs"
"FN3KRP",1.52786201436874,1.53058304214017,0.462148094462317,3.3118886791493,0.000926684125888818,0.00996932761238455,"FN3KRP","COPs"
"XPO7",6.7674591535077,0.906969010219053,0.274099940264469,3.30889897073291,0.000936636288348725,0.01006164047967,"XPO7","COPs"
"FAM178B",2.34619115398072,1.12423013963037,0.339801821155835,3.30848768204451,0.000938013110873745,0.0100616991147378,"FAM178B","COPs"
"MAP3K11",5.12418297680576,1.4713975436231,0.445122641697554,3.30560031278497,0.000947731726415232,0.0101511060973848,"MAP3K11","COPs"
"RPS27A",17.5812510188549,-0.663837289267225,0.200938181126499,-3.30368915228367,0.00095421572692098,0.0102056571259756,"RPS27A","COPs"
"CEP85",1.61364391927688,1.47060571739907,0.445205480921508,3.30320667740914,0.000955859104340551,0.0102083526179718,"CEP85","COPs"
"ENSG00000253553",3.60791294507887,-4.50981850349245,1.36564890793176,-3.30232644517869,0.000958864055332238,0.0102255604272858,"ENSG00000253553","COPs"
"EMSY",5.53322911151788,0.99215511978803,0.300759065207521,3.29883695809285,0.000970862822638525,0.0103118920410275,"EMSY","COPs"
"BHLHE41",3.50481443029348,-0.965627324078573,0.292725536280095,-3.29874645153818,0.000971175875746217,0.0103118920410275,"BHLHE41","COPs"
"ICOSLG",3.92741241753155,1.12460680600035,0.340899859811973,3.29893595914248,0.000970520494944044,0.0103118920410275,"ICOSLG","COPs"
"ZNF18",0.923201906149674,1.77579521477487,0.538759411609643,3.29608202939668,0.000980433835651269,0.0103951489193257,"ZNF18","COPs"
"PEX1",3.50418707711079,0.958336759526213,0.290809509603017,3.29541066533359,0.000982779452456499,0.0104049824569601,"PEX1","COPs"
"LONP1",2.65660888619235,1.49153385532997,0.452824078608886,3.29384837465377,0.000988257924403327,0.0104479083448807,"LONP1","COPs"
"YIF1A",1.95466113405797,-1.20740508153394,0.367167407335492,-3.28843208142028,0.0010074708953255,0.0106357035381341,"YIF1A","COPs"
"ZNF700",1.22077861355871,1.52841744907565,0.464965696845606,3.28716173998351,0.00101202689983381,0.010668450235748,"ZNF700","COPs"
"MAST2",3.70577835996935,1.0461610103038,0.318459973526901,3.28506279366197,0.00101959645480387,0.0107328252351449,"MAST2","COPs"
"RTCA",2.38659076745352,1.28335306341266,0.39085044155713,3.28348884115325,0.00102530703763981,0.0107774752652769,"RTCA","COPs"
"TXNDC12",1.56856436953038,1.84335987366377,0.561586674241246,3.28241384316021,0.001029224321161,0.0107877412062261,"TXNDC12","COPs"
"RILPL1",4.49679638454526,0.881855149540078,0.268658706043717,3.28243652523428,0.0010291415250323,0.0107877412062261,"RILPL1","COPs"
"GAMT",3.50484019178627,-1.12941502810485,0.344208435551442,-3.281195088364,0.0010336822039126,0.010819010456643,"GAMT","COPs"
"MAIP1",1.67898471206361,1.37595178156623,0.419473766852098,3.28018553315486,0.001037388413687,0.0108423344604295,"MAIP1","COPs"
"SCGB2B2",3.02938510740089,-1.06639410302233,0.325145468731874,-3.27974462378781,0.00103901090465981,0.0108438449608663,"SCGB2B2","COPs"
"RAB3GAP1",6.89109477571174,0.724558298536127,0.221174063114159,3.2759641358225,0.00105301931873084,0.0109588691369194,"RAB3GAP1","COPs"
"USP16",8.16623075579485,0.726748664266086,0.221837633874477,3.27603865752239,0.0010527415019847,0.0109588691369194,"USP16","COPs"
"JUP",2.69539630108642,1.76579356448326,0.539241765058378,3.27458605564814,0.00105816903990502,0.0109968643707976,"JUP","COPs"
"GOLPH3",3.80328632465757,0.99721420073555,0.304678650364519,3.27300321024292,0.00106411268981837,0.011042991237903,"GOLPH3","COPs"
"LINC01170",20.5788251507575,-0.921097213892463,0.281457675878091,-3.27259582109042,0.00106564744251275,0.0110432984261526,"LINC01170","COPs"
"PCLO",5.94342630337916,-2.13910042805095,0.653772260043842,-3.27193513519143,0.00106814079124787,0.011053524662039,"PCLO","COPs"
"METTL7A",4.87941077630537,1.3612580712976,0.416303895102868,3.26986628592853,0.00107598332894538,0.0111189995555947,"METTL7A","COPs"
"RPS15A",8.77499868970459,-0.927506978392306,0.28375701573218,-3.26866624248585,0.00108055679481248,0.0111367944462177,"RPS15A","COPs"
"TSEN54",2.45724383545697,-1.26232426871642,0.386195107183229,-3.26861797375779,0.00108074112657857,0.0111367944462177,"TSEN54","COPs"
"SLTM",10.2136501627908,0.740704718248729,0.226701249104773,3.26731644035363,0.00108572248628591,0.0111724346169421,"SLTM","COPs"
"SEZ6L2",2.29368801060344,1.52615290670346,0.467677732209553,3.26325758443344,0.00110139364601066,0.0113178223820452,"SEZ6L2","COPs"
"SPG11",7.43711578306574,0.789645554172941,0.242102947897201,3.26161065377953,0.00110781186184256,0.011367854028446,"SPG11","COPs"
"CCDC107",2.25890222807061,1.2331674948403,0.378153720360666,3.26102171800441,0.00111011537240691,0.0113755816862423,"CCDC107","COPs"
"BAALC",7.11434344430215,0.876657611454384,0.268954275286811,3.25950428012167,0.00111607096522703,0.0114206592355241,"BAALC","COPs"
"SQSTM1",7.8935765038646,0.754450729374889,0.231668013091792,3.25660292634339,0.00112754042815639,0.0114899501685881,"SQSTM1","COPs"
"TM7SF3",3.42549955050846,-1.02659802291652,0.315212071968277,-3.25684868763477,0.00112656469107713,0.0114899501685881,"TM7SF3","COPs"
"SNAP25",11.2259573888398,-1.95957578851834,0.601705421926206,-3.2567028933282,0.00112714343866021,0.0114899501685881,"SNAP25","COPs"
"CRB2",1.72969235484139,1.59379890687845,0.489556078273806,3.25560028280774,0.00113152928843861,0.0115146052555812,"CRB2","COPs"
"TECR",12.1766963110394,1.07870524478917,0.331432908495948,3.25467151009344,0.00113523590021923,0.0115363238225879,"TECR","COPs"
"P2RX7",10.3793537878508,0.718940458689655,0.220937848212109,3.25403938033942,0.00113776506419864,0.0115460335767987,"P2RX7","COPs"
"KCMF1",3.73724145365822,1.11711546509264,0.343418872817396,3.25292391745353,0.00114224076286667,0.011575442648001,"KCMF1","COPs"
"THRB",4.48283590894886,-2.16497770580867,0.665811953769886,-3.25163538075635,0.00114743116077314,0.0116120033470242,"THRB","COPs"
"ENSG00000229618",3.12016425434747,-3.14148591127914,0.966853128420763,-3.24918627135269,0.00115735664384466,0.0116963163855211,"ENSG00000229618","COPs"
"EEIG1",8.96819271211323,0.928674027697307,0.285925312767175,3.24796017082095,0.00116235540129839,0.0117306761751393,"EEIG1","COPs"
"SFXN3",1.85115772532347,1.58966666245379,0.489519375677199,3.24740294550067,0.00116463377227152,0.0117375247076321,"SFXN3","COPs"
"CDK11A",1.82983898017908,1.41087437615574,0.434758320801573,3.24519234860067,0.00117371313704626,0.0118122308985342,"CDK11A","COPs"
"SEC22A",3.0922701509854,1.12909157774713,0.347967851593952,3.24481578563954,0.00117526626086002,0.0118122308985342,"SEC22A","COPs"
"KCNH7",4.45054713922388,-3.04328634494954,0.938296893108679,-3.24341513576455,0.00118105988756282,0.011812674120648,"KCNH7","COPs"
"SEMA3C",3.52318306704282,1.41849190928999,0.437419929546343,3.24286072370121,0.00118336043051332,0.011812674120648,"SEMA3C","COPs"
"CERS5",4.63331135807814,1.5394609868059,0.474587594843326,3.24378682361918,0.00117951987673723,0.011812674120648,"CERS5","COPs"
"SMDT1",3.62699529376966,-1.491106116531,0.459641282972042,-3.24406482135264,0.00117836926440005,0.011812674120648,"SMDT1","COPs"
"PRKX",1.54950782313926,1.70026235924082,0.524260743012278,3.24316169368608,0.00118211103683645,0.011812674120648,"PRKX","COPs"
"CAMK2D",19.9952845383381,0.851764578114575,0.262725527225666,3.2420320442747,0.00118680677129226,0.0118149271112229,"CAMK2D","COPs"
"SFRP1",3.88085176052295,1.24043319580417,0.382576844680785,3.24231121943399,0.00118564469346989,0.0118149271112229,"SFRP1","COPs"
"KCTD16",4.98645232708134,-3.28589592172992,1.01450191614064,-3.23892529866292,0.00119980993237674,0.0119281916989812,"KCTD16","COPs"
"NEBL",6.86102525232774,-1.60257520820745,0.495184528490203,-3.23631922243943,0.00121081893530579,0.0120051061193764,"NEBL","COPs"
"METTL25",6.92738922052993,-0.843131742046134,0.260513676533387,-3.23642026501468,0.00121039036219811,0.0120051061193764,"METTL25","COPs"
"MAGED1",5.54209046760108,-0.823401913257367,0.254972538252779,-3.22937489229153,0.00124061148611236,0.012283895375987,"MAGED1","COPs"
"ENSG00000231533",2.36881123719111,-2.05415061490096,0.636980370638634,-3.22482561407893,0.00126049423783295,0.012463943696739,"ENSG00000231533","COPs"
"CAAP1",2.26762619036141,1.1996556577653,0.37205143785393,3.22443494556871,0.00126221531075251,0.0124641638425184,"CAAP1","COPs"
"TRAF4",3.82431971475381,1.47004034394645,0.456179864895619,3.22250159875606,0.00127076456570407,0.0125317199174338,"TRAF4","COPs"
"ATG13",7.41634031994443,0.747955160979768,0.232302741279602,3.21974315438457,0.00128305497349447,0.0126209456855913,"ATG13","COPs"
"GGA1",4.31094101283255,1.13850403190953,0.35360573914939,3.21969896373356,0.00128325275745551,0.0126209456855913,"GGA1","COPs"
"GTF3C2",1.44643598738166,1.32549632637545,0.411923260329069,3.21782344924287,0.0012916729817219,0.0126867532354667,"GTF3C2","COPs"
"ANGPT2",1.04223060383985,1.7945533277358,0.558328711111679,3.21415197180653,0.00130830408857805,0.012818368278917,"ANGPT2","COPs"
"NAA16",4.78483855220894,0.960770535994229,0.298924197175017,3.21409422547252,0.00130856724014022,0.012818368278917,"NAA16","COPs"
"LRSAM1",1.97212035779204,1.2724957621139,0.396415567185417,3.21000451911797,0.00132732885474173,0.0129245441930548,"LRSAM1","COPs"
"TTC9C",0.694394388367482,1.89224618407415,0.589492295991917,3.20995914100986,0.00132753841305401,0.0129245441930548,"TTC9C","COPs"
"SEL1L",5.357961929622,0.957957985813815,0.298446675697262,3.20981288726281,0.00132821402774476,0.0129245441930548,"SEL1L","COPs"
"ZNF461",1.20130839548036,1.61039771050146,0.501496396185765,3.21118501099842,0.00132188799932865,0.0129245441930548,"ZNF461","COPs"
"ENSG00000289001",4.66605818839522,1.24831907995581,0.388817957649594,3.21054893529586,0.00132481709294766,0.0129245441930548,"ENSG00000289001","COPs"
"SGCZ",9.33540612122547,-1.57505988151376,0.490894577882021,-3.208550170404,0.0013340603169634,0.0129299875106479,"SGCZ","COPs"
"NUP107",4.61754940032411,1.37334192205747,0.427989664807997,3.2088202939984,0.00133280767132268,0.0129299875106479,"NUP107","COPs"
"EFNB2",1.5575302569959,1.3584772243221,0.423387632555416,3.20858976470998,0.00133387663815457,0.0129299875106479,"EFNB2","COPs"
"SLC38A2",19.42945499016,0.942776768785654,0.293896180165196,3.2078564895118,0.00133728210525591,0.0129441145201354,"SLC38A2","COPs"
"SYN3",3.39038795803497,-3.93874472739851,1.22810712275089,-3.20716707397312,0.00134049119429863,0.0129580815448868,"SYN3","COPs"
"CSNK1G3",2.64852036394567,-1.23098740420788,0.384549599742342,-3.2011147717555,0.00136896991807008,0.0131812759696591,"CSNK1G3","COPs"
"CHORDC1",5.01954628751537,1.51557352378571,0.473406744334736,3.20141937545798,0.00136752339204007,0.0131812759696591,"CHORDC1","COPs"
"PHLDB1",23.4097354390718,0.80305439719055,0.250852101023863,3.20130624345123,0.00136806047756742,0.0131812759696591,"PHLDB1","COPs"
"DENND1A",9.07212145781412,-0.925659240023714,0.289217024739904,-3.20056967896744,0.00137156202056233,0.0131864803801933,"DENND1A","COPs"
"SCML1",3.4490305206828,1.47314490677034,0.460322443871168,3.2002456677577,0.00137310494895293,0.0131864803801933,"SCML1","COPs"
"COPS8",2.83510577823167,1.55649052846977,0.486720612090401,3.19791373080513,0.00138425684786893,0.0132761993370122,"COPS8","COPs"
"ABHD15-AS1",0.806321666004397,1.84705492138044,0.57775415667916,3.19695652558698,0.00138885857229035,0.0133029443144834,"ABHD15-AS1","COPs"
"PLIN3",2.81655671647451,1.53366510214041,0.479836540119414,3.19622407613796,0.00139238931555223,0.013319374717349,"PLIN3","COPs"
"GALNT15",2.58312556981572,1.01251133589313,0.31692846283603,3.1947630289583,0.00139945696989263,0.0133695518074248,"GALNT15","COPs"
"GARS1",3.68232064407218,1.17235854007043,0.367052591024814,3.19397974224129,0.00140325963975192,0.013388447304109,"GARS1","COPs"
"ENTPD1-AS1",8.47252639421309,-0.730710443608806,0.228913804154207,-3.19207680073572,0.00141253768972342,0.0134594662720789,"ENTPD1-AS1","COPs"
"NAPEPLD",9.78706162464395,-0.55241740328516,0.173136037042385,-3.19065523689863,0.00141950558859407,0.0134950680037358,"NAPEPLD","COPs"
"ELF1",7.13274726667171,0.694466387202872,0.21766256136904,3.19056425154083,0.00141995263716561,0.0134950680037358,"ELF1","COPs"
"YTHDF2",2.12656465559005,1.21322863660047,0.380826414990564,3.18577858269241,0.00144365038403039,0.0135999174365562,"YTHDF2","COPs"
"ATP1A1",10.2472354255634,0.794270160320764,0.249291500505122,3.18611007078617,0.0014419972383342,0.0135999174365562,"ATP1A1","COPs"
"PRELID1",1.75494394781542,1.29170729987578,0.405468376592177,3.18571650576585,0.00144396015852218,0.0135999174365562,"PRELID1","COPs"
"ECPAS",12.5479291069876,0.506997750544958,0.159146550400424,3.18572880951121,0.00144389875585846,0.0135999174365562,"ECPAS","COPs"
"NUMA1",9.38560893902191,1.26094881023938,0.395659013391997,3.18695838476983,0.00143777460240655,0.0135999174365562,"NUMA1","COPs"
"ZNF880",1.44363975550959,1.50238406487474,0.471361820869233,3.18732658937928,0.00143594534724176,0.0135999174365562,"ZNF880","COPs"
"SEC14L2",1.87466681693304,1.40317186225429,0.440348192243338,3.1865053313967,0.00144002833708672,0.0135999174365562,"SEC14L2","COPs"
"ENSG00000249207",2.41546417385393,1.53430183483915,0.48179649627277,3.18454336365804,0.00144982587016292,0.0136201951464601,"ENSG00000249207","COPs"
"BLTP3B",2.31364495470128,1.19612563622752,0.375570282289275,3.18482503177988,0.00144841552924216,0.0136201951464601,"BLTP3B","COPs"
"HNRNPM",9.44113016657877,0.769702026446247,0.241758808966181,3.18376000335905,0.00145375489260064,0.0136396414923413,"HNRNPM","COPs"
"NOS1AP",1.76764594165224,-1.24196074976998,0.390342165447867,-3.18172326667551,0.00146401632262729,0.0137089430016096,"NOS1AP","COPs"
"SEC23B",1.53195525942688,1.44171162041249,0.453147161797909,3.18155279775414,0.00146487819452936,0.0137089430016096,"SEC23B","COPs"
"DHX38",1.71357748658738,1.39634544570809,0.439038351492978,3.18046348561516,0.00147039668529196,0.0137430579362893,"DHX38","COPs"
"EPS15",16.931388942053,0.734411568707777,0.231004166518933,3.1792135171189,0.00147675266731363,0.0137849037151147,"EPS15","COPs"
"MRPS6",1.50446624334253,1.42190343909283,0.447585012578603,3.17683434237673,0.00148892057178482,0.0138808262200575,"MRPS6","COPs"
"HEATR5B",4.48397200614392,1.02465264105491,0.322630693505255,3.17593044208678,0.00149356758856715,0.0139064789306056,"HEATR5B","COPs"
"TARBP1",5.02447086227798,-1.1448245630615,0.360718462843345,-3.17373431356266,0.00150491377267787,0.0139943629279309,"TARBP1","COPs"
"CPE",6.40145572723143,-1.28718445115918,0.405870390872464,-3.17141747736816,0.00151696961754191,0.0140886152960823,"CPE","COPs"
"METTL23",1.61403274306573,1.44802520205502,0.45673836312405,3.17036036156599,0.00152249990799005,0.014122100916464,"METTL23","COPs"
"THRAP3",6.12951786043153,0.838373637113955,0.264554670658456,3.16899956832102,0.0015296462232982,0.014170472651943,"THRAP3","COPs"
"CCDC174",2.56613793795169,1.11320638114556,0.351323706641891,3.16860593264851,0.0015317191864592,0.0141707763496773,"CCDC174","COPs"
"CAPRIN2",1.89466239762992,1.27173443929024,0.401398352708188,3.16826023502588,0.00153354183203541,0.0141707763496773,"CAPRIN2","COPs"
"TRAPPC13",3.35523552931085,0.905175472140137,0.285785093687817,3.16732919992295,0.0015384605320394,0.0141983458158152,"TRAPPC13","COPs"
"CNTN1",11.7501198259365,-1.35218778036734,0.427850494588846,-3.16042121598284,0.00157541204198492,0.0145211032060846,"CNTN1","COPs"
"LRRTM2",1.93264054081441,1.42354754865481,0.450526140324092,3.15974462132377,0.00157907481001858,0.0145249575538428,"LRRTM2","COPs"
"NDRG2",39.2261071192047,1.27043797565557,0.402086607942355,3.15961275645794,0.00157978957720684,0.0145249575538428,"NDRG2","COPs"
"ATP5ME",18.8772488805436,1.01749985608928,0.322102306801351,3.15893377540075,0.00158347467942604,0.0145406179260937,"ATP5ME","COPs"
"MTSS1",6.82696671917875,-0.749737577150356,0.237463581961493,-3.15727393210101,0.00159251665946331,0.0146053684131029,"MTSS1","COPs"
"GUK1",8.93433487785058,0.907433154083911,0.287458130995844,3.15674895310939,0.00159538635624092,0.0146134203442443,"GUK1","COPs"
"PCDH10-DT",4.55280236616468,-0.764031287887818,0.242200368985236,-3.15454221266852,0.00160750121547078,0.0147060304462707,"PCDH10-DT","COPs"
"ENSG00000240291",0.792876841098106,1.79425169057981,0.569645027457882,3.14977153155695,0.00163398188493613,0.0149296700993479,"ENSG00000240291","COPs"
"UBR2",8.75295931746561,0.639754912211877,0.2031557987865,3.14908516534252,0.00163782456742285,0.0149461677253501,"UBR2","COPs"
"COIL",0.829226527564064,1.74591039527807,0.554531464583575,3.14844243615493,0.00164143048234005,0.014960466396185,"COIL","COPs"
"SPOCK1",60.7030515568372,0.497333555615903,0.158043572191925,3.14681292455191,0.00165060532499674,0.0150068045470893,"SPOCK1","COPs"
"LSS",10.0688649494948,0.824371757351089,0.261958977962282,3.14694981543937,0.00164983275939888,0.0150068045470893,"LSS","COPs"
"C2orf76",2.31975873775663,-1.43366881248753,0.45573096237161,-3.14586659863259,0.00165595517789595,0.0150368108171072,"C2orf76","COPs"
"ANKRD30BL",2.12638134393832,-4.12969217754823,1.31295724027666,-3.14533638329153,0.00165895960712484,0.0150454717397713,"ANKRD30BL","COPs"
"DCLK1",5.73507116860234,-2.68041596710543,0.853705856217434,-3.13974180636609,0.00169096797108258,0.0153057763677609,"DCLK1","COPs"
"TM9SF2",3.35762636758106,0.995480981229573,0.317073376233908,3.13959182903833,0.00169183380594985,0.0153057763677609,"TM9SF2","COPs"
"EMC1-AS1",1.37248834637841,1.71373567627508,0.546028443227205,3.13854653092127,0.001697879756971,0.015341556375488,"EMC1-AS1","COPs"
"GNAQ",28.0146847628482,-0.477857411946871,0.152300103854782,-3.13760397959089,0.0017033484584617,0.0153720389172613,"GNAQ","COPs"
"POLE4",2.18690458017253,1.16048501224686,0.370316290031938,3.13376711606928,0.0017257776355156,0.0155362337567828,"POLE4","COPs"
"CLK4",4.54920638154386,0.768223568312077,0.245141864916109,3.13379180897956,0.00172563242373449,0.0155362337567828,"CLK4","COPs"
"SPICE1",0.718181365017354,1.95431388077568,0.624029811531776,3.13176365080783,0.00173759694083521,0.0155865614162489,"SPICE1","COPs"
"RBIS",3.10245359072871,0.965100349034839,0.308186749196874,3.1315439471355,0.00173889758623309,0.0155865614162489,"RBIS","COPs"
"ATL1",9.09301622350664,-0.610334924901434,0.19489866342593,-3.13155007927178,0.00173886127185467,0.0155865614162489,"ATL1","COPs"
"SUN2",41.1037188258155,0.999873300056299,0.319307503482341,3.13138053178132,0.00173986558537656,0.0155865614162489,"SUN2","COPs"
"RPAP3",1.86786868067474,1.38103020018165,0.441182731346185,3.1302906982957,0.00174633395092669,0.0156190135524599,"RPAP3","COPs"
"PSMD12",2.32457589272325,1.08903528749918,0.347928668230151,3.13005333259516,0.0017477456898691,0.0156190135524599,"PSMD12","COPs"
"IKZF2",7.17052483950115,0.637735065324775,0.203819455219581,3.12892144980823,0.00175449203677472,0.0156222232244785,"IKZF2","COPs"
"NUMB",5.04213165135467,-0.696994983304226,0.222714097166291,-3.12955036152835,0.0017507405920982,0.0156222232244785,"NUMB","COPs"
"KHSRP",1.96223196225893,1.18654559465935,0.379218733079065,3.12892136162473,0.0017544925633052,0.0156222232244785,"KHSRP","COPs"
"SRGAP1",7.85036365075963,0.654639987363495,0.20931785100978,3.12749239592045,0.00176304380444094,0.0156793362341614,"SRGAP1","COPs"
"SLC4A7",4.01664347388816,-1.58176313660941,0.50583809577051,-3.12701465119984,0.00176591126829074,0.0156858244254832,"SLC4A7","COPs"
"ALCAM",40.7216048430886,-0.336015558772982,0.107747705127683,-3.11854028236423,0.00181749295687606,0.0161244810454651,"ALCAM","COPs"
"PCDH9-AS2",13.8481543945175,-0.729830945495859,0.234346407311591,-3.11432530102954,0.00184366099811268,0.0163368849554984,"PCDH9-AS2","COPs"
"ENSG00000258526",5.04128451739483,-1.42419665538895,0.457483030506281,-3.11311362481104,0.00185124730363442,0.016372184957445,"LOC105370460","COPs"
"SREBF2",12.1150451675844,0.534663077937573,0.171753007731158,3.11297650620752,0.00185210760728899,0.016372184957445,"SREBF2","COPs"
"ENSG00000267053",2.70683924661013,1.44614649174678,0.464690969288383,3.11206067542344,0.00185786309955695,0.0164032991112507,"CYKILR","COPs"
"ARHGAP35",7.04327365298738,-0.602917643006318,0.193770397256101,-3.11150542881666,0.00186136051492273,0.0164144255985433,"ARHGAP35","COPs"
"DDR2",0.85241757336804,1.88640679764467,0.606489120460603,3.11037203142576,0.0018685183971741,0.0164577664826727,"DDR2","COPs"
"FNDC3B",2.67154963915598,1.06166547506864,0.341472062801387,3.10908443390329,0.00187668079340048,0.0165098405050112,"FNDC3B","COPs"
"TESK2",4.54129521094865,0.816101451845025,0.262566683493992,3.1081683364588,0.00188250808709033,0.0165412716586608,"TESK2","COPs"
"SGK2",1.39762109399159,1.78987354337958,0.576044978959871,3.10717671146348,0.00188883454021263,0.0165770083989714,"SGK2","COPs"
"ENSG00000251600",2.59660769416349,-2.03478157429656,0.655835551629662,-3.10257894565247,0.00191842372346466,0.0168165768925451,"GUSBP5","COPs"
"KIAA0232",8.70626630282372,0.621611709874442,0.200517746449104,3.10003339296565,0.00193498826017598,0.0169415380249536,"KIAA0232","COPs"
"HACE1",3.04200349115471,-1.22581363685063,0.395973209183058,-3.09569841702079,0.00196349954980317,0.0171706748473252,"HACE1","COPs"
"RFX3-DT",7.19622682640657,1.31135442230304,0.423694701679772,3.09504560029679,0.00196782640625596,0.0171880265984524,"RFX3-DT","COPs"
"REPIN1",2.84150328286252,1.75441457194275,0.566927559180133,3.09460096538597,0.00197077844686271,0.0171933430019402,"REPIN1","COPs"
"STPG2",2.73478111923907,-1.14269489158757,0.369337797556689,-3.09390184039364,0.00197542833188083,0.0172070025193781,"STPG2","COPs"
"FOXO3",10.264248557224,-0.506602248496784,0.163754949603415,-3.0936606784936,0.00197703463593237,0.0172070025193781,"FOXO3","COPs"
"DSCAM",7.70756861777965,-2.32842824466955,0.752858968535923,-3.09278143979293,0.00198290112935756,0.0172376132536687,"DSCAM","COPs"
"HSP90AA1",49.9663334010434,0.928342789054673,0.300258059885106,3.09181638424595,0.00198935860426578,0.0172732829343172,"HSP90AA1","COPs"
"CST3",11.1920777915892,-1.27513944185208,0.412546971212731,-3.09089517274518,0.00199554070617069,0.0173064800959508,"CST3","COPs"
"KANSL3",2.83443968960235,1.32699255989412,0.429428360338445,3.09013722067233,0.00200064041693993,0.0173302228324537,"KANSL3","COPs"
"SLC9B1",0.823485398766645,1.94355477743682,0.629267843995709,3.08859700361564,0.00201104028944017,0.017399767221253,"SLC9B1","COPs"
"CLIP4",12.2791400298129,0.724844773657861,0.234765102184025,3.08753203484937,0.00201826017110994,0.0174416665199454,"CLIP4","COPs"
"CTNNA3",141.019745166749,-0.464025284959881,0.150370103869995,-3.08588790602327,0.00202945314579221,0.017498820378589,"CTNNA3","COPs"
"ARL17B",5.06428725271671,-1.06034801541726,0.343615077091385,-3.08585998144446,0.00202964374297114,0.017498820378589,"ARL17B","COPs"
"TLE4",27.8776093007201,0.547382420462006,0.177490272510318,3.08401363477643,0.00204228235397414,0.0175871192853383,"TLE4","COPs"
"ZC3H12B",14.5378412637897,-0.525203619661769,0.170342886325278,-3.08321428027741,0.00204777645996779,0.0176137583666866,"ZC3H12B","COPs"
"ARFGAP1",6.96477880764534,1.24814470488932,0.40498659782462,3.08194076444435,0.00205655757905574,0.0176685748917236,"ARFGAP1","COPs"
"HSD17B4",11.3725085698809,-0.595878104952349,0.193496453173874,-3.07952985792922,0.00207327587655151,0.0177705900774047,"HSD17B4","COPs"
"MID1IP1",10.5887506620209,0.965945817485962,0.313644906715371,3.07974335563672,0.0020717903727969,0.0177705900774047,"MID1IP1","COPs"
"PHACTR1",10.9194451596865,-1.13638174527037,0.369162134894988,-3.07827276379152,0.00208204249071241,0.0178249075313383,"PHACTR1","COPs"
"FBXO38-DT",7.20070751484376,-0.704121882316204,0.229134926518095,-3.07295746229503,0.00211948697655372,0.0180550504217148,"FBXO38-DT","COPs"
"DNAJC7",5.35250103176746,0.930997919837826,0.302918183218402,3.07343029047082,0.00211613120913565,0.0180550504217148,"DNAJC7","COPs"
"NGFR",1.17635784290566,1.47351252341395,0.479480289852752,3.0731451419337,0.00211815438848639,0.0180550504217148,"NGFR","COPs"
"NCOA6",6.44969779417856,0.760933870500594,0.247642402921569,3.07271235266438,0.00212122849441436,0.0180550504217148,"NCOA6","COPs"
"USP9Y",4.39229843018608,-1.82210159127715,0.592981203313894,-3.07278136489703,0.00212073802590659,0.0180550504217148,"USP9Y","COPs"
"SLC39A6",2.00946868287086,1.17605411250965,0.382871684409147,3.07166646268071,0.00212867435770084,0.0180974319379502,"SLC39A6","COPs"
"VRK2",13.7460903153922,-0.522950499590293,0.170403878659762,-3.06888847661997,0.00214856781685888,0.0182454190651546,"VRK2","COPs"
"XRRA1",5.95708139986791,-0.876019979136571,0.285491327081762,-3.06846441918597,0.00215161949009769,0.018250210634505,"XRRA1","COPs"
"NTRK3",6.26148801780138,-1.7788745197976,0.579945464456043,-3.06731344380128,0.00215992237378078,0.0182994808965699,"NTRK3","COPs"
"C1orf52",3.9947355162941,0.885331815817894,0.288824726585089,3.06529093365929,0.00217458350983052,0.0184024443040675,"C1orf52","COPs"
"GIPC2",2.98081752139594,1.60105941422146,0.522687971842786,3.0631265697138,0.00219037394607129,0.0184360668930788,"GIPC2","COPs"
"SCCPDH",2.1534417593506,1.39953189690878,0.456972936418117,3.06261440311697,0.00219412587799598,0.0184360668930788,"SCCPDH","COPs"
"REV1",6.50466076336162,0.886788794490277,0.289578912754375,3.06233898751621,0.00219614589948901,0.0184360668930788,"REV1","COPs"
"SNX13",4.52164606817808,-0.711835030147654,0.232356239368723,-3.06355031430015,0.0021872742056033,0.0184360668930788,"SNX13","COPs"
"CACNA1B",4.47322889202903,-2.7664805314006,0.902831817189741,-3.06422578239641,0.00218234139095921,0.0184360668930788,"CACNA1B","COPs"
"HMGB1",32.3641791424684,0.400185111512227,0.130678522503523,3.06236330075923,0.00219596750669204,0.0184360668930788,"HMGB1","COPs"
"SRSF2",8.25877675474008,0.74986428273862,0.244799764550667,3.06317403578801,0.00219002652612534,0.0184360668930788,"SRSF2","COPs"
"OAT",3.22136683083528,-1.04728542391522,0.342231618415943,-3.06016559417477,0.00221214643958759,0.0185491639168619,"OAT","COPs"
"ENSG00000286895",0.941257231809992,1.64034452651212,0.536248338628389,3.05892700890743,0.00222131263669433,0.0185984716411054,"ENSG00000286895","COPs"
"RADX",1.60096147423406,1.29003260203273,0.421760322020403,3.05868649723368,0.0022230965829698,0.0185984716411054,"RADX","COPs"
"ZNF682",1.86131198229202,1.27646411847175,0.417432907624498,3.05789049008084,0.00222901017115107,0.0186267057240722,"ZNF682","COPs"
"ARPC2",3.1207981628028,1.12041988907959,0.366539253312741,3.05675280056189,0.0022374871661449,0.0186762722844199,"ARPC2","COPs"
"TUBGCP5",0.989704900497248,1.52757841627688,0.500432512701382,3.05251632838735,0.00226931384461357,0.0189204041794656,"TUBGCP5","COPs"
"CASP8AP2",2.64501387218523,1.16728568160569,0.382810669860388,3.04925064401,0.00229412992748454,0.0191055973643066,"CASP8AP2","COPs"
"ZNF780B",3.61674009476559,-0.881748170758607,0.289261855046922,-3.0482697783141,0.00230163196844951,0.0191463421230318,"ZNF780B","COPs"
"ZGRF1",2.64342415749891,1.31181941617145,0.430474143823725,3.04738260123847,0.00230843678906017,0.0191812012699144,"ZGRF1","COPs"
"ITPRID2",5.31609889878111,0.965744743755742,0.317255319735669,3.04406162380629,0.00233407324204057,0.01932855008674,"ITPRID2","COPs"
"MARK3",11.8663375493626,0.628100511777488,0.206293931938967,3.04468728611617,0.00232922356721865,0.01932855008674,"MARK3","COPs"
"EPB41L1",2.89146363512253,1.04956381793099,0.344789818892283,3.04406847424601,0.00233402009243106,0.01932855008674,"EPB41L1","COPs"
"RPL23A",12.2351521576612,-0.587225280113901,0.193057365122791,-3.04171394725296,0.00235235326685962,0.019457966086752,"RPL23A","COPs"
"MAPRE3",3.41391077040128,1.17698558461109,0.387066675573393,3.04078252892095,0.00235964194376637,0.0194777156214606,"MAPRE3","COPs"
"LGI3",7.76957861192338,1.00363584157544,0.330095078347155,3.04044473065404,0.00236229043978187,0.0194777156214606,"LGI3","COPs"
"RECK",6.14666553607894,0.689975670228554,0.226936426943533,3.04039188208526,0.00236270504335559,0.0194777156214606,"RECK","COPs"
"SCNM1",1.83104986096401,1.17786973079208,0.387531821480836,3.0394142248531,0.00237038691190718,0.0195191119782974,"SCNM1","COPs"
"GPAT4-AS1",1.12662077077834,1.52326266637183,0.501285275321913,3.03871416409275,0.0023759016290255,0.0195207057694961,"GPAT4-AS1","COPs"
"RPL27A",15.4771604876215,-0.620302981142461,0.20413197636786,-3.03873499967801,0.00237573732759378,0.0195207057694961,"RPL27A","COPs"
"FAM133B",10.0210102211113,0.659490840389513,0.217061929544869,3.0382612085515,0.00237947603494331,0.0195282054456142,"FAM133B","COPs"
"RALY",6.23780807647942,0.786953640110797,0.259228867123456,3.03574848296511,0.00239939425568763,0.0196696711217655,"RALY","COPs"
"RPS3A",8.93553536715435,-1.11053453965014,0.366023058466875,-3.03405622668072,0.00241289454981507,0.0197582670892781,"RPS3A","COPs"
"ARF6",0.969000710058107,1.49850146838063,0.494045869057301,3.03312214964969,0.00242037607126305,0.0197974350444337,"ARF6","COPs"
"PLCL2",2.56618423308559,-1.5506360147594,0.51131214783228,-3.03266022787324,0.00242408368992531,0.0198056815512049,"PLCL2","COPs"
"LINC01445",2.73308068309594,-1.09373600684472,0.360764426300604,-3.03171800518207,0.00243166256802259,0.0198319787651461,"LINC01445","COPs"
"ELAVL1",4.53840317709511,1.03691800663259,0.342069471486132,3.03130823726441,0.00243496534541157,0.0198319787651461,"ELAVL1","COPs"
"ZNF335",1.55817126971597,1.44823665031601,0.477768327681692,3.03125294500662,0.00243541132171141,0.0198319787651461,"ZNF335","COPs"
"STIP1",5.17619196573596,1.56276233317342,0.515647498475829,3.03067955879297,0.00244004054945166,0.0198476469083446,"STIP1","COPs"
"C5orf15",2.61556806375,1.16290422151285,0.383813190905477,3.0298703876471,0.00244658708581947,0.0198758540514586,"C5orf15","COPs"
"UBE2V1",3.24771921139972,0.950948527555972,0.313887727709182,3.02958173770027,0.00244892627266166,0.0198758540514586,"UBE2V1","COPs"
"SLC15A4",2.1777002098811,1.13043344406542,0.37323257629507,3.02876414295552,0.00245556308192685,0.0199076976045274,"SLC15A4","COPs"
"ATP8A2",4.5243122938316,-1.64437625993591,0.543215494306246,-3.02711589999101,0.00246899272340643,0.0199944808075419,"ATP8A2","COPs"
"SGPL1",2.28234341122047,-0.997286978351704,0.329717898439266,-3.02466739922948,0.00248906684954973,0.0200959161248873,"SGPL1","COPs"
"RNLS",3.06746689318399,-0.911013635279615,0.3011820102904,-3.02479432420686,0.00248802259169885,0.0200959161248873,"RNLS","COPs"
"RELT",1.33591072047958,1.59466139768012,0.527232918108239,3.02458617986508,0.00248973528111253,0.0200959161248873,"RELT","COPs"
"FAM204A",2.71175470184078,-1.07192806828633,0.354583868552714,-3.02305931925657,0.00250233187491827,0.0201753944684344,"FAM204A","COPs"
"ENSG00000228793",9.38630831165349,-0.870941476605451,0.288281375138322,-3.0211506941354,0.0025181600087059,0.0202807244608948,"LOC100507336","COPs"
"EGLN3",3.59223503538832,-0.790755096983397,0.26178841853541,-3.02058854019335,0.00252283935239645,0.0202961319391807,"EGLN3","COPs"
"CEP104",2.85831424689259,1.13335671799296,0.375300565939551,3.01986413251376,0.00252888101712211,0.0203224534749452,"CEP104","COPs"
"NAF1",2.50152938136059,-1.23078067929552,0.407657165517675,-3.01915625040609,0.00253479763797412,0.0203477136431248,"NAF1","COPs"
"ABCF1",1.65474994889091,1.25697511157595,0.416560422570213,3.0175096899996,0.00254860892824157,0.0204362226300638,"ABCF1","COPs"
"BNIP3L",9.58866802842722,0.589885109959109,0.195545352619279,3.01661533786281,0.00255613953334467,0.0204572781981803,"BNIP3L","COPs"
"DDX19A",1.2888202715373,1.46769130523723,0.48654863078302,3.01653568087372,0.00255681124543156,0.0204572781981803,"DDX19A","COPs"
"ENSG00000291177",2.79637770620463,1.01259732996199,0.336267349246052,3.01128650233911,0.00260143269911613,0.0207916249601471,"ZNF56P","COPs"
"SLC25A3",3.10751696935638,0.914532617676577,0.303946063444123,3.00886482066482,0.00262225761934635,0.0209352602319305,"SLC25A3","COPs"
"NUDT12",1.64150581645158,1.23454030808917,0.410693694836144,3.00598797500827,0.00264719466230565,0.0211113774318875,"NUDT12","COPs"
"WBP1L",1.89624084069871,1.37568046037342,0.458044074649651,3.00338010359734,0.00266998729714718,0.0212589920285051,"WBP1L","COPs"
"ATP6AP2",4.52317733409778,0.732898330600545,0.24403849964095,3.00320782040067,0.00267149933900528,0.0212589920285051,"ATP6AP2","COPs"
"ZNF738",2.25413800841242,1.11104781257929,0.370025829552103,3.00262231402645,0.00267664388118196,0.021276853907077,"ZNF738","COPs"
"LAS1L",2.81300863492701,1.17767383002221,0.392289337434613,3.00205414127145,0.00268164477598563,0.0212935364950287,"LAS1L","COPs"
"TMEFF1",5.79139871200107,-0.699766669063624,0.233161663582765,-3.00120808159884,0.00268910737773813,0.0213297090059077,"TMEFF1","COPs"
"ATP6V0E2",4.97414264246614,-0.750648851225009,0.250217894161018,-2.9999806917964,0.00269996721027987,0.0213927207579086,"ATP6V0E2","COPs"
"IL1RAPL1",303.313323092209,-0.449437484721279,0.149839472924666,-2.99945986160297,0.0027045875670859,0.0214062124915957,"IL1RAPL1","COPs"
"THAP4",1.13993371301674,2.3377511364924,0.779627918511537,2.99854723129416,0.00271270106162884,0.021447292768503,"THAP4","COPs"
"BBX",19.6539665946176,0.378111496280999,0.126144954224438,2.99743654913268,0.00272260528269395,0.0214562351870306,"BBX","COPs"
"ZMYND11",7.95564403809953,0.575299626274341,0.191898713382579,2.9979337335493,0.00271816769177585,0.0214562351870306,"ZMYND11","COPs"
"RETREG3",2.97159037993379,1.742023023981,0.581148115103125,2.99755428729537,0.00272155381976561,0.0214562351870306,"RETREG3","COPs"
"FAM3C",2.0942664453038,1.39746247852433,0.466568507194569,2.99519246793389,0.00274271717817837,0.0215222630334702,"FAM3C","COPs"
"FAM222A",2.75224675052086,-1.02041061159569,0.340664432253763,-2.99535412266223,0.00274126387306157,0.0215222630334702,"FAM222A","COPs"
"BAZ1A",4.63194974586353,0.712472864852333,0.237824294899572,2.99579513166724,0.00273730269950793,0.0215222630334702,"BAZ1A","COPs"
"GART",1.93300363542555,1.28460512407373,0.42881928206113,2.9956794804078,0.00273834098099193,0.0215222630334702,"GART","COPs"
"DHX9",6.71498107403094,0.80365036600062,0.268362474822734,2.99464508415892,0.00274764348540089,0.0215273126886216,"DHX9","COPs"
"KDM7A",1.80514787656844,1.42522037356278,0.475950933810307,2.99446911922817,0.00274922883865864,0.0215273126886216,"KDM7A","COPs"
"LINC01608",41.4296723861445,-0.664718972611255,0.222110917621797,-2.99273434970503,0.00276490300368518,0.0216067417852157,"LINC01608","COPs"
"B3GAT3",4.59719124868804,1.4626709795509,0.488747145654882,2.99269467362522,0.00276526244191325,0.0216067417852157,"B3GAT3","COPs"
"PAN2",2.82771494746488,-1.12488752604173,0.376008789524738,-2.99165220968251,0.0027747217611743,0.0216345733918553,"PAN2","COPs"
"MYEF2",4.87750809881298,-1.45820970749167,0.487424973836413,-2.9916598158983,0.00277465263545561,0.0216345733918553,"MYEF2","COPs"
"CARS1",1.96766359231522,1.20051177734337,0.401438410177655,2.99052543779279,0.00278497932103057,0.0216915002955428,"CARS1","COPs"
"PPP1CC",3.67459587185877,0.794611190821846,0.265802018388628,2.98948516508271,0.00279448017164589,0.0217240569715745,"PPP1CC","COPs"
"IST1",9.00455991635091,0.821295642034351,0.274763888398152,2.98909600829436,0.00279804195694942,0.0217240569715745,"IST1","COPs"
"SLC27A1",7.34443796389903,0.908538558429611,0.303925664864008,2.98934464398108,0.00279576582313491,0.0217240569715745,"SLC27A1","COPs"
"KALRN",8.8687293614351,-2.15280091126812,0.720508305339353,-2.98789187482602,0.00280908915229602,0.0217867728439703,"KALRN","COPs"
"BCAS2",1.23192172014633,1.41655535226727,0.474178010900957,2.98739148526892,0.00281369162744722,0.0217994249953329,"BCAS2","COPs"
"COMMD6",4.78195907945458,-1.05526625467233,0.353432092136409,-2.9857680673351,0.00282867092640221,0.0218923613787057,"COMMD6","COPs"
"ZC3H6",7.04440895944529,0.656248043918961,0.219889756283536,2.98444118093779,0.00284096816633113,0.021964366107873,"ZC3H6","COPs"
"DDX49",2.39614508841464,1.31135880708041,0.439647906606776,2.98274775649801,0.00285673328260034,0.0220630022046723,"DDX49","COPs"
"MAP3K13",3.15123150547258,-0.918558613039779,0.308143297279993,-2.98094627125747,0.00287359204667403,0.0221465807210582,"MAP3K13","COPs"
"HNRNPDL",26.4309331495303,0.543808023751156,0.182415285994954,2.98115380399754,0.00287164528344913,0.0221465807210582,"HNRNPDL","COPs"
"ZMYM4",5.65169753656498,-0.756768203892507,0.254218405210856,-2.97684270053075,0.0029123339107911,0.0224154502242769,"ZMYM4","COPs"
"LRCH4",1.76140143801221,1.75210961677796,0.588626772776253,2.97660537680635,0.00291458900285678,0.0224154502242769,"LRCH4","COPs"
"MADD",3.89587674832225,2.12690385762075,0.71491753739863,2.97503382748159,0.00292956240664118,0.0224881684196962,"MADD","COPs"
"GPR180",1.62230634821834,1.24506998589645,0.418515173828896,2.97496975917407,0.00293017432318789,0.0224881684196962,"GPR180","COPs"
"CLSTN2",3.65022696866594,-2.05359119673834,0.690367551634809,-2.97463458685939,0.00293337745643845,0.0224892271660281,"CLSTN2","COPs"
"SEH1L",1.11251227516293,1.51926119492312,0.510872312934426,2.97385698237699,0.00294082108075026,0.0225227601977711,"SEH1L","COPs"
"ENSG00000289227",2.7366624651154,0.988613215417886,0.332570529689208,2.97264227332999,0.00295248339121327,0.0225884991046212,"ENSG00000289227","COPs"
"PYCR2",2.51170364267218,-0.991652793628162,0.333882377804288,-2.97006628546727,0.00297735497804038,0.022684167677967,"PYCR2","COPs"
"RPL36AL",4.41013256936459,0.766847428796757,0.258122354553118,2.97086794409723,0.00296959441967687,0.022684167677967,"RPL36AL","COPs"
"CLMN",28.8359261027663,0.622522389256604,0.209569960923917,2.97047528430187,0.00297339330373315,0.022684167677967,"CLMN","COPs"
"QPRT",0.639383580988143,2.15122060730388,0.724274706958202,2.97017221040141,0.00297632849837018,0.022684167677967,"QPRT","COPs"
"NSUN2",2.46350094773219,1.35356087950857,0.455903278743103,2.96896500336705,0.00298804625088781,0.0227420076169749,"NSUN2","COPs"
"GLG1",9.70460373371505,0.642308566895003,0.216373145669038,2.96852257200841,0.00299235123825458,0.0227511720570714,"GLG1","COPs"
"RPTOR",4.76769485230892,1.05769698920814,0.356392381868092,2.96778787375881,0.00299951257012861,0.0227820121397864,"RPTOR","COPs"
"PSMA1",2.82439113331454,1.21151225564898,0.408514070061496,2.96565612897152,0.00302037993564729,0.0229167813731584,"PSMA1","COPs"
"MRPL19",4.2650552945389,0.89326141812452,0.301353208577967,2.96416760365574,0.00303502933547148,0.023004142804085,"MRPL19","COPs"
"DHRS7B",1.90858332364143,1.07920888008996,0.364444160582094,2.96124618478243,0.00306396919986475,0.0231995273678097,"DHRS7B","COPs"
"PCNX1",7.3907529979182,0.632917503244147,0.21378679348659,2.96050795711966,0.00307132187765622,0.0232312253776945,"PCNX1","COPs"
"LRFN5",4.28880125673451,-3.32062702990098,1.12208477479349,-2.95933703450536,0.00308301716274125,0.0232956713934424,"LRFN5","COPs"
"ISCU",4.05851190277052,1.16743049925616,0.394626986016982,2.95831390305861,0.00309326952514426,0.0233490931131517,"ISCU","COPs"
"TRRAP",4.08216831021341,0.787334507674977,0.266332417434143,2.95620981951874,0.00311445141355579,0.0234848201657337,"TRRAP","COPs"
"C2CD5",7.27168788480309,-0.797896787926145,0.269937756692972,-2.95585470406674,0.00311803938962723,0.0234877361413707,"C2CD5","COPs"
"SOX6",3.66952627351743,-1.04078728216871,0.352242703933916,-2.95474475566135,0.00312927827427915,0.023548220203473,"SOX6","COPs"
"SUSD6",1.80044620250628,-1.03713059211584,0.351126874070664,-2.95372034641565,0.0031396837833287,0.0236023154900437,"SUSD6","COPs"
"EGFL8",1.32415989495508,1.4235848683678,0.482256724714995,2.95192331264869,0.0031580135069698,0.0237158087007548,"EGFL8","COPs"
"POLR2B",4.55374292119166,0.811183131726282,0.274874150215532,2.95110737437559,0.00316636822285547,0.0237542368620558,"POLR2B","COPs"
"CBX3",3.023820752396,0.942179984434742,0.319333492158773,2.95045777398848,0.00317303413811582,0.0237639902180972,"CBX3","COPs"
"PRPSAP1",2.34396024320763,1.12734594932714,0.382105895948392,2.95034952687409,0.00317414616515405,0.0237639902180972,"PRPSAP1","COPs"
"GOLT1B",2.19887696417111,1.0171499612937,0.344807696844679,2.94990503576804,0.00317871616544537,0.0237739454697988,"GOLT1B","COPs"
"STK39",10.7740830726302,-0.57978087140079,0.196696945875854,-2.94758451291217,0.00320267196171388,0.0238558418102485,"STK39","COPs"
"PRR5L",5.23596821415243,-0.849309840398839,0.288099807804314,-2.94797086770608,0.00319867206658924,0.0238558418102485,"PRR5L","COPs"
"RYR3",3.8611558727166,-1.51529784546437,0.513984936998235,-2.94813667947934,0.00319695682939085,0.0238558418102485,"RYR3","COPs"
"CRLF3",4.22768186465723,-0.848521414306027,0.287850713253355,-2.94778291398288,0.00320061736493455,0.0238558418102485,"CRLF3","COPs"
"CYP27A1",6.97123359481995,0.664925207271819,0.225892802502686,2.94354313154317,0.00324478606129217,0.02414502569138,"CYP27A1","COPs"
"RPL26",13.7951299203015,-0.631504984041962,0.214670965063001,-2.94173449985018,0.00326379622863043,0.0242618773348141,"RPL26","COPs"
"ATF4",6.93647689465841,0.80754995369538,0.274559022270781,2.94126176228492,0.00326878177746856,0.0242743440296425,"ATF4","COPs"
"FYCO1",1.10991199119113,1.53594063282925,0.522556776823879,2.93927990402259,0.0032897582994682,0.0244054162216361,"FYCO1","COPs"
"MSRA",6.73312991222709,-1.79397857310731,0.610501816581619,-2.93853109750324,0.00329771573426416,0.0244397377194911,"MSRA","COPs"
"DUSP12",2.06627619842613,1.30513826729497,0.444309919919331,2.93745020937623,0.00330923306361291,0.0244756481731128,"DUSP12","COPs"
"CASC3",3.35203329102974,0.879044156194532,0.299232087689813,2.93766675553111,0.00330692274035188,0.0244756481731128,"CASC3","COPs"
"SNRNP35",2.08213661914899,1.43834305210689,0.489733467445271,2.93699154278776,0.00331413141666155,0.0244871925519092,"SNRNP35","COPs"
"STARD13",30.9535407086827,0.802218916704163,0.273187262440712,2.93651654742967,0.0033192111135381,0.0245000522535503,"STARD13","COPs"
"ENSG00000241345",1.9684689874796,-1.15828251394363,0.394634938522767,-2.93507340804495,0.00333468787101128,0.0245895526729747,"LOC105375483","COPs"
"STXBP5-AS1",2.33914440443938,-2.32957868032662,0.793831673955369,-2.9346003148491,0.00333977578243579,0.024602344292903,"STXBP5-AS1","COPs"
"PACRGL",3.65947417646545,0.83915653473756,0.286000062036504,2.93411312138266,0.00334502272403297,0.0246162805679337,"PACRGL","COPs"
"RNF32-DT",2.64463633033391,1.23235421508916,0.420184582758684,2.93288774899414,0.00335825285383103,0.0246888789464512,"RNF32-DT","COPs"
"TPTEP1",3.7477265608063,1.22616148584391,0.418393649691448,2.93064076557606,0.00338263700325928,0.0248007396122354,"TPTEP1","COPs"
"ZNF81",2.27947228325844,1.28679677850284,0.43909714040298,2.930551488725,0.00338360915249389,0.0248007396122354,"ZNF81","COPs"
"ZDHHC9",12.6803733949205,-0.493691049920887,0.168433500949095,-2.93107396770251,0.00337792340923875,0.0248007396122354,"ZDHHC9","COPs"
"LINC01135",3.34462215876763,-0.817961130821492,0.27933141618084,-2.9282819025696,0.00340840861474777,0.024957578848707,"LINC01135","COPs"
"ERBB3",14.0942541129257,0.565849329829043,0.19326626283265,2.92782258804794,0.00341344757089044,0.0249695561591457,"ERBB3","COPs"
"SAMHD1",2.63963557302595,1.82345093652358,0.622994588477351,2.92691296240669,0.0034234467299381,0.0250177576270477,"SAMHD1","COPs"
"ADPRS",1.77573500957808,1.53840636389134,0.525739920578679,2.92617376705582,0.00343159204577145,0.0250523291938558,"ADPRS","COPs"
"FKBP1A",2.8540015448834,-1.10046515882143,0.376422689258962,-2.92348253764363,0.00346139639903586,0.0252447966001254,"FKBP1A","COPs"
"SHLD2",4.35101697785259,0.968097706313232,0.331234701213054,2.92269409807562,0.00347017258530449,0.0252836705644281,"SHLD2","COPs"
"FCHO2",3.86519364380029,-0.739884498521955,0.253206429096704,-2.92206047516819,0.00347724016625944,0.0253100308530213,"FCHO2","COPs"
"GIT1",7.92023956418469,0.970326469871263,0.332573086062683,2.91763377896543,0.00352698317747878,0.0256466556721128,"GIT1","COPs"
"CAST",2.88466999674486,0.984489671722324,0.337480871740837,2.91717176930355,0.0035322119421253,0.025659246553835,"CAST","COPs"
"ABL2",3.77229749667277,-0.779473010838872,0.267372760253106,-2.9153044988614,0.00355341658788253,0.0257877522307558,"ABL2","COPs"
"PIDD1",3.17794688279,1.39012695643591,0.476936564467127,2.91469989932325,0.00356030717414057,0.0258122270125191,"PIDD1","COPs"
"ZFYVE1",2.17640064259886,1.38377374450001,0.47487319442722,2.91398579818573,0.00356846139987596,0.0258458058152911,"ZFYVE1","COPs"
"METTL16",3.32985430301706,1.22061893405205,0.419085457686652,2.91257764177706,0.0035845907514643,0.0259370240073901,"METTL16","COPs"
"ZBTB17",2.79105814705935,1.07401578714987,0.368810991810291,2.91210351914436,0.00359003636754514,0.0259508343139692,"ZBTB17","COPs"
"EPN2",18.0921874307018,0.49011440363631,0.168327770227599,2.9116669398853,0.00359505742645263,0.0259615515136643,"EPN2","COPs"
"SDR39U1",4.95829057105804,0.862572467774095,0.29640887580124,2.91007637825428,0.00361340440652475,0.0260683855758821,"SDR39U1","COPs"
"RUFY3",15.7924170863646,0.601090897958009,0.206738136604627,2.90749886706949,0.00364331664024044,0.0262583636438547,"RUFY3","COPs"
"SAP30BP",6.34699315366474,0.643600152288454,0.221469142979529,2.90604886816194,0.00366024279802488,0.0263544665447582,"SAP30BP","COPs"
"ENSG00000251488",1.9835672690044,-1.05643765893394,0.363650996676197,-2.90508665888412,0.00367151431465988,0.0263838398889907,"ENSG00000251488","COPs"
"UPF3B",3.85739135091623,1.27859598383221,0.440098228771,2.90525137400067,0.0036695825719306,0.0263838398889907,"UPF3B","COPs"
"ENSG00000291242",1.59680428406083,1.45718421501219,0.501760897776912,2.90414064042924,0.00368262692772063,0.0263905542547449,"ENSG00000291242","COPs"
"IRF2BP2",7.66023061069771,1.02096137665551,0.351520693673525,2.90441329637261,0.00367942098228219,0.0263905542547449,"IRF2BP2","COPs"
"TMEM273",0.858075458004164,1.63753051601896,0.563870720069453,2.90408857515648,0.00368323941077536,0.0263905542547449,"TMEM273","COPs"
"SGK1",52.678893956124,0.457921496353992,0.157726981304199,2.90325404421977,0.0036930692751818,0.026435170021472,"SGK1","COPs"
"ATP5F1C",3.79137798092075,-0.842523539140378,0.290244938620057,-2.90280183057138,0.00369840581703197,0.026445394207488,"ATP5F1C","COPs"
"TCHP",2.0091522504755,1.19452077491783,0.411545750285398,2.90252243909567,0.00370170639922177,0.026445394207488,"TCHP","COPs"
"C2orf92",1.59655330715067,1.24234033537412,0.428588888619666,2.8986760234855,0.00374741892056677,0.0267459266733447,"C2orf92","COPs"
"HTRA1",17.4244287914645,0.828657649297288,0.285972064612803,2.89768740320584,0.00375925071842673,0.0268042978825043,"HTRA1","COPs"
"ZFYVE9",2.59520914589019,-0.846839603557044,0.292377807358259,-2.89638810554246,0.00377485233336778,0.0268894092911839,"ZFYVE9","COPs"
"PLPBP",2.35857467088406,1.08381969722139,0.374248054644796,2.8959928682864,0.00377960989492943,0.02689718506217,"PLPBP","COPs"
"HNRNPA2B1",25.1634014744335,0.489417852354459,0.169036268856904,2.89534225799062,0.00378745330971148,0.0269008179412905,"HNRNPA2B1","COPs"
"ATP6V1F",3.68900654808424,0.882159229249748,0.304660597280512,2.89554749489811,0.00378497748612664,0.0269008179412905,"ATP6V1F","COPs"
"CHDH",0.643525396066721,1.66148015674848,0.574220502656516,2.89345321015528,0.0038103105702124,0.0270369909609752,"CHDH","COPs"
"RUFY1",2.00852656008654,1.17020592536996,0.404923761492819,2.8899413584814,0.00385313696264631,0.0273144598018705,"RUFY1","COPs"
"CLDN12",1.35487184448077,1.30556625175841,0.451896307886417,2.88908368794763,0.00386366232276122,0.0273626355811767,"CLDN12","COPs"
"HAVCR2",3.76769558494508,1.2230282500502,0.423412431762843,2.88850340307256,0.00387079840430989,0.0273867385654982,"HAVCR2","COPs"
"SMC4",2.26114962764902,1.57477366246935,0.545711155239184,2.88572745370971,0.00390510169659631,0.0276028238419336,"SMC4","COPs"
"C1orf35",2.2553978229176,1.20348283869268,0.417150946187391,2.88500565488843,0.00391406631184611,0.0276395616265784,"C1orf35","COPs"
"ZNF189",3.14805235766175,-0.819734347931517,0.284185057466234,-2.88450897186569,0.00392024587996589,0.0276565807897209,"ZNF189","COPs"
"ERCC3",1.88181076966834,1.21255870398773,0.420696905209989,2.8822620013867,0.00394831282043237,0.0278278301282539,"ERCC3","COPs"
"PDE5A",3.71576890055596,0.880889780745544,0.306012234804108,2.87860967817003,0.0039943236195024,0.0280525033543033,"PDE5A","COPs"
"SEC23IP",2.56128778001926,1.13640671867863,0.394788809254972,2.87851806342538,0.00399548398599522,0.0280525033543033,"SEC23IP","COPs"
"TMOD3",1.59910694005423,1.21431991899188,0.421800810128318,2.8788942311952,0.00399072150195522,0.0280525033543033,"TMOD3","COPs"
"ACSL4",7.5316160077662,-0.70813096840561,0.246004267273334,-2.87853123953663,0.00399531708224871,0.0280525033543033,"ACSL4","COPs"
"ENSG00000289187",1.10814768968447,1.77393058379749,0.616330514191042,2.87821313881537,0.00399934827989496,0.0280527899900471,"ENSG00000289187","COPs"
"SECISBP2L",16.7607828666113,-0.378899787041476,0.131698636328327,-2.87702133905832,0.00401448446793803,0.028132065464433,"SECISBP2L","COPs"
"CCNYL1",0.517102851746988,1.92535500746989,0.669430610252018,2.87610840912259,0.00402611408802659,0.0281866403281022,"CCNYL1","COPs"
"CDC14B",13.2099094848263,0.571921803130327,0.198879713073715,2.87571715732686,0.00403110751707055,0.028194695760483,"CDC14B","COPs"
"ASH1L",15.5092206363357,0.48944592773624,0.170277248811669,2.8744058948097,0.00404788378868638,0.0282642752253977,"ASH1L","COPs"
"FN3K",2.10824836477501,1.6822752253632,0.585274069788135,2.87433753211068,0.00404876015563486,0.0282642752253977,"FN3K","COPs"
"ZDHHC6",2.08305751013003,1.10459625245813,0.384447409252982,2.87320508832266,0.00406330245331398,0.0283388308935025,"ZDHHC6","COPs"
"PPM1D",2.95662141880171,0.998459379499205,0.347818548621417,2.87063293046507,0.00409650915474887,0.0285432931323765,"PPM1D","COPs"
"AMOTL2",3.52124279821018,-1.00498937573486,0.350440073135393,-2.86779239241451,0.00413346667671618,0.0287734772363061,"AMOTL2","COPs"
"COQ10B",1.25982499995904,1.55633568254384,0.542864755726203,2.86689394757612,0.00414521893920529,0.0288279349354969,"COQ10B","COPs"
"ATP1B3",6.1621713535556,0.960331969649641,0.335075498868707,2.86601668248483,0.00415672340234868,0.0288805678059017,"ATP1B3","COPs"
"CHKA",15.5860191256532,0.557410156138547,0.194539870689547,2.86527463065955,0.00416647728459072,0.0288936142127052,"CHKA","COPs"
"GSS",0.992538885102441,1.41581161806652,0.494102526367905,2.86542072244399,0.00416455534460575,0.0288936142127052,"GSS","COPs"
"BIRC6",19.5712224087358,0.551132665625054,0.192398006426574,2.8645445753898,0.00417609373805478,0.0289329553882039,"BIRC6","COPs"
"UBE2E3",10.4891076440432,0.822141566194426,0.287040563310319,2.86419994690998,0.0041806402549601,0.0289371297647568,"UBE2E3","COPs"
"TERF2IP",9.06722827091258,0.662810649061905,0.231467431528445,2.86351580732192,0.00418967908540586,0.0289450804610384,"TERF2IP","COPs"
"ZNF565",20.2362314805589,1.01185922325094,0.353337521941961,2.86371857053198,0.00418699833755977,0.0289450804610384,"ZNF565","COPs"
"LINC00461",8.11099351715785,-0.665378297583087,0.232465997442143,-2.86226073879338,0.00420630711734412,0.0289780988919754,"LINC00461","COPs"
"GTF2E2",2.11690931198427,1.3373880999066,0.467213224568259,2.86247911998307,0.00420340955455041,0.0289780988919754,"GTF2E2","COPs"
"NTMT1",0.552091376733572,1.79479560373134,0.626945019792352,2.86276395388831,0.00419963299334493,0.0289780988919754,"NTMT1","COPs"
"MAGT1",2.63690861008918,1.08340763349898,0.378634039868295,2.86135824944804,0.00421830090697971,0.0290334650605161,"MAGT1","COPs"
"TULP3",3.38139678941599,0.955679572903147,0.334081558747604,2.86061755843625,0.00422816761701925,0.0290741010366169,"TULP3","COPs"
"RNF217-AS1",1.52460343330673,1.39112114907979,0.48645439779491,2.85971543352412,0.00424021305132647,0.0291296284247026,"RNF217-AS1","COPs"
"NRP2",1.99993099731826,1.56981701346989,0.54934939749393,2.85759303756628,0.00426867473848202,0.0292977236260454,"NRP2","COPs"
"ITGA2",6.49395194470075,0.632959199759156,0.221588673524393,2.85646007845017,0.00428393873413021,0.0293475802916091,"ITGA2","COPs"
"VPS13B-DT",2.93763795314488,1.09762475390781,0.38423896077237,2.85662013998123,0.00428177927828236,0.0293475802916091,"VPS13B-DT","COPs"
"ZNF506",2.27865863051656,1.0986009640094,0.384763632650755,2.85526196028663,0.00430013442809407,0.0294310506519834,"ZNF506","COPs"
"RAP2A",2.86122539527101,-1.04621814371954,0.366757813722025,-2.85261309936943,0.00433613792277185,0.0296498079584129,"RAP2A","COPs"
"UHRF1",0.72644566530245,1.75758966944166,0.616975764936673,2.84871751748963,0.00438958356699988,0.0299873134367581,"UHRF1","COPs"
"MBNL2",28.214334610036,-0.358014346616593,0.125697669502063,-2.84821785507103,0.0043964817452089,0.0300064991298583,"MBNL2","COPs"
"PSIP1",5.26135863216441,-0.827763470080881,0.290706401059966,-2.84742085851124,0.0044075051602814,0.0300537782165284,"PSIP1","COPs"
"INPP5A",2.63203896589423,1.19843177339173,0.421133010348549,2.84573221272742,0.00443094395820025,0.0301575471440772,"INPP5A","COPs"
"DGCR8",0.971089479227573,1.37977019071314,0.48480757261209,2.84601616942385,0.00442699468933374,0.0301575471440772,"DGCR8","COPs"
"LINC01376",2.20931359154001,-0.939886549338577,0.330817021936454,-2.84110697761834,0.00449572285921068,0.0305162837345428,"LINC01376","COPs"
"NBEA",13.9666175597421,-1.03310369108218,0.363621628314642,-2.84115027995045,0.0044951124286916,0.0305162837345428,"NBEA","COPs"
"SLX4IP",3.27605409004753,-0.88686285512589,0.312157151215957,-2.84107812898491,0.00449612957844361,0.0305162837345428,"SLX4IP","COPs"
"ARL4A",1.55862523570626,1.23911689267457,0.436292435479722,2.84010629547613,0.00450985035704371,0.0305697877273177,"ARL4A","COPs"
"DDX23",1.95647983925888,1.25531220090084,0.442022257731423,2.83992984277182,0.00451234566017242,0.0305697877273177,"DDX23","COPs"
"CALU",4.36499342230317,0.7510187661671,0.264598740614194,2.8383308417259,0.0045350149971262,0.0306384945063674,"CALU","COPs"
"PPP4C",2.77947580296283,1.14836514520472,0.404575710111246,2.83844313067869,0.00453341969395534,0.0306384945063674,"PPP4C","COPs"
"AMFR",2.49868129450792,1.16917031985619,0.411889881982995,2.83855071706873,0.00453189167757554,0.0306384945063674,"AMFR","COPs"
"ASCC1",3.80890989727498,0.814528154280502,0.28715290262709,2.83656597871234,0.00456015552438304,0.030751710553675,"ASCC1","COPs"
"NUBP2",1.63211516787642,1.25305382354382,0.441705835403791,2.83685141356198,0.00455608095787123,0.030751710553675,"NUBP2","COPs"
"PRKACB-DT",2.70835761726434,1.19501264857095,0.42164873606093,2.83414260821657,0.00459488219516302,0.0309574386280175,"PRKACB-DT","COPs"
"DHCR24",3.65091331891023,1.74397572200055,0.615443997206188,2.83368711030954,0.00460143611366387,0.030973152996286,"DHCR24","COPs"
"ENSG00000250195",3.13876983960349,1.47940993191934,0.522763010320825,2.82998204293646,0.00465506167524106,0.0312484687557082,"ENSG00000250195","COPs"
"LEMD2",2.36122738322233,0.960763339370573,0.339473857599984,2.83015412781117,0.00465255851561381,0.0312484687557082,"LEMD2","COPs"
"MAP2K4",8.77560662316888,0.544143677965803,0.192278385544584,2.8299784004564,0.00465511467220785,0.0312484687557082,"MAP2K4","COPs"
"MYO9B",12.1724904096566,0.920611752318228,0.325435985300922,2.82885665353499,0.0046714617596606,0.0313295383278152,"MYO9B","COPs"
"FBXW7",10.1465612326693,-1.32511202620868,0.468700881955944,-2.82720190471763,0.00469567111513345,0.0313708937516631,"FBXW7","COPs"
"DIAPH1",1.08141061188323,1.49761632688827,0.529759622934163,2.82697333291177,0.00469902408630674,0.0313708937516631,"DIAPH1","COPs"
"NFRKB",0.731917629806824,1.61992941195411,0.573084872155943,2.82668325523922,0.0047032824215387,0.0313708937516631,"NFRKB","COPs"
"KDM2B",2.42098452056276,0.982469188965937,0.347507979933243,2.82718454164613,0.00469592574189412,0.0313708937516631,"KDM2B","COPs"
"MBD2",2.6831878588195,-1.10798272249589,0.391801512320048,-2.82791844251694,0.00468517409383922,0.0313708937516631,"MBD2","COPs"
"KLHL13",2.66691341132222,1.17263758948911,0.414732936081035,2.82745228910392,0.00469200065624728,0.0313708937516631,"KLHL13","COPs"
"ZNF532",8.47371146463389,-0.567420130009547,0.200848902361961,-2.82510943966708,0.00472644695863303,0.0314967677888198,"ZNF532","COPs"
"ZNF761",1.27043368167593,1.27062540324783,0.449808786343787,2.82481232431217,0.00473083168466064,0.031497379374188,"ZNF761","COPs"
"TTBK2",6.34930634345613,0.578482394465169,0.204819378229243,2.82435382563121,0.00473760527549086,0.0315138802414111,"TTBK2","COPs"
"ZNF75A",2.97412194541297,0.902636609090302,0.319654208400907,2.82379078819518,0.00474593526887482,0.0315406948077306,"ZNF75A","COPs"
"FPGT",2.77747439220528,0.92456890718416,0.327479749056541,2.82328574468441,0.00475341853343965,0.0315618387147934,"FPGT","COPs"
"UBE2O",2.23396505018048,0.988454474695609,0.350299667376882,2.82173968961309,0.00477639297065201,0.0316857099689636,"UBE2O","COPs"
"PHKA2",2.57587941014902,1.29614281594943,0.459521108663654,2.82063825037064,0.00479282164760851,0.0317659732868145,"PHKA2","COPs"
"LSM5",2.09286543453053,0.984537245668782,0.349228441816372,2.81917830216836,0.00481467652586188,0.0318820231680944,"LSM5","COPs"
"NIFK",0.756610806798903,1.66016702246635,0.588955410076534,2.81883313076386,0.00481985677517676,0.0318875465820305,"NIFK","COPs"
"TUBB4A",14.4131585882957,1.02193918593087,0.362623207306174,2.81818473098446,0.00482960143984711,0.0319232304181606,"TUBB4A","COPs"
"BICD1",7.43311661286441,0.563781382277214,0.200117295035571,2.81725466145743,0.00484361038545909,0.031980931492763,"BICD1","COPs"
"SLC25A6",5.02486511894278,0.752956107443668,0.267287523485879,2.81702676437663,0.00484704863294977,0.031980931492763,"SLC25A6","COPs"
"ARHGAP26",5.45027730705728,-1.59505774825027,0.566416942197421,-2.81604879624933,0.00486182816818503,0.0320496255794911,"ARHGAP26","COPs"
"THOC1",4.5073461641636,0.798596639747185,0.283682059149477,2.81511154473957,0.0048760306215111,0.0320921412119482,"THOC1","COPs"
"POLA1",5.45104312053329,0.657768508625314,0.233661728947149,2.81504597089621,0.00487702568506505,0.0320921412119482,"POLA1","COPs"
"RPL34",21.7510376550606,-0.541898374409599,0.192640413130868,-2.81300463180312,0.00490809441795015,0.0321959329016235,"RPL34","COPs"
"DCAF13",0.809256305587977,1.4784208050547,0.525566507051192,2.81300422538283,0.00490810062136247,0.0321959329016235,"DCAF13","COPs"
"SRSF8",2.85682762883997,0.84849794248157,0.301646077513329,2.81289234548086,0.00490980857442633,0.0321959329016235,"SRSF8","COPs"
"DUT",4.01469302687877,-0.746246555565771,0.265298453358221,-2.81285678872069,0.00491035149474126,0.0321959329016235,"DUT","COPs"
"INTS4",2.17878444712912,1.10090519936583,0.391530252191036,2.81180111423083,0.00492649547225952,0.0322729439999715,"INTS4","COPs"
"HMGN1",4.13744638294425,-0.761501875927356,0.270885823514396,-2.81115440464121,0.00493640902226398,0.0323090392474138,"HMGN1","COPs"
"MYH7B",1.80574002924119,1.17098074106012,0.416840324096873,2.80918297335358,0.00496674094864769,0.0324785903210589,"MYH7B","COPs"
"LINC00486",34.8859115572633,0.655903850258993,0.233752377422603,2.80597723749854,0.005016423585313,0.0327742652230111,"LINC00486","COPs"
"PDIA3",5.5610036255854,0.906945287658742,0.323443214641717,2.80403250587087,0.00504678166898737,0.0329432714460501,"PDIA3","COPs"
"GNA11",1.59342835496351,1.22069849914481,0.435389509687357,2.80369295075889,0.00505209926778329,0.0329486687357564,"GNA11","COPs"
"ARHGDIA",4.36056643505029,0.961036395691127,0.342815690848272,2.8033617519464,0.00505729088219518,0.0329532355263464,"ARHGDIA","COPs"
"MSANTD3",1.69322604233311,1.78189063852954,0.635769651111042,2.80272994380212,0.00506720799199137,0.0329885581519438,"MSANTD3","COPs"
"WWOX",59.6291463570457,-0.470172672859318,0.167788177804404,-2.8021799808054,0.00507585473589824,0.0330155551394374,"WWOX","COPs"
"ZBTB41",2.45717245371867,1.07609405046744,0.384453173271343,2.79902501860204,0.00512571658183918,0.0332514434668029,"ZBTB41","COPs"
"RNASEH1",0.666838670778437,1.74804271473661,0.6244270858077,2.79943448076969,0.0051192204323723,0.0332514434668029,"RNASEH1","COPs"
"PGLS",1.77775132548391,1.35117923761669,0.482691698029018,2.79925932667577,0.00512199835456501,0.0332514434668029,"PGLS","COPs"
"LINC02241",0.689842454772133,1.61804102093619,0.578195353135258,2.79843311116628,0.00513512040966541,0.0332830198283703,"LINC02241","COPs"
"USF3",1.62553279785794,1.21552608485145,0.434573912590535,2.79705258331222,0.00515711392995846,0.0333768671481906,"USF3","COPs"
"UNC5C",68.4358324529937,-0.472827824831826,0.169051022533366,-2.79695335612953,0.00515869801636202,0.0333768671481906,"UNC5C","COPs"
"SCPEP1",1.62667213241511,1.17465283367015,0.420033139476987,2.79657180176972,0.00516479333815328,0.0333868623101591,"SCPEP1","COPs"
"CEP192",6.09524815998301,-0.601569266551823,0.215230376028459,-2.79500169842328,0.00518994425355204,0.0335199128418233,"CEP192","COPs"
"BOD1L1",6.9360075168319,0.537866941523651,0.192465180930884,2.79461946790679,0.00519608379136057,0.0335300499359828,"BOD1L1","COPs"
"BEX1",3.80852987209252,0.817532107759746,0.292590077064304,2.79412109926091,0.00520409864185675,0.0335522598728497,"BEX1","COPs"
"ACTN2",0.74231733204231,1.78848354991368,0.640406570002088,2.79273142045973,0.00522650673021892,0.0336671465141495,"ACTN2","COPs"
"RPL18",21.1784786604532,0.547837835760335,0.196195390243407,2.79230737827565,0.00523336160016986,0.0336817316319704,"RPL18","COPs"
"UNC79",10.6060796954523,-0.995767289206153,0.356656585258573,-2.7919498205374,0.00523914802414801,0.0336894207302138,"UNC79","COPs"
"PXK",33.4306049317139,-0.440926872949761,0.157946725535002,-2.79161768916855,0.00524452814583118,0.033694485994714,"PXK","COPs"
"EML6",2.1838972867863,-1.82183725405648,0.65329668206147,-2.78868285127011,0.00529228627598308,0.0338735191867519,"EML6","COPs"
"TAF3",5.64019772917064,-0.8510001840134,0.305081284405591,-2.78942113958729,0.00528023539573741,0.0338735191867519,"TAF3","COPs"
"DDB2",1.43926419353439,1.16765384968358,0.418783311359592,2.78820530334115,0.00530009438690565,0.0338735191867519,"DDB2","COPs"
"PIGS",1.3805030149042,1.27994164580003,0.459003258508772,2.78852409448759,0.00529488086298222,0.0338735191867519,"PIGS","COPs"
"ZNF253",1.95156728361666,1.33321564127027,0.478162662407112,2.78820524078301,0.00530009541043904,0.0338735191867519,"ZNF253","COPs"
"LINC00662",3.3196789080078,0.836712816897602,0.300071857837909,2.78837483436908,0.00529732129234337,0.0338735191867519,"LINC00662","COPs"
"TAFA4",2.87898272022627,-1.06591362733646,0.38244361778861,-2.78711312663512,0.00531799106288911,0.033958311948144,"TAFA4","COPs"
"CCNL1",5.29088251937224,0.831155281148639,0.29845008868932,2.78490545872765,0.00535433320919121,0.0341132543526515,"CCNL1","COPs"
"POLR2H",1.29640941587042,1.38233723906703,0.496460034098046,2.7843877535448,0.00536288795588199,0.0341132543526515,"POLR2H","COPs"
"CHCHD2",7.42664413588538,0.614765284032837,0.220802649806718,2.78422964838048,0.00536550300163008,0.0341132543526515,"CHCHD2","COPs"
"SAMD12",20.5998812050683,-0.455075481839959,0.163445441128895,-2.78426537134847,0.0053649120461577,0.0341132543526515,"SAMD12","COPs"
"ATF1",2.11953304439455,1.09957997559651,0.394919825157565,2.78431191738171,0.00536414213580393,0.0341132543526515,"ATF1","COPs"
"RO60",4.17939390348983,-0.67376426735578,0.242078950538413,-2.78324185501154,0.0053818671045464,0.0341876700831662,"RO60","COPs"
"KAZN",20.9469210939457,-0.786367518594278,0.282576293500272,-2.78285028391287,0.00538836646046671,0.0341993466439829,"KAZN","COPs"
"ST6GALNAC3",17.9743617200695,-0.556458521686269,0.200049512561865,-2.78160398673397,0.00540909988986865,0.0342557544064743,"ST6GALNAC3","COPs"
"IFNG-AS1",4.69082510812444,-1.59584595752888,0.573708640413303,-2.78163138065904,0.0054086433907663,0.0342557544064743,"IFNG-AS1","COPs"
"TSPYL2",5.05230829687802,1.32095088040326,0.474910322286599,2.78147435086931,0.00541126064564586,0.0342557544064743,"TSPYL2","COPs"
"SF3A3",1.2398235582204,1.59037799717419,0.571907747580453,2.78082960740178,0.0054220187365251,0.0342928473874892,"SF3A3","COPs"
"ARFRP1",2.82423233953308,1.35510202995994,0.487348024879336,2.78056329518408,0.0054264680137488,0.0342928473874892,"ARFRP1","COPs"
"NORAD",5.90205059710475,-0.969460888456661,0.348780932246444,-2.77956963476332,0.00544309820292296,0.0343683403742218,"NORAD","COPs"
"PIGF",2.1771916794432,-1.075317453035,0.387254267324894,-2.77677366982465,0.00549013943683215,0.034548651032638,"PIGF","COPs"
"ATRNL1",6.03510639699432,-2.64287680005806,0.951669747648964,-2.77709447693079,0.00548472338406043,0.034548651032638,"ATRNL1","COPs"
"ANKRD11",7.13216680754631,0.632605675935127,0.227819951463041,2.77677908309867,0.00549004800675529,0.034548651032638,"ANKRD11","COPs"
"CALM3",5.90267376217433,-1.16052720598907,0.417943997258268,-2.7767528989582,0.00549049026905491,0.034548651032638,"CALM3","COPs"
"ST18",107.955323985623,-0.54007063752208,0.194669136959086,-2.77430026124577,0.00553205931368671,0.0347803934743097,"ST18","COPs"
"NDUFA10",8.90511288526593,0.899639672292791,0.324361449268807,2.77357150278126,0.00554446544746009,0.0348285470787797,"NDUFA10","COPs"
"DHDDS",0.862581546422284,1.6191848450209,0.583876922566518,2.77316123045852,0.00555146082327959,0.0348426587343048,"DHDDS","COPs"
"C18orf54",0.739267979709525,1.61323839069541,0.581960988248161,2.77207308268486,0.00557005295133662,0.0349294688068007,"C18orf54","COPs"
"SNRNP40",3.46442257725878,0.828543301925804,0.298994459382164,2.77109918236575,0.00558674066972537,0.0349370183126536,"SNRNP40","COPs"
"ATP11B",7.01926141613659,0.674237016234978,0.243256311328246,2.77171438041405,0.00557619405188725,0.0349370183126536,"ATP11B","COPs"
"ADCY2",3.46496682532579,-1.59768591957295,0.576670394557797,-2.77053570748693,0.00559641636240372,0.0349370183126536,"ADCY2","COPs"
"GINM1",3.941050331388,0.907118852658565,0.327403956305759,2.77064108477484,0.00559460573077911,0.0349370183126536,"GINM1","COPs"
"ENSG00000237356",4.70698284628629,0.949467891411744,0.342726461844601,2.7703372721837,0.00559982738662677,0.0349370183126536,"ENSG00000237356","COPs"
"ANKFY1",4.29674047141935,0.766278436822717,0.276536752220835,2.77098226788599,0.00558874702148176,0.0349370183126536,"ANKFY1","COPs"
"ALG11",1.51453307244064,1.19358357946908,0.431054302757752,2.76898657972535,0.00562309513552932,0.0350523780878323,"ALG11","COPs"
"ENSG00000290560",2.72585068026955,1.08005573216602,0.390193414785467,2.76800092272149,0.00564012959839966,0.0351287188993704,"GUSBP3","COPs"
"SAP130",2.31450974741918,1.072470394807,0.387789611259638,2.76559857115137,0.00568184303032313,0.0353585091717395,"SAP130","COPs"
"PTPN11",4.56317684225326,0.809353542390491,0.292739699697303,2.76475497934641,0.00569655668981445,0.0354162844227807,"PTPN11","COPs"
"CLN6",2.73215829446931,1.05070960387346,0.380070396981521,2.76451313287771,0.00570078123256154,0.0354162844227807,"CLN6","COPs"
"MRPL10",0.591392446384452,1.71058902215273,0.619445891507743,2.76148255336576,0.00575395907339424,0.0357164109318896,"MRPL10","COPs"
"DAB1",6.58667939040563,-1.44869703744535,0.524936989166647,-2.75975415591346,0.00578448732544288,0.0358755566413985,"DAB1","COPs"
"FIGN",17.9379302195061,0.623901998465997,0.226116755641946,2.75920285825231,0.00579425543349653,0.03588371675611,"FIGN","COPs"
"TSC1",3.45748741396476,0.863350147734495,0.312906895670971,2.75912790570882,0.00579558461987056,0.03588371675611,"TSC1","COPs"
"ERMP1",5.32944788107459,0.673520781378801,0.244293217728188,2.75701792969214,0.00583311529579288,0.0360552375107265,"ERMP1","COPs"
"CFL1",12.9632358599475,0.61463230805235,0.222920517952421,2.75718141020798,0.00583019961548675,0.0360552375107265,"CFL1","COPs"
"FRY",12.006799036366,0.601705836513468,0.218328330056419,2.75596774984711,0.00585187665272647,0.036140756734894,"FRY","COPs"
"MTMR4",3.05765818809395,0.858381306604431,0.311797894544293,2.75300546162762,0.00590509111044444,0.0364387329498157,"MTMR4","COPs"
"HECW1",2.6355379618506,-3.52619258176672,1.28127367183682,-2.75209946108673,0.00592145335057454,0.0364783402461506,"HECW1","COPs"
"PEDS1",2.61063696031486,1.15789478118941,0.420717956582419,2.75218769028836,0.0059198581499506,0.0364783402461506,"PEDS1","COPs"
"MB21D2",1.98102133768324,1.22262381244233,0.44432404926444,2.75164896985956,0.00592960435740716,0.036497908699913,"MB21D2","COPs"
"NOL7",1.944097940056,1.04801807171512,0.381375112906929,2.747998063447,0.00599603632319294,0.0368449903712451,"NOL7","COPs"
"PSMD7-DT",1.57310049097293,-1.69608753964384,0.617165318130935,-2.74818997409055,0.00599252768439666,0.0368449903712451,"PSMD7-DT","COPs"
"PTRH2",2.02338526911131,0.968803581256593,0.352682729155528,2.74695498579225,0.00601513895703535,0.0369314431194714,"PTRH2","COPs"
"FUT9",15.5462101374497,-0.383036902890598,0.1395350156994,-2.74509520761278,0.00604933449529624,0.0371103404615288,"FUT9","COPs"
"GOLGA1",3.22332473342884,0.946935669722808,0.345154693838357,2.74351091446051,0.00607860274530764,0.0372407332409933,"GOLGA1","COPs"
"BCAS1",40.1179393024661,-0.413231207869495,0.150627650584975,-2.74339542749738,0.00608074123248057,0.0372407332409933,"BCAS1","COPs"
"P3H1",1.08287815897998,1.6913397247222,0.616745395982996,2.74236295193816,0.00609988984894078,0.0373268488921422,"P3H1","COPs"
"TRIM59",16.6883797032313,-0.869070907748663,0.317066869735959,-2.74097040940415,0.00612580240383902,0.0373918571023019,"TRIM59","COPs"
"TAF6",0.509375963926592,1.85547671992908,0.676821834181396,2.74145517508791,0.00611677061386634,0.0373918571023019,"TAF6","COPs"
"ELP2",6.88193674488352,0.661300917551958,0.24125918465772,2.74103934525917,0.0061245173106777,0.0373918571023019,"ELP2","COPs"
"GPHN",33.4445328160524,-0.542269771151796,0.197933015479366,-2.73966306145791,0.00615021983090405,0.0375096948456717,"GPHN","COPs"
"YWHAQ",16.2447098418481,-0.549318509501417,0.200633547310099,-2.73791953970884,0.00618292008724733,0.0376465433030155,"YWHAQ","COPs"
"HDAC7",2.91346877297711,1.21077080913143,0.442197564553402,2.73807661142198,0.00617996775811331,0.0376465433030155,"HDAC7","COPs"
"HNRNPF",2.41305861894222,0.905938819149954,0.331222175258393,2.73513939229224,0.00623538650015334,0.0379345196945482,"HNRNPF","COPs"
"ENSG00000239300",0.54888234776657,1.77065299760977,0.647463372250249,2.73475392353995,0.00624269254603804,0.037947502245469,"ENSG00000239300","COPs"
"HIVEP1",3.75721756600267,0.915822514731721,0.335081043991324,2.73313734439551,0.00627341665159988,0.0381026969973413,"HIVEP1","COPs"
"ENSG00000285667",3.63015170576418,-1.15135522364796,0.42141111070882,-2.73214254297037,0.0062923910672617,0.0381863302402805,"ENSG00000285667","COPs"
"ANKH",9.6734704657118,-0.542875080584509,0.198867878295755,-2.7298278899378,0.00633673984017667,0.0383919572315245,"ANKH","COPs"
"WDR13",3.76628318740298,1.35943374085609,0.497990513891088,2.7298386273145,0.00633653346414111,0.0383919572315245,"WDR13","COPs"
"TNKS2",4.77462160902246,0.678769423524799,0.248754632213524,2.72867048739886,0.0063590210123163,0.0384951626793438,"TNKS2","COPs"
"GNB1",6.71914736658753,0.789670431058266,0.289587211503657,2.7268829550793,0.00639357137127377,0.0386724098524614,"GNB1","COPs"
"MAPK3",4.02936799772197,-1.29712684478513,0.476004695755323,-2.72502951410354,0.00642957393133415,0.0388581416261933,"MAPK3","COPs"
"NR1H2",1.25365430347445,1.38979559016061,0.510225689610988,2.72388399576712,0.00645191639801267,0.0389610786931843,"NR1H2","COPs"
"KLHDC2",4.17154415125083,0.795630707477859,0.292259880652381,2.72233980833036,0.00648214513988123,0.0391114300092998,"KLHDC2","COPs"
"PHKB",5.9451394286153,0.639314937359661,0.234887571454762,2.72179125272615,0.00649291419765444,0.0391442164898854,"PHKB","COPs"
"SLC36A4",2.89574382894817,0.849362222765146,0.312391544680355,2.7189027271344,0.0065498866850851,0.0394552697934888,"SLC36A4","COPs"
"ANP32B",2.33430157584474,0.964968125400358,0.354954552124517,2.71856810857816,0.00655651558447581,0.0394628013480714,"ANP32B","COPs"
"HMOX2",3.11190688679997,-0.819181112341524,0.301684469764861,-2.7153572505075,0.00662043107689825,0.0398148383698381,"HMOX2","COPs"
"CSE1L",2.98194737034657,0.852217451185348,0.313918763190371,2.71477067036141,0.00663216790846402,0.0398527567112207,"CSE1L","COPs"
"SETD2",7.74984619085222,0.598771956650104,0.220674212506974,2.71337529586146,0.00666016305625492,0.0399882294138644,"SETD2","COPs"
"OPTN",2.75904316745655,1.14408418779222,0.421713404685931,2.71294242743902,0.00666886918299037,0.0400077622204418,"OPTN","COPs"
"ARL13B",2.73962858511865,1.05224990631134,0.388054437700042,2.7116038475115,0.00669585633526861,0.0401368447155766,"ARL13B","COPs"
"KLHL5",5.38751250974284,0.640285782051217,0.236199376410394,2.71078523483791,0.00671240874924188,0.0401376878510087,"KLHL5","COPs"
"DENND2A",3.95685273288817,0.813172983030611,0.299968252543903,2.71086348683381,0.00671082489918597,0.0401376878510087,"DENND2A","COPs"
"TMEM147",3.56354406249064,0.977197628455665,0.360443525859847,2.71109774027578,0.00670608552862951,0.0401376878510087,"TMEM147","COPs"
"TNS2-AS1",2.5659288214407,0.992866592684701,0.366457004278542,2.70936721386837,0.00674116830548576,0.0402440617228226,"TNS2-AS1","COPs"
"PSMC4",2.00455961420904,1.17578339134898,0.433962107007126,2.70941488292128,0.0067401997106466,0.0402440617228226,"PSMC4","COPs"
"SERINC1",8.16354021016593,-0.575097019448063,0.212351783406334,-2.70822787651196,0.00676435593731716,0.0403496581399154,"SERINC1","COPs"
"B3GAT1",11.4326190122919,1.02503430598882,0.37858058496458,2.70757230216844,0.00677773055924881,0.0403965955428176,"B3GAT1","COPs"
"ENSG00000251034",4.24376495978494,0.970778683551787,0.358640561623713,2.70682903003685,0.00679292308086688,0.0404542829905197,"ENSG00000251034","COPs"
"UBC",19.0960137502392,0.528424645309657,0.195403447813412,2.70427493077934,0.00684536254841178,0.0407335158294381,"UBC","COPs"
"MAT2B",2.60396217232457,-1.01429397527957,0.375334154664897,-2.70237590337375,0.00688458787333651,0.0409337287088087,"MAT2B","COPs"
"DYNLT2",1.00172505543496,1.28850628011181,0.477235443793416,2.69993835719707,0.00693523246426283,0.0412014579678513,"DYNLT2","COPs"
"VPS36",2.95535238867044,0.957782763080118,0.354845054062144,2.69915770874005,0.00695152250535755,0.0412314637201361,"VPS36","COPs"
"MAN2C1",3.20447220650535,1.44714098621545,0.536123272445224,2.69926910580683,0.00694919584681063,0.0412314637201361,"MAN2C1","COPs"
"WASH2P",2.76483885121111,1.31101389131299,0.485816140457912,2.69858035197693,0.00696359249401676,0.0412696915416809,"WASH2P","COPs"
"TOR1AIP1",1.96506085427592,1.18403462603763,0.439147531909983,2.69621150069524,0.00701331204065922,0.0415116344143546,"TOR1AIP1","COPs"
"GPATCH2",3.80156069646657,1.11611566363092,0.414221744926647,2.69448834422868,0.00704967922588058,0.0415116344143546,"GPATCH2","COPs"
"MRRF",2.29303784592191,1.13199089837005,0.419978953265684,2.69535149218283,0.00703144139097882,0.0415116344143546,"MRRF","COPs"
"ASRGL1",1.3630196400723,1.25481051631099,0.465437694439886,2.6959795721338,0.00701819705631375,0.0415116344143546,"ASRGL1","COPs"
"C2CD3",2.55178923353831,1.00202187974928,0.371776691889349,2.69522512198669,0.00703410887252538,0.0415116344143546,"C2CD3","COPs"
"STX10",2.14206675869362,1.0130798719859,0.375962891036915,2.69462730534868,0.00704674018911009,0.0415116344143546,"STX10","COPs"
"LARGE1",10.5056373189505,0.706450612429369,0.262096706764448,2.69538149162733,0.00703080828202615,0.0415116344143546,"LARGE1","COPs"
"CDC42EP1",5.7520699598576,0.935205073895441,0.347051016554258,2.69471930432807,0.00704479501007235,0.0415116344143546,"CDC42EP1","COPs"
"ANKZF1",3.13028645827433,1.20644340370599,0.447973425151992,2.69311377856098,0.00707881072820927,0.0416497468427196,"ANKZF1","COPs"
"ZRANB2",11.6575200912741,0.464856031781691,0.172794593185609,2.69022324837653,0.00714042332526998,0.0419785945012066,"ZRANB2","COPs"
"COX19",1.46074957745574,1.12153793817505,0.416943387986969,2.68990460213294,0.00714724474925794,0.0419850558249043,"COX19","COPs"
"CCDC186",4.15348994044546,0.817120448906288,0.303824821919682,2.68944598977597,0.00715707276855562,0.0420091543223141,"CCDC186","COPs"
"MTO1",0.854585900085943,1.42306567231649,0.52947203790821,2.68770694282291,0.00719445069165498,0.0421620106355809,"MTO1","COPs"
"RPLP1",22.2126441693044,0.519671352727616,0.19335172087658,2.68769965103818,0.00719460778461868,0.0421620106355809,"RPLP1","COPs"
"NUPR1",2.9894407036196,1.33493128099206,0.496865055064086,2.68670792479032,0.00721600207138361,0.0422536370293228,"NUPR1","COPs"
"FANCM",1.18944253750259,1.27897870781374,0.476515107573099,2.68402551668846,0.00727415542287592,0.0425601900619144,"FANCM","COPs"
"ZFHX2-AS1",0.682903434839263,1.57110044550177,0.585416679236733,2.68373024074096,0.00728058249295597,0.0425638515942773,"ZFHX2-AS1","COPs"
"YWHAH",2.81640095199502,-1.36817845538703,0.509870532306431,-2.68338405280648,0.00728812421835902,0.0425740186226912,"YWHAH","COPs"
"DUSP22",1.87994059451248,1.02977301633682,0.383930797787948,2.68218393072385,0.00731432325425344,0.0426252499733578,"DUSP22","COPs"
"USP3",3.15916885879731,0.883410945936736,0.3293418425889,2.68235259447264,0.00731063617645697,0.0426252499733578,"USP3","COPs"
"RAD23A",4.25301418335627,0.740165824954994,0.275916611250908,2.6825707288856,0.0073058701171495,0.0426252499733578,"RAD23A","COPs"
"BCL7C",2.161732647417,1.13179117845125,0.422010937957025,2.68190010413073,0.00732053161841103,0.042627571812922,"BCL7C","COPs"
"MATN2",7.47916416742834,1.03085193691312,0.384507872632104,2.68096444906719,0.00734103144101959,0.0427130433646001,"MATN2","COPs"
"MIGA1",6.72548227957717,0.571439674264819,0.213337660150701,2.67856914649367,0.00739374643427842,0.0429856716230593,"MIGA1","COPs"
"FAM114A1",3.24441215943614,1.26878883708315,0.473882382760886,2.67743407064652,0.00741884516872177,0.0430974402239997,"FAM114A1","COPs"
"PSMD1",7.59048451639216,0.651072779473362,0.243255438735183,2.67649834617735,0.00743959329399719,0.0431837784794758,"PSMD1","COPs"
"SRP19",4.12844035275442,0.764569696046645,0.2858273868163,2.67493505280525,0.00747437283659297,0.0433513624522392,"SRP19","COPs"
"NCOR1",12.4699943777052,0.405622152054872,0.151821096662248,2.67171138249151,0.0075465525215306,0.0437354311615087,"NCOR1","COPs"
"MTIF3",4.15212345170035,0.71646473310103,0.268201687121586,2.67136549657955,0.00755433409721215,0.0437459741683074,"MTIF3","COPs"
"APC",12.0221858297546,0.524258806181143,0.196284610968933,2.67091140560236,0.00756456094047494,0.0437706495427954,"APC","COPs"
"LINC00882",10.4466419189997,-0.807329750529219,0.302379776815554,-2.66991979103707,0.00758693682182655,0.0438309885525523,"LINC00882","COPs"
"TMEM258",14.2750822231087,0.530486592651852,0.198679165936298,2.67006653743423,0.00758362173832656,0.0438309885525523,"TMEM258","COPs"
"LIFR",15.0258582045586,0.620515114608143,0.232525747649992,2.66858668719203,0.0076171119463605,0.0439706926439394,"LIFR","COPs"
"CDK11B",1.27523641346749,1.20750568845645,0.452682744420599,2.66744359783797,0.0076430716744064,0.0440858623232074,"CDK11B","COPs"
"ZNF141",1.55500182413481,1.23569941276859,0.463318119950854,2.66706472196612,0.00765169348358078,0.0441009230864353,"ZNF141","COPs"
"EIF5A",2.34314856673656,1.14978632658394,0.431258112666875,2.66612103705998,0.00767320616094328,0.0441901990603146,"EIF5A","COPs"
"ATAD1",4.05026437053918,-1.26454419566952,0.47441155176608,-2.6655004309276,0.00768738331704442,0.0441992589044979,"ATAD1","COPs"
"LPXN",1.11173873924982,1.42914887471524,0.536113335471856,2.66575886133739,0.00768147687038175,0.0441992589044979,"LPXN","COPs"
"ENSG00000259972",2.74859139907688,-1.16806300445548,0.438254588705053,-2.66526132197919,0.00769285179515385,0.0441992589044979,"ENSG00000259972","COPs"
"ABCA1",6.2870344187843,1.16757387695246,0.438340508524597,2.66362303790352,0.00773041360888476,0.0443760029316163,"ABCA1","COPs"
"ERVK13-1",0.776490868693437,1.55982482479582,0.585653362996454,2.66339258570135,0.00773571047424522,0.0443760029316163,"ERVK13-1","COPs"
"RORB",4.46121125493831,-1.05421149707844,0.395981751359017,-2.66227292914476,0.00776149171409571,0.0444891130518127,"RORB","COPs"
"TGFA",2.615994726243,-0.881140552741675,0.331065318353071,-2.66153083362832,0.00777862162201943,0.0445289301653843,"TGFA","COPs"
"RPL27",6.11855949154685,0.81235145524715,0.305229330286497,2.6614462459576,0.00778057632166044,0.0445289301653843,"RPL27","COPs"
"MRPS7",1.84891992266496,1.06292843341106,0.399434341928336,2.66108424298119,0.0077889466638268,0.0445420901578311,"MRPS7","COPs"
"TAF15",7.43285782343265,0.70724564670819,0.265824028842895,2.66057831486025,0.00780065840397869,0.0445743229828595,"TAF15","COPs"
"ZC3H7A",3.53621683318763,0.95172948720037,0.35775653497738,2.66027142526004,0.0078077702830959,0.0445802416864394,"ZC3H7A","COPs"
"TEKT4P2",1.95696240879888,-1.10398411907971,0.415112190074579,-2.65948373831509,0.00782605078756268,0.0446498714061799,"TEKT4P2","COPs"
"ENSG00000272368",4.44097403381475,0.855169283412053,0.32161070881142,2.65901992683176,0.00783683277304978,0.044676644954053,"ENSG00000272368","COPs"
"SARS1",3.93385103675285,0.799033060362163,0.30053431877027,2.65870820887164,0.0078440865943891,0.0446832789930379,"SARS1","COPs"
"SLC27A4",2.42969355759919,1.19516222971531,0.449683543671763,2.65778511696592,0.00786560266238485,0.0447363773131145,"SLC27A4","COPs"
"SUDS3",1.72354584628917,-1.36798186723798,0.514698480048151,-2.65783156598793,0.00786451873439776,0.0447363773131145,"SUDS3","COPs"
"ENSG00000287555",2.64964992602412,1.65597357936546,0.623188259467451,2.65726055362562,0.00787785309302358,0.0447713463543873,"ENSG00000287555","COPs"
"MTERF4",2.65132958862155,0.879523482245093,0.331204040357401,2.65553367433562,0.00791830273393989,0.0449663987298119,"MTERF4","COPs"
"LCOR",12.9190198530509,-0.416472265559027,0.156851026174106,-2.65520905866908,0.00792592712184826,0.044974885764115,"LCOR","COPs"
"ZNF789",1.56219041638165,-1.14774274150917,0.43252542818459,-2.65358442930515,0.00796418437855196,0.0451570485204295,"ZNF789","COPs"
"AGO2",6.04834140431538,0.648812165871164,0.244598868095221,2.652555880261,0.00798849036518534,0.0452598871114786,"AGO2","COPs"
"XRCC6",3.70754114098838,0.80496880343539,0.303695752012451,2.65057643414909,0.00803545432203693,0.0454908397845563,"XRCC6","COPs"
"GRSF1",2.4800991753682,1.16395131063753,0.439375240780851,2.64910537191167,0.00807051642340146,0.045654108711254,"GRSF1","COPs"
"METTL14",3.03746976213703,1.09179270584139,0.412181472215783,2.64881558108906,0.00807743958280567,0.0456580695061982,"METTL14","COPs"
"SNHG25",22.9803974941516,1.27815010337849,0.483138028463557,2.64551748791784,0.00815660707741303,0.0460700740007539,"SNHG25","COPs"
"MARCKSL1",26.092452405618,-0.549686462842401,0.207873222084893,-2.64433512565614,0.00818515719473427,0.0461602600597735,"MARCKSL1","COPs"
"RAD51B",9.53916223081112,-0.859030788018553,0.324838987897723,-2.64448178951051,0.0081816108980523,0.0461602600597735,"RAD51B","COPs"
"NDUFB8",7.73631866229486,0.50900704603755,0.192524876373689,2.64385078762274,0.00819687814666113,0.0461908563456626,"NDUFB8","COPs"
"ATF6B",4.95436542552861,0.617925808189438,0.233778674858164,2.64320861842656,0.00821244176323382,0.0462075806877658,"ATF6B","COPs"
"TPD52L2",5.94989910833279,1.36963723083439,0.518133769735684,2.64340467816465,0.00820768725610455,0.0462075806877658,"TPD52L2","COPs"
"HECW2",21.6601689698626,-0.516561379488078,0.195560714782592,-2.6414373667142,0.00825550698658227,0.0463359448848414,"HECW2","COPs"
"RHBDD1",6.11133643477487,-0.715332709402731,0.270782123534497,-2.64172796957772,0.008248427603441,0.0463359448848414,"RHBDD1","COPs"
"MTCH2",3.57309236603314,0.734914369896082,0.27830136826892,2.64071418141912,0.00827314812582011,0.0463359448848414,"MTCH2","COPs"
"CD27-AS1",4.86907363755342,0.877946380060079,0.33232315158738,2.64184537209179,0.00824556909899981,0.0463359448848414,"CD27-AS1","COPs"
"MARF1",2.59513291666068,0.993044568007589,0.376024971431637,2.64090058760401,0.00826859777234219,0.0463359448848414,"MARF1","COPs"
"TPGS1",2.24924345828761,0.960100316029316,0.363553583809605,2.64087705027858,0.00826917221743935,0.0463359448848414,"TPGS1","COPs"
"ETNK1",8.44704242274116,0.608242871027996,0.230385813071025,2.64010558167695,0.00828802023188193,0.0463838325257954,"ETNK1","COPs"
"COX7A2L",4.1086835452136,-1.01733126156565,0.385397456452744,-2.63969376168001,0.00829809727526587,0.0464048320949891,"COX7A2L","COPs"
"COL4A5",21.4293705378131,-0.693122964890922,0.262742568496843,-2.63803071141573,0.00833890294707387,0.0465975102229101,"COL4A5","COPs"
"TTF1",3.80631855080057,0.839504922187731,0.318401069559975,2.63662720526634,0.008373479849395,0.0467551154147725,"TTF1","COPs"
"ARHGEF11",3.12152523466597,0.82265222892813,0.312197205177407,2.63504033759898,0.00841272848836599,0.0469385467065713,"ARHGEF11","COPs"
"RARS1",2.76516179689884,1.02424328885414,0.388883905470028,2.63380220792676,0.00844346583741794,0.0470742468458476,"RARS1","COPs"
"CEMIP2",1.80161833814038,1.17679741646073,0.447032213795277,2.6324666995915,0.00847673323401961,0.0472238357919529,"CEMIP2","COPs"
"TMED8",2.23273650808056,1.19938547420316,0.455690098705265,2.63202004522575,0.00848788548295009,0.047250087851597,"TMED8","COPs"
"ACOX3",1.16952543477282,1.26424515712213,0.480510219721694,2.63104738511986,0.00851221666474356,0.0473137376281996,"ACOX3","COPs"
"PTPRJ",16.3846045440844,0.390156664624662,0.148275491170455,2.63129571546079,0.00850599873707655,0.0473137376281996,"PTPRJ","COPs"
"ENSG00000225140",2.85194359261127,1.04834444941095,0.398730055663904,2.62920849461776,0.00855838714654404,0.0475343576791776,"DIP2C-AS2","COPs"
"ADAM17",3.94264514822981,0.846153002130578,0.321916512027782,2.62848586672545,0.008576591931045,0.0475936406299248,"ADAM17","COPs"
"EIF1B",4.3640008743433,0.723794540795436,0.275388188500929,2.62827009660581,0.00858203442188776,0.0475936406299248,"EIF1B","COPs"
"RBP7",5.85039626759313,1.54997275147946,0.590307702866681,2.62570307646743,0.00864702108270307,0.0479178200028644,"RBP7","COPs"
"LIMS1",4.47081108457414,0.776353431962503,0.295786241473372,2.62471110250202,0.00867225148278641,0.0480152070799578,"LIMS1","COPs"
"RPGR",2.06669934707753,1.07107866320604,0.40810803334428,2.62449786746168,0.00867768360202045,0.0480152070799578,"RPGR","COPs"
"GCN1",1.30802541290561,1.15716552402551,0.440975193704637,2.62410571058238,0.0086876816583511,0.0480343031856232,"GCN1","COPs"
"PER3",5.79457631469637,0.776316763258118,0.295872028216469,2.62382614516753,0.00869481547495166,0.048037546038946,"PER3","COPs"
"SUPT4H1",1.15867977522042,1.51767035913925,0.578496453290203,2.62347392193589,0.00870381079172938,0.0480510607817295,"SUPT4H1","COPs"
"MAP2K3",0.879506626950608,1.48158434377465,0.5650661589658,2.62196615434605,0.00874241126060832,0.048227873247431,"MAP2K3","COPs"
"KCND2",6.65782715932558,-1.67874166723153,0.640593741049206,-2.6206026685212,0.00877744960183096,0.0483847841687707,"KCND2","COPs"
"SFT2D2",2.77610891436529,0.869651156728494,0.332016178001266,2.61930355913312,0.00881095029475698,0.0485329897241982,"SFT2D2","COPs"
"ZNF3",0.828952112186455,1.48033513970894,0.565292379071844,2.61870705233903,0.00882637090542827,0.0485814578643115,"ZNF3","COPs"
"ATP6V0A1",7.62415773009459,0.97808673503142,0.373548730176935,2.6183645024523,0.00883523723731264,0.0485938048052195,"ATP6V0A1","COPs"
"AP4M1",0.554619802571581,1.7368138897216,0.663672723639642,2.61697343865023,0.0088713244202191,0.0487192419694218,"AP4M1","COPs"
"NMT1",4.6343525982922,0.65720768953504,0.251132436491342,2.61697651931035,0.00887124435601981,0.0487192419694218,"NMT1","COPs"
"CSRNP3",3.9964445025671,-0.947320610016364,0.362166922729531,-2.61570162972567,0.00890443303490631,0.0488644915311201,"CSRNP3","COPs"
"CNDP2",4.67263259885921,0.717492046294251,0.274398337895623,2.6147827709043,0.00892842203649485,0.0489595160551291,"CNDP2","COPs"
"USP14",6.19875514211682,0.699555003122054,0.267929986682478,2.61096195981636,0.00902879362646063,0.0494729341578354,"USP14","COPs"
"ARL6",2.53035552692076,-1.02046600114668,0.391150726113936,-2.60888177630388,0.0090838619693845,0.049737533783115,"ARL6","COPs"
"CTTNBP2NL",1.94210959113915,1.06001870901213,0.40639414884928,2.60835130627155,0.00909795290959586,0.0497404474647577,"CTTNBP2NL","COPs"
"TEX2",4.53813746027683,0.644244653547284,0.246991885689819,2.60836363813324,0.00909762511542958,0.0497404474647577,"TEX2","COPs"
"LINC00870",1.48151797820187,-1.18258578847896,0.453614418529422,-2.60702865731825,0.00913317161472,0.0498958154409535,"LINC00870","COPs"
"KMT5C",2.58276287782634,0.978059978442643,0.375224115273165,2.60660213091744,0.00914455482751043,0.0499208324177411,"KMT5C","COPs"
