"geneID","baseMean","log2FoldChange","lfcSE","stat","pvalue","padj","Symbol","celltype"
"KCNB2",47.4960470695139,-2.1975201516579,0.230323083376455,-9.54103305427764,1.41416498290456e-21,1.41331648391482e-17,"KCNB2","Ex_L5_6"
"NRXN3",231.449542107177,-0.951671657205318,0.104044658588575,-9.14676130534025,5.86659565091521e-20,2.93153784676233e-16,"NRXN3","Ex_L5_6"
"ENSG00000233928",9.87396493138029,-2.07618651937467,0.246238962367556,-8.43159222006301,3.40993414735236e-17,1.13596272895465e-13,"ENSG00000233928","Ex_L5_6"
"MYO16",18.591526378683,-3.83818201814777,0.476812895908851,-8.04966067629491,8.30238963541906e-16,2.07435205040945e-12,"MYO16","Ex_L5_6"
"KLF12",14.8334915468685,-2.19695096389977,0.274027379180554,-8.01726809368277,1.08122959732343e-15,2.16116171913008e-12,"KLF12","Ex_L5_6"
"HDAC9",30.0929367669641,-2.09446313286497,0.265447054019244,-7.89032351706993,3.01404167817207e-15,4.31391297858586e-12,"HDAC9","Ex_L5_6"
"TACC1",16.5951765416598,1.07504127876884,0.136253424013783,7.8900129413268,3.02155201621983e-15,4.31391297858586e-12,"TACC1","Ex_L5_6"
"ACADVL",11.0375134659036,-1.64243905691692,0.212238430782295,-7.73865058680943,1.00477495278944e-14,1.25521510977221e-11,"ACADVL","Ex_L5_6"
"SPRY4-AS1",6.3962477789542,-2.02267865832198,0.272349627938982,-7.42677224723489,1.1127972345557e-13,1.23569950690551e-10,"SPRY4-AS1","Ex_L5_6"
"ENSG00000287100",10.4189868167902,-2.09791884082398,0.287863948390288,-7.28788322593147,3.14862687504852e-13,3.14673769892349e-10,"ENSG00000287100","Ex_L5_6"
"PGM2L1",9.69622705860112,-1.57416809709455,0.218676317030917,-7.19862177334908,6.08242113132712e-13,5.52615607149848e-10,"PGM2L1","Ex_L5_6"
"NTNG1",29.0855314168484,-2.64401915987776,0.374862700710483,-7.05330019462195,1.74723335072998e-12,1.45515417559962e-09,"NTNG1","Ex_L5_6"
"NRG3",281.351090570371,-0.61038058660773,0.088031746954633,-6.93364164319366,4.10142845929413e-12,3.15305200170658e-09,"NRG3","Ex_L5_6"
"UQCRB",18.4301737922113,-2.13525695508228,0.309229522383868,-6.90508764694088,5.01724409795888e-12,3.58159553678579e-09,"UQCRB","Ex_L5_6"
"OXR1",111.801689588723,-0.827751832289372,0.120082282294888,-6.89320536277492,5.45490359094469e-12,3.63442043252675e-09,"OXR1","Ex_L5_6"
"SLIT3",15.9458468541338,-2.14893363633203,0.315515193645797,-6.81087212156402,9.70088355136014e-12,6.05941438826833e-09,"SLIT3","Ex_L5_6"
"ENSG00000223930",3.01493388891549,-2.97920687141839,0.43866993073025,-6.7914544916697,1.11008602547699e-11,6.5259998462453e-09,"LOC105374235","Ex_L5_6"
"CDK14",40.5165724992993,-1.07754963720087,0.159036130756118,-6.77550209551621,1.23974945622527e-11,6.88336448084187e-09,"CDK14","Ex_L5_6"
"COL18A1",3.77817197399313,-3.53925420896422,0.525289304011197,-6.73772373040509,1.60887098405935e-11,8.4626613761522e-09,"COL18A1","Ex_L5_6"
"PURA",12.5971970837648,1.1618528314779,0.173200664903443,6.7081314735461,1.97132286077889e-11,9.8507003353121e-09,"PURA","Ex_L5_6"
"TTC14",16.8399976768139,-1.21171625138991,0.18420517211676,-6.57807941799731,4.76563683657555e-11,2.16489884294255e-08,"TTC14","Ex_L5_6"
"ENSG00000286084",3.19725633758545,-2.75170929347108,0.418056637964938,-6.5821447229403,4.63709876672361e-11,2.16489884294255e-08,"ENSG00000286084","Ex_L5_6"
"RELN",10.3930470075802,-4.9111846384201,0.748679497710583,-6.55979581842192,5.38815041783124e-11,2.21898447531021e-08,"RELN","Ex_L5_6"
"CDHR3",6.76602586726116,-2.5123165464197,0.383016490681566,-6.5592908074248,5.40642782664828e-11,2.21898447531021e-08,"CDHR3","Ex_L5_6"
"ENSG00000284418",6.53624551611481,-3.97117169568307,0.605988835620512,-6.55320933696201,5.63134863613421e-11,2.21898447531021e-08,"ENSG00000284418","Ex_L5_6"
"TENM1",14.0701210776744,-2.70919136216126,0.413648282710448,-6.54950467679733,5.77282332980444e-11,2.21898447531021e-08,"TENM1","Ex_L5_6"
"PTPRK",78.137954034868,-1.13019480781636,0.175114937758748,-6.45401712887224,1.08923491109316e-10,4.03178285239447e-08,"PTPRK","Ex_L5_6"
"COL5A2",12.1168499715514,-3.24172607266364,0.504372159436266,-6.42725021993065,1.29932849215198e-10,4.50646354533476e-08,"COL5A2","Ex_L5_6"
"PTPRT",70.1377130521937,-1.48830390303221,0.231596552928785,-6.42627830255251,1.30765902356122e-10,4.50646354533476e-08,"PTPRT","Ex_L5_6"
"RIMS1",53.7258919125986,-0.641823558050157,0.0999601324429475,-6.42079539476881,1.35564135092128e-10,4.51609322036908e-08,"RIMS1","Ex_L5_6"
"EPHA5",20.5005805298617,-1.0283223354902,0.160335077342732,-6.41358305701294,1.42138617975273e-10,4.58236563885444e-08,"EPHA5","Ex_L5_6"
"TRPS1",32.2622660299171,-2.90364291793183,0.455908136775627,-6.36892102533551,1.90362589922155e-10,5.94526163650631e-08,"TRPS1","Ex_L5_6"
"CRY2",6.42041642038904,1.42699330715142,0.22531082383651,6.33344320904386,2.39749579270748e-10,7.26077968252076e-08,"CRY2","Ex_L5_6"
"IPO9",9.29227876674007,1.26263489480409,0.199976646732188,6.31391172637789,2.72069165254902e-10,7.99723305163968e-08,"IPO9","Ex_L5_6"
"IMMP2L",28.2920724316452,-0.814283888656098,0.129207819683288,-6.30212544915669,2.93591380267186e-10,8.38329215540073e-08,"IMMP2L","Ex_L5_6"
"GRM8",16.1158712740226,-1.87990949258779,0.29870634110838,-6.29350379912323,3.10378907633333e-10,8.61646334135424e-08,"GRM8","Ex_L5_6"
"DHX57",6.2021610218184,1.53172891982195,0.244095098512101,6.27513182017466,3.4933819632165e-10,9.1875945632594e-08,"DHX57","Ex_L5_6"
"PER1",5.72003888313906,2.26385373592169,0.360748575156736,6.27543361727238,3.48661215489394e-10,9.1875945632594e-08,"PER1","Ex_L5_6"
"ENSG00000285783",9.65550032010731,-1.33374389658698,0.213191336584753,-6.25608862889582,3.94752466188123e-10,1.01157849925233e-07,"ENSG00000285783","Ex_L5_6"
"ENSG00000263551",6.27287630848315,-3.46146333937498,0.554167403290357,-6.24624133217258,4.20447390918135e-10,1.05048780620896e-07,"ENSG00000263551","Ex_L5_6"
"RPS15A",6.84062823087884,1.54196766623667,0.247523041852548,6.22959242378428,4.6765020261799e-10,1.13992588413761e-07,"RPS15A","Ex_L5_6"
"LRP1B",326.77240508401,-0.724137685139285,0.116738377875577,-6.20308161135398,5.53681078569578e-10,1.2805503270821e-07,"LRP1B","Ex_L5_6"
"CNTN5",265.650043946822,-1.61188826393598,0.260120441872496,-6.19669969931115,5.76593603348953e-10,1.2805503270821e-07,"CNTN5","Ex_L5_6"
"RPS29",10.6938364842468,1.14865732598889,0.185186303072767,6.2027121170918,5.54983063378284e-10,1.2805503270821e-07,"RPS29","Ex_L5_6"
"PSMC1",5.24117355301818,1.50988946160969,0.243585396089246,6.1986042096567,5.69660828092872e-10,1.2805503270821e-07,"PSMC1","Ex_L5_6"
"DTNA",28.4948925119728,-1.258025865505,0.203238457486809,-6.1899006765816,6.02021369014833e-10,1.30795686129005e-07,"DTNA","Ex_L5_6"
"ENSG00000286619",4.28775249276581,2.5049281500808,0.404917848812654,6.18626261456746,6.16073428254941e-10,1.31000805148508e-07,"ENSG00000286619","Ex_L5_6"
"ORC2",8.81369596298849,1.23517991290451,0.199780635750453,6.18268086025804,6.30220416691766e-10,1.31217142592032e-07,"ORC2","Ex_L5_6"
"INPP4B",25.546311070423,-0.989744196893708,0.161052841275829,-6.1454625019537,7.97308480820131e-10,1.62618386884008e-07,"INPP4B","Ex_L5_6"
"ADARB2",9.85596908791294,-4.03260486041332,0.65702579446732,-6.13766597045513,8.37427110345376e-10,1.67384930815834e-07,"ADARB2","Ex_L5_6"
"CTNNA1",10.4428010172304,2.74316033818894,0.449033176485178,6.1090371087079,1.00234022894352e-09,1.9264208169349e-07,"CTNNA1","Ex_L5_6"
"MAMLD1",4.52118582680614,1.68215437057495,0.275215478209273,6.11213577637465,9.83064862687124e-10,1.9264208169349e-07,"MAMLD1","Ex_L5_6"
"HS6ST3",107.952014961107,-2.2685292125209,0.372556565874245,-6.08908665237868,1.13556648143381e-09,2.13017099196e-07,"HS6ST3","Ex_L5_6"
"DLGAP1",194.946182268272,-0.763496979673078,0.125432251449068,-6.08692717265859,1.15098292541365e-09,2.13017099196e-07,"DLGAP1","Ex_L5_6"
"RPAP2",12.9778975420239,1.07952236916877,0.178722731702414,6.04020741450089,1.53916244453038e-09,2.79679808557029e-07,"RPAP2","Ex_L5_6"
"SEC61B",3.27232325033904,1.85061778282366,0.307789005226411,6.01261822676979,1.82550604763403e-09,3.25787632858116e-07,"SEC61B","Ex_L5_6"
"PHACTR4",8.06876042022254,1.31477052986188,0.219135758048794,5.99979912711975,1.97561772179445e-09,3.46391640554627e-07,"PHACTR4","Ex_L5_6"
"COL24A1",4.61350627505801,-2.74478347272127,0.457866278013825,-5.99472729161853,2.03827198612128e-09,3.51215348780967e-07,"COL24A1","Ex_L5_6"
"LINC02055",7.70068144545608,-3.45417546680992,0.581263016440067,-5.94253439340583,2.80648745811903e-09,4.75390434854941e-07,"LINC02055","Ex_L5_6"
"ANKRD17",31.6618106335285,0.704841250619919,0.119189023996019,5.91364227165299,3.34624226948257e-09,5.57372420686813e-07,"ANKRD17","Ex_L5_6"
"LRRC3B",3.66206248376456,-3.69602866236005,0.626686236395904,-5.89773390208161,3.68527652554804e-09,5.9404279994076e-07,"LRRC3B","Ex_L5_6"
"NCOR1",16.4822637627988,0.808951559004422,0.137153577700353,5.89814405550385,3.67612968400047e-09,5.9404279994076e-07,"NCOR1","Ex_L5_6"
"CFAP251",2.66647652238697,-2.73609559936965,0.464378409152107,-5.89195265207398,3.81658545361557e-09,5.95983672241157e-07,"CFAP251","Ex_L5_6"
"RAD23A",5.31281241854986,1.55458311969715,0.263743427233767,5.89430089690635,3.76270979285629e-09,5.95983672241157e-07,"RAD23A","Ex_L5_6"
"LINC01435",3.24038884801783,-2.27382720061808,0.387499604514649,-5.8679471517554,4.41223830375713e-09,6.78398609349981e-07,"LINC01435","Ex_L5_6"
"AMPH",25.4679995896571,1.16497305578732,0.199061915201481,5.8523151181791,4.84777005873018e-09,7.34069908590143e-07,"AMPH","Ex_L5_6"
"DNAH14",11.9418683075496,-1.59342807642341,0.273033268557631,-5.83602168644542,5.34619404700143e-09,7.97460646354213e-07,"DNAH14","Ex_L5_6"
"YY1AP1",5.57644478403365,1.30182525917323,0.22328371298244,5.83036371880653,5.53066919152476e-09,8.12845704413213e-07,"YY1AP1","Ex_L5_6"
"RAB3A",6.14074229397696,-1.68515943131107,0.289235791495456,-5.82624792940795,5.66873825431758e-09,8.21063334980433e-07,"RAB3A","Ex_L5_6"
"ENSG00000289156",4.01090627809831,1.54695385435954,0.265885300907179,5.81812476688805,5.95114758533411e-09,8.49653842397558e-07,"PPP3R1-AS1","Ex_L5_6"
"ENSG00000233290",6.88337152224549,-1.75488597360834,0.302586901416908,-5.79960984890897,6.64693849477429e-09,9.2737138760845e-07,"ENSG00000233290","Ex_L5_6"
"GPC6",20.3561270679486,-1.58707410927967,0.273692426583696,-5.79875055035305,6.68108264036506e-09,9.2737138760845e-07,"GPC6","Ex_L5_6"
"LINC-PINT",63.3723455360512,0.664520687440447,0.114919564462899,5.78248525867831,7.36050209520039e-09,1.00768298547168e-06,"LINC-PINT","Ex_L5_6"
"AHR",3.81347184274423,1.6772942876456,0.290795536077004,5.76795060293308,8.02413160295609e-09,1.08369150324247e-06,"AHR","Ex_L5_6"
"FNBP1",10.2053289170173,1.27165110976034,0.221256841748333,5.74739790965093,9.06272840433225e-09,1.20763876897195e-06,"FNBP1","Ex_L5_6"
"GRM5",95.7628826274891,-0.670600239113197,0.116851455887074,-5.73891214296266,9.52866327840825e-09,1.25301922111069e-06,"GRM5","Ex_L5_6"
"PRR16",24.4536500885273,-1.52310229409447,0.267323700538514,-5.69759542841219,1.21508971795411e-08,1.57709177158875e-06,"PRR16","Ex_L5_6"
"MAPT-AS1",1.61364694675136,2.5042592360076,0.440126388114581,5.68986387463695,1.27140685180572e-08,1.62903077909568e-06,"MAPT-AS1","Ex_L5_6"
"TESPA1",5.99062341711714,1.7843598749642,0.316712260265631,5.63400947430209,1.76067341736365e-08,2.22736330799143e-06,"TESPA1","Ex_L5_6"
"NEAT1",12.1589459677437,2.41675172384746,0.430746944205207,5.61060677588028,2.01618425258247e-08,2.51871817753865e-06,"NEAT1","Ex_L5_6"
"ANKHD1",11.232099950232,0.906752993526472,0.162630933008713,5.57552598851469,2.46783059892894e-08,3.04487642045627e-06,"ANKHD1","Ex_L5_6"
"ENSG00000289611",3.00844575106269,1.79582252581841,0.32264561382382,5.56592883608519,2.6075965335559e-08,3.17808777516557e-06,"ENSG00000289611","Ex_L5_6"
"CYB5B",5.23999132982769,1.25361367945243,0.225462613350825,5.56018428430873,2.69489940126516e-08,3.24491862846313e-06,"CYB5B","Ex_L5_6"
"NRSN1",9.83643609013882,-1.0624606131266,0.191428158347811,-5.55017935865102,2.85376664837946e-08,3.39411559879721e-06,"NRSN1","Ex_L5_6"
"ZIM2",1.97183439311245,2.78828212250108,0.502558768971526,5.54817126802349,2.88673029715592e-08,3.39411559879721e-06,"ZIM2","Ex_L5_6"
"RPGR",2.53859831255722,1.95103144049084,0.352216184951927,5.53930092893695,3.0368142655268e-08,3.52906067089243e-06,"RPGR","Ex_L5_6"
"TRPC6",3.77582446619295,-4.33619011346909,0.786035751072116,-5.51653039642882,3.45757710214997e-08,3.92832748758213e-06,"TRPC6","Ex_L5_6"
"SEMA6D",15.7369268999092,-1.11508046572681,0.202209878835573,-5.51447076744226,3.49831045021823e-08,3.92832748758213e-06,"SEMA6D","Ex_L5_6"
"GRIA3",40.3584839469446,-1.01474619270498,0.183967924482811,-5.51588650879081,3.47026160512406e-08,3.92832748758213e-06,"GRIA3","Ex_L5_6"
"URI1",5.33944786881765,-1.5132360358061,0.274750680872187,-5.5076698299796,3.63614561900251e-08,4.03773770181235e-06,"URI1","Ex_L5_6"
"ENSG00000224905",14.9687270164117,1.36502709967811,0.247974560838491,5.5047061886609,3.69784448868847e-08,4.06112723296182e-06,"LOC105377134","Ex_L5_6"
"RPS6KA5",12.0403418351832,1.35395089706893,0.246134241331837,5.50086363336799,3.77935435752339e-08,4.10552907055312e-06,"RPS6KA5","Ex_L5_6"
"PALMD",4.8008328854607,-3.83174555198549,0.69765201190269,-5.49234501816351,3.96631571542122e-08,4.26229669461502e-06,"PALMD","Ex_L5_6"
"ENSG00000287683",6.57723014240434,-2.08283037295899,0.380147195984917,-5.47901022277074,4.27711653781778e-08,4.54739390201605e-06,"ENSG00000287683","Ex_L5_6"
"DNAI3",2.97611983754657,-4.20203946270024,0.767746350108654,-5.4732132065565,4.41947860252602e-08,4.640852960068e-06,"DNAI3","Ex_L5_6"
"CWC27",9.38396387526769,-1.37395141268447,0.251102298394434,-5.47167995462254,4.45789357781197e-08,4.640852960068e-06,"CWC27","Ex_L5_6"
"EXTL2",2.00398801388511,-2.7050251832933,0.494928347588751,-5.46548848226606,4.6163376702759e-08,4.75625553368426e-06,"EXTL2","Ex_L5_6"
"HERC2",11.5431276931416,0.896194267241252,0.164099473588365,5.46128666743509,4.72696036354523e-08,4.82053488502766e-06,"HERC2","Ex_L5_6"
"GRM7",98.1980538105173,-0.916044017336485,0.168433648296171,-5.43860461732519,5.36994747678231e-08,5.42093485686488e-06,"GRM7","Ex_L5_6"
"RPS2",8.56942087859571,1.08616173713647,0.199808435813298,5.43601541504178,5.44852432418778e-08,5.44525520959327e-06,"RPS2","Ex_L5_6"
"CHST9",5.01444000436501,-4.04639073095327,0.745219700063629,-5.42979571072501,5.64185968387471e-08,5.58264808719247e-06,"CHST9","Ex_L5_6"
"PTPRD",398.469593434025,-0.371277718811035,0.068474941945217,-5.42209614588756,5.89041833721105e-08,5.71542144292109e-06,"PTPRD","Ex_L5_6"
"ARG2",2.56447920426606,1.87824089262943,0.346325317517462,5.42334272900718,5.84946822763759e-08,5.71542144292109e-06,"ARG2","Ex_L5_6"
"MEG3",447.861830888819,-0.680066547965712,0.125763981164888,-5.4074826644847,6.3916727108576e-08,6.14099678893878e-06,"MEG3","Ex_L5_6"
"ZNF821",5.9933316978198,1.23147656056675,0.227806465722002,5.40580161613826,6.45191777905315e-08,6.14099678893878e-06,"ZNF821","Ex_L5_6"
"MDGA2",99.7928238169894,-0.591013970225551,0.109568638535627,-5.39400669867209,6.89036475100543e-08,6.49644389825927e-06,"MDGA2","Ex_L5_6"
"PDE4B",31.8102103506638,-1.37213311086293,0.254474077010901,-5.3920349254441,6.96642231350136e-08,6.50676865431145e-06,"PDE4B","Ex_L5_6"
"MTFMT",6.3222830265907,1.13997803830283,0.21192839894784,5.37907162967528,7.48709175710465e-08,6.86477018536733e-06,"MTFMT","Ex_L5_6"
"CRLF3",8.08852829891362,1.1500217043429,0.213744673845059,5.38035256577452,7.43401010612844e-08,6.86477018536733e-06,"CRLF3","Ex_L5_6"
"ENSG00000288016",1.40096374248718,-3.43069194367677,0.639271765612313,-5.36656259234404,8.02513588985875e-08,7.29120073484076e-06,"ENSG00000288016","Ex_L5_6"
"PRKG2",3.28429676986189,-3.33907467617055,0.623618714994442,-5.35435290167695,8.58631379811018e-08,7.73077658543362e-06,"PRKG2","Ex_L5_6"
"MGAT4C",23.2387639431991,-1.67176160269522,0.313023887668197,-5.34068378981759,9.25966475120966e-08,8.26259727889191e-06,"MGAT4C","Ex_L5_6"
"OGA",20.3774978124193,0.919199273064728,0.172649935467176,5.3240638091028,1.01474284269122e-07,8.97463714146553e-06,"OGA","Ex_L5_6"
"LRRC4C",113.179914021632,-1.19744319589202,0.226186279842896,-5.29405760916949,1.19631718382463e-07,1.0487713978196e-05,"LRRC4C","Ex_L5_6"
"DANT2",35.2413381949107,-0.894365728957059,0.169264353046907,-5.28383982130727,1.26503870987904e-07,1.09937364056793e-05,"DANT2","Ex_L5_6"
"SOX5",48.0156200884329,-1.05215192418399,0.199841758573804,-5.26492526733554,1.40246395648691e-07,1.2082952397526e-05,"SOX5","Ex_L5_6"
"RPL31",45.068376942598,-1.28446873336624,0.244080025263147,-5.2624901688757,1.42117265574925e-07,1.21394867705624e-05,"RPL31","Ex_L5_6"
"SAMD3",7.58481851479946,-3.74828773019009,0.714954499613077,-5.24269409062899,1.58248785848894e-07,1.3402867506558e-05,"SAMD3","Ex_L5_6"
"LMCD1-AS1",3.60933752163053,-2.05872894833911,0.393389242248304,-5.23331277838974,1.6649864236556e-07,1.39830876621967e-05,"LMCD1-AS1","Ex_L5_6"
"MPHOSPH9",11.2493851226837,0.830459264665277,0.158803817786712,5.22946662265173,1.69999788906162e-07,1.41581490860682e-05,"MPHOSPH9","Ex_L5_6"
"TMEM108",49.2237611909716,-1.5050099008644,0.288252465620429,-5.2211518733241,1.77813637124663e-07,1.46865247059825e-05,"TMEM108","Ex_L5_6"
"ACVR2A",10.2866964584837,-1.2053494436526,0.231524505000407,-5.20614197469286,1.92807151609107e-07,1.57943825670608e-05,"ACVR2A","Ex_L5_6"
"B3GALNT2",3.22009004122701,1.53645861102308,0.295570854502863,5.19827509247262,2.01146302688707e-07,1.6343545927406e-05,"B3GALNT2","Ex_L5_6"
"ENSG00000289612",4.89468581104668,-2.51565225781763,0.484642317824419,-5.19073998554336,2.0945995823873e-07,1.6881796956757e-05,"ENSG00000289612","Ex_L5_6"
"SUSD4",9.25696690229605,-1.54659968676759,0.298260025078381,-5.18540721761541,2.15543374849464e-07,1.69617361279176e-05,"SUSD4","Ex_L5_6"
"APPAT",6.04834881892163,-1.89344407591611,0.365135942426297,-5.18558667036264,2.1533591415683e-07,1.69617361279176e-05,"APPAT","Ex_L5_6"
"NPAS3",30.4247595471502,-1.01499648648627,0.195682059105664,-5.18696752847532,2.13745982052619e-07,1.69617361279176e-05,"NPAS3","Ex_L5_6"
"PID1",15.0027334216267,-0.904226141045545,0.174763145316882,-5.17400931075024,2.29123398917036e-07,1.78895253810692e-05,"PID1","Ex_L5_6"
"ENSG00000284624",4.50101400360208,-3.14481190766589,0.608825086002326,-5.16537833274148,2.399530709141e-07,1.85898526412056e-05,"LOC105374312","Ex_L5_6"
"RFPL1S",6.39162112705902,-1.65712838090129,0.321239503552111,-5.15854483205697,2.48876519657221e-07,1.91328610573405e-05,"RFPL1S","Ex_L5_6"
"STXBP5L",147.285730778909,-0.773976651637777,0.150252226903465,-5.15118256540082,2.58849055887757e-07,1.9598011095017e-05,"STXBP5L","Ex_L5_6"
"SLX4IP",3.55020748347484,-2.16983017102402,0.421219215535157,-5.15130860843389,2.58675121689831e-07,1.9598011095017e-05,"SLX4IP","Ex_L5_6"
"ANKRD18A",5.83211050697138,-2.21392282941772,0.431172935987437,-5.13465165513595,2.82667083037501e-07,2.12404122396751e-05,"ANKRD18A","Ex_L5_6"
"TTC21B",10.105821876519,0.96670507643872,0.188598735052147,5.12572407323639,2.96396422346267e-07,2.21058645143925e-05,"TTC21B","Ex_L5_6"
"PABPC1",8.6929632694867,1.14543622389658,0.223883429554645,5.11621706963804,3.11724298602178e-07,2.30768343720753e-05,"PABPC1","Ex_L5_6"
"RPS24",10.1718271248099,-1.58412020172466,0.312432850550875,-5.07027413708762,3.97243093478559e-07,2.91915255604758e-05,"RPS24","Ex_L5_6"
"ROBO3",2.62618780974106,-2.19608877360305,0.433298368235947,-5.06830612481604,4.01371518606379e-07,2.92796128244683e-05,"ROBO3","Ex_L5_6"
"PPP1R13B",10.1681474471594,0.835570249675075,0.165115429012117,5.06052193107741,4.18110361584369e-07,3.02796735773492e-05,"PPP1R13B","Ex_L5_6"
"ENSG00000286861",1.61715728715422,3.11382735344616,0.615751867917971,5.056951534674,4.26011447656816e-07,3.06299166034692e-05,"ENSG00000286861","Ex_L5_6"
"MAPK14",11.5473740946297,1.06313029747802,0.210631986681103,5.04733546993318,4.48014293857153e-07,3.19818203772027e-05,"MAPK14","Ex_L5_6"
"PKDCC",3.16911313769208,-2.13129694189597,0.422691163294727,-5.042208418277,4.60189660323612e-07,3.26179820232212e-05,"PKDCC","Ex_L5_6"
"ENSG00000291159",2.58551498420925,1.59556752794764,0.317052818492485,5.03249753632281,4.84130830443175e-07,3.40732642214725e-05,"ENSG00000291159","Ex_L5_6"
"COPS4",4.03548232049652,1.38086234890949,0.274678742904684,5.02719043456763,4.97718032713719e-07,3.47845735590274e-05,"COPS4","Ex_L5_6"
"ELAVL2",11.4048515990685,-1.26867306672004,0.25262545128854,-5.02195269815077,5.11487816782333e-07,3.52538568339492e-05,"ELAVL2","Ex_L5_6"
"ANKRD49",7.05415196768193,-1.28004288864969,0.254830745390467,-5.02311009092854,5.08413816850304e-07,3.52538568339492e-05,"ANKRD49","Ex_L5_6"
"MAN2B1",3.49245269427193,1.64727552370002,0.328447411847142,5.01534024712197,5.29396961354276e-07,3.62383098066756e-05,"MAN2B1","Ex_L5_6"
"IFT80",4.32180630278073,-1.58115552338409,0.316252058637192,-4.99966871424544,5.74289018022712e-07,3.88657871054502e-05,"IFT80","Ex_L5_6"
"FADS3",8.12021942537826,0.961541443498978,0.192337417380542,4.9992427713457,5.75558984551394e-07,3.88657871054502e-05,"FADS3","Ex_L5_6"
"LINGO2",167.84075188948,-0.600600186540118,0.120430605168873,-4.987105941201,6.12904605126308e-07,4.096084751688e-05,"LINGO2","Ex_L5_6"
"OTOGL",4.35394045923463,-2.05820601768218,0.412754408060457,-4.98651492870479,6.14781581702222e-07,4.096084751688e-05,"OTOGL","Ex_L5_6"
"UBE2L3",4.68405175408382,1.19195440751253,0.239251002321516,4.98202471858711,6.29223946616536e-07,4.16454577648057e-05,"UBE2L3","Ex_L5_6"
"CDH20",21.0761792281445,-1.99365792281585,0.400307682927693,-4.98031391312557,6.3481217618186e-07,4.17389005839573e-05,"CDH20","Ex_L5_6"
"SH2B3",1.49793421898832,2.6349850171435,0.530179113152445,4.96999023872495,6.69562723916773e-07,4.37360121753217e-05,"SH2B3","Ex_L5_6"
"GRIA2",85.8059878279904,-0.3832617546291,0.0772262093821202,-4.96284561543992,6.94677996007974e-07,4.50818954032707e-05,"GRIA2","Ex_L5_6"
"NMNAT3",3.5147791024617,-1.72882946295251,0.348871770729428,-4.95548682353357,7.21494121893373e-07,4.64324638000697e-05,"NMNAT3","Ex_L5_6"
"PHF21A",13.6929679163035,1.01218977026116,0.204292811780027,4.95460296151309,7.24781304063525e-07,4.64324638000697e-05,"PHF21A","Ex_L5_6"
"RIT2",14.1400171408181,-1.89332831216145,0.383271163736109,-4.93991849975191,7.81552305501425e-07,4.975053338332e-05,"RIT2","Ex_L5_6"
"LINC02217",5.34088886989114,-1.91807849723699,0.389524997858326,-4.92414737894336,8.4728963439547e-07,5.35937506718249e-05,"LINC02217","Ex_L5_6"
"TUT4",13.4820145005023,0.833960859779368,0.170020272816555,4.90506717795459,9.33953691791499e-07,5.87039823632971e-05,"TUT4","Ex_L5_6"
"CNTNAP3B",9.10241841368774,-2.74749872550916,0.561801525079503,-4.89051489335198,1.00572548320673e-06,6.28201279948002e-05,"CNTNAP3B","Ex_L5_6"
"ENSG00000287912",2.66894476711774,-3.16303732190726,0.647761752360876,-4.88302575812642,1.04470217811128e-06,6.48494010437521e-05,"ENSG00000287912","Ex_L5_6"
"AGBL1",2.78991981958861,-2.44576122930567,0.503476652045716,-4.85774507987232,1.18730131998689e-06,7.32462308144998e-05,"AGBL1","Ex_L5_6"
"ENSG00000291015",2.93168396984211,-2.25665651815012,0.464705397268367,-4.85610137393542,1.1971942814646e-06,7.34034334291856e-05,"ENSG00000291015","Ex_L5_6"
"GAB2",6.98106670852897,1.11478156809174,0.229782676596801,4.85146045212035,1.22555649891759e-06,7.46842173791608e-05,"GAB2","Ex_L5_6"
"TAPT1-AS1",8.24030119332262,-1.27320789996922,0.262733861682057,-4.84599850136549,1.25976466616154e-06,7.61032626738112e-05,"TAPT1-AS1","Ex_L5_6"
"GFAP",7.56535097014744,2.6497985315821,0.546877831176214,4.84532080205732,1.26407260394763e-06,7.61032626738112e-05,"GFAP","Ex_L5_6"
"DNAH17",2.35994331546184,4.17497875540712,0.863780776235346,4.83337771604865,1.3423574738854e-06,8.03324586467706e-05,"DNAH17","Ex_L5_6"
"AEBP2",26.6421014286074,-0.791974820598503,0.164115579535122,-4.82571382218477,1.39502704356397e-06,8.2987501627252e-05,"AEBP2","Ex_L5_6"
"ZC4H2",2.06686529097418,-2.11869989819274,0.43928931279332,-4.8230171699842,1.41402793341753e-06,8.36200897430464e-05,"ZC4H2","Ex_L5_6"
"ZMAT1",5.4386467407661,-1.79232860153354,0.371754656967401,-4.82126738143514,1.42648999470613e-06,8.38608294534885e-05,"ZMAT1","Ex_L5_6"
"CPE",20.8601097392305,-0.945630592541417,0.19677671332212,-4.80560212932023,1.54286453882037e-06,9.01718608243907e-05,"CPE","Ex_L5_6"
"DISP3",2.73408481187612,1.63699471903221,0.340935229008935,4.80148303767491,1.57494851751558e-06,9.09828640696573e-05,"DISP3","Ex_L5_6"
"MIR2052HG",7.25327693655518,-2.59379551658446,0.540111844379203,-4.80233037578676,1.56829656529427e-06,9.09828640696573e-05,"MIR2052HG","Ex_L5_6"
"PRKCA",15.8609316166541,-1.87429962933248,0.390821181407712,-4.79579848405702,1.62028104820844e-06,9.30637287114666e-05,"PRKCA","Ex_L5_6"
"TLK1",11.4614407148374,-1.27001905015515,0.265046615293485,-4.79168182830354,1.65389037147498e-06,9.39670300074344e-05,"TLK1","Ex_L5_6"
"CALCRL-AS1",1.9800880745597,-2.96396695382305,0.618579495122756,-4.79157000384381,1.65481261570026e-06,9.39670300074344e-05,"CALCRL-AS1","Ex_L5_6"
"PAH",1.01322582801967,-2.88758741637095,0.604669764931267,-4.77547842449041,1.79280513001796e-06,0.000101227652369489,"PAH","Ex_L5_6"
"CFTR",2.3285990223215,2.22850641298961,0.46713702867005,4.77056254635652,1.83712128407669e-06,0.000103147135466643,"CFTR","Ex_L5_6"
"ENSG00000255910",11.6843940036299,-1.76635582168005,0.370798305824607,-4.76365666707109,1.90115876131919e-06,0.000106146260673877,"ENSG00000255910","Ex_L5_6"
"INTS8",4.23437900178398,1.2941538568692,0.272059292737028,4.75688164829614,1.96606355878751e-06,0.000107960654980892,"INTS8","Ex_L5_6"
"MAPK4",5.07406808838406,1.17227103351333,0.246416426127069,4.75727633882991,1.96222473586026e-06,0.000107960654980892,"MAPK4","Ex_L5_6"
"MAOB",2.97460885090169,-1.82300015815567,0.383132018579057,-4.75815141975535,1.95373922328568e-06,0.000107960654980892,"MAOB","Ex_L5_6"
"FRAS1",11.8306414878582,-1.86265535201326,0.393194109669644,-4.73724124091848,2.16647213420744e-06,0.000118315423547919,"FRAS1","Ex_L5_6"
"ARHGAP20",6.02406155507384,-1.21932667015997,0.257559206486334,-4.73416068792193,2.19963414576738e-06,0.000119473606808691,"ARHGAP20","Ex_L5_6"
"ANKRD7",2.87980324596793,-1.96636342639164,0.415653261773649,-4.73077828861707,2.23660688957055e-06,0.000120825131104693,"ANKRD7","Ex_L5_6"
"KIF5C",23.9429208021137,0.596419468425167,0.126299188189311,4.72227475865632,2.33221315707149e-06,0.000125312571461143,"KIF5C","Ex_L5_6"
"SELENOI",5.65017283740767,1.20676024657736,0.255696807117677,4.71949673592123,2.36428839598467e-06,0.000126356675023908,"SELENOI","Ex_L5_6"
"NLGN1",181.934146153095,-0.966365291080709,0.204879644529995,-4.71674623068389,2.39646293284447e-06,0.000127394949738551,"NLGN1","Ex_L5_6"
"MATCAP1",2.97865096101449,-1.66199827377102,0.352548060980196,-4.71424596450803,2.42607465228461e-06,0.000128286719973187,"MATCAP1","Ex_L5_6"
"S100A6",4.14148403094216,1.86921437581049,0.396784001873077,4.71091164710922,2.46611139137043e-06,0.000129038310185111,"S100A6","Ex_L5_6"
"NEU3",3.93614918001257,1.37298512135131,0.291434633728367,4.71112545474264,2.46352518320385e-06,0.000129038310185111,"NEU3","Ex_L5_6"
"GLYR1",6.57878594748211,1.27295575469614,0.270548196298739,4.70509791641908,2.5374413902092e-06,0.000132079110696619,"GLYR1","Ex_L5_6"
"NDST3",10.9342235221616,-1.57389175870391,0.335394695331595,-4.6926554910114,2.69681418410753e-06,0.000139647466093112,"NDST3","Ex_L5_6"
"UBASH3B",1.67779906918728,2.18369173681509,0.465551278376712,4.69055040387646,2.72471095203313e-06,0.00014036474873515,"UBASH3B","Ex_L5_6"
"BTBD8",9.99030127134595,-0.882710889588053,0.188260910085045,-4.68876353136346,2.74860782598711e-06,0.000140869674938027,"BTBD8","Ex_L5_6"
"RPS4X",5.75704857179278,-1.21251446630087,0.258900681687477,-4.68331894067593,2.82266789009858e-06,0.000143927259661455,"RPS4X","Ex_L5_6"
"MAST4",17.4160979020054,-0.935535533717723,0.199879398616384,-4.68050004249432,2.86176052099042e-06,0.000145179871303443,"MAST4","Ex_L5_6"
"PITPNA",5.87406806912397,1.17734210416908,0.251885700188354,4.67411251725958,2.95227452552004e-06,0.000149015311151754,"PITPNA","Ex_L5_6"
"PTPRG",47.9403238724739,-0.729867063378691,0.156234106465313,-4.67162439681975,2.98827032870377e-06,0.000150074239522942,"PTPRG","Ex_L5_6"
"KITLG",1.35411927062392,-2.69496834545821,0.577183463607817,-4.66917109615839,3.02417441796719e-06,0.000151117995665821,"KITLG","Ex_L5_6"
"WDR33",7.99164790707457,0.875197960982252,0.187875109170912,4.65840294036011,3.1867199279328e-06,0.000157663757226537,"WDR33","Ex_L5_6"
"CLDN12",2.88331695640741,-2.07445561045511,0.445220522501825,-4.65938901198474,3.17149341926187e-06,0.000157663757226537,"CLDN12","Ex_L5_6"
"ENSG00000290853",4.80426554652766,-1.99002291203712,0.42779393185557,-4.65182594667797,3.29008725979017e-06,0.000161976020070655,"ENSG00000290853","Ex_L5_6"
"RABAC1",5.64226640772475,1.83266712339087,0.394142437433285,4.64975843587278,3.32324029427897e-06,0.000162012017078166,"RABAC1","Ex_L5_6"
"CA11",16.0928880663116,1.1136822077611,0.239479048958257,4.65043690713512,3.31232568417409e-06,0.000162012017078166,"CA11","Ex_L5_6"
"RB1CC1",12.5820732414454,0.983113220250565,0.211605897206889,4.6459632421745,3.38493276113211e-06,0.000164096969583791,"RB1CC1","Ex_L5_6"
"ZNF562",2.71957823902139,1.67847889522094,0.361342693564261,4.64511646455206,3.39884657833146e-06,0.000164096969583791,"ZNF562","Ex_L5_6"
"AIG1",12.7852969200885,-0.995096082992943,0.214399734919209,-4.64131209568854,3.46203760357124e-06,0.000166344249086976,"AIG1","Ex_L5_6"
"CIRBP",16.812700407819,-1.17861417294842,0.254627891080433,-4.62877090151964,3.67842436104693e-06,0.000175895564900971,"CIRBP","Ex_L5_6"
"HMCES",3.47995189084486,1.64570234286353,0.355727091106051,4.62630590699909,3.72245378412689e-06,0.000177153348183639,"HMCES","Ex_L5_6"
"HSPA9",8.47918129045277,0.876200255074003,0.189641607766064,4.62029543724843,3.83193995290637e-06,0.000181499563456617,"HSPA9","Ex_L5_6"
"ATP11B",11.7135123237325,0.827774927548367,0.179709600522592,4.60618088928591,4.10131655705093e-06,0.000193342253165882,"ATP11B","Ex_L5_6"
"CCSER1",103.460732159146,-0.530053118627319,0.115267458349688,-4.59846279441063,4.2561970309707e-06,0.000199701563978973,"CCSER1","Ex_L5_6"
"SLC7A14",4.84205924591011,1.42362789867947,0.309919132855301,4.59354634082614,4.35776192395397e-06,0.000202572679571525,"SLC7A14","Ex_L5_6"
"ENSG00000262801",7.32703254801201,-1.46396304338571,0.31870051120691,-4.59353842214348,4.35792736720811e-06,0.000202572679571525,"ENSG00000262801","Ex_L5_6"
"NKAIN2",199.950745430115,-0.491017834262623,0.106978785797861,-4.58986172445826,4.43539736352543e-06,0.000205052724584616,"NKAIN2","Ex_L5_6"
"TTC28",11.4140325174844,1.02376785759652,0.223088453685966,4.58906698523106,4.45231551279385e-06,0.000205052724584616,"TTC28","Ex_L5_6"
"MIF",11.2041351966099,1.36142375971578,0.29678606092188,4.58722271351597,4.49181429861696e-06,0.000205922899543018,"MIF","Ex_L5_6"
"ANO3",16.1058284526924,-0.909426499025511,0.198425607878231,-4.58321135437118,4.57888801975452e-06,0.000208956195750807,"ANO3","Ex_L5_6"
"ST6GALNAC5",43.7401195839029,-0.864979906837993,0.188801140460843,-4.58143369646323,4.61799021816652e-06,0.000209782701092528,"ST6GALNAC5","Ex_L5_6"
"SAMD4B",4.63036543684742,1.26535767719989,0.276410431470198,4.57782172137854,4.69842846934888e-06,0.000212471014129741,"SAMD4B","Ex_L5_6"
"CNGB1",3.64390379738374,-3.04760604270065,0.667388918210808,-4.56646186285341,4.96025230725424e-06,0.000223300727741887,"CNGB1","Ex_L5_6"
"NENF",5.44306165456209,1.36557426681897,0.299172535430068,4.56450410749077,5.00676399006293e-06,0.000224119876366265,"NENF","Ex_L5_6"
"ABAT",5.4550528220885,1.07102505737951,0.234677717982869,4.56381230644867,5.02329921013042e-06,0.000224119876366265,"ABAT","Ex_L5_6"
"ZNF141",3.11079894605935,1.7697364170911,0.388047157559934,4.56062203423758,5.10023114736812e-06,0.000226540933719098,"ZNF141","Ex_L5_6"
"EYS",2.47531245913794,-2.78140464886305,0.612126805206772,-4.54383736376895,5.52392836456485e-06,0.000244274956086111,"EYS","Ex_L5_6"
"ENSG00000284959",2.0336427573006,-2.54193176089471,0.559568505786749,-4.54266409672355,5.55477257106304e-06,0.000244556815309269,"ENSG00000284959","Ex_L5_6"
"SPEN",6.15226396513744,1.12105313178749,0.24686830216131,4.54109791323055,5.59620324171508e-06,0.000245208983459958,"SPEN","Ex_L5_6"
"PARP8",15.6602879745475,-0.879921767211114,0.193804535534788,-4.54025373958891,5.61865691538228e-06,0.000245208983459958,"PARP8","Ex_L5_6"
"ENSG00000226149",6.84444846641941,-2.21285920236477,0.488311210662521,-4.53165758648558,5.85226558767522e-06,0.000254293662100983,"ENSG00000226149","Ex_L5_6"
"SRGAP3",23.81988628804,0.731149377504709,0.161624596428342,4.52375067695139,6.07532867882083e-06,0.000262843440762491,"SRGAP3","Ex_L5_6"
"GABRB1",40.4803023107915,-0.598516240412463,0.132543072151065,-4.51563579068326,6.31270796657596e-06,0.000271936221629139,"GABRB1","Ex_L5_6"
"ZMAT3",4.87964904665736,-1.39112043907576,0.308359825596227,-4.51135434515819,6.44150088474254e-06,0.000272781185771682,"ZMAT3","Ex_L5_6"
"MEF2C-AS1",18.6754330292888,-1.0313802529441,0.228534118179293,-4.51302528113089,6.39094006642723e-06,0.000272781185771682,"MEF2C-AS1","Ex_L5_6"
"ENSG00000259617",2.26871013971333,2.20102940342057,0.48786269739122,4.51157552153563,6.4347864038953e-06,0.000272781185771682,"LOC105376713","Ex_L5_6"
"XRCC6",4.52198085360345,1.0881103229262,0.24106492742434,4.5137645469713,6.36869199942527e-06,0.000272781185771682,"XRCC6","Ex_L5_6"
"CROT",1.63480254739314,-2.16931027366794,0.481034713007465,-4.50967511285257,6.49269817704484e-06,0.000273789137474203,"CROT","Ex_L5_6"
"STK38",3.68701289113933,-1.82579652385089,0.405586881201204,-4.50161632063526,6.74386402423272e-06,0.000282000740829213,"STK38","Ex_L5_6"
"LINGO3",3.6813835779008,3.43823424842209,0.763645199776698,4.50239751317429,6.71911582013541e-06,0.000282000740829213,"LINGO3","Ex_L5_6"
"NRXN1",297.025287438869,-0.323338950341999,0.0718455094322252,-4.50047543537871,6.78016402468602e-06,0.0002823373302613,"NRXN1","Ex_L5_6"
"PTPN11",7.97252306101557,0.928700923079506,0.206590391601859,4.49537326435442,6.94480125948833e-06,0.000287993127748242,"PTPN11","Ex_L5_6"
"GAS2",5.34583145749539,-1.14927872582259,0.256186583536934,-4.48610036464655,7.25385817170467e-06,0.000299566357719076,"GAS2","Ex_L5_6"
"RANBP3",4.66288671564958,1.84693348541284,0.411877085030199,4.4841860655526,7.31927757111029e-06,0.000301024115414305,"RANBP3","Ex_L5_6"
"ARL15",37.1099972090617,-0.636266717554891,0.142024805722121,-4.4799689344394,7.46539039041467e-06,0.000305775047384444,"ARL15","Ex_L5_6"
"ESRRG",16.7477398155122,-1.12709952005702,0.252078053711723,-4.47123223724179,7.77701885264043e-06,0.000315949294362961,"ESRRG","Ex_L5_6"
"PHEX",1.30949996557714,3.24404485429617,0.72546364137294,4.47168496019569,7.76056970852969e-06,0.000315949294362961,"PHEX","Ex_L5_6"
"SMG6",7.97381601014561,0.834886262677025,0.186827682925829,4.46875029225982,7.86779128610854e-06,0.000318342939730238,"SMG6","Ex_L5_6"
"SLFNL1",1.69423665939876,2.39379412411167,0.53596785337997,4.46630168025136,7.958336656877e-06,0.000320708131245277,"SLFNL1","Ex_L5_6"
"BBS9",11.7495798282526,-0.947922364415662,0.212302821577403,-4.46495415073917,8.00859000749245e-06,0.00032143714271036,"BBS9","Ex_L5_6"
"ENSG00000291177",2.85096706028583,1.77721138687292,0.398174450465149,4.4633988564479,8.06696864157206e-06,0.000322485138415485,"ZNF56P","Ex_L5_6"
"ATG13",3.93027896761319,1.45420252181197,0.326142405658789,4.45879620859042,8.24212377376533e-06,0.000326872162678614,"ATG13","Ex_L5_6"
"CLIP1",12.0880981062537,0.802846776258041,0.180046660811753,4.45910394915602,8.23030010669814e-06,0.000326872162678614,"CLIP1","Ex_L5_6"
"ANKRD18B",3.15797879216497,-2.04639784657012,0.459262858890786,-4.45583135442869,8.35687090942842e-06,0.000330112916477579,"ANKRD18B","Ex_L5_6"
"B4GALT6",5.04048337493862,-1.43523749935072,0.322301628905003,-4.45308794816468,8.46440630257762e-06,0.000333044396015594,"B4GALT6","Ex_L5_6"
"SVEP1",1.42719246802773,-2.39356481904086,0.538001601721625,-4.44899199441296,8.62742314756253e-06,0.000338127321320549,"SVEP1","Ex_L5_6"
"UBXN1",2.34054451109454,1.62582702272654,0.365942553046316,4.44284767975798,8.87760156518542e-06,0.000345224708336432,"UBXN1","Ex_L5_6"
"LINC02296",3.05494681190858,-2.4340292496959,0.547783883595456,-4.44341157633154,8.85435553010481e-06,0.000345224708336432,"LINC02296","Ex_L5_6"
"ENSG00000289013",1.36536887798758,-2.51236508274119,0.567823233546545,-4.42455492187122,9.66413163285882e-06,0.000374353998212369,"ENSG00000289013","Ex_L5_6"
"SCML1",2.10515441435045,1.99799620410646,0.451852629153977,4.42178727132206,9.78878073894906e-06,0.00037771843515466,"SCML1","Ex_L5_6"
"KMT2A",20.1603268680908,0.555546544279656,0.125752974045812,4.41776068116901,9.97287549944807e-06,0.0003833419913134,"KMT2A","Ex_L5_6"
"DGKG",11.8454178621257,2.20510082091549,0.499801690108197,4.4119515090838,1.02443059929674e-05,0.000392266644037228,"DGKG","Ex_L5_6"
"ENSG00000254787",14.305057941346,-1.78606091977115,0.405077340772524,-4.40918496296276,1.03760378752801e-05,0.000395794360784541,"LOC124902727","Ex_L5_6"
"IP6K1",5.73804283678654,1.11651324856584,0.253534156732992,4.40379814283441,1.06371925416483e-05,0.000401162650042389,"IP6K1","Ex_L5_6"
"KLHL3",10.3816819332607,-1.17939963507215,0.267751946124696,-4.40482189631925,1.05870824511657e-05,0.000401162650042389,"KLHL3","Ex_L5_6"
"PSD3",26.5805213410843,0.769457264470662,0.174715491077444,4.40405861967669,1.06244214347638e-05,0.000401162650042389,"PSD3","Ex_L5_6"
"CAPS2",9.21067629414414,-0.945805270799047,0.214920872049091,-4.40071390824719,1.07895304221253e-05,0.000405378071574135,"CAPS2","Ex_L5_6"
"COPB2",3.66915973494671,1.16410184054663,0.264705025524276,4.39773229934342,1.09387780861241e-05,0.000409446247912827,"COPB2","Ex_L5_6"
"FTH1",43.0383998466292,0.431073182413824,0.0980603964338302,4.3959967335509,1.10265591833253e-05,0.000411191912231916,"FTH1","Ex_L5_6"
"TLL1",7.74259798615268,-1.23396073801903,0.281491595088296,-4.38365038086474,1.16707020235437e-05,0.000433594780755744,"TLL1","Ex_L5_6"
"ACER2",2.63247865925493,1.61077768250615,0.367775028819268,4.37979078589842,1.18793305140822e-05,0.00043971121910273,"ACER2","Ex_L5_6"
"CCDC107",2.16367772727657,1.75077062125925,0.399894488887935,4.37808139373953,1.19728639170485e-05,0.000441538014712112,"CCDC107","Ex_L5_6"
"DNAJC2",3.66218581768384,1.56467393898864,0.357615576749932,4.37529582242656,1.21267906117566e-05,0.000445570387404027,"DNAJC2","Ex_L5_6"
"MIR4435-2HG",9.25547587691362,-1.27367150538566,0.291229638113038,-4.37342680380385,1.2231126656394e-05,0.000446123648919715,"MIR4435-2HG","Ex_L5_6"
"MANBA",4.49389366531793,1.15027846142794,0.262972336522125,4.37414245407203,1.21910754050157e-05,0.000446123648919715,"MANBA","Ex_L5_6"
"SPATA7",7.68206210493068,-1.45973909279386,0.334000423207438,-4.37047078795843,1.2397894056349e-05,0.000450562011633279,"SPATA7","Ex_L5_6"
"FUBP1",6.72382125364831,1.30246577823383,0.298077747054507,4.36955053204846,1.24502528433901e-05,0.000450825459843624,"FUBP1","Ex_L5_6"
"ADAM12",3.29317008387525,-2.81872015044621,0.645648745025464,-4.36571769427824,1.26706038716377e-05,0.000457148068928327,"ADAM12","Ex_L5_6"
"ENSG00000259048",2.24722094982396,-2.03313384715692,0.466921409466073,-4.35433845169323,1.33469363874929e-05,0.000479817562074115,"ENSG00000259048","Ex_L5_6"
"SHISA9",42.2527543757961,-0.825206057183278,0.189707001326419,-4.3498977444875,1.36201029207419e-05,0.000487882826487077,"SHISA9","Ex_L5_6"
"CBFA2T2",15.9166413045141,0.591086752513007,0.135939732476956,4.34815297737329,1.37288833859308e-05,0.000490023073424974,"CBFA2T2","Ex_L5_6"
"ANGEL2",3.5197820934828,1.30489220872733,0.3003472561564,4.34461171853634,1.39522224456749e-05,0.000496222459509162,"ANGEL2","Ex_L5_6"
"SARS1",5.09891567286017,1.03137830584797,0.237950305474724,4.33442732418566,1.46140056468051e-05,0.000516742450350143,"SARS1","Ex_L5_6"
"CACNG3",15.4955740243551,-1.31041969337244,0.302347723833606,-4.33414770502329,1.46325908994487e-05,0.000516742450350143,"CACNG3","Ex_L5_6"
"ZNF594",1.31511285004485,-2.43450317338006,0.561807642205474,-4.33333936829871,1.46864448950576e-05,0.000516818064370441,"ZNF594","Ex_L5_6"
"CBR4",6.08839559979625,-1.46373137422128,0.338109940013585,-4.32915806664089,1.49680475397378e-05,0.000523225654974744,"CBR4","Ex_L5_6"
"BNIP3L",8.37368191699934,-0.944912639523827,0.218270918213308,-4.32908170845005,1.49732376748826e-05,0.000523225654974744,"BNIP3L","Ex_L5_6"
"CSTPP1",14.9799763737864,0.784222176377368,0.181594179179098,4.31854247709079,1.57062996202568e-05,0.00054692947179389,"CSTPP1","Ex_L5_6"
"BICC1",4.99989057157577,-1.22525714514388,0.283942172943157,-4.31516436055861,1.59484197933614e-05,0.000553432317412686,"BICC1","Ex_L5_6"
"NALF1",226.616134451897,-0.57493443379738,0.133383808075357,-4.31037651491073,1.62976817180881e-05,0.000563595263289179,"NALF1","Ex_L5_6"
"PKN2-AS1",8.64587234161335,-1.51651534849969,0.351903581915807,-4.30946266657359,1.6365168092919e-05,0.000563977551450457,"PKN2-AS1","Ex_L5_6"
"UBR4",5.30337024458022,1.00262214821344,0.233014619429455,4.30282937039916,1.68630716722122e-05,0.000579139306845665,"UBR4","Ex_L5_6"
"EDIL3",24.1304315238227,1.04883880325516,0.244123053930575,4.29635295138261,1.73631053375946e-05,0.000593464097443533,"EDIL3","Ex_L5_6"
"SUN2",6.53737028549963,1.76492159997287,0.410839024275527,4.2958957053438,1.7398937417546e-05,0.000593464097443533,"SUN2","Ex_L5_6"
"HRH3",2.98375327592157,2.25735825227164,0.525998546188428,4.29156747414847,1.77416274323324e-05,0.000603094641356225,"HRH3","Ex_L5_6"
"SSNA1",2.85752770533706,1.52942790082801,0.356495532771632,4.29017409822005,1.78533103864187e-05,0.000603881569229071,"SSNA1","Ex_L5_6"
"HNRNPH3",6.32964589358195,1.08715435580623,0.2534293747164,4.2897724741767,1.78856258246753e-05,0.000603881569229071,"HNRNPH3","Ex_L5_6"
"FNIP1",15.7769653054203,0.616823179272193,0.144476955821325,4.26935337726121,1.96040468643758e-05,0.000659672876641655,"FNIP1","Ex_L5_6"
"HTR4",7.24423601663342,-2.14116660923312,0.502015303860294,-4.26514210377337,1.99775010653494e-05,0.000669983710225174,"HTR4","Ex_L5_6"
"ERICH1",6.35326928353007,-1.31925722743384,0.30946060820604,-4.26308613261523,2.01622755250345e-05,0.000673919001997306,"ERICH1","Ex_L5_6"
"SLC8A1",78.8057886593369,-0.541084570886912,0.127120606934739,-4.25646623261242,2.07683386904313e-05,0.000691862589573903,"SLC8A1","Ex_L5_6"
"CSMD3",89.2640623210747,-0.412658490366209,0.0970502887667537,-4.25200682666667,2.11863400600483e-05,0.000703442799203065,"CSMD3","Ex_L5_6"
"NPRL3",4.36990765264648,1.24887199972711,0.293842021015063,4.25014773385012,2.13629566594575e-05,0.000706958241240459,"NPRL3","Ex_L5_6"
"LINC00987",1.05383117978112,-2.45929710432354,0.578767868608386,-4.24919425854925,2.14540811232167e-05,0.000707630649324843,"LINC00987","Ex_L5_6"
"BRINP3",28.7884166745324,-1.0604653472952,0.24992680312062,-4.24310371698468,2.20449486953305e-05,0.000724727688358991,"BRINP3","Ex_L5_6"
"TMEM150C",4.27621692536327,-1.3464974870627,0.317706889884448,-4.2381752802164,2.25343812002966e-05,0.000738388871199226,"TMEM150C","Ex_L5_6"
"STXBP6",2.73427061546908,2.04349775635165,0.482342935582242,4.2366076200223,2.26922180616074e-05,0.000741130808195113,"STXBP6","Ex_L5_6"
"LINC02798",2.27862297246158,-2.46150388635775,0.5815368372011,-4.23275660094863,2.30844295430255e-05,0.000749044769003236,"LINC02798","Ex_L5_6"
"TMEM184B",5.01528527864053,0.982622681980874,0.232127589279788,4.23311457733057,2.30477008168768e-05,0.000749044769003236,"TMEM184B","Ex_L5_6"
"UBE2G1",6.68245940574441,0.909995775688079,0.215031084777639,4.23192663809092,2.31697989299534e-05,0.000749381781572668,"UBE2G1","Ex_L5_6"
"NRDC",11.5400235052231,-0.946272184162025,0.223873686545069,-4.22681289063209,2.37024602485445e-05,0.000764136734593399,"NRDC","Ex_L5_6"
"HSPA1A",9.47247536960994,3.22091919376632,0.762370772314495,4.22487234654586,2.39076258207427e-05,0.000768272708850491,"HSPA1A","Ex_L5_6"
"EPB41L4B",11.6136626467474,0.661974999136352,0.15698524035936,4.21679769143267,2.47796096817763e-05,0.000793741728075871,"EPB41L4B","Ex_L5_6"
"AGBL4",102.834314209608,-0.746504288901072,0.177074112980367,-4.21577313779253,2.48923904280108e-05,0.000794350471062997,"AGBL4","Ex_L5_6"
"MFHAS1",3.83660135462581,-1.55024348432985,0.367776085953974,-4.21518294292756,2.49575793389815e-05,0.000794350471062997,"MFHAS1","Ex_L5_6"
"ITPR1",19.5848490380985,0.86427690882095,0.2051225987908,4.21346508827341,2.51482474027533e-05,0.000797878046168625,"ITPR1","Ex_L5_6"
"CYCS",3.06967488622521,-1.5062433144995,0.357635440592838,-4.21167240025949,2.53486984196775e-05,0.000801692696222334,"CYCS","Ex_L5_6"
"SORCS3",15.4437716396855,-1.00617898360158,0.239343909685734,-4.20390468645194,2.6234944697933e-05,0.000821918612260635,"SORCS3","Ex_L5_6"
"CRY1",3.54076213835534,2.53815212689173,0.603723297579672,4.20416461824015,2.62048174642029e-05,0.000821918612260635,"CRY1","Ex_L5_6"
"FRMD5",27.2155558073295,1.25214904301928,0.297800971711321,4.20465062898812,2.61485749418359e-05,0.000821918612260635,"FRMD5","Ex_L5_6"
"PTPRN",9.37127232290592,1.0861456033512,0.258599164704184,4.20011257419822,2.66782302314861e-05,0.000833194477917102,"PTPRN","Ex_L5_6"
"SMYD3",59.6458089912246,-0.532594688114151,0.126846075342035,-4.19874786569496,2.68394960846828e-05,0.00083561970053059,"SMYD3","Ex_L5_6"
"EIF4E1B",1.18813429504003,-2.39920547763147,0.571571288878565,-4.197561221696,2.69804733372907e-05,0.00083740015693442,"EIF4E1B","Ex_L5_6"
"CALCOCO1",5.00703772773552,0.973479785014942,0.231977512481755,4.19644031268551,2.71142875449526e-05,0.00083894795580265,"CALCOCO1","Ex_L5_6"
"SRGAP2B",3.59900719602584,-1.52312321958597,0.363177996454111,-4.19387527454028,2.74228803575148e-05,0.000844535459744378,"SRGAP2B","Ex_L5_6"
"F5",2.92506667487626,-2.76694185982241,0.659811075998852,-4.19353654473545,2.74638807701544e-05,0.000844535459744378,"F5","Ex_L5_6"
"KCND2",28.6444650488162,-0.591405713507887,0.141085907929619,-4.19181279113228,2.76734313334934e-05,0.000848368934806542,"KCND2","Ex_L5_6"
"GFPT1",6.65083970833328,1.13060506396076,0.269903506277906,4.1889232176059,2.80281205227507e-05,0.000856614790533244,"GFPT1","Ex_L5_6"
"PILRA",3.26156176471174,1.59611898601887,0.381394966804753,4.18495031381987,2.85228482653605e-05,0.000869077273061015,"PILRA","Ex_L5_6"
"RPL37A",16.9694282297093,-0.953512903585017,0.228022687677923,-4.18165803278238,2.89391000809387e-05,0.000879080140452589,"RPL37A","Ex_L5_6"
"SLC35A1",7.25659636498449,-1.16696363243046,0.279252171147038,-4.17888830599637,2.92937500385287e-05,0.000887156781469865,"SLC35A1","Ex_L5_6"
"MAP3K9-DT",1.23892237629822,-2.40033469828318,0.574797829306059,-4.17596340122065,2.9672752846162e-05,0.000893221361278744,"MAP3K9-DT","Ex_L5_6"
"ENSG00000285940",7.17008538021672,-1.09962433435002,0.263303190661284,-4.17626665133955,2.96332428553099e-05,0.000893221361278744,"LOC124904288","Ex_L5_6"
"GOLGB1",9.35973190163857,0.785800097012293,0.188303133253239,4.1730590640545,3.00536990459445e-05,0.000901971976772281,"GOLGB1","Ex_L5_6"
"SELENOH",4.28177110003747,1.04811247236227,0.251306192217219,4.17065915931084,3.03719842868219e-05,0.000908795242402689,"SELENOH","Ex_L5_6"
"ENSG00000228999",1.47045955602806,-2.12755052330855,0.510554140248327,-4.1671398889719,3.08445230182995e-05,0.000914899648555817,"LINC01830","Ex_L5_6"
"NAPG",4.42669615199867,1.02302819525008,0.245501543807872,4.16709475379386,3.08506285334511e-05,0.000914899648555817,"NAPG","Ex_L5_6"
"XACT",2.73392918392501,-3.29434268634377,0.790462267778304,-4.16761535702766,3.0780275335767e-05,0.000914899648555817,"XACT","Ex_L5_6"
"ADAM9",4.60015748486249,1.44707516036469,0.347599911090976,4.16304813146499,3.14027139853983e-05,0.000925777945634427,"ADAM9","Ex_L5_6"
"LCMT1",4.8892182913903,1.22861387171923,0.295106398149901,4.16329120419526,3.13692879925921e-05,0.000925777945634427,"LCMT1","Ex_L5_6"
"SND1",12.4621492909263,1.11137819115488,0.267066335831845,4.16143123278049,3.16259236031793e-05,0.000927971879075963,"SND1","Ex_L5_6"
"XKR9",2.98784100438997,1.63024073754367,0.391775089069019,4.16116486991973,3.16628387797582e-05,0.000927971879075963,"XKR9","Ex_L5_6"
"ANKRD30BL",20.816572065896,-1.25305454413614,0.301211431515621,-4.16004976249102,3.18178262349575e-05,0.00092978758886598,"ANKRD30BL","Ex_L5_6"
"EIF4E",3.91286771924836,1.19370636057821,0.287020712447044,4.15895546492467,3.1970621927699e-05,0.000931528849986658,"EIF4E","Ex_L5_6"
"ZCCHC7",19.4484682648174,-0.579319269086249,0.139394689258824,-4.15596370397285,3.23919249494761e-05,0.000941060749840301,"ZCCHC7","Ex_L5_6"
"SVIL-AS1",7.72566482572019,-0.85130704445242,0.205006386367246,-4.15258792439471,3.28736384011588e-05,0.000949535093009193,"SVIL-AS1","Ex_L5_6"
"CDK17",12.9582045320881,0.89151472433974,0.214657151577362,4.15320299271948,3.27853660268953e-05,0.000949535093009193,"CDK17","Ex_L5_6"
"REEP5",7.78418498815982,0.832287035552406,0.200704307842261,4.14683194645988,3.37107306499597e-05,0.000970907902350713,"REEP5","Ex_L5_6"
"NAP1L5",1.52446716113928,-2.06279275324546,0.497732749045331,-4.14437819733977,3.40737004618058e-05,0.00097854184602094,"NAP1L5","Ex_L5_6"
"RAI1",5.18912268890641,1.11395061173295,0.268922280925925,4.14227712146987,3.43874483203362e-05,0.000984722517230488,"RAI1","Ex_L5_6"
"NEUROD6",2.73043073024225,-1.47023584738082,0.355339368022601,-4.13755406715111,3.51027750004398e-05,0.00100233466672684,"NEUROD6","Ex_L5_6"
"MAD2L1-DT",3.68450882956285,-1.58311476412889,0.383465511325154,-4.12844106542482,3.65231022266888e-05,0.0010399198964488,"MAD2L1-DT","Ex_L5_6"
"ZMYM2",25.3460205961218,0.541819248950073,0.131343432130537,4.12521007073717,3.7039651966805e-05,0.00105163148226207,"ZMYM2","Ex_L5_6"
"CNTNAP5",89.105568592976,-0.984530975778728,0.238910808522555,-4.12091433563492,3.77371733955063e-05,0.00106538223422229,"CNTNAP5","Ex_L5_6"
"PEX5L",50.3148089519099,-0.458322709211961,0.111202882651281,-4.12150025507168,3.76413054507028e-05,0.00106538223422229,"PEX5L","Ex_L5_6"
"UBE2E2",47.4504198632053,0.596017403548529,0.144670819183581,4.11981771384184,3.79172254992243e-05,0.0010674500046176,"UBE2E2","Ex_L5_6"
"TAX1BP1",9.60276067597296,0.726551813304454,0.176439127512364,4.11786106374587,3.82405112705405e-05,0.001070520083019,"TAX1BP1","Ex_L5_6"
"LINC03006",4.05637240508624,1.05501306723213,0.256175807711317,4.11831654463257,3.81650220313083e-05,0.001070520083019,"LINC03006","Ex_L5_6"
"NELFCD",3.73232820531629,1.10320649396596,0.268315985819242,4.11159435990206,3.92936220557199e-05,0.00109692865593538,"NELFCD","Ex_L5_6"
"PUF60",3.51786342165238,1.76338872373245,0.429117530131365,4.10933741903442,3.96795952656755e-05,0.00110154965301434,"PUF60","Ex_L5_6"
"PCGF2",1.86709029118425,2.19284966913579,0.533558212120226,4.10986021641755,3.95898695994504e-05,0.00110154965301434,"PCGF2","Ex_L5_6"
"TM7SF2",1.96467921210156,-1.80137775744202,0.438466378406154,-4.10836006169986,3.98478531628866e-05,0.00110315635598307,"TM7SF2","Ex_L5_6"
"SNRNP200",3.88783554681289,1.28927526566138,0.314169854505684,4.10375230841271,4.06502673520009e-05,0.00112226180087264,"SNRNP200","Ex_L5_6"
"REV1",9.46789922544345,0.893106032773491,0.217713044821294,4.10221644507605,4.09211194805825e-05,0.0011235320551894,"REV1","Ex_L5_6"
"GRIP1",21.0910152716951,-0.595582595842262,0.145176890909775,-4.10246143246316,4.08778010449447e-05,0.0011235320551894,"GRIP1","Ex_L5_6"
"MARCHF11",4.68356198734571,-1.81475969702488,0.442479310041325,-4.10134362407904,4.10758051616469e-05,0.00112468930626164,"MARCHF11","Ex_L5_6"
"LINC00845",3.98850657011403,-1.25215560649061,0.305363781133627,-4.10053740441035,4.12191802298594e-05,0.00112553138583938,"LINC00845","Ex_L5_6"
"CORO6",8.82111005104644,-0.911242560698434,0.222371139034305,-4.09784545177806,4.1701354502804e-05,0.00113559492343603,"CORO6","Ex_L5_6"
"ARAP3",2.02888347920596,2.74131821652238,0.669321014007089,4.0956703273227,4.20948602203375e-05,0.00114009765052047,"ARAP3","Ex_L5_6"
"GNPTAB",8.17118447757448,0.866978872446054,0.21166582215806,4.09597951906777,4.2038709769681e-05,0.00114009765052047,"GNPTAB","Ex_L5_6"
"RPL15",8.73651824514676,-0.925748321303275,0.226158659876533,-4.09335783033323,4.25170807821207e-05,0.00114842082523382,"RPL15","Ex_L5_6"
"RASGRP1",5.62924615751374,-1.69501969982682,0.414184042465283,-4.09243120458679,4.26873909825799e-05,0.00114991316840944,"RASGRP1","Ex_L5_6"
"LINC01877",1.35469013426838,-1.98061783677633,0.484150632992235,-4.09091241817729,4.29679385281239e-05,0.00115435907970449,"LINC01877","Ex_L5_6"
"SAR1A",5.36088920799548,1.46904935419243,0.35938183019119,4.08771181729164,4.35648851428951e-05,0.00116725861157666,"SAR1A","Ex_L5_6"
"GRINA",7.92831936249911,1.23380538641518,0.301898836927733,4.08681728943036,4.37331256819018e-05,0.00116863331033403,"GRINA","Ex_L5_6"
"ENSG00000286133",1.13905892119401,-2.92200797635019,0.715158585590185,-4.08581821602379,4.39217573838664e-05,0.00117054411545163,"ENSG00000286133","Ex_L5_6"
"LINC00486",53.2120219634008,0.961616758827433,0.235547584024733,4.08247345354415,4.45589032369711e-05,0.00118329934125364,"LINC00486","Ex_L5_6"
"IL1RAPL1",114.565237006929,-0.759467607341879,0.186049823191928,-4.08206573009433,4.46371674657418e-05,0.00118329934125364,"IL1RAPL1","Ex_L5_6"
"MED23",9.99647144026239,0.756697942685497,0.185475860252571,4.07976510611714,4.50812310292625e-05,0.00119008375545225,"MED23","Ex_L5_6"
"NRP1",4.91496667843669,-2.49760741009969,0.612232612344746,-4.07950729794397,4.51312530834903e-05,0.00119008375545225,"NRP1","Ex_L5_6"
"RPH3A",4.93003461234006,-1.14322751984948,0.280337374495467,-4.07804175917316,4.54166105645427e-05,0.00119445685784747,"RPH3A","Ex_L5_6"
"KCNN2",7.18287633297533,-1.17785530791981,0.289039713922301,-4.07506391400746,4.60017109323515e-05,0.00120666955133313,"KCNN2","Ex_L5_6"
"TOP1",9.63306871701373,1.05806197556195,0.259720390872238,4.07385023566527,4.62422242916517e-05,0.0012098031140596,"TOP1","Ex_L5_6"
"LRRTM4",167.104594723614,-0.391041567826213,0.096080625673857,-4.06993152972997,4.70269568539052e-05,0.00122422135322918,"LRRTM4","Ex_L5_6"
"U2AF1",3.94605970420146,1.10886750397489,0.272457370779911,4.06987522782282,4.70383229577752e-05,0.00122422135322918,"U2AF1","Ex_L5_6"
"LINC00578",1.04047804217032,-2.39681304519114,0.58910433857765,-4.06857136883098,4.73022729083874e-05,0.00122789328687383,"LINC00578","Ex_L5_6"
"GFOD1",12.7608371112991,0.750829993654389,0.184600264843606,4.06732890817082,4.75550997559345e-05,0.00123125820456168,"GFOD1","Ex_L5_6"
"MPPED2",9.24344816325464,-0.773359745343184,0.190207263168906,-4.06587914919124,4.78517292082613e-05,0.0012325520147097,"MPPED2","Ex_L5_6"
"TSPYL2",13.9059482200634,0.82604334750806,0.203146568493769,4.06624317423997,4.77770829792472e-05,0.0012325520147097,"TSPYL2","Ex_L5_6"
"ZCCHC17",5.38071238588025,0.934744438482474,0.229996515450284,4.0641678272927,4.82041335560618e-05,0.00123697610225534,"ZCCHC17","Ex_L5_6"
"SMYD2",3.9693023231573,-1.20618527026664,0.296808927534894,-4.06384430645144,4.82710306063221e-05,0.00123697610225534,"SMYD2","Ex_L5_6"
"ENSG00000287042",12.2452053384805,-1.00848486307665,0.248241115835316,-4.06252147104302,4.85454809128819e-05,0.00124082745842287,"ENSG00000287042","Ex_L5_6"
"PCM1",20.65953915317,0.497931944485362,0.122591867438515,4.06170453953721,4.87157088896768e-05,0.00124200202715161,"PCM1","Ex_L5_6"
"SMURF2",5.31333085246396,0.950497804170683,0.234253472213689,4.0575612185745,4.95878213233867e-05,0.00126101955803035,"SMURF2","Ex_L5_6"
"CADM3",10.9015628751416,1.51702229050932,0.37434014591324,4.05252363945202,5.0668102481802e-05,0.00128196712962817,"CADM3","Ex_L5_6"
"BMS1P1",6.17866957381922,1.01866167924036,0.251353643633027,4.05270305421788,5.06292478718249e-05,0.00128196712962817,"BMS1P1","Ex_L5_6"
"CRYAB",10.0437095449876,2.11590086735992,0.522324107942734,4.05093472651257,5.10134379228162e-05,0.00128420226347764,"CRYAB","Ex_L5_6"
"POLR2E",2.20193113832181,1.40668153418993,0.347213610785711,4.05134329557747,5.09244267980178e-05,0.00128420226347764,"POLR2E","Ex_L5_6"
"ENSG00000253642",1.67652654161274,1.77114064674983,0.437386389335457,4.04937302562345,5.13550319925819e-05,0.00128955324053735,"ENSG00000253642","Ex_L5_6"
"ENSG00000254363",1.10541268718762,3.36547944708827,0.832087550621279,4.04462180040482,5.24076568257896e-05,0.00131268702335073,"ENSG00000254363","Ex_L5_6"
"ANKRD36BP2",4.48714828244879,-1.5349921674735,0.379701281174028,-4.04263099330964,5.28547668277059e-05,0.00132057634919023,"ANKRD36BP2","Ex_L5_6"
"TTF1",2.36560373813956,-1.54920764373352,0.383422346229018,-4.0404730161663,5.3343502674239e-05,0.00132946375492854,"TTF1","Ex_L5_6"
"GALNT8",3.36608662814866,-1.4290884853947,0.353818915702936,-4.03903924287234,5.3670586131959e-05,0.0013342881537383,"GALNT8","Ex_L5_6"
"DNAI4",2.93169515658079,-1.96293039696705,0.486214696191468,-4.03716796786015,5.41003350376811e-05,0.00134163461133148,"DNAI4","Ex_L5_6"
"SRSF4",6.85751512084887,0.920043174021831,0.227966187810512,4.03587559566765,5.43990368106662e-05,0.00134570290565792,"SRSF4","Ex_L5_6"
"ZNF644",8.50473008738803,0.793536643727567,0.196724273998968,4.03375052603691,5.4893596787546e-05,0.00135458421307342,"ZNF644","Ex_L5_6"
"CLU",22.8596517454508,1.26461833998908,0.313694696751607,4.031366653898,5.54534555505604e-05,0.00136502914968547,"CLU","Ex_L5_6"
"PRDM8",1.73172501629611,-1.80187995333917,0.447087083509036,-4.0302661825898,5.57137251529283e-05,0.00136806626333751,"PRDM8","Ex_L5_6"
"RPS26",5.80091149099915,1.30579921126125,0.324148917938089,4.02839293608454,5.61594251657369e-05,0.00137563062526072,"RPS26","Ex_L5_6"
"SILC1",3.37080855482498,-2.73878016542478,0.680053613058826,-4.02730036696072,5.64209364816424e-05,0.00137865730855143,"SILC1","Ex_L5_6"
"PLA2R1",1.95616125165783,-2.52538739957088,0.627261509998129,-4.02605190868226,5.67211726061547e-05,0.00137924914604844,"PLA2R1","Ex_L5_6"
"LIN7A",13.0206719980973,0.996811906262828,0.24758950234868,4.0260669245137,5.67175525418562e-05,0.00137924914604844,"LIN7A","Ex_L5_6"
"MAP2K6",2.18247634485973,-1.64008472086078,0.407500789897239,-4.02473997970497,5.70383028640876e-05,0.00138359417190216,"MAP2K6","Ex_L5_6"
"SEC31A",6.04537671037898,0.931761866031917,0.231738410277355,4.02074850223034,5.80135151012869e-05,0.0014038427843154,"SEC31A","Ex_L5_6"
"ENSG00000248969",0.685329784398936,-2.56665242966135,0.638874120184323,-4.01746188892553,5.88283458185601e-05,0.00141669997135106,"ENSG00000248969","Ex_L5_6"
"SIK2",18.1243376399205,1.05186861816665,0.261821068619356,4.01750945297642,5.88164766327713e-05,0.00141669997135106,"SIK2","Ex_L5_6"
"INTS10",9.97392078169698,0.779074362145208,0.193977119075186,4.01632092413558,5.91137441765963e-05,0.00142015086370409,"INTS10","Ex_L5_6"
"YAF2",12.8177151135183,0.758023857826102,0.188809533986953,4.01475413777825,5.95077936768152e-05,0.0014227772488184,"YAF2","Ex_L5_6"
"SYN1",15.13145527172,1.67777716151201,0.417871388373532,4.01505632640314,5.94315996264342e-05,0.0014227772488184,"SYN1","Ex_L5_6"
"C12orf42",1.12558076898303,-2.20252576923873,0.548795409211561,-4.01338227738282,5.98548601664538e-05,0.0014276598389106,"C12orf42","Ex_L5_6"
"FRYL",11.3851009581017,0.847160173152225,0.211137801482428,4.01235670355661,6.0115570870727e-05,0.00143046432210011,"FRYL","Ex_L5_6"
"SCFD1",16.8727296935808,0.5781531128081,0.144181792730133,4.00988988873398,6.07470694901938e-05,0.00144205751184085,"SCFD1","Ex_L5_6"
"ENSG00000272368",5.50225019995981,1.22276406710857,0.305086443576469,4.00792658229696,6.12541546791783e-05,0.00145064934090926,"ENSG00000272368","Ex_L5_6"
"FSIP2-AS1",2.38760379739285,-2.38311623337798,0.594713553000243,-4.00716651126498,6.1451540741571e-05,0.00145188344721338,"FSIP2-AS1","Ex_L5_6"
"KCNQ1OT1",16.9544183766465,-1.24257202890396,0.310164335889471,-4.0061731318676,6.17104236008753e-05,0.00145456125817724,"KCNQ1OT1","Ex_L5_6"
"SCP2",3.30248708351878,-1.8584507287507,0.464334878341616,-4.00239313356818,6.27049931326928e-05,0.00147452635616031,"SCP2","Ex_L5_6"
"ENSG00000287299",1.12367332835499,2.7245669663043,0.680845825706211,4.00173851911074,6.28787653252134e-05,0.00147514173863893,"ENSG00000287299","Ex_L5_6"
"PDCD5",4.71442829890944,0.96490173947772,0.241370398700214,3.99759765353888,6.39885955822781e-05,0.00149766282025594,"PDCD5","Ex_L5_6"
"PLCL1",17.2736499432379,-0.796046397829528,0.199188083094138,-3.99645593985314,6.42978421086433e-05,0.00150138465895743,"PLCL1","Ex_L5_6"
"ARPC2",6.65435968891008,0.971921471451038,0.243229879635764,3.99589669207784,6.44498365833584e-05,0.00150142579676943,"ARPC2","Ex_L5_6"
"CD47",18.3578682103545,1.02490346061986,0.256819601179992,3.99075248116111,6.58639910017019e-05,0.00153080168853723,"CD47","Ex_L5_6"
"SLC28A2-AS1",2.29280689468839,-2.34520711207967,0.587794904626253,-3.9898391320198,6.61181226292671e-05,0.00153314273215057,"SLC28A2-AS1","Ex_L5_6"
"KCNMB2",17.1667087456701,-1.74155789221703,0.436815322967326,-3.98694322439624,6.69300337648222e-05,0.00154837675334637,"KCNMB2","Ex_L5_6"
"GABPB1-AS1",10.2276345977346,0.934328647005892,0.234697386111194,3.98099298201485,6.8627975709949e-05,0.00158399073728691,"GABPB1-AS1","Ex_L5_6"
"USP5",2.68901276534153,1.60979391799819,0.40443732527592,3.98032975047477,6.88197378791607e-05,0.00158475682111597,"USP5","Ex_L5_6"
"CSE1L",4.35252302147866,1.1680058600918,0.293563811769186,3.97871199809239,6.92896122657358e-05,0.00159190893099716,"CSE1L","Ex_L5_6"
"ENSG00000289178",1.46533801773253,-2.7960555131,0.703827629013345,-3.97264244516747,7.10797040898585e-05,0.00162929028136249,"ENSG00000289178","Ex_L5_6"
"RASA1",12.7633547630124,-0.665165248783191,0.167630262144765,-3.96804992292356,7.24631561543772e-05,0.00165720087553054,"RASA1","Ex_L5_6"
"ENSG00000289201",3.47947702637058,1.40601344653558,0.354574089977863,3.96535868321162,7.32856607622631e-05,0.00166969636624296,"ENSG00000289201","Ex_L5_6"
"UBE2O",7.22697634478144,0.804765537897053,0.202958650220534,3.96516993497245,7.33436766840765e-05,0.00166969636624296,"UBE2O","Ex_L5_6"
"PTDSS1",4.13580723104073,1.21825721448868,0.307569752346656,3.96091359827739,7.46635474992108e-05,0.00169588066751617,"PTDSS1","Ex_L5_6"
"PIANP",2.76847953383907,-1.44245951797012,0.364283370300295,-3.95971827311533,7.50382330619085e-05,0.00170052630662293,"PIANP","Ex_L5_6"
"UBTF",4.65953573247809,2.02055481830109,0.510670957715594,3.95666678861027,7.6002828748039e-05,0.00171848929979163,"UBTF","Ex_L5_6"
"TOPBP1",3.2408244118696,1.17850173123971,0.297983483148444,3.95492300038868,7.65593049038642e-05,0.00172696096629739,"TOPBP1","Ex_L5_6"
"ENPEP",1.32137232430508,3.15493494612586,0.797826564253092,3.95441200817805,7.67231007640626e-05,0.00172696096629739,"ENPEP","Ex_L5_6"
"LUZP2",17.1226732901828,-1.89595723570816,0.479830234960425,-3.9513083952797,7.77250875279452e-05,0.00174166933801409,"LUZP2","Ex_L5_6"
"ERVK13-1",1.86117382604872,-1.79684382602427,0.45473074221453,-3.95144567810322,7.76805061205357e-05,0.00174166933801409,"ERVK13-1","Ex_L5_6"
"RABEP1",15.4390433909419,0.604619899198074,0.153047233743065,3.95054444573044,7.79736157089295e-05,0.00174332956464215,"RABEP1","Ex_L5_6"
"TNRC6C",27.1684912336406,0.504236497617701,0.127744018595128,3.9472415472996,7.90567868778844e-05,0.00176360162512852,"TNRC6C","Ex_L5_6"
"RASGEF1B",5.86504000765524,-1.65050356904301,0.418218508725861,-3.9465101008356,7.92985779215367e-05,0.00176505565199964,"RASGEF1B","Ex_L5_6"
"NETO1",17.510931108634,-0.823545083966281,0.208721671520283,-3.94566159789618,7.95799396544196e-05,0.00176738203756949,"NETO1","Ex_L5_6"
"CLCC1",4.22911599706584,1.27669733228172,0.323805873638842,3.94278620685457,8.05404471668257e-05,0.00178474773610921,"CLCC1","Ex_L5_6"
"ZNF626",2.23469498490407,-1.90474725678794,0.483444182050287,-3.93995279601857,8.14976434970004e-05,0.00180196338298456,"ZNF626","Ex_L5_6"
"LNCBRM",1.3359971791324,-2.33520777877217,0.593407184891625,-3.93525363060553,8.31088812276551e-05,0.00183353235979953,"LNCBRM","Ex_L5_6"
"VWA3A",2.14575846929381,-1.77081353444592,0.450309742058989,-3.93243443135182,8.40899204697819e-05,0.00185108957087004,"VWA3A","Ex_L5_6"
"ZBBX",3.61258454252315,-1.35253458019882,0.34402318870972,-3.93152155025242,8.44099280263559e-05,0.00185405015537451,"ZBBX","Ex_L5_6"
"CFAP69",5.39122535211471,0.977161050895729,0.24888497234475,3.92615529049374,8.6314441801021e-05,0.00189172484947238,"CFAP69","Ex_L5_6"
"NAV3",146.238719858889,-0.460255555228771,0.11733923113096,-3.92243541049873,8.76583966382335e-05,0.00191311806309392,"NAV3","Ex_L5_6"
"FTL",23.6907834474902,0.847262716280941,0.216006521108185,3.92239415705694,8.76734113365033e-05,0.00191311806309392,"FTL","Ex_L5_6"
"CUL5",10.6273804150773,0.820237754298606,0.209253451012228,3.91982904143681,8.86118041257246e-05,0.00192938207065902,"CUL5","Ex_L5_6"
"CCDC171",13.2493374075354,-0.867429204091368,0.221616686011431,-3.91409699198653,9.07431572791631e-05,0.00197149372575643,"CCDC171","Ex_L5_6"
"CRELD1",8.31180235547485,1.53083520675565,0.391783737667681,3.9073474970371,9.33149018778335e-05,0.00201859118910621,"CRELD1","Ex_L5_6"
"FNIP2",11.9570529156641,0.633546568577319,0.162122285011438,3.90783147753327,9.31282246868469e-05,0.00201859118910621,"FNIP2","Ex_L5_6"
"PGM1",2.05392886498944,1.60224566936644,0.410804385518668,3.9002642762528,9.60877422811711e-05,0.00207408400941258,"PGM1","Ex_L5_6"
"RNFT1",1.97668484131092,1.64170818249376,0.421736556138542,3.89273388469188,9.91208627133333e-05,0.00213494375421779,"RNFT1","Ex_L5_6"
"RSRP1",9.26330536123638,-1.14588248338648,0.294558262046469,-3.8901726111003,0.000100172941741667,0.00215296425756177,"RSRP1","Ex_L5_6"
"ENSG00000285530",1.92107796362052,1.79549356204007,0.462210586348297,3.88457905351195,0.000102507335901855,0.00219840840129428,"ENSG00000285530","Ex_L5_6"
"CHN2",4.34993776384682,-1.24035687889297,0.319349041998146,-3.88401628241043,0.00010274502247871,0.00219878748319535,"CHN2","Ex_L5_6"
"CAMKK1",9.27310034971222,0.958856465159565,0.246999549028892,3.88201706816642,0.000103593604312155,0.00221221043054632,"CAMKK1","Ex_L5_6"
"ERC2",70.7774009328579,-0.406108366011276,0.104675904770958,-3.87967380745249,0.000104596638821074,0.00222886739526187,"ERC2","Ex_L5_6"
"TOR1AIP2",4.21261766854131,-1.27081372623218,0.328088370358715,-3.8733885167668,0.000107332516203052,0.00226796468483761,"TOR1AIP2","Ex_L5_6"
"SYCP2L",2.24173919193468,-1.75196007640876,0.452199025762593,-3.8743119215134,0.000106926385793343,0.00226796468483761,"SYCP2L","Ex_L5_6"
"UBE2D4",2.816428540539,1.40357334521116,0.362245289153619,3.87464899402996,0.00010677849669258,0.00226796468483761,"UBE2D4","Ex_L5_6"
"FRMD4A",151.870744765796,-0.45130980380811,0.116531431781845,-3.87285899527086,0.000107566065700723,0.00226796468483761,"FRMD4A","Ex_L5_6"
"RASGRP2",1.81296693893618,-1.96761605754587,0.507994589085628,-3.87330121190367,0.000107370989710226,0.00226796468483761,"RASGRP2","Ex_L5_6"
"RASL10A",2.76699388936707,1.43804624215579,0.371391169345459,3.87205286730488,0.000107922535432375,0.00227069014549716,"RASL10A","Ex_L5_6"
"CAMKV",14.0264969995982,0.812335344148985,0.209964306510849,3.86892114020824,0.000109317988939152,0.00229521844844094,"CAMKV","Ex_L5_6"
"ELAVL4",17.2841652977148,-0.718855061967507,0.18592907033902,-3.86628653957533,0.000110505096634042,0.00230883886303284,"ELAVL4","Ex_L5_6"
"LINC03051",58.008746518566,-0.360300884253001,0.0931986523212264,-3.86594521786814,0.000110659777405717,0.00230883886303284,"LINC03051","Ex_L5_6"
"GFPT2",2.6569501203939,1.97875634053094,0.511754255394526,3.86661433622171,0.000110356737201168,0.00230883886303284,"GFPT2","Ex_L5_6"
"RAB9B",3.17171818355022,-1.33724185210721,0.346100422027404,-3.86373944381186,0.000111664329860638,0.00232494440130671,"RAB9B","Ex_L5_6"
"RECK",6.89466160632955,-1.0569049455379,0.273814610939724,-3.85992895671501,0.000113419994815439,0.00235170005847613,"RECK","Ex_L5_6"
"CDKL1",6.5494443417173,0.856606015797637,0.221916202530141,3.86004269193139,0.000113367216958039,0.00235170005847613,"CDKL1","Ex_L5_6"
"ANO4",8.61210675066353,-1.35261263769755,0.350599255451413,-3.85800202557759,0.000114317700865928,0.00236540600922171,"ANO4","Ex_L5_6"
"ENSG00000259481",2.45641251936479,2.32507580685074,0.603332940871996,3.85371931373466,0.000116336959012235,0.00239946154482156,"ENSG00000259481","Ex_L5_6"
"DENND4A",27.1241903880184,0.630177236738528,0.16353395401321,3.85349477141378,0.00011644375117455,0.00239946154482156,"DENND4A","Ex_L5_6"
"PRPF3",2.33134859985301,1.319359588215,0.342657248723386,3.85037699663568,0.0001179361489006,0.00242379207424129,"PRPF3","Ex_L5_6"
"ESYT2",14.553300610444,0.827207532466417,0.214886184246367,3.84951473435828,0.000118352064461652,0.00242379207424129,"ESYT2","Ex_L5_6"
"FBXL15",3.7838984022475,1.07354465727979,0.278855327232322,3.84982660340353,0.000118201473812041,0.00242379207424129,"FBXL15","Ex_L5_6"
"GSPT1",7.39971170670503,0.872089439165991,0.226611203001743,3.84839508203521,0.000118894197373137,0.00242991535490212,"GSPT1","Ex_L5_6"
"SLF1",9.05388785359546,1.13859343734388,0.29605135225641,3.84593222988472,0.000120094955831169,0.00244944691546265,"SLF1","Ex_L5_6"
"CDH2",28.0398763363521,0.47416714869542,0.123553714390804,3.83774094557461,0.000124171374846511,0.00252743120206931,"CDH2","Ex_L5_6"
"STX12",6.76063818224224,0.805979278143607,0.210065358690615,3.83680242743238,0.000124646671726334,0.0025319488561646,"STX12","Ex_L5_6"
"LRRN1",5.76031217303337,1.08415417084674,0.282780753147049,3.8339036825571,0.000126125544324972,0.00255679247461211,"LRRN1","Ex_L5_6"
"CRIP2",7.19884697632321,1.0727969301441,0.279865765177673,3.83325530889081,0.0001264585852788,0.00255835445602496,"CRIP2","Ex_L5_6"
"DYNC1H1",14.8093582902427,0.542557782177064,0.141594234001937,3.83177878676641,0.000127220105247031,0.00256856107442187,"DYNC1H1","Ex_L5_6"
"EPHA6",52.7852817777136,-1.58006597068981,0.412519585431888,-3.83028109813394,0.000127996956023926,0.00257903544053047,"EPHA6","Ex_L5_6"
"TTN-AS1",11.7091459491788,-0.92600302006756,0.241896773724267,-3.82809165170219,0.000129140670467256,0.00259684479003976,"TTN-AS1","Ex_L5_6"
"CENPC",11.9377521635986,0.790272586777406,0.20672114160513,3.82289194342276,0.000131895589528323,0.00263106690967278,"CENPC","Ex_L5_6"
"ZNF483",11.0711159690441,0.796209736039935,0.208198216640184,3.82428701306301,0.000131151064554431,0.00263106690967278,"ZNF483","Ex_L5_6"
"ENSG00000258631",3.43209712097768,-1.68618564918326,0.441061729162693,-3.82301509674007,0.000131829704766168,0.00263106690967278,"ENSG00000258631","Ex_L5_6"
"TRIM28",3.30157295799738,1.28826182086102,0.336951116811982,3.823289956863,0.000131682771476505,0.00263106690967278,"TRIM28","Ex_L5_6"
"TCEAL7",1.97249085468012,-1.66527880616273,0.435847410407707,-3.82078398631524,0.000133028129659472,0.00264837276457522,"TCEAL7","Ex_L5_6"
"SURF6",1.32578634190958,1.6093452939911,0.421485221083273,3.81827218011315,0.000134389609472663,0.002670158562763,"SURF6","Ex_L5_6"
"MYCBP2",47.8591320673713,0.432825032890299,0.11346757143557,3.81452627754591,0.000136444418502499,0.00270560618752774,"MYCBP2","Ex_L5_6"
"BZW2",5.40870929505987,1.0459376703473,0.274287709235068,3.81328668814289,0.000137130886042539,0.0027138338120973,"BZW2","Ex_L5_6"
"TAFA1",58.4680864593734,-1.17827901680988,0.30948278829504,-3.80725216837128,0.000140519443008408,0.00277539785262061,"TAFA1","Ex_L5_6"
"CSMD1",378.073823328842,-0.617249989835283,0.162293332885261,-3.8032985019272,0.000142782136422901,0.00281452597911335,"CSMD1","Ex_L5_6"
"PKIG",8.00861665694488,0.863934734115584,0.227318109134681,3.8005539347669,0.000144372988935374,0.00284028277838607,"PKIG","Ex_L5_6"
"TMPRSS9",1.00366583356338,2.26641726039996,0.596462188615927,3.79976686478504,0.000144832274383467,0.00284372053082195,"TMPRSS9","Ex_L5_6"
"CLTC",13.9457563147369,0.854589767101105,0.22508852875043,3.79668289559368,0.000146645179495109,0.00287367043896885,"CLTC","Ex_L5_6"
"FBXO34",10.9211054694244,0.761842557138716,0.200715622263128,3.79563159333944,0.000147268053680256,0.00287460337593844,"FBXO34","Ex_L5_6"
"ZNFX1",1.78403178370463,1.52781460025964,0.40248941304584,3.7959125153079,0.000147101369953561,0.00287460337593844,"ZNFX1","Ex_L5_6"
"LINC02955",8.1481639520378,-1.49314934619948,0.393614978303226,-3.79342613595668,0.000148582843614002,0.00289461391633204,"LINC02955","Ex_L5_6"
"ENSG00000282564",0.947041786612744,-2.00307099983906,0.528351745863369,-3.79116945391348,0.000149939605772097,0.00290116726583699,"LOC124904544","Ex_L5_6"
"ZNF608",2.11896471876575,-2.39725702418378,0.632365405974908,-3.79093638192932,0.000150080395881301,0.00290116726583699,"ZNF608","Ex_L5_6"
"DLG2",295.980113849824,-0.386821042151722,0.102032280157022,-3.79116336081509,0.000149943284802654,0.00290116726583699,"DLG2","Ex_L5_6"
"ZNF91",10.050910770627,0.639464200119237,0.168666834302046,3.7912859559224,0.00014986927786473,0.00290116726583699,"ZNF91","Ex_L5_6"
"CUX2",11.1495153214454,-1.4625647174752,0.385901228895678,-3.7899975640414,0.000150648762120595,0.00290653229465873,"CUX2","Ex_L5_6"
"ACACA",15.3466800633971,-0.746862412258743,0.197106328776586,-3.78913461020974,0.000151172986589683,0.00291102664350153,"ACACA","Ex_L5_6"
"MITD1",1.69183474996025,-1.82236218848485,0.481368492619295,-3.7857944930478,0.000153218261374481,0.00294473712341647,"MITD1","Ex_L5_6"
"C10orf90",5.71943158040381,-2.18117238076152,0.577563715348962,-3.77650521110673,0.000159044233586286,0.00305084082622139,"C10orf90","Ex_L5_6"
"TM9SF3",6.59158682437122,0.853594317283718,0.226057013603201,3.77601342103031,0.000159358408160538,0.00305101136236861,"TM9SF3","Ex_L5_6"
"TOMM20",7.64666873009846,-1.0792493521704,0.286073712858119,-3.77262678694868,0.00016153783225349,0.0030834274356994,"TOMM20","Ex_L5_6"
"ZNF532",7.75792490122409,-0.990647993652197,0.262602438732582,-3.77242495703176,0.000161668598789923,0.0030834274356994,"ZNF532","Ex_L5_6"
"VWA5B2",4.23198674618122,-1.44416745013832,0.382999270776003,-3.77067937286737,0.000162803734262838,0.00309327095099392,"VWA5B2","Ex_L5_6"
"NAALAD2",6.78903760915241,-1.11385599011366,0.295388209515403,-3.77082075124457,0.000162711518991967,0.00309327095099392,"NAALAD2","Ex_L5_6"
"AKAP9",19.6231201221611,0.597208887963794,0.158404379198578,3.7701538996919,0.000163146909913143,0.00309390933144584,"AKAP9","Ex_L5_6"
"ITPKA",4.51741323797096,1.6947125975978,0.449732158226878,3.76827088434014,0.000164382265992543,0.00311143251198764,"ITPKA","Ex_L5_6"
"TMEM164",1.94155050396223,-1.77049111680973,0.469991220051026,-3.76707274790689,0.000165172881618199,0.00312048729469239,"TMEM164","Ex_L5_6"
"GRIK2",75.7932067256781,-0.580998715289963,0.154353349170278,-3.76408233713817,0.000167161803017833,0.00314087828483339,"GRIK2","Ex_L5_6"
"PACRG",17.2829906559608,-0.848102895035197,0.225363800190841,-3.76326142138627,0.000167711722447716,0.00314087828483339,"PACRG","Ex_L5_6"
"DCDC1",2.1727986952837,-2.08171169990702,0.55295752806335,-3.7646864257331,0.000166758216812629,0.00314087828483339,"DCDC1","Ex_L5_6"
"SCYL2",5.60415240441672,0.954374973887609,0.253614389881076,3.76309472950305,0.000167823594566843,0.00314087828483339,"SCYL2","Ex_L5_6"
"CDS2",4.92468039310556,1.02299064478808,0.271785730370796,3.76396009971684,0.000167243580448615,0.00314087828483339,"CDS2","Ex_L5_6"
"LINC01277",2.8240275988418,-1.71451339865187,0.45589305503454,-3.76077981385781,0.000169384481323504,0.00316416543242448,"LINC01277","Ex_L5_6"
"SPANXA2-OT1",5.89584100391504,-1.45676347033376,0.387447574739382,-3.75989828124142,0.000169982457836768,0.00316941172317287,"SPANXA2-OT1","Ex_L5_6"
"AUTS2",65.1429607047174,-0.493107306287493,0.131267277560538,-3.75651354588414,0.000172296949475832,0.00320658419564519,"AUTS2","Ex_L5_6"
"KCNC1",4.89193802848477,1.19037607446369,0.316946337580947,3.75576535620852,0.000172812548287911,0.00321020187284271,"KCNC1","Ex_L5_6"
"BRD4",9.21321122816424,0.94213774472133,0.251018938674109,3.75325363774437,0.000174554077793643,0.00323054343235124,"BRD4","Ex_L5_6"
"IFT52",3.06897679564708,1.28608419980886,0.342630624639319,3.7535588103448,0.000174341605338869,0.00323054343235124,"IFT52","Ex_L5_6"
"ATP6V1G1",4.65346404249624,-1.00709379648435,0.268444120607321,-3.75159565501354,0.000175712688594757,0.00323998636497418,"ATP6V1G1","Ex_L5_6"
"FBXO21",8.08743201930501,0.881431289196527,0.234939262469332,3.75174110930728,0.000175610755362023,0.00323998636497418,"FBXO21","Ex_L5_6"
"KCNMB2-AS1",4.04933869737676,-2.22112105915454,0.592438495712371,-3.74911670195195,0.000177458497243602,0.00326615142072293,"KCNMB2-AS1","Ex_L5_6"
"EIF3M",5.175084172377,1.04878644319109,0.28004224238391,3.74510086143828,0.000180321317513011,0.00331098136976468,"EIF3M","Ex_L5_6"
"SNRPF",3.00821780425133,1.16586758681174,0.311331963094957,3.74477318429442,0.000180556818743421,0.00331098136976468,"SNRPF","Ex_L5_6"
"LMNA",2.26257289109548,1.33566568908713,0.356764810470695,3.7438268850701,0.000181238547499986,0.00331739568445944,"LMNA","Ex_L5_6"
"ELAPOR1",7.83623913339473,0.763878182384859,0.204101041116905,3.74264716242836,0.00018209182738608,0.00332046843348224,"ELAPOR1","Ex_L5_6"
"STK39",9.25609575361884,-0.809082199397146,0.216160839944678,-3.74296380234373,0.00018186243528853,0.00332046843348224,"STK39","Ex_L5_6"
"SPATS2L",18.5086028676252,1.00064979439754,0.267394841713003,3.74221801732264,0.000182403158893511,0.00332046843348224,"SPATS2L","Ex_L5_6"
"RIF1",6.38979672120352,1.10437948709288,0.295196061717663,3.74117283498568,0.000183163501265521,0.0033282473302684,"RIF1","Ex_L5_6"
"ATXN3",4.96303553166642,1.03168632681943,0.276037094750813,3.73749161412804,0.000185865287076872,0.00337121175870465,"ATXN3","Ex_L5_6"
"KIF2A",8.05554226604053,0.704293964479847,0.188528478396191,3.73574311144536,0.000187161660551666,0.00338857542672709,"KIF2A","Ex_L5_6"
"ATL2",6.09335855928312,0.983457874639457,0.263433626270284,3.73322832230394,0.000189041082983758,0.00341641335142799,"ATL2","Ex_L5_6"
"CFAP61",1.59816744224253,-1.82820685033025,0.490038717799255,-3.73073960061901,0.000190918476368751,0.00344411417478212,"CFAP61","Ex_L5_6"
"ACAD8",1.65670938105543,-1.68276835395588,0.451299060099082,-3.72872115795329,0.000192453964027288,0.00346555840808778,"ACAD8","Ex_L5_6"
"TIA1",3.02065674906854,-1.44508822288728,0.387884154522434,-3.72556652814674,0.000194877044884822,0.00350287983197645,"TIA1","Ex_L5_6"
"CCDC6",10.0561366624534,0.891243853627969,0.239547782316622,3.72052642278261,0.000198807939341968,0.00356712126711604,"CCDC6","Ex_L5_6"
"SNAP91",36.4761066445452,-0.594477470795866,0.159980560438687,-3.71593566846954,0.000202453092863924,0.0036260147134087,"SNAP91","Ex_L5_6"
"ENSG00000291113",1.65776154978844,1.58432144290303,0.426529390643292,3.71444847098005,0.000203647359756439,0.00362789966739011,"LOC728554","Ex_L5_6"
"CNOT6",3.93810106254737,1.4503530392407,0.390436299546027,3.71469825148705,0.000203446316741099,0.00362789966739011,"CNOT6","Ex_L5_6"
"LY86-AS1",19.554359048627,-0.815691684692979,0.21955387925958,-3.71522328570921,0.000203024335541305,0.00362789966739011,"LY86-AS1","Ex_L5_6"
"IFTAP",2.95634002382819,-1.31965633410605,0.355480805254094,-3.71231389881311,0.000205373059606871,0.00364564539557916,"IFTAP","Ex_L5_6"
"RPLP0",4.39815509708702,0.941472329741451,0.253580687027798,3.71271306492771,0.000205049312235962,0.00364564539557916,"RPLP0","Ex_L5_6"
"KCNT2",22.3673755534879,-1.41087570317233,0.3801009277123,-3.71184493461753,0.000205754030763897,0.00364593224016736,"KCNT2","Ex_L5_6"
"LY6E-DT",1.00567121356701,-2.29079974485121,0.61738924237848,-3.71046268319472,0.000206880791918183,0.00365940997244305,"LY6E-DT","Ex_L5_6"
"ZNF791",3.09875434135507,1.53334759930602,0.413368715431845,3.70939440277704,0.000207755583079114,0.00366839098461602,"ZNF791","Ex_L5_6"
"CREG2",8.42995902841822,-0.74221508495857,0.200189361059925,-3.70756508252402,0.000209261646371185,0.00367016101300102,"CREG2","Ex_L5_6"
"KLF3-AS1",3.92180839538292,-1.20784594105286,0.32580026376863,-3.70732032896887,0.000209463925800888,0.00367016101300102,"KLF3-AS1","Ex_L5_6"
"RIPK2-DT",9.43316757708535,-0.853413475052252,0.230115983833725,-3.70862319441879,0.000208389266624246,0.00367016101300102,"RIPK2-DT","Ex_L5_6"
"METTL3",2.48847208480352,1.34209078521837,0.361916954985779,3.70828381132658,0.000208668704453116,0.00367016101300102,"METTL3","Ex_L5_6"
"PLD3",18.2102394432021,0.74703918355917,0.201518800078518,3.70704461950002,0.000209692009047787,0.00367016101300102,"PLD3","Ex_L5_6"
"RABL2A",3.8841222344991,-1.1564881042855,0.312173548093877,-3.70463196304423,0.000211697876673858,0.00369879122286458,"RABL2A","Ex_L5_6"
"SLIT2",21.7428359918682,-1.39566371653342,0.377545289506301,-3.69667892919143,0.000218438318595298,0.00380989974876336,"SLIT2","Ex_L5_6"
"ADRM1",2.68318780978637,1.26895348336698,0.34336025870508,3.69569119079945,0.000219289385138309,0.00381808033984714,"ADRM1","Ex_L5_6"
"ATXN2",15.8555860316214,0.599114948707892,0.162277033296208,3.69192692606299,0.000222561417353806,0.00386831096527642,"ATXN2","Ex_L5_6"
"ANKRD26",18.632300042131,-0.478895653811304,0.129812878237162,-3.68912283830873,0.00022502855682989,0.00390440173082972,"ANKRD26","Ex_L5_6"
"CAP2",20.7793067299986,0.598593952727022,0.162387245926555,3.68621285071709,0.00022761599981359,0.00394245113022014,"CAP2","Ex_L5_6"
"DDX55",2.37901973781096,1.37925762238438,0.374575485021348,3.6821887110572,0.000231240135585007,0.0039982939706515,"DDX55","Ex_L5_6"
"DCTN3",5.04219926617841,1.79617279860492,0.487949826186015,3.68106043329175,0.000232265940118833,0.00400909465552265,"DCTN3","Ex_L5_6"
"ACOX1",2.49143984947431,1.34957169196003,0.366717461303362,3.68014025610746,0.000233105704340048,0.0040166524296111,"ACOX1","Ex_L5_6"
"TMEM163",5.37144052810577,-1.49742674503198,0.406943989559006,-3.67968758220191,0.000233519864524599,0.00401686321180523,"TMEM163","Ex_L5_6"
"DDX3Y",3.92651197190492,1.34984572489342,0.367098354820083,3.67706830382007,0.000235929882522593,0.00405134578338625,"DDX3Y","Ex_L5_6"
"ENSG00000237773",4.39884581939766,1.34475697067644,0.365990726374837,3.67429247182393,0.000238509407608792,0.00408861581413769,"LOC101927609","Ex_L5_6"
"ZBTB37",1.19675220620191,-2.17470758626584,0.592124280006307,-3.6727215209663,0.000239980962311363,0.00409278112174021,"ZBTB37","Ex_L5_6"
"TTC13",3.23618698925733,-1.72931685191491,0.470847394509957,-3.6727756637896,0.000239930103761492,0.00409278112174021,"TTC13","Ex_L5_6"
"BIRC6",28.2678353378111,0.515261236753116,0.140285531149666,3.67294640103263,0.000239769789560772,0.00409278112174021,"BIRC6","Ex_L5_6"
"EGLN1",5.0308411203749,1.14951333785852,0.313038496880118,3.67211492936199,0.000240551450269835,0.00409552162520739,"EGLN1","Ex_L5_6"
"LINC00504",0.859877430536445,-2.19246544292298,0.597393817921308,-3.67005043766921,0.000242502614333065,0.00412171960483784,"LINC00504","Ex_L5_6"
"PALS1",2.89624174792144,1.2669433327453,0.345295875804644,3.66915280929127,0.000243355591225142,0.00412919487046531,"PALS1","Ex_L5_6"
"CLSTN1",20.4864571741119,0.847178008075746,0.231122857688388,3.66548776935753,0.000246867610180334,0.0041704400889558,"CLSTN1","Ex_L5_6"
"CNST",4.24646206161454,1.19929694889758,0.327199718804998,3.66533612338564,0.00024701394396985,0.0041704400889558,"CNST","Ex_L5_6"
"EIF2AK2",5.9259593785633,0.86451350837751,0.235891420757599,3.6648789752548,0.00024745557061745,0.0041704400889558,"EIF2AK2","Ex_L5_6"
"SMARCA1",3.61553873922942,1.1566486093023,0.315577597336289,3.6651797182857,0.000247164955404758,0.0041704400889558,"SMARCA1","Ex_L5_6"
"KHDC1",3.09990785541253,1.34158581656997,0.3661990124783,3.66354296667983,0.000248750466541146,0.00418520566096332,"KHDC1","Ex_L5_6"
"ENSG00000226526",2.5826725741969,2.45555886527253,0.670834618455341,3.66045340791547,0.000251769334117343,0.00421723291326088,"ENSG00000226526","Ex_L5_6"
"CFAP70",3.07684178637074,-1.495632905403,0.408534163738347,-3.66097388702334,0.000251258368853746,0.00421723291326088,"CFAP70","Ex_L5_6"
"PDHX",8.17072110057129,0.701017527772484,0.191519136484294,3.66030016969073,0.000251919956895812,0.00421723291326088,"PDHX","Ex_L5_6"
"ENSG00000249743",3.14332843157486,-4.16687295101511,1.13899585017708,-3.65837412872688,0.000253820345203549,0.00424194068555898,"ENSG00000249743","Ex_L5_6"
"H2AZ1",5.99601359389947,0.90887592096814,0.248524526356793,3.65708742831811,0.000255097390024551,0.00425616580284701,"H2AZ1","Ex_L5_6"
"PPA1",5.92844203019804,0.761012808284713,0.208211890544943,3.65499206742205,0.000257189930096837,0.00428392693564632,"PPA1","Ex_L5_6"
"MTDH",9.23167666568573,0.864461012422175,0.236581298228593,3.65397019500208,0.000258216255593878,0.00429386565458438,"MTDH","Ex_L5_6"
"RAPGEF2",35.7035757948351,0.680266367541642,0.186344903201008,3.65057673086903,0.000261652126356234,0.00433656940431875,"RAPGEF2","Ex_L5_6"
"NFAT5",22.4840168284278,0.505735029484302,0.138521280800806,3.65095548179021,0.000261266528035634,0.00433656940431875,"NFAT5","Ex_L5_6"
"GRM2",2.78172657852902,-1.7692769695931,0.484773470632218,-3.64969841952303,0.000262548370898616,0.00434421923635888,"GRM2","Ex_L5_6"
"NOS1AP",7.76908057677332,-0.892145380422442,0.244558971920303,-3.64797649179345,0.000264313815389683,0.00436337160449888,"NOS1AP","Ex_L5_6"
"LINC02254",3.22507648267606,-1.7595165942552,0.482360821563708,-3.64771871096667,0.000264579066672636,0.00436337160449888,"LINC02254","Ex_L5_6"
"CAMK1D",40.9482114341545,0.794934130823493,0.218027249191792,3.6460310982698,0.000266321760383479,0.00437766393630343,"CAMK1D","Ex_L5_6"
"MYH9",5.10867183734127,1.02622336633587,0.281450367312855,3.64619657857877,0.000266150404413643,0.00437766393630343,"MYH9","Ex_L5_6"
"MIR325HG",4.11516515334853,-1.97644960540743,0.542400111658485,-3.64389601499912,0.000268541949198075,0.00440691008257071,"MIR325HG","Ex_L5_6"
"TBC1D19",5.47327384380262,-0.925600023219312,0.254048205315652,-3.64340311740941,0.000269056953056969,0.00440812326041205,"TBC1D19","Ex_L5_6"
"TTLL7",24.966566386091,0.477226551286824,0.131019515993296,3.64240813796963,0.000270099378881672,0.00441795939859809,"TTLL7","Ex_L5_6"
"TET3",6.77496892913044,1.07052702476543,0.293971767029244,3.64159808808759,0.000270950850997568,0.00442197141757269,"TET3","Ex_L5_6"
"KCNJ3",21.3246647899786,-0.640741757329735,0.175963495067602,-3.64133343159372,0.000271229585648595,0.00442197141757269,"KCNJ3","Ex_L5_6"
"LARS2",3.8582987885127,-1.26810980282609,0.348297424691242,-3.64088193861967,0.000271705715804938,0.00442251941979568,"LARS2","Ex_L5_6"
"ENSG00000285658",1.09183156780109,1.79294429028114,0.492776374903848,3.63845423927026,0.000274279350232748,0.00445715093695298,"ENSG00000285658","Ex_L5_6"
"LIMCH1",47.512729231183,-0.571240569844074,0.157024984097239,-3.63789605283659,0.00027487431245149,0.00445956798480551,"LIMCH1","Ex_L5_6"
"SNHG6",7.63940908375679,1.11248393122909,0.305844209772809,3.63742028026452,0.00027538238564741,0.00446056979280424,"SNHG6","Ex_L5_6"
"PDE1C",12.3862773545262,-0.755870632355676,0.207899174949371,-3.63575580585999,0.000277166796740025,0.0044749676358963,"PDE1C","Ex_L5_6"
"STRN3",10.7268249752742,0.601075124046408,0.165313722045844,3.63596631064735,0.00027694052661543,0.0044749676358963,"STRN3","Ex_L5_6"
"RYBP",4.66044940944208,-0.959881035647502,0.264223628727708,-3.63283571673559,0.000280323504262977,0.00451863403484547,"RYBP","Ex_L5_6"
"MALRD1",0.847619834661189,-2.2167777425311,0.610346041572214,-3.6320015065893,0.000281231479530069,0.00452597005865299,"MALRD1","Ex_L5_6"
"EML1",2.98156823316853,1.40356897312048,0.386531308308924,3.63119090989318,0.000282116392577349,0.00453291194118654,"EML1","Ex_L5_6"
"RAB6B",11.2538985488268,1.18580937181947,0.32680400498316,3.62850318153407,0.000285069237730408,0.00455108939597076,"RAB6B","Ex_L5_6"
"ENSG00000235837",1.68155902947726,1.49093978812386,0.410866808962366,3.62876668448636,0.000284778467666899,0.00455108939597076,"ENSG00000235837","Ex_L5_6"
"ENSG00000283674",19.58706648344,-0.9124787453037,0.251438065319304,-3.62903979612209,0.000284477387900557,0.00455108939597076,"LOC729732","Ex_L5_6"
"PTK2",47.560963902244,0.339232362294774,0.0934676573132506,3.6294090602684,0.000284070783285299,0.00455108939597076,"PTK2","Ex_L5_6"
"SCAMP5",17.4180836371633,1.02760172257905,0.283524463370736,3.62438468399589,0.000289650218591567,0.00461684893876255,"SCAMP5","Ex_L5_6"
"FAXC",6.7617462659023,0.870186402628491,0.24037858106112,3.62006630868343,0.000294527528489318,0.00468711484032204,"FAXC","Ex_L5_6"
"CPNE3",5.62736670555324,0.907878418651247,0.250865079161219,3.6189908204314,0.000295754128031688,0.00469915223457661,"CPNE3","Ex_L5_6"
"ENSG00000237188",2.21054627460722,-1.45866672439123,0.403298132838806,-3.61684472507649,0.000298216073352221,0.00473074831282872,"ENSG00000237188","Ex_L5_6"
"LINC02615",0.82745285509819,-2.00832981955705,0.555364832905763,-3.61623513150648,0.000298918875943466,0.00473424122140545,"LINC02615","Ex_L5_6"
"ABITRAM",1.90134533941023,1.35664730802812,0.375233075452613,3.61547900965742,0.00029979276687514,0.00473424122140545,"ABITRAM","Ex_L5_6"
"ETNK1",9.77133331055889,0.779947490371429,0.215727855615915,3.61542318280889,0.000299857383745212,0.00473424122140545,"ETNK1","Ex_L5_6"
"PARVA",4.27847990698705,1.26253009551278,0.349354090790547,3.61389813027756,0.000301627611336308,0.0047546787818534,"PARVA","Ex_L5_6"
"CLINT1",2.70920922188522,1.37010622348247,0.379309148842189,3.61210961471562,0.000303716125783356,0.00478006135602969,"CLINT1","Ex_L5_6"
"OTUD4",6.72166574308533,0.997696515706252,0.276611325266953,3.60685346033244,0.000309932575390927,0.00487022980889454,"OTUD4","Ex_L5_6"
"IFT43",8.24750501472747,0.984752062771603,0.273138602124615,3.60531999179788,0.00031176853363705,0.00489138889351441,"IFT43","Ex_L5_6"
"NXF1",2.83218453513709,1.10799018203197,0.307359710671976,3.60486473523022,0.00031231555053839,0.00489229092802613,"NXF1","Ex_L5_6"
"CNOT6L",5.7014155314507,0.916456589125901,0.254374580219308,3.60278369141988,0.000314827505223109,0.00492392188920148,"CNOT6L","Ex_L5_6"
"FRA10AC1",5.08800792057807,-1.04362666782162,0.289930958498051,-3.5995696121173,0.000318744298903413,0.00497189311487304,"FRA10AC1","Ex_L5_6"
"JUND",12.3042269075149,1.54872212484619,0.430266202857652,3.59945102487764,0.000318889682472846,0.00497189311487304,"JUND","Ex_L5_6"
"TRPC4",3.27797051282626,-1.81348005849514,0.504236455587952,-3.59648739871571,0.000322543200866043,0.00501662225957202,"TRPC4","Ex_L5_6"
"DOK6",16.5947541777362,-0.953025691592785,0.265000945279957,-3.5963105361227,0.000322762468771744,0.00501662225957202,"DOK6","Ex_L5_6"
"TBP",1.64450275107865,1.63862572138842,0.455810509375225,3.59497134814744,0.000324427279378063,0.00503466805916826,"TBP","Ex_L5_6"
"DDX19B",1.92219793812098,1.51092009912825,0.420526618645248,3.59292380585984,0.00032698822507886,0.0050665431340126,"DDX19B","Ex_L5_6"
"ARVCF",1.67794964415088,-1.55784096399676,0.433690249631561,-3.59205899906723,0.000328075547196721,0.00507552170074927,"ARVCF","Ex_L5_6"
"NME4",1.88617795017608,-1.90285729973892,0.529844039303778,-3.59135360329673,0.000328964946342814,0.0050814152608193,"NME4","Ex_L5_6"
"ENSG00000289085",2.57888239802923,1.43194401651839,0.39881425752496,3.59050357277853,0.000330039706144019,0.00509014941852365,"ENSG00000289085","Ex_L5_6"
"CYP20A1",1.36349859990251,1.74941478183704,0.48759465769248,3.58784649141987,0.00033342048800648,0.00513436726831551,"CYP20A1","Ex_L5_6"
"NPTX2",1.72934674599454,1.55339244209584,0.433181109187624,3.58601150684762,0.000335774148663831,0.00516265667960974,"NPTX2","Ex_L5_6"
"CWC15",2.55117031676892,1.28718377328181,0.360154930202379,3.57397238060439,0.00035160603443845,0.00538464427034539,"CWC15","Ex_L5_6"
"KPNB1-DT",2.79724162356524,1.31142124161394,0.36697382146239,3.57360979153209,0.000352093511281659,0.00538464427034539,"KPNB1-DT","Ex_L5_6"
"ENSG00000283294",1.93341524287701,-1.6686931879502,0.466975477695534,-3.57340645848256,0.000352367155573933,0.00538464427034539,"ENSG00000283294","Ex_L5_6"
"PI4KA",23.0003155028011,0.646408028236048,0.180892866540824,3.57343017774649,0.000352335224097975,0.00538464427034539,"PI4KA","Ex_L5_6"
"PDCD10",3.8034046354491,1.15222720172044,0.322485760537734,3.57295528273602,0.000352975055458337,0.00538569878511544,"PDCD10","Ex_L5_6"
"PHKB",4.92114352511607,-0.928476281428761,0.260047836256187,-3.57040571763908,0.000356428731238305,0.00543010478657868,"PHKB","Ex_L5_6"
"RCC1L",1.89830335566205,1.78086167704625,0.499180843102901,3.56756815020473,0.000360309685801815,0.00548087519011163,"RCC1L","Ex_L5_6"
"EIF2AK3",4.83939178585447,0.91224984720002,0.255870476960791,3.56527981670903,0.000363468195462424,0.0055192239554404,"EIF2AK3","Ex_L5_6"
"LINC00407",1.93366151805784,-1.48016929984744,0.415201388694804,-3.56494303764346,0.0003639352197954,0.0055192239554404,"LINC00407","Ex_L5_6"
"GABRA4",10.9336689789642,0.696705161302843,0.195537418628759,3.5630273028488,0.000366602533393118,0.00555125108898609,"GABRA4","Ex_L5_6"
"ENSG00000267098",1.02086621662517,-2.52253253107914,0.708202371113914,-3.561880945289,0.000368207357965444,0.00556711699774077,"ENSG00000267098","Ex_L5_6"
"HCFC1",0.936794834340688,-1.9436568256114,0.546612755680501,-3.55582046963332,0.000376801328767963,0.00568844785454232,"HCFC1","Ex_L5_6"
"PAM",25.0363518642995,-0.815397250331508,0.229412691133984,-3.55428135340294,0.00037901351209506,0.00571321423812674,"PAM","Ex_L5_6"
"PHF20",8.16705759815775,1.19786970436674,0.337151655196645,3.55291064392988,0.000380993857041916,0.00573441657722426,"PHF20","Ex_L5_6"
"PIWIL4-AS1",3.17078145694134,-1.54481599464681,0.434975267606941,-3.55150306164709,0.000383037536139047,0.00575650697168968,"PIWIL4-AS1","Ex_L5_6"
"ANKRD36",25.6481742109338,-0.488305456751366,0.137594161404916,-3.5488821020128,0.000386870253659524,0.00577934426767307,"ANKRD36","Ex_L5_6"
"PTPN4",17.8818407970305,0.562088996103929,0.158381087339183,3.54896538183363,0.000386747921454074,0.00577934426767307,"PTPN4","Ex_L5_6"
"PSMC4",2.35343462201593,1.18717411830096,0.334519577264727,3.54889279727108,0.000386854541053005,0.00577934426767307,"PSMC4","Ex_L5_6"
"SH3BGRL",5.98567345270836,-1.25733679373515,0.354238300452878,-3.54940951367398,0.000386096133224387,0.00577934426767307,"SH3BGRL","Ex_L5_6"
"ARHGAP18",5.43986504361933,-2.33131186446594,0.657243525697811,-3.5471051038361,0.000389489172747877,0.00580664382417395,"ARHGAP18","Ex_L5_6"
"ADAM10",10.1604060703746,0.612979254757815,0.172823339761966,3.54685458342656,0.000389859716431931,0.00580664382417395,"ADAM10","Ex_L5_6"
"UTP25",1.08962949723848,-1.97934597468193,0.55830359299478,-3.5452861122827,0.000392187133290091,0.00583261638407913,"UTP25","Ex_L5_6"
"GAP43",24.2005134681593,-0.906854590756651,0.255836821054181,-3.54466017448128,0.000393119566784146,0.00583779636023886,"GAP43","Ex_L5_6"
"ATP6V0A1",15.4785191428821,0.591198349493828,0.166832489749083,3.54366436887081,0.0003946072471261,0.00585119410649591,"ATP6V0A1","Ex_L5_6"
"SMG5",3.66474494286332,1.03864008258174,0.293394602152096,3.54007904359232,0.000400007208071713,0.00586578197296315,"SMG5","Ex_L5_6"
"RGS4",5.46623109282377,-1.5868578955595,0.448050873250343,-3.5416913352892,0.000397570402974942,0.00586578197296315,"RGS4","Ex_L5_6"
"RYR2",129.557275989876,0.488124617308735,0.137807775248016,3.542068772464,0.00039700195433426,0.00586578197296315,"RYR2","Ex_L5_6"
"FNTA",4.00096389912577,1.15125240170477,0.325257037698008,3.53951573147411,0.000400861877845591,0.00586578197296315,"FNTA","Ex_L5_6"
"RRP12",2.24411769448958,1.35067790708022,0.381298446267224,3.54231159424559,0.000396636648073495,0.00586578197296315,"RRP12","Ex_L5_6"
"NGDN",2.07175585757877,1.35562230976967,0.382931312469351,3.54011872528229,0.000399947066353783,0.00586578197296315,"NGDN","Ex_L5_6"
"MAPK8IP3",11.5339657248471,0.73084241531508,0.20648134990991,3.53950812329517,0.000400873432813071,0.00586578197296315,"MAPK8IP3","Ex_L5_6"
"ST8SIA5",5.38487185334256,-1.19795890791108,0.338416049936307,-3.53989980125514,0.000400278973722132,0.00586578197296315,"ST8SIA5","Ex_L5_6"
"KCTD17",3.5825608586139,-1.19690865546387,0.338141941426089,-3.53966340411958,0.000400637660751713,0.00586578197296315,"KCTD17","Ex_L5_6"
"LPCAT3",3.89390965374601,1.14109744337729,0.322446581375166,3.53887282200591,0.000401839399044957,0.005870021858887,"LPCAT3","Ex_L5_6"
"MLLT6",5.51544111791503,1.24460929351999,0.351729060795229,3.53854552338107,0.000402337900073804,0.005870021858887,"MLLT6","Ex_L5_6"
"RNF111",8.2064466178309,0.865520112547463,0.244808260859179,3.5355020680668,0.000407001059418921,0.00592940027380859,"RNF111","Ex_L5_6"
"ADCYAP1R1",1.9800604255287,-1.68351454330226,0.476289324690501,-3.53464681241015,0.000408320534229421,0.00593133055100121,"ADCYAP1R1","Ex_L5_6"
"MAP2K2",3.28154500739773,-1.38351630595709,0.391387940193986,-3.53489763959351,0.000407933148543545,0.00593133055100121,"MAP2K2","Ex_L5_6"
"SLC25A44",1.60961013675615,1.76921580821952,0.500641715456898,3.53389610493182,0.000409482005585454,0.00593956917825983,"SLC25A44","Ex_L5_6"
"SEMA5A",4.48414203429447,-2.126576599787,0.601914616969979,-3.53302036506793,0.000410840822700497,0.00595064229285328,"SEMA5A","Ex_L5_6"
"LINC01551",3.93402452520603,-0.963976742399951,0.272915085536288,-3.53214898511639,0.000412197054167617,0.00595303086611439,"LINC01551","Ex_L5_6"
"CDK5RAP1",4.26396982478399,0.897113768889798,0.25397852202897,3.53224265470554,0.000412051064790952,0.00595303086611439,"CDK5RAP1","Ex_L5_6"
"DGCR8",3.08272778724377,1.29700915866013,0.367389773120564,3.53033550075032,0.000415033011795435,0.005985338989731,"DGCR8","Ex_L5_6"
"SLC16A1-AS1",7.36514849441509,-1.12081640655094,0.31773314056517,-3.52754013810861,0.000419440162727254,0.00604018009552763,"SLC16A1-AS1","Ex_L5_6"
"DAB1",76.9806173419431,-1.37039985744873,0.38906843858819,-3.52225912341153,0.000427885688069658,0.00615293462815563,"DAB1","Ex_L5_6"
"HTR2C",8.92865469058645,-2.59185523015001,0.736110189537425,-3.52101528682648,0.000429897832395723,0.00617298697839491,"HTR2C","Ex_L5_6"
"ENSG00000285966",1.21108060194444,2.68514698827237,0.762713740317047,3.52051739248358,0.000430705745191346,0.0061757148026432,"ENSG00000285966","Ex_L5_6"
"NTRK3",30.2289078686521,0.406870978653318,0.11561231939919,3.51927009827092,0.000432735906496392,0.00619593502797269,"NTRK3","Ex_L5_6"
"MBNL2",26.8845472752115,0.425776510736146,0.121047986363811,3.51741919486765,0.000435765004451297,0.00622518769677178,"MBNL2","Ex_L5_6"
"AQR",7.16201111304513,0.886115210783973,0.251933308743674,3.51726103706889,0.0004360247536262,0.00622518769677178,"AQR","Ex_L5_6"
"NDFIP1",24.1457163003231,0.452315604183215,0.128619429620103,3.51669732573996,0.000436951736497636,0.00622709415127517,"NDFIP1","Ex_L5_6"
"ANK3",87.3996948323267,-0.409135210639786,0.116349846738193,-3.51642242864668,0.000437404452090771,0.00622709415127517,"ANK3","Ex_L5_6"
"NIT1",0.713085730337081,-2.10391284442147,0.598884523655765,-3.51305261919039,0.000442989737694029,0.00628139579499175,"NIT1","Ex_L5_6"
"TNPO1",13.2382878705754,0.530406761468133,0.150984681730586,3.51298393577821,0.000443104266106582,0.00628139579499175,"TNPO1","Ex_L5_6"
"NAGPA",4.35192479320943,-0.912215382598692,0.259615472956912,-3.51371731510814,0.000441882795358035,0.00628139579499175,"NAGPA","Ex_L5_6"
"TCF7",1.64264043441666,2.56221246580958,0.729731931696313,3.51116945075096,0.000446139916889328,0.00631547072151833,"TCF7","Ex_L5_6"
"HYDIN",3.70245527085953,-1.43122816036358,0.40795771498447,-3.50827575455477,0.000451021288006137,0.00637553996086752,"HYDIN","Ex_L5_6"
"TMEM116",2.25539137639624,1.31760741255188,0.375748632911337,3.50661931180677,0.000453837924666702,0.00640629409480087,"TMEM116","Ex_L5_6"
"GATAD2B",11.0360579603246,0.603575579347539,0.172203484838457,3.50501373368692,0.000456583729644949,0.00643596303818283,"GATAD2B","Ex_L5_6"
"SPHKAP",11.3430795536219,-2.45247066785856,0.700013356578319,-3.50346267654991,0.000459251009254693,0.00646444307956536,"SPHKAP","Ex_L5_6"
"DNM1",33.8642399673967,0.507342510359672,0.144846521955576,3.50262128154705,0.000460703992216641,0.00647577454038412,"DNM1","Ex_L5_6"
"PCYOX1",2.18648519295868,-1.67844134968146,0.479351307303678,-3.50148486946367,0.000462673242029597,0.00649432075961207,"PCYOX1","Ex_L5_6"
"CDK8",7.07527451547186,-0.79624822163944,0.227510383558852,-3.49983244361886,0.000465550690947394,0.00652554502851088,"CDK8","Ex_L5_6"
"PPAT",2.1674289495346,1.25577584551228,0.35903157454398,3.49767523123082,0.000469332277806999,0.00655515348249466,"PPAT","Ex_L5_6"
"NEFL",6.44284888256673,-1.24905587523918,0.35710684882479,-3.49770910121081,0.000469272683040605,0.00655515348249466,"NEFL","Ex_L5_6"
"RC3H2",3.9191993958215,0.893362517618317,0.255428470300397,3.49750564832369,0.000469630767807302,0.00655515348249466,"RC3H2","Ex_L5_6"
"PLCL2",16.317831981377,-0.709296086701424,0.203087669880042,-3.49256105562875,0.000478412211995883,0.00666512612262442,"PLCL2","Ex_L5_6"
"LINC01331",2.08168126960277,-1.92527773804942,0.551288964682878,-3.49232047326924,0.000478843361621406,0.00666512612262442,"LINC01331","Ex_L5_6"
"CHD5",25.276470879089,0.782755535991992,0.224240105431553,3.4907026755342,0.000481752056284599,0.0066962865792883,"CHD5","Ex_L5_6"
"RBIS",3.8036722310412,1.01408911211147,0.290807137977468,3.48715344184587,0.000488191177084036,0.00676696619109272,"RBIS","Ex_L5_6"
"ADCY8",9.53657919971142,-2.01010517671469,0.576411865545679,-3.48727237738551,0.000487974107349971,0.00676696619109272,"ADCY8","Ex_L5_6"
"FN1",1.82371062376501,2.35615590386971,0.675825701962147,3.48633663536175,0.000489684368442324,0.00677826257370164,"FN1","Ex_L5_6"
"SRP14",6.10291921263846,-1.06217368836257,0.305058226864109,-3.48187196680889,0.000497921702597296,0.00688275172303925,"SRP14","Ex_L5_6"
"SGCD",28.9183736820301,-0.753973833466045,0.216677015248488,-3.47971303094321,0.000501951126125232,0.0069288667879773,"SGCD","Ex_L5_6"
"ZNF713",1.98120196242809,1.25476614503811,0.360784075281889,3.47788672229429,0.00050538345147641,0.0069570278430513,"ZNF713","Ex_L5_6"
"ENSG00000235450",5.07388211045804,-1.34649158383257,0.387122457009653,-3.4782058220895,0.000504782168943242,0.0069570278430513,"ENSG00000235450","Ex_L5_6"
"ILDR2",3.80499395572199,-1.47246795623767,0.423460679425995,-3.47722475256406,0.000506632936801508,0.00696463489737864,"ILDR2","Ex_L5_6"
"RTN4IP1",1.23113531900106,-1.74220147747484,0.501628489482506,-3.47309117006521,0.000514500550868188,0.00705992866511575,"RTN4IP1","Ex_L5_6"
"SLC31A1",1.07677315747865,1.67696694877638,0.482880242635249,3.47284233379393,0.000514977786358753,0.00705992866511575,"SLC31A1","Ex_L5_6"
"CPSF4",2.87680491111459,1.53000370654383,0.440966947063387,3.46965621059099,0.000521124931233469,0.00713441446951683,"CPSF4","Ex_L5_6"
"GPX4",5.83653504855428,0.879690096007148,0.253616346858247,3.46858594449683,0.000523205146186878,0.00715309470723894,"GPX4","Ex_L5_6"
"ELL2",9.33933978623604,0.866012690668677,0.249765120474391,3.4673083616472,0.000525698442964764,0.007177363714467,"ELL2","Ex_L5_6"
"RNF214",1.65995904233201,1.38205310736341,0.398650313861467,3.466830601427,0.000526633668403795,0.0071803231678411,"RNF214","Ex_L5_6"
"USP11",11.1525518013814,0.986401388986924,0.284621625381096,3.46565861840672,0.000528934420141652,0.00720186729549818,"USP11","Ex_L5_6"
"CBX6",7.74224477251505,1.09696116932467,0.316566416552726,3.46518490896826,0.00052986702739681,0.00720474975755608,"CBX6","Ex_L5_6"
"HSD17B4",8.77531602794118,-0.782607480121342,0.225877495523589,-3.46474303828826,0.000530738333720268,0.00720679199347874,"HSD17B4","Ex_L5_6"
"USP3",1.15648120019109,-1.74143847161885,0.502761457419438,-3.46374696373357,0.000532707350846408,0.0072237140629023,"USP3","Ex_L5_6"
"CLNS1A",5.26732160517439,1.06939813671523,0.30891077517449,3.46183501080909,0.000536505941369287,0.00726536636591417,"CLNS1A","Ex_L5_6"
"BEX1",13.961257847978,-0.773869177106608,0.223595419624333,-3.46102428398041,0.000538124267740193,0.0072774207466786,"BEX1","Ex_L5_6"
"SERTM1",1.37020100693803,-1.88925625082106,0.545935816391625,-3.46058308338907,0.000539006876987874,0.00727950639002271,"SERTM1","Ex_L5_6"
"B3GALNT1",2.90276814700224,1.06271272601049,0.307344328151618,3.4577268186522,0.0005447534627702,0.00734718772864424,"B3GALNT1","Ex_L5_6"
"ATP8B1",4.88938175475369,1.58717188061453,0.45912889763067,3.45692002573811,0.000546386976479954,0.00735928765894967,"ATP8B1","Ex_L5_6"
"RBPJ",14.4623136375823,0.792816282280207,0.229513473856323,3.45433437505511,0.00055165294188389,0.00741024126503709,"RBPJ","Ex_L5_6"
"KIF16B",6.8438854037408,1.25742012357459,0.364011717897018,3.45433968675241,0.000551642075725856,0.00741024126503709,"KIF16B","Ex_L5_6"
"CDH12",62.4928661087712,-0.927140340918325,0.268429995300009,-3.45393717971836,0.000552466050911339,0.00741120229907103,"CDH12","Ex_L5_6"
"KIAA1549L",28.9503309782418,0.463636108986625,0.134252652235018,3.45345958733835,0.000553445221010398,0.00741438544072107,"KIAA1549L","Ex_L5_6"
"KHSRP",3.98043983506755,1.90108567205412,0.550745352213186,3.45184151698157,0.000556774652286679,0.00744900384866542,"KHSRP","Ex_L5_6"
"ZNF236",3.86598502345019,-1.1360079299712,0.329251120742944,-3.45027809596468,0.000560009346902056,0.00748226392104164,"ZNF236","Ex_L5_6"
"SYT17",5.9631922117688,1.58063049731594,0.45862697823484,3.44644029315384,0.000568024068585692,0.00757921567616209,"SYT17","Ex_L5_6"
"KPNA1",9.42750630283581,0.623852151840136,0.181179929046277,3.4432740708315,0.000574716566228768,0.00763442304462218,"KPNA1","Ex_L5_6"
"MEIKIN",1.41374503680054,-1.64740041583028,0.478455702988518,-3.44316183408481,0.000574955144979608,0.00763442304462218,"MEIKIN","Ex_L5_6"
"ENSG00000291003",4.76644234774056,-1.00715614441014,0.292519561501328,-3.44303860993434,0.000575217185571393,0.00763442304462218,"HERC2P2","Ex_L5_6"
"MIR924HG",1.26290102617205,-1.96278794983846,0.570037887223927,-3.44325876196967,0.000574749102450531,0.00763442304462218,"MIR924HG","Ex_L5_6"
"FARS2",14.4388591582199,-0.853399188421977,0.2479120497569,-3.44234654692587,0.00057669094972011,0.0076438320311708,"FARS2","Ex_L5_6"
"GULP1",11.416174171045,-1.3251253182,0.385326951610858,-3.43896348973338,0.00058394598255903,0.00772974324462907,"GULP1","Ex_L5_6"
"RBM14",5.38817399355809,1.42617553230517,0.414799939942679,3.43822502120482,0.000585540900284523,0.00774060285376128,"RBM14","Ex_L5_6"
"ATG4B",7.27482795273492,0.932406360260593,0.271248061673451,3.43746736661696,0.000587181469513695,0.00774180950701829,"ATG4B","Ex_L5_6"
"CFAP43",1.09671891943177,-1.98363025703245,0.57702001715678,-3.4377148072031,0.000586645210000268,0.00774180950701829,"CFAP43","Ex_L5_6"
"SKAP2",4.60946345788005,-1.52528181881561,0.444428811037301,-3.43200481367441,0.000599136923786275,0.00787865054778952,"SKAP2","Ex_L5_6"
"ELAVL1",3.4740177383414,1.2921608430001,0.376485004691303,3.43217080866104,0.000598770310288405,0.00787865054778952,"ELAVL1","Ex_L5_6"
"WDFY3",21.3547186567588,0.633167969527032,0.184533263800223,3.43118609885155,0.000600948180791335,0.00788244428746151,"WDFY3","Ex_L5_6"
"CHST11",3.68442631650142,1.3030185122308,0.379760189796625,3.43116142039167,0.000601002856418418,0.00788244428746151,"CHST11","Ex_L5_6"
"NFASC",14.562943841542,0.649066579246126,0.18934769115367,3.42790860185012,0.000608250202460055,0.00795661325050496,"NFASC","Ex_L5_6"
"ENSG00000286458",3.21848361542489,1.87280234679339,0.54630708657071,3.42811285599347,0.00060779273754862,0.00795661325050496,"ENSG00000286458","Ex_L5_6"
"MTM1",5.03183910672371,-1.16793634061765,0.340981306473581,-3.42522102661994,0.00061429944661802,0.00802524009085031,"MTM1","Ex_L5_6"
"IFT46",1.55345474439851,-1.5355152680393,0.448380666517391,-3.4245795653184,0.00061575151160159,0.00803370836415964,"IFT46","Ex_L5_6"
"NCK1",2.13441638544422,1.26143680993555,0.368541488824951,3.42278101159651,0.000619839916390176,0.00807650602920915,"NCK1","Ex_L5_6"
"RABL6",7.58923842163038,0.787083143768075,0.230037195589292,3.42154729260972,0.000622658949726827,0.00810267388485666,"RABL6","Ex_L5_6"
"PURG",4.58064255605373,-1.20438446365716,0.352047224016463,-3.42108780156393,0.000623711926649664,0.00810582183996976,"PURG","Ex_L5_6"
"TARDBP",7.85752151450871,1.0665928074594,0.311871755775458,3.41997243324378,0.000626274817913866,0.00812855913017036,"TARDBP","Ex_L5_6"
"NOL11",2.00139106908141,1.26712975379648,0.370589897021686,3.41922368629042,0.000628000779838306,0.00814038883748902,"NOL11","Ex_L5_6"
"ENSG00000233912",3.74996469201176,1.84930616096115,0.541531333885143,3.41495689214058,0.000637921065956933,0.00823519816624537,"ENSG00000233912","Ex_L5_6"
"AK9",3.42091981135191,-1.84423352641555,0.540136814162662,-3.41438220476518,0.000639268296356785,0.00823519816624537,"AK9","Ex_L5_6"
"MCPH1-AS1",1.70944516670322,-1.53687746765429,0.45012812174126,-3.41431115591953,0.000639435038723875,0.00823519816624537,"MCPH1-AS1","Ex_L5_6"
"RPLP1",13.8705656366499,0.961209584528818,0.281482962941555,3.41480555158288,0.000638275594799221,0.00823519816624537,"RPLP1","Ex_L5_6"
"CLUH",4.64144252756428,1.43457584341601,0.420114146108585,3.4147287271903,0.000638455632958105,0.00823519816624537,"CLUH","Ex_L5_6"
"ORMDL1",2.95473103380276,-1.14792164453967,0.336328819903117,-3.41309330812132,0.000642299465698491,0.00826144254850801,"ORMDL1","Ex_L5_6"
"TMEM165",6.41797106851189,0.855640018341759,0.25087650230907,3.41060246960731,0.000648195223497112,0.00832073983299603,"TMEM165","Ex_L5_6"
"DTWD1",5.62198263123596,-0.944440607023217,0.27692609194109,-3.41044283838781,0.000648574777857105,0.00832073983299603,"DTWD1","Ex_L5_6"
"ENSG00000229588",3.4104882828199,-1.84888200519703,0.542357227396732,-3.40897458686317,0.000652075538887652,0.0083278309063253,"LOC112268276","Ex_L5_6"
"ENSG00000286225",0.807963301844334,-2.0860268445779,0.611806258264245,-3.40961998410439,0.000650534555391564,0.0083278309063253,"ENSG00000286225","Ex_L5_6"
"TAF4B",5.36609574880848,0.794015281053811,0.232930101956286,3.40881352124606,0.000652460636347079,0.0083278309063253,"TAF4B","Ex_L5_6"
"PLCB1",119.170961448911,-0.395035925994555,0.115867131930845,-3.40938728189399,0.00065108977626671,0.0083278309063253,"PLCB1","Ex_L5_6"
"KIF26B",3.36359621714622,-1.66457209341647,0.488681680055116,-3.40625024704985,0.000658617795438933,0.00839569674440905,"KIF26B","Ex_L5_6"
"SLF2",5.98243415177073,0.856062820839642,0.25139974458647,3.40518572223607,0.000661190700016817,0.00840704816280924,"SLF2","Ex_L5_6"
"MBTD1",4.61954430748865,1.00768690756435,0.295904425701226,3.40544723241756,0.000660557778126262,0.00840704816280924,"MBTD1","Ex_L5_6"
"SMIM7",2.2194875638079,1.37154249536281,0.402882762000235,3.40432161592957,0.000663286071809913,0.00842297458915918,"SMIM7","Ex_L5_6"
"AP3S1",8.16031231228789,-0.753549608246594,0.221421124739859,-3.40324171477277,0.000665913404495279,0.00843490312360686,"AP3S1","Ex_L5_6"
"RPS21",7.61347391308199,1.04875604899299,0.308155870540965,3.40332977318234,0.000665698802024937,0.00843490312360686,"RPS21","Ex_L5_6"
"EPB41L5",6.09541443985882,-0.825357201596487,0.242551648033412,-3.40281011606565,0.000666966161326338,0.00843754407126002,"EPB41L5","Ex_L5_6"
"IL12RB2",3.59057330524027,-1.12093418774417,0.329568179169248,-3.4012209266372,0.000670855870250207,0.00847602220895141,"IL12RB2","Ex_L5_6"
"COPA",9.87756393160416,0.660704029223082,0.194635960277893,3.3945629999706,0.00068738222942037,0.00866292307796618,"COPA","Ex_L5_6"
"BABAM2",12.9119243644015,-0.707064122593452,0.208278459583167,-3.39480195891845,0.000686782594409967,0.00866292307796618,"BABAM2","Ex_L5_6"
"ENSG00000283384",1.667065617695,-2.61589795852686,0.770981257429893,-3.39294624002547,0.000691452070590255,0.00870323928649749,"ENSG00000283384","Ex_L5_6"
"RBMX2",1.52677594699342,-1.59668710629606,0.47082896410243,-3.39122532391337,0.000695808701445451,0.00874705932357967,"RBMX2","Ex_L5_6"
"PRKCZ",8.13996914678406,1.02327601312851,0.301852224085409,3.38998997350099,0.000698951800095622,0.00875149661515488,"PRKCZ","Ex_L5_6"
"CHRM3",62.5453376608047,-0.541837124471283,0.159803525174846,-3.3906456311176,0.000697281972872603,0.00875149661515488,"CHRM3","Ex_L5_6"
"MRAS",3.48155128792499,0.977820087965234,0.28848959963536,3.38944658386702,0.000700338518911583,0.00875149661515488,"MRAS","Ex_L5_6"
"NEURL1B",1.14301206252387,-2.50524907985275,0.739071244505705,-3.38972608997699,0.00069962490623493,0.00875149661515488,"NEURL1B","Ex_L5_6"
"TCEAL8",1.07429144809508,-1.78539103000597,0.526762272643711,-3.38936769530868,0.000700540053244337,0.00875149661515488,"TCEAL8","Ex_L5_6"
"NCDN",8.21750210483274,2.27685328053756,0.671834400398227,3.38900967141303,0.000701455364107222,0.0087519911471755,"NCDN","Ex_L5_6"
"CFAP54",1.61852655776697,-1.85551850715552,0.547583473028963,-3.38855827202325,0.000702610979310154,0.00875547896162803,"CFAP54","Ex_L5_6"
"FOXN3",12.3344155704056,0.948127815289055,0.280181648811987,3.38397542918768,0.000714443964728345,0.0088918468038544,"FOXN3","Ex_L5_6"
"FAM66B",1.53204270444284,-1.59375539847699,0.471104148637857,-3.38302136180534,0.000716930555608148,0.0089116964835172,"FAM66B","Ex_L5_6"
"PCSK1",0.982636314056644,-1.86246404710395,0.550636098935864,-3.38238639040061,0.00071858993891599,0.00892122714226883,"PCSK1","Ex_L5_6"
"SAMD12",44.2029697753969,-0.439899758455885,0.130098372428469,-3.38128563981653,0.000721475009406096,0.00894593206452174,"SAMD12","Ex_L5_6"
"MBOAT2",13.5617346879537,-0.924302456154988,0.273508885106457,-3.37942387427459,0.000726379207264136,0.0089955809137519,"MBOAT2","Ex_L5_6"
"BARD1",1.67933248120352,1.65765569701967,0.490687521147628,3.37823079980253,0.000729538224641563,0.00900124076181207,"BARD1","Ex_L5_6"
"IPMK",2.66373249110199,1.24111491082174,0.367318487359901,3.37885228631491,0.000727891066367679,0.00900124076181207,"IPMK","Ex_L5_6"
"SORBS1",22.6899071644813,0.612901721273968,0.181417584391093,3.37840305464931,0.000729081342091236,0.00900124076181207,"SORBS1","Ex_L5_6"
"RBL2",4.34612992426711,0.884672040739196,0.261994632924278,3.37668001387984,0.000733663465078875,0.00904097739827161,"RBL2","Ex_L5_6"
"TCF4",82.0595953547255,-0.481661593619096,0.142847430647183,-3.37186039284632,0.000746622841535121,0.00918934566293349,"TCF4","Ex_L5_6"
"FAM98A",3.07311752447498,-1.03073151065104,0.305770143106257,-3.37093576298864,0.000749133236306746,0.00920890229231195,"FAM98A","Ex_L5_6"
"AP2B1",14.3863234828379,0.503678176042994,0.149540636689116,3.36816926284796,0.00075669124831474,0.00929038370473896,"AP2B1","Ex_L5_6"
"MTERF1",9.46949582777194,-1.12055934240892,0.332784799107626,-3.36721913204491,0.000759303275437111,0.00931101464382636,"MTERF1","Ex_L5_6"
"HSPB1",4.78515066777805,2.81117382385441,0.835164401040521,3.36601251244906,0.000762632489414787,0.00934037879805317,"HSPB1","Ex_L5_6"
"ARFGAP3",3.65000665120023,1.2357254701438,0.367286890256235,3.36446930975867,0.000766910130382864,0.00938127275770666,"ARFGAP3","Ex_L5_6"
"RPS23",7.66483526454981,-0.989464712745049,0.294148672218673,-3.36382518840498,0.000768702166761149,0.00939169859976885,"RPS23","Ex_L5_6"
"SMC5",6.33460457938765,0.981507815809242,0.292173530931418,3.35933173919041,0.000781312143606636,0.00953410691477988,"SMC5","Ex_L5_6"
"GRIA4",60.7138001569452,-0.917431688895948,0.273198134209188,-3.35811842768102,0.000784749837511058,0.00956437789766526,"GRIA4","Ex_L5_6"
"VSTM2A",3.48182661438732,2.00295388558456,0.596695872472743,3.35674164676924,0.000788667693693016,0.0095881282412704,"VSTM2A","Ex_L5_6"
"MAPK6",5.9707539222919,0.827173614248192,0.246444975805358,3.35642311856863,0.00078957670027672,0.0095881282412704,"MAPK6","Ex_L5_6"
"RPL18",7.86091743061977,0.859460392685977,0.25602507637606,3.35693833139832,0.000788106885937454,0.0095881282412704,"RPL18","Ex_L5_6"
"LZTFL1",2.53978366200495,1.72550260057659,0.514475195823759,3.35390824394124,0.000796787798126622,0.00966395297873478,"LZTFL1","Ex_L5_6"
"MYL6B",3.94995308032921,-0.940475852082348,0.280703402236528,-3.3504255544786,0.000806874949464638,0.00977443423630253,"MYL6B","Ex_L5_6"
"SESTD1",9.60105040274251,0.61562172605665,0.183799114232476,3.34942705587791,0.000809788751292001,0.00979785566635866,"SESTD1","Ex_L5_6"
"DIRC3",9.13154753809791,-0.822523648887148,0.245744786681701,-3.34706448911373,0.000816722080232839,0.00986979500586094,"DIRC3","Ex_L5_6"
"TMEM179",5.11016683929558,1.02450566015479,0.306385893027997,3.3438408342814,0.000826271279843896,0.00997206540234606,"TMEM179","Ex_L5_6"
"TPM4",3.53953547325262,0.905506012319078,0.270822894102522,3.34353569080572,0.000827180530172592,0.00997206540234606,"TPM4","Ex_L5_6"
"PGBD1",2.36784822526427,1.22334727135806,0.36626865794252,3.3400271763085,0.000837701919818115,0.0100867385381473,"PGBD1","Ex_L5_6"
"ARRB2",4.7484770704297,0.934696527500159,0.279891887151135,3.33949131935876,0.000839319740673515,0.010094057145958,"ARRB2","Ex_L5_6"
"GFOD2",2.47815260442168,1.70547013368231,0.510840967456453,3.33855395774948,0.000842156726213032,0.0101160027905926,"GFOD2","Ex_L5_6"
"JAG2",2.94108800216849,-1.31270826791006,0.393272409231788,-3.33791091644156,0.000844108073176762,0.0101272702080775,"JAG2","Ex_L5_6"
"PPEF1",1.20583619886773,-2.17715902176897,0.653425330366118,-3.33191708461791,0.000862499493942083,0.0103355155185338,"PPEF1","Ex_L5_6"
"GRB14",5.40451313605997,-1.86263343778012,0.559182564630453,-3.33099341001642,0.000865366510094069,0.010357452577102,"GRB14","Ex_L5_6"
"TAF6",2.53111457153781,1.15492319243862,0.346788503413978,3.33033875422317,0.000867403860500584,0.0103694188778024,"TAF6","Ex_L5_6"
"DNAAF1",0.848424705880245,-1.82208793179372,0.547470227736933,-3.32819546978042,0.000874105120334953,0.0104370448896386,"DNAAF1","Ex_L5_6"
"ENSG00000289363",2.44900806007998,-1.33011212682669,0.399966761605364,-3.32555665747813,0.000882421637910172,0.0105237730898261,"ENSG00000289363","Ex_L5_6"
"HTT",11.4072158935748,0.620542576441544,0.186702348492486,3.32369989693256,0.000888317331042614,0.0105814581721572,"HTT","Ex_L5_6"
"RALA",4.34973470428416,0.893466665303057,0.269354489563402,3.31706617087126,0.000909680688980162,0.0108230342924616,"RALA","Ex_L5_6"
"B3GAT1-DT",1.34683505966006,-1.55002780681596,0.46757084349621,-3.31506514654719,0.000916217693781631,0.0108878473622516,"B3GAT1-DT","Ex_L5_6"
"ERI3",3.71495645218344,-1.164334803777,0.351377459189727,-3.31362975434436,0.000920933658004551,0.010930891897978,"ERI3","Ex_L5_6"
"SIK3",33.869517632462,0.832881175821055,0.251415016674808,3.3127741804633,0.000923755324772917,0.0109513768870469,"SIK3","Ex_L5_6"
"ZNF514",2.97838436476383,-1.18302238955167,0.357269896812357,-3.31128483005948,0.000928686292095109,0.0109707929115822,"ZNF514","Ex_L5_6"
"MROH1",7.28253368384029,0.926359938765428,0.279739102566187,3.31151394376926,0.000927926154526752,0.0109707929115822,"MROH1","Ex_L5_6"
"SPPL2A",4.32719210111299,1.09345318887993,0.330195335903972,3.31153432523933,0.000927858562229012,0.0109707929115822,"SPPL2A","Ex_L5_6"
"CTSV",5.50556506036072,-1.40969692566505,0.425829152555309,-3.31047538010434,0.000931376451186015,0.0109895823531913,"CTSV","Ex_L5_6"
"LINC02755",7.03355880844283,1.8689991559396,0.564846627534639,3.30886131709264,0.000936762259089022,0.0110270930710668,"LINC02755","Ex_L5_6"
"CRTC1",9.30869352055509,1.00365541690382,0.30330837085945,3.30902643425197,0.000936209973971647,0.0110270930710668,"CRTC1","Ex_L5_6"
"MMD",3.97025089371563,-1.33226058867651,0.402834638408735,-3.30721457801931,0.000942286824202385,0.011077390083834,"MMD","Ex_L5_6"
"SCPEP1",8.18704146199617,-1.23031538694619,0.372078816885319,-3.30659884710769,0.000944360251293434,0.011077390083834,"SCPEP1","Ex_L5_6"
"LINC00320",1.4090816493861,-2.38490940784437,0.721198086831247,-3.30687151199059,0.000943441552155182,0.011077390083834,"LINC00320","Ex_L5_6"
"ZCCHC10",2.19769413270934,1.34483571065075,0.406802632486115,3.30586776794433,0.000946827592842554,0.0110933117970322,"ZCCHC10","Ex_L5_6"
"CCDC88A",35.6874830856253,-0.599049559273036,0.181380957985254,-3.30271471673305,0.000957537490732289,0.0112056553657828,"CCDC88A","Ex_L5_6"
"EDC4",4.92868385343081,1.22984595380418,0.372477813773666,3.30179653210563,0.00096067729788084,0.0112292501930072,"EDC4","Ex_L5_6"
"PCSK1N",12.9048316002238,0.840019592040443,0.254463916829272,3.30113441036136,0.000962947391657787,0.011242635785313,"PCSK1N","Ex_L5_6"
"VCAN",1.13009898422435,1.8046240383715,0.546793042093044,3.30037857004117,0.000965544873143635,0.0112598080072316,"VCAN","Ex_L5_6"
"ACBD3",3.09221162488784,0.994251397728196,0.301598836083277,3.29660223706455,0.000978619895928767,0.0113989827971003,"ACBD3","Ex_L5_6"
"EOLA2-DT",5.93552536453512,-1.13588795772948,0.344766463926848,-3.29465907093126,0.000985411542721538,0.0114647298695682,"EOLA2-DT","Ex_L5_6"
"FER",20.8111348087642,-0.656587694063655,0.199326310989736,-3.29403424366523,0.000987604660326831,0.0114768848550074,"FER","Ex_L5_6"
"FTCDNL1",3.02078197140335,-1.192589680005,0.362304883146649,-3.291674320388,0.000995928724833051,0.0115601761625802,"FTCDNL1","Ex_L5_6"
"CTNNA2",169.088039135576,-0.5691768066072,0.172952703321537,-3.29093905834499,0.000998535427206057,0.0115769873080016,"CTNNA2","Ex_L5_6"
"GADD45G",0.589946868976374,2.56585981708105,0.779804909047311,3.29038684844362,0.00100049731204939,0.0115862921629451,"GADD45G","Ex_L5_6"
"UNC13B",7.00074066600959,-0.742905336844359,0.225960805965415,-3.28776193583797,0.001009871961403,0.0116813198868768,"UNC13B","Ex_L5_6"
"AXIN1",3.8203854393365,1.55962138092389,0.47448715154359,3.28696230414283,0.00101274389432552,0.0116874855425973,"AXIN1","Ex_L5_6"
"SCAMP4",2.33774604935229,1.94446736517881,0.591569358223612,3.28696430629492,0.00101273669402552,0.0116874855425973,"SCAMP4","Ex_L5_6"
"SIRT5",2.0838006029602,-1.51619340327293,0.461362123621764,-3.28634130467967,0.00101497947047665,0.0116997748880549,"SIRT5","Ex_L5_6"
"CELF1",22.0800539510807,0.623511955389845,0.189791533657295,3.2852464141826,0.00101893216746554,0.0117318065456804,"CELF1","Ex_L5_6"
"ATP6V1B2",9.07306267097139,-0.738740165797042,0.224937634365687,-3.28419994226512,0.00102272337895443,0.0117619073064104,"ATP6V1B2","Ex_L5_6"
"ZXDC",4.72711518109115,-0.902775436097991,0.274969550013145,-3.2831833054054,0.00102641900137867,0.0117773036736836,"ZXDC","Ex_L5_6"
"MAPK8IP2",6.47145413617126,1.23725198379516,0.376821454492737,3.28339049978113,0.00102566481851201,0.0117773036736836,"MAPK8IP2","Ex_L5_6"
"SENP6",13.7661516855443,0.502962611841697,0.153225534015499,3.28249867147351,0.00102891470487026,0.0117924008721025,"SENP6","Ex_L5_6"
"NPIPB13",4.75653800323339,1.0347032961294,0.315527652161955,3.27927929308176,0.00104072580975537,0.0119141050889978,"NPIPB13","Ex_L5_6"
"LMO4",19.8044716590321,-0.543332937862708,0.165762243641536,-3.27778465063296,0.00104625181901463,0.0119636621043846,"LMO4","Ex_L5_6"
"FRG1-DT",1.18983624794266,-1.90024873884156,0.579872342921015,-3.27701219421736,0.00104911838349374,0.0119827304281559,"FRG1-DT","Ex_L5_6"
"TFAP2E",2.58467322947909,1.16200023277954,0.354806178933638,3.27502817530379,0.00105651435853547,0.0120338274250963,"TFAP2E","Ex_L5_6"
"CA10",18.76726997874,-1.1170921229277,0.34111310789282,-3.27484373095007,0.00105720437054578,0.0120338274250963,"CA10","Ex_L5_6"
"CFAP298",3.53492490572064,-1.07631649987408,0.328643503921622,-3.2750274599396,0.00105651703392987,0.0120338274250963,"CFAP298","Ex_L5_6"
"TRIM26",2.47450813207879,1.14078576138751,0.348421172628636,3.27415740203428,0.00105977561200439,0.012035678939059,"TRIM26","Ex_L5_6"
"MICALL2",5.21620027053759,1.31686083508349,0.402181920463317,3.27429147875781,0.00105927285684531,0.012035678939059,"MICALL2","Ex_L5_6"
"MRPL33",5.11160054051801,0.865688005834219,0.264528548356525,3.2725692981442,0.00106574743308212,0.0120897614599577,"MRPL33","Ex_L5_6"
"CFAP44",2.95938224215075,-1.8036631276779,0.551922035955561,-3.26796723119626,0.00108322906559546,0.0122741397750125,"CFAP44","Ex_L5_6"
"USP48",7.7562877962004,0.642343419174351,0.196598605490039,3.26728370007129,0.0010858480665675,0.012289881740969,"USP48","Ex_L5_6"
"ENSG00000290928",27.4293020219518,0.442482673073699,0.135487796696778,3.26584890935955,0.00109136463517201,0.0123383463392636,"ENSG00000290928","Ex_L5_6"
"URB1",2.34315927944644,-1.31077568410678,0.401536075277924,-3.26440328729996,0.00109694905344669,0.0123874676159844,"URB1","Ex_L5_6"
"PTH2R",2.80703455277163,1.16625798420243,0.357340025973599,3.26372054466855,0.00109959565585404,0.0124033397117441,"PTH2R","Ex_L5_6"
"DST",49.377342606058,0.33765993914535,0.10350877434717,3.26213831894903,0.00110575175445636,0.0124254854586228,"DST","Ex_L5_6"
"VXN",3.33377139158537,-1.38931067247278,0.425915676835162,-3.26193833201043,0.00110653212509249,0.0124254854586228,"VXN","Ex_L5_6"
"ANKRD12",19.8600278912871,0.610631784284094,0.187179855735866,3.26227297207544,0.00110522661012871,0.0124254854586228,"ANKRD12","Ex_L5_6"
"DNAJB1",4.80384068838789,1.54789682447507,0.474480030463304,3.26230130900058,0.00110511612610128,0.0124254854586228,"DNAJB1","Ex_L5_6"
"TARBP1",18.9466694945527,-0.850261430602363,0.261195016654286,-3.25527432143836,0.00113282888197511,0.0127065003888431,"TARBP1","Ex_L5_6"
"ARL6",3.70843730734554,-1.03717770836544,0.318659047250352,-3.25481958637312,0.00113464419581829,0.0127125942746726,"ARL6","Ex_L5_6"
"ITCH",7.79694973922679,0.632068781141937,0.194292818228707,3.25317624657599,0.00114122689201523,0.0127720286212768,"ITCH","Ex_L5_6"
"ARHGEF28",6.69059104324248,-0.958154370653019,0.294612299436909,-3.25225515867577,0.00114493189749081,0.0127848596463946,"ARHGEF28","Ex_L5_6"
"ATP2C2",0.724008304081242,2.59541347153879,0.798031349839972,3.25227006690808,0.00114487184185239,0.0127848596463946,"ATP2C2","Ex_L5_6"
"GNAI2",2.85260272737516,1.35695207636904,0.417286132805693,3.25185039638232,0.00114656353651162,0.0127887901605995,"GNAI2","Ex_L5_6"
"APLF",2.05627898105392,-1.7908823397287,0.550802038298268,-3.25140833767015,0.00114834797654864,0.012794414356329,"APLF","Ex_L5_6"
"MSRA",48.8738158906249,-0.343738054605162,0.105815183762472,-3.24847571381406,0.00116025112932064,0.0129126389603903,"MSRA","Ex_L5_6"
"CPSF6",7.7705324257434,0.96623453707761,0.297523409104293,3.2475916432475,0.00116386176720423,0.0129364637472387,"CPSF6","Ex_L5_6"
"GPS2",6.47915182476467,1.38883008168029,0.427685248312046,3.2473181788748,0.00116498072568689,0.0129364637472387,"GPS2","Ex_L5_6"
"RPS4Y1",1.94062095764574,-1.43666981150956,0.442536315484608,-3.24644500629584,0.00116856022213516,0.0129618100555148,"RPS4Y1","Ex_L5_6"
"BCL2L2",0.751064813079743,-2.14451083322875,0.661254118045383,-3.24309637506343,0.00118238208543705,0.0131005837714611,"BCL2L2","Ex_L5_6"
"TDP1",1.59503462178341,1.30948708709862,0.404136673866567,3.24020850315349,0.00119442325807047,0.0132193422382683,"TDP1","Ex_L5_6"
"NOPCHAP1",1.56630086650696,-1.51148868926946,0.466690442371544,-3.23873932705509,0.0012005924688876,0.0132729216084764,"NOPCHAP1","Ex_L5_6"
"UQCRH",10.7255015940617,-0.778164271715211,0.240389110584706,-3.23710283640742,0.00120749889721118,0.0132998568368391,"UQCRH","Ex_L5_6"
"HPS3",1.05137843212569,-1.64183686409087,0.507179941619374,-3.2371880852556,0.00120713822008644,0.0132998568368391,"HPS3","Ex_L5_6"
"ENSG00000287555",2.90332368230592,1.17171224359127,0.361985781689741,3.23690128966322,0.00120835201199218,0.0132998568368391,"ENSG00000287555","Ex_L5_6"
"SGK1",7.23996302954302,1.09777618708795,0.339136465090433,3.23697478770154,0.00120804084220219,0.0132998568368391,"SGK1","Ex_L5_6"
"SHISA7",3.7401490678123,-1.27075262074813,0.392696951072799,-3.23596253364482,0.00121233295548621,0.0133289940122434,"SHISA7","Ex_L5_6"
"SLC35B3",1.48241247188976,-1.57525038537045,0.487008420807704,-3.23454445152693,0.00121836953458072,0.0133806429984613,"SLC35B3","Ex_L5_6"
"METAP2",4.46893069086962,1.11131237597126,0.343619713717057,3.23413451443106,0.00122011974582425,0.0133851555870116,"METAP2","Ex_L5_6"
"EIF1AX",5.09729008646784,-0.801150961094958,0.247869288086949,-3.23215097472635,0.00122862124439935,0.0134636411365429,"EIF1AX","Ex_L5_6"
"CYP7B1",2.25531869551948,-1.58559709160165,0.4914977976133,-3.22605126472848,0.00125510873976956,0.0137244213055217,"CYP7B1","Ex_L5_6"
"RNASEH2B",5.57346380433105,0.874880925834923,0.271193588057304,3.22603838867332,0.00125516520644855,0.0137244213055217,"RNASEH2B","Ex_L5_6"
"LEPR",1.0501957227852,-1.65478668082688,0.513130442317042,-3.22488502797589,0.00126023268242098,0.0137647709596889,"LEPR","Ex_L5_6"
"SH3GL1",3.05440195240538,1.09750684084729,0.340438103982962,3.22380728833519,0.00126498497062835,0.0138015936642573,"SH3GL1","Ex_L5_6"
"FAM120AOS",5.25780193364944,0.754033141936911,0.233930219621663,3.22332507170905,0.0012671166555814,0.0138097751972525,"FAM120AOS","Ex_L5_6"
"CROCCP3",3.20474327028059,-1.24282301269416,0.385742514170765,-3.22189794237712,0.00127344486438415,0.0138485396895051,"CROCCP3","Ex_L5_6"
"EEF1A2",5.36528514952122,1.3272062513316,0.411912607517369,3.22205785186032,0.00127273434155597,0.0138485396895051,"EEF1A2","Ex_L5_6"
"RUFY2",12.6747411944419,0.52755058177358,0.163781711093166,3.2210591662062,0.00127717778440373,0.0138740378014466,"RUFY2","Ex_L5_6"
"TWSG1",1.90686270019937,1.20336191677893,0.373688135403713,3.22023046163584,0.00128087579918394,0.013899101777464,"TWSG1","Ex_L5_6"
"SENP2",5.3535983664454,0.795837669455026,0.247184761584732,3.21960651762193,0.00128366660925691,0.0139142777580407,"SENP2","Ex_L5_6"
"COX7A2L",8.66532052000131,-0.942959471931786,0.292999365130104,-3.21829868645986,0.00128953456800424,0.0139476282171368,"COX7A2L","Ex_L5_6"
"RNF150",19.0562860296359,-0.772148452295917,0.239909133923894,-3.21850377126894,0.00128861276245138,0.0139476282171368,"RNF150","Ex_L5_6"
"PLPPR5",9.29940167007502,-0.780059342790117,0.242447624191264,-3.21743446813378,0.00129342570621084,0.0139745908193202,"PLPPR5","Ex_L5_6"
"PSMC3",4.00348536414485,1.13630592640975,0.353730451308907,3.21234974881321,0.00131653993005902,0.0142089633488227,"PSMC3","Ex_L5_6"
"MPZL1",2.52153233593885,-1.3821645896425,0.430453848880441,-3.21094722056114,0.00132298231109249,0.0142477211390715,"MPZL1","Ex_L5_6"
"CBX3",3.99018920688706,0.958462853275601,0.298471107245768,3.21124165792832,0.00132162743333085,0.0142477211390715,"CBX3","Ex_L5_6"
"PDS5A",13.2433747391484,0.780453435356543,0.243118515293616,3.21017687366997,0.00132653319112674,0.0142705841895809,"PDS5A","Ex_L5_6"
"ENSG00000225689",42.8127230926413,-0.907499789040129,0.282812237275343,-3.20884201399177,0.00133270699622984,0.0143215846455064,"ENSG00000225689","Ex_L5_6"
"WDR55",1.58103955438167,1.49527526289902,0.466479261325909,3.2054485308712,0.00134852161649976,0.0144759667403852,"WDR55","Ex_L5_6"
"TATDN2",0.613445584327853,-2.22220312785255,0.694332606813992,-3.20048793048814,0.00137195115264178,0.0147116736260751,"TATDN2","Ex_L5_6"
"IST1",7.43910109591278,0.682247863099125,0.213207263623174,3.19992786129905,0.00137461988558775,0.0147244921077857,"IST1","Ex_L5_6"
"SFPQ",15.0321194420254,0.578464780709905,0.180839220076278,3.19877944876066,0.00138010705820139,0.0147358866876759,"SFPQ","Ex_L5_6"
"HDLBP",3.51712570995627,-1.08110607704267,0.337946306641229,-3.19904687755737,0.00137882746871526,0.0147358866876759,"HDLBP","Ex_L5_6"
"ZNF316",4.58026705985521,1.22586336717057,0.383171348298554,3.19925634475002,0.00137782597732678,0.0147358866876759,"ZNF316","Ex_L5_6"
"TAF2",4.64546716000398,0.98884453330614,0.30931018584143,3.19693491701911,0.00138896261722298,0.0148146130165704,"TAF2","Ex_L5_6"
"AKAP8L",9.56586234658296,0.623486117377392,0.195151913980866,3.19487574914855,0.0013989105230565,0.0149048099865956,"AKAP8L","Ex_L5_6"
"HS3ST2",8.6686391301387,1.35256437042239,0.423895606058486,3.1907959202478,0.00141881460872563,0.0151007808302492,"HS3ST2","Ex_L5_6"
"OXNAD1",4.23584319512551,0.986930786279424,0.30940316462556,3.18978891981861,0.0014237674306081,0.015137374150529,"OXNAD1","Ex_L5_6"
"SOGA3",4.31915587679349,0.992635182276651,0.311282525090378,3.18885611066169,0.00142836956667884,0.0151701651959494,"SOGA3","Ex_L5_6"
"MAK",2.54688057235336,-1.25024670032691,0.392299845785831,-3.18696709610603,0.00143773129934402,0.0152463408413886,"MAK","Ex_L5_6"
"KRIT1",7.28513086795255,0.682150089063351,0.214055297504441,3.18679377252599,0.00143859309720126,0.0152463408413886,"KRIT1","Ex_L5_6"
"RFNG",4.46182941931887,-0.878351462835674,0.275722076428451,-3.18564067924246,0.00144433862898235,0.0152910172225102,"RFNG","Ex_L5_6"
"OSBPL10",6.91981777684779,-0.723025730468801,0.227061084577955,-3.18427850290907,0.00145115320943396,0.0153248373798119,"OSBPL10","Ex_L5_6"
"FAM200B",3.12819231351739,-1.11170802780672,0.349145423254564,-3.18408306041624,0.00145213337989612,0.0153248373798119,"FAM200B","Ex_L5_6"
"DDHD2",5.76874618682603,0.928308686528867,0.291515964321397,3.18441800842648,0.00145045394345814,0.0153248373798119,"DDHD2","Ex_L5_6"
"UGGT2",17.3754959850479,-0.549521271395726,0.172614625566711,-3.18351512562504,0.00145498511336962,0.0153387354673165,"UGGT2","Ex_L5_6"
"RBBP4",5.48661893961303,0.834145038863764,0.262066426490688,3.18295269651186,0.00145781428739878,0.015352366689424,"RBBP4","Ex_L5_6"
"DIS3",2.48560878576591,1.3637046356129,0.42898935370823,3.17887757312599,0.00147846522480043,0.0155534541649005,"DIS3","Ex_L5_6"
"SMG1",10.0997569369856,0.851414836677027,0.267917077772385,3.17790431187207,0.00148343700052318,0.015589347406129,"SMG1","Ex_L5_6"
"ASH2L",3.51545885662339,1.11578429806714,0.351291515535131,3.17623469034666,0.00149200193639411,0.0156545609776709,"ASH2L","Ex_L5_6"
"RSL1D1",2.3786064608961,1.12644979851059,0.354666208358883,3.17608436316195,0.00149277532636786,0.0156545609776709,"RSL1D1","Ex_L5_6"
"SFXN1",6.25297588094419,0.864931487541113,0.272377620507743,3.17548661277231,0.00149585423535111,0.0156704058994748,"SFXN1","Ex_L5_6"
"RMND1",2.38173365283531,1.15704957941445,0.36482559145027,3.17151429759874,0.00151646402961785,0.0158696769759171,"RMND1","Ex_L5_6"
"MAP3K2",11.2748656610495,0.615086765186908,0.194077209825593,3.16928899451746,0.00152812369657803,0.0159582740058525,"MAP3K2","Ex_L5_6"
"TRIM36",2.74711745493579,-1.68077791171119,0.530312123018576,-3.16941257564333,0.00152747402331602,0.0159582740058525,"TRIM36","Ex_L5_6"
"KCNA2",3.37611306563829,1.34215029453446,0.423590294579794,3.1685104963651,0.00153222216232368,0.0159843719105041,"KCNA2","Ex_L5_6"
"LMAN2",2.52473069749839,1.09961654448959,0.347225797545667,3.16686303915816,0.00154092873509333,0.0160584377252584,"LMAN2","Ex_L5_6"
"KIFC3",3.69805158552863,0.977084929249025,0.308596711543888,3.16621951141584,0.00154434204380246,0.0160772441518352,"KIFC3","Ex_L5_6"
"GGPS1",1.73654518082923,-1.7743701615134,0.560909094500272,-3.16338276364414,0.0015594714771444,0.0162178542586693,"GGPS1","Ex_L5_6"
"SIKE1",1.4851527921946,-1.4079771635739,0.445138133275501,-3.16301178965157,0.00156146007968825,0.0162216549234973,"SIKE1","Ex_L5_6"
"ECSIT",3.2788461630763,1.17763067596259,0.372424395846754,3.16206641964229,0.00156653828839904,0.0162575115828246,"ECSIT","Ex_L5_6"
"TNK2",8.9550009254029,-0.702768539348689,0.222426657010233,-3.15955177672952,0.00158012021561835,0.0163482904093666,"TNK2","Ex_L5_6"
"MIOS",2.72982471848662,1.22941405224699,0.389092292136648,3.15969778145908,0.00157932866915747,0.0163482904093666,"MIOS","Ex_L5_6"
"SLC2A13",40.8457288660305,-0.58442542040994,0.18504230749771,-3.15833404972629,0.00158673621143543,0.0163482904093666,"SLC2A13","Ex_L5_6"
"ENSG00000258162",3.37904647281157,1.41520132794266,0.448000604268712,3.15892727478069,0.00158350999911123,0.0163482904093666,"PPFIA2-AS2","Ex_L5_6"
"RFFL",3.33722030342325,1.36058829712841,0.430699684974056,3.15901855653869,0.00158301410622245,0.0163482904093666,"RFFL","Ex_L5_6"
"PNKP",2.3898195070783,-1.45054303461521,0.459170280355789,-3.15905252729174,0.00158282959485032,0.0163482904093666,"PNKP","Ex_L5_6"
"ADNP",6.37848647714628,-0.726719333625125,0.230090586901219,-3.1584053194541,0.00158634829650728,0.0163482904093666,"ADNP","Ex_L5_6"
"UBR7",1.89247509249899,1.28652061786585,0.407514713481867,3.15699182214459,0.00159405816812375,0.0163893297291069,"UBR7","Ex_L5_6"
"ABHD17A",2.52955396943145,-1.14614014560514,0.363045512240963,-3.15701504896834,0.00159393119995855,0.0163893297291069,"ABHD17A","Ex_L5_6"
"PPP1R16B",9.80903839751777,0.641118527625466,0.203097529037554,3.15670274603351,0.00159563916614179,0.0163893297291069,"PPP1R16B","Ex_L5_6"
"ATP13A1",2.28525574817146,1.71934042788215,0.544758045799979,3.15615426176458,0.00159864287228937,0.0164033232706981,"ATP13A1","Ex_L5_6"
"VASH1",1.49148873359654,-1.43099411557016,0.45353607876534,-3.15519356137167,0.00160391657473998,0.016440556151745,"VASH1","Ex_L5_6"
"CDK19",8.74546524749449,0.800850127377463,0.253897667893126,3.15422403846012,0.00160925493905807,0.016478374857527,"CDK19","Ex_L5_6"
"BRIX1",2.20630611705019,1.25505030083793,0.398209186204055,3.15173618369215,0.00162302842233416,0.0166024012823005,"BRIX1","Ex_L5_6"
"RPS27",25.006814405259,0.65921902902605,0.209379752554566,3.14843732969955,0.00164145916040602,0.0167676538494865,"RPS27","Ex_L5_6"
"RPS18",10.7694377052178,-0.607043898486906,0.192819768248724,-3.14824514104727,0.00164253883516583,0.0167676538494865,"RPS18","Ex_L5_6"
"SERPINI2",0.635749127826139,2.30716553636691,0.732991431460902,3.14760232840453,0.00164615476913934,0.0167874191456924,"SERPINI2","Ex_L5_6"
"RSPO2",4.65602398597792,-0.87947200815538,0.279469426971475,-3.14693459562268,0.00164991863842323,0.0168086512460772,"RSPO2","Ex_L5_6"
"DICER1-AS1",1.07298539735204,-1.67700940626311,0.53304714136805,-3.14608085498613,0.00165474252973452,0.016840628148846,"DICER1-AS1","Ex_L5_6"
"DCC",68.8737523998043,-0.8073029827281,0.256701109942136,-3.14491426589498,0.00166135509167044,0.0168907251130767,"DCC","Ex_L5_6"
"ESCO1",4.75996615981165,0.718528011259728,0.228511295379978,3.14438728319723,0.00166435014554541,0.0169039790188829,"ESCO1","Ex_L5_6"
"C8orf34",9.27364948043542,-1.34801790002227,0.428825225624836,-3.14351353295061,0.00166932696698219,0.0169201356065112,"C8orf34","Ex_L5_6"
"TCTN3",2.58172642500185,1.06707547289116,0.33945130792039,3.14353030314857,0.00166923131635223,0.0169201356065112,"TCTN3","Ex_L5_6"
"ATP1B3",8.99864572437124,0.839238613612637,0.26702233825084,3.14295282975262,0.00167252790230088,0.0169238211411473,"ATP1B3","Ex_L5_6"
"SLC38A4-AS1",3.83163234011779,-1.3289235975532,0.422839388944363,-3.14285667868102,0.00167307737517046,0.0169238211411473,"SLC38A4-AS1","Ex_L5_6"
"ENSG00000287907",0.987576551381013,-2.53776651521604,0.807627876686419,-3.14224730036329,0.00167656364227935,0.016941938362932,"ENSG00000287907","Ex_L5_6"
"FAM106A",1.26125318403504,-1.99449366061035,0.634815070881625,-3.14184988998515,0.00167884083509547,0.0169478134403476,"FAM106A","Ex_L5_6"
"ENSG00000251293",7.21568671804271,-1.67885398104246,0.534566233420629,-3.14059114863965,0.00168607231442997,0.0169713371631146,"ENSG00000251293","Ex_L5_6"
"ENSG00000203279",4.20769738470113,-1.48637853437305,0.473284916764411,-3.14055758323043,0.00168626553962106,0.0169713371631146,"ENSG00000203279","Ex_L5_6"
"CIAPIN1",3.06575514115151,1.24823374231259,0.397436111197367,3.14071546883852,0.00168535682071455,0.0169713371631146,"CIAPIN1","Ex_L5_6"
"SLITRK2",1.07852045963262,-1.73221476622927,0.551674390390825,-3.1399223824802,0.00168992602703732,0.0169910671169124,"SLITRK2","Ex_L5_6"
"FBN1",8.72009565118028,-0.623500806956949,0.198617781765386,-3.13919932754786,0.00169410168882071,0.017015931937763,"FBN1","Ex_L5_6"
"BLMH",2.99497852911798,0.992350360808993,0.316538594511689,3.13500589822183,0.00171850656258136,0.0172264338881024,"BLMH","Ex_L5_6"
"TGFB1",1.42365919431426,2.12240605733873,0.676942343345394,3.13528334902197,0.00171688192235704,0.0172264338881024,"TGFB1","Ex_L5_6"
"AHDC1",6.37096144702678,0.81006086211489,0.258493736308926,3.13377365998063,0.00172573915159311,0.0172816002815847,"AHDC1","Ex_L5_6"
"SLITRK1",2.55208111575198,-1.39246569074265,0.444467441189326,-3.13288570028127,0.00173096834924255,0.0173166142966267,"SLITRK1","Ex_L5_6"
"PSAP",25.7793762135409,1.26426938639306,0.403893914130603,3.1302016251333,0.00174686359302605,0.0174581547487023,"PSAP","Ex_L5_6"
"CAMK1",4.79653464139917,0.953628980413307,0.305055857773993,3.12607988376943,0.00177153422606468,0.017623201446439,"CAMK1","Ex_L5_6"
"KALRN",108.336896084373,-0.34741429635849,0.111189348944424,-3.12452856012438,0.00178090232415194,0.017623201446439,"KALRN","Ex_L5_6"
"ERCC8",5.01930166561371,-1.17022683770472,0.374448036296038,-3.12520489967143,0.00177681247530324,0.017623201446439,"ERCC8","Ex_L5_6"
"SLC25A37",5.80140821905543,-0.769441582650208,0.246092401023281,-3.12663690325577,0.00176818157772655,0.017623201446439,"SLC25A37","Ex_L5_6"
"ADCK5",1.73865540627262,-1.44362994095809,0.461902627710052,-3.12539884891993,0.00177564125139488,0.017623201446439,"ADCK5","Ex_L5_6"
"GNG10",2.10723221806093,1.15778604075569,0.370335388091086,3.12631759747176,0.00177010273528678,0.017623201446439,"GNG10","Ex_L5_6"
"PRPF18",8.730217068832,0.7787333073844,0.249072806396644,3.12652881962667,0.00176883166655121,0.017623201446439,"PRPF18","Ex_L5_6"
"DHRS7B",4.55762548773377,0.972256601070623,0.311170859086737,3.12451045038126,0.00178101195326229,0.017623201446439,"DHRS7B","Ex_L5_6"
"GIPC1",4.26774982489034,-0.999789019729421,0.319976448744455,-3.12457064778504,0.00178064756632005,0.017623201446439,"GIPC1","Ex_L5_6"
"ZNF583",2.87352914847047,0.944824602262543,0.302326649387925,3.12517802904701,0.00177697479807037,0.017623201446439,"ZNF583","Ex_L5_6"
"ENSG00000237031",2.21610281930774,-1.68431548164768,0.539151246687679,-3.12401295924922,0.00178402599174769,0.0176355645514603,"ENSG00000237031","Ex_L5_6"
"HDAC4",8.3313637535326,0.635898008480353,0.203618615139892,3.12298562704334,0.00179026490335352,0.0176461483158156,"HDAC4","Ex_L5_6"
"CAMK2D",44.6494020720239,-0.488850592443153,0.156550994960274,-3.12262846088715,0.0017924386405008,0.0176461483158156,"CAMK2D","Ex_L5_6"
"PRKAR2B",11.8783777077943,0.641626300119118,0.205473725211025,3.12266835801101,0.00179219570362967,0.0176461483158156,"PRKAR2B","Ex_L5_6"
"CSGALNACT1",9.86674240081807,0.905794967258182,0.289994617325634,3.12348889648895,0.00178720608419086,0.0176461483158156,"CSGALNACT1","Ex_L5_6"
"PCDH9",317.056257321151,-0.23199902337658,0.0743018760641642,-3.12238446275885,0.0017939250239012,0.0176461483158156,"PCDH9","Ex_L5_6"
"EMC2",2.79678135761851,-1.00013974608187,0.320385530222541,-3.12167576790116,0.00179824866485086,0.0176637001083469,"EMC2","Ex_L5_6"
"UBL5",6.95725121009114,0.892560560757905,0.285938458661063,3.12151280711736,0.00179924421756025,0.0176637001083469,"UBL5","Ex_L5_6"
"PDIA3",5.58493387780934,0.96069202418048,0.307954516605478,3.11959062906432,0.00181102539003923,0.0177619114308657,"PDIA3","Ex_L5_6"
"ENSG00000289265",1.70109604379452,-1.71679458083317,0.550450133274189,-3.11889211584222,0.00181532416273687,0.0177866173356787,"ENSG00000289265","Ex_L5_6"
"PUS1",3.3409632514408,-1.12960690994885,0.362324407630519,-3.117667168315,0.00182288535221962,0.0178432088247629,"PUS1","Ex_L5_6"
"NDUFB11",2.34108470855843,1.30633427699881,0.419138077118508,3.11671582305193,0.00182877764162061,0.017883369618744,"NDUFB11","Ex_L5_6"
"PHACTR1",122.895944677371,-0.40155526647496,0.128867834038797,-3.11602402158842,0.0018330733955936,0.0178922147847068,"PHACTR1","Ex_L5_6"
"ETFB",1.2996196042953,-1.60860020396589,0.516239899815636,-3.11599356140501,0.00183326275160494,0.0178922147847068,"ETFB","Ex_L5_6"
"TRMT11",17.0435997888287,-0.593520827054848,0.190524186553802,-3.11519937594508,0.00183820616077748,0.0179229584105464,"TRMT11","Ex_L5_6"
"BAIAP2",13.6917193313663,1.22715407382637,0.394060237734011,3.11412813655839,0.0018448934959753,0.0179706292385742,"BAIAP2","Ex_L5_6"
"LINC01619",0.761217940347496,2.77809514185236,0.892383597693532,3.11311766490629,0.00185122196101131,0.0180147149740477,"LINC01619","Ex_L5_6"
"BCAR3",2.36794596185525,1.58545259857227,0.509343910777056,3.11273496163624,0.00185362398934996,0.0180205429470462,"BCAR3","Ex_L5_6"
"PLPPR5-AS1",3.31622206198127,-1.02424768426326,0.329369669572175,-3.10972071470235,0.00187264316866262,0.0181181628577167,"PLPPR5-AS1","Ex_L5_6"
"PPIG",13.520221530622,0.492408842480702,0.15841494597898,3.10834839123097,0.00188136144846786,0.0181181628577167,"PPIG","Ex_L5_6"
"NUP54",3.90766650978719,0.986376246736607,0.317361298043713,3.10805461414751,0.00188323263295898,0.0181181628577167,"NUP54","Ex_L5_6"
"SPP1",5.35104141977173,1.6289978320778,0.523850351904243,3.10966257091599,0.00187301179809409,0.0181181628577167,"SPP1","Ex_L5_6"
"KCTD16",37.4715638632037,0.484682511752874,0.155856802479721,3.10979375966562,0.00187218016078051,0.0181181628577167,"KCTD16","Ex_L5_6"
"STYXL1",2.82061446893723,-1.50475481557787,0.484155996324922,-3.10799582572559,0.00188360728528794,0.0181181628577167,"STYXL1","Ex_L5_6"
"ZDHHC20",9.63644805180517,0.583528149550992,0.187683437287327,3.10910839009017,0.0018765286307082,0.0181181628577167,"ZDHHC20","Ex_L5_6"
"MAP4K5",12.9166780407603,0.564462593689432,0.181611653856185,3.10807473917075,0.0018831043940645,0.0181181628577167,"MAP4K5","Ex_L5_6"
"CRYM",4.78107750232963,-0.780418133232789,0.250892215024072,-3.11057133900274,0.00186725785635055,0.0181181628577167,"CRYM","Ex_L5_6"
"ZSCAN30",1.98236699825595,-1.8845532945401,0.60620477422945,-3.1087734288064,0.00187865723574518,0.0181181628577167,"ZSCAN30","Ex_L5_6"
"PAXBP1-AS1",2.29670345298151,1.11836883613816,0.359684959860815,3.10930108551363,0.00187530509787924,0.0181181628577167,"PAXBP1-AS1","Ex_L5_6"
"NOVA1",30.9710945050321,0.363423543402356,0.116957981746841,3.10730005745992,0.00188804654491026,0.0181434011248396,"NOVA1","Ex_L5_6"
"ATP5F1B",7.35182530799405,-0.668443433525007,0.215173319515118,-3.10653493207853,0.00189293942162828,0.0181729458018761,"ATP5F1B","Ex_L5_6"
"CTNNA3",14.2706930894377,0.524594468273982,0.168906435171719,3.10582878467982,0.00189746547325624,0.0181989154891774,"CTNNA3","Ex_L5_6"
"ENSG00000291209",3.49073859410782,0.947198264573797,0.305018975908397,3.1053748762774,0.00190038004466015,0.0182093942150849,"ENSG00000291209","Ex_L5_6"
"SLK",4.21237938182733,1.16971542072245,0.376783986548343,3.10447222409325,0.00190618824700284,0.0182475530081862,"SLK","Ex_L5_6"
"ROBO1",26.1267113397285,-1.44897521409278,0.466789256273009,-3.10413145679883,0.00190838518276508,0.0182511019297169,"ROBO1","Ex_L5_6"
"DUS3L",1.12459641313672,1.62077993893037,0.522211707529086,3.10368365083064,0.00191127573537993,0.0182612712231233,"DUS3L","Ex_L5_6"
"ENSG00000287195",1.63600216195976,1.82937595618286,0.589602345694275,3.10272842288088,0.00191745509796587,0.0182679182545957,"ENSG00000287195","Ex_L5_6"
"CREBZF",4.51049559092042,-0.930157908514849,0.299776484309903,-3.10283813840871,0.00191674441758593,0.0182679182545957,"CREBZF","Ex_L5_6"
"ADAM11",6.55105591557674,-0.781164473809517,0.251740729771734,-3.10305159803834,0.00191536242969608,0.0182679182545957,"ADAM11","Ex_L5_6"
"ENSG00000290421",4.07414759908842,1.09146128747625,0.3518535034254,3.10203330889289,0.00192196331232597,0.0182934298508436,"ENSG00000290421","Ex_L5_6"
"ESF1",16.2992918862764,-0.506582138866562,0.163350067054992,-3.10120557646309,0.00192734432862544,0.0183271924075001,"ESF1","Ex_L5_6"
"FCHSD2",13.1394819597074,0.583389780446933,0.18815495825286,3.10058148806752,0.00193141061626714,0.0183484008545378,"FCHSD2","Ex_L5_6"
"NIPAL2",7.2330093243582,-1.1212260851863,0.361801946456738,-3.09900512190962,0.00194171663274731,0.018411305529105,"NIPAL2","Ex_L5_6"
"VRK1",2.91081063518364,-1.25399937981551,0.404645228593041,-3.09900943148567,0.00194168838876519,0.018411305529105,"VRK1","Ex_L5_6"
"MTOR",5.74469685157707,0.8879021957279,0.286800438412295,3.09588855806239,0.00196224094208744,0.018588280545234,"MTOR","Ex_L5_6"
"SLC12A8",2.70758172570628,-1.30599551083393,0.422392366111128,-3.09190131170678,0.00198878955566142,0.0188041275489879,"SLC12A8","Ex_L5_6"
"DEPDC5",3.83545217941036,1.3172892534421,0.426021388193524,3.09207305066973,0.0019876392911104,0.0188041275489879,"DEPDC5","Ex_L5_6"
"GSAP",3.52037739163646,-1.08669020382341,0.351611329520893,-3.09060065073597,0.00199752091257873,0.0188688317583288,"GSAP","Ex_L5_6"
"SLC35F3",26.375158105249,0.976212318468389,0.315994067282486,3.08933748935132,0.0020060341958521,0.0189240849031778,"SLC35F3","Ex_L5_6"
"PLEKHA2",2.09359599906763,1.86732124993509,0.604501769725117,3.08902528239778,0.0020081434916468,0.0189240849031778,"PLEKHA2","Ex_L5_6"
"CEMIP",3.93052306320123,1.43883646369357,0.465810036397536,3.08889107418377,0.0020090508387304,0.0189240849031778,"CEMIP","Ex_L5_6"
"RAVER2",3.44851137140049,-1.09962490067254,0.35615312249256,-3.08750599454736,0.00201843700706741,0.0189588904592403,"RAVER2","Ex_L5_6"
"SLC4A10",50.5323405282382,0.410697283082834,0.133011474611696,3.08768310615151,0.00201723454801463,0.0189588904592403,"SLC4A10","Ex_L5_6"
"RPL7",8.89387673418171,-0.939220530797268,0.304183113511312,-3.08768136388459,0.00201724637353843,0.0189588904592403,"RPL7","Ex_L5_6"
"ATIC",1.77711647686157,-1.57985237335568,0.511857245543517,-3.08650973901544,0.00202521312253679,0.0190046760062279,"ATIC","Ex_L5_6"
"CDIN1",4.2981092473818,-1.10369068260292,0.357662470008673,-3.08584426701564,0.00202975100788266,0.0190293917193051,"CDIN1","Ex_L5_6"
"TMEM43",2.46199437441396,0.985990773952437,0.319623751535552,3.08484826054225,0.00203656025782008,0.0190724434253707,"TMEM43","Ex_L5_6"
"PLEC",10.9399529150163,0.958913809224397,0.310869879759465,3.08461472679938,0.00203815985374184,0.0190724434253707,"PLEC","Ex_L5_6"
"GALNT13",11.8594669971727,0.853585757923687,0.276827184739563,3.08346074727717,0.00204608100407789,0.0191180168455084,"GALNT13","Ex_L5_6"
"CAPN1",1.77000506759008,1.40678153933718,0.456251290733798,3.08334807573832,0.00204685591601901,0.0191180168455084,"CAPN1","Ex_L5_6"
"HYCC2",13.3383181607009,0.464439137395529,0.150703746396436,3.08180220134536,0.00205751507724012,0.0191996318225376,"HYCC2","Ex_L5_6"
"GSG1L",2.42584234691382,1.41695641319423,0.460469923947,3.07719644542369,0.00208957543133087,0.0194806127432096,"GSG1L","Ex_L5_6"
"PLPP1",7.50145653558342,0.732660723549876,0.238145208344713,3.07652935216465,0.00209425682571161,0.0194878982459607,"PLPP1","Ex_L5_6"
"PSME2",2.09018084763202,-1.34491113342935,0.437146324947026,-3.07656969000557,0.00209397347781534,0.0194878982459607,"PSME2","Ex_L5_6"
"ARMH3",6.25956914581547,0.766335247358287,0.249151187059298,3.07578405065314,0.00209949843028292,0.0195004387958061,"ARMH3","Ex_L5_6"
"TBC1D22A",6.23760862970745,0.705680874306144,0.229431305734907,3.07578284509051,0.00209950691857989,0.0195004387958061,"TBC1D22A","Ex_L5_6"
"PXYLP1",2.64300898908896,0.949418111100763,0.308737482885427,3.07516308751242,0.00210387476552589,0.0195228638873405,"PXYLP1","Ex_L5_6"
"PRR13",1.0662472316141,-1.72913893570231,0.562378671385924,-3.07468797036883,0.00210722887604514,0.0195358491532422,"PRR13","Ex_L5_6"
"DNAJB2",12.0533696455461,1.24809122579444,0.406013521617052,3.07401394126875,0.00211199562824631,0.0195437817673089,"DNAJB2","Ex_L5_6"
"CHD1-DT",4.83424257818789,-1.26712031214352,0.412178182462519,-3.07420520070526,0.00211064203239395,0.0195437817673089,"CHD1-DT","Ex_L5_6"
"AARSD1",4.45505043731972,0.835530871007796,0.271840831485481,3.07360327895562,0.00211490468903236,0.0195525970973075,"AARSD1","Ex_L5_6"
"CADM2",329.095772255316,-0.256987889758696,0.0836664464863589,-3.07157648676516,0.00212931602934596,0.0196676380751234,"CADM2","Ex_L5_6"
"CHST1",5.58291927260162,1.15219654114614,0.375497939447215,3.06844970399128,0.0021517254573567,0.0198562735187653,"CHST1","Ex_L5_6"
"CCDC59",3.7501215259138,0.953591874964233,0.3110198070816,3.06601654702347,0.00216931309159749,0.0200001061230861,"CCDC59","Ex_L5_6"
"MAST1",16.2676575542738,0.781128603513838,0.255031718789315,3.06286844327446,0.00219226414362253,0.0201930763607037,"MAST1","Ex_L5_6"
"GPC5",29.2079919067403,-0.929999830398785,0.303670020533865,-3.06253422304844,0.00219471377876816,0.020197025326896,"GPC5","Ex_L5_6"
"TLN2",15.0697454033816,-0.732527195327096,0.239214330378997,-3.06222120625684,0.00219701028028282,0.0201995590994908,"TLN2","Ex_L5_6"
"PER2",1.86789238483279,1.40594339367215,0.459243336277346,3.06143450021248,0.00220279181186034,0.0202227332853483,"PER2","Ex_L5_6"
"MAP3K5",16.1528431953385,-0.940609548488017,0.307283010738769,-3.06105289136098,0.0022056012888763,0.0202227332853483,"MAP3K5","Ex_L5_6"
"FOXK2",5.63929596427938,0.665809590450707,0.217507880719473,3.06108260651678,0.00220538240239246,0.0202227332853483,"FOXK2","Ex_L5_6"
"POGK",2.19116587246964,1.139645681595,0.372406851781669,3.0602167391462,0.00221176868561548,0.0202548925772281,"POGK","Ex_L5_6"
"ENSG00000288085",1.08956227470155,-1.95572418688839,0.639119679672672,-3.06002811224655,0.00221316216673335,0.0202548925772281,"ENSG00000288085","Ex_L5_6"
"ZNF207",6.90623489952096,0.738411210824549,0.241387908334321,3.05902319598318,0.00222059955599862,0.0203043659310615,"ZNF207","Ex_L5_6"
"PRPS2",1.68100868456945,1.47201147624528,0.481519481626822,3.05701333468806,0.00223554330654417,0.0204223215773331,"PRPS2","Ex_L5_6"
"NSUN5P2",2.3067999898276,-1.27964152942936,0.418741149856029,-3.05592495475862,0.00224367405360781,0.0204778799011475,"NSUN5P2","Ex_L5_6"
"LINC00937",5.21829882784027,-1.59472621088637,0.521901931327132,-3.05560511499006,0.00224606856417967,0.0204810303197187,"LINC00937","Ex_L5_6"
"SMARCA5",5.52371509276062,0.799387443986567,0.261699386615814,3.05460190153255,0.00225359441490996,0.0205122245743262,"SMARCA5","Ex_L5_6"
"TERF2IP",11.9858858605328,0.80043099832929,0.262025931407022,3.05477780016333,0.00225227320028578,0.0205122245743262,"TERF2IP","Ex_L5_6"
"TMEM222",2.55842344631472,-1.29763140508982,0.424894113317378,-3.05401125696592,0.00225803607790515,0.0205339513763276,"TMEM222","Ex_L5_6"
"MCTS1",1.48859611607569,-1.43014352586349,0.46899299953774,-3.04939205334217,0.00229305022334342,0.0208334035746311,"MCTS1","Ex_L5_6"
"CNOT10",5.78533953719502,0.859957523008431,0.282189990590969,3.04744162331019,0.0023079835067614,0.0208863523786323,"CNOT10","Ex_L5_6"
"CLSTN2",32.3772056791348,-0.457099613757468,0.15001891531323,-3.04694653206279,0.0023117882744766,0.0208863523786323,"CLSTN2","Ex_L5_6"
"UST",3.32535612371117,-1.46894513665789,0.481919708777764,-3.04811177028514,0.00230284257438291,0.0208863523786323,"UST","Ex_L5_6"
"RSPH3",4.93856366592235,0.900953000636195,0.295707226469981,3.04677370043121,0.00231311783475049,0.0208863523786323,"RSPH3","Ex_L5_6"
"CTSD",8.68279650729655,1.38066382479422,0.45316354146695,3.0467230888099,0.00231350731270222,0.0208863523786323,"CTSD","Ex_L5_6"
"ENSG00000286808",0.841925550215524,2.42589636331066,0.795943516626923,3.04782476725385,0.00230504298980285,0.0208863523786323,"ENSG00000286808","Ex_L5_6"
"SMC1A",1.48476459841299,1.32109500349633,0.433543355323574,3.04720390077329,0.00230980968399959,0.0208863523786323,"SMC1A","Ex_L5_6"
"ENSG00000222017",1.4555754967083,-1.35061955708516,0.443531411781581,-3.04514972605882,0.00232564500515514,0.0209625600389468,"ENSG00000222017","Ex_L5_6"
"AGAP1",29.9001818716079,0.41212632722476,0.135341474039056,3.04508525676196,0.00232614359447588,0.0209625600389468,"AGAP1","Ex_L5_6"
"TCOF1",2.43793943763358,1.29672655477594,0.426071764634377,3.04344634498062,0.00233885144802547,0.0210580913257356,"TCOF1","Ex_L5_6"
"GINM1",2.89322161680221,1.0206558990263,0.33543146690146,3.04281500019835,0.0023437637308073,0.0210833255856779,"GINM1","Ex_L5_6"
"MACF1",38.7159841193856,0.535277515581548,0.175976148465814,3.04176174014591,0.00235197982724484,0.0210864131105981,"MACF1","Ex_L5_6"
"LRCH3",7.77910220581087,0.770436828173209,0.253314898039458,3.04141933275949,0.00235465649704097,0.0210864131105981,"LRCH3","Ex_L5_6"
"PWRN1",12.0102795980953,-0.935583796812986,0.307587217454698,-3.04168620710248,0.00235257004514101,0.0210864131105981,"PWRN1","Ex_L5_6"
"PHLPP2",9.13690895211999,0.86604648083449,0.284735731549211,3.04157991033454,0.00235340088160234,0.0210864131105981,"PHLPP2","Ex_L5_6"
"PTPRM",4.38943830288728,-0.8973571078078,0.294984366697934,-3.04204971216899,0.00234973084723207,0.0210864131105981,"PTPRM","Ex_L5_6"
"LDAH",3.33107682202855,-1.20857242442855,0.397473360316166,-3.04063754981517,0.002360778314386,0.0211034154507815,"LDAH","Ex_L5_6"
"FAM3C",3.90148562566794,-1.15484647067613,0.379792479062756,-3.04073022595402,0.00236005184545716,0.0211034154507815,"FAM3C","Ex_L5_6"
"KCMF1",3.09015187717266,1.12363496811878,0.369649823170017,3.03972813643678,0.00236791788633973,0.0211105899697407,"KCMF1","Ex_L5_6"
"TSGA10",7.3559300444405,-0.863480567303806,0.284034555849858,-3.04005463250832,0.00236535237763114,0.0211105899697407,"TSGA10","Ex_L5_6"
"MTRFR",2.24545429390682,1.15753183069938,0.380772589407254,3.03995577124211,0.00236612893120322,0.0211105899697407,"MTRFR","Ex_L5_6"
"TBCE",3.142336209613,1.06951053170029,0.351893747683894,3.03929961455591,0.00237128894963114,0.0211218019274631,"TBCE","Ex_L5_6"
"PPP3CA",84.8387149619569,0.44637454045517,0.146899372972905,3.03864156409642,0.00237647420602227,0.0211491391050637,"PPP3CA","Ex_L5_6"
"MIR100HG",20.7887610746057,-0.474309009016381,0.156209381366186,-3.03636698940959,0.0023944772826697,0.0212903967642358,"MIR100HG","Ex_L5_6"
"RPS3A",2.99214501860097,-1.52818276902055,0.503717547727529,-3.03380887943013,0.00241487362275356,0.021452663987377,"RPS3A","Ex_L5_6"
"SLTM",5.98829835643853,-0.668035985427988,0.220355773064245,-3.03162461386125,0.00243241495205942,0.0215701464337905,"SLTM","Ex_L5_6"
"RFX2",1.7901884269233,1.26418036943299,0.416963567058552,3.0318724927242,0.00243041844497864,0.0215701464337905,"RFX2","Ex_L5_6"
"HMGXB4",1.96976592736731,1.24323084153348,0.410201258770757,3.03078260963667,0.00243920797639631,0.0216112096773978,"HMGXB4","Ex_L5_6"
"SDCBP",2.30409725142674,-1.63910483788815,0.541181835040975,-3.02875065598617,0.00245567269999537,0.0217217147300816,"SDCBP","Ex_L5_6"
"PPP6R3",13.6668485494344,0.545419412118088,0.180083252785403,3.02870702123556,0.00245602738092777,0.0217217147300816,"PPP6R3","Ex_L5_6"
"ANKUB1",1.99650941501684,1.19255003701378,0.393904370655986,3.02751156334664,0.00246576280064752,0.0217885353047492,"ANKUB1","Ex_L5_6"
"SART1",2.07704824107978,1.22489131360166,0.40470220164285,3.02664850507195,0.00247281320061698,0.0218315327976732,"SART1","Ex_L5_6"
"MTCH1",12.7827359713601,0.753436567744785,0.249094132627823,3.024706201613,0.0024887475657115,0.021952818333381,"MTCH1","Ex_L5_6"
"CDK11A",1.81242357091732,1.38724869527453,0.458940328369148,3.02272127665081,0.00250512859616978,0.0219699378676434,"CDK11A","Ex_L5_6"
"TRIP12",13.8468563450957,0.57102172731041,0.188940621070113,3.02222848679275,0.0025092107075762,0.0219699378676434,"TRIP12","Ex_L5_6"
"SLC15A2",1.63953585155899,-1.44747617670832,0.478996385685821,-3.02189373440854,0.00251198715752309,0.0219699378676434,"SLC15A2","Ex_L5_6"
"NAAA",1.44971926485699,-1.6242476250223,0.53732017699263,-3.02286736022678,0.00250391965512735,0.0219699378676434,"NAAA","Ex_L5_6"
"FBXO3",6.01354069301816,0.703302453067287,0.232742017552471,3.02181127612134,0.00251267150117234,0.0219699378676434,"FBXO3","Ex_L5_6"
"SLC39A9",2.89388465535024,-1.06864187054779,0.353574818611104,-3.02239247338251,0.00250785162079174,0.0219699378676434,"SLC39A9","Ex_L5_6"
"LRRC37A2",6.89227350615199,-1.02317939233123,0.338536219699408,-3.02236314105393,0.00250809467157206,0.0219699378676434,"LRRC37A2","Ex_L5_6"
"KLHL22",4.57580926974467,-0.838066144484868,0.277336286814178,-3.0218409358253,0.00251242532762239,0.0219699378676434,"KLHL22","Ex_L5_6"
"LINC02885",5.06383467715976,1.6223157505049,0.536820832207182,3.02208046553376,0.00251043805554805,0.0219699378676434,"LINC02885","Ex_L5_6"
"TTLL1",1.36877863858449,-1.44599851347184,0.478445182496355,-3.02228670362432,0.00250872814145178,0.0219699378676434,"TTLL1","Ex_L5_6"
"BOK",3.76346793622707,2.2437439756384,0.743084340116289,3.01950109093573,0.00253191381177423,0.0221188344710417,"BOK","Ex_L5_6"
"TSPAN13",5.06883289770416,1.15213646855664,0.381663368830488,3.01872425453632,0.00253841456440862,0.022156257778777,"TSPAN13","Ex_L5_6"
"ADD2",14.4127989322299,0.627951043388685,0.208131929826833,3.01708173229905,0.00255220987343646,0.0222168300766274,"ADD2","Ex_L5_6"
"TMEM63B",9.11457856728703,1.05864430771735,0.350941479842964,3.01658358593307,0.00255640726395045,0.0222168300766274,"TMEM63B","Ex_L5_6"
"AOPEP",16.505149708398,-0.648342849070302,0.21492672515451,-3.01657622431185,0.0025564693404164,0.0222168300766274,"AOPEP","Ex_L5_6"
"ENSG00000261684",1.86004875415039,1.26214787583878,0.418389276939852,3.01668313554849,0.00255556795264555,0.0222168300766274,"ENSG00000261684","Ex_L5_6"
"RPL3",8.6577797872267,-0.742550406639574,0.246094208509085,-3.0173420623678,0.00255001883593939,0.0222168300766274,"RPL3","Ex_L5_6"
"NPC1",4.6604629081139,0.960815888330831,0.318558100797439,3.01614018267199,0.00256014869756369,0.0222294753114261,"NPC1","Ex_L5_6"
"ANKRD17-DT",3.26036661824139,-1.01367910501791,0.336199769075863,-3.0151094624612,0.00256886526520268,0.0222664696100916,"ANKRD17-DT","Ex_L5_6"
"ZNF439",2.89297852349177,-1.53761954328492,0.509960621966437,-3.01517308798428,0.00256832641362391,0.0222664696100916,"ZNF439","Ex_L5_6"
"NBL1",5.716731144745,1.07007921277948,0.355261080316992,3.01209243586343,0.00259453578970597,0.0224306147770947,"NBL1","Ex_L5_6"
"USP38-DT",1.77634821727815,-1.41386412892307,0.469389978632779,-3.01213104941295,0.0025942057679464,0.0224306147770947,"USP38-DT","Ex_L5_6"
"VIPR2",2.54077995529499,1.88352339344811,0.6252368327228,3.01249589734771,0.00259108938470828,0.0224306147770947,"VIPR2","Ex_L5_6"
"TTC19",11.8051414866727,0.591269734131173,0.196341423757845,3.01143652121219,0.00260014761948738,0.0224597020822445,"TTC19","Ex_L5_6"
"EYA3",5.62117623121805,-0.730087023927192,0.242514401918053,-3.01048934889192,0.00260827095698623,0.0225104144595167,"EYA3","Ex_L5_6"
"EXTL3",6.25712666846213,0.766401703363018,0.254637273959115,3.00977815009939,0.00261438573342333,0.0225437196029618,"EXTL3","Ex_L5_6"
"STK25",6.91586070530948,-1.04833461873448,0.348472184454948,-3.00837388319588,0.00262649790352806,0.0226286379722926,"STK25","Ex_L5_6"
"POLR2A",2.90040433120737,1.03762618356417,0.345040551960114,3.00725864733754,0.00263615362767402,0.0226922647329665,"POLR2A","Ex_L5_6"
"DNAJC13",4.72886419224997,-0.867852627823546,0.288713366437322,-3.00593158720953,0.00264768560117873,0.0227523386914705,"DNAJC13","Ex_L5_6"
"GARRE1",2.81624899204532,0.898792947277918,0.298982346430057,3.00617396983396,0.00264557589310625,0.0227523386914705,"GARRE1","Ex_L5_6"
"VSNL1",30.9285122767861,0.54250694348563,0.180523309961027,3.00519054078253,0.00265414524031076,0.0227882538931836,"VSNL1","Ex_L5_6"
"PAPSS1",12.5623522579638,-0.538698256286497,0.179347296388487,-3.00365975475658,0.00266753460646982,0.022883554383742,"PAPSS1","Ex_L5_6"
"RNPEP",1.89741439102167,1.46912079278515,0.489200392552688,3.00310632442291,0.00267239048377886,0.0228922614676383,"RNPEP","Ex_L5_6"
"FOXG1",2.65437523226326,-1.48037591605063,0.492962056418989,-3.00302203135973,0.00267313079174844,0.0228922614676383,"FOXG1","Ex_L5_6"
"SMIM43",1.11594011036166,-1.63414215749772,0.544626923642177,-3.00047993692533,0.00269554510904191,0.0230447201195593,"SMIM43","Ex_L5_6"
"ELP1",4.00267111876013,0.75032427529035,0.250061670546301,3.00055691722423,0.00269486383949152,0.0230447201195593,"ELP1","Ex_L5_6"
"BMPR1B",7.04048007959193,-2.34518025584874,0.781812157666399,-2.99967227786375,0.00270270232129989,0.0230808789327627,"BMPR1B","Ex_L5_6"
"ZNF451-AS1",1.53316637773441,1.8661019722683,0.622195415870494,2.99922166680945,0.00270670303273944,0.0230808789327627,"ZNF451-AS1","Ex_L5_6"
"MAFK",2.654615109337,1.15691344014684,0.385708301258161,2.99945175245918,0.00270465956150796,0.0230808789327627,"MAFK","Ex_L5_6"
"LINC01145",1.85654879918111,1.57376682983916,0.525127620280893,2.99692259378271,0.00272719951852415,0.023176557813036,"LINC01145","Ex_L5_6"
"LIN7C",3.79836859764375,1.68775291616849,0.563137540312182,2.99705275416884,0.00272603534836498,0.023176557813036,"LIN7C","Ex_L5_6"
"MEIS2",7.47310889004345,-1.73070718146191,0.577438249137012,-2.99721603833565,0.00272457555718338,0.023176557813036,"MEIS2","Ex_L5_6"
"AMFR",3.16281804932699,1.05601952136423,0.352356688092796,2.99701852426914,0.00272634146069851,0.023176557813036,"AMFR","Ex_L5_6"
"ENSG00000286736",6.08604599011342,2.34280014287386,0.781840496731716,2.99651930626175,0.00273080945521261,0.0231875188575997,"ENSG00000286736","Ex_L5_6"
"DAB2IP",3.15820620166197,0.947078231658088,0.316290953283301,2.99432602111067,0.00275051869491293,0.0233350457020033,"DAB2IP","Ex_L5_6"
"CD46",8.19392966997584,0.809988405349149,0.27062958583117,2.99297803254391,0.00276269633914903,0.0234184794007256,"CD46","Ex_L5_6"
"RBM12B",1.5657174007146,-1.38473090365785,0.462702697131169,-2.9927011712778,0.00276520357468915,0.0234198682419011,"RBM12B","Ex_L5_6"
"HM13",4.36952571663641,0.841274505341982,0.28161883979197,2.98728063066883,0.00281471217543233,0.0238189953270709,"HM13","Ex_L5_6"
"LPP",7.84130558985398,-1.16361996459524,0.389625793322359,-2.98650650069388,0.00282184838701291,0.0238515198159015,"LPP","Ex_L5_6"
"LRRC37B",6.36406494527653,-0.996126704843468,0.333560364718154,-2.98634613163694,0.00282332879149605,0.0238515198159015,"LRRC37B","Ex_L5_6"
"AGPAT3",4.54460112420003,1.25238259242401,0.419416839446224,2.98600932208061,0.00282644026880536,0.0238576385527371,"AGPAT3","Ex_L5_6"
"FAM238C",2.30427526159048,-1.2924193564493,0.432889855621389,-2.9855616611623,0.00283058064759823,0.0238724244659044,"FAM238C","Ex_L5_6"
"INTS3",3.27117015314723,-1.2032968433655,0.403377474867428,-2.98305413251192,0.00285387513761723,0.0240283303499129,"INTS3","Ex_L5_6"
"MPC1",3.60653732816489,1.05478021021865,0.353571205245185,2.9832186404637,0.00285234154022214,0.0240283303499129,"MPC1","Ex_L5_6"
"LINC02153",1.39118696411262,-1.8870234585456,0.632803525377294,-2.98200528737653,0.00286367053127934,0.0240905078195334,"LINC02153","Ex_L5_6"
"PLXNB1",3.00495464890253,2.17898759117983,0.731056122024308,2.98060234438113,0.00287682090951987,0.0241807806305648,"PLXNB1","Ex_L5_6"
"APBA2",14.601436841465,0.552343938265912,0.185343927204357,2.98010270202653,0.00288151756520815,0.0241999046610843,"APBA2","Ex_L5_6"
"NAP1L2",2.75492954158857,-1.47777955690231,0.496058681287041,-2.9790418203511,0.00289151310724831,0.0242634609520064,"NAP1L2","Ex_L5_6"
"KAZN-AS1",1.62071263314115,2.07215887471192,0.695650847087961,2.97873406377079,0.00289441868176671,0.0242674666993091,"KAZN-AS1","Ex_L5_6"
"TBC1D1",3.772534234275,-0.871601730329925,0.292730211356778,-2.97749154858369,0.00290617656808307,0.0243456233205551,"TBC1D1","Ex_L5_6"
"IARS1",5.63417790036481,0.95491063775729,0.320871322419055,2.97599246501121,0.00292042037406962,0.0244444566318692,"IARS1","Ex_L5_6"
"UBR2",15.6103268955593,0.443707846379424,0.149150607385929,2.97489801856002,0.00293085965638416,0.0245113066158187,"UBR2","Ex_L5_6"
"WDR48",5.57576964448953,0.717605274597631,0.241268432117867,2.97430239131765,0.00293655529435101,0.0245179061083909,"WDR48","Ex_L5_6"
"ZNF621",1.97334488791227,1.05762815594218,0.355564741844781,2.97450233804081,0.00293464219448344,0.0245179061083909,"ZNF621","Ex_L5_6"
"TNRC6A",55.1703321075014,0.40865578575051,0.13743137662633,2.97352610286096,0.00294399365174014,0.0245594929511611,"TNRC6A","Ex_L5_6"
"STPG1",1.91670315125361,2.01973880402449,0.679644398745223,2.9717581837699,0.00296099797278711,0.0246430672846365,"STPG1","Ex_L5_6"
"HERC1",39.0955841677537,0.583380207562916,0.196310918559094,2.97171554106557,0.00296140922642069,0.0246430672846365,"HERC1","Ex_L5_6"
"ABCA6",3.33334891866066,-1.61348933180531,0.542934656456469,-2.9717928531878,0.00296066365331795,0.0246430672846365,"ABCA6","Ex_L5_6"
"PSMD1",9.10281796658239,0.784934082578645,0.264256670629824,2.9703472790596,0.00297463268004641,0.0246965300014294,"PSMD1","Ex_L5_6"
"TMTC1",10.4303148424348,-0.872836128145951,0.293881370339801,-2.97002878112597,0.00297771849627001,0.0246965300014294,"TMTC1","Ex_L5_6"
"TRIM16",1.28889995443777,-1.64196950792872,0.552844260578949,-2.97003989190232,0.0029776107986565,0.0246965300014294,"TRIM16","Ex_L5_6"
"POLR2I",3.25378465094859,0.993372039600509,0.3344222061952,2.97041291277376,0.00297399714040312,0.0246965300014294,"POLR2I","Ex_L5_6"
"NCKAP1",15.5678765952921,0.652917699216692,0.219871163536794,2.96954675053344,0.00298239427918916,0.0246980906378608,"NCKAP1","Ex_L5_6"
"ENSG00000247228",0.617822498793644,2.76536388394778,0.931255764244144,2.96949988405419,0.00298284924953952,0.0246980906378608,"ENSG00000247228","Ex_L5_6"
"ZMYM4",8.73751234169486,-0.670178818002529,0.225757649197185,-2.96857634895537,0.00299182767080901,0.0247519252831666,"ZMYM4","Ex_L5_6"
"XPOT",4.42187276913173,1.06118835326256,0.357805650710825,2.96582334894482,0.00301873826779555,0.0249332811969824,"XPOT","Ex_L5_6"
"PPP1R37",2.98210888931567,1.14960916731082,0.387613546034936,2.96586427143906,0.00301833663867898,0.0249332811969824,"PPP1R37","Ex_L5_6"
"SHLD2",5.27650765898018,0.721611749383721,0.243400935762641,2.96470408843218,0.00302974203935512,0.0250035028417135,"SHLD2","Ex_L5_6"
"DARS1",3.61614920276006,-0.977461093677257,0.329848170099118,-2.96336673137685,0.00304293794852918,0.0250916847009906,"DARS1","Ex_L5_6"
"UTP23",4.4726101497109,-1.29082003841145,0.435687855573754,-2.96271750956101,0.00304936280261021,0.0251239339235667,"UTP23","Ex_L5_6"
"ATP1A3",9.02713237301527,0.95140959488888,0.321430063603041,2.95992722094548,0.00307711725873041,0.0253317214857922,"ATP1A3","Ex_L5_6"
"MRPS9",5.57816271438885,0.750739996332043,0.253686108457526,2.95932639314279,0.00308312363562781,0.0253602778719871,"MRPS9","Ex_L5_6"
"SUPT3H",21.6430298135757,-0.408107640648004,0.137918554885865,-2.95904812072411,0.0030859091000525,0.0253623154160565,"SUPT3H","Ex_L5_6"
"DDX19A",4.36278403842198,0.860561073461015,0.290863703722125,2.95864029251015,0.00308999554433397,0.0253750332539636,"DDX19A","Ex_L5_6"
"SEC13",2.04162465966314,1.06546462528076,0.360164988099928,2.95826818398335,0.00309372838121542,0.0253848287700057,"SEC13","Ex_L5_6"
"LNX1",8.92058438878672,0.644676379569801,0.218025654535428,2.95688312893033,0.00310765883762948,0.0254573298551386,"LNX1","Ex_L5_6"
"PLEKHM1",2.86390885952148,0.979288947393674,0.331177559095754,2.95699065500549,0.00310657532939996,0.0254573298551386,"PLEKHM1","Ex_L5_6"
"GLG1",15.7856767728075,0.449629219116631,0.152075326250947,2.95662176239343,0.0031102939871779,0.0254580492283833,"GLG1","Ex_L5_6"
"DPF1",4.2542681485595,0.816984169605057,0.276433716019431,2.95544328444953,0.00312220095740694,0.0255345960460925,"DPF1","Ex_L5_6"
"ENSG00000259589",2.02855756542151,2.11996297074461,0.717392465139098,2.95509511705502,0.00312572667520015,0.025542528529804,"ENSG00000259589","Ex_L5_6"
"TCP1",2.37761002659648,1.14208700663346,0.386697238435784,2.95343977953728,0.00314253915837889,0.0256170769566384,"TCP1","Ex_L5_6"
"EXOC4",25.8408260982161,-0.371259810310873,0.125697873634223,-2.95358862944037,0.00314102399388055,0.0256170769566384,"EXOC4","Ex_L5_6"
"ATP5MJ",10.1082012905621,-0.626931511954739,0.212250496621372,-2.95373401680707,0.00313954471796313,0.0256170769566384,"ATP5MJ","Ex_L5_6"
"STAG3L5P",2.98444638638212,0.966536994017855,0.327685392454067,2.94958828277138,0.00318197649500578,0.0259174189821417,"STAG3L5P","Ex_L5_6"
"LHX2",2.58593287134323,-1.19424743638547,0.40502305095855,-2.94859128032119,0.00319225851690876,0.0259672293643914,"LHX2","Ex_L5_6"
"C12orf4",3.13268756674656,-1.15610319617577,0.392166733916508,-2.94798894498252,0.00319848502577205,0.0259672293643914,"C12orf4","Ex_L5_6"
"ENSG00000258526",17.5400712146313,-0.523789178680577,0.17765526203647,-2.94834598579496,0.00319479286049461,0.0259672293643914,"LOC105370460","Ex_L5_6"
"NPLOC4",5.0393347152881,0.678482090936333,0.230134625330927,2.94819647395821,0.00319633849204503,0.0259672293643914,"NPLOC4","Ex_L5_6"
"NAA35",6.04548213677381,0.668973369711472,0.227035638143187,2.94655665155778,0.00321333551876294,0.0260666194598351,"NAA35","Ex_L5_6"
"ABCC8",6.98026627472827,0.622924491132892,0.211565866309997,2.94435251771735,0.00323631148539587,0.0262317088280992,"ABCC8","Ex_L5_6"
"RTN4RL2",2.53780722995676,1.60492834859096,0.545323789514887,2.94307415053116,0.00324970571488908,0.0263189294283642,"RTN4RL2","Ex_L5_6"
"CCDC30",7.13026940857849,-0.779866933208359,0.265014129952164,-2.9427371791426,0.00325324477021301,0.0263209236549375,"CCDC30","Ex_L5_6"
"TXNRD3",1.35650767195502,-1.42864052604003,0.485511157438811,-2.9425493197241,0.00325521929532747,0.0263209236549375,"TXNRD3","Ex_L5_6"
"CNTN4",45.8520824268215,-0.715916351851901,0.243428781809896,-2.94096838725911,0.00327187923454023,0.0264271929360255,"CNTN4","Ex_L5_6"
"CKMT1B",5.35413906180322,-1.06115886102512,0.36084011204058,-2.94080071925536,0.00327365067588549,0.0264271929360255,"CKMT1B","Ex_L5_6"
"NCEH1",7.47829496125896,0.58611788047561,0.199337994512888,2.94032194869762,0.00327871377981975,0.0264467034023556,"NCEH1","Ex_L5_6"
"RUNX1T1",28.1191878702777,-0.576822409773326,0.196259766192129,-2.93907620988727,0.00329192118747178,0.0265318228609621,"RUNX1T1","Ex_L5_6"
"HOOK3",9.93615524158433,0.66228168568391,0.225434486355036,2.93780111637793,0.00330548998790647,0.0266197155029309,"HOOK3","Ex_L5_6"
"GBE1",1.37471464016476,1.31621664315577,0.448153929797187,2.93697445373608,0.00331431404759632,0.0266692871108515,"GBE1","Ex_L5_6"
"PIP5K1A",7.14236721605022,0.726831201863324,0.24777642551752,2.93341547867285,0.0033525492186582,0.0269552509181577,"PIP5K1A","Ex_L5_6"
"ZFYVE9",11.2487977328776,0.623224377634402,0.212543836529704,2.93221571516755,0.00336552890021919,0.0270242519667433,"ZFYVE9","Ex_L5_6"
"DDHD1",12.4371494240104,0.522135681773574,0.178074307005772,2.93212249736089,0.0033665392934356,0.0270242519667433,"DDHD1","Ex_L5_6"
"DPP10",268.473243320978,-0.537350813854686,0.183313784435535,-2.93131700657052,0.00337528156683132,0.0270726837711976,"DPP10","Ex_L5_6"
"MTHFD1L",9.0991589966345,0.753133637321202,0.257063878917498,2.92975287112552,0.00339231674356812,0.0271662680090337,"MTHFD1L","Ex_L5_6"
"LSM8",1.91812486817856,-1.51675929270834,0.517710069329603,-2.92974655616113,0.00339238567893477,0.0271662680090337,"LSM8","Ex_L5_6"
"LONRF1",7.00949864451166,0.758317453288598,0.258969666130099,2.92820956454275,0.00340920175680138,0.027279073144494,"LONRF1","Ex_L5_6"
"PRRT1",5.79135597532204,1.43974855676613,0.491745250076074,2.92783419167424,0.00341332018868639,0.0272901775725854,"PRRT1","Ex_L5_6"
"WAPL",6.19046995396781,0.788171903613547,0.269362540174011,2.92606352429102,0.00343280833958061,0.0274240499966176,"WAPL","Ex_L5_6"
"ZNF446",1.53049131788202,1.35771803088403,0.464341384887885,2.92396515811712,0.00345603428274853,0.0275869497881125,"ZNF446","Ex_L5_6"
"ENSG00000283599",0.620547006158282,2.53473441780394,0.866954264559818,2.92372333976685,0.00345872004047479,0.0275869497881125,"CXorf49C","Ex_L5_6"
"LPGAT1",9.52895439900695,0.976535726685744,0.334237344555023,2.92168347611134,0.003481451517082,0.0277461136058353,"LPGAT1","Ex_L5_6"
"RPRD1A",14.1496141361366,0.456389112252878,0.156362284062943,2.91879282135045,0.00351389677060256,0.0279823779485275,"RPRD1A","Ex_L5_6"
"EPHA1-AS1",0.558451201806345,2.58513796931376,0.88643114717181,2.91634378774001,0.00354160021909804,0.0281805355013263,"EPHA1-AS1","Ex_L5_6"
"PIK3R3",2.71005107926271,1.09773870559144,0.376526312434288,2.91543690132684,0.00355190922489576,0.0282400801858459,"PIK3R3","Ex_L5_6"
"ZNF682",1.92279999101719,1.32003615864616,0.452983482614503,2.91409335949128,0.00356723208588035,0.028339362055873,"ZNF682","Ex_L5_6"
"YWHAG",12.571405962108,-0.710202537873514,0.243868345100328,-2.9122374926575,0.00358849682974357,0.0284856531504823,"YWHAG","Ex_L5_6"
"APLP2",13.04962641144,0.770030679890817,0.264503349051198,2.91123224962179,0.00360006310548514,0.0285547862509671,"APLP2","Ex_L5_6"
"RANBP2",11.59451682562,0.64874260912387,0.222895544701325,2.91052299853355,0.00360824410342617,0.0285716583727882,"RANBP2","Ex_L5_6"
"MLXIPL",7.85128089669668,-0.834556450863743,0.286710443773621,-2.91079892270226,0.0036050593937412,0.0285716583727882,"MLXIPL","Ex_L5_6"
"HDHD5",2.53386596848499,1.16522197426051,0.400378016358956,2.91030457880046,0.00361076691263073,0.0285716583727882,"HDHD5","Ex_L5_6"
"NUP58",6.18725366649287,0.754674082560812,0.259369703348493,2.90964624170782,0.0036183805987813,0.0286092529305541,"NUP58","Ex_L5_6"
"PCBP1-AS1",7.15119329337891,0.62743103586383,0.215708756101132,2.90869525745941,0.00362940453802179,0.0286510813214769,"PCBP1-AS1","Ex_L5_6"
"CIC",2.41209985458455,0.965313235254604,0.331864973208762,2.90875299650068,0.00362873434921504,0.0286510813214769,"CIC","Ex_L5_6"
"LONRF2",14.8968674046267,0.560988523637193,0.19307019689603,2.90561947237921,0.00366526893481909,0.0289113636421326,"LONRF2","Ex_L5_6"
"LSAMP",204.822734061443,-0.246351157011928,0.0848582447940895,-2.90309041401581,0.00369499945503663,0.0291014141733639,"LSAMP","Ex_L5_6"
"HIPK4",1.03054585091931,2.18535017735227,0.752770945274584,2.90307455550789,0.00369518657054221,0.0291014141733639,"HIPK4","Ex_L5_6"
"LRRC41",3.78788649614847,0.783254351963161,0.26989888591042,2.90202884432478,0.0037075440103,0.0291757439676679,"LRRC41","Ex_L5_6"
"ACYP1",2.38514067159122,-1.07386535431639,0.37020861189419,-2.90070333270181,0.00372326191351842,0.0292763804592471,"ACYP1","Ex_L5_6"
"SLC25A40",1.9349348639091,-1.19291477343715,0.411333665376557,-2.9001146121728,0.00373026236215468,0.0293083663894449,"SLC25A40","Ex_L5_6"
"ME1",10.3844622830887,0.705442098301912,0.243269564620868,2.89983705689338,0.0037335669074043,0.0293112864670845,"ME1","Ex_L5_6"
"CAMK4",18.0455510464951,-0.520568708616093,0.179609872737757,-2.89833014567167,0.00375155452789232,0.0294183740073754,"CAMK4","Ex_L5_6"
"TBC1D2B",2.4706608182534,0.995212587568858,0.343389722690585,2.89820143646409,0.00375309454266597,0.0294183740073754,"TBC1D2B","Ex_L5_6"
"DIRAS1",1.11490054735685,-1.75182367961973,0.604800810087694,-2.8965299821039,0.00377314586056596,0.02955236655995,"DIRAS1","Ex_L5_6"
"GRK4",5.4193561689225,-0.874757231738487,0.302062862446698,-2.89594432315508,0.00378019461942079,0.0295612402398211,"GRK4","Ex_L5_6"
"PTPRB",7.37881211758492,-1.06856979463366,0.368968184231577,-2.89610280859064,0.00377828597147821,0.0295612402398211,"PTPRB","Ex_L5_6"
"SSR3",1.8972963200054,1.20248894590796,0.41554614480748,2.89375550930706,0.00380664438131109,0.029744803711355,"SSR3","Ex_L5_6"
"ZSWIM6",16.4439037015513,0.454438539265746,0.157071577509053,2.89319395954722,0.00381345723526093,0.0297515156980466,"ZSWIM6","Ex_L5_6"
"GPR22",7.05953907134741,-1.20256914139921,0.415632895529971,-2.89334447377132,0.00381163007522901,0.0297515156980466,"GPR22","Ex_L5_6"
"LRCH1",6.09182404049662,-0.75632081631025,0.261579477494346,-2.89136144606986,0.00383576686274834,0.0298393425521214,"LRCH1","Ex_L5_6"
"ENSG00000290976",3.05898865120271,1.19517247706605,0.413298875575775,2.89178739090696,0.00383057071651598,0.0298393425521214,"USP32P1","Ex_L5_6"
"SYT4",10.0116256341981,1.22578593100197,0.423937474032368,2.89143094462176,0.00383491860557098,0.0298393425521214,"SYT4","Ex_L5_6"
"GRIK1",2.69228588895898,-2.21511932236546,0.766135697138638,-2.89128848928262,0.00383665751245507,0.0298393425521214,"GRIK1","Ex_L5_6"
"GPD1L",3.19490455451915,-1.09307902205625,0.378248292283481,-2.88984522694694,0.00385431539428291,0.0299068540764467,"GPD1L","Ex_L5_6"
"MMUT",1.92584653050032,-1.40120140792597,0.484814582793121,-2.89017999387178,0.00385021305740948,0.0299068540764467,"MMUT","Ex_L5_6"
"VPS37B",3.76620083725692,1.08452008417888,0.375281942322953,2.88988081191923,0.0038538791365439,0.0299068540764467,"VPS37B","Ex_L5_6"
"CEND1",5.09071048187829,-1.20025110178364,0.41546664815782,-2.88892287047721,0.00386563878535743,0.029971446098419,"CEND1","Ex_L5_6"
"ENSG00000286003",0.574110026655413,-1.8455906376173,0.639082665632367,-2.88787466296101,0.00387854387942847,0.0300481918845025,"ENSG00000286003","Ex_L5_6"
"GCLM",1.92338395775544,1.56862897785294,0.543381756937623,2.88678991855261,0.00389193999521636,0.0301286199164929,"GCLM","Ex_L5_6"
"SLC1A2",8.60356909806833,-0.902461922654165,0.312647577589857,-2.88651500072727,0.00389534177817964,0.0301316143429778,"SLC1A2","Ex_L5_6"
"PTPRJ",7.8822978743615,0.616428254625934,0.213598946090532,2.88591430767016,0.0039027840438368,0.0301658342877842,"PTPRJ","Ex_L5_6"
"SMPD4",6.29713473921846,0.801829927835023,0.277975336963263,2.88453622035177,0.00391990663360018,0.0302747657621331,"SMPD4","Ex_L5_6"
"PREB",1.496607174612,-1.25562193616182,0.435346685000574,-2.88418857757045,0.0039242368214399,0.0302812558351954,"PREB","Ex_L5_6"
"AP3B1",4.36590145430033,-0.893223187065019,0.309743488487578,-2.88375129829675,0.0039296896772071,0.0302812558351954,"AP3B1","Ex_L5_6"
"CLVS2",7.41996158787058,-0.672633417572961,0.233250408180896,-2.8837395090486,0.00392983678389518,0.0302812558351954,"CLVS2","Ex_L5_6"
"RAD21",7.01738236396291,1.1469353496156,0.397808001549151,2.88313795888767,0.00393734959128672,0.0303157718145759,"RAD21","Ex_L5_6"
"KLHDC2",4.959942904549,0.926867316310354,0.321656232671307,2.88154626637532,0.00395729132273957,0.0304458579518547,"KLHDC2","Ex_L5_6"
"DPP7",11.3693839879422,1.07059037147847,0.371780022187657,2.87963394369289,0.00398137137833149,0.0306075581192653,"DPP7","Ex_L5_6"
"CDH8",39.5102220871381,-0.552841897036168,0.192021292773835,-2.87906559241486,0.00398855368702822,0.0306392048794466,"CDH8","Ex_L5_6"
"DIAPH1",6.19126612521439,0.675370758542792,0.23460467937588,2.87876081730119,0.00399241000265729,0.0306452730925936,"DIAPH1","Ex_L5_6"
"LRRC8B",11.3072997432731,0.77097572586563,0.267927233696508,2.87755639928319,0.0040076826329547,0.0307372680698439,"LRRC8B","Ex_L5_6"
"ZEB2",14.6226272457527,0.809007667695361,0.281166002165125,2.87733104808398,0.00401054608395802,0.0307372680698439,"ZEB2","Ex_L5_6"
"KCNK2",2.18314971312419,-1.76058869662135,0.61214030805675,-2.87611953248165,0.00402597220606481,0.0308236273890998,"KCNK2","Ex_L5_6"
"ZMIZ2",5.45226949491035,0.946825862777871,0.329220579483487,2.87596195919266,0.00402798252653235,0.0308236273890998,"ZMIZ2","Ex_L5_6"
"SEPTIN7",21.5397081305716,-0.490183242120566,0.170459291791407,-2.87566161380283,0.00403181685790486,0.0308293631812556,"SEPTIN7","Ex_L5_6"
"FBXO31",4.08387427209739,0.829625644857023,0.288745469435138,2.87320748782652,0.00406327158998447,0.031046128647022,"FBXO31","Ex_L5_6"
"STT3A",1.56961090901948,1.49887061644004,0.52184154402817,2.87227154218126,0.0040753262360959,0.0311144464503761,"STT3A","Ex_L5_6"
"SREK1IP1",4.98555991640759,0.896156393893412,0.312111741554934,2.87126780116884,0.0040882901253053,0.0311445701480864,"SREK1IP1","Ex_L5_6"
"ENSG00000286540",2.00173443491743,-1.41791183725624,0.49380997213695,-2.87137141261094,0.00408695019409524,0.0311445701480864,"ENSG00000286540","Ex_L5_6"
"FBXO16",5.38188458353451,-0.743721214198664,0.259024196685643,-2.8712422380418,0.00408862077589447,0.0311445701480864,"FBXO16","Ex_L5_6"
"HCN1",37.7320861466701,-0.34212172744312,0.119205578793874,-2.87001439785554,0.00410453109009904,0.0312419525624142,"HCN1","Ex_L5_6"
"RGL1",17.1465802390749,0.645661387654256,0.225061587668124,2.8688209051753,0.00412005015962911,0.0313362110314561,"RGL1","Ex_L5_6"
"PHB2",1.47741691610617,1.22221659000607,0.426444530399835,2.86606229621498,0.00415612451020532,0.0315396940038679,"PHB2","Ex_L5_6"
"PTPRR",23.5302862240241,-0.874919869856174,0.305256936733538,-2.8661752267399,0.00415464210919194,0.0315396940038679,"PTPRR","Ex_L5_6"
"CHRNE",1.01166640723314,2.10278754168655,0.733688083695833,2.86605110320738,0.00415627146318732,0.0315396940038679,"CHRNE","Ex_L5_6"
"GALT",2.16420138054829,-1.34914015153367,0.47089840346534,-2.86503445670096,0.00416963869061588,0.0316171237283878,"GALT","Ex_L5_6"
"NMNAT2",20.3816895164347,0.455729069346292,0.15908601298196,2.86467088340424,0.00417442854109032,0.0316214237895442,"NMNAT2","Ex_L5_6"
"CNTNAP3",7.55042082870659,-1.65804746956273,0.578917731444383,-2.86404678852373,0.00418266224038405,0.0316214237895442,"CNTNAP3","Ex_L5_6"
"ZSWIM8",8.57863796610421,1.02290881601449,0.357216678430908,2.86355278960564,0.0041891900237499,0.0316214237895442,"ZSWIM8","Ex_L5_6"
"TSPAN9",1.29002610256148,1.56300329258921,0.545767722993174,2.86386172494257,0.00418510661940929,0.0316214237895442,"TSPAN9","Ex_L5_6"
"EFTUD2",3.24842428876918,0.79505682994299,0.277619377287586,2.86383766764015,0.00418542447112484,0.0316214237895442,"EFTUD2","Ex_L5_6"
"RAB27B",14.856631335095,-0.797951294602109,0.278650536829386,-2.8636273365254,0.00418820435669414,0.0316214237895442,"RAB27B","Ex_L5_6"
"MIR3936HG",3.70650962368975,-1.25067491793886,0.436831659844473,-2.86305923518488,0.00419572116166707,0.0316229542154605,"MIR3936HG","Ex_L5_6"
"YIF1B",1.86496090925239,-1.22016391070187,0.426147176431018,-2.86324532505587,0.00419325757593686,0.0316229542154605,"YIF1B","Ex_L5_6"
"ENSG00000285803",0.756576918914709,2.27536519718418,0.794868532220782,2.86256796558173,0.00420223123637133,0.0316481529587755,"ENSG00000285803","Ex_L5_6"
"FRS3",1.01145872041425,-1.68647606571069,0.589283682731765,-2.86190864456425,0.00421098265016912,0.0316901811790589,"FRS3","Ex_L5_6"
"MXD1",3.99626179475311,0.767718018441209,0.268304557855724,2.86136778509009,0.00421817401941961,0.0317204147103684,"MXD1","Ex_L5_6"
"ILKAP",6.19951414273179,0.607988337158347,0.21252373926581,2.86080199444409,0.00422570879837821,0.0317531832563849,"ILKAP","Ex_L5_6"
"YTHDC2",13.2087220825881,0.666762300806354,0.233091676224042,2.86051527711131,0.00422953174535069,0.0317580317528436,"YTHDC2","Ex_L5_6"
"H3-3B",8.98470652862508,0.697818132348857,0.244030591522988,2.85955186189482,0.00424240043760267,0.0318307432232741,"H3-3B","Ex_L5_6"
"ARID4A",11.3002498400973,0.582425951253502,0.203856140613925,2.85704394039587,0.00427606637887312,0.0320592703604336,"ARID4A","Ex_L5_6"
"CERCAM",4.59837790352506,1.39925566591127,0.489960856765455,2.85585194529345,0.00429215231543862,0.0321557498054674,"CERCAM","Ex_L5_6"
"BRINP2",10.3954564709708,0.492985638830214,0.172654366222883,2.85533259085849,0.00429917813376451,0.0321842593774102,"BRINP2","Ex_L5_6"
"KLHL29",12.9258418862339,-0.692944344630508,0.242755492836852,-2.85449501691075,0.0043105307928616,0.0322450933711518,"KLHL29","Ex_L5_6"
"CRB1",3.07613629363104,-1.11094259889795,0.389243942496386,-2.85410375758967,0.00431584331532334,0.0322590581992051,"CRB1","Ex_L5_6"
"USP49",4.22569764832196,-0.761431516821633,0.266805510752322,-2.85388227055204,0.00431885329903307,0.0322590581992051,"USP49","Ex_L5_6"
"RAC1",7.95338550017332,-0.921451411451884,0.322908965824617,-2.85359500346719,0.00432276006127552,0.0322641255058906,"RAC1","Ex_L5_6"
"AGO4",8.33411201700974,0.900589209201772,0.3157515223274,2.85220860556283,0.00434165981880461,0.0323810061411442,"AGO4","Ex_L5_6"
"AHCTF1",7.9207689146629,0.663565044475947,0.23267342470206,2.85191592175019,0.00434565932932417,0.0323866661724577,"AHCTF1","Ex_L5_6"
"RAB5IF",1.87895875628631,1.01358765139316,0.355474716974298,2.85136355131115,0.0043532165467038,0.0324188123455721,"RAB5IF","Ex_L5_6"
"WARS2-AS1",2.88515096409712,-1.23522020977288,0.433443300441199,-2.84978498575374,0.00437487930103492,0.0325370106258931,"WARS2-AS1","Ex_L5_6"
"EPM2AIP1",5.36701999520448,-0.760327786401685,0.266806710566839,-2.84973262024162,0.00437559958787276,0.0325370106258931,"EPM2AIP1","Ex_L5_6"
"CCNI",7.67192767550594,-0.986700253364778,0.346343090401446,-2.8489098836102,0.00438693043894399,0.0325970132392612,"CCNI","Ex_L5_6"
"NPEPPS",10.7590407145507,0.560026643831541,0.196700898087796,2.8470975439145,0.00441198412545538,0.0327588182390795,"NPEPPS","Ex_L5_6"
"TRAPPC12",5.61843111061831,-0.676962284130408,0.237924472039146,-2.84528227940767,0.00443720816741045,0.0329216469377135,"TRAPPC12","Ex_L5_6"
"PUDP",1.68648151219691,-1.48252537919338,0.521111418792394,-2.84492975154706,0.00444212185266238,0.0329336541509702,"PUDP","Ex_L5_6"
"PLEKHA3",3.43318067964888,1.17716764678155,0.414124891866038,2.84254259983566,0.00447552495544124,0.0331567060079168,"PLEKHA3","Ex_L5_6"
"ABHD10",2.48577272333414,1.41831480514412,0.499522583649924,2.83934070564086,0.00452068599598414,0.0334664709954559,"ABHD10","Ex_L5_6"
"NFXL1",2.03918345236727,-1.11066762583705,0.391210479610565,-2.83905386926924,0.00452475175307746,0.0334717757366811,"NFXL1","Ex_L5_6"
"MDN1",10.014428240968,0.519244199645813,0.182959676118164,2.83802535434344,0.00453935766854564,0.0335549856060984,"MDN1","Ex_L5_6"
"PARP1",2.31579563247993,1.05382399402254,0.371431644915069,2.83719496830569,0.00455118110656804,0.0336175195706142,"PARP1","Ex_L5_6"
"BICD1",17.4089330158251,-0.462712877988419,0.163144767802028,-2.83621034387024,0.00456523680979656,0.0336964377231218,"BICD1","Ex_L5_6"
"HES4",1.79490081144693,-1.13893190414665,0.401658304184563,-2.83557414917359,0.00457433950906519,0.0337387077886328,"HES4","Ex_L5_6"
"MRPS14",0.751394507770586,-1.58703832346604,0.560266846536872,-2.83264721672513,0.00461643032986215,0.033800939950031,"MRPS14","Ex_L5_6"
"MARCHF1",51.1591925426488,0.438718525059613,0.154832398214461,2.83350597238658,0.00460404476334463,0.033800939950031,"MARCHF1","Ex_L5_6"
"COX7C",11.2912707054275,-0.590108250091309,0.208324802775709,-2.8326355874516,0.00461659826213652,0.033800939950031,"COX7C","Ex_L5_6"
"ACSL6",4.73597533993881,-0.724092761931711,0.255592140210449,-2.83300089484563,0.00461132569025115,0.033800939950031,"ACSL6","Ex_L5_6"
"TRA2A",12.5826653205852,0.52781538475723,0.186265246096916,2.83367614634134,0.00460159397269378,0.033800939950031,"TRA2A","Ex_L5_6"
"STMN2",15.8847138534565,-0.706150729175227,0.249182606375666,-2.83386846074898,0.00459882574443847,0.033800939950031,"STMN2","Ex_L5_6"
"RPS6",7.22708860833474,-0.876515111197874,0.309413658345019,-2.83282617802378,0.00461384674056598,0.033800939950031,"RPS6","Ex_L5_6"
"PCDH17",8.58056555568724,-0.959960858961114,0.338852827216638,-2.8329728479656,0.00461173030444955,0.033800939950031,"PCDH17","Ex_L5_6"
"KNOP1",2.17498931229272,-1.20486763365262,0.425195012123649,-2.83368242641153,0.00460150355174867,0.033800939950031,"KNOP1","Ex_L5_6"
"ZNF737",1.5463242092077,-1.63358810111071,0.576536900895719,-2.83344933962203,0.00460486063235078,0.033800939950031,"ZNF737","Ex_L5_6"
"ADAM15",3.72182296656998,1.46392266673393,0.51712375510629,2.83089425360672,0.00464180647698971,0.0339357819539394,"ADAM15","Ex_L5_6"
"NCOA1",32.9221429543469,-0.328256876089796,0.115953927729917,-2.83092502786435,0.00464135989733659,0.0339357819539394,"NCOA1","Ex_L5_6"
"SAPCD1-AS1",1.07185132766661,-1.82340543574885,0.644200818166047,-2.83049226938245,0.00464764343264471,0.0339536172995988,"SAPCD1-AS1","Ex_L5_6"
"ENSG00000286863",31.5005632171703,0.778521254511532,0.275184000650654,2.82909345263813,0.00466800659244628,0.0340755707946118,"ENSG00000286863","Ex_L5_6"
"KMT2B",2.90350022625858,0.933819844368118,0.330102596582014,2.82887760968009,0.00467115589239725,0.0340755707946118,"KMT2B","Ex_L5_6"
"XKR4",36.3829542098154,-0.665020804860861,0.235108848706998,-2.82856561340928,0.00467571153653082,0.0340839249424428,"XKR4","Ex_L5_6"
"RHBDD2",11.9114743954364,1.09280742094369,0.386395355108035,2.82821055299215,0.00468090087939623,0.03409688293636,"RHBDD2","Ex_L5_6"
"LRRFIP2",15.6761586250013,0.485962069600669,0.171969578132918,2.82586068348125,0.00471537676601312,0.0342980170302293,"LRRFIP2","Ex_L5_6"
"TTC9B",9.19870731368408,0.733174876789557,0.259444646432025,2.8259395091494,0.0047142165668836,0.0342980170302293,"TTC9B","Ex_L5_6"
"CITED2",0.701241029411513,-1.98933733255933,0.704106446181572,-2.82533606011942,0.00472310504538742,0.0343292449626195,"CITED2","Ex_L5_6"
"RASAL1",3.61837652664903,0.858804665512078,0.304005315798134,2.82496594922157,0.00472856408168698,0.0343439458084154,"RASAL1","Ex_L5_6"
"NOVA2",5.38891677101045,0.823889825277405,0.291706787755262,2.82437659958957,0.00473726861929969,0.0343821805238062,"NOVA2","Ex_L5_6"
"SNHG7",1.91457355672347,1.2422742494238,0.440047177405937,2.82304787579134,0.00475694675133171,0.0344999461776554,"SNHG7","Ex_L5_6"
"OGDH",5.6423795913908,0.753338412109889,0.266967294744612,2.82183783159863,0.00477493159530963,0.0346052692991475,"OGDH","Ex_L5_6"
"CHM",5.55087389539301,-0.695995484118912,0.246800891840319,-2.82006875635289,0.00480133605808182,0.0347714149017896,"CHM","Ex_L5_6"
"MICAL1",2.00428678513039,-1.31821995625857,0.467590920809004,-2.81917355020036,0.00481474780803886,0.0348014260393301,"MICAL1","Ex_L5_6"
"CPQ",2.50410581857667,-1.15301762554592,0.409002761560676,-2.81909496441106,0.00481592677730573,0.0348014260393301,"CPQ","Ex_L5_6"
"ZNF846",4.19404053207567,0.997566957572072,0.353846249144043,2.81921020778147,0.00481419794855594,0.0348014260393301,"ZNF846","Ex_L5_6"
"GPR89B",3.53794595687812,0.778463642157389,0.276260030096452,2.81786562422947,0.00483440377086107,0.0348341970338756,"GPR89B","Ex_L5_6"
"MYRIP",28.5752217126534,-0.448695342812417,0.159224293098119,-2.81800806950932,0.00483225953651237,0.0348341970338756,"MYRIP","Ex_L5_6"
"TRIM37",8.94960730796295,0.531040612304603,0.188443431010036,2.81803727229059,0.00483182005221258,0.0348341970338756,"TRIM37","Ex_L5_6"
"APOO",2.31194898879613,0.999817527662224,0.354763347165329,2.81826613614704,0.00482837704092783,0.0348341970338756,"APOO","Ex_L5_6"
"USP8",6.78375314655591,0.575700051723053,0.204365049942878,2.81701813438241,0.00484717887570048,0.0349010847865638,"USP8","Ex_L5_6"
"UBN1",2.0913467532989,1.0363145177795,0.368034540482325,2.81580776744858,0.00486547697075735,0.0350076147197617,"UBN1","Ex_L5_6"
"PDSS2",4.95499878035602,-0.818851328229295,0.290900647044038,-2.81488314498432,0.00487949731426568,0.0350762072415155,"PDSS2","Ex_L5_6"
"PYGB",6.33585619126304,1.11889034237449,0.397514415076843,2.81471639753794,0.00488202964508186,0.0350762072415155,"PYGB","Ex_L5_6"
"QARS1",2.27857035585675,1.02959163048718,0.365852795501291,2.81422376198173,0.00488951806237735,0.0350795717985637,"QARS1","Ex_L5_6"
"CDC34",5.35526090380677,1.35313300807051,0.480791430738931,2.81438669984378,0.00488704013964235,0.0350795717985637,"CDC34","Ex_L5_6"
"DUOX1",2.68315116414316,1.69933160467648,0.604143809601195,2.8127932086207,0.00491132244206671,0.0352107291865242,"DUOX1","Ex_L5_6"
"SRPK1",5.90432294651078,0.723139583263093,0.257154466474115,2.81208253225454,0.00492218718061976,0.0352633252208702,"SRPK1","Ex_L5_6"
"ANKRD54",1.64824888085216,1.442166464191,0.512894562309122,2.81181858840181,0.00492622785697255,0.0352669922654611,"ANKRD54","Ex_L5_6"
"PRKCB",51.3081850784438,0.487004460374042,0.173218503042901,2.81150368938027,0.00493105252300729,0.0352762626449069,"PRKCB","Ex_L5_6"
"METAP1",1.69806960970162,-1.38557624087459,0.492916454437395,-2.81097583251924,0.00493914956963358,0.0352836746239585,"METAP1","Ex_L5_6"
"BICDL1",10.441632357806,0.800980080027757,0.284936483847974,2.81108290946383,0.00493750609402522,0.0352836746239585,"BICDL1","Ex_L5_6"
"MAPK1IP1L",4.15856196942797,-0.875766514185918,0.311643825067445,-2.81015198679578,0.00495181096185666,0.0353488562519967,"MAPK1IP1L","Ex_L5_6"
"TCTN1",1.67821573407121,-1.33823678828901,0.476283525718696,-2.80974821933985,0.00495802703270933,0.0353679672840093,"TCTN1","Ex_L5_6"
"RABGEF1",14.8903827498872,0.564742912926957,0.201028603534588,2.80926645759537,0.00496545307207905,0.0353956761785721,"RABGEF1","Ex_L5_6"
"LIPI",1.13911145948531,2.24636775456199,0.800024676750034,2.80787308172479,0.00498698769255069,0.0355238453309705,"LIPI","Ex_L5_6"
"PLEKHG5",1.43722919235776,-1.37179343472917,0.488774984591237,-2.80659501401529,0.0050068144464019,0.0356396749126357,"PLEKHG5","Ex_L5_6"
"ENSG00000254092",5.51968126073385,-1.24095073481081,0.442231798066755,-2.8061092400766,0.00501436896559962,0.0356426767014243,"ENSG00000254092","Ex_L5_6"
"TM9SF2",5.34723194077476,0.745287210928599,0.265585250099937,2.80620708660648,0.00501284647573908,0.0356426767014243,"TM9SF2","Ex_L5_6"
"CXXC5",4.39200344671432,1.0892533035954,0.388401900168962,2.80444895640714,0.00504026675927556,0.0358012977911869,"CXXC5","Ex_L5_6"
"APOL2",2.26642452866956,-1.44439163792804,0.515101824122034,-2.80408954169389,0.00504588895668497,0.0358157771541971,"APOL2","Ex_L5_6"
"GALNT9",3.40743065863565,1.28716763914315,0.459169141691615,2.80325379532502,0.00505898416800315,0.0358832418559428,"GALNT9","Ex_L5_6"
"UBA6-DT",13.3351048146311,-0.798644467741035,0.285233291521448,-2.79996932854867,0.00511074623848212,0.0362246793669435,"UBA6-DT","Ex_L5_6"
"MARVELD1",1.00483964348338,-1.66229950187721,0.59375980728164,-2.79961607621704,0.00511634178891763,0.0362386391484357,"MARVELD1","Ex_L5_6"
"NAA38",5.33468725009347,0.643658705236555,0.229950501428999,2.79911851131708,0.00512423265655437,0.0362575384384857,"NAA38","Ex_L5_6"
"MORF4L2",13.8247039026922,0.564112759257277,0.201541511754233,2.7989904131769,0.00512626594092258,0.0362575384384857,"MORF4L2","Ex_L5_6"
"ENSG00000249207",1.44812170430265,1.5864185024819,0.567027816800967,2.79777897217122,0.005145531065889,0.0363166931302928,"ENSG00000249207","Ex_L5_6"
"SPPL3",13.3917157845276,0.639859433641036,0.22869770061137,2.79783938330171,0.00514456882079139,0.0363166931302928,"SPPL3","Ex_L5_6"
"ZFYVE26",1.45535240428888,1.18322336041421,0.42290848857338,2.79782362469394,0.00514481981255016,0.0363166931302928,"ZFYVE26","Ex_L5_6"
"SIAH2",1.49050638622238,1.17506206593531,0.420066697160332,2.79732260109829,0.00515280552702548,0.0363423701038057,"SIAH2","Ex_L5_6"
"MARCHF3",1.69768451083185,1.3339357522913,0.477233537071472,2.79514252178702,0.00518768394582083,0.0365367958805732,"MARCHF3","Ex_L5_6"
"RAB21",3.30472441894302,0.812479306075509,0.290663266230555,2.79525967148201,0.00518580429386974,0.0365367958805732,"RAB21","Ex_L5_6"
"PHTF2",10.9110512673222,0.619345612005067,0.22159944390415,2.79488793425383,0.00519177089316997,0.0365398297931977,"PHTF2","Ex_L5_6"
"NDUFA5",5.50767030695671,-0.878688217467737,0.314508826337752,-2.79384279194794,0.00520857928707769,0.0366323303272727,"NDUFA5","Ex_L5_6"
"TRNAU1AP",5.38232925160173,0.636302853358068,0.227827588600585,2.79291396299506,0.00522355833042847,0.0367118438497202,"TRNAU1AP","Ex_L5_6"
"SEMA5B",3.28613831927376,0.928019494207294,0.332540462744576,2.79069646607218,0.00525947696350254,0.0368864651040311,"SEMA5B","Ex_L5_6"
"MGRN1",4.30205426132332,0.761724971385938,0.272939454890561,2.79082030002354,0.00525746525564485,0.0368864651040311,"MGRN1","Ex_L5_6"
"SNHG16",1.01293380578802,1.79621686190006,0.643627183632709,2.79077221655244,0.00525824629889904,0.0368864651040311,"SNHG16","Ex_L5_6"
"SHTN1",11.406126214465,-0.689917973087191,0.24740069322205,-2.78866628909551,0.00529255690053802,0.0370875022359015,"SHTN1","Ex_L5_6"
"RNF126",2.72998900714921,0.94119191987292,0.33755585003828,2.78825539467375,0.00529927488421726,0.0370875022359015,"RNF126","Ex_L5_6"
"UBE2M",3.08006959470543,-1.02429011755319,0.367345748264134,-2.78835435660656,0.00529765618662671,0.0370875022359015,"UBE2M","Ex_L5_6"
"RPL28",10.5822177726588,0.678236045470175,0.243441816158269,2.78602935261226,0.00533580398287592,0.0372909265768266,"RPL28","Ex_L5_6"
"KIAA1671",5.46043650319423,0.854463997851626,0.306687144882906,2.78610959770702,0.00533448322895662,0.0372909265768266,"KIAA1671","Ex_L5_6"
"CELF2",214.271408725436,-0.307879203677907,0.110528176225444,-2.78552686013679,0.00534408122267438,0.0373226748703059,"CELF2","Ex_L5_6"
"AGO2",4.91376356121791,0.705534472448838,0.253342542393903,2.78490326094484,0.00535436950008383,0.037368413955194,"AGO2","Ex_L5_6"
"INO80D",4.31332294271002,0.755115302118493,0.271170014631964,2.78465634610577,0.00535844809637759,0.037370781769154,"INO80D","Ex_L5_6"
"CCDC181",1.99522120323527,1.04331238384896,0.374832084813625,2.78341269629499,0.00537903367380833,0.0374881886583267,"CCDC181","Ex_L5_6"
"SRBD1",2.49416773120235,-1.29179525824399,0.464353409678267,-2.78192262901445,0.00540379210693675,0.0375188862323509,"SRBD1","Ex_L5_6"
"CWF19L1",2.62903736086265,0.956251077358131,0.343749558459769,2.78182488915123,0.00540541970823806,0.0375188862323509,"CWF19L1","Ex_L5_6"
"XPO4",5.35738428828645,0.741049251223387,0.266337806325492,2.78236597893184,0.00539641483010154,0.0375188862323509,"XPO4","Ex_L5_6"
"NTN1",0.813671120007133,1.88443205297944,0.677459450488028,2.78161600907911,0.00540889954227034,0.0375188862323509,"NTN1","Ex_L5_6"
"ZMYND8",14.5349437077175,0.596314019259351,0.21437762350776,2.7816056988698,0.00540907135739706,0.0375188862323509,"ZMYND8","Ex_L5_6"
"ENSG00000290931",2.43414252975334,0.964984313603173,0.346882575602736,2.78187600494616,0.0054045684534178,0.0375188862323509,"ENSG00000290931","Ex_L5_6"
"RANGAP1",8.21370664497927,1.2645978764892,0.454635068913652,2.78156693787602,0.00540971733648365,0.0375188862323509,"RANGAP1","Ex_L5_6"
"JPH4",15.0493819592494,0.64525649865051,0.232046432496978,2.78072147762459,0.00542382486300932,0.0375906419423822,"JPH4","Ex_L5_6"
"AMT",1.34684486771361,1.42906550972363,0.514196295685691,2.77922171301903,0.00544893198844329,0.0377277811744285,"AMT","Ex_L5_6"
"ZNF131",7.34281946534171,0.762389980378831,0.274330918692312,2.77908878814321,0.00545116229896686,0.0377277811744285,"ZNF131","Ex_L5_6"
"CSDE1",7.75419565806016,0.691300591578808,0.248861974276529,2.7778474135653,0.00547203080554684,0.0378022695731536,"CSDE1","Ex_L5_6"
"PBX1",30.7302956627469,-0.502647078593218,0.18095321437954,-2.77777369314336,0.00547327237065772,0.0378022695731536,"PBX1","Ex_L5_6"
"CPEB3",21.4851749535256,0.482480693681769,0.173666517605545,2.7782021562593,0.00546605994805328,0.0378022695731536,"CPEB3","Ex_L5_6"
"KAT8",3.87348129183429,1.36937482776945,0.493072325690892,2.77722913337446,0.00548245147271523,0.0378395165872348,"KAT8","Ex_L5_6"
"LAMTOR1",1.73569948868941,-1.42903707764774,0.514599856320486,-2.77698693479183,0.00548653843561253,0.0378415908388624,"LAMTOR1","Ex_L5_6"
"GUK1",10.8036235553261,0.587195744901657,0.211486365969006,2.77651820348416,0.0054944558207603,0.037843963799227,"GUK1","Ex_L5_6"
"RFX3",27.069043935022,-0.592899732982868,0.213525149034762,-2.77672084840154,0.00549103166162067,0.037843963799227,"RFX3","Ex_L5_6"
"ESRRA",1.92984305496794,1.08588224100641,0.391232535569204,2.77554176169566,0.00551098211690093,0.0379316496393305,"ESRRA","Ex_L5_6"
"UBR3",25.6712744443682,0.632546849573592,0.22794420268093,2.77500740152191,0.0055200451543189,0.0379405863500731,"UBR3","Ex_L5_6"
"BIN3",4.11656176548065,0.788928446826366,0.284311341442406,2.77487504657348,0.00552229204326925,0.0379405863500731,"BIN3","Ex_L5_6"
"ERCC6L2-AS1",4.83543409584044,-1.1224060730978,0.404500695063562,-2.77479392939343,0.00552366951564502,0.0379405863500731,"ERCC6L2-AS1","Ex_L5_6"
"GNAL",8.18522870123016,1.42970043366918,0.515396761555578,2.77398024262714,0.00553750411237878,0.0380094890790615,"GNAL","Ex_L5_6"
"TNXB",2.61131763739372,1.53315293071061,0.553093521825164,2.7719596600071,0.00557199412470831,0.038193764939873,"TNXB","Ex_L5_6"
"PIGQ",3.51278783716167,-1.22969353648263,0.443600295783457,-2.77207555579022,0.00557001063215282,0.038193764939873,"PIGQ","Ex_L5_6"
"CACYBP",2.34088155716966,0.919239534863647,0.331860095977168,2.76996103480574,0.00560629990835074,0.0383500077235163,"CACYBP","Ex_L5_6"
"ENSG00000286145",2.54416878380382,1.1010445645152,0.397488353136637,2.77000459466723,0.0056055501899665,0.0383500077235163,"ENSG00000286145","Ex_L5_6"
"KDM6A",7.2857935941679,0.573889527457566,0.207181258705419,2.7699876477416,0.00560584185649072,0.0383500077235163,"KDM6A","Ex_L5_6"
"GOLM2",15.0443511460017,0.503664212679055,0.181846928217404,2.76971526336099,0.00561053163032258,0.0383527039079644,"GOLM2","Ex_L5_6"
"WASHC2A",3.03269517946797,-0.967778627750724,0.349589300180172,-2.76833022993538,0.00563443322660828,0.0384703635383346,"WASHC2A","Ex_L5_6"
"MCU",5.56540445515365,-0.83334390545909,0.301033983219823,-2.76827186268388,0.00563544248750469,0.0384703635383346,"MCU","Ex_L5_6"
"MESD",1.58861568564184,-1.21769673185607,0.439924746790289,-2.76796597768241,0.00564073438414275,0.0384802043925752,"MESD","Ex_L5_6"
"SDHB",2.69524515607242,0.99820926763008,0.360776652906359,2.76683443784033,0.00566034932812543,0.038587674751218,"SDHB","Ex_L5_6"
"RBM8A",3.18219654064789,1.0008217278839,0.36178830324445,2.76631864244565,0.00566931090327777,0.0386224220636387,"RBM8A","Ex_L5_6"
"ARHGAP28",2.24476535112211,2.08202511001488,0.752704107790698,2.766060512312,0.00567380053253951,0.0386266774674386,"ARHGAP28","Ex_L5_6"
"BRICD5",1.88395255238791,-1.26684316591959,0.45828641814685,-2.76430440823941,0.00570442947890103,0.0388087598448856,"BRICD5","Ex_L5_6"
"CSRP1",2.63313216749,1.7210169144154,0.622751022459603,2.76357139907713,0.00571725825306901,0.0388510319088564,"CSRP1","Ex_L5_6"
"SEMA6A",2.90694539998876,-1.59716868459373,0.577950305860233,-2.76350521558505,0.00571841784449948,0.0388510319088564,"SEMA6A","Ex_L5_6"
"DSCAM",86.9704205664956,-0.351888396478176,0.127451079161227,-2.76096835581151,0.00576302599908627,0.0391009381092112,"DSCAM","Ex_L5_6"
"UPF3B",3.67506223156973,0.771956134495494,0.279587049407227,2.76105826837178,0.0057614396280503,0.0391009381092112,"UPF3B","Ex_L5_6"
"BZW1",2.3443066474789,-1.30840983256128,0.474051056385519,-2.76006099962621,0.00577905698247635,0.0391300104897484,"BZW1","Ex_L5_6"
"ZNF876P",2.3971372523027,1.34533670107163,0.487364293726658,2.76043345478684,0.00577247166224526,0.0391300104897484,"ZNF876P","Ex_L5_6"
"C4orf45",1.03242583228789,1.48735418053416,0.538845403145654,2.76026142535749,0.00577551244577911,0.0391300104897484,"C4orf45","Ex_L5_6"
"ACTA2",0.443795809145488,2.80635029575027,1.01754294749295,2.75796741814645,0.00581619947471476,0.0393548392351383,"ACTA2","Ex_L5_6"
"ITFG2",2.54753127065136,0.983940136620901,0.356888225261846,2.75699803740791,0.0058334701650192,0.0394449937951298,"ITFG2","Ex_L5_6"
"KCNH2",1.27795817698098,-1.83365752796135,0.665238203214261,-2.75639240064924,0.00584428376804628,0.039491394170287,"KCNH2","Ex_L5_6"
"ENSG00000291042",1.64807992448428,-1.32574558452953,0.481073158068851,-2.75580867960168,0.00585472316541814,0.0395085100035036,"ENSG00000291042","Ex_L5_6"
"USP20",3.12180006071264,1.00482059834886,0.364593668019701,2.75600123229394,0.00585127765368654,0.0395085100035036,"USP20","Ex_L5_6"
"MCTP1",37.7173638409754,-0.684540753011812,0.248518121958021,-2.75449028673829,0.00587836348079912,0.0396412716782095,"MCTP1","Ex_L5_6"
"IFT57",3.25461119147492,0.839923125008868,0.305248877317315,2.75160102926683,0.00593047237019821,0.039907217529264,"IFT57","Ex_L5_6"
"WASHC5",3.10197813971351,0.987911940333316,0.359080553386925,2.75122651732353,0.00593725722914146,0.039907217529264,"WASHC5","Ex_L5_6"
"CDK5RAP2",6.20851687622274,-0.805662855708415,0.292837469821027,-2.75122871468876,0.00593721740010326,0.039907217529264,"CDK5RAP2","Ex_L5_6"
"RBM26",20.3329080568814,-0.351944353665278,0.127924015459168,-2.75119845481723,0.00593776590614524,0.039907217529264,"RBM26","Ex_L5_6"
"MOK",6.84956703553219,0.58505904454907,0.212606264872366,2.75184291911765,0.00592609387890092,0.039907217529264,"MOK","Ex_L5_6"
"SAP18",2.94502307606727,-0.892779865586517,0.324618634076034,-2.75024219767188,0.00595512305741334,0.0399969756960947,"SAP18","Ex_L5_6"
"RMDN2",2.08686043123148,-1.24133563784221,0.451478577772847,-2.74948956374794,0.00596881635620796,0.0400620219368317,"RMDN2","Ex_L5_6"
"SLC39A10",16.4514859130422,-0.61843315860975,0.224979410948549,-2.74884335416444,0.00598059601880465,0.0401141453771367,"SLC39A10","Ex_L5_6"
"PSD",8.42389053092445,0.649420779718718,0.236281468976213,2.74850491886901,0.00598677366205376,0.0401286492143295,"PSD","Ex_L5_6"
"PEX10",1.90384739297998,1.08642147846086,0.395502283888103,2.74694109925352,0.00601539364065979,0.0402395207796211,"PEX10","Ex_L5_6"
"FAM161A",2.96670839812772,1.32031455460316,0.480620465258273,2.74710431627928,0.00601240080135293,0.0402395207796211,"FAM161A","Ex_L5_6"
"ENSG00000233367",0.666009327644112,1.84972700603249,0.673295553831346,2.74727346037968,0.00600930069543579,0.0402395207796211,"ENSG00000233367","Ex_L5_6"
"EPN1",2.92898346184715,1.3056209264257,0.475387268671912,2.74643645816012,0.00602465551613915,0.040274519885147,"EPN1","Ex_L5_6"
"VPS53",11.3551348920581,0.47660302152601,0.173584790064483,2.7456496698182,0.00603912138250747,0.0403442373641575,"VPS53","Ex_L5_6"
"SLC27A1",6.32088542438601,0.903024049468934,0.32894866484744,2.74518229124821,0.00604772939819136,0.0403747545795086,"SLC27A1","Ex_L5_6"
"OXA1L",1.83215677236975,1.29665477650402,0.472554429805764,2.7439268256082,0.00607090687604377,0.040502432122284,"OXA1L","Ex_L5_6"
"P4HTM",6.00739112963943,-0.629788231546938,0.229552888640007,-2.74354304699949,0.00607800786336402,0.0405179524235544,"P4HTM","Ex_L5_6"
"SELENOO",8.47369537590263,0.580560629857243,0.211623699868918,2.74336300809809,0.00608134166853428,0.0405179524235544,"SELENOO","Ex_L5_6"
"COMMD3",1.2716361039002,-1.39168674752814,0.507423014986329,-2.74265594272587,0.00609445043782853,0.0405597027044465,"COMMD3","Ex_L5_6"
"DIAPH2",12.2210623851342,-0.666885738372888,0.243159349303907,-2.74258727983104,0.00609572478107651,0.0405597027044465,"DIAPH2","Ex_L5_6"
"HAGHL",5.39814251324696,0.897639192579496,0.327829008738835,2.73813228436596,0.00617892163093039,0.0410859233396662,"HAGHL","Ex_L5_6"
"AFF1",5.70595947010064,0.704380989250377,0.257287745862942,2.73771681930629,0.00618673230904723,0.041110507112113,"AFF1","Ex_L5_6"
"GMDS",15.9549840768406,-0.596970109083723,0.218334263608732,-2.73420259017855,0.00625315572887207,0.0415242779763106,"GMDS","Ex_L5_6"
"CD2AP",3.34654062555254,0.890205224677843,0.325636015554873,2.7337431431255,0.0062618871539384,0.0415392180260241,"CD2AP","Ex_L5_6"
"STX17",2.55866927181974,-0.941412806157275,0.344379817672663,-2.73364685689014,0.00626371838755436,0.0415392180260241,"STX17","Ex_L5_6"
"ENSG00000248994",8.2759868828886,0.661855757158274,0.242319675811301,2.73133312407397,0.00630786767346425,0.0417961064421642,"LOC124901165","Ex_L5_6"
"ZC3H12C",2.33943524831532,1.21511265447294,0.444904074360949,2.73117897654298,0.00631081895349467,0.0417961064421642,"ZC3H12C","Ex_L5_6"
"ST6GAL1",5.14505073425407,-0.966680064633067,0.35403491011972,-2.73046537785264,0.00632449758195761,0.0418109494132574,"ST6GAL1","Ex_L5_6"
"MTUS2",39.3158528928761,0.509617875181606,0.186645364025363,2.7304073575187,0.00632561091783522,0.0418109494132574,"MTUS2","Ex_L5_6"
"ABHD3",2.72782148873871,-1.49508846717649,0.547498848676429,-2.73076093363639,0.00631882898201116,0.0418109494132574,"ABHD3","Ex_L5_6"
"PFN2",7.63345123879193,-0.874018961264064,0.320278024819834,-2.72893827716006,0.00635385952804425,0.0419699088719592,"PFN2","Ex_L5_6"
"ATRNL1",90.0742969195905,-0.223214705894208,0.0818088919234404,-2.7284895400258,0.0063625107984094,0.0419992951910856,"ATRNL1","Ex_L5_6"
"MFSD8",3.40842031357635,0.788901290166978,0.289233090045624,2.7275623617012,0.00638041959457951,0.0420897118338136,"MFSD8","Ex_L5_6"
"ZFHX2-AS1",1.19145415988794,1.34694429164874,0.493928588122762,2.72700208904282,0.00639126344478923,0.0421334346089865,"ZFHX2-AS1","Ex_L5_6"
"TBC1D32",14.4383424078979,0.501038643448911,0.183749444306307,2.72674916291823,0.00639616415812458,0.0421379463390225,"TBC1D32","Ex_L5_6"
"PSMD2",2.73867263508863,0.858614130782999,0.315143501149476,2.72451796610506,0.00643954267106323,0.0423121561174266,"PSMD2","Ex_L5_6"
"DDX41",3.33991580420401,1.05659292816808,0.387805369684951,2.72454434817765,0.00643902821321492,0.0423121561174266,"DDX41","Ex_L5_6"
"ANKMY2",3.7728385010057,1.27154901422863,0.46668916593101,2.7246165264882,0.00643762090478958,0.0423121561174266,"ANKMY2","Ex_L5_6"
"SLC16A7",10.000718076486,-0.507236499826508,0.186163261932995,-2.72468635626441,0.00643625965066926,0.0423121561174266,"SLC16A7","Ex_L5_6"
"RCN2",3.96086211651749,-0.74888756586804,0.27495692945931,-2.7236540913542,0.00645640891619382,0.0423951055903029,"RCN2","Ex_L5_6"
"EIF3I",1.00964572454642,1.78175430864072,0.654270913422384,2.72326687934308,0.00646398171373298,0.0424169620794796,"EIF3I","Ex_L5_6"
"MRPS11",1.70681052573028,1.01003458692545,0.370928025978154,2.72299345475971,0.00646933395580203,0.0424242280539931,"MRPS11","Ex_L5_6"
"GNG7",2.46692737399847,-0.957549316017599,0.351772385483322,-2.72207073531927,0.00648742548075581,0.0425149706588023,"GNG7","Ex_L5_6"
"GREB1L",7.12283369683723,-1.16310402877662,0.427487347958366,-2.72079170139533,0.00651257843792523,0.0426518407002784,"GREB1L","Ex_L5_6"
"TTC33",4.90242725083851,0.776592073370731,0.285466806856218,2.7204286267926,0.0065197344809665,0.0426707442061423,"TTC33","Ex_L5_6"
"PIBF1",9.96785284172778,-0.496044573128573,0.182408187624143,-2.71942054569769,0.00653964041614689,0.042773014606657,"PIBF1","Ex_L5_6"
"ENSG00000291065",8.35454954360282,1.4146147628574,0.520290602997393,2.71889354662145,0.00655006847350202,0.0428132009968471,"LOC441666","Ex_L5_6"
"NPTX1",36.3095326244487,0.907441384891162,0.333959014536952,2.71722380708713,0.00658320747327852,0.0430016833254546,"NPTX1","Ex_L5_6"
"PDP1",5.53030828741754,-1.02439398121567,0.377296790959912,-2.71508797784744,0.00662581660953422,0.0432517382075017,"PDP1","Ex_L5_6"
"ASL",1.85688501894783,1.12100390573919,0.413046892328828,2.71398702316529,0.00664787702888981,0.0433674171192721,"ASL","Ex_L5_6"
"ENSG00000254180",4.98311931652501,-0.968790400574352,0.357056825921922,-2.7132667134228,0.00666234597510018,0.0434334544521534,"ENSG00000254180","Ex_L5_6"
"FREM1",1.14099332574867,-1.39608839993729,0.514600478894768,-2.71295588946154,0.00666859827210448,0.0434458742708032,"FREM1","Ex_L5_6"
"WDR20",4.94355265131615,0.696130906327917,0.256735233519839,2.71147398346525,0.00669847974556667,0.0436121215486601,"WDR20","Ex_L5_6"
"TRIB2",1.37040821914206,-1.51503891685557,0.558836986944288,-2.71105698486383,0.00670690986802524,0.0436385789199507,"TRIB2","Ex_L5_6"
"PDPR",4.2683649048858,1.03820914709078,0.383151991573017,2.70965353156185,0.00673535245257313,0.0437672372468931,"PDPR","Ex_L5_6"
"RRP7BP",4.49729726032449,-0.764455186791907,0.282123314664856,-2.70964910397438,0.00673544235398455,0.0437672372468931,"RRP7BP","Ex_L5_6"
"EPB41L3",22.2660805366908,0.484836146808984,0.178968662986687,2.70905609237887,0.00674749310451191,0.0438170539873243,"EPB41L3","Ex_L5_6"
"ZNF675",4.07051556723561,-1.08833599767694,0.401845359345083,-2.70834531833509,0.00676196246876051,0.0438614908738264,"ZNF675","Ex_L5_6"
"PCBP3",1.83711589788999,-1.19485197358843,0.441183362880318,-2.70828882981375,0.00676311361182374,0.0438614908738264,"PCBP3","Ex_L5_6"
"ENSG00000284707",17.074679115208,-0.602996051862498,0.222770780059373,-2.70680046863322,0.00679350748757937,0.0440300349097718,"ENSG00000284707","Ex_L5_6"
"KIF1B",37.4757918307466,0.422733921695417,0.156217103871181,2.70606682123622,0.00680853444545227,0.0440988290653597,"KIF1B","Ex_L5_6"
"EIF5A",4.17702501192743,1.18870717491885,0.439399450230005,2.70529964089991,0.00682428018496746,0.0441721866376715,"EIF5A","Ex_L5_6"
"CTTN",12.4261755165794,0.459704040590129,0.169966841385383,2.70466896274077,0.00683724882838532,0.044215645976268,"CTTN","Ex_L5_6"
"DNAAF4",1.8355582781497,-1.0356172365754,0.382917652782385,-2.70454294559239,0.00683984277359519,0.044215645976268,"DNAAF4","Ex_L5_6"
"MINK1",3.81812921811956,0.830128305501243,0.307132140530963,2.70283762574029,0.00687503224043078,0.0443857055625745,"MINK1","Ex_L5_6"
"ZNF749",2.77815816861682,0.995684524024153,0.368372537684186,2.70292821034823,0.00687315893417024,0.0443857055625745,"ZNF749","Ex_L5_6"
"MRPS24",1.40853548139143,1.1072316831732,0.409826566508965,2.70170792636739,0.00689843319321989,0.0445080318483148,"MRPS24","Ex_L5_6"
"TMEM178A",12.2410440555194,-0.555435151797388,0.205656318689999,-2.70079302856061,0.00691743709221578,0.0446018492255513,"TMEM178A","Ex_L5_6"
"NAA50",4.81319702342549,0.707001732429379,0.261956256003385,2.69893051311683,0.00695626992162898,0.044794434018531,"NAA50","Ex_L5_6"
"SLC25A36",9.53803194591001,-0.580916622346309,0.215232138659456,-2.69902360290832,0.00695432439131079,0.044794434018531,"SLC25A36","Ex_L5_6"
"ASH1L",23.7088569150804,0.38930514990347,0.144274159894028,2.69837058964281,0.00696798236076487,0.044840963112353,"ASH1L","Ex_L5_6"
"TMEM62",3.07434233532825,1.15179499458731,0.427161016604767,2.69639538678458,0.00700944109430911,0.0450787350685491,"TMEM62","Ex_L5_6"
"MICU2",12.3437202565006,0.683769392689328,0.253607299852376,2.69617393934381,0.00701410297263743,0.0450797074652981,"MICU2","Ex_L5_6"
"CCDC191",2.56411862099039,-1.01479355724026,0.376498248378282,-2.6953473531719,0.00703152874477755,0.0451626595599659,"CCDC191","Ex_L5_6"
"RACK1",5.79778130191398,0.772004370065831,0.286468373420013,2.69490261996195,0.00704092051621164,0.0451939368266019,"RACK1","Ex_L5_6"
"ABHD16A",1.95495834063127,-1.15088578717898,0.427155918892996,-2.69429905164741,0.0070536845472688,0.0451995921326157,"ABHD16A","Ex_L5_6"
"MRAP2",2.07386434162237,-1.04718860158359,0.388741389057944,-2.69379240559203,0.00706441494007863,0.0451995921326157,"MRAP2","Ex_L5_6"
"CENPV",2.20836178512608,1.02260532863377,0.379594345769906,2.69394246787234,0.00706123520406143,0.0451995921326157,"CENPV","Ex_L5_6"
"LINC02693",5.13305344519886,0.632499709469135,0.234791552330881,2.69387762545128,0.00706260902108427,0.0451995921326157,"LINC02693","Ex_L5_6"
"HGS",3.95085723720448,1.00300784809025,0.37233704405429,2.69381697069068,0.00706389433134972,0.0451995921326157,"HGS","Ex_L5_6"
"KLHL12",1.81876083125308,-1.17784787197799,0.437373917522315,-2.69299979900584,0.00708123117054865,0.0452781985402836,"KLHL12","Ex_L5_6"
"MBD5",49.6236111015443,0.286287795521239,0.106339507413495,2.69220539463311,0.00709812159830767,0.0453232598946918,"MBD5","Ex_L5_6"
"PRIMPOL",1.30727934202703,-1.36627049660108,0.507524493807007,-2.69202868683737,0.00710188362968654,0.0453232598946918,"PRIMPOL","Ex_L5_6"
"ZNF528",1.09618414160067,-1.35081003955653,0.501734445336286,-2.69228085118046,0.00709651570674797,0.0453232598946918,"ZNF528","Ex_L5_6"
"NYAP2",15.4832715331108,-0.770346857323985,0.286279673111773,-2.69088911884853,0.00712618755772033,0.0454493417050778,"NYAP2","Ex_L5_6"
"MTMR2",4.84774310853486,0.741842975908928,0.275839360687178,2.68940217255735,0.00715801240199588,0.045623198944864,"MTMR2","Ex_L5_6"
"PCID2",3.33439914685637,0.755114030528831,0.280866525559446,2.68851558235625,0.00717704858999362,0.0456571760715444,"PCID2","Ex_L5_6"
"AIFM3",1.64863481567345,-1.50731240470577,0.560619246574193,-2.68865618495366,0.00717402664978412,0.0456571760715444,"AIFM3","Ex_L5_6"
"MECP2",7.19153005661665,0.714561513740169,0.265754623947449,2.68880180945212,0.00717089797906831,0.0456571760715444,"MECP2","Ex_L5_6"
"ZDHHC22",1.46875109024955,-1.37848412419185,0.512908897711606,-2.68758083617207,0.0071971679456162,0.0457560409977661,"ZDHHC22","Ex_L5_6"
"CAMK1G",1.37133126992092,-1.43772377017574,0.535044954198268,-2.68710836144615,0.00720735667823234,0.045791686358712,"CAMK1G","Ex_L5_6"
"PDE10A",29.0973368347646,-0.623690356396521,0.232178940919224,-2.68624860604177,0.00722593018386011,0.0458757966712208,"PDE10A","Ex_L5_6"
"RDX",5.13581115412357,0.619351459170682,0.230597180831429,2.68585876435081,0.00723436617508945,0.0458757966712208,"RDX","Ex_L5_6"
"MED4",5.63535673387331,0.652223156982144,0.242831667188423,2.68590651513362,0.00723333239576765,0.0458757966712208,"MED4","Ex_L5_6"
"TIAM1",12.6597632763984,-0.667512019610825,0.248657280007989,-2.68446602323237,0.00726457668036301,0.0460381606490475,"TIAM1","Ex_L5_6"
"MLLT3",34.0503450620623,-0.387365727587652,0.144329949183638,-2.6838901404641,0.00727710143251155,0.0460883090725731,"MLLT3","Ex_L5_6"
"CEACAM22P",0.975363249339127,1.6885702598163,0.629224355106868,2.68357422294868,0.00728398048287563,0.0461026605103604,"CEACAM22P","Ex_L5_6"
"MRPS30-DT",7.99507326445261,-0.621968491743434,0.231892240272246,-2.68214447802665,0.00731518595160157,0.0462374004756301,"MRPS30-DT","Ex_L5_6"
"GATAD1",2.83710482838505,-1.21213159157075,0.451971082597706,-2.6818786383501,0.00732100134870891,0.0462374004756301,"GATAD1","Ex_L5_6"
"FAR1",14.0314454769071,0.413001761201567,0.154004461605806,2.68175192390658,0.00732377476014833,0.0462374004756301,"FAR1","Ex_L5_6"
"ZNF267",0.686728841452517,1.95780076837657,0.729898865954453,2.68229046474329,0.00731199417079806,0.0462374004756301,"ZNF267","Ex_L5_6"
"MED9",2.61043935317395,1.33507471947968,0.498054748205693,2.6805782382147,0.00734950817013316,0.0463705711188831,"MED9","Ex_L5_6"
"C1D",2.90840766212672,-1.11106457968816,0.414545367723657,-2.68020020532183,0.0073578139089874,0.0463936859346499,"C1D","Ex_L5_6"
"PLEKHM2",4.5929605047317,0.690080821407737,0.257506511552847,2.67985775290236,0.00736534517939139,0.0463994581785305,"PLEKHM2","Ex_L5_6"
"DMXL1",10.0380530595603,-0.478872502174287,0.178701343698235,-2.67973643770098,0.00736801482182588,0.0463994581785305,"DMXL1","Ex_L5_6"
"GALK2",6.61039736072934,-0.739335490184748,0.276082318753143,-2.67795305952142,0.00740735984813073,0.0465885175092628,"GALK2","Ex_L5_6"
"PIAS4",2.28128721684806,1.29433430537865,0.483299378304071,2.67812118840408,0.00740364254634032,0.0465885175092628,"PIAS4","Ex_L5_6"
"ATF4",8.11055944884577,0.976676251123426,0.364761949546518,2.67757163908586,0.00741579919868576,0.0466122623846953,"ATF4","Ex_L5_6"
"LINC02389",6.19552698333517,-0.723492831078739,0.270285769269352,-2.67676997214657,0.00743356508794844,0.0466945628466101,"LINC02389","Ex_L5_6"
"RYR3",9.11679451006928,0.869740958896265,0.32500184693776,2.67611081934198,0.00744820128256241,0.0467571128253321,"RYR3","Ex_L5_6"
"C19orf25",1.94221747177278,1.0462730639073,0.391187054585485,2.67461065401554,0.00748160817662394,0.0469373459618203,"C19orf25","Ex_L5_6"
"SELENOK",1.76037333674307,1.14333363350322,0.4275508957342,2.67414627103017,0.00749197663379959,0.0469434573530991,"SELENOK","Ex_L5_6"
"SUPT6H",3.67647946985064,0.924226280777135,0.345614219919482,2.67415582898312,0.00749176309990343,0.0469434573530991,"SUPT6H","Ex_L5_6"
"C1orf35",3.32411935344961,1.18462527726914,0.443136610077351,2.67327332097965,0.00751150220879084,0.0469909488176725,"C1orf35","Ex_L5_6"
"ENSG00000286961",2.6987036543104,-1.54153886620811,0.576669231881911,-2.67317689410519,0.00751366181815496,0.0469909488176725,"ENSG00000286961","Ex_L5_6"
"FASN",4.18943042773603,1.12306067423316,0.420064540753078,2.67354314701207,0.00750546205000794,0.0469909488176725,"FASN","Ex_L5_6"
"FBXO42",6.83304951160956,0.669203999244139,0.250443316360889,2.6720776939394,0.00753831925869806,0.0471033212423564,"FBXO42","Ex_L5_6"
"CCDC90B",1.50375315920692,-1.28411969722881,0.480629368259789,-2.67174621866786,0.00754576919241671,0.0471033212423564,"CCDC90B","Ex_L5_6"
"ADSL",2.02917321794432,1.26376197043001,0.473007882567604,2.67175668103034,0.00754553394911314,0.0471033212423564,"ADSL","Ex_L5_6"
"RBM23",2.05233528047933,1.10773602263618,0.414759404367072,2.67079181562284,0.00756725635914445,0.0472079650769598,"RBM23","Ex_L5_6"
"DCAF15",1.77546244445221,1.13901604473927,0.426529748433843,2.67042580012668,0.00757551127307501,0.0472299810749293,"DCAF15","Ex_L5_6"
"PI4KAP1",6.56915771056063,0.588241625396688,0.220336750212481,2.66973904638886,0.00759102173039174,0.0472971765421042,"PI4KAP1","Ex_L5_6"
"AGBL5",1.10870575579346,1.81605596545685,0.680623484428726,2.66822407249309,0.00762533840711673,0.0474222974740041,"AGBL5","Ex_L5_6"
"SETD5",19.0115110754371,0.441724126197833,0.165538117788994,2.66841336664758,0.00762104299097731,0.0474222974740041,"SETD5","Ex_L5_6"
"CDRT4",2.41006189421941,-1.0997589909955,0.412108719307208,-2.66861374067573,0.00761649851635933,0.0474222974740041,"CDRT4","Ex_L5_6"
"PPIP5K1",7.56256053698163,0.647256423068338,0.242754780143964,2.66629733381352,0.00766918310571977,0.0476653084319424,"PPIP5K1","Ex_L5_6"
"VAMP4",2.69896734069898,1.11406466410937,0.417872597164996,2.66603905512732,0.00767507761581096,0.0476722968877655,"VAMP4","Ex_L5_6"
"C2orf72",2.96055105299242,-1.18910665518656,0.446096307590427,-2.66558282360478,0.00768549978430629,0.0477032118828957,"C2orf72","Ex_L5_6"
"SNCG",5.78818896063979,-1.12922618553868,0.423680377994642,-2.66527846034202,0.00769245972079181,0.0477032118828957,"SNCG","Ex_L5_6"
"TBC1D3D",0.755434478813198,-2.46102917675087,0.923395618450033,-2.66519477413358,0.00769437438015088,0.0477032118828957,"TBC1D3D","Ex_L5_6"
"GTPBP3",1.91809313913234,0.977824850588813,0.366952034449846,2.66472115914229,0.00770521828285629,0.0477408254921672,"GTPBP3","Ex_L5_6"
"PIDD1",3.77802493861715,1.09231167676919,0.410109273880979,2.66346495028591,0.00773404684873396,0.0478897547746265,"PIDD1","Ex_L5_6"
"GSE1",3.26106106722336,-0.936058980766478,0.351667870138938,-2.66176998312827,0.00777309760071179,0.0481017569173459,"GSE1","Ex_L5_6"
"SLC9A1",3.71930518487143,1.22291896801407,0.459573060965194,2.66098923519516,0.00779114479873716,0.0481306885376101,"SLC9A1","Ex_L5_6"
"NMD3",10.3261623328176,0.587135452679562,0.220666665489309,2.66073469401299,0.00779703669625683,0.0481306885376101,"NMD3","Ex_L5_6"
"CALN1",20.9183213874459,-0.895550629504295,0.336575616978644,-2.66077096595241,0.00779619686117679,0.0481306885376101,"CALN1","Ex_L5_6"
"ENSG00000271774",7.49307129744074,2.56048614014401,0.962161698548385,2.6611806975969,0.00778671562296303,0.0481306885376101,"ENSG00000271774","Ex_L5_6"
"TSC22D3",4.6609799250385,1.3344605224652,0.501596070202215,2.66042858335637,0.00780412756598379,0.0481447227743469,"TSC22D3","Ex_L5_6"
"MTMR12",4.91420231368031,0.792035840834816,0.297736979444058,2.66018632389475,0.00780974345607329,0.0481496459592822,"MTMR12","Ex_L5_6"
"ZNF398",5.57357001207087,0.755345566521328,0.283970991186526,2.65993918380621,0.00781547621596657,0.0481552831703883,"ZNF398","Ex_L5_6"
"RASD1",5.63326740482657,1.36454573911068,0.513231398283805,2.65873394276654,0.00784348752703394,0.0482980987955497,"RASD1","Ex_L5_6"
"TGOLN2",3.52547141346085,-0.96224350537479,0.36218204576473,-2.65679515764802,0.00788873605883405,0.0485468153768396,"TGOLN2","Ex_L5_6"
"ZNF254",5.12707017760934,0.761373820040971,0.286606694462907,2.65651094252269,0.00789538885597185,0.0485578561394355,"ZNF254","Ex_L5_6"
"DPH5",0.611858777980102,-1.64548771147092,0.619620668191639,-2.65563722442195,0.00791587199079352,0.0486093931611446,"DPH5","Ex_L5_6"
"ARHGEF26-AS1",1.11073430263244,-1.66460479367108,0.626893261962654,-2.65532411125236,0.00792322408039869,0.0486093931611446,"ARHGEF26-AS1","Ex_L5_6"
"BAZ1B",5.21125740055046,0.806323018345891,0.303653623592509,2.65540390661678,0.00792134985575254,0.0486093931611446,"BAZ1B","Ex_L5_6"
"CABLES2",0.849257137252789,-1.49346220997668,0.562333896428869,-2.65582818226145,0.00791139118350367,0.0486093931611446,"CABLES2","Ex_L5_6"
"WDFY1",4.33406620857962,0.688334625154295,0.259252751177685,2.65507163194009,0.00792915690313056,0.0486159472944091,"WDFY1","Ex_L5_6"
"SNCA",22.5701057698792,0.556553681905259,0.209679383563408,2.65430807953971,0.00794712326875105,0.0486663908994473,"SNCA","Ex_L5_6"
"RALGAPA2",7.81558982012455,-0.565784037882303,0.213149998768878,-2.65439381257417,0.0079451041575917,0.0486663908994473,"RALGAPA2","Ex_L5_6"
"FKBP15",2.53291139476605,-1.0301296182415,0.388335739341565,-2.65267786062677,0.00798560433876232,0.0488720941589654,"FKBP15","Ex_L5_6"
"ENSG00000286739",0.602628808749447,2.3975979875341,0.904252069917139,2.65147083130681,0.00801420349907669,0.0489575658992195,"LOC102724497","Ex_L5_6"
"ENSG00000227033",0.711902605277369,1.98529379379211,0.748752636854868,2.65146818331262,0.00801426634091685,0.0489575658992195,"ENSG00000227033","Ex_L5_6"
"SHPRH",15.439591187189,0.378245144857399,0.142644791124844,2.65165760259943,0.00800977218092033,0.0489575658992195,"SHPRH","Ex_L5_6"
"ZNF133",4.45177205198486,-0.78744456285855,0.297192208286026,-2.64961375468058,0.00805838389297277,0.0491969997717592,"ZNF133","Ex_L5_6"
"LINC02346",0.686527584592608,-1.97239780528207,0.744867614653556,-2.64798437531674,0.00809732675643201,0.0494045687446774,"LINC02346","Ex_L5_6"
"MOBP",3.53575683878811,1.58747918999396,0.599740628234241,2.64694288707407,0.0081223069449514,0.0495267453373058,"MOBP","Ex_L5_6"
"FBLL1",1.11600562859915,-1.41362980884053,0.534222392676572,-2.6461448045222,0.00814149568561766,0.049613480415892,"FBLL1","Ex_L5_6"
"RPS14",14.1586297567582,-0.425711898737204,0.160898972783673,-2.64583353996653,0.00814899058370231,0.049628892074053,"RPS14","Ex_L5_6"
"ST3GAL5",3.98424397264144,0.81883877604328,0.30961539576541,2.64469657272373,0.00817641997310118,0.0497063867429467,"ST3GAL5","Ex_L5_6"
"GATB",1.29810318447574,-1.20607996403849,0.456021864187328,-2.6447853902528,0.00817427427436667,0.0497063867429467,"GATB","Ex_L5_6"
"USP54",5.11957600402358,0.82464492882036,0.311811844397426,2.64468763338346,0.0081766359621177,0.0497063867429467,"USP54","Ex_L5_6"
"CACNA1G",1.87679399842526,1.15905760475684,0.438298798344189,2.6444462296852,0.00818247059975847,0.049711617734946,"CACNA1G","Ex_L5_6"
"C18orf32",4.32897991017717,0.711438509338848,0.269184335565119,2.64294171443992,0.00821891822599104,0.0499027149152821,"C18orf32","Ex_L5_6"
"CCNG2",1.30298272158879,-1.50981487058053,0.571340683532042,-2.64258246279054,0.00822764273390678,0.0499034254352826,"CCNG2","Ex_L5_6"
"LIN28B",1.75019789992734,-1.41055617167745,0.533812503787391,-2.64241875503023,0.00823162116207589,0.0499034254352826,"LIN28B","Ex_L5_6"
"PRCP",2.04936331516935,-1.00371579765082,0.379891039408603,-2.64211495805049,0.00823900860198282,0.0499034254352826,"PRCP","Ex_L5_6"
"SNX19",4.78497876791588,0.681972790336591,0.258102799882238,2.64225258558895,0.00823566117445182,0.0499034254352826,"SNX19","Ex_L5_6"
"SKI",4.12958924536877,1.00689106556755,0.381140494293044,2.64178454046238,0.00824705011063408,0.0499218769265154,"SKI","Ex_L5_6"
