"geneID","baseMean","log2FoldChange","lfcSE","stat","pvalue","padj","Symbol","celltype"
"LRP1B",505.606123684311,-3.12638280207022,0.128513757553928,-24.3272227158895,1.01016083525688e-130,9.92382004556359e-127,"LRP1B","Ex_L2_3"
"SIK3",173.206070783667,2.14018808856538,0.109280458188465,19.5843623282985,2.10222389152483e-85,1.032612375517e-81,"SIK3","Ex_L2_3"
"SOX5",90.4723732322306,-4.5609444478888,0.271625195616577,-16.791315833333,2.82511231883068e-63,9.2513011400642e-60,"SOX5","Ex_L2_3"
"DPP10",257.847623017738,-2.6175546127747,0.164917852401607,-15.871869386223,9.92404688372325e-57,2.43734591464243e-53,"DPP10","Ex_L2_3"
"LSAMP",428.876021781769,-2.45798833771886,0.156595118171328,-15.6964557160053,1.59931337151974e-55,3.14233091236199e-52,"LSAMP","Ex_L2_3"
"CALM2",131.688151887772,-1.93136080022506,0.128259730871057,-15.0582009420144,3.04973674046711e-51,4.99343562305814e-48,"CALM2","Ex_L2_3"
"EDIL3",153.314080078929,1.93808081359563,0.138308397076207,14.0127487163904,1.30263926946335e-44,1.82816116902971e-41,"EDIL3","Ex_L2_3"
"INPP4B",61.624940928544,-2.87596227875339,0.213008076042936,-13.5016583980303,1.52895246729675e-41,1.87755362984041e-38,"INPP4B","Ex_L2_3"
"NKAIN2",256.895457681044,-3.13011162433404,0.239070334266633,-13.0928483198717,3.61782041510451e-39,3.94905197310964e-36,"NKAIN2","Ex_L2_3"
"TMEM232",49.7387366388106,-2.89956492678201,0.229537372637297,-12.6322127567599,1.4027728019067e-36,1.37808400059315e-33,"TMEM232","Ex_L2_3"
"NRG1",69.9887629958838,-5.34225016107936,0.427016197389054,-12.510649932588,6.52878405405859e-36,5.58066920562013e-33,"NRG1","Ex_L2_3"
"FTH1",196.849105859124,1.36101827843294,0.108818602186754,12.5072207424349,6.81677834562719e-36,5.58066920562013e-33,"FTH1","Ex_L2_3"
"RUNX1T1",55.8413386788279,-3.05670393448293,0.246708146913558,-12.3899594428633,2.96193159728479e-35,2.2383089239789e-32,"RUNX1T1","Ex_L2_3"
"GPC6",50.7139833035953,-2.80275472272738,0.229224120167492,-12.227137007569,2.22648425531215e-34,1.53977466376029e-31,"GPC6","Ex_L2_3"
"KIAA0930",52.7031803696568,-2.55214549217882,0.208803510862032,-12.2227135053547,2.35104030500858e-34,1.53977466376029e-31,"KIAA0930","Ex_L2_3"
"SAMD12",111.559747133109,-1.98917679692631,0.164202633063759,-12.114158949899,8.88710659631084e-34,5.45668345013486e-31,"SAMD12","Ex_L2_3"
"BCL2",51.3425528541242,2.56027872261797,0.216643166829679,11.8179528119196,3.15273807670513e-32,1.8219116979736e-29,"BCL2","Ex_L2_3"
"MCTP1",95.1591669762435,-2.42000574560795,0.205786414127704,-11.7597935503467,6.28878764105867e-32,3.43228054365335e-29,"MCTP1","Ex_L2_3"
"LRRC8C",36.762473870304,2.59707740379581,0.222207590613123,11.6876178560321,1.47464861290962e-31,7.62470945959163e-29,"LRRC8C","Ex_L2_3"
"CLSTN2",35.9280692326825,-3.60282597900406,0.315072653977093,-11.4349053576259,2.79841681264135e-30,1.37458233836943e-27,"CLSTN2","Ex_L2_3"
"NPTX2",45.6652824979145,2.56700673737965,0.22489497291833,11.4142468551836,3.54965357872811e-30,1.66056175035357e-27,"NPTX2","Ex_L2_3"
"LINGO3",18.9242895547401,4.84054760359541,0.431152659806014,11.2269923274352,3.00535274830626e-29,1.34202660906185e-26,"LINGO3","Ex_L2_3"
"LIMCH1",155.553784594987,-1.21565521751311,0.108725727021938,-11.1809343640242,5.05548867700183e-29,2.15935307664635e-26,"LIMCH1","Ex_L2_3"
"CRY1",20.3539348052129,5.45368700782373,0.491483164814593,11.0963862004939,1.30619136089316e-28,5.34667663725601e-26,"CRY1","Ex_L2_3"
"INHBA",17.9785150117452,4.54835918946085,0.413802328304173,10.9916230005296,4.19317130451366e-28,1.64774859582169e-25,"INHBA","Ex_L2_3"
"B2M",21.8278905991133,3.29956973697323,0.302078612649766,10.9228843049501,8.96042461410111e-28,3.38566197726651e-25,"B2M","Ex_L2_3"
"DIP2B",56.3232607683988,1.78367662616485,0.164540032240145,10.8403809205627,2.21546652179763e-27,8.06101596671848e-25,"DIP2B","Ex_L2_3"
"FYN",79.2089955444994,1.76486303742579,0.164077297863436,10.7562902388526,5.53538783075972e-27,1.94213035890655e-24,"FYN","Ex_L2_3"
"MLLT3",64.0564168931196,-1.92015659580375,0.179131570135565,-10.7192528617406,8.26684056441423e-27,2.80046350706225e-24,"MLLT3","Ex_L2_3"
"PSME4",75.5945256014503,2.95836680680532,0.276992844629234,10.6803004632311,1.25863622873272e-26,4.12161410369009e-24,"PSME4","Ex_L2_3"
"MEF2C-AS1",42.1431562975248,-2.32520027812632,0.221443236340315,-10.5002090673609,8.61890238491781e-26,2.73135796869137e-23,"MEF2C-AS1","Ex_L2_3"
"LHFPL5",56.9378391399385,3.40005364288787,0.324820820333184,10.4674744660772,1.21850540055888e-25,3.74081157971576e-23,"LHFPL5","Ex_L2_3"
"UBASH3B",20.0279598125083,3.16383363988191,0.308322904991741,10.261429133741,1.05139036749536e-24,3.12995726371953e-22,"UBASH3B","Ex_L2_3"
"KCNB2",40.4395284749432,-4.00918286461143,0.393558732893494,-10.1870001337168,2.26650314248538e-24,6.54886084464012e-22,"KCNB2","Ex_L2_3"
"ENSG00000233928",44.6403571671217,-2.602003480692,0.25598983139133,-10.164479841054,2.85642584500165e-24,8.01757928608463e-22,"ENSG00000233928","Ex_L2_3"
"SPATS2L",63.1210209632026,2.07926100127022,0.206512417075496,10.0684551113946,7.6165015455075e-24,2.07845864397405e-21,"SPATS2L","Ex_L2_3"
"CAMK2N1",58.7081521649093,-1.95058031412582,0.19391073645043,-10.059166139181,8.37042974884681e-24,2.16397636454397e-21,"CAMK2N1","Ex_L2_3"
"TET3",49.6154435809534,2.45409229696716,0.243928449529833,10.0607055130198,8.2405664829985e-24,2.16397636454397e-21,"TET3","Ex_L2_3"
"BACH2",35.402421501176,1.84427692959229,0.186711733638961,9.87767021197772,5.20284560632237e-23,1.31058346760285e-20,"BACH2","Ex_L2_3"
"LINC01619",18.1641333876306,2.57115506988182,0.2609458915585,9.85321153947124,6.638805239063e-23,1.63049056671387e-20,"LINC01619","Ex_L2_3"
"PTPRK",185.123816883895,-1.34831900744004,0.136935134447254,-9.84640656966971,7.10385064043965e-23,1.70215191930925e-20,"PTPRK","Ex_L2_3"
"FHIT",35.7089590533138,-2.43975905502036,0.248542648499654,-9.81625918025796,9.58339645566319e-23,2.22920644093386e-20,"FHIT","Ex_L2_3"
"ST3GAL1",20.6388057661657,3.06201052332692,0.311990177730242,9.81444526748675,9.75731646581391e-23,2.22920644093386e-20,"ST3GAL1","Ex_L2_3"
"KAZN",152.07226390522,-1.28631427257225,0.132261112772256,-9.72556668857912,2.34595454999206e-22,5.23787670434591e-20,"KAZN","Ex_L2_3"
"DLG1",152.88921078972,1.22368845924888,0.126108320410214,9.70347123225793,2.91411961046993e-22,6.36184690072368e-20,"DLG1","Ex_L2_3"
"TENM3",60.5167387961008,-1.94412325172624,0.201785425658822,-9.63460688688866,5.71101734335521e-22,1.21967466045916e-19,"TENM3","Ex_L2_3"
"MYO1B",25.050712260103,2.62577657023205,0.272916028078963,9.62118857113196,6.50748123308892e-22,1.3602020347631e-19,"MYO1B","Ex_L2_3"
"LONRF1",59.6309595995948,2.21360006618494,0.230586235686601,9.59987945331451,8.00379769436436e-22,1.63811059477991e-19,"LONRF1","Ex_L2_3"
"CEMIP",29.2591916792258,3.91962550844585,0.409991948592134,9.56024995589646,1.17472640273692e-21,2.35520656744643e-19,"CEMIP","Ex_L2_3"
"CTNNA1",31.8423706185132,2.47335229456694,0.260663037168526,9.48869590960778,2.33942542600334e-21,4.59650307701137e-19,"CTNNA1","Ex_L2_3"
"ZSWIM6",104.378224257807,1.95499989158893,0.207427873309717,9.42496232736214,4.30259993544802e-21,8.28798858153753e-19,"ZSWIM6","Ex_L2_3"
"ENSG00000242593",26.6204590050294,-2.8212126850799,0.299554938363984,-9.41801427306765,4.59699213693062e-21,8.68477899100123e-19,"LOC102724577","Ex_L2_3"
"KIFC2",35.8474825567703,-2.34570919137392,0.249218609572177,-9.4122553504359,4.85603288150343e-21,9.00106925054524e-19,"KIFC2","Ex_L2_3"
"ANKRD12",90.8972317868662,1.1163790215139,0.118785615348184,9.39826778050167,5.54687062892641e-21,1.00911957515876e-18,"ANKRD12","Ex_L2_3"
"DNAH17",10.965330353279,3.93033213843347,0.418762192841181,9.38559451073485,6.25624885619182e-21,1.11747979569506e-18,"DNAH17","Ex_L2_3"
"FARS2",38.1442588583229,-2.30970173012456,0.247271186243935,-9.34076373882889,9.56417023477385e-21,1.67782872118604e-18,"FARS2","Ex_L2_3"
"MYO1E",12.3541371114622,3.59482840295074,0.387100221635337,9.28655733588601,1.59359401507409e-20,2.74657326387506e-18,"MYO1E","Ex_L2_3"
"SRPK1",51.7748126886249,2.05320965902125,0.2224305475975,9.23078993060183,2.68643319534893e-20,4.55026201915654e-18,"SRPK1","Ex_L2_3"
"HOOK3",85.565912898053,2.04224186803608,0.222117808565741,9.19440850431237,3.77063323551827e-20,6.27842388232736e-18,"HOOK3","Ex_L2_3"
"ENSG00000227227",10.334486763138,4.3301576607084,0.471422119222134,9.18530863136701,4.10348879271047e-20,6.71877898326461e-18,"ENSG00000227227","Ex_L2_3"
"ENSG00000289788",10.5221392205342,3.99130098421138,0.435382782014163,9.16733768328382,4.84845063339536e-20,7.8083900036846e-18,"ENSG00000289788","Ex_L2_3"
"OLFM3",71.1726835584623,-3.08380203814317,0.337219071404998,-9.14480318475091,5.97385421475441e-20,9.4656683557657e-18,"OLFM3","Ex_L2_3"
"LINC00882",69.1820785168398,-1.5761080819791,0.173178700262531,-9.10105041549448,8.94623408760763e-20,1.39504450280409e-17,"LINC00882","Ex_L2_3"
"STAT1",56.8179340272534,2.97595540480795,0.328113172965279,9.06990529491137,1.19120507725492e-19,1.8284997935863e-17,"STAT1","Ex_L2_3"
"ENSG00000286736",26.8589394172053,2.66728749876237,0.294281141084282,9.06373914731578,1.26053632657727e-19,1.90515521112233e-17,"ENSG00000286736","Ex_L2_3"
"MAMLD1",22.0641236633918,2.44737474312478,0.271008243871813,9.03062839771908,1.70688778929588e-19,2.54067661243072e-17,"MAMLD1","Ex_L2_3"
"CUL3",43.501067687103,1.76274195061672,0.19558785917869,9.01253256730148,2.01351917838952e-19,2.95236006096994e-17,"CUL3","Ex_L2_3"
"ELAPOR1",46.4680840136096,2.61695025265867,0.290829023532037,8.99824309443583,2.29358506382093e-19,3.31355583337894e-17,"ELAPOR1","Ex_L2_3"
"ENSG00000285520",25.2771096932415,2.75709721664483,0.306835619503121,8.98558394592381,2.57363959568744e-19,3.66426599826572e-17,"ENSG00000285520","Ex_L2_3"
"SGCZ",38.3907356388353,-3.27421502184088,0.364561283258313,-8.981247247588,2.67714494380342e-19,3.75718170398926e-17,"SGCZ","Ex_L2_3"
"MAGI2",332.151490811122,-1.59135748047007,0.177469941579892,-8.96691274197377,3.04941516325358e-19,4.21935979771875e-17,"MAGI2","Ex_L2_3"
"RLF",44.3641785871761,1.67536840330138,0.187124685878368,8.95321958958629,3.45262123317876e-19,4.71090986038169e-17,"RLF","Ex_L2_3"
"ATAD2",19.0036185467741,2.57350683192137,0.28769239204659,8.94534198007085,3.70799829353607e-19,4.99005140215046e-17,"ATAD2","Ex_L2_3"
"LAMP5",51.6505629809587,2.24002055986535,0.250871666122115,8.92894998662383,4.30071237673858e-19,5.70948626879457e-17,"LAMP5","Ex_L2_3"
"PILRB",29.9527524266616,-2.20466444977905,0.247953714068425,-8.89143547642389,6.03244589672933e-19,7.90169979859586e-17,"PILRB","Ex_L2_3"
"BAALC",34.2051773724684,1.77272456870028,0.199578352713991,8.88234893511078,6.5463113462496e-19,8.46196877178369e-17,"BAALC","Ex_L2_3"
"THY1",28.5183124536119,-2.33071545405214,0.262723945239306,-8.87134764944696,7.22659649656853e-19,9.22001090679082e-17,"THY1","Ex_L2_3"
"ENSG00000282057",9.65225501962925,3.93507657972712,0.444969892207307,8.84346704943761,9.27933761337198e-19,1.16872067581752e-16,"ENSG00000282057","Ex_L2_3"
"DPYSL2",60.6710037592101,-1.77475147068716,0.200725270746142,-8.84169424253358,9.42779283785721e-19,1.17238780808999e-16,"DPYSL2","Ex_L2_3"
"ENSG00000264000",17.9123718786341,2.53453826621726,0.287382279170132,8.81939649701505,1.15078265546007e-18,1.41316110090496e-16,"ENSG00000264000","Ex_L2_3"
"ENSG00000253762",38.2599263646886,2.19525309905982,0.249223030649404,8.80838778558952,1.26958570641885e-18,1.53980370121713e-16,"ENSG00000253762","Ex_L2_3"
"ENSG00000257458",21.7918345657107,2.60892905868818,0.297294266090351,8.77557812667431,1.70028098961839e-18,2.03701956609891e-16,"ENSG00000257458","Ex_L2_3"
"ENSG00000233290",25.5540069718305,-4.58000247261924,0.523471942082166,-8.7492797692304,2.14718730352575e-18,2.54144193612493e-16,"ENSG00000233290","Ex_L2_3"
"CPNE4",23.1688123905269,-3.97187606532302,0.455979157787008,-8.71065266359899,3.02130117096869e-18,3.53348365519005e-16,"CPNE4","Ex_L2_3"
"LMO4",36.5063256365472,-2.12304006087735,0.245113141268193,-8.66146976001749,4.65720076696052e-18,5.38262827466119e-16,"LMO4","Ex_L2_3"
"TCF7",9.60500442340884,3.63648503880437,0.420746495368968,8.64293601688924,5.47866041842898e-18,6.25841394774957e-16,"TCF7","Ex_L2_3"
"HIPK4",12.1156599503743,2.91592655152975,0.338007641451704,8.62680659823603,6.30887249353599e-18,7.12394981339052e-16,"HIPK4","Ex_L2_3"
"ATP1B3",47.0386395568458,1.93743582801805,0.225184633428604,8.60376571224751,7.71423699299789e-18,8.61189366127401e-16,"ATP1B3","Ex_L2_3"
"SGK1",36.5690723813212,1.80517797474885,0.209902841644168,8.6000644898797,7.96713174864454e-18,8.7942811571555e-16,"SGK1","Ex_L2_3"
"KCNT2",26.2888922829865,-2.38003915862719,0.277229053069098,-8.585100054553,9.07574051764031e-18,9.90667498281093e-16,"KCNT2","Ex_L2_3"
"HNRNPDL",70.1312136270602,-1.35683857663346,0.158350307275553,-8.56858821418234,1.04761424278167e-17,1.13096289242716e-15,"HNRNPDL","Ex_L2_3"
"SCYL2",28.4325809375954,1.93499144718352,0.226149932147387,8.55623271167928,1.16615776904496e-17,1.24525368729322e-15,"SCYL2","Ex_L2_3"
"AOPEP",127.234045812842,2.28672911777211,0.267718534997084,8.54154202583328,1.3244241219848e-17,1.39904758864287e-15,"AOPEP","Ex_L2_3"
"PRKCA-AS1",9.28814080300699,3.88039286763543,0.454457321367781,8.53851986795285,1.3595202012296e-17,1.42084324009357e-15,"PRKCA-AS1","Ex_L2_3"
"PLS3",12.3839241952224,3.34095933782013,0.392407643456943,8.51400168556278,1.68031572767376e-17,1.73762333775442e-15,"PLS3","Ex_L2_3"
"RABGEF1",63.6261402090541,1.42306491225097,0.167940032483536,8.47364914253233,2.37823015329839e-17,2.43372219020869e-15,"RABGEF1","Ex_L2_3"
"PHYHIP",31.5013226881103,-2.31970066750804,0.273806714362283,-8.47203719204187,2.41138112916383e-17,2.44220703225829e-15,"PHYHIP","Ex_L2_3"
"C8orf34",18.6382179315471,-4.19840875524361,0.496245467347625,-8.46034680716304,2.66583533015729e-17,2.67236390647605e-15,"C8orf34","Ex_L2_3"
"AGBL1",19.8032893786792,-3.33442687814273,0.395433889485074,-8.43232450937565,3.388657369101e-17,3.36264343374224e-15,"AGBL1","Ex_L2_3"
"MAML3",41.987796845276,1.83464664627601,0.217956077034388,8.41750627575553,3.84582682764458e-17,3.77814027547804e-15,"MAML3","Ex_L2_3"
"RARS1",30.607711988739,1.67312261895088,0.199130241254926,8.40215232205212,4.38368699074168e-17,4.26389514822241e-15,"RARS1","Ex_L2_3"
"CCNH",74.8431799324912,1.76124748170194,0.210124110097571,8.38193904014208,5.20627986581472e-17,4.96567897104503e-15,"CCNH","Ex_L2_3"
"SMURF1",39.8122315587402,2.10003692425257,0.250517308701335,8.38280171194167,5.16825007377991e-17,4.96567897104503e-15,"SMURF1","Ex_L2_3"
"ENSG00000286861",11.069073250655,2.81297670783539,0.338144530975309,8.31885909768209,8.88140549994961e-17,8.38951227226009e-15,"ENSG00000286861","Ex_L2_3"
"ENSG00000266677",7.2278949756722,4.30937472446984,0.520202757267518,8.28402899497457,1.19076598373395e-16,1.11410333563832e-14,"ENSG00000266677","Ex_L2_3"
"CALM1",82.4832338553091,-1.24867317100325,0.151073684535808,-8.26532545916223,1.39314137539003e-16,1.29115291243695e-14,"CALM1","Ex_L2_3"
"FNDC3A",85.3486785668502,2.10358121855497,0.255003458327658,8.24922623540285,1.59423375424353e-16,1.4637151777279e-14,"FNDC3A","Ex_L2_3"
"RAI14",7.90885918594844,5.56186738646795,0.67454635598833,8.24534494492795,1.64684448432637e-16,1.49801853833539e-14,"RAI14","Ex_L2_3"
"AGTPBP1",71.5058995370666,1.40493340652606,0.170606161670627,8.23495114577653,1.79630925844992e-16,1.61898551880844e-14,"AGTPBP1","Ex_L2_3"
"ANKRD49",17.8270771434937,-3.24232139048843,0.394083939244622,-8.22748929251796,1.91178213372506e-16,1.70739524379227e-14,"ANKRD49","Ex_L2_3"
"IRF9",10.6093454374258,2.93765186181426,0.35752364127377,8.21666464166711,2.09241136293634e-16,1.85187830896276e-14,"IRF9","Ex_L2_3"
"SLC16A1-AS1",24.9304291376274,-2.34349759463122,0.285674591453745,-8.2033812762472,2.33718462650601e-16,2.05004480096384e-14,"SLC16A1-AS1","Ex_L2_3"
"SEPTIN5",19.3623621100433,-2.90117975792648,0.354081367872686,-8.19353973736801,2.53653662288124e-16,2.2052155560341e-14,"SEPTIN5","Ex_L2_3"
"RIT2",20.0170487660643,-4.75463060859156,0.580841500541356,-8.18576256028563,2.70584759548674e-16,2.33177603316331e-14,"RIT2","Ex_L2_3"
"BTAF1",40.4192793253994,1.64836657804395,0.201559344091105,8.17807075864907,2.88424392031852e-16,2.46389671940949e-14,"BTAF1","Ex_L2_3"
"ARG2",11.9043963819905,2.64124238417296,0.32314729751218,8.17349364982206,2.99585137243115e-16,2.53717619678996e-14,"ARG2","Ex_L2_3"
"ARC",7.48729309351787,4.11806883302085,0.505779079456449,8.14203078040804,3.88702397150557e-16,3.26377123898041e-14,"ARC","Ex_L2_3"
"STX12",23.0306751281755,1.86606820615263,0.229376674736394,8.13538782135179,4.10621706563679e-16,3.41859969939117e-14,"STX12","Ex_L2_3"
"PABPC1",33.7120552349871,2.14476709731031,0.263885533493851,8.12764181845642,4.37722368778286e-16,3.61360046292259e-14,"PABPC1","Ex_L2_3"
"ITGAV",42.7838575363701,2.54883370163895,0.314429651588816,8.10621291204463,5.22219028882703e-16,4.27055521211304e-14,"ITGAV","Ex_L2_3"
"AQP4-AS1",53.5356748230925,-1.5139838575803,0.186788511885343,-8.10533711253952,5.25994687159688e-16,4.27055521211304e-14,"AQP4-AS1","Ex_L2_3"
"ARMC9",55.3366112785634,1.73155215810127,0.214423348058015,8.07538998800064,6.72613250860922e-16,5.37215656622577e-14,"ARMC9","Ex_L2_3"
"LNCRNA-IUR",8.8563749591374,3.26992511390275,0.404882066739696,8.07624091685204,6.67938561988664e-16,5.37215656622577e-14,"LNCRNA-IUR","Ex_L2_3"
"EEF1A1",43.9095843505163,-1.76176472211259,0.219065587232574,-8.04217925950275,8.82546570086262e-16,6.9920463746189e-14,"EEF1A1","Ex_L2_3"
"HLA-A",10.7249177565415,3.38613892343698,0.422993158321623,8.00518603391295,1.19286201018012e-15,9.37494111040757e-14,"HLA-A","Ex_L2_3"
"TYW1B",30.3272890681135,1.68406092977803,0.21067227246154,7.99374739779993,1.30897819929367e-15,1.02058744681437e-13,"TYW1B","Ex_L2_3"
"FOCAD",71.2010467247292,-1.58415588841071,0.19836571451718,-7.98603676177875,1.39346148030477e-15,1.07790280177276e-13,"FOCAD","Ex_L2_3"
"RPS29",33.5195226393281,1.63021646251534,0.20430871266859,7.9791822934136,1.47305885792216e-15,1.13057267345526e-13,"RPS29","Ex_L2_3"
"SYNPR",17.8687470451933,-4.36785830717888,0.548678623748963,-7.96068612502991,1.7108788387879e-15,1.29956171099263e-13,"SYNPR","Ex_L2_3"
"STAT3",18.7944970854806,2.11333475417659,0.265492646168074,7.96005006044013,1.71969688954643e-15,1.29956171099263e-13,"STAT3","Ex_L2_3"
"ADAMTS16",11.9438695937365,2.56199226567848,0.322282907512432,7.94951331875908,1.87245651555908e-15,1.40419945105743e-13,"ADAMTS16","Ex_L2_3"
"PTPRD",779.193420938,-1.57331024452613,0.198550501700258,-7.92398020177898,2.30026264585505e-15,1.71195304794546e-13,"PTPRD","Ex_L2_3"
"RAB3C",16.4007712773576,-3.21042361228339,0.40546408754665,-7.91789880013483,2.41557840486432e-15,1.78425881574339e-13,"RAB3C","Ex_L2_3"
"GADD45G",6.78854375340219,3.97133764788116,0.50288966599861,7.89703570463137,2.85614574801726e-15,2.09393849466579e-13,"GADD45G","Ex_L2_3"
"MIR4500HG",22.0828451592175,-2.22097957201296,0.282674622383902,-7.85701791438723,3.93386608585948e-15,2.85783457772803e-13,"MIR4500HG","Ex_L2_3"
"YWHAH",44.3031563289239,-1.77816716076315,0.226336297392188,-7.85630577707121,3.95628565320656e-15,2.85783457772803e-13,"YWHAH","Ex_L2_3"
"FOXP1",71.5256719689892,-1.63069672645197,0.207924789608297,-7.84272394611528,4.40876496629103e-15,3.16143846925862e-13,"FOXP1","Ex_L2_3"
"CDK5R1",20.6237300990487,-2.37585160118187,0.303340355380806,-7.83229649150798,4.79038207273513e-15,3.41019662917029e-13,"CDK5R1","Ex_L2_3"
"ENSG00000259589",10.4299539271089,4.26016255838397,0.544312906873443,7.82667929528721,5.0092474069832e-15,3.54034867094986e-13,"ENSG00000259589","Ex_L2_3"
"NORAD",23.4374750561807,-2.15834742470488,0.276105404988712,-7.81711399236503,5.40481559469336e-15,3.79263631444768e-13,"NORAD","Ex_L2_3"
"ENSG00000250493",8.02614927051886,3.28882038273707,0.421070148039761,7.81062347461048,5.69057792969391e-15,3.96483954477397e-13,"LOC101929227","Ex_L2_3"
"ENSG00000289569",16.0609984009304,-3.51260280558275,0.450111518208235,-7.80385007601097,6.00465223016277e-15,4.15420447247317e-13,"ENSG00000289569","Ex_L2_3"
"ENSG00000226526",15.1810626943311,2.62849602417505,0.336884638669667,7.80236235927761,6.07588833599214e-15,4.17409279809698e-13,"ENSG00000226526","Ex_L2_3"
"ACADVL",39.159563950047,-1.96281460742412,0.251912989438345,-7.7916371513844,6.61464599874969e-15,4.51265849248034e-13,"ACADVL","Ex_L2_3"
"PER2",10.8707094903984,3.13428065766191,0.402689916831371,7.78336016537114,7.0623205458752e-15,4.78484393397779e-13,"PER2","Ex_L2_3"
"TMEM14B",29.7789599025904,-2.37569011492199,0.306947167970257,-7.73973622441825,9.962328002566e-15,6.65781702702098e-13,"TMEM14B","Ex_L2_3"
"RIN3",14.1162945639726,3.30790738208905,0.427369506042275,7.74015772141176,9.92935618207428e-15,6.65781702702098e-13,"RIN3","Ex_L2_3"
"ENSG00000254604",33.2073315573886,2.7252735266225,0.352438887651363,7.7326130064239,1.05361218628666e-14,6.99370683654066e-13,"ENSG00000254604","Ex_L2_3"
"ENSG00000285783",23.6688551314228,-2.65155469996145,0.343061842050958,-7.72908663962574,1.08320936402347e-14,7.14191194105136e-13,"ENSG00000285783","Ex_L2_3"
"PARP8",46.3001071874564,-1.53325446306219,0.198583164875926,-7.72096901577815,1.15448617625223e-14,7.56111479700124e-13,"PARP8","Ex_L2_3"
"SUCLA2",20.5459476198775,2.05871217216024,0.266673099337529,7.71998442015527,1.16343925693066e-14,7.56928957621646e-13,"SUCLA2","Ex_L2_3"
"H3-3B",37.178389757209,1.82466206539061,0.236658335526102,7.71011112426826,1.2570823152095e-14,8.12472148988037e-13,"H3-3B","Ex_L2_3"
"FRMD5",262.43682167928,2.47600412945215,0.321223990852492,7.70802991047185,1.27774806340154e-14,8.17768262142096e-13,"FRMD5","Ex_L2_3"
"ENSG00000286808",6.25397187591948,4.83832293584585,0.627732964506803,7.70761328369496,1.28192500376509e-14,8.17768262142096e-13,"ENSG00000286808","Ex_L2_3"
"MICU2",51.7200000149049,1.34505837788937,0.175078363427859,7.68260767095642,1.55882427852616e-14,9.87992884660713e-13,"MICU2","Ex_L2_3"
"PRKG1",83.3151939103548,-1.98830546404447,0.258879450036061,-7.68042988258631,1.58555613300204e-14,9.98493810936671e-13,"PRKG1","Ex_L2_3"
"COL5A3",16.4730401268328,-2.82760722384707,0.368566692037753,-7.6719011373861,1.69465552018366e-14,1.06040100829836e-12,"COL5A3","Ex_L2_3"
"MBNL2",181.23299172939,1.82288689484428,0.238447619607289,7.64481062065741,2.09253076494504e-14,1.30107735663418e-12,"MBNL2","Ex_L2_3"
"GPR22",19.9609514902916,-2.31613631739422,0.303060785257227,-7.64248107992056,2.13075321845467e-14,1.31651066780495e-12,"GPR22","Ex_L2_3"
"MAP4K4",62.4657413534543,1.14404413786013,0.149765800802127,7.63888772825821,2.19106256642759e-14,1.34531241578654e-12,"MAP4K4","Ex_L2_3"
"ACVR1C",20.0943997560587,2.21495463216304,0.290502810584566,7.62455491465293,2.44877806941126e-14,1.49421091639107e-12,"ACVR1C","Ex_L2_3"
"MYO15A",6.81281225500334,4.02281472080176,0.527685948912493,7.62350168522085,2.46885075418128e-14,1.49715986475783e-12,"MYO15A","Ex_L2_3"
"AFF4",46.3668105465655,1.51927063014017,0.199391558307137,7.6195333595815,2.54594410125366e-14,1.53443894789668e-12,"AFF4","Ex_L2_3"
"P2RX4",11.6758647854434,2.63350235588213,0.345801057292047,7.61565732766977,2.6235286400494e-14,1.57155764389301e-12,"P2RX4","Ex_L2_3"
"TSPYL1",18.2571708300155,-2.76306850182006,0.363303316995997,-7.60540400419879,2.84015253713523e-14,1.68082280269979e-12,"TSPYL1","Ex_L2_3"
"PARD3",31.0512150079774,-1.7613996929959,0.231578008941289,-7.60607495093569,2.82545471995816e-14,1.68082280269979e-12,"PARD3","Ex_L2_3"
"RGL1",87.329074928208,1.79277236948732,0.236345931410635,7.58537436539367,3.31528425570936e-14,1.93865193619576e-12,"RGL1","Ex_L2_3"
"LINC01205",8.03441241901965,3.7382367373954,0.492778717957424,7.58603527540811,3.29842660531095e-14,1.93865193619576e-12,"LINC01205","Ex_L2_3"
"CAST",18.3432554342082,2.10913127815571,0.278329650525316,7.57781743402098,3.51416420056232e-14,2.04278988794818e-12,"CAST","Ex_L2_3"
"ENSG00000236451",18.7292848312023,-5.34004917003355,0.705479171608135,-7.5693930947117,3.74971893497476e-14,2.1668964010113e-12,"ENSG00000236451","Ex_L2_3"
"FGFR1OP2",21.9758287364956,-2.11143902229274,0.279323669888598,-7.55911242013553,4.05829040923996e-14,2.33149970645458e-12,"FGFR1OP2","Ex_L2_3"
"ATP13A3",32.0634686650392,1.92550837478119,0.254824516211956,7.55621320665866,4.14973429265527e-14,2.37017381924682e-12,"ATP13A3","Ex_L2_3"
"ILKAP",22.5825163735178,1.81473411768924,0.240205985847759,7.5549079731902,4.19156112034218e-14,2.38022522810645e-12,"ILKAP","Ex_L2_3"
"SLC30A5",13.0111553912681,2.33155963507578,0.309245867489101,7.53950134889984,4.71771925618941e-14,2.66361344671292e-12,"SLC30A5","Ex_L2_3"
"SWT1",14.6896665084305,2.31997064780536,0.30792469220462,7.53421439247134,4.91283528398582e-14,2.74225533124299e-12,"SWT1","Ex_L2_3"
"ENO2",43.4735282721548,-1.80792817671601,0.239950477101487,-7.53458879746817,4.89876057652351e-14,2.74225533124299e-12,"ENO2","Ex_L2_3"
"TARBP1",64.9371857355654,-1.39000354796821,0.184523929661071,-7.53291754907526,4.96189454094382e-14,2.75399163673627e-12,"TARBP1","Ex_L2_3"
"CCK",29.3616081827589,-1.74902427285398,0.232310497651267,-7.52882151489998,5.12003129234126e-14,2.82579704584048e-12,"CCK","Ex_L2_3"
"SRSF4",27.8909483630442,1.66653651561308,0.22192261243615,7.5095390114541,5.93359351347021e-14,3.2565152333146e-12,"SRSF4","Ex_L2_3"
"RELB",5.55102926459653,4.95569395670508,0.660258296277973,7.50568979540501,6.11059650203111e-14,3.3350277797752e-12,"RELB","Ex_L2_3"
"BDNF",19.1136027717154,2.01436199053686,0.268886982400806,7.49148200686871,6.81002213142293e-14,3.69622416680105e-12,"BDNF","Ex_L2_3"
"NIPAL2",35.3187952007344,-2.03476354463658,0.271972958262371,-7.48149212199861,7.34834452406345e-14,3.96649102221974e-12,"NIPAL2","Ex_L2_3"
"OAZ1",25.0392385073597,-2.06582884885966,0.276743677682696,-7.46477341834078,8.34430742848882e-14,4.47947957253957e-12,"OAZ1","Ex_L2_3"
"KPNA1",45.9983777087995,1.74084879824186,0.233424966581729,7.45785176168091,8.79445318884598e-14,4.69547326778385e-12,"KPNA1","Ex_L2_3"
"PKN2-AS1",16.97665774336,-3.47617203358862,0.466278166864056,-7.45514647826542,8.97680424645905e-14,4.76692567120074e-12,"PKN2-AS1","Ex_L2_3"
"EVC",5.6941455144948,4.08689969236723,0.548330943031512,7.45334499959518,9.10028994779438e-14,4.80651873371677e-12,"EVC","Ex_L2_3"
"FER",47.3919840347184,-1.47958370148428,0.198703080587136,-7.44620414093399,9.60641217426104e-14,5.0467055187134e-12,"FER","Ex_L2_3"
"LINC03051",118.893480456139,-1.86233864388262,0.250350120204145,-7.43893648768374,1.01499105126486e-13,5.30386813171597e-12,"LINC03051","Ex_L2_3"
"DDX10",55.2870706652926,1.76138899529959,0.237095286547716,7.42903421213779,1.09393452238702e-13,5.68614431107411e-12,"DDX10","Ex_L2_3"
"SIPA1L2",36.1519160975502,1.76943037646267,0.238453207667608,7.42045113911477,1.16722063313182e-13,6.03514499994053e-12,"SIPA1L2","Ex_L2_3"
"ABCB1",14.9476001688947,2.3941871936343,0.322864538017943,7.41545419739238,1.21208690097444e-13,6.23431503412193e-12,"ABCB1","Ex_L2_3"
"ATG7",66.3300882220002,1.40858250524862,0.190239963962464,7.40424081202276,1.31902877203535e-13,6.74903055024752e-12,"ATG7","Ex_L2_3"
"ENSG00000290122",5.53640677175806,5.20429721840593,0.702985551364473,7.40313539631724,1.33006011181326e-13,6.77021271422459e-12,"ENSG00000290122","Ex_L2_3"
"ENSG00000283599",7.36146067011237,3.14267570346828,0.424652619568671,7.4005800474288,1.3559090464969e-13,6.86621158391007e-12,"CXorf49C","Ex_L2_3"
"NECAP1",16.2015426181726,1.93918195816778,0.262979336760197,7.37389477841777,1.65713998251964e-13,8.3485862503964e-12,"NECAP1","Ex_L2_3"
"ENSG00000285675",5.99764506398785,4.63904349355491,0.630325657977017,7.35975671439994,1.842457084291e-13,9.23484612044634e-12,"ENSG00000285675","Ex_L2_3"
"NR3C1",71.5915794408234,1.38810857510739,0.188747387042215,7.3543194258733,1.91902332204831e-13,9.56978939888457e-12,"NR3C1","Ex_L2_3"
"ARHGEF7",85.9998363738828,1.20967173542184,0.164561350393648,7.35088605269816,1.96897222829811e-13,9.76928442969731e-12,"ARHGEF7","Ex_L2_3"
"CDH11",31.1551100586413,1.93182599579945,0.264969192360758,7.29075700683439,3.08218234486159e-13,1.52157584703117e-11,"CDH11","Ex_L2_3"
"KBTBD4",8.80115945609331,2.7332759738822,0.375044931697677,7.28786271423471,3.14910614496577e-13,1.54684093840719e-11,"KBTBD4","Ex_L2_3"
"RGS4",14.3177248750041,-3.90116958330177,0.536091274265323,-7.2770622663987,3.4116781600559e-13,1.6674789176313e-11,"RGS4","Ex_L2_3"
"BBS9",23.2793278012181,-1.94093641602217,0.26700721003136,-7.2692284818609,3.6154643737697e-13,1.75833277266898e-11,"BBS9","Ex_L2_3"
"KMT2C",74.9280367165461,1.14312305777315,0.157469435643372,7.25933291817998,3.89003968221186e-13,1.88254925310588e-11,"KMT2C","Ex_L2_3"
"ARPC5",12.6806310410522,2.34004572215605,0.322512687446328,7.25567028287987,3.996776046913e-13,1.92472195514085e-11,"ARPC5","Ex_L2_3"
"TEAD1",52.7294824694094,1.21405533225328,0.167396784633386,7.25256064453191,4.0896503043316e-13,1.95984022389042e-11,"TEAD1","Ex_L2_3"
"ELAVL2",17.4376943280932,-5.37213857054744,0.741924594515239,-7.24081478126157,4.45997148422391e-13,2.12693009034057e-11,"ELAVL2","Ex_L2_3"
"ENSG00000285909",5.28187053879342,4.45810973283212,0.615856316609231,7.23887960973996,4.52406384217468e-13,2.14707261765816e-11,"ENSG00000285909","Ex_L2_3"
"ELOVL5",14.9661924139979,2.4890574182065,0.344782997563076,7.21920000637834,5.22942949952194e-13,2.46989977900498e-11,"ELOVL5","Ex_L2_3"
"ARPC2",23.6400281744063,1.86470670714758,0.259041427426005,7.19848838726861,6.08837302704343e-13,2.86182663242462e-11,"ARPC2","Ex_L2_3"
"HIBCH",22.5902072476695,-2.57740069146832,0.358394577211321,-7.19151699091866,6.40753583866548e-13,2.99750628947856e-11,"HIBCH","Ex_L2_3"
"STMN2",13.9677537819717,-2.84766464703054,0.396402393767227,-7.18377258009881,6.78136319424275e-13,3.15735128058013e-11,"STMN2","Ex_L2_3"
"SEMA6D",13.4888901945955,-3.51904883232557,0.489985628038373,-7.18194296109024,6.87275965817236e-13,3.18481089065497e-11,"SEMA6D","Ex_L2_3"
"ENSG00000231533",55.7298433034821,-2.01767132362579,0.281060455886593,-7.17878051275885,7.03359564069053e-13,3.2427943116219e-11,"ENSG00000231533","Ex_L2_3"
"ENSG00000289873",6.05644594186893,3.58803738038758,0.499852486636895,7.17819251941427,7.06390454689623e-13,3.2427943116219e-11,"ENSG00000289873","Ex_L2_3"
"AKAP12",28.2378896878993,1.71013420592534,0.238808645636032,7.16110675713038,8.00282934804699e-13,3.65673467512622e-11,"AKAP12","Ex_L2_3"
"ARAP3",9.95025693741878,2.70702090433084,0.37840823076718,7.15370513702267,8.44664020429174e-13,3.84165710032232e-11,"ARAP3","Ex_L2_3"
"ENSG00000286619",10.8832732757341,2.48842878364568,0.348201030696475,7.14652905727563,8.89995572192501e-13,4.02917811116089e-11,"ENSG00000286619","Ex_L2_3"
"ZNF827",14.6584963112203,-2.64273590485975,0.370868122015237,-7.12581035679084,1.03470100763554e-12,4.66279940321629e-11,"ZNF827","Ex_L2_3"
"HS6ST2",17.1866934313009,2.09028321051282,0.293440545378958,7.12336193286912,1.05325755798145e-12,4.72474988566655e-11,"HS6ST2","Ex_L2_3"
"PNMA3",41.475490861373,-1.65600220563168,0.232855176384495,-7.11172597210062,1.14600631590919e-12,5.1174391124963e-11,"PNMA3","Ex_L2_3"
"SIK2",66.0094705311109,1.97294524572468,0.277684639091037,7.10498518096951,1.20335450848589e-12,5.34921026758614e-11,"SIK2","Ex_L2_3"
"ENSG00000287749",7.43717298920062,2.98784057410306,0.421093980553421,7.09542456573781,1.28954978722661e-12,5.70654824761902e-11,"ENSG00000287749","Ex_L2_3"
"ANO3",49.1067023609127,-2.26882267692209,0.319893767485092,-7.09242538471093,1.31781697622921e-12,5.80548608720886e-11,"ANO3","Ex_L2_3"
"MIPOL1",22.4801297632454,-2.00325842289399,0.282847460034732,-7.08246919611014,1.41608246393799e-12,6.21053309184231e-11,"MIPOL1","Ex_L2_3"
"IRF1",5.28923026829736,6.21506449288446,0.877868485988713,7.07972161215543,1.44444335506771e-12,6.30676067563784e-11,"IRF1","Ex_L2_3"
"MAPK6",26.9923731287713,1.59333046988892,0.225376204711721,7.06964815530083,1.55327019291641e-12,6.75191432531452e-11,"MAPK6","Ex_L2_3"
"PHLPP1",63.7995872303573,1.67934657703949,0.237899184044601,7.05906825104811,1.67622732894942e-12,7.25429836105688e-11,"PHLPP1","Ex_L2_3"
"TTC14",57.3260025764377,-1.29414407054099,0.183787529786198,-7.04152274121361,1.90150172689554e-12,8.19313726536045e-11,"TTC14","Ex_L2_3"
"ENSG00000249678",6.69638866940765,3.12989517724246,0.445222112575226,7.02996344709545,2.06587651765058e-12,8.86252004777263e-11,"ENSG00000249678","Ex_L2_3"
"PTPN2",23.9201156188876,1.49756088037355,0.213044587899593,7.02933078534407,2.07526460820576e-12,8.86408674391886e-11,"PTPN2","Ex_L2_3"
"WDR1",9.55697829473938,2.49363671682231,0.355465582408481,7.01512844063976,2.29737809684066e-12,9.77032139539507e-11,"WDR1","Ex_L2_3"
"CIART",7.03357103902237,2.99309970515805,0.42677926287592,7.01322666192487,2.32883703925585e-12,9.86142029036614e-11,"CIART","Ex_L2_3"
"CHRNE",4.87368578179625,4.00063831364862,0.571006519704158,7.00629182959484,2.44717217748357e-12,1.03180341079822e-10,"CHRNE","Ex_L2_3"
"SLC8A1-AS1",13.3933930681934,2.45006824581294,0.349725805255491,7.0056833353291,2.45783253239675e-12,1.03186952129341e-10,"SLC8A1-AS1","Ex_L2_3"
"CHSY3",108.058792503424,-1.21632641596072,0.17390723231667,-6.99411059423848,2.66946926167118e-12,1.11595174581522e-10,"CHSY3","Ex_L2_3"
"BABAM2",45.4869312690535,-1.31914949287128,0.188883764659398,-6.98392207106854,2.8705132958132e-12,1.1949119753419e-10,"BABAM2","Ex_L2_3"
"ENSG00000239498",21.260831415751,-4.43843703884113,0.635981663470588,-6.97887579748813,2.97551377803941e-12,1.23339440318393e-10,"ENSG00000239498","Ex_L2_3"
"FBXO21",41.7493561664052,1.33276260759941,0.191121019812469,6.97339627481651,3.09379563464476e-12,1.2770356434769e-10,"FBXO21","Ex_L2_3"
"RIGI",10.0117282830763,2.65283157635065,0.380601960623672,6.97009435265022,3.16728493358544e-12,1.30189988232399e-10,"RIGI","Ex_L2_3"
"GALK2",15.9759419401056,-2.34432865651278,0.336781813671543,-6.96097164794996,3.37933785534947e-12,1.38327562878972e-10,"GALK2","Ex_L2_3"
"ZBTB18",17.7991683140978,-2.14071082521736,0.307578396141005,-6.959886819346,3.40546217159193e-12,1.38818507774768e-10,"ZBTB18","Ex_L2_3"
"BCL10-AS1",6.38081213403245,3.21663390626154,0.462824050428828,6.95001459686717,3.65248418375931e-12,1.48272746368808e-10,"BCL10-AS1","Ex_L2_3"
"GNG4",8.24136119354688,2.60862167335955,0.375614058984725,6.94495216821911,3.78588575337888e-12,1.53055726918494e-10,"GNG4","Ex_L2_3"
"HPCAL4",13.2674569139146,-3.53676061030141,0.509343974735729,-6.94375664723715,3.81807992929738e-12,1.53724660759908e-10,"HPCAL4","Ex_L2_3"
"KIAA0408",14.8528977992571,-2.62603925818695,0.378450526944691,-6.93892350841074,3.9509897375092e-12,1.57782614558091e-10,"KIAA0408","Ex_L2_3"
"CEROX1",74.365993312507,-1.45528102689098,0.209726270268524,-6.93895440484257,3.95012585778975e-12,1.57782614558091e-10,"CEROX1","Ex_L2_3"
"CCN1",5.07515589025195,4.21748717884964,0.608325286411796,6.93294734421854,4.12161652915774e-12,1.63930205596946e-10,"CCN1","Ex_L2_3"
"KLHL4",25.9223165990118,1.39085304793814,0.200773477259296,6.92747402159038,4.28421182539889e-12,1.69710068438382e-10,"KLHL4","Ex_L2_3"
"ENSG00000287100",34.3481287852526,-3.52081683921009,0.508505351862012,-6.92385404857156,4.39518747623007e-12,1.73406914724836e-10,"ENSG00000287100","Ex_L2_3"
"LRIG1",11.2479432077004,2.22034310424859,0.320989182419478,6.91718981777704,4.60690631488806e-12,1.81032990549841e-10,"LRIG1","Ex_L2_3"
"PTPRT",26.4993180803822,-2.53304219698987,0.366413861943338,-6.91306323280305,4.74298397244089e-12,1.85637747192268e-10,"PTPRT","Ex_L2_3"
"TMEM165",32.552687389122,1.3128493512021,0.190183411656508,6.90306972499393,5.08906350070293e-12,1.98392697741689e-10,"TMEM165","Ex_L2_3"
"CHRM2",6.42150011318983,3.01148622990036,0.436471604682529,6.89961545629248,5.21434947761411e-12,2.02473396316526e-10,"CHRM2","Ex_L2_3"
"HECTD2",44.5731910228034,1.37706171131372,0.199728167284357,6.89467955390172,5.3986358088279e-12,2.08803929865847e-10,"HECTD2","Ex_L2_3"
"RSBN1L",28.0152311985522,1.56031684076198,0.226338380863289,6.89373510056356,5.43461839702228e-12,2.09371337773909e-10,"RSBN1L","Ex_L2_3"
"ENSG00000287195",11.0764807231555,2.39815767039529,0.348060502463997,6.89005978391171,5.5768945700667e-12,2.14013329126309e-10,"ENSG00000287195","Ex_L2_3"
"NDRG4",25.7265910112184,-1.95807227529646,0.28430988175373,-6.88710593954149,5.69388208602697e-12,2.17652519895443e-10,"NDRG4","Ex_L2_3"
"OXR1",180.415036221684,-1.45443481546432,0.21177361481423,-6.86787547513966,6.51650636254835e-12,2.48132397308818e-10,"OXR1","Ex_L2_3"
"STAT5B",14.4114949383128,1.91952930462342,0.280552299721215,6.84196603104255,7.81136141343001e-12,2.96288859171955e-10,"STAT5B","Ex_L2_3"
"NCOR2",32.7519195884913,1.45513763814982,0.213259204990239,6.82332862591524,8.89548447165477e-12,3.36112459421294e-10,"NCOR2","Ex_L2_3"
"PTTG1IP",11.4716395654813,2.22715482612168,0.326630974107332,6.81856591282684,9.19537858218894e-12,3.46112640580169e-10,"PTTG1IP","Ex_L2_3"
"RPS27",97.8346902368969,1.04651448942514,0.153512174513895,6.8171432835147,9.28686309743023e-12,3.48221920111277e-10,"RPS27","Ex_L2_3"
"ZNF804B",36.5606354359744,-5.93314471068907,0.870721584415847,-6.81405493659551,9.48854428720624e-12,3.54431403336555e-10,"ZNF804B","Ex_L2_3"
"ELL2",69.7385368011799,1.39764443260132,0.205189101925941,6.81149446770216,9.65900127619116e-12,3.59431926277659e-10,"ELL2","Ex_L2_3"
"PLEKHA1",22.7496506112736,-2.31324168894374,0.339673026787967,-6.81020130099327,9.74622728017525e-12,3.60360077045031e-10,"PLEKHA1","Ex_L2_3"
"ENSG00000290461",13.3837748143737,-4.07940653773994,0.599028467063271,-6.81003785636295,9.75730664637401e-12,3.60360077045031e-10,"CYP4F35P","Ex_L2_3"
"CADPS",188.357819923854,-1.35212024429593,0.198730110188308,-6.80380161322671,1.01893833059652e-11,3.74908245684652e-10,"CADPS","Ex_L2_3"
"FRAS1",37.8536036508105,-2.97963043759514,0.438038804354921,-6.80220658072312,1.03028712153513e-11,3.77669428431386e-10,"FRAS1","Ex_L2_3"
"CACHD1",13.7952039490162,-2.86732960318,0.421711972423886,-6.79926061074188,1.05157441708096e-11,3.84039668156257e-10,"CACHD1","Ex_L2_3"
"ITSN2",36.9907244923782,1.16225332598319,0.171303892366859,6.78474557655785,1.16291265589081e-11,4.23127923387828e-10,"ITSN2","Ex_L2_3"
"VGLL4",56.3077506440805,1.61973055096224,0.238752786202467,6.78413256123714,1.16786060557322e-11,4.23360243142116e-10,"VGLL4","Ex_L2_3"
"TTLL11",26.0774197289513,-1.6665509018306,0.245872558188763,-6.77810860271421,1.21759312910537e-11,4.39765988982765e-10,"TTLL11","Ex_L2_3"
"ZCCHC7",46.0037090122468,-1.19148974555477,0.175982639968031,-6.77049591807023,1.28341705562655e-11,4.6184209357052e-10,"ZCCHC7","Ex_L2_3"
"EPB41L3",108.083321271929,1.16461838931143,0.172250810612606,6.76117798905846,1.36874245747903e-11,4.9074912052095e-10,"EPB41L3","Ex_L2_3"
"NUP58",38.1017645778639,1.49108972915256,0.220679986502284,6.75679635831921,1.41076253656977e-11,5.03975678518599e-10,"NUP58","Ex_L2_3"
"ENSG00000286109",4.21615634152892,4.80329026645374,0.711014309980598,6.7555465467141,1.42297813936405e-11,5.06497726127261e-10,"ENSG00000286109","Ex_L2_3"
"MAPK4",21.6414557518696,1.66623875194383,0.246957615835616,6.74706364614785,1.50867108591243e-11,5.35060821227571e-10,"MAPK4","Ex_L2_3"
"ENSG00000284624",11.106018208459,-4.29624642954544,0.637718256538824,-6.73690361769325,1.61797426278686e-11,5.71761840202091e-10,"LOC105374312","Ex_L2_3"
"TFAP2E",9.46923092216207,2.23997288851702,0.333178934721323,6.72303274632466,1.77980564012164e-11,6.26695720736736e-10,"TFAP2E","Ex_L2_3"
"MYH9",25.7964966283461,1.60336039381377,0.238517236230692,6.72219928065499,1.79001903570566e-11,6.28040964527587e-10,"MYH9","Ex_L2_3"
"ENSG00000233912",22.2693948359974,2.06697391187889,0.308457138620328,6.70100851328676,2.06985980930536e-11,7.236406678511e-10,"ENSG00000233912","Ex_L2_3"
"ZNF692",10.2338299351859,-6.34651594553426,0.947863528707263,-6.6956009523754,2.14787106451471e-11,7.48251253113211e-10,"ZNF692","Ex_L2_3"
"DLG4",12.9853905186557,-2.7117888886086,0.405909815721089,-6.68076696738947,2.3769494145569e-11,8.25129012318269e-10,"DLG4","Ex_L2_3"
"PLEKHA8",17.8527250942163,1.75056159703611,0.262281421088091,6.67436370358905,2.48307122215382e-11,8.58932805860532e-10,"PLEKHA8","Ex_L2_3"
"STAG3L5P",10.1461269015257,2.11533716888628,0.317268603598936,6.66733847878724,2.60483880842428e-11,8.97892507156496e-10,"STAG3L5P","Ex_L2_3"
"FMN1",25.1466175750606,-3.20709469049084,0.481273116099761,-6.66377277933401,2.66885986191373e-11,9.16744030889528e-10,"FMN1","Ex_L2_3"
"TOX3",12.848492065528,-3.6257241537957,0.545028679157399,-6.65235480709196,2.88440318363352e-11,9.87330204739224e-10,"TOX3","Ex_L2_3"
"ENSG00000226849",7.38284916334414,2.69841963658559,0.405690748384156,6.65142019465134,2.90278237727697e-11,9.90171322026699e-10,"ENSG00000226849","Ex_L2_3"
"DNM1L",56.5447626640447,1.17353945788195,0.176569042372135,6.64634888492293,3.00452611455652e-11,1.02133095326655e-09,"DNM1L","Ex_L2_3"
"MIR2052HG",21.0159625060222,-5.59396399643424,0.841893739031041,-6.64450124415046,3.04245538922323e-11,1.02941152846542e-09,"MIR2052HG","Ex_L2_3"
"RERG",11.8004698625667,2.07190770465339,0.311838340584357,6.64417242847952,3.04925442572718e-11,1.02941152846542e-09,"RERG","Ex_L2_3"
"ENSG00000255139",15.3343657631679,1.71587435108336,0.258286274342362,6.64330443207733,3.06727381122141e-11,1.0319485589534e-09,"ENSG00000255139","Ex_L2_3"
"POLR3A",15.533277098291,1.85973949216233,0.28058548357438,6.62806738421066,3.40110218056491e-11,1.14035589835733e-09,"POLR3A","Ex_L2_3"
"NIP7",5.47091765584253,3.05450302056829,0.461036671861659,6.62529296906957,3.46560141256318e-11,1.158029533232e-09,"NIP7","Ex_L2_3"
"ARIH1",50.1059869337128,1.20521919693825,0.181928173108593,6.62469795823679,3.47958923589348e-11,1.15876219164127e-09,"ARIH1","Ex_L2_3"
"DTNBP1",17.4473680130403,-3.61042571833026,0.545630296550954,-6.61698175697452,3.66606716761372e-11,1.21673796806207e-09,"DTNBP1","Ex_L2_3"
"NAV1",32.2024720830325,-1.39896793565048,0.211595504142204,-6.61152013282049,3.80393372331512e-11,1.25824393595447e-09,"NAV1","Ex_L2_3"
"PAPSS1",30.7627703095153,-1.43200250576669,0.216803542333886,-6.60506968821269,3.97330393012397e-11,1.30985697347443e-09,"PAPSS1","Ex_L2_3"
"LRMDA",10.2436245681507,-3.72802870511188,0.564999074365251,-6.59829170392915,4.15922308501016e-11,1.36656212666019e-09,"LRMDA","Ex_L2_3"
"TACC1",56.3200757034687,1.16149304305728,0.176158318313219,6.59346123520595,4.29688988890977e-11,1.40708820895499e-09,"TACC1","Ex_L2_3"
"CLVS2",18.2700953016703,-2.11401633406775,0.320690860677678,-6.59206916467921,4.33738429464824e-11,1.41563001031974e-09,"CLVS2","Ex_L2_3"
"PALLD",9.59125131230058,2.22903303861549,0.338471459398212,6.5855863964974,4.5309352444317e-11,1.47390423315553e-09,"PALLD","Ex_L2_3"
"ENAH",37.209772745638,1.35477861721762,0.205752384921417,6.5845099085245,4.56388292927188e-11,1.47972230683719e-09,"ENAH","Ex_L2_3"
"SRSF10",36.8038042136901,1.14691699088896,0.174342854990152,6.57851445047029,4.75171699705674e-11,1.53555486115413e-09,"SRSF10","Ex_L2_3"
"ENSG00000271204",12.382236150192,3.02603088487833,0.460171332158953,6.57587875081508,4.83666573667539e-11,1.55512244058202e-09,"ENSG00000271204","Ex_L2_3"
"PIK3C2A",13.5987169044383,1.74301743509102,0.265071280776592,6.57565553682169,4.84392779741549e-11,1.55512244058202e-09,"PIK3C2A","Ex_L2_3"
"SNPH",11.6487563015217,-2.77254213253183,0.42168906633208,-6.57484946585846,4.87024149406711e-11,1.55847727810148e-09,"SNPH","Ex_L2_3"
"TPPP",12.9253875173637,-2.78921892287331,0.424277918831597,-6.57403743884299,4.89689100521918e-11,1.56191744270368e-09,"TPPP","Ex_L2_3"
"TMEM178A",36.1922030553184,-1.46515845876575,0.22294106692355,-6.57195409972709,4.96591730318586e-11,1.56874824032577e-09,"TMEM178A","Ex_L2_3"
"ZBTB49",6.08272521448654,2.83729298248273,0.431728030638761,6.57194525517565,4.96621236503782e-11,1.56874824032577e-09,"ZBTB49","Ex_L2_3"
"SLC25A29",18.5931998820391,-1.96376487080294,0.298775954516377,-6.57270051728778,4.94107787039732e-11,1.56874824032577e-09,"SLC25A29","Ex_L2_3"
"HLA-C",6.36613856098875,2.98204908410559,0.453847318607121,6.57059976306049,5.01129947919562e-11,1.57791686165441e-09,"HLA-C","Ex_L2_3"
"LINC02822",10.4408963763471,-6.1775263361301,0.9406879645313,-6.56703026832927,5.13286164023096e-11,1.61102980043543e-09,"LINC02822","Ex_L2_3"
"BLTP3B",28.9234033397531,1.50294377550498,0.228912615558941,6.56557862411913,5.18311956191707e-11,1.62162313937176e-09,"BLTP3B","Ex_L2_3"
"DOP1A",65.4018293953761,1.21288594262762,0.184863514718372,6.56098064821164,5.34550587257609e-11,1.66711903784722e-09,"DOP1A","Ex_L2_3"
"DIP2C",71.3426474004339,0.869785812652975,0.13263641571004,6.55766976208429,5.46550760232519e-11,1.69901071108712e-09,"DIP2C","Ex_L2_3"
"ENSG00000291214",37.8417958679174,1.17544533975563,0.179259962270726,6.55721068366858,5.48235337352013e-11,1.69901071108712e-09,"ENSG00000291214","Ex_L2_3"
"PCSK1",6.64343813677595,2.8748691480137,0.438730173201706,6.55270442658153,5.65042879207093e-11,1.74559158658191e-09,"PCSK1","Ex_L2_3"
"PDE4DIP",102.931060459165,1.21214658870693,0.185314112100225,6.54103767365197,6.10934377168665e-11,1.87835023256362e-09,"PDE4DIP","Ex_L2_3"
"LINC02263",29.0128914672572,2.79854937061873,0.427859359660559,6.54081605890065,6.11840466633102e-11,1.87835023256362e-09,"LINC02263","Ex_L2_3"
"LINC02755",21.6476279386413,2.11183126977124,0.323401753253827,6.53005510490765,6.57454978748151e-11,2.01209897545852e-09,"LINC02755","Ex_L2_3"
"CEND1",11.505230404366,-6.2135817739853,0.952254310121802,-6.52512853755477,6.79432422254771e-11,2.07290189945058e-09,"CEND1","Ex_L2_3"
"HSP90AB1",45.6924920716793,-1.54506128015736,0.236925856568016,-6.52128603664585,6.97071061685704e-11,2.12013192260073e-09,"HSP90AB1","Ex_L2_3"
"RIPOR2",10.7962631877947,-2.96389300415745,0.454669564944827,-6.51878470140642,7.08793027214631e-11,2.14913046276436e-09,"RIPOR2","Ex_L2_3"
"UQCRB",34.1132381036131,-1.81952621686585,0.279274562437392,-6.51518778146418,7.25987792702502e-11,2.19449356169519e-09,"UQCRB","Ex_L2_3"
"GCLM",8.01625053107932,2.43541965303158,0.373911351523194,6.51336110313438,7.34875585865367e-11,2.20777301392702e-09,"GCLM","Ex_L2_3"
"BICC1",18.4558191138332,-1.83599815204905,0.281866538115055,-6.5137144846176,7.33147930204568e-11,2.20777301392702e-09,"BICC1","Ex_L2_3"
"MPDZ",48.7201710025967,-1.12853398078525,0.173328554786686,-6.51095246351147,7.46757753022505e-11,2.23663053832106e-09,"MPDZ","Ex_L2_3"
"LDLRAD3",13.9148594051666,2.44618679669574,0.376182319490748,6.50266285775269,7.8910516807317e-11,2.3562824228422e-09,"LDLRAD3","Ex_L2_3"
"LINC02987",18.631368697179,-2.1325359583762,0.328162470240717,-6.49841511983965,8.11705703722115e-11,2.4164232828382e-09,"LINC02987","Ex_L2_3"
"IMMP2L",66.3247792887954,-1.6940657409258,0.260740634423689,-6.4971297805966,8.18668364474591e-11,2.42978791921401e-09,"IMMP2L","Ex_L2_3"
"CCDC30",24.6269178589107,-1.90014033693247,0.292591105769579,-6.49418351912882,8.34849302551433e-11,2.47034926152568e-09,"CCDC30","Ex_L2_3"
"CCDC88A",117.794767936933,0.849266265953291,0.130834789726189,6.49113487116563,8.5192168342611e-11,2.51329688227571e-09,"CCDC88A","Ex_L2_3"
"AMBRA1",34.2705551573817,1.23695276150206,0.190673458667531,6.4872833909143,8.73978572182664e-11,2.57064835123428e-09,"AMBRA1","Ex_L2_3"
"LRRC8B",107.075331068344,2.43811307746604,0.375886775896987,6.48629649619336,8.79719652765609e-11,2.57981070709533e-09,"LRRC8B","Ex_L2_3"
"FTCD",10.7336214478238,-3.83536608987426,0.591928262133895,-6.47944410704062,9.20611615931093e-11,2.691693010389e-09,"FTCD","Ex_L2_3"
"MRTFB",94.6840295518329,-1.1316473239709,0.174863318601312,-6.47161070156202,9.696367932896e-11,2.82662072916232e-09,"MRTFB","Ex_L2_3"
"CHN2",13.5483345868648,-3.59288587092526,0.555215900994528,-6.47115088831123,9.72592507722236e-11,2.82684875617256e-09,"CHN2","Ex_L2_3"
"ENSG00000253452",12.6366237507627,-6.33007555857338,0.978458171733886,-6.4694391047459,9.83673616462111e-11,2.84461525328211e-09,"LOC124902062","Ex_L2_3"
"GRIK4",29.7713646877121,1.56805057270554,0.242382866453465,6.46931276805653,9.84496321372065e-11,2.84461525328211e-09,"GRIK4","Ex_L2_3"
"CHN1",221.146070722151,-1.67237874146601,0.258573354948378,-6.46771490357113,9.94959856220588e-11,2.86641807258389e-09,"CHN1","Ex_L2_3"
"ENSG00000251600",93.3801499792438,-1.87153223248523,0.289418486913808,-6.46652621414124,1.00281437651831e-10,2.88059895757774e-09,"GUSBP5","Ex_L2_3"
"ENSG00000265987",6.07884919070183,2.7750374061062,0.429212365798883,6.4654181175351,1.01019093658723e-10,2.89332821021369e-09,"ENSG00000265987","Ex_L2_3"
"UBE3D",18.8280278382214,-1.84722673803132,0.285777625367346,-6.46386061769827,1.02064890787785e-10,2.91478339273022e-09,"UBE3D","Ex_L2_3"
"HLA-B",6.00290743741872,2.95043275702845,0.457418026036744,6.45018908107361,1.1171068973152e-10,3.18100236499261e-09,"HLA-B","Ex_L2_3"
"SLK",22.2157406413517,1.62555615104533,0.252542079527452,6.43677344419991,1.22039879890374e-10,3.46508606948855e-09,"SLK","Ex_L2_3"
"ACSL4",31.6703414316971,1.32930860640166,0.206533059682615,6.43629939170242,1.2242144915879e-10,3.46590292949844e-09,"ACSL4","Ex_L2_3"
"POLN",19.9605231343988,-2.11845237994766,0.329504129138209,-6.42921345322227,1.28265906165037e-10,3.62093178783139e-09,"POLN","Ex_L2_3"
"PWWP3B",9.15554290247334,2.2351141286346,0.347775617590292,6.4268856572566,1.3024471472789e-10,3.66625810168134e-09,"PWWP3B","Ex_L2_3"
"AGO4",40.142515844942,1.68139092580954,0.26171061174067,6.42461883615034,1.32200350999022e-10,3.71067499489827e-09,"AGO4","Ex_L2_3"
"DNAH14",14.7977208549904,-4.43774577700853,0.691266094041652,-6.4197359240668,1.36510942329172e-10,3.82075070496235e-09,"DNAH14","Ex_L2_3"
"NLRC5",3.82435369125241,4.66394328343968,0.726669006004253,6.41824991144921,1.37849830547183e-10,3.8472634525441e-09,"NLRC5","Ex_L2_3"
"HSD17B4",20.3835493632234,-2.07370595010398,0.323564545761046,-6.4089405878091,1.46534278462949e-10,4.07805312073656e-09,"HSD17B4","Ex_L2_3"
"LPGAT1",24.0300940958625,1.43747227115303,0.224336368170223,6.40766489569938,1.47765238088546e-10,4.10069406492055e-09,"LPGAT1","Ex_L2_3"
"KCNK1",72.5672595318463,1.31863066829124,0.205832179107463,6.40633876592637,1.49055578339418e-10,4.1222189251118e-09,"KCNK1","Ex_L2_3"
"SH3RF3",42.8203392632651,1.67869561877809,0.262050230662445,6.40600702596012,1.4938008319827e-10,4.1222189251118e-09,"SH3RF3","Ex_L2_3"
"PCGF5",33.5733912497754,1.12660725830559,0.175932007179596,6.40365148085603,1.5170419285351e-10,4.17462742462993e-09,"PCGF5","Ex_L2_3"
"PLET1",5.90248133872376,3.00236920498703,0.469056162052468,6.40087360082733,1.54490431631303e-10,4.23942458197184e-09,"PLET1","Ex_L2_3"
"CTNNAL1",41.9885031190458,1.4589305546179,0.227943476840525,6.40040493739857,1.54965409494117e-10,4.24061332275824e-09,"CTNNAL1","Ex_L2_3"
"METTL3",9.89209245439132,2.11200395442903,0.330071523356662,6.39862516145291,1.56782198765891e-10,4.27841200187811e-09,"METTL3","Ex_L2_3"
"TBC1D5",75.2723671949064,-0.99444852637163,0.155506626222542,-6.39489487057933,1.6065785302761e-10,4.37202977324997e-09,"TBC1D5","Ex_L2_3"
"LINC01484",7.02533957333062,2.61336270851022,0.408691484713967,6.39446332075954,1.61112216458621e-10,4.3722829129544e-09,"LINC01484","Ex_L2_3"
"CYP1B1-AS1",13.2023461690758,-2.2523496079466,0.352429484531399,-6.39092274286129,1.64887680008156e-10,4.46241478898105e-09,"CYP1B1-AS1","Ex_L2_3"
"BCKDHB",15.0547848578492,-2.20113170863097,0.345042847579282,-6.37929962633179,1.77899677775377e-10,4.80133635842116e-09,"BCKDHB","Ex_L2_3"
"BIRC6-AS2",39.3486286610861,1.11546441469588,0.175176536918737,6.36765878762256,1.91935307480896e-10,5.16595194710226e-09,"BIRC6-AS2","Ex_L2_3"
"ENSG00000247228",4.07331242370039,3.88896532940473,0.611859756930343,6.35597501773183,2.07108686761608e-10,5.55911404028971e-09,"ENSG00000247228","Ex_L2_3"
"PIK3C3",20.155329633842,-1.73078736563853,0.272428542274538,-6.35317926377311,2.10909685331028e-10,5.64571321169486e-09,"PIK3C3","Ex_L2_3"
"SKIL",12.0959586217111,2.37845042510193,0.374410499127361,6.35252064417369,2.11814988658071e-10,5.6545392624372e-09,"SKIL","Ex_L2_3"
"TNK2",26.4227328133436,-1.46109515188936,0.230048295128936,-6.35125398808304,2.13566749197536e-10,5.68585296508562e-09,"TNK2","Ex_L2_3"
"USP15",42.5358724719404,1.22992145654448,0.193756822803876,6.34775817824709,2.18475138360849e-10,5.800810160154e-09,"USP15","Ex_L2_3"
"OXCT1",32.2299880564251,1.60949769729831,0.253608493853486,6.34638719248947,2.20430043629909e-10,5.8369400232351e-09,"OXCT1","Ex_L2_3"
"KCNJ3",45.5207800901028,-1.24379282426439,0.196232932465592,-6.3383490662684,2.32240193703658e-10,6.13313887888369e-09,"KCNJ3","Ex_L2_3"
"EPHA7",13.5810125689354,-2.5265430611144,0.39903821128426,-6.33158176251594,2.42660521523026e-10,6.3911446741078e-09,"EPHA7","Ex_L2_3"
"EOLA2-DT",17.2087354809853,-3.73638362776102,0.590319541598056,-6.32942561522908,2.4607548412419e-10,6.46375817121936e-09,"EOLA2-DT","Ex_L2_3"
"ENSG00000263655",9.77207464979513,2.49801874241109,0.394759447804675,6.32795175974383,2.48436777510042e-10,6.50838107268974e-09,"ENSG00000263655","Ex_L2_3"
"CACNG2",25.3739016950941,1.50732182534941,0.238218032197106,6.32748835781759,2.49183765443148e-10,6.51058859498267e-09,"CACNG2","Ex_L2_3"
"FAT3",87.102770379094,-1.33818371471511,0.211664627252565,-6.32218870051609,2.57884183497382e-10,6.720037715327e-09,"FAT3","Ex_L2_3"
"ENSG00000261313",5.58541591252222,2.9808248452362,0.471646693882977,6.32003761267918,2.61499646445953e-10,6.79622361556889e-09,"ENSG00000261313","Ex_L2_3"
"FMNL2",250.747918197459,1.21983274976735,0.193184013655238,6.31435659031445,2.71287756649864e-10,7.03200770799015e-09,"FMNL2","Ex_L2_3"
"C1orf115",9.86855906541388,-4.74008118827537,0.751447203719011,-6.30793642562789,2.82780316073404e-10,7.31061532922399e-09,"C1orf115","Ex_L2_3"
"ATRNL1",324.532068177495,-1.53141761321329,0.243057239615366,-6.30064595334305,2.96407749360873e-10,7.64280768955701e-09,"ATRNL1","Ex_L2_3"
"GRM1",96.8935934140426,-1.75521154565775,0.27876201042615,-6.29645174023,3.04536033000709e-10,7.83183766544231e-09,"GRM1","Ex_L2_3"
"ATG10",22.7426581608582,2.11008218482123,0.335479117491956,6.28975717056913,3.17962950037107e-10,8.1557911779753e-09,"ATG10","Ex_L2_3"
"LRRC37A2",22.988045584323,-1.89489894320737,0.30195402264335,-6.27545520546191,3.48612838726683e-10,8.9186784574243e-09,"LRRC37A2","Ex_L2_3"
"ENSG00000291133",34.8554800554629,-1.42272947982862,0.226773340636568,-6.27379512880537,3.5235207795654e-10,8.99092678920791e-09,"DPY19L2P1","Ex_L2_3"
"CDC37L1",13.3065934649341,2.13482255785373,0.340355268170979,6.27233587223714,3.55671297262087e-10,9.02872047623447e-09,"CDC37L1","Ex_L2_3"
"PLXDC2",67.2493547598588,-1.05180094988172,0.167679804557221,-6.27267518983057,3.54896773474853e-10,9.02872047623447e-09,"PLXDC2","Ex_L2_3"
"ENSG00000249417",4.34360287467207,3.2836825513268,0.52390542425535,6.26770099964903,3.66417493929262e-10,9.27753984629142e-09,"ENSG00000249417","Ex_L2_3"
"PSRC1",31.9485794230899,1.48103688173802,0.236356990334346,6.26610145798087,3.70199180865369e-10,9.32522244313175e-09,"PSRC1","Ex_L2_3"
"NGRN",14.2098312321046,-2.21979893431296,0.354247544195558,-6.26623662093068,3.69878156063637e-10,9.32522244313175e-09,"NGRN","Ex_L2_3"
"ENSG00000229425",23.1599595921295,-3.56784842803999,0.569748843795258,-6.26214246311329,3.79723778341646e-10,9.54068132590367e-09,"LOC101927745","Ex_L2_3"
"ENSG00000286934",5.36832650524224,2.94335170798733,0.470353507265018,6.25774372365616,3.90586962989519e-10,9.78858756226796e-09,"ENSG00000286934","Ex_L2_3"
"MCHR2",11.9961049623236,-2.35304637277263,0.376128782844429,-6.25595934184563,3.95079672725948e-10,9.85092057070993e-09,"MCHR2","Ex_L2_3"
"FAM13C",20.6603592411413,-1.65793561876013,0.265004074439045,-6.25626463392917,3.94307448466593e-10,9.85092057070993e-09,"FAM13C","Ex_L2_3"
"TBC1D12",28.1405361515613,1.39850001338482,0.224089798147035,6.24080178994676,4.3533360381512e-10,1.08271324655183e-08,"TBC1D12","Ex_L2_3"
"TMEM161B-DT",82.6523454015743,-1.04150006055708,0.167096876494779,-6.2329116043628,4.57844550596208e-10,1.13582446087302e-08,"TMEM161B-DT","Ex_L2_3"
"RPGRIP1L",13.912278435601,-4.60112329961681,0.73848330966829,-6.23050411482357,4.64936616757665e-10,1.15051317960385e-08,"RPGRIP1L","Ex_L2_3"
"ACACA",49.40711482701,-1.03254888688858,0.165852441532355,-6.22570808936296,4.79385909064869e-10,1.18328823383248e-08,"ACACA","Ex_L2_3"
"NCALD",41.5245187932755,-1.19957686585474,0.192814769888331,-6.22139510655472,4.92753540431733e-10,1.21323578476224e-08,"NCALD","Ex_L2_3"
"CTNNA2",368.20780179118,-1.72910196133278,0.278124386208329,-6.21700953629286,5.06718978770911e-10,1.24450181186136e-08,"CTNNA2","Ex_L2_3"
"PPP1R21",24.5590734657651,-1.51056268305332,0.243192721235939,-6.21138114404261,5.25209090820886e-10,1.28669678509336e-08,"PPP1R21","Ex_L2_3"
"PAFAH1B1",68.8768467876818,0.884216916333379,0.142383479279672,6.2101089312236,5.29478851669883e-10,1.29393040766292e-08,"PAFAH1B1","Ex_L2_3"
"SPRED2",34.8175427242059,1.63346980559799,0.263087851494028,6.20883783238874,5.33778696446975e-10,1.30120146746776e-08,"SPRED2","Ex_L2_3"
"ANKRD34C-AS1",13.3882553468197,-2.21531397596875,0.356931705532992,-6.20654859635043,5.41608781033215e-10,1.31702095665107e-08,"ANKRD34C-AS1","Ex_L2_3"
"NR2F2-AS1",20.2362536326109,-1.65235262991125,0.26630696195449,-6.2046918254943,5.480418882023e-10,1.32937370609862e-08,"NR2F2-AS1","Ex_L2_3"
"SPIRE1",55.584909420575,0.998270045109938,0.160900345303631,6.20427534338803,5.49495068843924e-10,1.32961565426668e-08,"SPIRE1","Ex_L2_3"
"ANAPC10",12.5496923146083,-2.29185337283498,0.369470995923947,-6.20306708271829,5.53732216698621e-10,1.33657624001161e-08,"ANAPC10","Ex_L2_3"
"DDAH1",81.8213187989637,2.69525311957716,0.434549728561751,6.20240433355639,5.56069878826346e-10,1.33892904156618e-08,"DDAH1","Ex_L2_3"
"ADAM19",18.7915196968764,1.66797834187987,0.269109681400327,6.1981357682877,5.71358461614208e-10,1.37237787943716e-08,"ADAM19","Ex_L2_3"
"PTPN14",8.41559375794301,-5.82455730211757,0.940371070143961,-6.19389248249192,5.8696273693188e-10,1.40641998234605e-08,"PTPN14","Ex_L2_3"
"CROCCP3",9.23728894125462,-3.45740647114071,0.558943062576022,-6.18561478374278,6.18609029157442e-10,1.47864114414664e-08,"CROCCP3","Ex_L2_3"
"ENSG00000253607",7.21274702974299,2.63805421438838,0.426582016081672,6.18416650242308,6.24314463780727e-10,1.48865662431599e-08,"LOC124902013","Ex_L2_3"
"ZMIZ1-AS1",8.51920622681874,2.35850474737456,0.382016041671318,6.17383693380024,6.66522860712905e-10,1.58545292582169e-08,"ZMIZ1-AS1","Ex_L2_3"
"RPLP0",11.8253469092391,1.76321743961727,0.285689067191754,6.17180579204243,6.75143999193508e-10,1.60208083286885e-08,"RPLP0","Ex_L2_3"
"ENSG00000286163",9.33744627727672,-3.27976768658249,0.531760087603416,-6.16775828619263,6.92649154599019e-10,1.63965910717609e-08,"ENSG00000286163","Ex_L2_3"
"PFN2",15.161395114259,-1.9400028844037,0.314810802890547,-6.16244063606102,7.16321888239843e-10,1.69162168992024e-08,"PFN2","Ex_L2_3"
"NECTIN3-AS1",11.9719116889855,2.05841651858446,0.33416158050534,6.15994368793562,7.2770816564168e-10,1.71438969286903e-08,"NECTIN3-AS1","Ex_L2_3"
"ADAM9",28.4136584616084,1.6348426435147,0.265550178064187,6.15643587751438,7.44002781631517e-10,1.74858452793015e-08,"ADAM9","Ex_L2_3"
"RGS12",56.477592570131,1.51947446130977,0.24727045894323,6.14498985363481,7.99686264339748e-10,1.87496846321568e-08,"RGS12","Ex_L2_3"
"TMEM231",8.58389770567312,2.50356745259607,0.407559558794478,6.14282599579158,8.10660738299564e-10,1.89617406977498e-08,"TMEM231","Ex_L2_3"
"RNASEK",12.0426284468562,1.82217383389395,0.29672222830449,6.14100886309089,8.19990080431315e-10,1.9134400356668e-08,"RNASEK","Ex_L2_3"
"ARID5B",129.301913753517,1.98569837784152,0.3236468520581,6.13538603948805,8.49526462179802e-10,1.97766539442047e-08,"ARID5B","Ex_L2_3"
"KCNQ2",39.2875240832927,-1.19788238408505,0.195552206842208,-6.12563981469984,9.0319918433441e-10,2.09764273922015e-08,"KCNQ2","Ex_L2_3"
"ACAP3",39.3943747849181,-1.2262835961308,0.200260703944752,-6.12343596110155,9.15786720943542e-10,2.11529068734038e-08,"ACAP3","Ex_L2_3"
"ENSG00000289396",6.94138273752513,2.39030257507775,0.390338391974798,6.12366762845116,9.14455523993225e-10,2.11529068734038e-08,"ENSG00000289396","Ex_L2_3"
"LINC02929",15.415512629857,-1.90162041477962,0.310560901215368,-6.1231803724735,9.17257565968037e-10,2.11529068734038e-08,"LINC02929","Ex_L2_3"
"SH3BGRL",14.057366217173,-2.06393910130986,0.337122370103833,-6.12222529366464,9.22774208622704e-10,2.12302899894835e-08,"SH3BGRL","Ex_L2_3"
"CEACAM16-AS1",5.6790077872608,2.58461992159274,0.422408264367911,6.11877214443318,9.42991271602811e-10,2.16447342341729e-08,"CEACAM16-AS1","Ex_L2_3"
"VPS8",48.9861551255014,1.00642626137979,0.164598660656245,6.11442558139436,9.69053778125991e-10,2.21911056324236e-08,"VPS8","Ex_L2_3"
"YWHAB",26.2663460801034,-1.48691357579908,0.243305801945465,-6.11129518453635,9.88257768522628e-10,2.25782425999216e-08,"YWHAB","Ex_L2_3"
"SH3GLB2",16.0416026072558,-1.8497402589931,0.302702255048203,-6.11075810683517,9.91589656451594e-10,2.26018022853375e-08,"SH3GLB2","Ex_L2_3"
"AHCYL1",34.0352262953259,1.42717978704092,0.233591376615156,6.10972805469702,9.98010504849198e-10,2.26954981473114e-08,"AHCYL1","Ex_L2_3"
"ENSG00000287332",3.59407990882406,3.69714580338515,0.60520084738054,6.10895675276615,1.0028449564952e-09,2.27527687127224e-08,"ENSG00000287332","Ex_L2_3"
"MTHFD1L",38.9819096992374,1.05877859138299,0.173330823886935,6.10842646241407,1.00618200836387e-09,2.27758802999232e-08,"MTHFD1L","Ex_L2_3"
"MIR181A1HG",32.8272933642016,2.15014271492292,0.352094026066664,6.10672875919747,1.01693843063145e-09,2.29664440058008e-08,"MIR181A1HG","Ex_L2_3"
"DNAH6",29.0788866578802,-1.46765635254482,0.240437294594965,-6.10411273765658,1.03373304461116e-09,2.32921867666514e-08,"DNAH6","Ex_L2_3"
"SVOP",13.9901736593203,-2.02634058588131,0.332233573451485,-6.09914454108357,1.06637611618144e-09,2.39727207445456e-08,"SVOP","Ex_L2_3"
"ATAD3B",9.27335212943669,-2.99225696505268,0.490684167148674,-6.09813229238766,1.07314919019634e-09,2.40150743610225e-08,"ATAD3B","Ex_L2_3"
"TAPT1-AS1",27.3909292987616,-1.85450409137449,0.304101990966269,-6.09829644811563,1.07204796262529e-09,2.40150743610225e-08,"TAPT1-AS1","Ex_L2_3"
"COL19A1",11.4911701005482,-2.32006786889718,0.380499189073138,-6.09743183565952,1.0778605637284e-09,2.4065686768336e-08,"COL19A1","Ex_L2_3"
"LINC01725",11.8022070759576,-2.39039699055098,0.392089847773412,-6.09655415493538,1.08379244531089e-09,2.41040889164085e-08,"LINC01725","Ex_L2_3"
"ADAM7-AS1",9.21244771686552,-3.41637195115623,0.560386956377962,-6.09645158987604,1.08448771386935e-09,2.41040889164085e-08,"ADAM7-AS1","Ex_L2_3"
"PNMA2",20.2626376061023,-1.6145103285035,0.265042434059475,-6.09151638013257,1.11846138769847e-09,2.48030805253945e-08,"PNMA2","Ex_L2_3"
"JARID2",56.11914202993,2.80901918325145,0.461452357000506,6.08734388423196,1.14799223488362e-09,2.53435409337003e-08,"JARID2","Ex_L2_3"
"CFTR",6.1746703730991,3.2942968228674,0.541143019583394,6.08766389595777,1.14570069233802e-09,2.53435409337003e-08,"CFTR","Ex_L2_3"
"PER1",19.7285860609527,1.52351233633472,0.250328770419464,6.08604569815063,1.15733421508789e-09,2.54924917691107e-08,"PER1","Ex_L2_3"
"CADPS2",55.9092923826384,-3.78304289372133,0.621739658054433,-6.08460928093175,1.16775731225686e-09,2.56072496330612e-08,"CADPS2","Ex_L2_3"
"TOLLIP",12.0883566560093,-2.34700176031754,0.385712159881123,-6.0848529147769,1.16598300602466e-09,2.56072496330612e-08,"TOLLIP","Ex_L2_3"
"IBTK",52.6283531945511,1.32430811182289,0.217694090066329,6.08334434535814,1.17701182359502e-09,2.57527041313975e-08,"IBTK","Ex_L2_3"
"SCHLAP1",10.8807437764757,-5.08188591651848,0.835627949743389,-6.08151740027253,1.19050443252489e-09,2.59771888306704e-08,"SCHLAP1","Ex_L2_3"
"VPS41",21.975631787209,-1.86545317059697,0.306755353100802,-6.08124080554827,1.19256027714092e-09,2.59771888306704e-08,"VPS41","Ex_L2_3"
"NAALAD2",11.7622137513679,-3.1988029441119,0.526553559412663,-6.07498114281092,1.24002292148736e-09,2.69512946475482e-08,"NAALAD2","Ex_L2_3"
"CPVL-AS2",18.3219107061657,-1.70635824633148,0.281044667756295,-6.07148415216023,1.26733470277023e-09,2.7484097395176e-08,"CPVL-AS2","Ex_L2_3"
"ENSG00000258162",24.219933147188,2.00953512214116,0.331012607432126,6.07087185509458,1.27217674294557e-09,2.75283355125492e-08,"PPFIA2-AS2","Ex_L2_3"
"SDCCAG8",32.341864577889,-1.40725993332074,0.232017499525295,-6.06531807385207,1.31692763028257e-09,2.84340594283428e-08,"SDCCAG8","Ex_L2_3"
"RGS2",8.5071465218183,2.09002416756149,0.344695587497475,6.06339112935932,1.33281012015295e-09,2.87138741675057e-08,"RGS2","Ex_L2_3"
"SKAP2",8.73175272946331,-3.75574006434049,0.619484541690594,-6.06268568718591,1.33867116201101e-09,2.87770360953964e-08,"SKAP2","Ex_L2_3"
"VCL",21.3467813823937,1.4974682727589,0.247027171142307,6.06195774268183,1.34474549703188e-09,2.884449729878e-08,"VCL","Ex_L2_3"
"DKK3",30.8753505787895,-1.31530462080469,0.217106438815484,-6.05833999203749,1.37533461375665e-09,2.94363556547828e-08,"DKK3","Ex_L2_3"
"HIVEP2",50.5028161922891,1.30058688019834,0.214817194930708,6.05438908471859,1.40951552142652e-09,3.01023488749872e-08,"HIVEP2","Ex_L2_3"
"KCNT1",21.8885972689352,-1.84711353098412,0.305321472303862,-6.04973347287491,1.45085662043689e-09,3.09180378290065e-08,"KCNT1","Ex_L2_3"
"EPHB6",14.7347424775292,-2.48134989105779,0.410305586082405,-6.04756546151296,1.47050925864932e-09,3.12690107293743e-08,"EPHB6","Ex_L2_3"
"CDH10",41.9585471715994,-1.18943009694739,0.196730763112078,-6.04597917545703,1.48505278466561e-09,3.15100616772246e-08,"CDH10","Ex_L2_3"
"OSBPL10",11.4086090992019,-2.60565102697903,0.431795892288595,-6.03445070579207,1.59504309916641e-09,3.36982868950771e-08,"OSBPL10","Ex_L2_3"
"SLC24A4",29.711203586225,1.43395555316732,0.237623820762408,6.03456147016963,1.5939494799468e-09,3.36982868950771e-08,"SLC24A4","Ex_L2_3"
"CCDC102B",9.71203750978227,-2.84976089371416,0.472481415472575,-6.03147721876814,1.62467631194387e-09,3.42506868852717e-08,"CCDC102B","Ex_L2_3"
"TESC",9.03038314126673,-4.1006961917487,0.681825679326108,-6.01428827937617,1.80678733528725e-09,3.80083057427452e-08,"TESC","Ex_L2_3"
"MDGA2",167.520069620133,-0.999390092045465,0.166502765376913,-6.00224320468878,1.94609903654093e-09,4.07643431449427e-08,"MDGA2","Ex_L2_3"
"GRB2",21.8980661842353,1.51981080913948,0.253196761119172,6.00248914094188,1.94315261373634e-09,4.07643431449427e-08,"GRB2","Ex_L2_3"
"COL6A1",9.13026457589362,-5.83372977526975,0.972483221212922,-5.99879735507794,1.98784240019387e-09,4.15501356159673e-08,"COL6A1","Ex_L2_3"
"TXLNG",14.0707548843343,1.75223768992767,0.292133570638443,5.99807028715749,1.99676097110044e-09,4.16479400851183e-08,"TXLNG","Ex_L2_3"
"RAB27B",20.3981841609854,-1.58863015484842,0.264885542702008,-5.9974211451608,2.00475659570264e-09,4.17261203308956e-08,"RAB27B","Ex_L2_3"
"CNNM1",9.8409522561093,-2.73422495144757,0.455927957482039,-5.99705481222938,2.00928255829852e-09,4.17319066653799e-08,"CNNM1","Ex_L2_3"
"TCP11L1",12.1178387039828,1.86217168078267,0.310578666458355,5.99581324119174,2.02469605839055e-09,4.19633208388793e-08,"TCP11L1","Ex_L2_3"
"NAP1L2",8.5172829825805,-3.38303618279669,0.564528216618234,-5.99267863537899,2.06412499701338e-09,4.26904504645462e-08,"NAP1L2","Ex_L2_3"
"CSGALNACT2",11.3977845658146,1.88328355201647,0.314286122786484,5.99225805873684,2.06947184777282e-09,4.27111164548743e-08,"CSGALNACT2","Ex_L2_3"
"ANKRD54",9.66177959069727,1.94454758425125,0.324674661436511,5.98921879412355,2.10851353771292e-09,4.34256540765027e-08,"ANKRD54","Ex_L2_3"
"GFPT2",8.84460094440996,2.14319707854108,0.358885471701039,5.97181342667006,2.34630770344848e-09,4.82220227587403e-08,"GFPT2","Ex_L2_3"
"SNX25",17.9998254942038,1.72962947621881,0.289673130448985,5.97096967032439,2.35847589726981e-09,4.83376046554993e-08,"SNX25","Ex_L2_3"
"OIP5-AS1",14.6126265788381,-2.09763638931117,0.351319224493584,-5.97074182984107,2.36177221443808e-09,4.83376046554993e-08,"OIP5-AS1","Ex_L2_3"
"SLC25A25",9.6268177101021,1.93329516674592,0.323967006284671,5.96756808329773,2.40815815163943e-09,4.91845024567688e-08,"SLC25A25","Ex_L2_3"
"SMS",13.5142614193233,-1.99370312060301,0.334138387647224,-5.96669881195428,2.42101703427819e-09,4.93445463584002e-08,"SMS","Ex_L2_3"
"ENSG00000287553",3.43711831728187,3.63022264113895,0.608524045418789,5.96561905559643,2.43708271515735e-09,4.95691523679209e-08,"ENSG00000287553","Ex_L2_3"
"PDZRN4",23.566277627666,-3.50664201340638,0.587943072987128,-5.96425432072937,2.45753720670953e-09,4.98095973016969e-08,"PDZRN4","Ex_L2_3"
"JUNB",5.29683210954066,2.85406165185842,0.478535860272508,5.96415418111642,2.45904465506138e-09,4.98095973016969e-08,"JUNB","Ex_L2_3"
"U2AF1",14.8443785491086,1.55138862045593,0.260228153100108,5.96164789233671,2.49706769259346e-09,5.04757057860868e-08,"U2AF1","Ex_L2_3"
"ENSG00000291168",12.9838136611392,-3.76606378982662,0.632037756333768,-5.95860571949412,2.54399050848079e-09,5.13186093538302e-08,"ANKRD19P","Ex_L2_3"
"SELENOK",9.14027924704622,2.33222350995424,0.391459558455419,5.95776360438481,2.55713042560815e-09,5.14779698794558e-08,"SELENOK","Ex_L2_3"
"RBM8A",11.3592772460186,1.79008274883336,0.300485197687938,5.95730758988137,2.56427339751649e-09,5.15162001169775e-08,"RBM8A","Ex_L2_3"
"RERE",162.839497999917,1.08127834236941,0.181586826703253,5.9546078424313,2.6069617892505e-09,5.22669237093814e-08,"RERE","Ex_L2_3"
"YJEFN3",13.2627781606179,-1.99226419696716,0.334774232297866,-5.9510679280553,2.66398483853699e-09,5.33013992948826e-08,"YJEFN3","Ex_L2_3"
"SULT4A1",15.9574505503362,-1.82553693024094,0.306967446212861,-5.94700497646598,2.73093111712352e-09,5.45298115744338e-08,"SULT4A1","Ex_L2_3"
"GTF2B",6.36568680705319,2.37997535522028,0.400240714375828,5.94635995223981,2.7417089499757e-09,5.46339730721323e-08,"GTF2B","Ex_L2_3"
"ARL6IP1",27.5406582468606,-1.41436798480717,0.238066546585481,-5.94106145988604,2.83182411634481e-09,5.63154658278773e-08,"ARL6IP1","Ex_L2_3"
"C1orf35",15.6178325768834,1.6221845263491,0.27339933579419,5.93338868815047,2.96745208768795e-09,5.88934329483765e-08,"C1orf35","Ex_L2_3"
"KNDC1",18.1014384316536,-1.6918221589932,0.285171678782158,-5.93264438536893,2.98094042350629e-09,5.90418522591245e-08,"KNDC1","Ex_L2_3"
"ARHGEF28",15.7584070662405,-1.86463481022371,0.314456808400032,-5.92970086960762,3.0348704369579e-09,5.99890687578962e-08,"ARHGEF28","Ex_L2_3"
"GRIN1",119.930889788417,-1.39254197920781,0.234949197074863,-5.92699186268807,3.08534258822389e-09,6.07422957649529e-08,"GRIN1","Ex_L2_3"
"CEP126",23.3098265380568,-1.79559457490744,0.302949851672665,-5.92703566281185,3.08452007459022e-09,6.07422957649529e-08,"CEP126","Ex_L2_3"
"GFPT1",24.2900070512328,1.4064631094671,0.237376535225962,5.92503007143595,3.1224024660623e-09,6.13489636531921e-08,"GFPT1","Ex_L2_3"
"FHL1",33.5911329705482,1.20505725417526,0.20356402863874,5.91979468196637,3.22343781634045e-09,6.32076908337896e-08,"FHL1","Ex_L2_3"
"WDFY2",33.3205094471734,1.25796733239974,0.212532909245118,5.9189296230303,3.24043578352017e-09,6.34144245762991e-08,"WDFY2","Ex_L2_3"
"UPP2",36.4151570285555,-1.56400564782982,0.264359266195325,-5.91621269925236,3.29439135727895e-09,6.42144855037865e-08,"UPP2","Ex_L2_3"
"GLRB",20.1549015975907,-1.57769783811841,0.266664587549509,-5.91641302137836,3.29038345880541e-09,6.42144855037865e-08,"GLRB","Ex_L2_3"
"KLHL18",9.16480032519741,1.90253020541007,0.321669997000645,5.91454043942511,3.32803467209191e-09,6.47418071656058e-08,"KLHL18","Ex_L2_3"
"DOK5",21.1193040096856,1.5990070164741,0.270536127663907,5.91051195373279,3.41046100668291e-09,6.62141678451639e-08,"DOK5","Ex_L2_3"
"NEFL",9.26810198555796,-4.92567502011396,0.834844828998922,-5.90010843813984,3.63262743244946e-09,7.03884258311311e-08,"NEFL","Ex_L2_3"
"SH3RF2",19.6035502157438,2.00534220461011,0.339949990200997,5.89893296782989,3.65859822386208e-09,7.07521042346871e-08,"SH3RF2","Ex_L2_3"
"UCHL3",11.3741378032683,1.78896019514159,0.303515551606873,5.89413025352564,3.76659978255147e-09,7.26975958031152e-08,"UCHL3","Ex_L2_3"
"NPC1",16.2883084570783,1.60719971793848,0.272772025873682,5.89209876925854,3.81321129942901e-09,7.3452917265864e-08,"NPC1","Ex_L2_3"
"ANKH",43.8001649412879,1.34907120505208,0.229029245716553,5.89038836866139,3.85289064576836e-09,7.40720111624821e-08,"ANKH","Ex_L2_3"
"ME3",21.1406464072266,-2.24675137005616,0.381483830066116,-5.88950616771036,3.87351351779784e-09,7.4323040622746e-08,"ME3","Ex_L2_3"
"ARHGEF25",8.16342965337466,-4.47391878251053,0.759861194733545,-5.88781058108826,3.91345272843029e-09,7.49430011775813e-08,"ARHGEF25","Ex_L2_3"
"IRF1-AS1",5.83838032939016,2.46729021645107,0.419096053425434,5.88717120164925,3.92861701901323e-09,7.50870303400504e-08,"IRF1-AS1","Ex_L2_3"
"BTD",20.1651148863404,1.32324947503635,0.224858191001272,5.88481775622247,3.98492842678214e-09,7.6015411387782e-08,"BTD","Ex_L2_3"
"TNFRSF25",19.7911439311485,-2.37607843775368,0.403942407386976,-5.88222081737856,4.04797777438305e-09,7.70684760766261e-08,"TNFRSF25","Ex_L2_3"
"CYRIB",84.027990791594,1.48562616513452,0.252655153027339,5.88005487849191,4.10130482879406e-09,7.79327246384388e-08,"CYRIB","Ex_L2_3"
"AFG1L",8.61872858660672,-2.97067342688527,0.505368763713782,-5.87822920644088,4.14678478628893e-09,7.86448141708541e-08,"AFG1L","Ex_L2_3"
"ZFPM2-AS1",8.98003862082759,1.96265788894148,0.333913641225895,5.87774096840126,4.15903040562256e-09,7.87250765025742e-08,"ZFPM2-AS1","Ex_L2_3"
"CEP95",12.576443060767,1.69917156070113,0.289128924543231,5.87686466646496,4.1810974829109e-09,7.89905801386859e-08,"CEP95","Ex_L2_3"
"PLEKHA2",9.62648489223929,-3.36419489045602,0.572489960706805,-5.87642600108224,4.19218673302648e-09,7.90480661521155e-08,"PLEKHA2","Ex_L2_3"
"MPC1",10.7262627716577,1.78119349604661,0.303221179099806,5.874238406877,4.24791677295546e-09,7.99454681561579e-08,"MPC1","Ex_L2_3"
"OGT",38.9089227486414,-1.09826392506042,0.187009322872544,-5.87277633109733,4.28556516532743e-09,8.04997938511983e-08,"OGT","Ex_L2_3"
"CHUK",9.55944286908223,2.05464038994946,0.35005366291048,5.86950118695057,4.37108224874204e-09,8.19494504038965e-08,"CHUK","Ex_L2_3"
"CALM3",46.837339045146,-1.37542760501315,0.234393832122075,-5.86801961707254,4.41031082505705e-09,8.25274162768771e-08,"CALM3","Ex_L2_3"
"USP43",9.54856619341731,-3.02394452797922,0.515580922295261,-5.86512106483156,4.48805112508167e-09,8.38224605566584e-08,"USP43","Ex_L2_3"
"ENSG00000287555",17.3939230629451,1.38158070384314,0.235628501765204,5.86338534384877,4.53524049872174e-09,8.44591298092026e-08,"ENSG00000287555","Ex_L2_3"
"RSPO2",13.7718363139516,-2.2755761029504,0.388121737261353,-5.86304729801329,4.54448702594241e-09,8.44591298092026e-08,"RSPO2","Ex_L2_3"
"BRD4",31.4844048363522,1.1408526317669,0.194587736519189,5.86292153953081,4.54793156240515e-09,8.44591298092026e-08,"BRD4","Ex_L2_3"
"PPFIA2-AS1",4.62932952173691,3.03838650751727,0.519259810791633,5.85138006903542,4.8751075584292e-09,9.03642578377517e-08,"PPFIA2-AS1","Ex_L2_3"
"ENSG00000286458",12.1586542293308,1.6765475145321,0.286559328798905,5.85061223293356,4.89766845897528e-09,9.06114782315878e-08,"ENSG00000286458","Ex_L2_3"
"KIF5C-AS1",6.63971513314338,2.37792844906889,0.406788647983247,5.84561162377082,5.04710356878395e-09,9.32006493604014e-08,"KIF5C-AS1","Ex_L2_3"
"TMEM170B",10.7792019886934,-2.55663649477412,0.437745794729083,-5.84045929294739,5.20571044389583e-09,9.59491545981851e-08,"TMEM170B","Ex_L2_3"
"SIDT1",73.3509857043514,1.98753563137392,0.340884805862283,5.83051986241031,5.5254961044528e-09,1.0149041064631e-07,"SIDT1","Ex_L2_3"
"MAPK14",40.9564751192354,1.23248738732734,0.211387165146926,5.83047408044237,5.52701238759933e-09,1.0149041064631e-07,"MAPK14","Ex_L2_3"
"KCMF1",14.5029336008937,1.53872444186175,0.263974432972551,5.82906618847346,5.57383942819087e-09,1.0215932563908e-07,"KCMF1","Ex_L2_3"
"PDZD4",12.7514728833246,-2.80019758098032,0.48071760222602,-5.82503650378864,5.71001175831337e-09,1.04460252353204e-07,"PDZD4","Ex_L2_3"
"LRRK1",11.2106462363206,-2.72463196979085,0.467822514156426,-5.82407192331025,5.74308411730928e-09,1.04869996967372e-07,"LRRK1","Ex_L2_3"
"RFX4",7.90367998455635,2.35769168046937,0.404964943943519,5.82196487802214,5.81597733166606e-09,1.06004009844689e-07,"RFX4","Ex_L2_3"
"PTDSS1",20.8744217114637,1.49406247103774,0.256773623135275,5.81859792604408,5.93432895960291e-09,1.0796082907248e-07,"PTDSS1","Ex_L2_3"
"ENSG00000261810",5.31470691209857,2.64159672215296,0.454149948780594,5.8165738634249,6.00660075579008e-09,1.09073652171685e-07,"ENSG00000261810","Ex_L2_3"
"RNF111",32.1457290407222,1.2615384182319,0.216923978620922,5.8155784632572,6.04245616451144e-09,1.09522305092547e-07,"RNF111","Ex_L2_3"
"MINDY3",29.9382056625851,1.32438197749232,0.227943800698497,5.81012501078759,6.24262102829824e-09,1.12942005491716e-07,"MINDY3","Ex_L2_3"
"ENSG00000287691",3.51748971362078,3.54227346478224,0.609971407425413,5.80727788493167,6.34967030960207e-09,1.14457176369781e-07,"ENSG00000287691","Ex_L2_3"
"HMCES",10.5919222926723,1.795902715685,0.309247676116467,5.8073280880812,6.34776734500434e-09,1.14457176369781e-07,"HMCES","Ex_L2_3"
"SARS1",13.6969408283972,1.64084730978327,0.282681455724001,5.80458065627528,6.45272933373033e-09,1.16101855264774e-07,"SARS1","Ex_L2_3"
"ENSG00000253553",87.4240190683776,-2.52869551688079,0.435682997628602,-5.80398025776617,6.47589051140755e-09,1.16305572914201e-07,"ENSG00000253553","Ex_L2_3"
"CMAS",10.5115665148313,-2.3223055011621,0.400450485578479,-5.79923257630057,6.66190843527093e-09,1.19428081146171e-07,"CMAS","Ex_L2_3"
"DDX21",10.6234039325145,2.03743065145159,0.35140987492738,5.79787534961171,6.71603398678694e-09,1.20179085402905e-07,"DDX21","Ex_L2_3"
"RNF2",10.9721370775497,1.80823103066268,0.31195326157098,5.79648060596171,6.7721012169422e-09,1.20742508811688e-07,"RNF2","Ex_L2_3"
"ESRRA",5.33836666537609,2.70614525031372,0.466839938560233,5.79673037114104,6.76202756910728e-09,1.20742508811688e-07,"ESRRA","Ex_L2_3"
"STARD3NL",7.8459225216917,2.07633272560709,0.358519536633307,5.79140747839009,6.9799006050495e-09,1.24221999173924e-07,"STARD3NL","Ex_L2_3"
"SLC25A21",18.1643501125124,1.80896328640948,0.312445845303641,5.78968584028217,7.05181952846097e-09,1.25275000086077e-07,"SLC25A21","Ex_L2_3"
"TSPYL4",8.59782787445125,-2.87662490747916,0.49691134483991,-5.78901032820236,7.08023447357911e-09,1.25552749943035e-07,"TSPYL4","Ex_L2_3"
"UPF3B",14.8861335879315,1.76459929145084,0.305037867231007,5.78485322976147,7.25756679801452e-09,1.28465470673324e-07,"UPF3B","Ex_L2_3"
"ENSG00000272918",3.44904168565641,3.47840392536391,0.601426662040912,5.78358783356913,7.31239794120761e-09,1.28993235832587e-07,"ENSG00000272918","Ex_L2_3"
"NAPB",24.8188024540181,-1.35064747392848,0.233532229453385,-5.78355919904443,7.31364335899337e-09,1.28993235832587e-07,"NAPB","Ex_L2_3"
"LMBRD1",40.4800689637707,-1.12092656310525,0.193852331658222,-5.78237338450763,7.36540020588541e-09,1.29673282477811e-07,"LMBRD1","Ex_L2_3"
"HLA-E",4.059865863667,3.06910599456771,0.530973300196266,5.78015126830908,7.46334892781382e-09,1.31162683124943e-07,"HLA-E","Ex_L2_3"
"AP1G2",25.1979823415929,-1.68651933072347,0.292008420956653,-5.7755845711512,7.66863695342036e-09,1.34529802554289e-07,"AP1G2","Ex_L2_3"
"ST8SIA5",21.4541010699546,-1.43327015349487,0.248348958915099,-5.77119453109868,7.87115425918805e-09,1.37836398292805e-07,"ST8SIA5","Ex_L2_3"
"TRPM3",8.17522571102711,-3.2314087890903,0.560195114556643,-5.76836303124091,8.00452306086534e-09,1.39922481405589e-07,"TRPM3","Ex_L2_3"
"SPG7",44.6428045208706,1.02062735675737,0.177161096280136,5.76101287578119,8.36106607908864e-09,1.45895405259266e-07,"SPG7","Ex_L2_3"
"PRDX2",9.38770490937769,-2.60186700182445,0.452330661032744,-5.75213494456461,8.81234111649049e-09,1.53497232497168e-07,"PRDX2","Ex_L2_3"
"RHOQ-AS1",3.17475243671513,3.69613257165279,0.642655665493652,5.75134207960904,8.85377607783817e-09,1.5394601095342e-07,"RHOQ-AS1","Ex_L2_3"
"URI1",10.1085620686464,-2.31688815461258,0.403376077800971,-5.74374208615255,9.26068076231975e-09,1.60736621570723e-07,"URI1","Ex_L2_3"
"KIF26B",23.1411654512702,1.86982836665108,0.32556384394285,5.74335388108793,9.28194616368875e-09,1.60821585735588e-07,"KIF26B","Ex_L2_3"
"TAFA1",170.855492606565,-1.49057350114268,0.259681898682744,-5.73999769989252,9.46778369870557e-09,1.63752653267753e-07,"TAFA1","Ex_L2_3"
"PKDCC",7.56228997092359,-3.4336990568999,0.599144015224703,-5.73100785394998,9.983564332882e-09,1.72370010555769e-07,"PKDCC","Ex_L2_3"
"TOP1",39.1578995557704,1.12637442102312,0.196606517749924,5.72907975744642,1.00976913092423e-08,1.74034595477187e-07,"TOP1","Ex_L2_3"
"CUL5",41.2740487182422,1.12319324371904,0.196118153559921,5.72712532384651,1.02146710334003e-08,1.7574243122964e-07,"CUL5","Ex_L2_3"
"RASGRF2",124.847405381036,1.35206769580868,0.236161285899491,5.72518772778073,1.03319427071829e-08,1.77449309712176e-07,"RASGRF2","Ex_L2_3"
"UNC13B",15.2336344060778,-1.83498829628252,0.320734550457943,-5.72120556909923,1.05770827331751e-08,1.80724781792476e-07,"UNC13B","Ex_L2_3"
"HS3ST2",15.0781575049553,2.42642890349338,0.424112377435586,5.72119332655389,1.05778450255164e-08,1.80724781792476e-07,"HS3ST2","Ex_L2_3"
"ENSG00000263300",8.96226174172309,2.59021696811991,0.452702768781774,5.72167246754464,1.05480507222635e-08,1.80724781792476e-07,"ENSG00000263300","Ex_L2_3"
"LINC01331",28.1781638597361,-1.54931599977728,0.270905876274237,-5.71901953949833,1.07140475270759e-08,1.82734032822906e-07,"LINC01331","Ex_L2_3"
"LSAMP-AS1",16.9585402018882,-1.98759398133342,0.347595283092082,-5.71812702304961,1.07704619591902e-08,1.83377847984549e-07,"LSAMP-AS1","Ex_L2_3"
"ESYT2",36.3012109180978,1.39507300788201,0.244036939558045,5.71664687488915,1.08646565545697e-08,1.84661567460368e-07,"ESYT2","Ex_L2_3"
"USP22",20.2481529597008,-1.63870722041492,0.28670151153131,-5.71572577926909,1.09236774248528e-08,1.85344053578159e-07,"USP22","Ex_L2_3"
"VXN",12.9384364142909,-2.99993309347897,0.52537938557228,-5.71003198043492,1.12954946228116e-08,1.91322308921553e-07,"VXN","Ex_L2_3"
"SPATA7",20.1634319849743,-1.9262459614447,0.337443681443836,-5.70834799218281,1.14077995804604e-08,1.92891950221073e-07,"SPATA7","Ex_L2_3"
"CDK11A",7.01023542515168,2.28304644344275,0.399984347781975,5.70783945947606,1.14419263493478e-08,1.93136571230227e-07,"CDK11A","Ex_L2_3"
"CPSF6",45.8458228581065,1.00186310588227,0.175732065544119,5.70108308224912,1.19048592464267e-08,2.00606067301709e-07,"CPSF6","Ex_L2_3"
"GSG1L",13.9931469551272,1.6456159829503,0.28886466809935,5.69684064783001,1.22047901662363e-08,2.05307977042989e-07,"GSG1L","Ex_L2_3"
"SLITRK5",29.8607232938896,-1.22917960001206,0.215786611392874,-5.69627370334919,1.22454239234936e-08,2.05639392520343e-07,"SLITRK5","Ex_L2_3"
"WASHC1",8.39554450499999,-3.29911684955188,0.579365463365968,-5.69436229488868,1.23833883811101e-08,2.07601377911307e-07,"WASHC1","Ex_L2_3"
"USP14",30.8364115220483,1.33116678957776,0.234054670887902,5.68741817682121,1.28974364016571e-08,2.15850792521088e-07,"USP14","Ex_L2_3"
"RADX",5.61761413511613,2.47407477632013,0.435040750569798,5.68699546669982,1.29293887402599e-08,2.16017542490328e-07,"RADX","Ex_L2_3"
"TRPC4AP",24.4634441759049,1.1859957026895,0.208746279215013,5.6815178078834,1.33504610835403e-08,2.22673904388285e-07,"TRPC4AP","Ex_L2_3"
"C8orf76",7.54625960817309,2.01073009866269,0.354059784283496,5.6790694338013,1.3542950014083e-08,2.25273494282761e-07,"C8orf76","Ex_L2_3"
"MGAT5B",13.4635199204179,-1.85690772123982,0.326980654216112,-5.67895285943285,1.3552181913794e-08,2.25273494282761e-07,"MGAT5B","Ex_L2_3"
"NELFA",20.5414631155593,-1.42891940023331,0.251648895301692,-5.67822639761735,1.36098506809539e-08,2.25849954543398e-07,"NELFA","Ex_L2_3"
"VMP1",34.9378454071785,1.32206920134792,0.232880904835045,5.67701848412334,1.37062667210406e-08,2.27066381564086e-07,"VMP1","Ex_L2_3"
"PIK3R1",42.1486629357524,-1.32525500712443,0.2334629963459,-5.67650988750665,1.3747061288905e-08,2.27066831180881e-07,"PIK3R1","Ex_L2_3"
"HIVEP1",16.1228889786787,-1.82674429629496,0.321811500539503,-5.67644193334452,1.37525208217248e-08,2.27066831180881e-07,"HIVEP1","Ex_L2_3"
"ENSG00000254363",3.52660159494175,3.21393260104377,0.566559020358766,5.6727233801848,1.40545075147303e-08,2.31663560108574e-07,"ENSG00000254363","Ex_L2_3"
"DYNLL1",44.5503310464379,-1.5737170784208,0.27770224668528,-5.66692238613501,1.45385156349706e-08,2.39144358948063e-07,"DYNLL1","Ex_L2_3"
"ARPP19",53.9952196470882,-1.15917606290316,0.20455912849367,-5.66670415267746,1.45570365076284e-08,2.39144358948063e-07,"ARPP19","Ex_L2_3"
"ZNF804A",108.83823872957,2.03516820369503,0.35931886659925,5.66396143613817,1.4791766353818e-08,2.42594845842918e-07,"ZNF804A","Ex_L2_3"
"PDGFC",10.9251300829164,-3.36467262892533,0.594277980959,-5.66178242629095,1.49808693748049e-08,2.45286767896805e-07,"PDGFC","Ex_L2_3"
"MORF4L2",55.2827259205312,1.15277029928283,0.203621900102261,5.66132767990034,1.50206291824364e-08,2.45528554223386e-07,"MORF4L2","Ex_L2_3"
"KSR2",56.8366221742888,-1.20822722983379,0.213458771188766,-5.66023697740363,1.51164106979805e-08,2.46683751988306e-07,"KSR2","Ex_L2_3"
"STK39",20.2418295422696,-1.47577461429246,0.260775731769471,-5.65917159652364,1.52105411881574e-08,2.47808219954326e-07,"STK39","Ex_L2_3"
"GLYR1",25.7346756216196,1.71934966906734,0.303844500335127,5.65864995802451,1.52568373371282e-08,2.48150943708522e-07,"GLYR1","Ex_L2_3"
"PPME1",28.429098990943,1.07518910718733,0.190085891912922,5.65633302065297,1.54641281414047e-08,2.51106768365553e-07,"PPME1","Ex_L2_3"
"ZMAT3",10.3076982350173,-2.34035997361519,0.414028179973392,-5.65265865179901,1.57984859505898e-08,2.56112749139594e-07,"ZMAT3","Ex_L2_3"
"SAT2",43.7553921245251,1.09763944712578,0.194207196869153,5.6518989245559,1.586848990123e-08,2.56823797017601e-07,"SAT2","Ex_L2_3"
"ENSG00000235978",10.4159047035263,1.76396427736503,0.312181307627309,5.65044810264842,1.60030117170976e-08,2.58473913291848e-07,"LOC124906209","Ex_L2_3"
"WASL",12.2535268947518,-1.95293677534232,0.345638284001261,-5.65023281777199,1.60230673040243e-08,2.58473913291848e-07,"WASL","Ex_L2_3"
"RDX",19.0459981977612,1.38520201474635,0.245258949666147,5.64791628045346,1.62404225951746e-08,2.6112260486906e-07,"RDX","Ex_L2_3"
"SLC17A7",50.0045871716881,-1.30744692255446,0.231481580537763,-5.64816828845338,1.62166391609743e-08,2.6112260486906e-07,"SLC17A7","Ex_L2_3"
"SDHA",13.4889126196474,1.5406731889223,0.273278677385178,5.63773655399672,1.72299829907177e-08,2.76580641994789e-07,"SDHA","Ex_L2_3"
"ATP11B",39.9378466001935,1.51458957655279,0.268913047506216,5.63226511542838,1.77857989410902e-08,2.85037012719853e-07,"ATP11B","Ex_L2_3"
"TTC8",39.2727000053938,1.02907175587178,0.182727514204037,5.63172853499609,1.78412356464211e-08,2.85459770342738e-07,"TTC8","Ex_L2_3"
"SRRM2",34.6037383022461,-1.20360272399232,0.213810269521141,-5.62930268357998,1.80939630777666e-08,2.89032671993461e-07,"SRRM2","Ex_L2_3"
"WWP1",10.4355750676006,-2.48929118097113,0.442433907927141,-5.62635714932831,1.8405507208132e-08,2.93531985085534e-07,"WWP1","Ex_L2_3"
"FCHO2",16.1352605956193,-1.63089633809384,0.290292931657588,-5.61810557625821,1.93062524175106e-08,3.07398093597446e-07,"FCHO2","Ex_L2_3"
"MYO16",29.4919249540251,-3.41949981267526,0.608826260119567,-5.61654454918502,1.94814038873193e-08,3.09684970532402e-07,"MYO16","Ex_L2_3"
"DIRC3",18.5395892191748,-1.54223472516164,0.274775681405646,-5.61270457877556,1.99188499449519e-08,3.1612727279355e-07,"DIRC3","Ex_L2_3"
"ICE1",36.4497111357017,1.14684674963446,0.204367101944549,5.61169943069228,2.00349212817337e-08,3.17456559147986e-07,"ICE1","Ex_L2_3"
"CTBP1",10.8036530660022,-2.13409120192986,0.380365898861866,-5.61062705230808,2.01594801515866e-08,3.1891583415328e-07,"CTBP1","Ex_L2_3"
"QTRT1",35.846665446688,-1.25756593611737,0.224279284300069,-5.60714263041271,2.05694146791951e-08,3.24877700656613e-07,"QTRT1","Ex_L2_3"
"CCDC85A",28.1576982635324,-1.25868548660043,0.224573928226916,-5.60477120624892,2.08530234771047e-08,3.28301446536982e-07,"CCDC85A","Ex_L2_3"
"UBE2H",55.3409901035399,1.11123381148107,0.198262869361101,5.60485084807864,2.08434374613706e-08,3.28301446536982e-07,"UBE2H","Ex_L2_3"
"LRBA",42.2280770748625,-1.02624501010902,0.183169169005339,-5.60271696204019,2.11017649133354e-08,3.31685981613771e-07,"LRBA","Ex_L2_3"
"PTS",16.4831337813693,1.48234643506341,0.264790890704488,5.59817760769475,2.16616773714358e-08,3.39943000793906e-07,"PTS","Ex_L2_3"
"MTX2",22.4573980376191,-1.40621436829382,0.251242908638616,-5.59703108005528,2.18053628711212e-08,3.4165212894082e-07,"MTX2","Ex_L2_3"
"ROBO1",143.597081407432,-0.950377136795333,0.169822655695148,-5.59629180750403,2.18985003716463e-08,3.42565075877473e-07,"ROBO1","Ex_L2_3"
"CSRNP3",61.9925055243275,-1.02568452552048,0.183381923642654,-5.59316046612736,2.2297303570183e-08,3.48249141929217e-07,"CSRNP3","Ex_L2_3"
"NCK1",12.2400479473067,1.87106859884664,0.334610419515998,5.59178223306097,2.24750594726359e-08,3.50468228982817e-07,"NCK1","Ex_L2_3"
"ENSG00000285572",37.0345324629741,1.2445656871125,0.222608990711817,5.59081501215589,2.260062618054e-08,3.51867752135697e-07,"LOC124903183","Ex_L2_3"
"TIA1",11.1392550041136,-2.37048720278239,0.424584591080137,-5.58307402713769,2.36304101601697e-08,3.67318274388461e-07,"TIA1","Ex_L2_3"
"RUBCN",17.2213663393424,1.5842850526352,0.284212696128015,5.57429373922693,2.48536075299941e-08,3.8572170675302e-07,"RUBCN","Ex_L2_3"
"LGI4",32.1179179071015,-1.39544448109108,0.250409093548799,-5.57265896902877,2.50880383983233e-08,3.88745882058561e-07,"LGI4","Ex_L2_3"
"ENSG00000289201",14.725499825497,1.63460263320529,0.293369954522401,5.57181336400446,2.52101413468329e-08,3.89816346566696e-07,"ENSG00000289201","Ex_L2_3"
"SNRPN",33.3184437177701,-1.17657339275579,0.211172149356357,-5.57163146912095,2.52364817199123e-08,3.89816346566696e-07,"SNRPN","Ex_L2_3"
"IPCEF1",9.6311498701503,-2.30199442151369,0.413184516833109,-5.57134724978936,2.52776932757934e-08,3.89839966626993e-07,"IPCEF1","Ex_L2_3"
"ENSG00000285803",4.31458281984208,2.74903152986154,0.493532521221009,5.57011222494596,2.54575305798148e-08,3.91384632889047e-07,"ENSG00000285803","Ex_L2_3"
"ARFGAP3",17.7709203224054,1.46721904995844,0.263399170466319,5.57032524954763,2.54264227816823e-08,3.91384632889047e-07,"ARFGAP3","Ex_L2_3"
"DST",152.983227580337,0.635305620637694,0.114128110786455,5.56660069337708,2.59756705195862e-08,3.98726542475648e-07,"DST","Ex_L2_3"
"PLXNA4",104.075170126386,2.1366606179605,0.383862243027034,5.56621719581318,2.60328730644681e-08,3.98981193424858e-07,"PLXNA4","Ex_L2_3"
"MORC2",5.25425810488082,2.48161184462758,0.446214221790486,5.56148083911316,2.67495052740376e-08,4.09325762947267e-07,"MORC2","Ex_L2_3"
"STT3A",3.67028216572154,3.01508742403604,0.542190119026723,5.56094129758096,2.68323447788989e-08,4.09954829094716e-07,"STT3A","Ex_L2_3"
"SLC37A1",12.3903401010809,1.62504481050905,0.29226084577434,5.56025493665948,2.69380863064015e-08,4.1093130415231e-07,"SLC37A1","Ex_L2_3"
"EFR3B",37.9583402716697,1.2436584809791,0.223803545651737,5.55692036673256,2.74575950852047e-08,4.17559464577478e-07,"EFR3B","Ex_L2_3"
"PPP6C",14.7237662686581,1.5357713878178,0.276358310869285,5.55717460780185,2.74176456790835e-08,4.17559464577478e-07,"PPP6C","Ex_L2_3"
"ENSG00000288016",5.01367978453328,-5.29767409388798,0.953433383046694,-5.55641766702072,2.75367516113511e-08,4.18115993554735e-07,"ENSG00000288016","Ex_L2_3"
"KCNH7",58.0578999225785,-1.8170496041626,0.327158683096027,-5.55403141670328,2.79155275891687e-08,4.23213183697521e-07,"KCNH7","Ex_L2_3"
"MCL1",10.8125933269049,1.69368249033026,0.305037563632524,5.55237351807144,2.81816616036277e-08,4.25948390989781e-07,"MCL1","Ex_L2_3"
"EPHA5",32.8292712976957,-1.87895045263649,0.338405285965508,-5.55236732569244,2.81826602344623e-08,4.25948390989781e-07,"EPHA5","Ex_L2_3"
"ENSG00000289328",9.54921509863914,-2.35607434288992,0.424554546064602,-5.54952093842711,2.86453444279613e-08,4.32276288264657e-07,"ENSG00000289328","Ex_L2_3"
"ENSG00000287683",17.8244611156165,-2.66454901249153,0.480198255860545,-5.54885191683274,2.87551598631669e-08,4.33267930208207e-07,"ENSG00000287683","Ex_L2_3"
"ENSG00000259617",12.3741706326341,2.07101715867009,0.373477354990842,5.54522819387772,2.9357104829167e-08,4.41660333601435e-07,"LOC105376713","Ex_L2_3"
"FANCI",5.59258276654312,2.56790744537604,0.463294160059374,5.54271490287499,2.97817547427339e-08,4.47363851059048e-07,"FANCI","Ex_L2_3"
"LY86-AS1",61.7419983285808,-1.36980491283539,0.247156602822965,-5.54225497999971,2.98601065172581e-08,4.4785600980999e-07,"LY86-AS1","Ex_L2_3"
"METAP2",21.216362568959,1.23123936301661,0.222178277129271,5.54167301558574,2.99595357785657e-08,4.48662316293643e-07,"METAP2","Ex_L2_3"
"TMOD1",31.3420045756784,1.73959530945133,0.313933614327994,5.54128398507153,3.00261811228575e-08,4.48975956394143e-07,"TMOD1","Ex_L2_3"
"PURG",7.55043238309552,-3.31739838233101,0.598719194027601,-5.54082517384281,3.01049655536554e-08,4.49469880849713e-07,"PURG","Ex_L2_3"
"TMEM151B",12.9187007141709,-1.83041893670529,0.330976731061494,-5.53035535409048,3.19582725603912e-08,4.76415887152175e-07,"TMEM151B","Ex_L2_3"
"RAD9A",20.2496730580089,-1.50327475892011,0.271857856034908,-5.52963515877608,3.20897477973451e-08,4.77651033880483e-07,"RAD9A","Ex_L2_3"
"PBX1",51.3779012746993,-1.11803589271621,0.202383823577427,-5.52433427214346,3.30737254162889e-08,4.91552614961607e-07,"PBX1","Ex_L2_3"
"GOLGA4",60.2518232945033,1.06813224927897,0.193365011412341,5.52391687346805,3.31524361527494e-08,4.91978146170106e-07,"GOLGA4","Ex_L2_3"
"CCNT1",5.97389702688745,2.57399766583152,0.466092177573739,5.52250775636392,3.34195041049366e-08,4.95193376058669e-07,"CCNT1","Ex_L2_3"
"PHYHIPL",50.7982546119725,1.45719999874263,0.264141713038827,5.51673562641136,3.45354355776661e-08,5.1095801071535e-07,"PHYHIPL","Ex_L2_3"
"GALNT11",57.0415028069778,1.33437356956131,0.242135979912163,5.51084382438896,3.5711748683404e-08,5.2756724671543e-07,"GALNT11","Ex_L2_3"
"ENSG00000245768",13.3557606615081,-1.79337811486925,0.325645573305612,-5.50714722348215,3.6469525630179e-08,5.37952882568887e-07,"ENSG00000245768","Ex_L2_3"
"PKM",34.7261616901862,-1.30603628196249,0.237538179937403,-5.49821625435819,3.83652258224365e-08,5.65067434002423e-07,"PKM","Ex_L2_3"
"ENSG00000257522",9.77673577038815,-4.81562847658522,0.876031197818809,-5.49709700816071,3.86094330633574e-08,5.6781297966231e-07,"LOC102724934","Ex_L2_3"
"ENSG00000254394",16.1800898401087,-3.53242466982749,0.642774095870469,-5.49559276349454,3.89400183156672e-08,5.71818744294641e-07,"LOC101927141","Ex_L2_3"
"FAF2",10.9818545512646,1.58623226555858,0.288872071572278,5.49112365527413,3.99384596951505e-08,5.85605116485311e-07,"FAF2","Ex_L2_3"
"HEATR5B",20.8962703350102,1.4599705366619,0.265943662970211,5.48977373762589,4.02448950571223e-08,5.880171605394e-07,"HEATR5B","Ex_L2_3"
"PDP1",14.7902121769775,-1.62869598230383,0.296687084134588,-5.48960864627663,4.02825273863005e-08,5.880171605394e-07,"PDP1","Ex_L2_3"
"EGR4",5.01299387465461,2.46885694445495,0.449719086671552,5.48977576808533,4.02444324291784e-08,5.880171605394e-07,"EGR4","Ex_L2_3"
"ZNF532",24.6913527976255,-1.34383812655003,0.244830023009838,-5.48886166014056,4.04532286827174e-08,5.89632816882813e-07,"ZNF532","Ex_L2_3"
"ENSG00000287172",9.20324757918297,-5.61538707985521,1.02317332179686,-5.48820709085111,4.06033873288008e-08,5.90944706841688e-07,"ENSG00000287172","Ex_L2_3"
"AFF2",10.1375056721356,-2.3542627288053,0.429151530911318,-5.48585420120939,4.11476177637602e-08,5.97979581229556e-07,"AFF2","Ex_L2_3"
"HLF",16.5771508477189,-1.57941691061382,0.287935512886276,-5.48531473169699,4.12733918537413e-08,5.9892142034144e-07,"HLF","Ex_L2_3"
"FAM135A",46.1841226873558,0.983587583212169,0.179351818932735,5.48412382469932,4.15523658634434e-08,6.02080298292726e-07,"FAM135A","Ex_L2_3"
"SCAPER",36.3644788719553,-1.06827720422797,0.194809444493067,-5.48370335436171,4.16512985046715e-08,6.0262497276862e-07,"SCAPER","Ex_L2_3"
"NCDN",14.6034153681526,-2.33255232971975,0.425771834409524,-5.47840918823252,4.29166749724256e-08,6.20019727836925e-07,"NCDN","Ex_L2_3"
"SYNDIG1",33.9682792723506,1.09909210288622,0.200845643677886,5.47232234047818,4.44175963220836e-08,6.40761330790234e-07,"SYNDIG1","Ex_L2_3"
"GRAMD1B",13.0854847127784,-2.08051132550701,0.380209190516936,-5.47201745091519,4.44941006456316e-08,6.40923819270798e-07,"GRAMD1B","Ex_L2_3"
"FAM171A1",52.5217452296123,1.30957304284841,0.23942014046076,5.46976975424105,4.50620590364877e-08,6.48154711529217e-07,"FAM171A1","Ex_L2_3"
"CCSER1",210.17299837806,-1.0278836213827,0.187966189823889,-5.46844952459672,4.53989307394295e-08,6.52045461380345e-07,"CCSER1","Ex_L2_3"
"LINC01435",4.88177095435495,-5.36244365264605,0.98089703732103,-5.46687720384154,4.58033122819504e-08,6.56893050887417e-07,"LINC01435","Ex_L2_3"
"KHDRBS2-OT1",15.0779392691387,-1.76789664522444,0.323485101382569,-5.46515631683959,4.62499055618887e-08,6.62331009096202e-07,"KHDRBS2-OT1","Ex_L2_3"
"MGST1",8.9747516090709,-3.65229857264429,0.668360112412481,-5.46456693751685,4.64038256114339e-08,6.63567951683736e-07,"MGST1","Ex_L2_3"
"RAB6A",62.863411036943,0.951225447402257,0.174178179951507,5.46122050228731,4.72872270379677e-08,6.75217613984003e-07,"RAB6A","Ex_L2_3"
"PIBF1",22.9366373655141,-1.6926470991173,0.310231141408889,-5.45608378137114,4.86750331780751e-08,6.93591784093771e-07,"PIBF1","Ex_L2_3"
"ZNF333",9.37310649831149,1.74821938859368,0.320425132856955,5.4559371576328,4.87152209919281e-08,6.93591784093771e-07,"ZNF333","Ex_L2_3"
"ENSG00000285945",5.26034493541027,2.47828713040866,0.454265051064539,5.45559717746492,4.88085292800333e-08,6.9391460440962e-07,"ENSG00000285945","Ex_L2_3"
"TRHDE",17.0407460855193,-1.74805968563801,0.320679753818279,-5.45110710864706,5.00572087605246e-08,7.10638755582939e-07,"TRHDE","Ex_L2_3"
"RNF145",27.6807586403498,1.25993094528836,0.231295050876865,5.44728882227189,5.11433802643981e-08,7.25010920227196e-07,"RNF145","Ex_L2_3"
"LDB1",5.86808034175613,2.17702691737571,0.399679862400826,5.44692670853764,5.12475671437531e-08,7.25441065735202e-07,"LDB1","Ex_L2_3"
"PRKCA",107.577469476241,1.84610637191781,0.338989534832146,5.44590962913333,5.15413014022313e-08,7.28549273346073e-07,"PRKCA","Ex_L2_3"
"CNR1",4.71847012246946,-5.21080818477492,0.957189960901421,-5.44386004619993,5.21381899304349e-08,7.35927554420392e-07,"CNR1","Ex_L2_3"
"RPS15A",18.943163196804,1.77321796998267,0.325820545472698,5.4423147791681,5.2592633512034e-08,7.4021494501751e-07,"RPS15A","Ex_L2_3"
"RAB12",23.4593690039922,1.52943712444359,0.281019001754213,5.44246871171109,5.25471922861512e-08,7.4021494501751e-07,"RAB12","Ex_L2_3"
"HGSNAT",32.9402316346547,1.03589707448064,0.190443052872664,5.43940594763132,5.34585212680389e-08,7.51325483458103e-07,"HGSNAT","Ex_L2_3"
"DHDDS",10.4398241349633,1.6552222704226,0.304517608445315,5.43555520113657,5.46260699187439e-08,7.66637872688201e-07,"DHDDS","Ex_L2_3"
"CNTN6",6.94952837576843,-4.08143674540263,0.751303401446614,-5.43247473330207,5.55778251691756e-08,7.78882388676149e-07,"CNTN6","Ex_L2_3"
"RPL18A",25.9755725884228,1.27700779238248,0.235306717094226,5.4269925149273,5.73115307811473e-08,8.0203486950711e-07,"RPL18A","Ex_L2_3"
"MARCKS",8.20272732677981,-2.50686510432458,0.461993486580622,-5.42619144455646,5.75692107812959e-08,8.0449491709168e-07,"MARCKS","Ex_L2_3"
"SGSM1",43.6566222176772,1.20748799330356,0.222560106324215,5.42544669503592,5.78097808808443e-08,8.06709215019055e-07,"SGSM1","Ex_L2_3"
"ENSG00000251293",56.2035002144487,1.32114476221812,0.24361351132002,5.42311776986218,5.85683765357212e-08,8.15708537082154e-07,"ENSG00000251293","Ex_L2_3"
"ATAD5",9.03654823323877,1.86528430460545,0.343960672628028,5.42295806771679,5.86207478807004e-08,8.15708537082154e-07,"ATAD5","Ex_L2_3"
"RPLP1",49.2909952889683,1.28529437627665,0.237127843050316,5.42025921436786,5.95126799467126e-08,8.26948469301986e-07,"RPLP1","Ex_L2_3"
"FAM238C",4.98219603886729,-5.15113458418916,0.950463413063674,-5.41960323079167,5.97314515411237e-08,8.28816073361581e-07,"FAM238C","Ex_L2_3"
"ATP6V0A2",6.18181792558913,2.11380233238385,0.390068718034657,5.41905114317843,5.99161773735804e-08,8.30206666457058e-07,"ATP6V0A2","Ex_L2_3"
"HMGCLL1",13.1921954636439,-1.82516737785587,0.33702427326536,-5.41553686971028,6.11050784620562e-08,8.45487733536958e-07,"HMGCLL1","Ex_L2_3"
"ENSG00000291065",7.68021162634543,-3.26827153248836,0.603876525188155,-5.41215198168207,6.22718001203004e-08,8.60419359186823e-07,"LOC441666","Ex_L2_3"
"LINC02175",7.61076489383025,-2.69556540417002,0.498202438454546,-5.41058251848752,6.28200676035799e-08,8.66775764238159e-07,"LINC02175","Ex_L2_3"
"FNBP4",35.1845209077134,1.04507754432567,0.19322301993226,5.40865961360117,6.34981818671015e-08,8.74903420283878e-07,"FNBP4","Ex_L2_3"
"CCDC7",14.1631725237799,-1.70927824118602,0.316089691847976,-5.40757349976505,6.38843294227295e-08,8.7899110959229e-07,"CCDC7","Ex_L2_3"
"RIMBP2",50.322492384953,1.16837339850867,0.216273662101514,5.40229164825562,6.57948593200342e-08,9.04012164979043e-07,"RIMBP2","Ex_L2_3"
"FABP7",6.58087127687678,-3.88615218980618,0.720029261866691,-5.39721424617001,6.76835488829217e-08,9.28663665119864e-07,"FABP7","Ex_L2_3"
"COPS3",6.57519058160065,2.02872354692092,0.3761308278508,5.39366464193587,6.90350104914536e-08,9.45885555185551e-07,"COPS3","Ex_L2_3"
"NEAT1",59.9610136497048,3.65927637301037,0.67848611861423,5.39329585767243,6.91769096399075e-08,9.46509694014556e-07,"NEAT1","Ex_L2_3"
"BICD1",24.4320911719899,-1.24945890541462,0.231706687051899,-5.39241625398043,6.95165011136127e-08,9.49107025975447e-07,"BICD1","Ex_L2_3"
"RAP1GAP2",32.0499593115932,-1.11731841048854,0.207206124430115,-5.39230398503677,6.95599611871256e-08,9.49107025975447e-07,"RAP1GAP2","Ex_L2_3"
"STAG1",48.9677137980566,1.06608476340603,0.197880468919409,5.38751888565725,7.14369712533603e-08,9.73365888478518e-07,"STAG1","Ex_L2_3"
"SNX32",27.851206875125,-1.32496567531235,0.246006730994857,-5.38589196301322,7.2086255236824e-08,9.80852315022934e-07,"SNX32","Ex_L2_3"
"TCP10L",13.4108065498796,-2.13005665849437,0.395535455543648,-5.38524834787993,7.2344688545567e-08,9.83007220292739e-07,"TCP10L","Ex_L2_3"
"AHR",16.782541609883,1.50113429987153,0.278864847519942,5.38301730469699,7.32474933934042e-08,9.93899689360225e-07,"AHR","Ex_L2_3"
"SCN3A",56.7003934525389,-1.03886385388534,0.193034551938695,-5.38175079772906,7.37648384167368e-08,9.99404902656172e-07,"SCN3A","Ex_L2_3"
"CLCN4",8.45754293989742,-2.4207587830405,0.449827500331278,-5.38152687698666,7.38566733844036e-08,9.99404902656172e-07,"CLCN4","Ex_L2_3"
"CUL1",28.8399240730484,1.230411365538,0.228686256940318,5.38034677728408,7.43424915777841e-08,1.00459509939498e-06,"CUL1","Ex_L2_3"
"DNMT3A",29.9228380196214,1.24769495491733,0.232060185419609,5.37660069805281,7.59052545901971e-08,1.02430387512925e-06,"DNMT3A","Ex_L2_3"
"DDIT3",4.86296723386936,2.41223226559816,0.448940510023356,5.37316684892764,7.73656787940657e-08,1.04257946292579e-06,"DDIT3","Ex_L2_3"
"GNB5",23.1902515646656,1.55161238483866,0.289005167224533,5.36880499314113,7.92600633344594e-08,1.06664501670922e-06,"GNB5","Ex_L2_3"
"WNK2",39.4860507910556,-1.51952334212982,0.283489447308809,-5.36007021268264,8.31896133502048e-08,1.1164682534869e-06,"WNK2","Ex_L2_3"
"PDE3A",3.8384347193981,2.82181444716354,0.526440876197196,5.36017352517767,8.31420518164488e-08,1.1164682534869e-06,"PDE3A","Ex_L2_3"
"SLFNL1",6.98405844358782,2.71963722998503,0.507486202566727,5.35903679002474,8.36668178469171e-08,1.12134081654586e-06,"SLFNL1","Ex_L2_3"
"GRM5P1",70.9541996940292,-0.956982410021941,0.178610131400519,-5.35794023842904,8.41760717079524e-08,1.12662905784595e-06,"GRM5P1","Ex_L2_3"
"SPRY4-AS1",6.96072176475091,-2.9066058725879,0.543219115246208,-5.35070617180051,8.76116744719186e-08,1.16942539403822e-06,"SPRY4-AS1","Ex_L2_3"
"ENSG00000283294",9.12061083808585,-2.46796245998733,0.461235769755084,-5.35076119811309,8.75850360340194e-08,1.16942539403822e-06,"ENSG00000283294","Ex_L2_3"
"DYNLL2",10.0854460083406,-2.11265145448825,0.394909996910405,-5.34970365657154,8.8098371300338e-08,1.17432618677683e-06,"DYNLL2","Ex_L2_3"
"SEPTIN3",11.8124479196362,-2.25382229391543,0.421431691045086,-5.34801331225543,8.89249263111176e-08,1.18373777246669e-06,"SEPTIN3","Ex_L2_3"
"RPP21",13.6936890616132,1.44290258565009,0.269849796657903,5.34705826545164,8.93952452679262e-08,1.18838821314223e-06,"RPP21","Ex_L2_3"
"TRAPPC4",6.00927437091552,2.29087923924061,0.428979925670551,5.34029473677508,9.27955912943531e-08,1.23026165840179e-06,"TRAPPC4","Ex_L2_3"
"TUBB4A",9.81746503486061,-3.0533746077163,0.571761297975375,-5.34029606153547,9.27949131714042e-08,1.23026165840179e-06,"TUBB4A","Ex_L2_3"
"CAMK1",17.7394405012999,1.56259033921635,0.292759101806609,5.33746117396058,9.42570782208155e-08,1.24795355315538e-06,"CAMK1","Ex_L2_3"
"IL12RB2",9.56636401882973,-2.44659191712444,0.458529641463078,-5.33573338752506,9.51591406287687e-08,1.25806642398951e-06,"IL12RB2","Ex_L2_3"
"TTC7B",36.5984031456937,1.07115961952994,0.200760539128057,5.33550878166698,9.52770174519741e-08,1.25806642398951e-06,"TTC7B","Ex_L2_3"
"PRKAA2",33.4046230363704,-1.36488821092522,0.255902249013905,-5.33363116652817,9.62679659286585e-08,1.26944496279616e-06,"PRKAA2","Ex_L2_3"
"KCND3",52.9175021567663,1.22882489852271,0.230478266034972,5.33163026459188,9.73349613221338e-08,1.28179445044054e-06,"KCND3","Ex_L2_3"
"PDCD5",16.6448580464,1.30897976194394,0.245886853973139,5.3235044525273,1.01786960414894e-07,1.33862797739748e-06,"PDCD5","Ex_L2_3"
"SH3YL1",15.46213520903,-1.55437666444385,0.292092592344192,-5.32152031644891,1.02903616120332e-07,1.35150417749484e-06,"SH3YL1","Ex_L2_3"
"ENSG00000291041",9.43119293843194,-2.53574794951402,0.476760610522206,-5.31870270645169,1.0450974039942e-07,1.36893825291187e-06,"ENSG00000291041","Ex_L2_3"
"UBE2G1",30.3715119497137,1.43326803970838,0.269469306445079,5.31885452416263,1.04422584646345e-07,1.36893825291187e-06,"UBE2G1","Ex_L2_3"
"LINC00951",10.31932595243,-2.00115514041713,0.37630155518167,-5.31795607236068,1.0493939486579e-07,1.37091039250203e-06,"LINC00951","Ex_L2_3"
"LINC02885",6.27710244005865,-3.68462616130787,0.69284066194448,-5.31814364209924,1.04831296369026e-07,1.37091039250203e-06,"LINC02885","Ex_L2_3"
"EXTL1",6.90295010420272,-2.98691572177634,0.561983143910644,-5.3149560696633,1.06683061295582e-07,1.39010680809109e-06,"EXTL1","Ex_L2_3"
"ENSG00000257342",4.53372643184798,2.51103121660569,0.472447609004506,5.3149411040447,1.06691829529793e-07,1.39010680809109e-06,"ENSG00000257342","Ex_L2_3"
"FTCDNL1",7.24837346078674,-3.21093723028135,0.604423912811889,-5.31239277966931,1.08195087038052e-07,1.40782587425407e-06,"FTCDNL1","Ex_L2_3"
"PHKG2",7.36642967887822,-2.69825132714572,0.508088002032164,-5.31059839310064,1.09265873503608e-07,1.41987822923207e-06,"PHKG2","Ex_L2_3"
"SOS1",39.4013904475438,-1.03984713919681,0.195932811250576,-5.30716184063201,1.11345310773791e-07,1.44498855091377e-06,"SOS1","Ex_L2_3"
"CLN5",8.34512706790457,1.98673187904238,0.374399318133948,5.3064516488558,1.1177979337646e-07,1.4487133115176e-06,"CLN5","Ex_L2_3"
"PXYLP1",21.1493439014822,1.27970694107894,0.241260878629493,5.30424554676432,1.13139936642578e-07,1.46440940392185e-06,"PXYLP1","Ex_L2_3"
"ZNF551",5.27804062950457,2.30335482664124,0.434359512841699,5.30287643885605,1.13992081358443e-07,1.47349764113861e-06,"ZNF551","Ex_L2_3"
"SGMS1",33.9175043704174,0.925597635460313,0.174559638236089,5.30247223707269,1.14244845306027e-07,1.47482438933825e-06,"SGMS1","Ex_L2_3"
"LHFPL6",11.9179311309865,-2.18882804306339,0.412968320987444,-5.30023232249319,1.15655416331913e-07,1.49107455386445e-06,"LHFPL6","Ex_L2_3"
"CRELD1",11.7952724356056,-1.8402014186463,0.347240383789631,-5.29950289353774,1.16118396143579e-07,1.49508142033358e-06,"CRELD1","Ex_L2_3"
"THSD4",6.05312689928775,2.03247914280268,0.383770111689851,5.29608502822977,1.18311763856175e-07,1.52132823052758e-06,"THSD4","Ex_L2_3"
"ENSG00000257191",5.31436951712092,3.10916478707036,0.588138660417047,5.28644858147169,1.24713850074032e-07,1.60155406944743e-06,"ENSG00000257191","Ex_L2_3"
"TPM4",14.1509138858871,1.64536845392824,0.311547537179561,5.28127575272704,1.28287434747926e-07,1.6452947244956e-06,"TPM4","Ex_L2_3"
"PTPRB",31.9162182972868,-1.62693741761193,0.30829542389011,-5.27720261651319,1.31170828155013e-07,1.68008111576903e-06,"PTPRB","Ex_L2_3"
"FYTTD1",12.1014596449955,1.71106671805777,0.32425730893397,5.27687941309044,1.31402291217382e-07,1.68085430848901e-06,"FYTTD1","Ex_L2_3"
"HRH1",13.7271953524726,2.56656322645889,0.486492647685111,5.27564648442567,1.32288890576544e-07,1.68999487779449e-06,"HRH1","Ex_L2_3"
"MAP4K5",51.2449266942697,1.15835019998639,0.21981936515235,5.26955484192019,1.36755008317063e-07,1.74478078143744e-06,"MAP4K5","Ex_L2_3"
"GAPVD1",35.2004552461118,0.949678553957887,0.180297100297455,5.26729798976857,1.38446375901348e-07,1.76406899721769e-06,"GAPVD1","Ex_L2_3"
"EIF2AK2",20.1013140261773,1.19803906227605,0.227577491914095,5.26431261808737,1.40714834653352e-07,1.78602394784823e-06,"EIF2AK2","Ex_L2_3"
"UTRN",9.25635308401197,-2.74549748522316,0.521526912758246,-5.2643447884651,1.40690199191563e-07,1.78602394784823e-06,"UTRN","Ex_L2_3"
"ENSG00000255910",27.0035221959815,-1.83640585273964,0.348820786471186,-5.26461129601098,1.40486273164891e-07,1.78602394784823e-06,"ENSG00000255910","Ex_L2_3"
"PALM",20.0528619381484,-1.60922913342326,0.305720525205756,-5.2637261837105,1.41164646885586e-07,1.78942127871484e-06,"PALM","Ex_L2_3"
"AGRN",9.07877179421487,-2.49773159782236,0.474655277692206,-5.26220125470095,1.42340831821143e-07,1.79968639872704e-06,"AGRN","Ex_L2_3"
"GAP43",41.9034737603073,-1.08148475829237,0.205514110046537,-5.26233823092474,1.42234795131289e-07,1.79968639872704e-06,"GAP43","Ex_L2_3"
"APC2",9.10520375632866,-3.20506011881204,0.60912681781639,-5.26172879779223,1.42707159426302e-07,1.80199888715166e-06,"APC2","Ex_L2_3"
"DDR2",3.86069430452445,2.72553940746097,0.518162883367037,5.2600050967571,1.44051408749298e-07,1.81430902506808e-06,"DDR2","Ex_L2_3"
"ENSG00000261669",6.21908634532847,2.03848756755712,0.387537894918105,5.26009867496415,1.43978117309441e-07,1.81430902506808e-06,"ENSG00000261669","Ex_L2_3"
"GTDC1",70.6319757038563,-0.800272999614295,0.152161232582947,-5.25937511171282,1.44545759718964e-07,1.81820428102318e-06,"GTDC1","Ex_L2_3"
"SH3KBP1",26.1665433800857,-1.8822765502412,0.35791976268813,-5.25893439385547,1.4489256724833e-07,1.82023603663375e-06,"SH3KBP1","Ex_L2_3"
"SFMBT2",12.9338998687695,-2.12519283221511,0.40421292043279,-5.25760737667581,1.45941683884064e-07,1.83107420495153e-06,"SFMBT2","Ex_L2_3"
"AGPAT4",59.8194120156531,1.38855477319493,0.264117075374667,5.25734571013697,1.46149418300488e-07,1.83134169054081e-06,"AGPAT4","Ex_L2_3"
"SNAPC3",7.99982100559286,-2.52755036207121,0.480797868732649,-5.25699161007861,1.46430990165469e-07,1.83253254444021e-06,"SNAPC3","Ex_L2_3"
"TMEM205",11.2911288044823,-2.7597823971576,0.525157670463683,-5.255150124192,1.47903775333201e-07,1.84860901892285e-06,"TMEM205","Ex_L2_3"
"ATP8A1",90.5373215933715,-0.739294981820199,0.140688674825804,-5.25482937937663,1.4816176164101e-07,1.8494804909292e-06,"ATP8A1","Ex_L2_3"
"UBXN4",38.359878339408,0.965381208876799,0.183729181188406,5.25437060478076,1.4853152673142e-07,1.85174329772775e-06,"UBXN4","Ex_L2_3"
"GRID2",202.770241183321,-1.17361360066122,0.223429444886184,-5.2527257598436,1.49864596085771e-07,1.86599466659901e-06,"GRID2","Ex_L2_3"
"MAP4K3",76.3946146589674,0.999807748807147,0.190379341364925,5.25166092937932,1.507337531704e-07,1.87444100145065e-06,"MAP4K3","Ex_L2_3"
"NPHS1",5.63405831345915,2.09837661168228,0.399714891767728,5.24968334905479,1.52360884619258e-07,1.89227981099822e-06,"NPHS1","Ex_L2_3"
"FILIP1L",15.9178349115071,1.40454943673304,0.267650425082925,5.24770112469605,1.54008877449246e-07,1.91033233846135e-06,"FILIP1L","Ex_L2_3"
"HEY1",4.26395941531357,-5.03081342871552,0.958898980869197,-5.24644777925963,1.55059772378797e-07,1.9209422494947e-06,"HEY1","Ex_L2_3"
"CPE",46.5065701194111,-0.879039695832089,0.167560031700204,-5.24611798477608,1.55337446158339e-07,1.92195852778277e-06,"CPE","Ex_L2_3"
"KHDC4",17.2815542158122,1.23509304695522,0.235658145752743,5.24103693937704,1.596767435053e-07,1.97316267697619e-06,"KHDC4","Ex_L2_3"
"PRKD1",13.3006504409214,-2.85927199238088,0.545689802100068,-5.23973873320899,1.60804096234754e-07,1.9845972882038e-06,"PRKD1","Ex_L2_3"
"DDX24",31.0650474619348,1.21811394882853,0.232502813594241,5.2391363786004,1.61329786913641e-07,1.98858698449136e-06,"DDX24","Ex_L2_3"
"RAPH1",68.7503208565816,1.24454562331984,0.237589260588875,5.23822339543117,1.62129740805047e-07,1.99594307477292e-06,"RAPH1","Ex_L2_3"
"CDK14",74.251995412662,-1.13624734033091,0.217061623055356,-5.23467632986944,1.65274225831347e-07,2.03210762774362e-06,"CDK14","Ex_L2_3"
"ENSG00000286145",17.7332456788904,1.63543752399033,0.312499851951106,5.23340255612732,1.66417756425821e-07,2.04361004890908e-06,"ENSG00000286145","Ex_L2_3"
"ENSG00000251314",21.7998863168814,2.13947964697144,0.409226113104232,5.22811125307271,1.71250457786295e-07,2.10033020885463e-06,"ENSG00000251314","Ex_L2_3"
"NCOA2",28.2596013599218,-1.20883326164149,0.231237786703886,-5.22766317249643,1.71665877822917e-07,2.10279997971613e-06,"NCOA2","Ex_L2_3"
"ERCC6L2-AS1",12.4988764686537,-1.91090163439393,0.365743669833171,-5.22470186637971,1.74435933397959e-07,2.13407049776033e-06,"ERCC6L2-AS1","Ex_L2_3"
"CSMD3",260.039100893867,-1.33971383566584,0.256459093035878,-5.22388900236193,1.7520382791197e-07,2.1407990117005e-06,"CSMD3","Ex_L2_3"
"ESF1",42.9951780540266,-1.02626780498499,0.196567603199303,-5.22094072615029,1.78016516667653e-07,2.17246491893544e-06,"ESF1","Ex_L2_3"
"PABPN1",80.4171403625214,-1.04361836393878,0.199908972578463,-5.22046784833115,1.78471690714883e-07,2.17531748087223e-06,"PABPN1","Ex_L2_3"
"HOMER1",209.320760247368,2.46952570398408,0.473096761736092,5.21991673526114,1.79003590848362e-07,2.17909699689506e-06,"HOMER1","Ex_L2_3"
"NBEAL1",14.4160671679963,-2.24309333029054,0.429875989705687,-5.21800096773553,1.80864519819392e-07,2.19902604295261e-06,"NBEAL1","Ex_L2_3"
"MLXIPL",5.9452406539,-5.00432095506695,0.959372835168364,-5.21624208193129,1.8258951563598e-07,2.21725513177734e-06,"MLXIPL","Ex_L2_3"
"PTBP3",23.9867539724364,1.25277979457867,0.240208294043525,5.21538941678536,1.83431465057919e-07,2.22472927497407e-06,"PTBP3","Ex_L2_3"
"EIF4A2",45.3957626158856,-0.871766003000409,0.167254817890034,-5.21220263785511,1.86611545346796e-07,2.26050779468178e-06,"EIF4A2","Ex_L2_3"
"NUMBL",9.00135194171907,-2.21817154101504,0.42568632782617,-5.21081227189622,1.88015626813382e-07,2.27471122883579e-06,"NUMBL","Ex_L2_3"
"PHEX",5.96807204472817,2.37613119372029,0.456168037363656,5.20889452810575,1.89969055974987e-07,2.2955178424333e-06,"PHEX","Ex_L2_3"
"PIGK",9.20264026807823,-2.45892967730239,0.472192548142059,-5.20747243254381,1.91430266700327e-07,2.31033285020149e-06,"PIGK","Ex_L2_3"
"GOLGA7",7.72407542909602,1.80978228472334,0.347780068946975,5.20381254222843,1.95240956020257e-07,2.35343208827363e-06,"GOLGA7","Ex_L2_3"
"DNAJB2",16.0926114744463,-1.60942380999575,0.309386628599801,-5.20198244274344,1.97173857078993e-07,2.37381859306866e-06,"DNAJB2","Ex_L2_3"
"ATXN7L1",18.5923416877732,-1.80115031980687,0.34645350037757,-5.19882269292689,2.00554714859136e-07,2.41156611845306e-06,"ATXN7L1","Ex_L2_3"
"TNIK",74.0048292027791,1.28698484029852,0.247683348634498,5.19608947227898,2.03524332118603e-07,2.44428244343906e-06,"TNIK","Ex_L2_3"
"PLD3",61.8769876004477,1.14669842157133,0.22089939529205,5.19104373307717,2.09118496022249e-07,2.50840061651108e-06,"PLD3","Ex_L2_3"
"STX17",7.09872811361112,-2.62078729839013,0.504979489513068,-5.18988860501494,2.10419924298967e-07,2.52093333696713e-06,"STX17","Ex_L2_3"
"VWA8",34.9520771672888,-1.27340672200332,0.24538705001032,-5.18938029512871,2.10995089839343e-07,2.52474514321767e-06,"VWA8","Ex_L2_3"
"ANKRD30BL",66.7161153676622,-1.31220612375247,0.252938255487632,-5.18785156172882,2.12734061001872e-07,2.54245670958929e-06,"ANKRD30BL","Ex_L2_3"
"HK1",17.495274498637,1.3503059002873,0.260691957087157,5.17969911835773,2.22244073051167e-07,2.65288672376023e-06,"HK1","Ex_L2_3"
"SCML1",8.79322724711056,1.72000056761486,0.332103844643757,5.17910465462957,2.22953372177595e-07,2.65812369936007e-06,"SCML1","Ex_L2_3"
"MMP17",17.2307749178816,-1.47342753096974,0.284855219857881,-5.17254881867658,2.30922139547016e-07,2.74979284716349e-06,"MMP17","Ex_L2_3"
"ANKRD7",7.93768190168461,-3.02548025765798,0.585965039126838,-5.16324363338525,2.42706909903919e-07,2.88662552408729e-06,"ANKRD7","Ex_L2_3"
"ENSG00000254092",12.4091542330637,-1.75915926690253,0.340945376385826,-5.1596513363824,2.47410164582794e-07,2.93900538919149e-06,"ENSG00000254092","Ex_L2_3"
"RANGAP1",9.84860594532774,-2.06308240756799,0.400107134338563,-5.15632497025722,2.5184367003416e-07,2.98805822997052e-06,"RANGAP1","Ex_L2_3"
"STK40",9.75353596668887,1.87700755405199,0.364083074211757,5.15543755533191,2.53039357883252e-07,2.99576539754853e-06,"STK40","Ex_L2_3"
"SAMD4B",16.881630618419,1.23606891639255,0.239762430682559,5.15539032897559,2.53103143318941e-07,2.99576539754853e-06,"SAMD4B","Ex_L2_3"
"SLC4A4",10.3483413836988,-2.09170508292331,0.406061797685237,-5.15119889348644,2.58826517433925e-07,3.05982154906243e-06,"SLC4A4","Ex_L2_3"
"RRAGC-DT",16.8432079649045,-1.80954553786419,0.351355103218921,-5.15018999663341,2.60222713110671e-07,3.06894109675778e-06,"RRAGC-DT","Ex_L2_3"
"MPPED1",5.80401763004295,-4.4094592888056,0.856171784292807,-5.15020393068406,2.60203380557743e-07,3.06894109675778e-06,"MPPED1","Ex_L2_3"
"CPEB4",85.8808108615754,0.940578956351836,0.182752241931973,5.14674373571819,2.65047015501762e-07,3.12208858547879e-06,"CPEB4","Ex_L2_3"
"ENSG00000290551",8.67681440980152,2.24835816675079,0.437165670455978,5.14303459465534,2.70335818134995e-07,3.18057374533915e-06,"ENSG00000290551","Ex_L2_3"
"CDK5R2",3.85116813810323,-4.93300513921311,0.959893089568992,-5.13911933820475,2.76029061475271e-07,3.24367165063763e-06,"CDK5R2","Ex_L2_3"
"ARL15",60.7931280101009,-1.16011289091805,0.225805800030682,-5.137657627751,2.78184104437619e-07,3.26509037275408e-06,"ARL15","Ex_L2_3"
"RPS2",20.4549722526396,1.12231599010103,0.218533939418757,5.13565990292443,2.81155705058151e-07,3.29603060440486e-06,"RPS2","Ex_L2_3"
"CORO6",22.4377056980006,-1.23157233092201,0.239824944073717,-5.13529706294208,2.8169870631646e-07,3.29846017980084e-06,"CORO6","Ex_L2_3"
"NFIB",58.0897037809111,-0.841620199954801,0.163905356004375,-5.1347937643498,2.82453585254756e-07,3.30336193040801e-06,"NFIB","Ex_L2_3"
"CRIM1",32.3287054419818,1.28363156474311,0.25020695116624,5.13027938976106,2.89312447170288e-07,3.37416550698507e-06,"CRIM1","Ex_L2_3"
"LARP1B",28.8207485303494,-1.07725199833077,0.209985211872163,-5.13013268280334,2.89538021415759e-07,3.37416550698507e-06,"LARP1B","Ex_L2_3"
"TTLL5",29.8959629034545,-2.18219560637851,0.425349951151483,-5.13035349004036,2.89198576295878e-07,3.37416550698507e-06,"TTLL5","Ex_L2_3"
"JUND",19.3509893307722,-1.50605282493123,0.293727694214581,-5.12737768550689,2.93805737458459e-07,3.41984308624633e-06,"JUND","Ex_L2_3"
"NEK11",8.93648299899958,-2.23144726369971,0.435424034213774,-5.12476824511752,2.97903946839463e-07,3.46344186242708e-06,"NEK11","Ex_L2_3"
"ABTB1",5.72787430803004,-3.66078744235554,0.714576132636715,-5.12301947288331,3.00681282979936e-07,3.4874768878334e-06,"ABTB1","Ex_L2_3"
"LYNX1",9.96218704339111,-2.10805532278678,0.411476440216926,-5.12314950930226,3.00473906387258e-07,3.4874768878334e-06,"LYNX1","Ex_L2_3"
"LGI3",7.40962160528055,-4.06671019618562,0.794187536161435,-5.12059181366827,3.04578280480371e-07,3.52832455828224e-06,"LGI3","Ex_L2_3"
"PFKP",22.393074597633,1.88818096321145,0.368758010061873,5.12037952177536,3.04921371130051e-07,3.52832455828224e-06,"PFKP","Ex_L2_3"
"PPIA",28.7379463906076,-1.09836416725944,0.214696665984661,-5.11588832654679,3.12267781523149e-07,3.60808309048993e-06,"PPIA","Ex_L2_3"
"ENSG00000259692",4.14317104914051,-5.14252512706758,1.00524003095983,-5.11571860320499,3.12548728624484e-07,3.60808309048993e-06,"ENSG00000259692","Ex_L2_3"
"NTNG1",10.5137407985152,-2.5299371390769,0.494727714972371,-5.1137970696026,3.15746559831131e-07,3.64072089645661e-06,"NTNG1","Ex_L2_3"
"SLC3A1",4.62592471106686,2.533519538594,0.495459447499244,5.11347508132412,3.16285496194921e-07,3.642659688885e-06,"SLC3A1","Ex_L2_3"
"ZNF529-AS1",5.79113804583676,2.13419569902211,0.417512382214579,5.11169438305484,3.19282061631074e-07,3.67286530850547e-06,"ZNF529-AS1","Ex_L2_3"
"ATP6V1G2",7.66965761715209,-2.35301167780238,0.460529157603813,-5.10936525723013,3.23242918473075e-07,3.71408003635028e-06,"ATP6V1G2","Ex_L2_3"
"NCAM2",396.433559675952,-1.20281425851533,0.235434368433683,-5.10891534875523,3.24013469803514e-07,3.71858449456744e-06,"NCAM2","Ex_L2_3"
"CFAP20DC-AS1",15.1876027257627,-1.61896625367232,0.317049787261707,-5.1063470745557,3.284461834546e-07,3.76505870041772e-06,"CFAP20DC-AS1","Ex_L2_3"
"SMC5",23.8496960752066,1.20089786729852,0.235222229740964,5.10537574880143,3.30137853831576e-07,3.7800399487662e-06,"SMC5","Ex_L2_3"
"ETV1",3.88886217682534,-5.02209936964714,0.983887138046647,-5.10434497560129,3.3194225695274e-07,3.79627559057475e-06,"ETV1","Ex_L2_3"
"BCL11B",8.48987212985378,-5.74778839910052,1.12620457822033,-5.10368054814994,3.3311040186431e-07,3.80520533478486e-06,"BCL11B","Ex_L2_3"
"TTC28-AS1",7.6126581446629,-3.3577964796189,0.658118596965637,-5.10211456582533,3.35879310742545e-07,3.83237903453515e-06,"TTC28-AS1","Ex_L2_3"
"FLNB",8.97181305700441,-2.05483699398038,0.402832122412728,-5.10097601371289,3.37906389586553e-07,3.85103523352471e-06,"FLNB","Ex_L2_3"
"ENSG00000289178",51.7091191493407,-2.10951789986464,0.413925385193272,-5.09637237851371,3.4622377749015e-07,3.93901464779416e-06,"ENSG00000289178","Ex_L2_3"
"COBL",39.60673199784,-0.908280255463052,0.178224841803492,-5.09626069111347,3.46427998340203e-07,3.93901464779416e-06,"COBL","Ex_L2_3"
"TRAK2",22.3312290169431,-1.19761704023924,0.235079714976734,-5.09451460053783,3.49635890514751e-07,3.97089362822764e-06,"TRAK2","Ex_L2_3"
"CHSY1",10.5545227960032,1.67568514721677,0.329011934239227,5.09308317672867,3.52287050821743e-07,3.99638335712795e-06,"CHSY1","Ex_L2_3"
"MLLT11",15.2191254681147,-1.50693327462705,0.296007593815876,-5.09086018774369,3.56442785421705e-07,4.03886265741964e-06,"MLLT11","Ex_L2_3"
"ELAVL4",14.1436003291256,-1.56516136783132,0.30752346238832,-5.08956733146735,3.58881416429264e-07,4.06180994815794e-06,"ELAVL4","Ex_L2_3"
"LINC01250",69.8774880702426,-1.30777533076151,0.257077120592376,-5.08709342841572,3.63592743438757e-07,4.11039713641237e-06,"LINC01250","Ex_L2_3"
"RGS7BP",31.900985972793,1.15911896336682,0.228119707727823,5.08118730692836,3.75083041525242e-07,4.23542045970572e-06,"RGS7BP","Ex_L2_3"
"ITSN1",28.1356333621588,-1.11035007308225,0.218593936654462,-5.07950993552679,3.78409735409955e-07,4.26807949559976e-06,"ITSN1","Ex_L2_3"
"CCZ1B",6.89582868508445,2.01029185883271,0.396002121763293,5.07646739335993,3.84516748101743e-07,4.33198685017376e-06,"CCZ1B","Ex_L2_3"
"ACVR2A",23.0741568067308,-1.30129808351599,0.256479221905919,-5.07369787636572,3.90158350716032e-07,4.38047501421062e-06,"ACVR2A","Ex_L2_3"
"SLC35A1",16.8950972765346,-1.63707860461795,0.322653996004443,-5.07378995732446,3.89969501532925e-07,4.38047501421062e-06,"SLC35A1","Ex_L2_3"
"LINC02346",3.87990541297988,-4.86109069891069,0.958047922121331,-5.07395359529318,3.89634113452087e-07,4.38047501421062e-06,"LINC02346","Ex_L2_3"
"ENSG00000260918",12.2158425743405,-2.26972874021171,0.447785210988054,-5.06878897407861,4.0035479881455e-07,4.48982367985633e-06,"ENSG00000260918","Ex_L2_3"
"EHBP1",62.4887451109157,-0.804760918277602,0.158820221848353,-5.06711871392557,4.0388241868794e-07,4.52421993294222e-06,"EHBP1","Ex_L2_3"
"KIF1B",128.360067882697,0.868821846228698,0.171511126437478,5.06568794850411,4.06928053977221e-07,4.55314487730321e-06,"KIF1B","Ex_L2_3"
"LARS1",11.533433058455,-1.98064663277067,0.391016930689276,-5.06537307548097,4.07601285360732e-07,4.55548922341733e-06,"LARS1","Ex_L2_3"
"RFTN1",35.1281606745444,1.17833470010196,0.232651191674231,5.06481265633027,4.08802179464714e-07,4.56371887620608e-06,"RFTN1","Ex_L2_3"
"INTU",19.7476490069734,-1.57201342960916,0.31044544064129,-5.06373495568767,4.11121131892227e-07,4.58439727549289e-06,"INTU","Ex_L2_3"
"JAK1",47.5558102419872,0.901731528611844,0.178328682116093,5.05657036160237,4.26863422703943e-07,4.75454225016274e-06,"JAK1","Ex_L2_3"
"SVIL-AS1",19.3219525672736,-1.43734537568235,0.284333997240905,-5.05513019768981,4.30097252848853e-07,4.78513636691634e-06,"SVIL-AS1","Ex_L2_3"
"HERC1",111.924339535806,0.819010930342511,0.162071262195671,5.05340008615289,4.3401340697859e-07,4.82324401601547e-06,"HERC1","Ex_L2_3"
"LEPR",6.55128985057939,-2.74786456718776,0.543978702074145,-5.05141939695504,4.38538988039484e-07,4.8680305293784e-06,"LEPR","Ex_L2_3"
"GEN1",8.51004888298087,1.69908007484057,0.33645417557313,5.0499598405824,4.41902955615245e-07,4.89983593223947e-06,"GEN1","Ex_L2_3"
"LZTR1",6.03645639404547,-4.77006072970135,0.945123152136123,-5.04702558488836,4.48741278294499e-07,4.97004996388406e-06,"LZTR1","Ex_L2_3"
"ROS1",3.79449313184137,-4.8185690810705,0.955497727253426,-5.04299376506259,4.58304190459602e-07,5.07024816112064e-06,"ROS1","Ex_L2_3"
"GRM8",17.4514670173418,-4.48449145318662,0.889727814892507,-5.04029589513105,4.64812617868712e-07,5.13646699431072e-06,"GRM8","Ex_L2_3"
"CEP162",6.60655224918728,-3.15660533620638,0.626463220134941,-5.03877200568367,4.68528203334516e-07,5.17170906691942e-06,"CEP162","Ex_L2_3"
"SMAP1",28.0764014680563,-1.15257377528914,0.228879943103687,-5.03571330742163,4.76072646872256e-07,5.24908830849949e-06,"SMAP1","Ex_L2_3"
"ZIM2",9.60655338718589,2.46925464778221,0.490449424077457,5.03467743371686,4.78654143487174e-07,5.27163487176906e-06,"ZIM2","Ex_L2_3"
"TTC36-AS1",7.49983878534159,1.96882253501577,0.391116111745413,5.03385689285366,4.80708587762395e-07,5.28833277287544e-06,"TTC36-AS1","Ex_L2_3"
"SMYD3",173.81911302149,-1.20960547636617,0.240470823906769,-5.03015483007259,4.90083917766681e-07,5.37974205852563e-06,"SMYD3","Ex_L2_3"
"LINC00845",5.47484781812082,-3.55803700866763,0.707343043924778,-5.03014349151641,4.9011290130094e-07,5.37974205852563e-06,"LINC00845","Ex_L2_3"
"TMEM41B",15.4654093332975,1.22098180036234,0.242743587778233,5.02992400968306,4.90674264973577e-07,5.37989283381743e-06,"TMEM41B","Ex_L2_3"
"CBR4",14.5929649734404,-1.81034088312763,0.360189702047894,-5.02607618384078,5.00617077890087e-07,5.48278949073826e-06,"CBR4","Ex_L2_3"
"CCDC34",5.71320477968457,-3.48227788422782,0.692944706417148,-5.02533297675777,5.02559791839156e-07,5.49793696550988e-06,"CCDC34","Ex_L2_3"
"MBNL1",146.075142900061,1.31449269911684,0.261595465926857,5.02490627832357,5.0367844787347e-07,5.50404568621688e-06,"MBNL1","Ex_L2_3"
"RGS17",11.7193592313606,-2.8076463333782,0.55896685908414,-5.02292092589978,5.08915012550857e-07,5.55509009255514e-06,"RGS17","Ex_L2_3"
"MTPN",10.2340863104457,-1.81954120058648,0.362306438124118,-5.02210562419856,5.1108062461165e-07,5.57253724326842e-06,"MTPN","Ex_L2_3"
"COL18A1",6.51201892334365,-4.79170839106983,0.954196988802778,-5.02171820630239,5.12112799771324e-07,5.57760104762027e-06,"COL18A1","Ex_L2_3"
"CRLF3",28.6270063497986,1.13909860977242,0.226968062465792,5.01876165922726,5.20056233075077e-07,5.65784322672155e-06,"CRLF3","Ex_L2_3"
"NAT8L",16.4038839668153,-1.84051625148322,0.36708309924603,-5.01389536936879,5.33389990560664e-07,5.79648591511943e-06,"NAT8L","Ex_L2_3"
"MTDH",30.3381406386843,0.95994232527475,0.191473111024449,5.01345760842719,5.34605497370587e-07,5.80327558692668e-06,"MTDH","Ex_L2_3"
"ANKRD13B",7.75191595100006,-2.24721427697089,0.448264411336715,-5.01314451948067,5.35476472000878e-07,5.80631441604484e-06,"ANKRD13B","Ex_L2_3"
"SLC25A44",4.73111099014251,2.17337674738729,0.433927605991103,5.00861599349788,5.48228315251432e-07,5.93803193939368e-06,"SLC25A44","Ex_L2_3"
"RPS6KA3",49.3671431453231,1.14527558773242,0.228855242855991,5.00436683660813,5.60459389087867e-07,6.06382493215771e-06,"RPS6KA3","Ex_L2_3"
"TM9SF3",27.0083563436167,0.973892225972367,0.194779779089727,4.99996575888781,5.73404966333824e-07,6.19706313450328e-06,"TM9SF3","Ex_L2_3"
"ENSG00000247345",3.6982439019204,3.12294123719906,0.625084741181382,4.9960285885348,5.85229885519947e-07,6.31791032455819e-06,"PDE4D-AS1","Ex_L2_3"
"NSG2",22.4454717285873,-1.21525130826822,0.243374253694823,-4.99334374864516,5.9342798643014e-07,6.39938149142666e-06,"NSG2","Ex_L2_3"
"ENSG00000286084",12.2263833053525,-1.6651194227192,0.333504840535729,-4.99278937014652,5.95134504475028e-07,6.41074711838013e-06,"ENSG00000286084","Ex_L2_3"
"KCNH4",3.68401795803274,-4.78716815423045,0.959123340886303,-4.99119138296305,6.00080026953918e-07,6.45693996144062e-06,"KCNH4","Ex_L2_3"
"SLC2A6",5.36940864673543,-4.22618342831869,0.847681437141975,-4.98557977459977,6.17762829787006e-07,6.63993658624458e-06,"SLC2A6","Ex_L2_3"
"GADD45B",5.44833355252007,2.09321045218239,0.420068564293358,4.98302094017342,6.25991731334477e-07,6.7210303482294e-06,"GADD45B","Ex_L2_3"
"SUMO3",9.49157335877111,-2.39633253702466,0.480937699886055,-4.98262568642966,6.27272202289109e-07,6.72742589005263e-06,"SUMO3","Ex_L2_3"
"DCX",4.91421676911133,-5.35361290328345,1.07508448670274,-4.9797136592519,6.36784176301486e-07,6.82199318210011e-06,"DCX","Ex_L2_3"
"PRKCG",19.8729128107961,-1.72448357777052,0.346581170954658,-4.97569897701144,6.50126127278285e-07,6.95734103963167e-06,"PRKCG","Ex_L2_3"
"CCDC3",41.334044100488,1.0906469740542,0.219238828253591,4.97469806211819,6.5349417921626e-07,6.98577455562627e-06,"CCDC3","Ex_L2_3"
"INSIG2",3.8807706274119,-4.76602433962486,0.958285549099088,-4.97349077642415,6.57579039857557e-07,7.02180052995722e-06,"INSIG2","Ex_L2_3"
"CPT1C",14.9936921699657,-1.75411191547481,0.352727475405029,-4.97299484101885,6.59264161646154e-07,7.03215105755897e-06,"CPT1C","Ex_L2_3"
"LARP4B",31.0837896528655,1.2683554599033,0.255124957317807,4.9715067990127,6.6434534130751e-07,7.07866446095985e-06,"LARP4B","Ex_L2_3"
"SMIM43",3.44682232452666,-4.84285493401774,0.974481560159627,-4.96967324166139,6.70658258856352e-07,7.13818714518397e-06,"SMIM43","Ex_L2_3"
"HACL1",20.9528940704028,1.05492551883094,0.212288311951858,4.96930570096657,6.71930633946555e-07,7.14398977044475e-06,"HACL1","Ex_L2_3"
"PNMA1",8.4511885625976,-2.07700012539252,0.418007695817088,-4.96880834055594,6.7365613119398e-07,7.15459225172936e-06,"PNMA1","Ex_L2_3"
"ENSG00000291233",7.92501007672554,1.84802768681034,0.372034896211684,4.96735039005273,6.78738851936064e-07,7.20078885682494e-06,"LOC653513","Ex_L2_3"
"ENSG00000258603",5.72246091976601,-3.76991154883451,0.759074756012283,-4.96645622710382,6.81874351476824e-07,7.22624986937251e-06,"ENSG00000258603","Ex_L2_3"
"LINC02217",3.44401022773111,-4.84077776224843,0.975664430769468,-4.96151915513687,6.99439710985843e-07,7.40441349216047e-06,"LINC02217","Ex_L2_3"
"FASTK",13.7883289456446,-1.5661124097402,0.315678460128743,-4.96110000378705,7.00950904581127e-07,7.41242377460171e-06,"FASTK","Ex_L2_3"
"DNAJB11",4.94154385126708,2.1532842386111,0.43410050963368,4.96033566149961,7.03714740395061e-07,7.43364904262482e-06,"DNAJB11","Ex_L2_3"
"ENSG00000272563",7.71564500327849,-2.27577990383571,0.458909403333712,-4.95910497214371,7.08186948851182e-07,7.47028539540259e-06,"ENSG00000272563","Ex_L2_3"
"PDIA2",18.1993940283619,-1.30750162537009,0.263664311472852,-4.95896322891131,7.08703785475897e-07,7.47028539540259e-06,"PDIA2","Ex_L2_3"
"CELF1",99.8764174121786,1.17308897002216,0.236593296917236,4.95825108026,7.11305989109865e-07,7.48967849626508e-06,"CELF1","Ex_L2_3"
"NAP1L3",4.77995802722919,-5.31836327917677,1.07276319341421,-4.95763026903484,7.13581952631704e-07,7.50559861097843e-06,"NAP1L3","Ex_L2_3"
"YWHAE",23.3493399596603,-1.30082332432703,0.262513683640169,-4.95525911750219,7.22339609980685e-07,7.5895875170591e-06,"YWHAE","Ex_L2_3"
"LINC03025",15.6227511843759,-2.68966692428678,0.542836385686128,-4.954839055026,7.23901836139504e-07,7.59787568187445e-06,"LINC03025","Ex_L2_3"
"ANKRD6",17.7491941383548,1.23361951341253,0.249177727195392,4.95076156002175,7.39236300887236e-07,7.75054153673021e-06,"ANKRD6","Ex_L2_3"
"VPS26B",6.47179888087945,-2.70775466467676,0.546963223736182,-4.95052418000008,7.40138602793114e-07,7.75172882072447e-06,"VPS26B","Ex_L2_3"
"ATXN1",106.02175713093,0.8672964771145,0.175214770635594,4.94990504492499,7.42496983897469e-07,7.76814735868875e-06,"ATXN1","Ex_L2_3"
"TCTN3",8.26280075402624,1.67736941338985,0.338916416841113,4.94921263780568,7.45143044950131e-07,7.78753752509584e-06,"TCTN3","Ex_L2_3"
"RGS11",11.1596505488133,-1.79107955163257,0.361921093120171,-4.94881228444418,7.4667715351667e-07,7.79527774298381e-06,"RGS11","Ex_L2_3"
"LINC00276",24.9809050036305,-1.68704060653401,0.340923249915421,-4.94844692156533,7.48079837639176e-07,7.80163091822427e-06,"LINC00276","Ex_L2_3"
"PPFIA3",11.1636337870848,-1.67443235898426,0.338391157134908,-4.94821547099916,7.48969724878556e-07,7.80262839576557e-06,"PPFIA3","Ex_L2_3"
"ZMAT4",26.3604601983006,1.27508302339706,0.257768514727147,4.94662051626733,7.5512983495187e-07,7.85846980780421e-06,"ZMAT4","Ex_L2_3"
"LINC00299",3.58784187143667,-4.96155507694376,1.00349040647178,-4.94429746905936,7.6418940743273e-07,7.94433517314195e-06,"LINC00299","Ex_L2_3"
"B4GALNT4",17.2145915449125,-1.58649339354323,0.320903786943006,-4.94382882999447,7.6602968574221e-07,7.95504823755969e-06,"B4GALNT4","Ex_L2_3"
"APIP",6.57390430211251,1.82825583060285,0.369886045618317,4.94275426786285,7.70265467574594e-07,7.9905891799924e-06,"APIP","Ex_L2_3"
"MEIS2",147.310603512096,2.13920541697063,0.432872719108385,4.94188088678094,7.73724832877873e-07,8.0180092385994e-06,"MEIS2","Ex_L2_3"
"RIPK2-DT",24.7716651959144,-1.1753398870215,0.238139031850943,-4.93551971672235,7.99376040181306e-07,8.27411080413778e-06,"RIPK2-DT","Ex_L2_3"
"SDCBP2",9.27611869837995,1.89036427794052,0.38302634239745,4.93533751780177,8.00122685660718e-07,8.27411080413778e-06,"SDCBP2","Ex_L2_3"
"ORC5",13.0453365300868,-2.16461195412167,0.438683626303081,-4.93433496108232,8.04243164109133e-07,8.30797565111264e-06,"ORC5","Ex_L2_3"
"CCDC174",8.10447002668993,1.97152726763841,0.399910442600419,4.9299219465702,8.2262477228706e-07,8.48893462494546e-06,"CCDC174","Ex_L2_3"
"SIDT1-AS1",19.7693845080764,3.04820031033583,0.618379776842289,4.92933375975074,8.25105106946747e-07,8.50559556206174e-06,"SIDT1-AS1","Ex_L2_3"
"SNCA",56.1757573260328,-0.831758197796626,0.168756281452682,-4.92875400332783,8.27556938981371e-07,8.52192805927986e-06,"SNCA","Ex_L2_3"
"SLC38A4-AS1",7.28980043696037,-4.8681267750262,0.987938975037456,-4.92755817720587,8.326363566852e-07,8.56525609222555e-06,"SLC38A4-AS1","Ex_L2_3"
"ENSG00000290853",12.990569554862,-1.72096024319764,0.349959731800194,-4.9175950454214,8.76139208755515e-07,9.00333847993115e-06,"ENSG00000290853","Ex_L2_3"
"FNIP2",38.5872382832352,0.960319723950545,0.195424570280328,4.91401732429556,8.92288600357599e-07,9.15971077315889e-06,"FNIP2","Ex_L2_3"
"CSTF2",4.16570363228934,2.36984790435157,0.482301877414578,4.91361948880513,8.9410198849018e-07,9.16874523478865e-06,"CSTF2","Ex_L2_3"
"IGBP1",5.4395303154893,2.08016950056141,0.423392156443035,4.91310353511776,8.96459061307847e-07,9.18333036317861e-06,"IGBP1","Ex_L2_3"
"KDM7A",13.3845033346727,1.51534927002862,0.308548321661405,4.91122188534067,9.05105956374122e-07,9.26225095356185e-06,"KDM7A","Ex_L2_3"
"KCNIP2",22.4020972890036,-1.48494075357383,0.302510917121814,-4.90871789918204,9.16737340771975e-07,9.37151679057636e-06,"KCNIP2","Ex_L2_3"
"IRAK1BP1",16.053659581912,-1.48292122178318,0.302125314209065,-4.90829848424097,9.18699603978404e-07,9.3720715570964e-06,"IRAK1BP1","Ex_L2_3"
"TGFB1",6.84746262405618,2.20266816714697,0.448761035735816,4.90833203362974,9.18542492043803e-07,9.3720715570964e-06,"TGFB1","Ex_L2_3"
"DENND4A",96.3928250948738,1.08488656964709,0.221053935062471,4.90779125619498,9.21078110186858e-07,9.38658854198724e-06,"DENND4A","Ex_L2_3"
"RBM23",8.57102198758777,1.73290259698867,0.353229799391,4.9058788357504,9.30099309854458e-07,9.46870012436289e-06,"RBM23","Ex_L2_3"
"ENSG00000223930",24.242155920331,-2.4599653254703,0.501543970238773,-4.90478496690762,9.35297448626524e-07,9.51038525645033e-06,"LOC105374235","Ex_L2_3"
"LINC02398",11.0482295435551,-1.97348333965926,0.402373119545695,-4.90461028283262,9.36130144848073e-07,9.51038525645033e-06,"LINC02398","Ex_L2_3"
"C19orf12",7.45728677860761,-2.36687990844341,0.482657608287248,-4.90384874868644,9.39768624526858e-07,9.53748653652051e-06,"C19orf12","Ex_L2_3"
"ACTN1",67.1235360597107,1.11391815848522,0.2272540824469,4.90164201448611,9.50389074937229e-07,9.63354909575007e-06,"ACTN1","Ex_L2_3"
"TMEM147",5.01435825138178,2.4268304922181,0.495122439906119,4.90147546671133,9.51195299560013e-07,9.63354909575007e-06,"TMEM147","Ex_L2_3"
"ENSG00000286225",4.46302381527097,-5.23226028255106,1.06851294929826,-4.8967682478601,9.74256238034185e-07,9.83668374352295e-06,"ENSG00000286225","Ex_L2_3"
"PIK3CB",24.0964585521901,-1.08425484274658,0.221411829043498,-4.89700504002234,9.73083434128906e-07,9.83668374352295e-06,"PIK3CB","Ex_L2_3"
"MAP2K4",72.3527469466878,0.972338068089485,0.198567003984974,4.89677564034285,9.74219603362402e-07,9.83668374352295e-06,"MAP2K4","Ex_L2_3"
"UBE2K",43.5998155208181,0.826146866651017,0.168741332685201,4.89593660014677,9.78386083497007e-07,9.86823910089794e-06,"UBE2K","Ex_L2_3"
"ENSG00000255595",32.3474378182206,-3.03698597194836,0.620687014128393,-4.8929426632408,9.93393542389475e-07,1.00093314465992e-05,"ENSG00000255595","Ex_L2_3"
"ATXN3",19.0525169077426,1.18323165079638,0.241886924689129,4.89167263719217,9.99826414329429e-07,1.00638265311192e-05,"ATXN3","Ex_L2_3"
"ETV5",24.8647129997101,1.59215356171256,0.325705359607109,4.88832472278977,1.01697685633329e-06,1.02259781336932e-05,"ETV5","Ex_L2_3"
"RAD54L2",23.0180099130215,1.08014473122098,0.221066573072091,4.88606086488136,1.0287340794752e-06,1.0333623309575e-05,"RAD54L2","Ex_L2_3"
"BBS7",11.3646778448954,1.48532912511516,0.304089145544338,4.88451872379837,1.03681790363992e-06,1.04041870126236e-05,"BBS7","Ex_L2_3"
"DCDC2",7.80957126408859,-2.50823668544866,0.513541922083206,-4.88419071080679,1.03854519888454e-06,1.04108857488181e-05,"DCDC2","Ex_L2_3"
"TNFSF13B",6.51952986290921,-2.99318292926818,0.612865203721571,-4.88391723186817,1.03998743823784e-06,1.04147162010688e-05,"TNFSF13B","Ex_L2_3"
"ZNG1F",7.87438040060752,-2.1724974597957,0.44499352876928,-4.88208775935279,1.04968518326743e-06,1.05011275360685e-05,"ZNG1F","Ex_L2_3"
"GALC",3.38109106554235,-4.70282376885577,0.963695005352992,-4.8799918467287,1.06090226400238e-06,1.06025471429902e-05,"GALC","Ex_L2_3"
"CACNB3",5.58044129317663,-3.36620045789266,0.689844121264069,-4.87965375674209,1.06272245390811e-06,1.06099444991801e-05,"CACNB3","Ex_L2_3"
"VAMP2",33.262157630307,-1.0154940787246,0.208158783808694,-4.87845893478065,1.06917917964437e-06,1.06635698079454e-05,"VAMP2","Ex_L2_3"
"TNS2-AS1",4.38606590571994,2.35656990859201,0.483502377327098,4.87395723185399,1.09384680219019e-06,1.08985304104629e-05,"TNS2-AS1","Ex_L2_3"
"ENSG00000224819",5.01612025253569,-4.81005604518288,0.987289618049969,-4.87198078177242,1.10484918407476e-06,1.09969993762416e-05,"ENSG00000224819","Ex_L2_3"
"SEC31B",20.8006030557597,1.15476535377668,0.237069825755348,4.87099254448508,1.11039030345801e-06,1.10361866484738e-05,"SEC31B","Ex_L2_3"
"RAB3A",13.1863433290129,-1.64847926016667,0.338435736848026,-4.87087822202096,1.11103304105666e-06,1.10361866484738e-05,"RAB3A","Ex_L2_3"
"ADCY8",10.9296001627897,-2.82178685179418,0.579419631348927,-4.87002286274781,1.11585336897827e-06,1.10728722190329e-05,"ADCY8","Ex_L2_3"
"PEBP4",7.50503566552051,2.08338341308271,0.427906317103098,4.86878395997306,1.12287083365264e-06,1.11312644498522e-05,"PEBP4","Ex_L2_3"
"AHCYL2",26.1405862981991,-1.35555581925695,0.278634452353618,-4.86499715956375,1.14458451075845e-06,1.13350788646079e-05,"AHCYL2","Ex_L2_3"
"CEP170",40.2358090792573,0.827414777646975,0.170116090037788,4.86382432998068,1.15139111827096e-06,1.13910033694803e-05,"CEP170","Ex_L2_3"
"ENSG00000283982",3.57179930213897,-4.7086583281297,0.968237284003015,-4.86312436623236,1.15547195303709e-06,1.14198757209622e-05,"LOC101929563","Ex_L2_3"
"EXOSC6",5.8219180159256,-2.95063327373082,0.60683805593763,-4.86230757095774,1.1602515190105e-06,1.14555888670946e-05,"EXOSC6","Ex_L2_3"
"MAPK11",15.1596444286397,-1.65753732929116,0.341069801018478,-4.859818501496,1.17493417682016e-06,1.15889089890374e-05,"MAPK11","Ex_L2_3"
"TSPAN7",82.3558605952273,1.14464740486763,0.235614334262798,4.85813992789981,1.18493659356369e-06,1.16758446290569e-05,"TSPAN7","Ex_L2_3"
"TEK",4.2733130228598,-4.72524226884041,0.972826603609226,-4.85722969675127,1.19039475726702e-06,1.17178738430774e-05,"TEK","Ex_L2_3"
"UBR3",102.372870603253,0.86036918079251,0.177142410952704,4.85693502851907,1.19216690028037e-06,1.17235711995539e-05,"UBR3","Ex_L2_3"
"GUSBP1",31.5686256916848,-1.28149604056865,0.263864840190504,-4.85663811686105,1.19395510246639e-06,1.17294149266298e-05,"GUSBP1","Ex_L2_3"
"KCNJ9",6.65631493038643,-2.38976300455201,0.492206170279551,-4.8552073274391,1.20260852338668e-06,1.18026235102405e-05,"KCNJ9","Ex_L2_3"
"RNFT1",10.5939204372823,1.39155136982851,0.286698570039234,4.85370879121608,1.21173635871561e-06,1.18803373133953e-05,"RNFT1","Ex_L2_3"
"EHD3",6.40233248135294,-2.47442151876861,0.509852992352311,-4.85320583753439,1.21481484587589e-06,1.18986451105531e-05,"EHD3","Ex_L2_3"
"PPP1R14C",9.49204787498576,1.49203213664042,0.307515013675806,4.85190013588532,1.22284196838352e-06,1.19653381448204e-05,"PPP1R14C","Ex_L2_3"
"ANO5",33.8515874972686,-0.983936139033791,0.202880731784398,-4.84982546336349,1.23570158126893e-06,1.20791366511303e-05,"ANO5","Ex_L2_3"
"RASD1",8.1011749728563,-2.23263356964881,0.460407735087143,-4.84925295450614,1.23927305089494e-06,1.21020064135109e-05,"RASD1","Ex_L2_3"
"CSTPP1",48.2384877639865,0.763271468287906,0.157704928845335,4.83987072488053,1.29923614908005e-06,1.26749711306479e-05,"CSTPP1","Ex_L2_3"
"RTCA",16.2540449351826,1.32177968772248,0.273222016077439,4.83774955876122,1.31317454888023e-06,1.27982408414676e-05,"RTCA","Ex_L2_3"
"ZNF862",7.6429363099235,-2.13625948927798,0.441606603640707,-4.83747179427609,1.31501038320007e-06,1.28034311244375e-05,"ZNF862","Ex_L2_3"
"MAP3K3",20.4272244884422,1.3118164293932,0.27126951681843,4.83584165585121,1.3258343462935e-06,1.2896036255433e-05,"MAP3K3","Ex_L2_3"
"EOGT",8.44440218921882,1.77710936295738,0.367656654208916,4.83361131265574,1.34078252141632e-06,1.30176157519683e-05,"EOGT","Ex_L2_3"
"ENSG00000258663",6.52418365428801,2.74639792849311,0.568197167381241,4.83352977831789,1.34133203932116e-06,1.30176157519683e-05,"ENSG00000258663","Ex_L2_3"
"SIVA1",8.59355207094661,1.64341833859818,0.340013960786614,4.83338488453876,1.34230911611806e-06,1.30176157519683e-05,"SIVA1","Ex_L2_3"
"CDIN1",11.2316854048057,-1.6372407330471,0.338980231619389,-4.82990033143116,1.36601409646325e-06,1.32344403191864e-05,"CDIN1","Ex_L2_3"
"PART1",5.76424545099994,-3.17135671180648,0.656968215722184,-4.82726049131663,1.38424010551926e-06,1.33846208628161e-05,"PART1","Ex_L2_3"
"CRTC3",21.8917484185378,1.0605986581506,0.219702748561287,4.82742553334396,1.38309380040594e-06,1.33846208628161e-05,"CRTC3","Ex_L2_3"
"MYRIP",23.0538614472913,-1.30740221085046,0.271056655343188,-4.82335402978814,1.411640852615e-06,1.36361452665582e-05,"MYRIP","Ex_L2_3"
"DMAP1",7.63864240258481,-2.1347857971311,0.442728671997597,-4.82188286450688,1.42209450747087e-06,1.37236310819193e-05,"DMAP1","Ex_L2_3"
"ENSG00000227240",3.23257395845804,-4.75856631966669,0.987030401350032,-4.82109397355751,1.42773074824213e-06,1.37645013451724e-05,"ENSG00000227240","Ex_L2_3"
"DMTN",16.7559326693616,-1.36544598706112,0.283318220537589,-4.81947819829668,1.43934180169337e-06,1.3862837117486e-05,"DMTN","Ex_L2_3"
"RRP12",12.0411017097161,1.38486962707236,0.287615794996177,4.81499851943378,1.47200981559164e-06,1.41635890581511e-05,"RRP12","Ex_L2_3"
"SEPTIN2",42.7595305970016,1.0219920017993,0.212350758799668,4.8127541788699,1.4886435503761e-06,1.43096225429499e-05,"SEPTIN2","Ex_L2_3"
"LINC02254",12.8888398898876,-3.12302365529274,0.649288776796267,-4.80991473578586,1.50994691346065e-06,1.44987976213419e-05,"LINC02254","Ex_L2_3"
"ADAM11",13.0645376507465,-1.54630016821825,0.321493574293325,-4.80973895548979,1.51127532209427e-06,1.44987976213419e-05,"ADAM11","Ex_L2_3"
"ENSG00000272800",6.49576754627265,2.09172932887236,0.434960222337816,4.80901291991662,1.51677404007032e-06,1.45373543118544e-05,"ENSG00000272800","Ex_L2_3"
"ENSG00000286548",7.43841464529887,2.40509523205644,0.500205354484609,4.80821568680438,1.52283413749184e-06,1.45812110786743e-05,"ENSG00000286548","Ex_L2_3"
"TUBG2",12.904105173128,-1.52859310729276,0.317961329886041,-4.80748117338865,1.52843807468356e-06,1.46206189344609e-05,"TUBG2","Ex_L2_3"
"NDFIP1",70.4666410554868,0.952870341960274,0.198233308194835,4.80681249098532,1.53355699335165e-06,1.46553150804344e-05,"NDFIP1","Ex_L2_3"
"RBFA",3.41108752030427,-4.61435031746514,0.960104198699872,-4.80609325916258,1.53908127661093e-06,1.46938138595003e-05,"RBFA","Ex_L2_3"
"PTPN1",25.0344672669677,1.19035282466716,0.247750484654963,4.80464377829548,1.55027265067241e-06,1.47862898254425e-05,"PTPN1","Ex_L2_3"
"ZMYM4",19.2155193817411,-1.21141337991808,0.252216078848753,-4.80307752561855,1.5624535465966e-06,1.488801517145e-05,"ZMYM4","Ex_L2_3"
"TIMM8B",6.26231660717238,2.61149516612398,0.544217824190568,4.7986211587394,1.59761653554726e-06,1.52083186484654e-05,"TIMM8B","Ex_L2_3"
"GPM6B",141.464464147458,0.61397611006426,0.128066066043006,4.79421386972316,1.63313974587092e-06,1.55314277477599e-05,"GPM6B","Ex_L2_3"
"COMMD10",13.3666320809592,-1.58257967804303,0.330134645379594,-4.79374006997464,1.63700350778952e-06,1.55531164995399e-05,"COMMD10","Ex_L2_3"
"SCAF8",27.9205614457005,1.09621290235883,0.228829179169226,4.79052936491176,1.6634187611832e-06,1.57888173042162e-05,"SCAF8","Ex_L2_3"
"SMC1A",6.51953720686873,1.78780559775946,0.373288609386493,4.78933873899273,1.67331807597344e-06,1.58674486277635e-05,"SMC1A","Ex_L2_3"
"TAOK2",3.91679064088095,-5.0687816776836,1.05842618934805,-4.7889798350566,1.67631322943985e-06,1.58805218572971e-05,"TAOK2","Ex_L2_3"
"DNAH7",23.3045824918495,-1.11108739085051,0.232077144428535,-4.78757782713349,1.68806283133723e-06,1.59538038250406e-05,"DNAH7","Ex_L2_3"
"NAGPA",18.0191705177499,-1.59573829930798,0.333315164777567,-4.78747584248941,1.68892060037074e-06,1.59538038250406e-05,"NAGPA","Ex_L2_3"
"ZNF737",5.12728011563088,-3.13005090683124,0.653756572255098,-4.78779264280939,1.68625743643022e-06,1.59538038250406e-05,"ZNF737","Ex_L2_3"
"PAK2",15.1539077158991,1.16961657975955,0.244373479430924,4.78618458305399,1.69981737710884e-06,1.60413121159627e-05,"PAK2","Ex_L2_3"
"PHF14",44.7725759328392,-0.888819839709161,0.185777927508121,-4.78431346302057,1.71572749883975e-06,1.61759183767771e-05,"PHF14","Ex_L2_3"
"CDC40",27.6433580408722,-1.02816194436134,0.214955251902566,-4.78314409748584,1.7257431727243e-06,1.62406658171336e-05,"CDC40","Ex_L2_3"
"FGFR1",4.80548487643729,2.09644693753876,0.438300617248986,4.78312567912226,1.72590137551787e-06,1.62406658171336e-05,"FGFR1","Ex_L2_3"
"ACYP2",50.4596678242037,0.985789596955169,0.206187505305788,4.78103460000249,1.74395340683738e-06,1.63948308792062e-05,"ACYP2","Ex_L2_3"
"DACH1",3.95382540558559,-5.07798549541177,1.06290385793067,-4.77746454443953,1.77519338815338e-06,1.6672561993517e-05,"DACH1","Ex_L2_3"
"BRIX1",9.1592345322795,1.49739510982705,0.313616940735309,4.77459893051772,1.80065749025851e-06,1.68955675112699e-05,"BRIX1","Ex_L2_3"
"ZNG1E",13.3248779763609,-1.73283741675028,0.363003002670408,-4.77361730895552,1.80946070081886e-06,1.69619674855386e-05,"ZNG1E","Ex_L2_3"
"ABITRAM",9.1292436317915,2.03019319730331,0.425385614071705,4.77259486485852,1.81867397445025e-06,1.70320811487124e-05,"ABITRAM","Ex_L2_3"
"ENSG00000229294",6.60427115054265,3.47930664404945,0.729080398047225,4.77218514359796,1.82237862145424e-06,1.70505215020633e-05,"ENSG00000229294","Ex_L2_3"
"GULP1",26.0506582703331,-1.10200754584437,0.23094945477599,-4.77163952135444,1.82732332699569e-06,1.70805179490064e-05,"GULP1","Ex_L2_3"
"SGPP2",7.3486582960018,-2.12348095079073,0.445223663223533,-4.76947010277078,1.84711153218093e-06,1.72326910656652e-05,"SGPP2","Ex_L2_3"
"TTF1",7.09424681852506,-2.17998353542003,0.457056891905694,-4.76961090408376,1.84582099905845e-06,1.72326910656652e-05,"TTF1","Ex_L2_3"
"BBOX1-AS1",4.31741673655452,-4.69551218173296,0.984561914880109,-4.76913854859472,1.85015386128201e-06,1.72446978493686e-05,"BBOX1-AS1","Ex_L2_3"
"EPHB1",6.92690504540168,1.71812058134099,0.360335016121597,4.76811995634974,1.85953057351533e-06,1.72992692748244e-05,"EPHB1","Ex_L2_3"
"TDRD3",15.9688541071265,-1.33107480580626,0.279150264568434,-4.76830931134563,1.85778400659734e-06,1.72992692748244e-05,"TDRD3","Ex_L2_3"
"ASAP1",48.6048140113202,-0.968745143777382,0.203388935123646,-4.7630179251809,1.90718892190649e-06,1.77258504908319e-05,"ASAP1","Ex_L2_3"
"HDAC3",12.6069218215389,1.331413733571,0.279561739490553,4.7625033954834,1.9120597934677e-06,1.77416183869524e-05,"HDAC3","Ex_L2_3"
"EIF4A1",28.2115699827398,0.997820627058658,0.209518023435843,4.76245723730876,1.91249734036875e-06,1.77416183869524e-05,"EIF4A1","Ex_L2_3"
"H1-0",3.13357381690557,-4.59574647646081,0.965041387471377,-4.76222733669764,1.91467806895474e-06,1.77450918390673e-05,"H1-0","Ex_L2_3"
"ARHGAP20",12.268493554067,-2.18857433850364,0.459715298620545,-4.76071678508598,1.92906597595693e-06,1.78615873212072e-05,"ARHGAP20","Ex_L2_3"
"DYNC1I1",92.0369065981131,-0.873184089997398,0.183496864570832,-4.7585777121567,1.94961831779744e-06,1.80348873390227e-05,"DYNC1I1","Ex_L2_3"
"ENSG00000240553",4.86076498286649,2.11584926786453,0.444846820812658,4.75635470205057,1.97119996927557e-06,1.82173739399465e-05,"ENSG00000240553","Ex_L2_3"
"ENSG00000256654",8.47302252060862,-2.32675730745861,0.489212687439401,-4.75612625591773,1.97343075232352e-06,1.82208493522803e-05,"ENSG00000256654","Ex_L2_3"
"TRIP11",10.6750056000871,-1.76812500712753,0.371871464457069,-4.75466707215351,1.98773704689816e-06,1.83357077452841e-05,"TRIP11","Ex_L2_3"
"LINC00551",6.69876574005869,-2.62506670563572,0.552162173211032,-4.75415889206964,1.99274275377606e-06,1.83646386614409e-05,"LINC00551","Ex_L2_3"
"DNAJB1",4.41737814258286,-4.57663318984025,0.962844052763485,-4.75324449136361,2.0017803539932e-06,1.83961554701864e-05,"DNAJB1","Ex_L2_3"
"BTBD3",17.7628817026148,-1.2809236184673,0.269475059208547,-4.75340323601522,2.00020856097272e-06,1.83961554701864e-05,"BTBD3","Ex_L2_3"
"NPAS4",3.62027701723661,2.58091083659749,0.542960439602255,4.75340494141365,2.0001916815927e-06,1.83961554701864e-05,"NPAS4","Ex_L2_3"
"PEBP1",45.7929452505924,-0.906352987816401,0.190788322985452,-4.75056845006972,2.02845615072176e-06,1.86238815184024e-05,"PEBP1","Ex_L2_3"
"PIGN",19.0338708731001,-1.65338157049495,0.348176101793279,-4.74869343984041,2.04735005644968e-06,1.87798010780221e-05,"PIGN","Ex_L2_3"
"ACTR3",12.2490034640607,1.62058699349486,0.341375142267094,4.74723198277542,2.06219382418936e-06,1.88807009588409e-05,"ACTR3","Ex_L2_3"
"C2orf72",8.4074404368406,-2.26970015022148,0.47810183573228,-4.74731528011205,2.06134501677605e-06,1.88807009588409e-05,"C2orf72","Ex_L2_3"
"CCDC12",12.2351213216965,1.33910123351861,0.282197871929951,4.74525631380739,2.08242476200457e-06,1.90481758490995e-05,"CCDC12","Ex_L2_3"
"NOL7",9.51380873636717,1.7916380333588,0.377824102610035,4.74198978038203,2.11629302111948e-06,1.93399652460259e-05,"NOL7","Ex_L2_3"
"LINC00513",107.581575566783,1.52238847353702,0.32111141649956,4.74099765786155,2.12668391746425e-06,1.94168613430937e-05,"LINC00513","Ex_L2_3"
"TMEM237",5.4660022166147,1.93305102368119,0.407793875586278,4.74026497063518,2.13438908093871e-06,1.94691163706053e-05,"TMEM237","Ex_L2_3"
"OSBPL8",89.6580017114089,1.3143618321402,0.277408772448213,4.73799664134835,2.15841388913503e-06,1.96699981881842e-05,"OSBPL8","Ex_L2_3"
"DCC",90.1892973771982,-2.24746358829382,0.474640960470907,-4.73508140988093,2.18967187987646e-06,1.99363638071421e-05,"DCC","Ex_L2_3"
"LRTM2",7.02231244920867,-2.83045760418186,0.597947109784944,-4.73362536228304,2.20544639616685e-06,2.00613938851325e-05,"LRTM2","Ex_L2_3"
"TBC1D4",10.8583877916938,-1.62826306643684,0.34419871037214,-4.73059025897104,2.23867964065401e-06,2.03448554947132e-05,"TBC1D4","Ex_L2_3"
"ZNF10",14.2382979463667,1.21497710205768,0.256978927313365,4.72792502778295,2.2682590179048e-06,2.05946179222706e-05,"ZNF10","Ex_L2_3"
"PEA15",22.1193845807615,-1.13597313122365,0.240348652532586,-4.7263553144723,2.28585529403394e-06,2.07352192138406e-05,"PEA15","Ex_L2_3"
"BTNL9",4.16115112980515,-4.6498376908199,0.984060388173388,-4.72515482454377,2.29940100204353e-06,2.08388518856786e-05,"BTNL9","Ex_L2_3"
"PPP1R12A",105.154802129667,1.2841591178445,0.271859358087029,4.72361564774022,2.3168810674225e-06,2.09779166878882e-05,"PPP1R12A","Ex_L2_3"
"WNK1",63.0351529003917,0.669394790864653,0.141814193980179,4.72022420377901,2.35584830756854e-06,2.13110992389994e-05,"WNK1","Ex_L2_3"
"TDRD5",3.28645671783329,-4.54016624679636,0.962353101780702,-4.71777587498332,2.38436955973016e-06,2.15294545540341e-05,"TDRD5","Ex_L2_3"
"TMEM150C",7.94074496599897,-2.14514321936607,0.454679987824504,-4.71791870504326,2.3826966274385e-06,2.15294545540341e-05,"TMEM150C","Ex_L2_3"
"NAMPT",10.8474190305459,1.4444479965351,0.306192031342354,4.71745783259807,2.38809876179521e-06,2.1543326203743e-05,"NAMPT","Ex_L2_3"
"DESI2",7.94698136470125,1.56446526401222,0.331680501272872,4.7167839472274,2.3960189075313e-06,2.15949447225573e-05,"DESI2","Ex_L2_3"
"POC1B",14.4867087235638,1.28095266890071,0.271607986217307,4.7161819014992,2.40311604878168e-06,2.1639057803145e-05,"POC1B","Ex_L2_3"
"ANKRD18B",7.61422501276918,-2.03887642971431,0.432410846791649,-4.71513710824352,2.41548039359914e-06,2.17304756288626e-05,"ANKRD18B","Ex_L2_3"
"ENSG00000270055",3.07236489828317,-4.559036746516,0.967298854187107,-4.71316256271935,2.43901463813883e-06,2.19221224200145e-05,"ENSG00000270055","Ex_L2_3"
"CEP164",7.15615143553784,-2.45301603426965,0.520516881356099,-4.71265413693947,2.44511001653313e-06,2.19568197462719e-05,"CEP164","Ex_L2_3"
"PRKAR2B-AS1",7.17058609401752,1.69828521450147,0.36042232244255,4.71193127826362,2.45380135404143e-06,2.2014743837537e-05,"PRKAR2B-AS1","Ex_L2_3"
"GALE",2.92606924361707,-4.5837686513238,0.973591437745916,-4.70810287931071,2.5003290798552e-06,2.24117088325707e-05,"GALE","Ex_L2_3"
"ACAD11",13.9903962241158,-1.43137871207514,0.304071605377064,-4.7073738118367,2.50928514089742e-06,2.24714833401789e-05,"ACAD11","Ex_L2_3"
"NRN1",15.5956941392778,1.21164879772083,0.257508348216643,4.70527967777364,2.53518163219257e-06,2.26622768545675e-05,"NRN1","Ex_L2_3"
"TUBA1B",36.0859726688409,-1.22355802531419,0.260039481868325,-4.70527789289229,2.5352038134334e-06,2.26622768545675e-05,"TUBA1B","Ex_L2_3"
"FRMD6",23.4054313775618,-1.41370721149399,0.300611896227634,-4.70276535704191,2.56661322503928e-06,2.29221893843508e-05,"FRMD6","Ex_L2_3"
"RPL36A",32.4838214567461,-0.974376505464861,0.207265897801559,-4.70109417805793,2.58771124610922e-06,2.30896233258646e-05,"RPL36A","Ex_L2_3"
"CABP1",61.5558004181665,-1.51968244069074,0.323318141694438,-4.70026962522554,2.59818215229461e-06,2.3162015847679e-05,"CABP1","Ex_L2_3"
"ALOX12-AS1",14.1263775072756,-1.74121291027414,0.370651428640782,-4.69770996609765,2.63094668160455e-06,2.34328378967209e-05,"ALOX12-AS1","Ex_L2_3"
"AMZ2",10.2892324052904,-1.65242539721479,0.3517748343056,-4.69739514049283,2.63500384017012e-06,2.34477153313689e-05,"AMZ2","Ex_L2_3"
"EPDR1",6.27388811853734,-3.69806702892956,0.787377116539224,-4.69669101533424,2.64409964815141e-06,2.35073619397642e-05,"EPDR1","Ex_L2_3"
"ENSG00000289228",11.8865800056772,1.7389056376998,0.370333511727823,4.69551251137598,2.65939089158407e-06,2.36219313914303e-05,"HECTD2-AS1","Ex_L2_3"
"SDHB",7.01507380311133,1.63303873586846,0.347909253349472,4.69386404686423,2.68092238824845e-06,2.37916725764705e-05,"SDHB","Ex_L2_3"
"MAN1C1",18.6699213981703,-1.19220479957494,0.254004965558079,-4.69362792556248,2.68402016273797e-06,2.37976661360449e-05,"MAN1C1","Ex_L2_3"
"TAF7",10.5354827244484,1.75214656231106,0.373432043276231,4.69200914559701,2.70535030825242e-06,2.39651590877113e-05,"TAF7","Ex_L2_3"
"KIAA1217",35.7704913530433,-1.51331601323274,0.322669211213488,-4.68999198139014,2.73215755602756e-06,2.41808250724457e-05,"KIAA1217","Ex_L2_3"
"LDLR",6.40675661768138,2.04110995445412,0.435553731652028,4.68624145799949,2.78267949682229e-06,2.46057996190659e-05,"LDLR","Ex_L2_3"
"NNT",30.3774849165517,-0.995152714871046,0.212397581606911,-4.6853297826752,2.79509511406023e-06,2.46933582738559e-05,"NNT","Ex_L2_3"
"MAP3K2",44.4762100096938,1.05665779085868,0.225601390370916,4.68373793761381,2.81690114178557e-06,2.48636449388153e-05,"MAP3K2","Ex_L2_3"
"RPS28",24.148135235667,-1.07351050572228,0.229337334058554,-4.68092345334488,2.85585566043587e-06,2.51848527900556e-05,"RPS28","Ex_L2_3"
"NKPD1",4.87503159480601,2.20269605026374,0.470710508963713,4.67951322164669,2.87556816354651e-06,2.53297429482773e-05,"NKPD1","Ex_L2_3"
"HDX",20.0859107358388,1.37832290865864,0.294552487255961,4.67937962941353,2.87744229746309e-06,2.53297429482773e-05,"HDX","Ex_L2_3"
"PRRG1",9.84607652007327,-2.97381624016037,0.635619134761745,-4.67861346130662,2.88821334453925e-06,2.54017975799047e-05,"PRRG1","Ex_L2_3"
"ZNF514",8.41083316410326,-2.25213350342597,0.481409065441972,-4.67821166051024,2.89387744705767e-06,2.54288479784387e-05,"ZNF514","Ex_L2_3"
"DZIP1",17.2339383187359,-1.24790825664732,0.266826438940262,-4.67685384403269,2.91309727330409e-06,2.55748593502586e-05,"DZIP1","Ex_L2_3"
"TAF15",43.3748275352875,1.00265948644099,0.214404273319052,4.67649021598064,2.91826516553645e-06,2.55973544519911e-05,"TAF15","Ex_L2_3"
"ENC1",126.121705187856,-0.957916706365262,0.20497918296641,-4.67323897238013,2.96486450996215e-06,2.59828982567958e-05,"ENC1","Ex_L2_3"
"CENPC",25.5809711264298,1.0045826141597,0.214989811322928,4.67269871059495,2.97267680744431e-06,2.60281434548422e-05,"CENPC","Ex_L2_3"
"SCOC",4.56625510116814,-4.68196421792973,1.0023291358559,-4.67108462723847,2.99613460123445e-06,2.62101748197037e-05,"SCOC","Ex_L2_3"
"ACTB",77.1578849194458,-0.761331947303693,0.163017695376548,-4.67024113882314,3.0084637321309e-06,2.62865867160088e-05,"ACTB","Ex_L2_3"
"LRRC4C",149.05095743287,-1.98259645727654,0.424527838766634,-4.6701211940223,3.01022089327258e-06,2.62865867160088e-05,"LRRC4C","Ex_L2_3"
"LINC01090",8.84040386279542,-2.05397621014252,0.440214494738652,-4.66585320268004,3.07339067487819e-06,2.6814378321495e-05,"LINC01090","Ex_L2_3"
"ANKRD24",10.0261448219263,-2.44679708338844,0.524446383444443,-4.66548566379358,3.07888962693889e-06,2.68385196939198e-05,"ANKRD24","Ex_L2_3"
"SGIP1",201.516606992048,1.68160267474219,0.36048216845794,4.6648706146429,3.0881128348135e-06,2.68760739564251e-05,"SGIP1","Ex_L2_3"
"IPMK",7.32535169689409,1.66703586430761,0.357362345824672,4.66483356118747,3.08866932988639e-06,2.68760739564251e-05,"IPMK","Ex_L2_3"
"GRB14",6.19014223671144,-5.23165685074844,1.12157567421051,-4.66455984294691,3.09278320563281e-06,2.68880550549882e-05,"GRB14","Ex_L2_3"
"ZNF518A",21.7777004934512,-1.09188909362353,0.234159562654671,-4.66301303796761,3.11613002578131e-06,2.70670746005974e-05,"ZNF518A","Ex_L2_3"
"TBR1",7.71592413858154,-2.47477162704229,0.530755994003937,-4.66272949340245,3.12042802270636e-06,2.70804636882219e-05,"TBR1","Ex_L2_3"
"LONRF2",96.5580042985829,1.40780489055361,0.301961183942835,4.6622048310028,3.12839590822358e-06,2.71017296317359e-05,"LONRF2","Ex_L2_3"
"OAT",6.72767276216728,-2.19471049618323,0.470734988130936,-4.66230586533918,3.1268600153438e-06,2.71017296317359e-05,"OAT","Ex_L2_3"
"SRSF5",62.0556614442158,0.76360310946111,0.163792208759987,4.66202339685189,3.13115583108918e-06,2.71017399864494e-05,"SRSF5","Ex_L2_3"
"CNTN1",178.542362140566,-0.698381865481125,0.149814111475998,-4.66165609234359,3.13675031092327e-06,2.71262632522097e-05,"CNTN1","Ex_L2_3"
"ETF1",6.48669198136482,1.77899206713181,0.381858907949266,4.65876801640087,3.18107441886198e-06,2.74853782681619e-05,"ETF1","Ex_L2_3"
"LINC01885",7.45713903156417,-5.56480982269512,1.19489093450677,-4.65716967297285,3.20586223542313e-06,2.76511308227166e-05,"LINC01885","Ex_L2_3"
"TMTC2",39.9082099165405,2.38609404799385,0.512348710578895,4.65716805512761,3.20588741928686e-06,2.76511308227166e-05,"TMTC2","Ex_L2_3"
"TTPAL",5.15102964936707,1.88075763142849,0.403977105780858,4.65560449964888,3.23031510405813e-06,2.7837382089708e-05,"TTPAL","Ex_L2_3"
"NUDT3",59.4475372619713,0.735391353944144,0.157969793528214,4.65526565249831,3.23563245520095e-06,2.78587670814147e-05,"NUDT3","Ex_L2_3"
"SLC10A7",6.78211841438187,-2.15826847400595,0.463713463859637,-4.65431487807574,3.25059732337088e-06,2.79631069218875e-05,"SLC10A7","Ex_L2_3"
"BRD1",11.6324569175898,1.4180969577405,0.304863232273365,4.6515840797388,3.29394920867485e-06,2.83112484917075e-05,"BRD1","Ex_L2_3"
"ENSG00000291124",3.9490538261438,2.27953246222136,0.490373763499263,4.64856122390159,3.34258410232814e-06,2.86540542943034e-05,"CCT6P1","Ex_L2_3"
"AKAP9",61.6849156853558,0.655861971230445,0.141083646048142,4.64874554635938,3.33959891793035e-06,2.86540542943034e-05,"AKAP9","Ex_L2_3"
"PRRG3",5.765277113358,-3.60735308137275,0.776003536727343,-4.64862969128481,3.34147494391582e-06,2.86540542943034e-05,"PRRG3","Ex_L2_3"
"ERICH1",9.38683081760134,-1.93290121825564,0.415857111154929,-4.64799366514988,3.35179204894112e-06,2.8707938176807e-05,"ERICH1","Ex_L2_3"
"LYRM4",18.2228622752785,1.166350640323,0.251093945588368,4.64507671656512,3.3995010427605e-06,2.90912005610446e-05,"LYRM4","Ex_L2_3"
"KCNH3",34.1196895206493,-0.972955507929658,0.209470743752599,-4.64482767616843,3.4036043309317e-06,2.91009651410557e-05,"KCNH3","Ex_L2_3"
"TTC6",17.8875628530387,-1.20287683577821,0.259020158288158,-4.64395066286699,3.41809219540087e-06,2.91994241109723e-05,"TTC6","Ex_L2_3"
"DPH6-DT",4.68616128124777,-4.41762733860586,0.951348013343207,-4.64354502941729,3.42481306100648e-06,2.92314192105366e-05,"DPH6-DT","Ex_L2_3"
"RTN4",165.33538110108,0.865243773616868,0.186408565249937,4.64165245012613,3.45633870616428e-06,2.94748884109009e-05,"RTN4","Ex_L2_3"
"PTCHD1",19.6804662469309,1.23092668796902,0.2652171021403,4.64120404768568,3.46384864361791e-06,2.95133122939309e-05,"PTCHD1","Ex_L2_3"
"MAN1A2",96.5255958797965,1.5251810978046,0.328653079082206,4.64070229332344,3.47227068007107e-06,2.95594342816448e-05,"MAN1A2","Ex_L2_3"
"RPS26",19.0554307603951,1.11109878861477,0.239435456259208,4.64049396014228,3.47577335557867e-06,2.95636341516926e-05,"RPS26","Ex_L2_3"
"FAM106A",6.61978581587007,-2.26182427376342,0.487489894653286,-4.63973571261837,3.48855028878305e-06,2.96228703513413e-05,"FAM106A","Ex_L2_3"
"SNAP25-AS1",53.8390676771012,2.41627477704435,0.520779987542345,4.63972279051503,3.48876842391102e-06,2.96228703513413e-05,"SNAP25-AS1","Ex_L2_3"
"NSUN5P1",7.8625477653547,-2.0029526803782,0.43185636601914,-4.63800661048823,3.51785537841753e-06,2.98440511550724e-05,"NSUN5P1","Ex_L2_3"
"RNF146",16.45823482941,-1.30822180340029,0.282390235955779,-4.63267364387609,3.60973342394951e-06,3.05970846910094e-05,"RNF146","Ex_L2_3"
"SETD7",9.51364263290141,1.47821641481754,0.31935505476549,4.62875533911004,3.67870076228166e-06,3.1154789904013e-05,"SETD7","Ex_L2_3"
"SLC30A3",9.87580038976535,-1.68431281431115,0.3639621790272,-4.62771384327072,3.69724391137129e-06,3.12848614860564e-05,"SLC30A3","Ex_L2_3"
"C6orf62",17.6736707405236,-1.2135588267688,0.262312029327972,-4.62639410734563,3.72086968221353e-06,3.14576796541013e-05,"C6orf62","Ex_L2_3"
"NUP98",18.43999618052,1.20523100610957,0.260602679444824,4.62478363107064,3.74989635545589e-06,3.16758226964735e-05,"NUP98","Ex_L2_3"
"TYRO3",29.8927258744379,-1.0035402838548,0.217113626982615,-4.62218930152717,3.79711267029233e-06,3.20471089973813e-05,"TYRO3","Ex_L2_3"
"VPS26A",12.2758557021797,1.31702054604612,0.285343788967177,4.61555708225917,3.92042262842736e-06,3.30594265250389e-05,"VPS26A","Ex_L2_3"
"ZNF280D",27.2053318530623,-1.08383728774206,0.234882962017096,-4.61437167870512,3.94286286326518e-06,3.32201413110781e-05,"ZNF280D","Ex_L2_3"
"BRAP",9.21700514176111,1.45962675991667,0.316348761042698,4.61397969477004,3.95031034742895e-06,3.32543691972082e-05,"BRAP","Ex_L2_3"
"PEAK1",59.2114127564928,0.887304973019404,0.192365900463668,4.6125897099262,3.97682813691186e-06,3.34489380282724e-05,"PEAK1","Ex_L2_3"
"KIF5C",68.4021807668975,1.02081585813023,0.221409765967509,4.61052769587421,4.01648123817293e-06,3.37535600374773e-05,"KIF5C","Ex_L2_3"
"YPEL4",6.03056173396161,-2.41421055615817,0.524180588967607,-4.60568477156517,4.11110760754184e-06,3.45192488346077e-05,"YPEL4","Ex_L2_3"
"MEMO1",8.61269137718626,-1.85306060756217,0.402386904842383,-4.60517125498411,4.12126562077172e-06,3.45532028975877e-05,"MEMO1","Ex_L2_3"
"LINC01821",3.34890756590344,-4.86600400331238,1.05664975875111,-4.60512479467527,4.12218585056726e-06,3.45532028975877e-05,"LINC01821","Ex_L2_3"
"C3orf70",7.16361234473609,1.59799336310668,0.34710325997117,4.603798198955,4.14854469579172e-06,3.47445039142863e-05,"C3orf70","Ex_L2_3"
"ENSG00000287923",3.4363984711011,-4.89374407995888,1.06344000737359,-4.6018055048024,4.18844235556552e-06,3.50487714659929e-05,"ENSG00000287923","Ex_L2_3"
"DBX2-AS1",3.35197668751376,-4.86546473678609,1.05827216088266,-4.59755525717316,4.27477275772501e-06,3.57407383590557e-05,"DBX2-AS1","Ex_L2_3"
"TOMM20",21.1336481592777,-1.13282702360038,0.24647081998404,-4.59619123948927,4.30283804429849e-06,3.59447967237996e-05,"TOMM20","Ex_L2_3"
"KIAA1522",7.00056053004101,1.77517992294684,0.386257361159259,4.59584748784868,4.30993869516656e-06,3.59735239943214e-05,"KIAA1522","Ex_L2_3"
"CPLANE1",57.2791730504714,0.91831553208064,0.199888109334139,4.59414787172536,4.34521185053241e-06,3.62064132482022e-05,"CPLANE1","Ex_L2_3"
"CERS1",7.29328450624781,-2.09741769653506,0.456533707531611,-4.5942230813041,4.34364514906268e-06,3.62064132482022e-05,"CERS1","Ex_L2_3"
"HNRNPLL",26.0796087390081,-1.48241569524145,0.322816779487687,-4.59212714281475,4.38750921749669e-06,3.65278733497351e-05,"HNRNPLL","Ex_L2_3"
"ENSG00000286648",3.57565346038196,-4.49129955156192,0.978186297265389,-4.59145621250039,4.40163998024078e-06,3.66144887094712e-05,"ENSG00000286648","Ex_L2_3"
"ZBBX",11.783656360855,-1.67808577733227,0.365530705257264,-4.59082028731681,4.41507372719318e-06,3.66951643789727e-05,"ZBBX","Ex_L2_3"
"ST6GAL1",4.82300148604009,-3.22801930530505,0.703798676800708,-4.58656631748558,4.50595317154995e-06,3.74188368193632e-05,"ST6GAL1","Ex_L2_3"
"ENSG00000283380",17.568097756135,1.51260646350897,0.329873424454397,4.58541474206596,4.53086136186108e-06,3.75939037321986e-05,"LOC124905258","Ex_L2_3"
"PCBP1",7.26705194378487,-2.03033583511038,0.442938695518407,-4.58378519567841,4.56633339791121e-06,3.78562525747508e-05,"PCBP1","Ex_L2_3"
"CWC27",18.8322395855027,-1.18503811227779,0.258571075504783,-4.58302658162503,4.58293755001028e-06,3.79618705660211e-05,"CWC27","Ex_L2_3"
"GSPT1",21.3936050690932,1.32436186583748,0.288987283935085,4.58276865266835,4.58859612947331e-06,3.79767214624649e-05,"GSPT1","Ex_L2_3"
"GPR63",6.07529648820336,-2.85289889481091,0.62270294944092,-4.58147644454282,4.61704616904716e-06,3.81800181521206e-05,"GPR63","Ex_L2_3"
"AGPS",11.111034344483,-1.65356754603625,0.360946194088927,-4.58120233186018,4.62310288642404e-06,3.81979501734481e-05,"AGPS","Ex_L2_3"
"NSF",37.5104156081836,-0.928285134357468,0.20270038617809,-4.57959233260607,4.65883090512032e-06,3.84608023629429e-05,"NSF","Ex_L2_3"
"ARHGEF10",11.40080779407,2.04407351976105,0.44637776843737,4.57924579648471,4.66655551717016e-06,3.84922261970442e-05,"ARHGEF10","Ex_L2_3"
"CEP57L1",10.4769528702754,-2.18430163356247,0.477134003749347,-4.57796261930212,4.69526568974265e-06,3.86965521275435e-05,"CEP57L1","Ex_L2_3"
"RNPC3",44.399740444017,-0.852569884168221,0.186244040378431,-4.57770290225597,4.70109722523803e-06,3.87121367483138e-05,"RNPC3","Ex_L2_3"
"AKIRIN2",5.95822453309284,-2.40446451321521,0.525306337625339,-4.57726157290364,4.71102249194041e-06,3.87613776891312e-05,"AKIRIN2","Ex_L2_3"
"RGMB",13.7787510100421,1.44243902124813,0.31518708113523,4.57645350200521,4.72924762921769e-06,3.88547597091566e-05,"RGMB","Ex_L2_3"
"CFAP54",6.98499014180459,-2.09320943378297,0.457391378177401,-4.57640771919209,4.7302822284356e-06,3.88547597091566e-05,"CFAP54","Ex_L2_3"
"WBP4",13.6587541385352,1.16600789149549,0.254817139665162,4.57586131383337,4.74264663285703e-06,3.89237765423454e-05,"WBP4","Ex_L2_3"
"KCTD4",6.50756524872748,-5.33728013529939,1.16647213105351,-4.57557449784846,4.74914926903368e-06,3.89446096986535e-05,"KCTD4","Ex_L2_3"
"ENSG00000290823",14.7070279341695,-1.63809787984004,0.358281627768422,-4.57209567245474,4.82870360530527e-06,3.95639568127765e-05,"WASH3P","Ex_L2_3"
"FAM133B",34.4162014515175,0.905614839937783,0.19811622792846,4.57112902565862,4.85103465643835e-06,3.96807364403417e-05,"FAM133B","Ex_L2_3"
"TPI1",13.6318304739501,-1.61249225577624,0.352748131522581,-4.57122834022159,4.84873578373134e-06,3.96807364403417e-05,"TPI1","Ex_L2_3"
"LRRC3B",4.97767865426453,-2.81440339758235,0.615827936874332,-4.57011322329254,4.87460784851475e-06,3.9840388938277e-05,"LRRC3B","Ex_L2_3"
"TMEM132D",143.194146789551,-0.783736835354074,0.171509277961602,-4.56964687082141,4.88546695470612e-06,3.98959495952061e-05,"TMEM132D","Ex_L2_3"
"TLCD4",4.45245447875673,-3.24916599483614,0.711335157942073,-4.56770055375321,4.9310379525118e-06,4.0201258792926e-05,"TLCD4","Ex_L2_3"
"FAM13B",41.7165882793382,0.872311393414065,0.190968067568214,4.5678390346725,4.9277821589459e-06,4.0201258792926e-05,"FAM13B","Ex_L2_3"
"PNMA5",7.44496099058486,-1.9748755242059,0.432387876081108,-4.56737025585668,4.93881183054756e-06,4.02312499364007e-05,"PNMA5","Ex_L2_3"
"EIF2AK3",19.6627744465259,1.18292317773294,0.259088167372231,4.56571672002851,4.97790616958059e-06,4.04910404480772e-05,"EIF2AK3","Ex_L2_3"
"MOB1B",33.4195070823141,1.37078832082809,0.300237963313719,4.56567286061606,4.97894715607465e-06,4.04910404480772e-05,"MOB1B","Ex_L2_3"
"MFSD4B",17.9003205167291,-1.27257913288943,0.278824258141547,-4.5640904466906,5.01664490947796e-06,4.07638706292072e-05,"MFSD4B","Ex_L2_3"
"ENSG00000273338",3.68921085887929,2.23748411367003,0.490370015969389,4.5628485445768,5.04642195248133e-06,4.09719415381625e-05,"ENSG00000273338","Ex_L2_3"
"IDS",83.9501901932914,-0.851524480673998,0.186874217290652,-4.55667182460807,5.19705271748278e-06,4.21600709302649e-05,"IDS","Ex_L2_3"
"FAM98A",6.76359855591748,-2.14570996941953,0.471131961655719,-4.55437147986899,5.25424356040022e-06,4.25880133319468e-05,"FAM98A","Ex_L2_3"
"GP6-AS1",7.71680201923132,1.90719079300132,0.418776044043036,4.55420222844774,5.25847518033911e-06,4.25880133319468e-05,"GP6-AS1","Ex_L2_3"
"CKMT1B",17.0781056403437,-1.23181662400969,0.270498418397912,-4.5538773620393,5.26660662686067e-06,4.26187343511361e-05,"CKMT1B","Ex_L2_3"
"BCL9",8.18355428138058,1.57254264856556,0.345336791308414,4.55364933057814,5.27232147239635e-06,4.26298651397709e-05,"BCL9","Ex_L2_3"
"CDC123",13.567866979827,1.22933500357531,0.270010605813708,4.55291376377818,5.29079648789404e-06,4.27440663627229e-05,"CDC123","Ex_L2_3"
"AKAP10",12.6036126372352,-1.6396351465191,0.360151550439293,-4.55262553921859,5.29805262887299e-06,4.27675176877964e-05,"AKAP10","Ex_L2_3"
"SENP5",25.5801457584504,1.19623267771868,0.262772097080561,4.55235807381763,5.30479467444833e-06,4.27867839751891e-05,"SENP5","Ex_L2_3"
"BEX1",27.7077292502209,-1.03589351128507,0.227674637132762,-4.54988541688557,5.36751357899717e-06,4.32571397867663e-05,"BEX1","Ex_L2_3"
"ZNF235",5.1273441059092,-2.67229234052215,0.587366840100905,-4.549613900681,5.37444368307122e-06,4.32774874938456e-05,"ZNF235","Ex_L2_3"
"CSNK1A1",54.0124970439731,0.672018171538166,0.147738378908544,4.54870411130051,5.39772739127757e-06,4.34293807468558e-05,"CSNK1A1","Ex_L2_3"
"SHC3",65.6971574956615,1.00225773413017,0.220353554776036,4.54840737717551,5.40534239789411e-06,4.3455060324805e-05,"SHC3","Ex_L2_3"
"DGCR5",53.8307062456719,-0.910639554073605,0.20024756617047,-4.54756864959039,5.42692209625764e-06,4.35928721779518e-05,"DGCR5","Ex_L2_3"
"SNX9",35.1643779806114,1.17820707749803,0.259173266946265,4.54602085847962,5.4669620871158e-06,4.38781916021054e-05,"SNX9","Ex_L2_3"
"PCSK2",81.5975932404539,-1.05594331579996,0.232287271951715,-4.54585094967862,5.4713746653684e-06,4.38781916021054e-05,"PCSK2","Ex_L2_3"
"ENSG00000285280",5.14161380403534,2.0932578134952,0.460584447070123,4.54478614467088,5.49910568080119e-06,4.4064611915327e-05,"RGS2-AS1","Ex_L2_3"
"COX5A",7.22299677428808,1.63837108721533,0.360549365175642,4.54409644132142,5.51713956709466e-06,4.41730881068769e-05,"COX5A","Ex_L2_3"
"HYCC2",60.3646460191445,0.978273691673236,0.215482301511939,4.5399259466283,5.62739890941501e-06,4.49825605257063e-05,"HYCC2","Ex_L2_3"
"SERPINI1",39.451589732485,-0.859959955243324,0.189415372040028,-4.54007478897538,5.62342778236098e-06,4.49825605257063e-05,"SERPINI1","Ex_L2_3"
"WDR37",26.7734316958774,1.09476127756904,0.241269218129607,4.5375091197127,5.69225695972457e-06,4.54640100588082e-05,"WDR37","Ex_L2_3"
"STEAP2",37.4745828448015,1.04622870404374,0.230631774642314,4.53635976944776,5.72335143009352e-06,4.56752270099421e-05,"STEAP2","Ex_L2_3"
"FAIM2",22.3757332601046,-1.1647872489332,0.256851212466183,-4.53487152250277,5.76385601793874e-06,4.59611375975894e-05,"FAIM2","Ex_L2_3"
"APOL2",4.9401944129911,-3.87954474706121,0.855647497269802,-4.53404557301933,5.78645355532809e-06,4.61039089436684e-05,"APOL2","Ex_L2_3"
"RABEP1",45.7759057555626,0.948377115385663,0.20921003896053,4.53313387874559,5.8114954800689e-06,4.62659089110185e-05,"RABEP1","Ex_L2_3"
"MAP2K6",4.64861943818597,-2.96528082459482,0.654439397477983,-4.53102431794623,5.86983805648414e-06,4.66925417545751e-05,"MAP2K6","Ex_L2_3"
"ENSG00000226149",8.19936739939554,-2.25632332247237,0.497998821060465,-4.53078044977624,5.8766185748968e-06,4.67086576697299e-05,"ENSG00000226149","Ex_L2_3"
"OTOGL",7.61108793839635,-1.92032971383037,0.423868104494091,-4.53048883242202,5.88473655511879e-06,4.67353693754947e-05,"OTOGL","Ex_L2_3"
"PTK2B",63.5858968241113,-0.837050584413244,0.184805443848507,-4.5293610782343,5.9162318573736e-06,4.69475458536658e-05,"PTK2B","Ex_L2_3"
"APOE",6.64804676620704,-2.36320115510734,0.522139475068097,-4.52599596075193,6.01117278593504e-06,4.76624386190684e-05,"APOE","Ex_L2_3"
"ARID4B",87.1757166229682,0.985804651015075,0.217901685509797,4.52407997078459,6.06587872790175e-06,4.805741340557e-05,"ARID4B","Ex_L2_3"
"PRDX6-AS1",9.95791076500138,-1.6125565422041,0.356453315663802,-4.52389267077268,6.07125206695289e-06,4.80612250650646e-05,"PRDX6-AS1","Ex_L2_3"
"INPP5F",12.0135084118877,-1.46140620440421,0.323119328223225,-4.52280651993249,6.10250191420067e-06,4.82697091828562e-05,"INPP5F","Ex_L2_3"
"GLMN",29.5468624410037,1.00051018120839,0.221353206356479,4.51997148664345,6.1847960734674e-06,4.888128449376e-05,"GLMN","Ex_L2_3"
"CDKL2",7.38967300742994,-2.38947782672594,0.52874500572955,-4.51914968620648,6.20884879409568e-06,4.90319377437266e-05,"CDKL2","Ex_L2_3"
"PPP1R13B",32.1042401963715,1.00461744144938,0.222516459653095,4.51480058156412,6.33763739552921e-06,5.00087949989389e-05,"PPP1R13B","Ex_L2_3"
"SEZ6L",36.6664591566722,-0.912910572868556,0.202490212235825,-4.50841827260943,6.53127186044865e-06,5.14953569478712e-05,"SEZ6L","Ex_L2_3"
"STX4",6.49680934381445,1.9285450335526,0.427837139826868,4.50766157031861,6.55460144600938e-06,5.16378545353618e-05,"STX4","Ex_L2_3"
"ENSG00000287880",5.96482696947082,-5.18157351955035,1.14975884111508,-4.50666116602771,6.58556690696313e-06,5.18402318060944e-05,"ENSG00000287880","Ex_L2_3"
"GVQW3",4.60472437957646,-2.99569624685922,0.664871815631276,-4.50567489315951,6.61623192760584e-06,5.20399219029622e-05,"GVQW3","Ex_L2_3"
"EPHA3",20.0532058458171,-1.91562940926597,0.425208471958237,-4.50515343789792,6.63250007789508e-06,5.2126144612193e-05,"EPHA3","Ex_L2_3"
"ZFYVE28",36.7445801984247,-0.914300627235033,0.203101677891463,-4.50168918704666,6.74155193173782e-06,5.29408522601058e-05,"ZFYVE28","Ex_L2_3"
"GUF1",4.33752936413843,-3.1897829978682,0.708855908056856,-4.49990324071949,6.7984400735365e-06,5.33449483086442e-05,"GUF1","Ex_L2_3"
"SLF1",51.2129846527841,1.03439898046835,0.22998931165824,4.49759587960961,6.87261707622719e-06,5.38640364875566e-05,"SLF1","Ex_L2_3"
"DLC1",5.96533735871715,-2.52591857600918,0.561626651397981,-4.49750482766755,6.87556003210464e-06,5.38640364875566e-05,"DLC1","Ex_L2_3"
"CCNL1",25.0266077490639,1.75943287873002,0.391266716760225,4.49676091362565,6.89964981572812e-06,5.40096890754685e-05,"CCNL1","Ex_L2_3"
"PLXNA1",9.05048321011476,-1.91952787028205,0.426905217145882,-4.49637950811481,6.9120319587302e-06,5.40635365943993e-05,"PLXNA1","Ex_L2_3"
"NFKB1",14.0447192213075,1.15073646178583,0.255942083267232,4.49608148490504,6.92172192579666e-06,5.40962579148976e-05,"NFKB1","Ex_L2_3"
"SHISA7",11.9354978494258,-1.45441963599865,0.323524457245906,-4.49554771957525,6.93910932865914e-06,5.41544520240082e-05,"SHISA7","Ex_L2_3"
"NEXMIF",26.4365346591562,1.05778966089108,0.23529890992207,4.4955144978845,6.94019290494975e-06,5.41544520240082e-05,"NEXMIF","Ex_L2_3"
"TAGAP-AS1",13.6987884462474,-1.3698562073973,0.304751788773681,-4.49498988310976,6.95732549069629e-06,5.42450520798416e-05,"TAGAP-AS1","Ex_L2_3"
"ARFGEF3",128.680920795095,1.30598758925756,0.290670662247326,4.49301480638015,7.02219002685761e-06,5.47073709943292e-05,"ARFGEF3","Ex_L2_3"
"BRAF",91.2449831431546,1.11539010198211,0.248273592764703,4.49258452967731,7.03639750055013e-06,5.47373589432006e-05,"BRAF","Ex_L2_3"
"ZNF331",13.328427164183,1.30664533042562,0.2908464453819,4.49256076934313,7.03718285273436e-06,5.47373589432006e-05,"ZNF331","Ex_L2_3"
"TMEM38A",4.49047699237539,-2.97479794290357,0.663325031076906,-4.48467614447474,7.30247605052242e-06,5.67559531015287e-05,"TMEM38A","Ex_L2_3"
"RNF13",22.5740254713675,-1.23103879643815,0.274623146304342,-4.4826476318711,7.37226064904028e-06,5.72530344791872e-05,"RNF13","Ex_L2_3"
"THEMIS",5.43245002334614,-3.94430512597943,0.880293925702823,-4.48066834362206,7.4409662326368e-06,5.77409575587867e-05,"THEMIS","Ex_L2_3"
"USP9X",27.4178417716516,0.92858722612228,0.207253500768707,4.48044169424464,7.44887270380078e-06,5.7756689378168e-05,"USP9X","Ex_L2_3"
"PCNP",9.89818323031212,-1.65350469255504,0.369071442495192,-4.48017511562571,7.4581823537079e-06,5.77832676993899e-05,"PCNP","Ex_L2_3"
"SIRT3",4.45340377288625,-3.1543420372045,0.704215352303799,-4.47922929667077,7.49130276939452e-06,5.79941358601511e-05,"SIRT3","Ex_L2_3"
"NBEA",179.864804498424,-1.16019396386371,0.259048121529547,-4.47868124660913,7.51055853712719e-06,5.80974228887697e-05,"NBEA","Ex_L2_3"
"SPAG16",20.3309462970504,-1.16336703310954,0.26006620893715,-4.47334945152635,7.70037792298037e-06,5.95188927736893e-05,"SPAG16","Ex_L2_3"
"ZGLP1",4.67806828236239,-2.79429247691978,0.624779943217585,-4.47244266922097,7.733113661404e-06,5.97249281522272e-05,"ZGLP1","Ex_L2_3"
"ENSG00000291166",3.66908232234768,-4.33863135300038,0.970510315805156,-4.47046392227265,7.8050109681725e-06,6.02328576208379e-05,"ENSG00000291166","Ex_L2_3"
"WBP2",10.4855039559574,-1.63371184559694,0.365465944436723,-4.47021636479675,7.81405076099489e-06,6.02552862449088e-05,"WBP2","Ex_L2_3"
"PIR",6.05740718824468,-2.50374976564296,0.560143549292637,-4.46983593545753,7.82796200736509e-06,6.03152147140036e-05,"PIR","Ex_L2_3"
"WTAP",15.2727008530123,1.14016071137191,0.255142967844906,4.46871305528196,7.86916083969506e-06,6.05851380009125e-05,"WTAP","Ex_L2_3"
"PRRT1",5.22926084199444,-2.74292892509577,0.613918933882691,-4.46790084767103,7.89909010957458e-06,6.07679414537671e-05,"PRRT1","Ex_L2_3"
"RBM12B",6.40006022594034,-2.1111318813778,0.472580659524095,-4.46724138796492,7.92347074765872e-06,6.09078064358366e-05,"RBM12B","Ex_L2_3"
"PAPOLA",16.150497401315,-1.23207999260229,0.275818426260738,-4.46699667352018,7.93253628170415e-06,6.0929817381909e-05,"PAPOLA","Ex_L2_3"
"NTRK2",336.634703178576,2.49567414267914,0.558713023596237,4.46682650534146,7.93884606674723e-06,6.0930643562285e-05,"NTRK2","Ex_L2_3"
"FSTL5",5.19503727140224,-3.89122541408921,0.871544365460993,-4.4647473706413,8.01632824308436e-06,6.14772901327562e-05,"FSTL5","Ex_L2_3"
"ABCA9",8.25974291915159,-2.65408158205169,0.594491780951245,-4.46445462678205,8.02729568415867e-06,6.15133797201051e-05,"ABCA9","Ex_L2_3"
"FARP1",30.9562114198657,-1.09118184885923,0.244437079755798,-4.46406023975317,8.04209379560598e-06,6.15787446983891e-05,"FARP1","Ex_L2_3"
"OCIAD2",8.07767926746476,1.48847957739732,0.333461811980755,4.46371825474043,8.05494679662528e-06,6.16291256464539e-05,"OCIAD2","Ex_L2_3"
"ARHGAP22",8.70557638595634,-2.10543666179582,0.471997862758242,-4.4606910918879,8.16957764846714e-06,6.2457533710927e-05,"ARHGAP22","Ex_L2_3"
"FBXO16",15.8012112656634,-1.24348522255939,0.279068454839651,-4.45584300552308,8.35641700946334e-06,6.3836268041188e-05,"FBXO16","Ex_L2_3"
"ENSG00000288612",5.98429660849279,-3.60737727667721,0.80973965857959,-4.45498406611962,8.38994256482444e-06,6.40012708515361e-05,"ENSG00000288612","Ex_L2_3"
"PKD1",58.8911206358879,-0.878558532945561,0.197209257001645,-4.45495584894491,8.39104609698479e-06,6.40012708515361e-05,"PKD1","Ex_L2_3"
"PTGR3",7.25884735531833,-1.97820535575086,0.444064509442516,-4.45477022749313,8.39830893746601e-06,6.40069720726657e-05,"PTGR3","Ex_L2_3"
"ADD3",26.9393236107022,-1.22591054110398,0.275258034972155,-4.45367758738812,8.44118277173415e-06,6.42838601159041e-05,"ADD3","Ex_L2_3"
"DTWD1",19.1348407490498,-1.10926952011213,0.249137675912149,-4.45243585118485,8.49016090343576e-06,6.4606770499886e-05,"DTWD1","Ex_L2_3"
"ENSG00000289085",8.77676859830188,1.4430606351822,0.324120949027667,4.4522288346719,8.49835268068613e-06,6.46190532005113e-05,"ENSG00000289085","Ex_L2_3"
"ADCY1",25.1892413714699,-1.4909270014706,0.33498036861277,-4.4507891839897,8.55552987410984e-06,6.50034999870496e-05,"ADCY1","Ex_L2_3"
"BMPR2",46.9112487775409,-0.784916619957419,0.176448165321675,-4.44842607757623,8.65018088670087e-06,6.56718524195899e-05,"BMPR2","Ex_L2_3"
"DRAP1",13.8134434340092,1.15705466160526,0.260252892165525,4.44588589190144,8.75304031230098e-06,6.64014424926987e-05,"DRAP1","Ex_L2_3"
"NDEL1",10.7569265004504,1.30832848761268,0.29439083131903,4.44418897745781,8.82240334994416e-06,6.68759957637743e-05,"NDEL1","Ex_L2_3"
"SMU1",7.59476279554814,1.58756080970273,0.357238238952126,4.44398341666745,8.8308414291709e-06,6.68883471088473e-05,"SMU1","Ex_L2_3"
"LTBP3",14.5248505024763,-1.36086386415282,0.30625805008927,-4.44352030503736,8.8498799991458e-06,6.698090994731e-05,"LTBP3","Ex_L2_3"
"LINC02714",4.71061099616648,1.87979872875901,0.423246980401814,4.44137540443739,8.93856976795505e-06,6.76000842189302e-05,"LINC02714","Ex_L2_3"
"CYTOR",27.076000882629,1.82596266834588,0.411189419155103,4.44068495755024,8.96729939278635e-06,6.77651917190255e-05,"CYTOR","Ex_L2_3"
"ZZZ3",21.2593254591625,-1.0358544175806,0.233329651240607,-4.43944613156959,9.01906849678106e-06,6.80801262106346e-05,"ZZZ3","Ex_L2_3"
"NOS1AP",28.5332878374177,-1.00871738383498,0.227221542919388,-4.43935628142813,9.02283431659673e-06,6.80801262106346e-05,"NOS1AP","Ex_L2_3"
"KLC1",39.2593718214132,-0.77895632831199,0.17548865506734,-4.43878453574725,9.04683267465056e-06,6.82088136575343e-05,"KLC1","Ex_L2_3"
"CCNYL1",14.4890553539963,1.2246669243739,0.275928045732975,4.43835609794826,9.06485581321491e-06,6.82922879670424e-05,"CCNYL1","Ex_L2_3"
"ENGASE",2.75273254467884,-4.32667841921038,0.975215549522862,-4.4366380553789,9.13747411299109e-06,6.8786625046762e-05,"ENGASE","Ex_L2_3"
"IVNS1ABP",9.11859839052805,1.3899072217614,0.313343466257269,4.43573066438291,9.17605172753146e-06,6.88794714585532e-05,"IVNS1ABP","Ex_L2_3"
"EPB41L4B",37.1457923296216,-0.873987278449903,0.19704013930505,-4.43557988505495,9.18247715043185e-06,6.88794714585532e-05,"EPB41L4B","Ex_L2_3"
"PUS1",8.56218417229717,-1.71940321458081,0.38764377251483,-4.43552389201617,9.18486437405382e-06,6.88794714585532e-05,"PUS1","Ex_L2_3"
"ZFHX2",9.40091953468206,-1.6210123064179,0.365435915842804,-4.4358319369878,9.17173843302086e-06,6.88794714585532e-05,"ZFHX2","Ex_L2_3"
"CFAP161",5.11881214830501,1.87560050506181,0.422809103137334,4.43604570276385,9.16264030876745e-06,6.88794714585532e-05,"CFAP161","Ex_L2_3"
"EXT1",174.633231378085,2.12016069034682,0.478028570821414,4.43521751577247,9.19793701096368e-06,6.8924891835017e-05,"EXT1","Ex_L2_3"
"SNX4",20.0784696280834,1.17480115918676,0.264908180471125,4.43474851209742,9.2179831693725e-06,6.9022459341399e-05,"SNX4","Ex_L2_3"
"TAOK3",24.7042455645191,-0.974523144742277,0.219858370322025,-4.43250417673387,9.31448975641621e-06,6.96919629604211e-05,"TAOK3","Ex_L2_3"
"SIRT1",5.10304319535506,1.9109252413066,0.431171099717711,4.43194184990062,9.3388206525062e-06,6.98208326409596e-05,"SIRT1","Ex_L2_3"
"COX7A2L",29.9215333849018,-0.953694778145078,0.215213262317743,-4.43139408730784,9.36257975299632e-06,6.99452345957687e-05,"COX7A2L","Ex_L2_3"
"ZNF439",6.56768661145529,-2.522794084472,0.569613255531675,-4.42895957910466,9.46887655333436e-06,7.0685595182338e-05,"ZNF439","Ex_L2_3"
"PAK5",29.5970856510016,-0.939441126414928,0.21216549436948,-4.42786952330204,9.51684393820395e-06,7.09897303332692e-05,"PAK5","Ex_L2_3"
"FBH1",4.722780838984,-2.85135225781307,0.644212582048999,-4.42610457675941,9.59500212830486e-06,7.14769886114604e-05,"FBH1","Ex_L2_3"
"DPY19L2",10.9811973825949,-2.07668833267954,0.469195066219958,-4.42606600578786,9.59671701735711e-06,7.14769886114604e-05,"DPY19L2","Ex_L2_3"
"IGFBP7-AS1",18.5605118849739,-1.96218768723415,0.443470456608512,-4.42461872711926,9.66127593830294e-06,7.18488832837911e-05,"IGFBP7-AS1","Ex_L2_3"
"CASD1",20.3674550587603,-1.29698488465328,0.293122575634004,-4.42471850504176,9.65681185139124e-06,7.18488832837911e-05,"CASD1","Ex_L2_3"
"PTPDC1",8.20612510772319,-1.79290021305937,0.405249232038891,-4.42419151305711,9.68041189162311e-06,7.19367370826818e-05,"PTPDC1","Ex_L2_3"
"TRPC5",6.25064364469011,-2.22982183755409,0.504139061618667,-4.42302929353396,9.73265391984368e-06,7.22702888197614e-05,"TRPC5","Ex_L2_3"
"SEMA4B",9.20529566156391,-1.76163084544744,0.398307469615382,-4.42279138563112,9.74338108871383e-06,7.22952989543238e-05,"SEMA4B","Ex_L2_3"
"HDAC5",9.21315797931604,1.40832716032802,0.318476933928612,4.42206957645384,9.77599632193487e-06,7.24825568805194e-05,"HDAC5","Ex_L2_3"
"CPLX1",11.383340313658,1.47838115297113,0.334372397499498,4.4213612248701,9.80810483917719e-06,7.26657782353519e-05,"CPLX1","Ex_L2_3"
"SNX29",22.5158608932624,1.03019191660509,0.233178068971305,4.4180480657976,9.95962750801101e-06,7.3732766118086e-05,"SNX29","Ex_L2_3"
"ATP6V0D1-DT",3.12611365188011,-4.31201163189262,0.976312516810446,-4.41663049243668,1.00251389039297e-05,7.41618709278652e-05,"ATP6V0D1-DT","Ex_L2_3"
"CHD9",62.4814259371625,-1.05990360037183,0.240036613065589,-4.41559138347872,1.00734212362979e-05,7.44629723291128e-05,"CHD9","Ex_L2_3"
"DRAIC",5.13120220435658,-3.43394883074844,0.777778163803551,-4.41507487682024,1.00975033401727e-05,7.45848667773361e-05,"DRAIC","Ex_L2_3"
"ZFAND5",17.9585437168714,-1.13901222098572,0.25805787737221,-4.41378590176831,1.01578418189981e-05,7.49741833432283e-05,"ZFAND5","Ex_L2_3"
"NME5",13.0219483911458,-1.35459656479078,0.306935884390456,-4.41328835655978,1.01812244982546e-05,7.50438321068354e-05,"NME5","Ex_L2_3"
"DLG5",10.175536316444,1.33182653353929,0.301778393975965,4.41326006143888,1.01825558019556e-05,7.50438321068354e-05,"DLG5","Ex_L2_3"
"CTXN1",6.46998737782587,-2.12119097938693,0.481106621532413,-4.40898313274207,1.03857112742059e-05,7.64836788289348e-05,"CTXN1","Ex_L2_3"
"IQGAP1",23.2261577685129,1.02922896200155,0.233547048885217,4.406944840084,1.04838872626023e-05,7.71488452942358e-05,"IQGAP1","Ex_L2_3"
"DBF4",6.99919862214728,1.77464304198421,0.402707352808006,4.4067808288325,1.04918254023435e-05,7.71494706232202e-05,"DBF4","Ex_L2_3"
"INF2",7.72348674499647,-2.58535238174851,0.586794487148778,-4.40589071364777,1.0535007152039e-05,7.74090577873082e-05,"INF2","Ex_L2_3"
"USP11",35.8119824650276,1.08787581493554,0.247005114085079,4.40426433665189,1.06143455379949e-05,7.79337298694034e-05,"USP11","Ex_L2_3"
"CDH4",13.8016448455906,-2.15571669512629,0.489519004557814,-4.40374464536584,1.06398173214806e-05,7.80624087873233e-05,"CDH4","Ex_L2_3"
"GDA",19.5244676464152,-1.2003475814304,0.272630963188171,-4.40282925825234,1.06848254734865e-05,7.83341234712923e-05,"GDA","Ex_L2_3"
"CLNS1A",19.4092736419568,0.971040204763665,0.220558020208888,4.40265198175067,1.06935628688933e-05,7.83397178404231e-05,"CLNS1A","Ex_L2_3"
"GRIA3",129.273100636578,-0.764381270116918,0.173652332872667,-4.40179096630629,1.07360967084026e-05,7.85927079458625e-05,"GRIA3","Ex_L2_3"
"ATP8B1",4.39177667102703,-3.37388739199343,0.766833497741348,-4.39976527098904,1.08368033074174e-05,7.92708530841911e-05,"ATP8B1","Ex_L2_3"
"RPS17",20.5593198972839,1.15799253755234,0.263387854315347,4.39652975101089,1.09995290287974e-05,8.0401319329543e-05,"RPS17","Ex_L2_3"
"RPL36AL",15.1706736825159,1.06964454902451,0.243305523169687,4.39630196260905,1.10110727873856e-05,8.04258580396104e-05,"RPL36AL","Ex_L2_3"
"MED6",12.5429408315918,1.57513588630513,0.35832053072474,4.39588511191157,1.10322277175476e-05,8.05205089875096e-05,"MED6","Ex_L2_3"
"PDGFD",31.4540227796993,1.93296494335883,0.439777095951746,4.3953288180586,1.10605197587199e-05,8.06670720932921e-05,"PDGFD","Ex_L2_3"
"CLEC2L",7.38679719184734,1.51481104952944,0.344727728282543,4.39422455825163,1.1116885656087e-05,8.1018015345251e-05,"CLEC2L","Ex_L2_3"
"CRLF1",7.10901059893117,-1.89580679980421,0.431523337701166,-4.39328915535288,1.11648468526756e-05,8.13072316387586e-05,"CRLF1","Ex_L2_3"
"UBXN7",7.9267682330855,1.5079546250378,0.343278892612971,4.39279739444376,1.11901402185885e-05,8.14310648203062e-05,"UBXN7","Ex_L2_3"
"DPP7",36.1919078459932,-0.918954366888538,0.209283006689913,-4.390965045003,1.12848682947072e-05,8.20596196352357e-05,"DPP7","Ex_L2_3"
"TLE5",13.1242201145794,-1.42908298847806,0.3255348365007,-4.38995409474398,1.13374591949343e-05,8.23810644460316e-05,"TLE5","Ex_L2_3"
"MEG9",5.32573156379597,1.85377153425046,0.422416967508994,4.38848738766864,1.14141752713948e-05,8.28772046313245e-05,"MEG9","Ex_L2_3"
"CAMK2A",126.009268718911,-0.846218281411511,0.192843233544662,-4.3881149774204,1.14337329203723e-05,8.29578967575609e-05,"CAMK2A","Ex_L2_3"
"RAB7A",33.5417356506434,0.846131365401241,0.192863618762639,4.3872005038057,1.14818936019458e-05,8.31879795616272e-05,"RAB7A","Ex_L2_3"
"SH3PXD2A",20.2239505142595,-1.09208103033993,0.248924872099662,-4.38719128839279,1.14823799150617e-05,8.31879795616272e-05,"SH3PXD2A","Ex_L2_3"
"LINC02798",6.14595749597431,-4.51231805979111,1.02859857220509,-4.38686012378733,1.1499869092998e-05,8.32532895870394e-05,"LINC02798","Ex_L2_3"
"DRAM2",5.98000828003955,-2.15354957751825,0.491035466180568,-4.38573122684856,1.15596786996127e-05,8.36246565132512e-05,"DRAM2","Ex_L2_3"
"TLK1",43.9049598944308,-0.945874891045934,0.215780330358911,-4.38350840168168,1.16783142846478e-05,8.44207207743783e-05,"TLK1","Ex_L2_3"
"PHF21A",54.3611455879031,0.811332433123052,0.185165691081338,4.38165638777357,1.17780457502552e-05,8.5016547722636e-05,"PHF21A","Ex_L2_3"
"MECP2",20.3486538638892,0.984287874246603,0.224632133902579,4.38177680613354,1.17715365553247e-05,8.5016547722636e-05,"MECP2","Ex_L2_3"
"ADAMTSL1",4.72087840201077,-2.88471830139435,0.658579719070607,-4.38021126047623,1.185643036091e-05,8.55195094460937e-05,"ADAMTSL1","Ex_L2_3"
"NAA25",30.1631031369729,0.856841568358681,0.195631675105425,4.37987134699395,1.18749396778563e-05,8.55901741711374e-05,"NAA25","Ex_L2_3"
"GLO1",7.25842264060846,-2.27201847784845,0.518780848239917,-4.37953422058042,1.18933244689095e-05,8.56598384036414e-05,"GLO1","Ex_L2_3"
"ETV3",4.71746436731308,1.91809905524843,0.438058282371985,4.37863894471385,1.19422792376948e-05,8.59494148213287e-05,"ETV3","Ex_L2_3"
"ZNFX1",8.60142295293519,1.77677873879093,0.405915250994421,4.37721601846232,1.20204825272493e-05,8.64489167991929e-05,"ZNFX1","Ex_L2_3"
"PPP2R1A",13.1715867883346,-1.54542926687859,0.353154618981766,-4.37606981138871,1.20838326529654e-05,8.68409451227007e-05,"PPP2R1A","Ex_L2_3"
"CDHR3",8.44800256335561,-3.48518535624047,0.796552331939142,-4.37533758485908,1.21244689969266e-05,8.70056854826928e-05,"CDHR3","Ex_L2_3"
"SLC26A4-AS1",4.74238358365285,-3.09235290920701,0.706746072854485,-4.37547943735616,1.21165864435278e-05,8.70056854826928e-05,"SLC26A4-AS1","Ex_L2_3"
"ULK2",13.7165746572511,-1.2761033316651,0.291675428087134,-4.37507999914165,1.21387952042174e-05,8.70449080921398e-05,"ULK2","Ex_L2_3"
"PCBP4",10.5197071054676,-1.82897206783866,0.418211390249084,-4.37331959502426,1.22371373822073e-05,8.76860960195514e-05,"PCBP4","Ex_L2_3"
"CENPJ",5.61375162964764,-3.4867004943521,0.797659942021198,-4.37116158236193,1.23587288222194e-05,8.84928221206144e-05,"CENPJ","Ex_L2_3"
"THBS3",6.0083331253687,-2.32384090219228,0.532034285320945,-4.36784050635091,1.25481071335708e-05,8.9718052751237e-05,"THBS3","Ex_L2_3"
"INIP",5.29280598000481,-2.53777532728008,0.58101122002111,-4.36785941446686,1.25470211364904e-05,8.9718052751237e-05,"INIP","Ex_L2_3"
"MAT2A",27.697722938805,0.917786064718504,0.210195352339842,4.36634804005864,1.26341112076641e-05,9.02672789120672e-05,"MAT2A","Ex_L2_3"
"LSM14A",28.9193063858237,1.00103876720586,0.229282546111533,4.36596149241518,1.26564777332313e-05,9.03613642814417e-05,"LSM14A","Ex_L2_3"
"HTR4",37.5343585767243,1.76960031238137,0.40533840910396,4.36573557461096,1.26695673393725e-05,9.03891282076945e-05,"HTR4","Ex_L2_3"
"FBXW11",34.2551644092975,0.984627639134806,0.225568046831997,4.36510247334879,1.27063178816581e-05,9.05855347383228e-05,"FBXW11","Ex_L2_3"
"BABAM1",6.57116736197011,-1.96771945335598,0.450806739641016,-4.36488472848232,1.27189811232531e-05,9.06100584154017e-05,"BABAM1","Ex_L2_3"
"CCDC47",8.64514837793367,1.37904920701515,0.316032681693645,4.363628469134,1.27922760281471e-05,9.10661736960272e-05,"CCDC47","Ex_L2_3"
"TFB1M",6.24599033567237,-2.09589018486922,0.480561593645587,-4.3613351807197,1.29271156514133e-05,9.19594382038264e-05,"TFB1M","Ex_L2_3"
"SOX8",2.58861737347986,-4.24142468852914,0.972778321637524,-4.36011431812065,1.29994513534502e-05,9.2407098477782e-05,"SOX8","Ex_L2_3"
"ENSG00000290999",8.12522281799511,1.70905876683849,0.39201705579097,4.35965410584021,1.30268188698315e-05,9.24678241164916e-05,"ENSG00000290999","Ex_L2_3"
"LMO7",36.3225697351279,-1.12580441592659,0.258223640578971,-4.3598038250967,1.30179094641753e-05,9.24678241164916e-05,"LMO7","Ex_L2_3"
"ACTR3B",26.9868371000161,0.987012201553724,0.226421527785162,4.35918002677839,1.30550684789452e-05,9.25844741296291e-05,"ACTR3B","Ex_L2_3"
"ZMYM3",12.1184422794065,-1.47722705437396,0.338886439438425,-4.35906215905807,1.30621010936142e-05,9.25844741296291e-05,"ZMYM3","Ex_L2_3"
"CORO1C",18.0638769250312,1.67232366898419,0.383684942166115,4.35858561334982,1.30905712075898e-05,9.27193738596701e-05,"CORO1C","Ex_L2_3"
"CZIB",4.04271366752785,-3.15377242314437,0.723636200839428,-4.35822920341181,1.31119027754029e-05,9.28035539377217e-05,"CZIB","Ex_L2_3"
"FBXO40",3.07498035674097,-4.27466524787345,0.980915826664563,-4.35783084712653,1.31357841294418e-05,9.29056467153612e-05,"FBXO40","Ex_L2_3"
"PSMD1",32.8358084298144,0.973284665166033,0.223370857672667,4.35725893389507,1.31701427421705e-05,9.30816419417865e-05,"PSMD1","Ex_L2_3"
"ZNF37A",20.2327445168144,0.938834097957216,0.215532793671248,4.35587588304182,1.32535864851742e-05,9.36040500577655e-05,"ZNF37A","Ex_L2_3"
"SRPK2",85.7237340561292,0.777481677540601,0.178516594467946,4.35523476043122,1.32924382643804e-05,9.3811001084248e-05,"SRPK2","Ex_L2_3"
"LINC02224",3.88895434124862,-3.36999880046529,0.773891737257195,-4.35461271677244,1.3330237697766e-05,9.40102334119549e-05,"LINC02224","Ex_L2_3"
"KIAA1549",18.8268148390402,1.11274534017422,0.255550401968427,4.35430870623988,1.33487486449888e-05,9.40732472656885e-05,"KIAA1549","Ex_L2_3"
"RAB11A",77.3695050413826,0.742561102956181,0.170588077375432,4.35294842629562,1.34318757035217e-05,9.45912164239405e-05,"RAB11A","Ex_L2_3"
"FGF17",7.71589154536559,-1.88688653639003,0.433592969944391,-4.35174614715738,1.35057581944888e-05,9.50433871795543e-05,"FGF17","Ex_L2_3"
"NUAK1",19.686824284012,-1.23487884671359,0.283982498115654,-4.34843293128111,1.37113735434344e-05,9.64212839589831e-05,"NUAK1","Ex_L2_3"
"LIG4",3.00992831304291,-4.26926527090748,0.982294186500372,-4.34621860699149,1.38504535683794e-05,9.73296536879535e-05,"LIG4","Ex_L2_3"
"MGA",15.6217442568164,-1.19784731953753,0.275645063565869,-4.34561498777317,1.38885992043128e-05,9.75279475219221e-05,"MGA","Ex_L2_3"
"NUP133",22.6312451474087,0.893825907681465,0.205724467783807,4.34477200165016,1.39420393202638e-05,9.78332816301939e-05,"NUP133","Ex_L2_3"
"DLST",9.18226899765056,1.42110823264227,0.327121709589338,4.34427979245493,1.39733329730742e-05,9.7982885886853e-05,"DLST","Ex_L2_3"
"ANKRD33B",36.1688128117605,0.967529050200828,0.22273978196953,4.34376401757089,1.400619676058e-05,9.81432788701415e-05,"ANKRD33B","Ex_L2_3"
"PRIM2",7.05917597867954,-1.87487063438131,0.431819399273362,-4.34179343849818,1.41324369048305e-05,9.89572773720992e-05,"PRIM2","Ex_L2_3"
"LPCAT4",21.0377492239021,-1.05340844869928,0.242821551379532,-4.33819997736856,1.43654416759171e-05,0.000100517164547157,"LPCAT4","Ex_L2_3"
"EEF1G",10.360571900167,-1.62036723893426,0.373596428295382,-4.33721287520749,1.44300853123955e-05,0.000100897621429874,"EEF1G","Ex_L2_3"
"ENSG00000280878",16.5888933598847,2.76962223317851,0.638643577904465,4.33672603781012,1.44620695194009e-05,0.000101049339230864,"ENSG00000280878","Ex_L2_3"
"TENM1",13.5272333881745,-2.28750331997073,0.527574314416005,-4.33588834305338,1.45172626336712e-05,0.00010136289133844,"TENM1","Ex_L2_3"
"COPS8-DT",2.39166531634508,-4.24012224702883,0.978611619092647,-4.33279368883869,1.47229066211485e-05,0.00010271389832446,"COPS8-DT","Ex_L2_3"
"RARB",3.40671432866955,-4.21723606640554,0.973358940041739,-4.33266279572538,1.47316655882699e-05,0.00010271389832446,"RARB","Ex_L2_3"
"EEIG2",7.20693985536862,-2.01404402933639,0.464878645258593,-4.33240814539042,1.47487202493116e-05,0.000102759877822154,"EEIG2","Ex_L2_3"
"NECTIN3",47.6331814252341,0.945968077139539,0.218450484044527,4.33035468553469,1.48869360100426e-05,0.000103649368789978,"NECTIN3","Ex_L2_3"
"DENND6B",14.0491565648939,-1.3750482357361,0.317605816920339,-4.32941766957936,1.49504149204078e-05,0.000104017617689863,"DENND6B","Ex_L2_3"
"PTPN13",28.5011299208499,-0.941293878059237,0.217564498940025,-4.32650493368736,1.51493928212841e-05,0.00010532741335902,"PTPN13","Ex_L2_3"
"BRINP3",40.4493410509195,-0.968912140713237,0.224031508785125,-4.32489227058926,1.52606421444356e-05,0.000106025847543801,"BRINP3","Ex_L2_3"
"SYT14",39.5915743726213,-0.801395964779689,0.185364714517806,-4.32334690485392,1.53679794716404e-05,0.000106696134508407,"SYT14","Ex_L2_3"
"COPA",32.2509675494707,0.969135105368648,0.224258880566238,4.32150157408103,1.54970946166847e-05,0.000107503393472893,"COPA","Ex_L2_3"
"LRRFIP2",53.1980933392617,0.640451034387266,0.148205455732215,4.32137286190372,1.55061388997444e-05,0.000107503393472893,"LRRFIP2","Ex_L2_3"
"SLC12A5",22.3217004464111,-1.09871509939572,0.254318004841092,-4.32024110948116,1.55858812561306e-05,0.000107980040522022,"SLC12A5","Ex_L2_3"
"TMEM108",128.183313318542,-0.699628360359902,0.16195102259453,-4.31999964650752,1.56029450699805e-05,0.000108022080597244,"TMEM108","Ex_L2_3"
"ENSG00000272335",6.22533481780722,-2.03637348539832,0.471467494782691,-4.31922350518975,1.56579144828345e-05,0.000108287862901167,"ENSG00000272335","Ex_L2_3"
"LINGO2",421.775928171702,-1.67057606228665,0.386783841608706,-4.31914646521534,1.56633808207001e-05,0.000108287862901167,"LINGO2","Ex_L2_3"
"PAK1",120.499545438158,1.23446175791046,0.285843478683529,4.31866335938766,1.56977008803214e-05,0.000108448813958001,"PAK1","Ex_L2_3"
"TMEM260",12.341853127384,-1.69893526639124,0.393534617584206,-4.31711770827305,1.58079868686249e-05,0.000109133986646079,"TMEM260","Ex_L2_3"
"ENSG00000238260",2.80098477799356,-4.21572137532311,0.976782196091531,-4.31592773925629,1.58933968783401e-05,0.000109646580711245,"ENSG00000238260","Ex_L2_3"
"NSMF",22.1743708052115,-1.11399906188599,0.258200074249985,-4.31448002144041,1.59978999929752e-05,0.000110290083881395,"NSMF","Ex_L2_3"
"RALGDS",15.0287867869516,-1.22857832062976,0.284977773913889,-4.31113733452418,1.62416987216644e-05,0.000111892319945043,"RALGDS","Ex_L2_3"
"SPEN",17.0285394139244,1.22701678742625,0.284803081080597,4.30829885256407,1.64514997232993e-05,0.000113258257380303,"SPEN","Ex_L2_3"
"MICAL1",5.06544908899466,-2.41352846494438,0.560349560777605,-4.30718364728455,1.65346326848233e-05,0.00011375086239195,"MICAL1","Ex_L2_3"
"DPYSL4",4.73617729289927,-2.63328670587142,0.611683035318038,-4.30498567694013,1.66996539823808e-05,0.000114791042682074,"DPYSL4","Ex_L2_3"
"SGSM3-AS1",5.59926127978212,1.80454471683572,0.419187865052051,4.30485915094811,1.67092010418735e-05,0.000114791042682074,"SGSM3-AS1","Ex_L2_3"
"RB1CC1",40.2090193364807,1.09307645211431,0.254022407617595,4.3030709863983,1.68446850465245e-05,0.00011564094052904,"RB1CC1","Ex_L2_3"
"CCDC171",25.3085985059578,-1.20686701295369,0.280491099028684,-4.30269273118815,1.68734781821481e-05,0.00011575771624401,"CCDC171","Ex_L2_3"
"EIF4E3",11.7999349657875,-1.36227102597882,0.316711072410935,-4.30130533678108,1.69794899627791e-05,0.000116241469961214,"EIF4E3","Ex_L2_3"
"SGCD",102.105870967518,-1.25731298753425,0.292303216203237,-4.3013997720095,1.69722540159446e-05,0.000116241469961214,"SGCD","Ex_L2_3"
"ENSG00000290453",9.32210061395369,1.3247280170223,0.307972268621118,4.301452279952,1.69682319509789e-05,0.000116241469961214,"ENSG00000290453","Ex_L2_3"
"MRPL41",38.7570244811752,-0.907102036343194,0.210904076218937,-4.30101709082921,1.70015945291128e-05,0.000116290118628151,"MRPL41","Ex_L2_3"
"LINC02306",12.9549809166922,-1.69163967715344,0.393321882559318,-4.3009040487299,1.70102708131772e-05,0.000116290118628151,"LINC02306","Ex_L2_3"
"AKAP11",19.959231098706,-1.06335648387514,0.247299614410357,-4.29987117614609,1.70897421974855e-05,0.000116752174790054,"AKAP11","Ex_L2_3"
"NPIPA5",5.26271658821744,-2.82732277165656,0.657948800525089,-4.29717748463127,1.72986684525239e-05,0.000118097372395827,"NPIPA5","Ex_L2_3"
"LINC01473",32.7267407457215,-1.0066458195644,0.234277918034732,-4.29680196925416,1.73279864945004e-05,0.000118215374529147,"LINC01473","Ex_L2_3"
"CDH6",2.45636653062941,-4.37882293512316,1.01913475117684,-4.29660840243817,1.73431175453743e-05,0.0001182364932448,"CDH6","Ex_L2_3"
"SUN1",31.2738182101421,0.934000114839098,0.217486774583032,4.29451453602074,1.75076010916931e-05,0.000119275085384739,"SUN1","Ex_L2_3"
"WDR43",14.6846006934336,1.13908547588486,0.265300934704147,4.2935599799342,1.75830784713017e-05,0.000119706280597414,"WDR43","Ex_L2_3"
"LINC01106",15.3810211920047,-1.281718265486,0.298559080264788,-4.29301384620178,1.762640095529e-05,0.000119817388175019,"LINC01106","Ex_L2_3"
"RINT1",8.64966219318491,1.40564702068379,0.327435826217436,4.2928931660348,1.7635987713872e-05,0.000119817388175019,"RINT1","Ex_L2_3"
"VLDLR-AS1",16.4764009062695,-1.20313449982956,0.280247197838454,-4.29311875055069,1.76180714523324e-05,0.000119817388175019,"VLDLR-AS1","Ex_L2_3"
"ZNNT1",2.77712396698086,-4.19479193283655,0.977539145740277,-4.29117539805518,1.77729859389292e-05,0.000120664695137554,"ZNNT1","Ex_L2_3"
"ITGB3BP",5.90497411762243,-2.82427083181192,0.658666603306979,-4.28786098707912,1.80401930169378e-05,0.000122394237706075,"ITGB3BP","Ex_L2_3"
"TUBGCP6",8.69996248281713,-1.77685183726318,0.414576870159295,-4.28594059427496,1.81967613318362e-05,0.000123371279036548,"TUBGCP6","Ex_L2_3"
"VPS13A",63.9517675484923,-1.16021016458201,0.270764087256368,-4.28494848167764,1.82781538863297e-05,0.000123837643985726,"VPS13A","Ex_L2_3"
"SDR39U1",13.0063351153228,1.21674690336011,0.28402555634251,4.28393458331202,1.83616920013542e-05,0.000124148874539478,"SDR39U1","Ex_L2_3"
"CATSPER2P1",5.3458414093702,1.84803290897339,0.43138719705499,4.28393082036186,1.83620027184306e-05,0.000124148874539478,"CATSPER2P1","Ex_L2_3"
"TMPRSS9",4.02849816695924,2.89866340553321,0.676612859261968,4.28407968582655,1.83497143099926e-05,0.000124148874539478,"TMPRSS9","Ex_L2_3"
"AK9",8.45607632432804,-2.6824706066388,0.626232983696543,-4.28350258845302,1.83973957357215e-05,0.000124302624283169,"AK9","Ex_L2_3"
"BBS5",11.0420026197323,1.53761018619925,0.358999623505749,4.283041222116,1.84356000083246e-05,0.000124475143973732,"BBS5","Ex_L2_3"
"ANKRD46",8.55679040596445,-1.77873618387903,0.415348359619485,-4.28251645319749,1.84791463131058e-05,0.000124683470727988,"ANKRD46","Ex_L2_3"
"LONRF3",4.40285161543587,1.85941390500894,0.434203263771343,4.28235819523488,1.84922980732763e-05,0.000124686572595653,"LONRF3","Ex_L2_3"
"KPNB1",29.7135845417763,1.00306201145222,0.234257922022335,4.28187018305654,1.85329096633263e-05,0.000124874694466747,"KPNB1","Ex_L2_3"
"AIG1",18.8713168788976,-1.44358183911158,0.337189333001234,-4.28122036442446,1.85871184256637e-05,0.000125154113374723,"AIG1","Ex_L2_3"
"EEF2",13.3747579982243,-1.33903618211685,0.312802000099781,-4.28077883673925,1.86240374137957e-05,0.000125316810652828,"EEF2","Ex_L2_3"
"OPRM1",5.23188345614679,-2.50720328789926,0.585925587723771,-4.27904727226431,1.87694999852121e-05,0.000126209149797894,"OPRM1","Ex_L2_3"
"DUSP14",5.37542449216907,1.68611010154906,0.394126485942519,4.27809386501107,1.88500536557396e-05,0.000126664108833096,"DUSP14","Ex_L2_3"
"ZNF589",10.1248844418254,1.31414122885982,0.30721323260134,4.27761922145175,1.88902791068469e-05,0.000126847643161767,"ZNF589","Ex_L2_3"
"CIP2A",5.6759186984229,1.73265779380194,0.405075422636192,4.27737082276178,1.89113631649521e-05,0.00012688434836228,"CIP2A","Ex_L2_3"
"COL21A1",5.17374511488823,-2.48714075751537,0.581481189080726,-4.2772505873274,1.89215767865167e-05,0.00012688434836228,"COL21A1","Ex_L2_3"
"MELTF-AS1",3.59609750380022,-3.73964586553166,0.874433164314677,-4.27665145621798,1.89725494571067e-05,0.000127139376443804,"MELTF-AS1","Ex_L2_3"
"RORB",5.20476202944926,-3.27409143378252,0.765730927601716,-4.27577274962243,1.90475443904913e-05,0.000127554925761545,"RORB","Ex_L2_3"
"CADM2",790.86319705224,-0.847320467639956,0.19819269637939,-4.27523558193069,1.90935289887144e-05,0.000127775768927201,"CADM2","Ex_L2_3"
"ENSG00000240291",18.0368234795432,1.51023398152238,0.353431241471693,4.27306305813188,1.92805902061101e-05,0.000128939767314381,"ENSG00000240291","Ex_L2_3"
"FAM131B",5.94142676246942,-2.14962968150562,0.503136050068622,-4.27246205318111,1.93326460690681e-05,0.000129199942164983,"FAM131B","Ex_L2_3"
"ASH1L",75.2406290247675,0.670292686980855,0.156918238061567,4.2716047239701,1.94071350946161e-05,0.000129609582032297,"ASH1L","Ex_L2_3"
"SATB1-AS1",8.47644972496862,-2.09881143331263,0.491401144168545,-4.27107559316704,1.94532449365626e-05,0.000129741125768358,"SATB1-AS1","Ex_L2_3"
"SUGT1",5.92914257365673,-2.1413525951943,0.501348975179509,-4.27118175404185,1.94439854417462e-05,0.000129741125768358,"SUGT1","Ex_L2_3"
"PBX2",3.64986121935154,-3.83661306631726,0.89855727515527,-4.26974793081977,1.95694006821463e-05,0.000130427267504345,"PBX2","Ex_L2_3"
"HDDC2",6.08318830999172,-2.97395927558232,0.696556508178648,-4.26951617085397,1.95897447069227e-05,0.000130474340339531,"HDDC2","Ex_L2_3"
"MRPS25",22.6925485349346,0.888387540931133,0.208093987868979,4.26916486165129,1.96206212430891e-05,0.000130591451959422,"MRPS25","Ex_L2_3"
"CPSF3",2.31976954040193,-4.18836698826369,0.981152493356398,-4.26882367075868,1.96506528415827e-05,0.000130614352852306,"CPSF3","Ex_L2_3"
"BUD23",7.76867553071177,1.40982072744391,0.33025309633392,4.26890994541483,1.96430548199453e-05,0.000130614352852306,"BUD23","Ex_L2_3"
"UBE2D2",27.2435000515251,0.855963358081172,0.200531729071378,4.2684684465893,1.96819661589793e-05,0.000130645699693116,"UBE2D2","Ex_L2_3"
"CCND2-AS1",4.39188913202091,-3.2982670699335,0.772691655238358,-4.26854237078056,1.96754457647158e-05,0.000130645699693116,"CCND2-AS1","Ex_L2_3"
"LINC01138",6.78682036065439,-1.90573499848784,0.446816132277623,-4.26514367055963,1.99773608718179e-05,0.000132427525779176,"LINC01138","Ex_L2_3"
"HSPA1A",4.80855314040196,-2.51773365252076,0.590300477202292,-4.26517299198785,1.99747374100822e-05,0.000132427525779176,"HSPA1A","Ex_L2_3"
"LHPP",8.19278342551798,-1.79327641644044,0.420596950869634,-4.26364578424219,2.01118178938244e-05,0.000133228927167182,"LHPP","Ex_L2_3"
"ELF2",25.0076124498617,1.03212837920078,0.242199857911297,4.26147392530173,2.03083051897556e-05,0.000134439885568841,"ELF2","Ex_L2_3"
"SYT4",8.46180825955703,-1.90706387029476,0.447611290602078,-4.26053567087101,2.03937529135459e-05,0.000134914632069141,"SYT4","Ex_L2_3"
"TDP2",5.82846799639468,-3.19399136682832,0.749973020371421,-4.25880835719465,2.05519570048506e-05,0.000135869734600035,"TDP2","Ex_L2_3"
"CDK11B",8.97583353773869,1.55282905968536,0.364667706500498,4.25820282960327,2.0607693178512e-05,0.000136111581134724,"CDK11B","Ex_L2_3"
"DENND1A",56.4498164968634,-0.679557191226063,0.159591271518202,-4.25811001291857,2.06162492598197e-05,0.000136111581134724,"DENND1A","Ex_L2_3"
"HDAC9",73.0606356734921,-0.927471890796393,0.217876839563512,-4.25686315559956,2.073151618737e-05,0.000136780668250317,"HDAC9","Ex_L2_3"
"PUS7L",28.1095015719543,-1.16420390288569,0.273837455837379,-4.25144142288943,2.12399066345272e-05,0.000140040834078923,"PUS7L","Ex_L2_3"
"ZFX",11.29819341476,1.24949367959791,0.293950979658271,4.25068724401086,2.13115585527982e-05,0.000140419014904554,"ZFX","Ex_L2_3"
"AKT2",14.1184843987563,-1.34255491939785,0.315940778897541,-4.24938788871326,2.14355458309042e-05,0.00014114128836649,"AKT2","Ex_L2_3"
"ALDH3A2",8.8586910863912,-1.63029124364773,0.383715219141959,-4.24870102179759,2.15013652834205e-05,0.000141474823183366,"ALDH3A2","Ex_L2_3"
"WIPF2",21.3646153077136,0.944970702237987,0.222421463745599,4.24855895795571,2.15150026298808e-05,0.000141474823183366,"WIPF2","Ex_L2_3"
"RPP38",10.0619511542242,1.51454126102,0.356623944990898,4.24688606105419,2.16762121246668e-05,0.000142439537065369,"RPP38","Ex_L2_3"
"DST-AS1",6.92978092500854,1.76346243919315,0.415422318220841,4.24498723791648,2.18605862606295e-05,0.000143500112046914,"DST-AS1","Ex_L2_3"
"TMEM74B",8.08385366292018,-1.93076045859456,0.454839895378246,-4.2449232756703,2.18668228556831e-05,0.000143500112046914,"TMEM74B","Ex_L2_3"
"RPL7",34.5509724822564,-0.789111236723615,0.186113186613474,-4.23995339117194,2.23566202343976e-05,0.000146616446717438,"RPL7","Ex_L2_3"
"YAF2",35.1439603057538,0.832898249976785,0.196471830932397,4.239275656078,2.24242166590184e-05,0.000146961644068177,"YAF2","Ex_L2_3"
"LINC00507",8.58492111554029,-2.85897209378617,0.674537472891158,-4.23841848479112,2.25099884322593e-05,0.000147425417572343,"LINC00507","Ex_L2_3"
"VWA3A",11.6225320818358,-1.36668238210897,0.322889826186933,-4.23265854563577,2.30944998276303e-05,0.000151152808998428,"VWA3A","Ex_L2_3"
"ENSG00000259345",22.7054384463029,-2.09224714176567,0.494364013623999,-4.23219952121552,2.3141697270996e-05,0.000151360874827073,"LOC105370777","Ex_L2_3"
"HMGXB4",10.5438193829796,1.32515301790498,0.313130264494997,4.23195445525565,2.31669328168344e-05,0.000151425115098191,"HMGXB4","Ex_L2_3"
"TUBGCP5",9.30115010543106,1.30964417424586,0.309528536699877,4.23109348239419,2.32557988404804e-05,0.000151904898809096,"TUBGCP5","Ex_L2_3"
"KATNBL1",17.0332435392929,-1.1388285065507,0.269323508069639,-4.22847791755418,2.35277603536125e-05,0.000153579214427833,"KATNBL1","Ex_L2_3"
"ZNF626",8.0389566853527,-1.80149419343888,0.426149361874822,-4.22737742821742,2.36430893388913e-05,0.000154229554890617,"ZNF626","Ex_L2_3"
"GLIS3",9.78183862133698,-1.46781358319489,0.347532090738417,-4.22353394783243,2.40501124631135e-05,0.00015678056060891,"GLIS3","Ex_L2_3"
"ZFP64",5.89020992657715,-3.13331697578216,0.742538047709533,-4.21973929207714,2.44584994080458e-05,0.000159290425255006,"ZFP64","Ex_L2_3"
"TIMP3",35.234244431429,1.5524831573094,0.367917009193767,4.21965584225483,2.44675541235549e-05,0.000159290425255006,"TIMP3","Ex_L2_3"
"PRELID2",10.4741100769086,-1.87254009540675,0.443789553273401,-4.21943257022355,2.44917959184744e-05,0.00015934265106165,"PRELID2","Ex_L2_3"
"PTDSS2",13.9159755363893,-1.20755287016784,0.286249856520342,-4.21852742512039,2.45903064690896e-05,0.000159877677532982,"PTDSS2","Ex_L2_3"
"RELL2",4.44311191108417,-2.78254635066654,0.65968119832472,-4.21801675981202,2.46460504136983e-05,0.000160134126497468,"RELL2","Ex_L2_3"
"AGBL5",7.11534893919133,1.4980060329935,0.355277888843098,4.21643474034228,2.4819506873971e-05,0.000161154550912023,"AGBL5","Ex_L2_3"
"PDK1",7.82058338392002,1.47039870929295,0.348956839369252,4.21369792307476,2.51223236768679e-05,0.000163013017041975,"PDK1","Ex_L2_3"
"LINC02296",11.5040670316664,-1.39395955796628,0.330888250006755,-4.21278047176901,2.52246197976531e-05,0.000163568755704386,"LINC02296","Ex_L2_3"
"NMRK1",5.1243840597848,-2.61255827478046,0.620448747331086,-4.21075598269576,2.54517545861406e-05,0.000164932742120214,"NMRK1","Ex_L2_3"
"CREG2",24.2366392904646,-0.92728517255495,0.220234204283889,-4.2104503048021,2.5486218282371e-05,0.000165006053105069,"CREG2","Ex_L2_3"
"LETR1",20.2260531805737,-1.03273865446189,0.245285249213471,-4.21035776824519,2.54966600787352e-05,0.000165006053105069,"LETR1","Ex_L2_3"
"LINC02153",7.77042832118368,-1.92831994284245,0.458062536374092,-4.20973074573298,2.55675203779494e-05,0.000165355707829477,"LINC02153","Ex_L2_3"
"CCNI",13.9505442740601,-2.29341501466205,0.545098499715942,-4.20734053727386,2.58393614615562e-05,0.000167003873025216,"CCNI","Ex_L2_3"
"GARS1-DT",27.7385273059701,-0.876675904792833,0.208426538210381,-4.20616257565022,2.59743414250571e-05,0.000167765897540934,"GARS1-DT","Ex_L2_3"
"POLR2I",11.0942923602552,1.28863288412636,0.306461277294649,4.2048799623301,2.61220757309657e-05,0.000168609245716825,"POLR2I","Ex_L2_3"
"TAF11",13.5875583369835,1.19601833516452,0.284612877352403,4.20226360202116,2.64259154289027e-05,0.000170458432812568,"TAF11","Ex_L2_3"
"AHI1",191.079784346187,0.688312566925901,0.163863139814792,4.20053324807442,2.66287058223064e-05,0.000171653809710196,"AHI1","Ex_L2_3"
"PPP1R9A",44.8193267009213,-0.76361602570356,0.181810635193513,-4.20006247099237,2.66841345339975e-05,0.000171898319778355,"PPP1R9A","Ex_L2_3"
"CYP7B1",5.81761980406908,-2.10476882792575,0.501216738099781,-4.19931871370731,2.67719272491201e-05,0.000172350860612946,"CYP7B1","Ex_L2_3"
"RNF181",5.69217224560133,1.68260012020019,0.400706772511525,4.19908081326924,2.68000668226833e-05,0.00017241902846499,"RNF181","Ex_L2_3"
"PRNP",41.1243963661082,-0.771266708279909,0.183734495058676,-4.19772404759161,2.69610874836663e-05,0.000173341442041582,"PRNP","Ex_L2_3"
"RFPL1S",9.22699293608754,-1.62949253389427,0.388261244256801,-4.19689721288922,2.70596667476619e-05,0.000173861455937888,"RFPL1S","Ex_L2_3"
"ZNF875",9.72221779926387,-1.55093380507473,0.369656050034797,-4.19561320565085,2.72134320298645e-05,0.000174735134811365,"ZNF875","Ex_L2_3"
"DCP1A",15.3718414696202,1.19244588252817,0.28444724413528,4.19215129383029,2.7632161188955e-05,0.000177279717648006,"DCP1A","Ex_L2_3"
"NEDD4L",164.624046844241,2.03408857157566,0.485226513068017,4.19203921631242,2.76458191609065e-05,0.000177279717648006,"NEDD4L","Ex_L2_3"
"PTPRO",232.43197557294,2.07380150001833,0.494722065042928,4.19185164065479,2.76686918363103e-05,0.000177310651402422,"PTPRO","Ex_L2_3"
"RTN4RL2",8.44425693679886,1.44422708014917,0.344591153759544,4.19113219939753,2.77565863076019e-05,0.000177757955597054,"RTN4RL2","Ex_L2_3"
"ZNF507",7.90406217556668,-1.76270777988928,0.420733352911979,-4.18960790174878,2.79436883171735e-05,0.000178839605229911,"ZNF507","Ex_L2_3"
"QRICH2",3.47428095774532,-4.33886498497398,1.03575170804836,-4.18909759091743,2.80065945910636e-05,0.000179125511238678,"QRICH2","Ex_L2_3"
"WDR55",4.07593723800733,1.88017780913609,0.448895600341764,4.18845229871852,2.80863328637599e-05,0.000179518629833167,"WDR55","Ex_L2_3"
"DMD",291.048158861065,-0.564440276403403,0.134769802254556,-4.18818063810227,2.81199662802204e-05,0.000179616741701486,"DMD","Ex_L2_3"
"LARP1",19.9691655166965,-1.05061016075799,0.250911473874576,-4.18717464185462,2.82448491474914e-05,0.000180297204694578,"LARP1","Ex_L2_3"
"SEMA3A",5.00317323205429,-3.21502295306024,0.769563144659111,-4.17772469403324,2.94439738800437e-05,0.000187829609998408,"SEMA3A","Ex_L2_3"
"REV1",19.3764342640212,0.978651197094636,0.234321190650211,4.17653731776885,2.95980203799724e-05,0.000188657126468939,"REV1","Ex_L2_3"
"ZNF667-AS1",9.9256760251027,1.26740867783221,0.303467066243506,4.17642907192844,2.96121018948599e-05,0.000188657126468939,"ZNF667-AS1","Ex_L2_3"
"ABCC5",24.9564300164305,-0.931623571518967,0.223177847032847,-4.1743550442166,2.98831415672538e-05,0.000190260520257097,"ABCC5","Ex_L2_3"
"IL3RA",10.3885340065213,1.46017822650213,0.349893731788442,4.17320487291553,3.00344637807987e-05,0.000191100111517206,"IL3RA","Ex_L2_3"
"LINC01776",6.40235232298834,-4.09051755032645,0.980404321462424,-4.1722761321827,3.01571846577124e-05,0.000191756752153635,"LINC01776","Ex_L2_3"
"PITPNA",19.1937555893538,1.40991477166927,0.337938284938883,4.17210725894599,3.01795501786336e-05,0.000191774838910024,"PITPNA","Ex_L2_3"
"GK5",14.8631882796325,1.24087356611687,0.29755169296887,4.17027896476021,3.04227002655593e-05,0.000193194962772369,"GK5","Ex_L2_3"
"CCNG2",3.1108784204071,-4.1531625536978,0.996419914772752,-4.1680846519863,3.07169865136982e-05,0.000194932789315605,"CCNG2","Ex_L2_3"
"CYBC1",3.9256743270291,-3.15684514033532,0.75741077892328,-4.16794324583421,3.07360434293437e-05,0.000194932789315605,"CYBC1","Ex_L2_3"
"ENSG00000259403",3.66687637900618,-4.34479094563343,1.04257259381335,-4.16737498320552,3.08127399684967e-05,0.00019529313383904,"LOC105371006","Ex_L2_3"
"SGK3",23.2531870355915,0.964459614469195,0.231461702283025,4.16682157331532,3.08876066568802e-05,0.000195641423466919,"SGK3","Ex_L2_3"
"TM7SF3",16.2661729354284,-1.12388614108736,0.269773973521469,-4.16602879223975,3.09951573247201e-05,0.000196196150488435,"TM7SF3","Ex_L2_3"
"KCNH5",5.71589720374301,-2.23187895374396,0.535843326869575,-4.16517075388941,3.11119619289197e-05,0.000196808701860726,"KCNH5","Ex_L2_3"
"NPRL2",7.11069183710253,1.44527122141986,0.347175181092397,4.16294510705596,3.14168915314418e-05,0.000198609744147287,"NPRL2","Ex_L2_3"
"CD63",13.2550213256138,1.41419611600892,0.33973119999305,4.16269131606944,3.14518425383934e-05,0.000198702830287573,"CD63","Ex_L2_3"
"SECISBP2",24.410818156581,0.821625868272797,0.197397119134183,4.16229918590801,3.15059176752562e-05,0.00019891653935843,"SECISBP2","Ex_L2_3"
"ENSG00000289130",16.3341080253593,1.49807230955805,0.359997552781482,4.16134025907496,3.16385270304591e-05,0.000199625491038683,"ENSG00000289130","Ex_L2_3"
"DOCK9",46.8026770291917,-0.718437540181692,0.172708193506689,-4.15983472233972,3.18477971972274e-05,0.000200816918912428,"DOCK9","Ex_L2_3"
"KLHL1",2.40955531387653,-4.42339232237822,1.06396827503816,-4.15744757259757,3.21823099672268e-05,0.000202796031506117,"KLHL1","Ex_L2_3"
"CSNK2A2",12.3971506209004,1.33817159842438,0.322043474263657,4.15525140350715,3.24930064396265e-05,0.000204512430050457,"CSNK2A2","Ex_L2_3"
"SRCIN1",21.421801431746,-1.0267212478342,0.247091431719818,-4.15522804934176,3.24963256625369e-05,0.000204512430050457,"SRCIN1","Ex_L2_3"
"RNF41",7.54122830193859,1.43418689317938,0.345208997182064,4.15454668008835,3.25933075385412e-05,0.000204991455351235,"RNF41","Ex_L2_3"
"COQ10B",5.37015614651776,1.65918402527641,0.399576052308404,4.15236102286683,3.29062594568366e-05,0.000206827314717826,"COQ10B","Ex_L2_3"
"SGPL1",5.02997713828829,-2.37133932135384,0.571145202047026,-4.15190272605773,3.29722414283624e-05,0.000207109526721376,"SGPL1","Ex_L2_3"
"PLA2G12A",9.05012111213411,-1.93474040102349,0.466030227470734,-4.15153414301862,3.30253982832116e-05,0.000207310870756723,"PLA2G12A","Ex_L2_3"
"SLC35B1",6.3492306587895,2.00533209256895,0.483178865410759,4.15028933615335,3.32055260668049e-05,0.000208308485364171,"SLC35B1","Ex_L2_3"
"SLC35A3",9.57784499902003,1.44730682528273,0.348840644195411,4.1489053794775,3.34068847752877e-05,0.000209437929822863,"SLC35A3","Ex_L2_3"
"ENSG00000291175",7.7489871390666,-1.69592175814496,0.408830880578537,-4.14822323535116,3.35065595166757e-05,0.00020992885248203,"ENSG00000291175","Ex_L2_3"
"ZMIZ1",6.22827580296601,1.53568270056989,0.370354423792899,4.14652182318374,3.37564019129302e-05,0.000211359396043739,"ZMIZ1","Ex_L2_3"
"RASGRP1",5.82016207684229,-2.50383163179909,0.604012396222721,-4.14533153203007,3.39322400853351e-05,0.000212325048788747,"RASGRP1","Ex_L2_3"
"INO80",31.4690698871062,1.1665408035258,0.281442559526131,4.14486282916812,3.40017186141691e-05,0.000212624368978738,"INO80","Ex_L2_3"
"COL26A1",25.2835562536358,-1.20076439613593,0.28974037259066,-4.14427711747422,3.40887319771453e-05,0.000213032889913152,"COL26A1","Ex_L2_3"
"FAR2",22.7270262793136,-1.0253402965098,0.247494222681677,-4.14288578294846,3.42962774100107e-05,0.000214193661332451,"FAR2","Ex_L2_3"
"RNF44",5.28137115213343,-2.13929586439408,0.516558627732327,-4.14143864712029,3.45134197361611e-05,0.000215412856091516,"RNF44","Ex_L2_3"
"RPL19",29.0860903028169,0.952779867925971,0.230074596086379,4.14117805326174,3.45526602466572e-05,0.000215520847151213,"RPL19","Ex_L2_3"
"MACO1",27.887165161747,0.939902010959804,0.227007747179333,4.14039618752435,3.46706488908142e-05,0.000216119577857461,"MACO1","Ex_L2_3"
"LGR4",7.53566845840039,-1.97498075810476,0.477297275552353,-4.13784209394284,3.50587505671502e-05,0.000218400231814638,"LGR4","Ex_L2_3"
"PPM1K",21.2272448745551,-1.0213067793396,0.246892397287709,-4.13664734337467,3.52417093078723e-05,0.000219400856933167,"PPM1K","Ex_L2_3"
"FUT9",88.9840753131958,0.739877909484484,0.179174235283084,4.12937668362599,3.63748036349392e-05,0.000226311634521623,"FUT9","Ex_L2_3"
"LDAH",5.98460780120308,-2.63583754857404,0.638388632310582,-4.12889173642377,3.64515978601699e-05,0.000226645884416651,"LDAH","Ex_L2_3"
"ZBTB47-AS1",9.31806521305453,2.52732636510639,0.612324999271968,4.12742639629492,3.66845794384672e-05,0.000227950226694182,"ZBTB47-AS1","Ex_L2_3"
"NMD3",25.8769164220117,0.981327054274284,0.237829868296794,4.12617246648625,3.68850697549569e-05,0.000229051153775409,"NMD3","Ex_L2_3"
"LINC02955",4.16559659686726,-2.7176182925316,0.658682822906082,-4.1258375017912,3.69388029288989e-05,0.000229239924177828,"LINC02955","Ex_L2_3"
"ZNF608",7.11421822036247,-4.73176246132311,1.14743513435713,-4.12377337911493,3.72715615512835e-05,0.0002311589777019,"ZNF608","Ex_L2_3"
"NFYC",9.88591484334407,-1.41495681751703,0.343136782144839,-4.12359412090008,3.73005938053226e-05,0.000231193081099993,"NFYC","Ex_L2_3"
"USP10",14.8753539034181,1.11587451810415,0.270628655729289,4.12326815538839,3.73534414637368e-05,0.000231374658852301,"USP10","Ex_L2_3"
"ADCY2",36.1348906969872,-0.851628096940903,0.206564866630683,-4.12281193230951,3.74275267066482e-05,0.000231687474710845,"ADCY2","Ex_L2_3"
"SLC7A6OS",6.09715897939324,1.56830804224345,0.380446129674865,4.12228675734919,3.75129816300038e-05,0.000232070233962945,"SLC7A6OS","Ex_L2_3"
"CCDC65",20.1409471713415,1.71159705322589,0.415309042704777,4.12126122291679,3.76803878589455e-05,0.000232959175787464,"CCDC65","Ex_L2_3"
"EIF2S2",9.19215413872266,1.31217744861661,0.318526248683179,4.11952689626455,3.79651108783599e-05,0.000234571854886168,"EIF2S2","Ex_L2_3"
"ENSG00000258312",2.19581226893916,-4.31793837425864,1.04824879629093,-4.1191923039044,3.80202751338964e-05,0.00023476504268724,"ENSG00000258312","Ex_L2_3"
"ENSG00000265751",4.52319765542479,2.37401688128905,0.576412498831868,4.11860757027325,3.81168629127291e-05,0.000235213606315735,"GREB1L-AS1","Ex_L2_3"
"TNPO1",44.7477476445193,0.854306047483261,0.207447085182513,4.11818776210636,3.81863514798055e-05,0.000235494486464287,"TNPO1","Ex_L2_3"
"APPAT",10.9087437186302,-1.45220226620575,0.352674121671846,-4.11768875845387,3.82691052644839e-05,0.000235856769208463,"APPAT","Ex_L2_3"
"PCSK1N",28.6379150281298,0.905159518281707,0.219872773800921,4.11674216245284,3.84265548540653e-05,0.000236678667640337,"PCSK1N","Ex_L2_3"
"MIA2",19.6074250941898,-1.10985029632806,0.269709709545966,-4.11498087405308,3.87211520051516e-05,0.000238343732643239,"MIA2","Ex_L2_3"
"STRN3",37.5797710968894,1.14400805779848,0.278071826849326,4.11407394542837,3.8873681856389e-05,0.000239132780561782,"STRN3","Ex_L2_3"
"PEX11B",10.7701563059592,1.21964598108355,0.296507846913173,4.11336830974562,3.89927519775601e-05,0.000239565225408099,"PEX11B","Ex_L2_3"
"VTI1A",37.8772695415913,-0.757507420051658,0.184151932751038,-4.11349155414927,3.89719305955633e-05,0.000239565225408099,"VTI1A","Ex_L2_3"
"STXBP4",11.2428314211827,-1.30201940837924,0.316656096013234,-4.11177749227613,3.92624602671758e-05,0.00024107150604046,"STXBP4","Ex_L2_3"
"GOLGA7B",8.06318101746998,-2.01743382457708,0.490790067775777,-4.11058405016208,3.94659586680661e-05,0.000242169630203049,"GOLGA7B","Ex_L2_3"
"TMPO",2.98818281382267,-4.09949843491544,0.997831236428867,-4.10840860182641,3.98394807357196e-05,0.000244309025435524,"TMPO","Ex_L2_3"
"GREB1L",49.6629307447342,1.03130220414875,0.251051420991356,4.10793215221138,3.99217332642341e-05,0.000244660703423478,"GREB1L","Ex_L2_3"
"RBM45",2.96369988575158,-3.99043490321996,0.97152693899584,-4.10738471888842,4.00164391246891e-05,0.000245088215686375,"RBM45","Ex_L2_3"
"STMN1",32.1818427862308,-0.890837744960614,0.216932473212163,-4.10652094529601,4.01663055389537e-05,0.00024585282592815,"STMN1","Ex_L2_3"
"SLC44A1",110.445286817391,1.28120342848442,0.312136965570414,4.10461934921129,4.04981153861431e-05,0.000247729443059446,"SLC44A1","Ex_L2_3"
"ENSG00000287724",5.03985130920088,2.74268716994418,0.66843144892045,4.10316895528144,4.07529416979121e-05,0.000249025660203409,"ENSG00000287724","Ex_L2_3"
"CAT",3.59864428569983,-3.53326890975795,0.861137008224644,-4.10302759724876,4.07778587431754e-05,0.000249025660203409,"CAT","Ex_L2_3"
"C2CD2",5.177143895107,-2.19482970209555,0.534935371460875,-4.10298106872539,4.07860634433311e-05,0.000249025660203409,"C2CD2","Ex_L2_3"
"CDK5",2.15554050813597,-4.05764383281414,0.989061904791039,-4.10251756048719,4.08678826697321e-05,0.000249370235619533,"CDK5","Ex_L2_3"
"DUOX1",13.1231773841773,1.69354561685275,0.412824168273116,4.1023412556901,4.0899045147066e-05,0.000249405474565348,"DUOX1","Ex_L2_3"
"CARM1",7.41504570581425,-1.67314736354857,0.407901651296609,-4.10184013286066,4.09877434981632e-05,0.000249673951601364,"CARM1","Ex_L2_3"
"LSM14B",2.13159417043462,-4.03668762667301,0.98412461105969,-4.10180538247729,4.09939010518119e-05,0.000249673951601364,"LSM14B","Ex_L2_3"
"CAPS2",27.9143832826495,-1.2028843786474,0.293296854153417,-4.10125223510988,4.10920336195504e-05,0.000250116566467449,"CAPS2","Ex_L2_3"
"CDS2",14.1041834403912,1.08151012614691,0.263765959127546,4.10026422561958,4.1267868933529e-05,0.000251031296843956,"CDS2","Ex_L2_3"
"ENSG00000255028",4.94722636723932,1.75573033559013,0.428283487473103,4.09945838899612,4.1411811446738e-05,0.000251595321986861,"ENSG00000255028","Ex_L2_3"
"LCMT1",15.8726175066907,1.06342617235174,0.259399413404997,4.09957045928792,4.13917644178524e-05,0.000251595321986861,"LCMT1","Ex_L2_3"
"CTBP2",7.56698136138903,-1.92252562162916,0.46909095146694,-4.09840696269464,4.16003387831956e-05,0.000252584504453717,"CTBP2","Ex_L2_3"
"ZNF385D",3.71016890522766,-3.85195210044281,0.940011083132182,-4.09777306838536,4.17143931844984e-05,0.00025312056741477,"ZNF385D","Ex_L2_3"
"CYB5B",15.3404430642518,1.45770004764565,0.355794833009067,4.09702421847285,4.18495134251157e-05,0.000253783715980455,"CYB5B","Ex_L2_3"
"LETM1",4.56847834431518,-2.41919124255125,0.59050378722421,-4.09682595588959,4.1885356798151e-05,0.000253844383211003,"LETM1","Ex_L2_3"
"SLC12A2",20.2634219648797,0.898540545269153,0.21938435193621,4.09573671658414,4.20827976707511e-05,0.000254883726459593,"SLC12A2","Ex_L2_3"
"LINC01811",10.5379123427228,-2.2842250604468,0.557855754096555,-4.09465178708445,4.22803348875927e-05,0.000255922372110728,"LINC01811","Ex_L2_3"
"ENSG00000259048",8.36290933515786,-2.81549764741631,0.687710450842023,-4.09401608477675,4.23964880152292e-05,0.000256467425037938,"ENSG00000259048","Ex_L2_3"
"ITM2C",6.94264928895071,-1.76246490792107,0.430546157798581,-4.09355623316371,4.24806989992754e-05,0.000256818699673158,"ITM2C","Ex_L2_3"
"HSPA9",24.6601281238998,0.86816581992953,0.212175949586657,4.0917258606398,4.2817464062547e-05,0.000258607873834576,"HSPA9","Ex_L2_3"
"SERPINB9",5.29170673707793,1.88268104941412,0.460142283435698,4.09151933475206,4.28556207861045e-05,0.000258607873834576,"SERPINB9","Ex_L2_3"
"LIMA1",6.28737344965301,1.78545855233015,0.436366779524754,4.09164637664373,4.28321453244153e-05,0.000258607873834576,"LIMA1","Ex_L2_3"
"BIN1",39.3720099326898,-0.855886893372098,0.209244297679255,-4.09037141209968,4.30682940391812e-05,0.000259610000482358,"BIN1","Ex_L2_3"
"KIAA0825",43.9956486688692,-0.789637527366034,0.193049467274508,-4.09033776945471,4.30745420181437e-05,0.000259610000482358,"KIAA0825","Ex_L2_3"
"TIAM2",32.193499217912,-0.886660561560988,0.216841454492314,-4.08898088069417,4.33272559429661e-05,0.000260972999622133,"TIAM2","Ex_L2_3"
"PTCD3",23.4704726068068,0.836772836394201,0.204654690993021,4.0887058700391,4.33786464642373e-05,0.000261122440480801,"PTCD3","Ex_L2_3"
"ENSG00000289611",5.81400450893655,1.52662785845102,0.373420384458227,4.08822850061042,4.34679885612159e-05,0.000261500012017994,"ENSG00000289611","Ex_L2_3"
"FBXL6",5.03248151528034,-2.42165967216181,0.592464930492125,-4.0874312512477,4.3617587100549e-05,0.000262239397598404,"FBXL6","Ex_L2_3"
"PEX6",7.4064446189159,-1.73336320222644,0.424279059368291,-4.08543189665605,4.39949037448106e-05,0.00026434613724099,"PEX6","Ex_L2_3"
"PDE8B",94.7206008653722,1.13372884411422,0.277539404598368,4.08492929411179,4.40902403203098e-05,0.000264757042119024,"PDE8B","Ex_L2_3"
"UGP2",17.122786638623,-1.29219525924383,0.316362852229087,-4.08453536860931,4.41650993491781e-05,0.000265044554677047,"UGP2","Ex_L2_3"
"ENSG00000229178",1.98515535202072,-4.09977299736603,1.00458126169369,-4.08107651784581,4.48275931600996e-05,0.000268848694740839,"ENSG00000229178","Ex_L2_3"
"TOX",4.36009409978021,-3.31144624066859,0.811441817481702,-4.0809410722085,4.485372665719e-05,0.000268848694740839,"TOX","Ex_L2_3"
"RUFY2",36.8300042231932,0.807049548815585,0.197814548983675,4.07982907709274,4.50688270013829e-05,0.000269973266135113,"RUFY2","Ex_L2_3"
"EIF5",17.1675791892001,1.2347684794637,0.302933632968408,4.07603628347358,4.58098739273775e-05,0.00027424509534586,"EIF5","Ex_L2_3"
"MKNK1",12.6051632816471,-1.27434255447229,0.312750146184808,-4.07463456058391,4.60866595269184e-05,0.000275734070153743,"MKNK1","Ex_L2_3"
"OPN3",6.48970917640042,-2.06642467326762,0.507357864526062,-4.07291345566886,4.64286798886837e-05,0.000277442427753302,"OPN3","Ex_L2_3"
"CROT",13.0916000770148,-1.74178385850142,0.42764632796497,-4.07295408518999,4.6420578268194e-05,0.000277442427753302,"CROT","Ex_L2_3"
"COL16A1",12.8003754258999,-1.38760731569606,0.340711477222518,-4.07267558759055,4.64761382433488e-05,0.000277557192767574,"COL16A1","Ex_L2_3"
"RYBP",24.1971818367842,0.976650054320761,0.239911559980821,4.07087534422617,4.68368089762564e-05,0.000279541197680888,"RYBP","Ex_L2_3"
"IFT80",14.0856621620296,-1.86705620533018,0.458750787301988,-4.06987030215412,4.70393174647239e-05,0.000280448696986912,"IFT80","Ex_L2_3"
"SPESP1",5.65756673000976,-3.11712120654318,0.765908038521265,-4.06983743448025,4.70459540548077e-05,0.000280448696986912,"SPESP1","Ex_L2_3"
"LPP",18.0753095074771,0.994123149167865,0.244413320653734,4.06738530661454,4.7543595597496e-05,0.000283243349393451,"LPP","Ex_L2_3"
"UBR4",16.3957479337384,1.2384108896669,0.304631370266325,4.06527695615922,4.79754564840844e-05,0.000285642960302815,"UBR4","Ex_L2_3"
"DLGAP3",15.7086019627849,1.0428732783143,0.256581894968143,4.06448505824536,4.81386224726587e-05,0.000286440840200726,"DLGAP3","Ex_L2_3"
"FERMT2",12.0068175917338,1.5951705192326,0.392562700118155,4.06347958874463,4.8346551809112e-05,0.000287503949741354,"FERMT2","Ex_L2_3"
"GALNT14",8.54553038565085,-1.52763244917178,0.375963851010381,-4.06324290238638,4.83956217938139e-05,0.000287621650636678,"GALNT14","Ex_L2_3"
"SAMD14",5.51628843708157,-2.60936362721657,0.642270312408367,-4.06271872886675,4.85044619472478e-05,0.00028809421654762,"SAMD14","Ex_L2_3"
"SDCBP",6.3302196534512,-1.85561769128509,0.456819892885143,-4.0620334626094,4.86471016539958e-05,0.000288766843896589,"SDCBP","Ex_L2_3"
"CCSAP",17.3905068689125,1.02452350859209,0.252242532187361,4.06166041748697,4.87249189031427e-05,0.000288879664034082,"CCSAP","Ex_L2_3"
"TCF25",42.8682843545538,1.13298942802406,0.27894074747862,4.06175662130861,4.87048394920381e-05,0.000288879664034082,"TCF25","Ex_L2_3"
"RAB6B",15.8706225127041,-1.08257613290815,0.266776628141221,-4.05798716495913,4.94974875116444e-05,0.000293283062312663,"RAB6B","Ex_L2_3"
"ZFAND2B",7.50497625583935,-1.90152940311476,0.468699937598824,-4.05702934985741,4.97008383271789e-05,0.000294310449503439,"ZFAND2B","Ex_L2_3"
"C2CD2L",10.7970782063205,-1.39737837889967,0.344492024670478,-4.05634464320714,4.98466914391833e-05,0.000294996323312372,"C2CD2L","Ex_L2_3"
"BEAN1",4.32920552232266,2.01497529528714,0.496797558948938,4.05592833336413,4.99355701135251e-05,0.000295344395421596,"BEAN1","Ex_L2_3"
"CTCF",11.0526124399197,1.18814099805467,0.292977917251392,4.05539437648188,5.00497853477459e-05,0.000295841811826869,"CTCF","Ex_L2_3"
"SH2B1",11.5996925747941,-1.28308900691505,0.316539450655103,-4.0534884491004,5.04594925081979e-05,0.000298084217919745,"SH2B1","Ex_L2_3"
"PGM3",8.10265479822067,1.40625112302084,0.347153840380236,4.05080099785322,5.10426041529027e-05,0.000301347682210406,"PGM3","Ex_L2_3"
"NLK",98.3512507502972,-0.603352223866754,0.14895693985488,-4.05051435975098,5.11051731947094e-05,0.000301535868747643,"NLK","Ex_L2_3"
"ENSG00000253197",3.59128073763554,-3.80981019602667,0.940828115283326,-4.04942213581634,5.13442570839924e-05,0.000302700747899451,"ENSG00000253197","Ex_L2_3"
"CPNE7",3.38983139876834,-3.2107432607803,0.792907064229827,-4.04933113302375,5.13642250354627e-05,0.000302700747899451,"CPNE7","Ex_L2_3"
"KCNG3",12.8475924098315,1.61367133778343,0.39872270171575,4.0471017347134,5.18557073603763e-05,0.000305125393767595,"KCNG3","Ex_L2_3"
"KIF12",2.32277896431297,-3.98315891230915,0.984214753732287,-4.04704247442382,5.18688322060143e-05,0.000305125393767595,"KIF12","Ex_L2_3"
"CAPN15",4.86767593720712,-2.25269630876114,0.556605188366266,-4.04720680986319,5.1832443272283e-05,0.000305125393767595,"CAPN15","Ex_L2_3"
"POU2F2",9.20493848766826,-1.5368903321207,0.379799547411765,-4.04658284243414,5.19707374970157e-05,0.000305541906146429,"POU2F2","Ex_L2_3"
"SNED1",38.032528594883,-1.36519308100276,0.337599248138085,-4.04382737382273,5.25856434937944e-05,0.000308972106269759,"SNED1","Ex_L2_3"
"HCFC2",12.3751560503997,1.18279281816885,0.292507568937202,4.04363149461878,5.26296170406445e-05,0.000309045641247634,"HCFC2","Ex_L2_3"
"LINC01277",5.97794818808634,-2.34713868309316,0.580609708791922,-4.04254122442572,5.28750127037094e-05,0.00031030114982153,"LINC01277","Ex_L2_3"
"TRMT11",45.7601655761068,-0.671133293508743,0.166037083354063,-4.04206867496941,5.29817095740826e-05,0.000310741680510918,"TRMT11","Ex_L2_3"
"ENSG00000287726",4.87981497876623,-2.25221799153117,0.557225126193465,-4.04184572026857,5.30321212886509e-05,0.000310851765835147,"ENSG00000287726","Ex_L2_3"
"LTV1",5.40586583871539,1.54977515388016,0.38371080394329,4.03891456261734,5.36991187871068e-05,0.000314573728661024,"LTV1","Ex_L2_3"
"CYP4V2",2.31633488179915,-3.98028085160321,0.985727100188353,-4.03791358768838,5.39287099506184e-05,0.000315647204658993,"CYP4V2","Ex_L2_3"
"FBXO38-DT",9.60671724520926,-1.60512421715963,0.397520938937312,-4.03783564571615,5.39466262848584e-05,0.000315647204658993,"FBXO38-DT","Ex_L2_3"
"PDC-AS1",25.6716039002688,-0.98390189333829,0.2437543742616,-4.03644815121288,5.42665116454097e-05,0.000317141112673709,"PDC-AS1","Ex_L2_3"
"SH3GL3",58.9906098960056,-0.707861036983113,0.175366280928833,-4.03647173923004,5.426105846872e-05,0.000317141112673709,"SH3GL3","Ex_L2_3"
"RSPH3",6.9848876355259,-1.69448510297062,0.419931274649616,-4.03514861898407,5.4567746543941e-05,0.000318711975058072,"RSPH3","Ex_L2_3"
"LMBR1",30.6161900008159,0.925104211525112,0.229286431669718,4.03470979415696,5.46698245722538e-05,0.000319118453118135,"LMBR1","Ex_L2_3"
"ETV6",14.7693927832444,1.14758354718923,0.284455676019609,4.03431410913425,5.47620226405926e-05,0.000319466811414003,"ETV6","Ex_L2_3"
"ENSG00000286523",2.09780600454686,-4.2523492022333,1.05417567412683,-4.03381457815888,5.48786281041064e-05,0.000319957057860381,"ENSG00000286523","Ex_L2_3"
"ENSG00000268205",12.4818785414468,-1.41605378027283,0.35124350313975,-4.03154440613076,5.54115240339317e-05,0.000322872367799137,"ENSG00000268205","Ex_L2_3"
"SCFD2",27.8491341567118,-0.862081125817944,0.213889045069275,-4.03050621661681,5.56568568456307e-05,0.000324109639390324,"SCFD2","Ex_L2_3"
"ADRM1",6.89324987800619,1.4162643705299,0.351567400108995,4.02842917201885,5.61507716350978e-05,0.000326792168568247,"ADRM1","Ex_L2_3"
"LINC02223",7.24806171648961,-2.61741512381755,0.650041216763581,-4.02653717382585,5.66042940237781e-05,0.000329236580514859,"LINC02223","Ex_L2_3"
"PRMT9",8.65635164342077,-1.50070611264478,0.373181706733817,-4.02138177077154,5.78577457599809e-05,0.000336328103163345,"PRMT9","Ex_L2_3"
"ENSG00000290968",13.1934601947852,1.19104538328924,0.29625171614109,4.02038306749251,5.81035841967275e-05,0.000337438170060767,"ENSG00000290968","Ex_L2_3"
"ELOVL4",7.24538704923554,-1.67371691483395,0.416313622641641,-4.020327041459,5.8117404696948e-05,0.000337438170060767,"ELOVL4","Ex_L2_3"
"FAM13A",20.1644742173401,-1.03065877719766,0.256390909673225,-4.01987253959689,5.82296363318792e-05,0.000337734802705195,"FAM13A","Ex_L2_3"
"IL11RA",4.12143613328499,-2.61868193826005,0.651497779824816,-4.019479450819,5.83268685340826e-05,0.000337734802705195,"IL11RA","Ex_L2_3"
"SLC16A7",21.8146304157353,-0.964572063674049,0.239962161244044,-4.01968401465208,5.82762496166535e-05,0.000337734802705195,"SLC16A7","Ex_L2_3"
"NGDN",5.05741704011232,1.7428402181491,0.433604379698972,4.01942484842764,5.83403868272308e-05,0.000337734802705195,"NGDN","Ex_L2_3"
"GSE1",7.65023283462132,-1.63663589090346,0.407153441718345,-4.01970295030842,5.82715661301887e-05,0.000337734802705195,"GSE1","Ex_L2_3"
"ENSG00000285741",2.23728944023526,-3.95280162887208,0.983630320767724,-4.01858456923828,5.85487951305367e-05,0.000338707995233946,"ENSG00000285741","Ex_L2_3"
"PTPN11",26.1478473514345,0.814649970234038,0.202726441158133,4.01846925137203,5.85774515373039e-05,0.000338707995233946,"PTPN11","Ex_L2_3"
"TCAF1",15.8543312999544,-1.14361525557883,0.284653793058079,-4.0175654899687,5.88024960096245e-05,0.000339809247528559,"TCAF1","Ex_L2_3"
"UQCRH",18.7897824890492,-1.23905192958882,0.308487304492451,-4.01654107493147,5.90585742654174e-05,0.000341088438320671,"UQCRH","Ex_L2_3"
"XPO7",20.2323983156875,0.909460154344794,0.22649910403559,4.01529250288729,5.93721142498178e-05,0.000342697796939019,"XPO7","Ex_L2_3"
"ENSG00000290958",6.56955914599866,-1.80795786038084,0.450570619151579,-4.01259599168986,6.00546455327778e-05,0.000346433844811515,"ENSG00000290958","Ex_L2_3"
"CARD19",7.78975963180017,-1.56620554509749,0.390355645737664,-4.01225283199836,6.01420359017484e-05,0.000346734366607263,"CARD19","Ex_L2_3"
"PWRN1",9.20931677724052,-1.89681704439499,0.472947720558912,-4.01062731025197,6.05576362028386e-05,0.00034872111257719,"PWRN1","Ex_L2_3"
"CERS4",15.4065094261657,-1.30429596056033,0.32520244663297,-4.01072001168669,6.0533862114226e-05,0.00034872111257719,"CERS4","Ex_L2_3"
"NEU3",7.25200220873159,1.59292728054028,0.397340984394366,4.00896797235314,6.09846861760995e-05,0.00035097455008436,"NEU3","Ex_L2_3"
"TRPM2",8.68226464378267,-1.56686904305145,0.390861719858481,-4.0087554330436,6.103959119901e-05,0.000351084861791027,"TRPM2","Ex_L2_3"
"ENSG00000288902",2.03023853009929,-4.21275193273019,1.05096496863938,-4.00846085115872,6.11157675739111e-05,0.000351317320448276,"ENSG00000288902","Ex_L2_3"
"B3GALT1",31.0263253250857,-0.862424009571968,0.215232609961822,-4.00693932822237,6.15106556680468e-05,0.000353231209456622,"B3GALT1","Ex_L2_3"
"RHBDL3",6.70350327352863,-2.00394202489488,0.500122664124404,-4.00690104377353,6.15206229010871e-05,0.000353231209456622,"RHBDL3","Ex_L2_3"
"MET",3.97628162984973,-2.56986982735201,0.641417633300164,-4.00654689539755,6.16128968157906e-05,0.000353554379858836,"MET","Ex_L2_3"
"HEXD",5.08749641606344,-2.23853300890229,0.558837744066294,-4.00569401882907,6.18356531847105e-05,0.000354625485631404,"HEXD","Ex_L2_3"
"ASB3",91.1511706673816,0.821368073232259,0.205150284346573,4.00373840986089,6.23493058355698e-05,0.000357362649083219,"ASB3","Ex_L2_3"
"TRPC4",4.40132627205357,-2.36456815547389,0.591142604609174,-3.99999617188343,6.33435083094956e-05,0.00036284934439212,"TRPC4","Ex_L2_3"
"TCEAL2",13.5816569317061,-1.15849944744937,0.289650852539283,-3.99964107577502,6.34386224808836e-05,0.000363182416813637,"TCEAL2","Ex_L2_3"
"ROBO2",442.258079702462,-1.45919626368021,0.364951802810404,-3.99832595001122,6.37920639924688e-05,0.000364993148900415,"ROBO2","Ex_L2_3"
"HTR2C",2.05192921128377,-3.96010321373005,0.990518261587069,-3.99801131115436,6.38768994243068e-05,0.000365265809047957,"HTR2C","Ex_L2_3"
"NOL8",3.41134545813426,-3.45620211867362,0.864646880902651,-3.99724118019776,6.40849990782354e-05,0.000366242600898536,"NOL8","Ex_L2_3"
"ZNF155",5.0791452076166,-2.23658459082615,0.559579497622892,-3.99690231741374,6.41767674747657e-05,0.000366553816088429,"ZNF155","Ex_L2_3"
"ENSG00000290569",8.32091460688363,1.44111338947521,0.360639228245793,3.99599731977305,6.4422462540714e-05,0.000367529774680589,"ENSG00000290569","Ex_L2_3"
"TRIM41",2.7571769874335,-3.97962546713342,0.995882102354594,-3.99608091934203,6.43997290778821e-05,0.000367529774680589,"TRIM41","Ex_L2_3"
"SLC22A15",13.2865060872225,-1.16044767455114,0.290557048720909,-3.9938720456436,6.50029517761086e-05,0.000370626232297441,"SLC22A15","Ex_L2_3"
"OGFOD3",6.69064942450412,1.45262383732851,0.363725874956051,3.99373247092754,6.50412474047943e-05,0.000370629474770707,"OGFOD3","Ex_L2_3"
"RPAP2",30.4545222845893,0.889203697160503,0.222712991545732,3.99259913393025,6.53529968541299e-05,0.00037219005280868,"RPAP2","Ex_L2_3"
"ZMAT2",9.8687857914801,-1.81341124273917,0.454319898750648,-3.99148539988221,6.56607314235579e-05,0.000373725970744515,"ZMAT2","Ex_L2_3"
"TPD52L1",7.44833821547787,1.37624578898102,0.344828184903899,3.99110585860194,6.57659149801887e-05,0.000374107903164663,"TPD52L1","Ex_L2_3"
"ADAMTS9-AS2",5.92996341397739,-2.63449708216419,0.660147351082092,-3.99077126924134,6.58587730945498e-05,0.000374419321111607,"ADAMTS9-AS2","Ex_L2_3"
"PIGQ",10.4780837503044,-1.38372954432386,0.346889673298528,-3.98896147921084,6.6363196110078e-05,0.000377068848227534,"PIGQ","Ex_L2_3"
"TTC39B",4.42404428899046,-3.31385925413089,0.830889617425827,-3.98832670986735,6.65409828985037e-05,0.000377860471673353,"TTC39B","Ex_L2_3"
"YWHAG",33.1991364635732,-0.847756010767738,0.212597011692977,-3.98761960018531,6.67395615171376e-05,0.000378769181019272,"YWHAG","Ex_L2_3"
"RRAS2",9.93502055084195,1.25959849759996,0.315912570925227,3.98717434355624,6.68648911782001e-05,0.000379261368899906,"RRAS2","Ex_L2_3"
"PCDHB14",1.98718256213004,-3.95261097987223,0.991779370633751,-3.98537325629842,6.73741326603101e-05,0.000381920147913803,"PCDHB14","Ex_L2_3"
"SMARCA2",41.1184677032164,-0.902607773649394,0.226487570671069,-3.98524197586217,6.74113941859257e-05,0.000381920147913803,"SMARCA2","Ex_L2_3"
"ENSG00000286540",7.88472028018,-1.84563400573821,0.463349940357098,-3.98323997692932,6.79820462951415e-05,0.000384931194699406,"ENSG00000286540","Ex_L2_3"
"TET2",8.03320527605753,-1.60014757698257,0.401810733523598,-3.98234154411555,6.82396198251037e-05,0.00038616706518538,"TET2","Ex_L2_3"
"TLL1",2.21597517342498,-4.29957264994301,1.07997226717096,-3.98118801810158,6.85716805948043e-05,0.000387822792264455,"TLL1","Ex_L2_3"
"B3GALNT1",8.44967811392336,1.30618120311698,0.328124659290342,3.98074684768269,6.86990822116407e-05,0.000388319783456363,"B3GALNT1","Ex_L2_3"
"ANKRD20A11P",6.34794731806782,-2.44912889587823,0.615318188944785,-3.98026409730918,6.88387479322019e-05,0.000388885485730852,"ANKRD20A11P","Ex_L2_3"
"ADGRB2",26.5565357080634,-0.859336112424802,0.215978986911142,-3.97879499628522,6.92654318492546e-05,0.000391071035912113,"ADGRB2","Ex_L2_3"
"CFAP36",18.3838836097032,0.965839936380258,0.242783978453105,3.97818646244326,6.94429055511448e-05,0.000391847848440233,"CFAP36","Ex_L2_3"
"PHF20",18.0463399596485,1.10378346739553,0.277561054053688,3.97672314352154,6.98714327722808e-05,0.000394039584130245,"PHF20","Ex_L2_3"
"M6PR",12.1595793295151,1.59929499410163,0.402178394509514,3.97658107927972,6.99131686983229e-05,0.000394048748876836,"M6PR","Ex_L2_3"
"MAP3K4",33.4656531452441,0.96273205009035,0.242215293823272,3.97469554830336,7.04693425141643e-05,0.000396955745905476,"MAP3K4","Ex_L2_3"
"UBAP2L",10.8540904419894,1.16046713873899,0.292245652397858,3.97086194171729,7.16130710006879e-05,0.000403167226080664,"UBAP2L","Ex_L2_3"
"KIAA0753",5.44854730992626,-2.04494532022647,0.515208301654508,-3.96916220810003,7.21257729023147e-05,0.000405821072733299,"KIAA0753","Ex_L2_3"
"LRRC20",1.97612164003847,-4.17480490860037,1.05200698995727,-3.96841936266025,7.23509308437065e-05,0.000406854919638565,"LRRC20","Ex_L2_3"
"GNB4",2.01053496720489,-4.19288547484764,1.05677432962247,-3.96762615945216,7.25920862193324e-05,0.000407869174736257,"GNB4","Ex_L2_3"
"NPTX1",78.1867099932778,-0.901641221283777,0.227253723991618,-3.96755311836841,7.26143308849464e-05,0.000407869174736257,"NPTX1","Ex_L2_3"
"IKZF2",5.24759509346146,-2.87094313867893,0.723766580633732,-3.96666993958898,7.288381383196e-05,0.000408681841943593,"IKZF2","Ex_L2_3"
"SEMA5A",5.23559282338005,-2.76280583208147,0.696477681867993,-3.96682607929584,7.28361024388151e-05,0.000408681841943593,"SEMA5A","Ex_L2_3"
"CORO2B",13.8063339874119,-1.22868939192782,0.309747983790219,-3.96673894981658,7.28627228285017e-05,0.000408681841943593,"CORO2B","Ex_L2_3"
"ENSG00000250243",26.016780627978,1.57916107781058,0.398135268517428,3.96639334086389,7.29684062936105e-05,0.000408922774345938,"ENSG00000250243","Ex_L2_3"
"WDR18",4.47564265668715,-2.27296943196834,0.573573030282014,-3.96282480515301,7.40681361136914e-05,0.000414849127241108,"WDR18","Ex_L2_3"
"TRAPPC13",16.0490610274661,1.01792692251521,0.25697099842,3.96125215987012,7.45577442486394e-05,0.000417353435611757,"TRAPPC13","Ex_L2_3"
"GTF2H5",5.03457853028948,-2.96264362599482,0.748173089674131,-3.9598371912644,7.50008775855211e-05,0.000419594886902141,"GTF2H5","Ex_L2_3"
"TMEM163",4.38116610819512,-2.341644645949,0.591770051112178,-3.95701783412001,7.58912668768532e-05,0.000424145582046984,"TMEM163","Ex_L2_3"
"CCDC107",7.10057265646147,1.52861784206372,0.386343288014756,3.95663103122252,7.60142011043664e-05,0.000424145582046984,"CCDC107","Ex_L2_3"
"INSYN2A",5.32028528176146,1.62634629300053,0.411048417897591,3.9565808361917,7.60301679544726e-05,0.000424145582046984,"INSYN2A","Ex_L2_3"
"FLYWCH1",15.5586555470343,-1.07977160887882,0.272889241127534,-3.95681267761741,7.59564465654728e-05,0.000424145582046984,"FLYWCH1","Ex_L2_3"
"SERINC3",21.2334247765875,-0.962318894705975,0.243203767720478,-3.95684204947023,7.59471116720214e-05,0.000424145582046984,"SERINC3","Ex_L2_3"
"UBA6-DT",21.3995249971506,-1.76637043293718,0.446486528649561,-3.95615616506892,7.6165381212439e-05,0.000424658742923383,"UBA6-DT","Ex_L2_3"
"NCAPD3",11.6819985537892,1.41508811571219,0.357713657728233,3.95592420121481,7.62393333838634e-05,0.000424829955282515,"NCAPD3","Ex_L2_3"
"CA4",4.1731812006602,-2.35096643255319,0.59444191381948,-3.95491363899205,7.65623026747087e-05,0.000426387789952573,"CA4","Ex_L2_3"
"ZNF337",9.49744361788605,-1.43961532872895,0.364019297276576,-3.95477750630115,7.66059085660772e-05,0.000426388921106596,"ZNF337","Ex_L2_3"
"H2AZ1",21.6941977240014,1.02237938937759,0.258554512534335,3.95421212863892,7.67872612068136e-05,0.000427156316022501,"H2AZ1","Ex_L2_3"
"SNX16",3.40978942623401,-2.86136249656631,0.723765194282985,-3.95344031347209,7.70354869275636e-05,0.00042829463699852,"SNX16","Ex_L2_3"
"LINC02636",3.39048551307088,-2.87434378113311,0.727346022798816,-3.95182442886356,7.7557635420889e-05,0.000430953738899781,"LINC02636","Ex_L2_3"
"TBC1D3D",1.94058347415383,-4.15212845545784,1.05117361897762,-3.94999301780065,7.8153473004597e-05,0.000434019060936779,"TBC1D3D","Ex_L2_3"
"ENSG00000250101",6.71521262393293,-2.04607105433317,0.518095962292287,-3.94921250742902,7.84087199102075e-05,0.000435190544857558,"ENSG00000250101","Ex_L2_3"
"TAF2",19.2961822158064,0.946084416779907,0.239592792285345,3.9487181887056,7.8570782223795e-05,0.000435843797044925,"TAF2","Ex_L2_3"
"COLQ",13.9179430255255,-1.91396435291335,0.484776630524011,-3.94813658992696,7.87618647738366e-05,0.000436657200642308,"COLQ","Ex_L2_3"
"ZNF318",9.45236905140156,-1.38497021265118,0.350921143266832,-3.94667075274538,7.92454120904674e-05,0.000438884784197313,"ZNF318","Ex_L2_3"
"AGAP2",11.5173514968644,-1.72641510718392,0.437453316415499,-3.94651278753629,7.92976885128492e-05,0.000438884784197313,"AGAP2","Ex_L2_3"
"NUP50-DT",11.8477253529478,-1.23479093814851,0.312871169204199,-3.94664341009514,7.92544584338547e-05,0.000438884784197313,"NUP50-DT","Ex_L2_3"
"FSIP2-AS1",4.41155246428176,-2.31022116894915,0.585651415389002,-3.94470346735977,7.98987881018762e-05,0.000441962665716684,"FSIP2-AS1","Ex_L2_3"
"GNG3",10.569812974959,-1.54037791276876,0.390508022015657,-3.94454870560123,7.9950403154763e-05,0.000441999302528076,"GNG3","Ex_L2_3"
"FLAD1",4.5798984592246,-2.20865758293672,0.56003179031238,-3.94380751439977,8.01980372914264e-05,0.000443118964201897,"FLAD1","Ex_L2_3"
"ENSG00000270792",6.95946649054368,1.3510283594303,0.342733801471039,3.94191746956846,8.08327926129146e-05,0.000446375129077725,"ENSG00000270792","Ex_L2_3"
"ENSG00000291176",6.61995787944898,-2.00814041867315,0.509750008946979,-3.9394612720488,8.16647830353503e-05,0.000450716195808585,"ENSG00000291176","Ex_L2_3"
"WARS2-AS1",8.87619898343806,-1.73242567310844,0.439861417663444,-3.93857156717936,8.1968145707782e-05,0.000452136475818782,"WARS2-AS1","Ex_L2_3"
"PSMA7",9.4008699178441,1.28821036789899,0.327096122148614,3.93832357117857,8.20528945390773e-05,0.000452349964058303,"PSMA7","Ex_L2_3"
"SRSF7",23.4294220060648,1.02315510013887,0.25987832765159,3.93705434918211,8.24879298128465e-05,0.000454493226293552,"SRSF7","Ex_L2_3"
"ENSG00000275383",1.8249863836651,-3.96886604741031,1.00812351310952,-3.93688471283491,8.25462388102823e-05,0.000454559557215366,"ENSG00000275383","Ex_L2_3"
"BEGAIN",11.4198679540518,-1.22613097859713,0.311471695020449,-3.9365727229777,8.26535806133428e-05,0.000454895672798588,"BEGAIN","Ex_L2_3"
"MAPKAPK5",8.28674553874113,1.26923022530503,0.32253357190472,3.9351879489927,8.31316138640222e-05,0.000457270422508485,"MAPKAPK5","Ex_L2_3"
"ENSG00000237773",35.3633841428923,1.46148901337211,0.371463315953765,3.93441007659022,8.34012855279769e-05,0.000458497050378761,"LOC101927609","Ex_L2_3"
"DBN1",6.52883283799763,-2.13058412518195,0.541597637927787,-3.93388740271062,8.3582949495949e-05,0.000458725640138661,"DBN1","Ex_L2_3"
"HIBADH",13.91548924234,-1.33700103633127,0.339858407760313,-3.9339942923354,8.35457678446376e-05,0.000458725640138661,"HIBADH","Ex_L2_3"
"ERAL1",3.1936216991464,-3.12709621305259,0.794872212911701,-3.93408671514345,8.35136310900635e-05,0.000458725640138661,"ERAL1","Ex_L2_3"
"FOXN3",25.7894832918933,0.874949453853597,0.222431921641132,3.93356064812148,8.3696708366072e-05,0.000459093502506025,"FOXN3","Ex_L2_3"
"LRRC73",4.57336668290878,-3.16790063521315,0.80538429079502,-3.93340256498673,8.37517971551691e-05,0.000459139316547088,"LRRC73","Ex_L2_3"
"RUNDC3A",31.7783722370825,-0.887959268682081,0.22585315284537,-3.93157791908277,8.43901348228313e-05,0.000462380749860287,"RUNDC3A","Ex_L2_3"
"SEC24D",9.87659163321046,-2.32645613276088,0.591805072978907,-3.93111894267894,8.45514262139235e-05,0.000463006249233882,"SEC24D","Ex_L2_3"
"PEX5L",285.075342991093,0.942824540997747,0.239851147227615,3.93087359345845,8.46377651543702e-05,0.000463220838371328,"PEX5L","Ex_L2_3"
"RETREG1",19.9695752159802,-2.20377671706711,0.560699096045027,-3.93040889955374,8.48015203611897e-05,0.000463858650349848,"RETREG1","Ex_L2_3"
"FAM234B",3.36405598901938,-3.39362251293641,0.863691748856631,-3.92920566559649,8.52269247985639e-05,0.000465408176331902,"FAM234B","Ex_L2_3"
"SLC39A11",12.6332397978504,-2.42053289125148,0.616018924111407,-3.92931579941809,8.51879032052356e-05,0.000465408176331902,"SLC39A11","Ex_L2_3"
"ENTPD6",11.6018617893474,-1.50155366843922,0.382139036419223,-3.92933860541781,8.5179824905337e-05,0.000465408176331902,"ENTPD6","Ex_L2_3"
"NECAB2",8.00491051842562,-1.58737981933586,0.40405547800585,-3.92861848370454,8.54352548749129e-05,0.00046628663549508,"NECAB2","Ex_L2_3"
"ANAPC16",7.1207639808112,-2.17180339552656,0.552935395871276,-3.92777060709667,8.57369277637972e-05,0.000467673280594972,"ANAPC16","Ex_L2_3"
"SAMD8",19.3137150876898,0.999650066890603,0.254557225486424,3.92701509446612,8.60065854880694e-05,0.000468883848964924,"SAMD8","Ex_L2_3"
"DMGDH",8.68806864401805,-1.70729640396515,0.434804447586501,-3.92658449894419,8.61606320491371e-05,0.000469463144343163,"DMGDH","Ex_L2_3"
"FAM120A",18.293714058838,-1.0396657472353,0.264791958263509,-3.92634940295532,8.62448481812011e-05,0.000469661523576563,"FAM120A","Ex_L2_3"
"DDN",6.26626759226828,-2.97435208330671,0.757854898450561,-3.9246986321363,8.68383817523544e-05,0.00047263172428539,"DDN","Ex_L2_3"
"ZZEF1",15.8586119269132,1.06440087476112,0.271316072672189,3.92310291195743,8.741578867442e-05,0.000475510912479237,"ZZEF1","Ex_L2_3"
"AGPAT1",3.74830009980248,-2.81950793668819,0.718740515305001,-3.92284541729461,8.75093016133398e-05,0.000475756158854151,"AGPAT1","Ex_L2_3"
"SLC6A16",1.92631619501107,-3.8957432516267,0.993207202909235,-3.92238723220649,8.76759319592731e-05,0.000476398426752156,"SLC6A16","Ex_L2_3"
"UBE2A",6.59924452728579,1.50676629011011,0.384345956515925,3.92033860267157,8.84246400715627e-05,0.000480201030438381,"UBE2A","Ex_L2_3"
"EIF2AK1",5.34883843723973,-2.37219720246281,0.605164120020893,-3.91992374296895,8.85769915516474e-05,0.000480762632598555,"EIF2AK1","Ex_L2_3"
"ENSG00000261543",1.91317664886035,-4.13022471296854,1.05377882461233,-3.91944174289892,8.87543108268019e-05,0.000481459055528715,"LOC124903523","Ex_L2_3"
"GCFC2",9.55531487340981,-1.37962443424245,0.352038056468142,-3.9189638986298,8.8930432233921e-05,0.00048188227593273,"GCFC2","Ex_L2_3"
"ZNF264",12.6008740598114,1.23693017738989,0.315623318398609,3.91900758051007,8.89143184880104e-05,0.00048188227593273,"ZNF264","Ex_L2_3"
"DNAJC2",10.3128176873763,1.28732874691201,0.328506043555055,3.91873687613379,8.90142226715699e-05,0.000482070409881754,"DNAJC2","Ex_L2_3"
"RAVER2",10.2805132745089,-1.47325773050042,0.376030270548888,-3.91792322556884,8.93151413692893e-05,0.000483433580612616,"RAVER2","Ex_L2_3"
"VPS54",22.1862152391294,0.902880860452739,0.230548198836848,3.91623471798051,8.99426843279257e-05,0.00048656218658455,"VPS54","Ex_L2_3"
"CERCAM",5.05933991126691,-3.36575293965077,0.85947786117821,-3.91604378853558,9.00139058168898e-05,0.00048667947757024,"CERCAM","Ex_L2_3"
"MMP28",1.91638011163772,-4.13094545358192,1.05493378466988,-3.91583387849752,9.00922690245746e-05,0.000486835231516733,"MMP28","Ex_L2_3"
"CSNKA2IP",3.70230403145833,-2.78360769198267,0.710958505851748,-3.91528854225864,9.02961541784908e-05,0.000487668729329023,"CSNKA2IP","Ex_L2_3"
"WHAMM",4.17324427550354,1.79201331356175,0.457734698656252,3.91496060670618,9.04189693895191e-05,0.000488063711693756,"WHAMM","Ex_L2_3"
"ENSG00000291042",4.84871273005502,-2.34896153354314,0.60007577930028,-3.91444149984215,9.06137028364447e-05,0.00048884624748228,"ENSG00000291042","Ex_L2_3"
"COPS4",10.9142793775564,1.1466763009434,0.29296846466279,3.91399225259019,9.07825494310451e-05,0.000489488345560147,"COPS4","Ex_L2_3"
"ABCD2",4.34662938819178,-4.00769450290136,1.02397751899721,-3.9138500880626,9.08360428965614e-05,0.000489508110485913,"ABCD2","Ex_L2_3"
"ENSG00000250237",8.56572214663598,-1.85214953056314,0.473361947311826,-3.91275543182401,9.1248936958368e-05,0.000491463572740684,"ENSG00000250237","Ex_L2_3"
"LINC01117",4.06942868665472,-2.442260217932,0.624372419052561,-3.91154404552006,9.17079266266496e-05,0.000493665025304222,"LINC01117","Ex_L2_3"
"COG2",7.30516331768766,-1.87423225022351,0.479180659060092,-3.91132700117697,9.17903939147192e-05,0.00049383835148861,"COG2","Ex_L2_3"
"TCTN1",6.12361235867003,-1.89296245916716,0.483986538129209,-3.91118824602886,9.18431514543791e-05,0.000493851735023437,"TCTN1","Ex_L2_3"
"SFT2D2",10.1186020944511,1.23502434695817,0.315803813713898,3.91073284528805,9.20165054351043e-05,0.000494043351249785,"SFT2D2","Ex_L2_3"
"GOPC",15.8532629434453,-1.2743445663799,0.325849784878441,-3.91083445660491,9.19777990542826e-05,0.000494043351249785,"GOPC","Ex_L2_3"
"ENSG00000286688",5.63108052290094,1.72765625002183,0.441782735447436,3.91064682116215,9.20492862763228e-05,0.000494043351249785,"ENSG00000286688","Ex_L2_3"
"CLPX",7.88569038227407,1.37542750852706,0.351720791895,3.91056639306573,9.20799446394907e-05,0.000494043351249785,"CLPX","Ex_L2_3"
"ANKZF1",8.96872094137813,-1.54752620953363,0.395769746089948,-3.91016803285899,9.22319376883742e-05,0.000494588731359491,"ANKZF1","Ex_L2_3"
"ACAT2",5.08056588461558,1.71043886905095,0.437490915185899,3.9096557429636,9.2427748562155e-05,0.000495368358905952,"ACAT2","Ex_L2_3"
"NUP88",13.9481689883575,1.1896317038489,0.304366342965755,3.90855208318071,9.28509316686335e-05,0.00049736507781497,"NUP88","Ex_L2_3"
"SRGAP3",91.143834656787,0.939375386388047,0.24035419258975,3.90829623676016,9.29492933786895e-05,0.000497620631145638,"SRGAP3","Ex_L2_3"
"REEP3",19.6995935818254,1.00642102937899,0.257547061926599,3.90771698908305,9.31723524066226e-05,0.000498543131831514,"REEP3","Ex_L2_3"
"HERC3",25.476115333934,0.836062690381752,0.21399260120847,3.90697008055557,9.34607212113549e-05,0.000499660566755733,"HERC3","Ex_L2_3"
"AVEN",5.62307685295172,1.52783221586813,0.391058704124984,3.9069126955932,9.3482911410529e-05,0.000499660566755733,"AVEN","Ex_L2_3"
"MPHOSPH8",59.1356442110913,-1.21687849273693,0.311538094652686,-3.90603432974561,9.38231883867539e-05,0.000501206635514666,"MPHOSPH8","Ex_L2_3"
"TBL1XR1",70.8721797366879,0.706433119405632,0.180877618385416,3.90558614001847,9.39972664592411e-05,0.000501863666138905,"TBL1XR1","Ex_L2_3"
"ZC3H7A",10.713288538239,1.25362008223251,0.321002840980606,3.90532394792186,9.40992439229863e-05,0.000502135237533633,"ZC3H7A","Ex_L2_3"
"ENSG00000290596",1.7972370068682,-3.94296048451821,1.00978224474442,-3.90476313585428,9.4317718014905e-05,0.000502754889733275,"FAR2P2","Ex_L2_3"
"ZNF330",1.94769873223335,-3.8674263421702,0.990420202985781,-3.90483385790316,9.42901406405081e-05,0.000502754889733275,"ZNF330","Ex_L2_3"
"CLIP1",36.8999952386506,1.00483115918778,0.257455757356709,3.90292751463147,9.50361708128617e-05,0.000506309838430344,"CLIP1","Ex_L2_3"
"ECD",10.313599795154,1.22093460160537,0.31289243093786,3.90209056174914,9.53654624260556e-05,0.000507788782045296,"ECD","Ex_L2_3"
"PDXDC1",36.8677547719397,0.942217134786237,0.241491875215373,3.90165149012125,9.55386417912329e-05,0.000508435328795814,"PDXDC1","Ex_L2_3"
"PTGER3",3.21150597317189,-3.67042151501916,0.9411874699586,-3.89977728366976,9.62812141106453e-05,0.000512109717067125,"PTGER3","Ex_L2_3"
"INHA",5.33789947735125,1.52234219368453,0.390473825789621,3.89870483791336,9.67085717624465e-05,0.000514067250448577,"INHA","Ex_L2_3"
"IL1RAPL2",5.51192861294647,-3.19606534139728,0.819800040861384,-3.8985913419071,9.67539033061297e-05,0.000514067250448577,"IL1RAPL2","Ex_L2_3"
"FSD1",8.50963116603723,-1.84897072694577,0.47445473627042,-3.89704345978314,9.73741504402294e-05,0.000517083056175575,"FSD1","Ex_L2_3"
"ENSG00000287474",5.34387798996996,-2.65771189755801,0.682045592503218,-3.89667776871599,9.75212326352165e-05,0.000517584327070971,"ENSG00000287474","Ex_L2_3"
"DNAJC10",18.6830567100058,0.97636200414313,0.250572555421833,3.89652411254476,9.75830962343198e-05,0.000517633011558293,"DNAJC10","Ex_L2_3"
"EAF2",3.34363214969777,-2.8447648852037,0.730119190810982,-3.89630202986976,9.76725745458968e-05,0.000517828047673443,"EAF2","Ex_L2_3"
"WDR27",8.81997717642888,-1.45630965682347,0.373913067119444,-3.89478139408874,9.82873311849101e-05,0.000520806225221444,"WDR27","Ex_L2_3"
"RHOB",3.5387658166606,-3.3798728515858,0.868506662431936,-3.89159116191659,9.95889567624294e-05,0.000527418820072295,"RHOB","Ex_L2_3"
"SNHG19",4.05898294721685,-2.43055241031343,0.624642633424154,-3.89110874003216,9.97871972451915e-05,0.000528183957832307,"SNHG19","Ex_L2_3"
"STAU1",17.9881032721971,1.00685867928418,0.258780786689229,3.89077833855308,9.99231832121039e-05,0.000528618929389181,"STAU1","Ex_L2_3"
"SMG9",8.12639134296722,-1.4779645056934,0.379979488244531,-3.88959023162397,0.000100413628816799,0.000530927604680428,"SMG9","Ex_L2_3"
"ANKRD20A1",2.62020163667005,-3.87039406319084,0.995226774531364,-3.88895693146253,0.000100675980043203,0.000532028417398829,"ANKRD20A1","Ex_L2_3"
"RIPOR1",13.2652239744719,-1.13966772736352,0.293088246015826,-3.88847981062326,0.000100874059563204,0.000532502289709252,"RIPOR1","Ex_L2_3"
"RUNDC1",6.07083450113462,1.47781918175622,0.380040602221634,3.88858235966687,0.00010083145471345,0.000532502289709252,"RUNDC1","Ex_L2_3"
"AZI2",9.96129451822386,1.19212456411296,0.306594533328132,3.88827729957304,0.000100958244374004,0.000532660468705806,"AZI2","Ex_L2_3"
"CALY",11.1892259220808,-1.23075718505895,0.316583524092402,-3.88762235365009,0.000101230962818282,0.000533812656321419,"CALY","Ex_L2_3"
"DFFB",4.12013102262122,-3.45152611567469,0.887930703362256,-3.88715707498915,0.000101425126428459,0.000534476362785209,"DFFB","Ex_L2_3"
"PAG1",6.73660068915508,-2.07776858707051,0.534534720582602,-3.88706010491873,0.000101465636868324,0.000534476362785209,"PAG1","Ex_L2_3"
"TMEM184B",16.1520141112201,0.924651903803216,0.237963952458747,3.88568055896413,0.000102043615889145,0.000537232841637171,"TMEM184B","Ex_L2_3"
"SAP30BP",17.2072621738892,0.927237586110163,0.23864319097002,3.88545586547512,0.000102138047982984,0.000537441983601946,"SAP30BP","Ex_L2_3"
"HRH2",24.7480667224184,1.4435498346685,0.371569788580496,3.88500324577862,0.00010232852126779,0.000538155991935101,"HRH2","Ex_L2_3"
"DSCAML1",17.17329751717,-1.35723634347554,0.349377792044746,-3.88472414211639,0.000102446141877628,0.00053819834107263,"DSCAML1","Ex_L2_3"
"ENSG00000284634",1.87063198110278,-4.10050823239168,1.05554640783593,-3.88472567567966,0.000102445495250799,0.00053819834107263,"LOC374443","Ex_L2_3"
"SP4",9.52239422848124,1.28065104803454,0.329753260782255,3.88366454662655,0.000102893842266496,0.00054026141444471,"SP4","Ex_L2_3"
"LCORL",22.3231549828563,1.01958206412836,0.26272249380268,3.88083277290344,0.000104099402728539,0.000546007758892242,"LCORL","Ex_L2_3"
"GABRA3",14.3924050420235,-1.53297139856633,0.395010427257002,-3.88083780271692,0.000104097249635214,0.000546007758892242,"GABRA3","Ex_L2_3"
"PDE2A",37.2418279232766,-1.01757512897102,0.262279586790947,-3.87973437590509,0.000104570597457456,0.000548186525838873,"PDE2A","Ex_L2_3"
"DCAF1",6.49448210990756,1.38553281222445,0.357245197206831,3.87838051584017,0.000105154151323972,0.000550657986464128,"DCAF1","Ex_L2_3"
"FAAH2",5.49739813762525,-2.10944833207037,0.543885171904137,-3.87848104901482,0.000105110713132836,0.000550657986464128,"FAAH2","Ex_L2_3"
"WDR33",26.6329772387858,0.763931662361484,0.197057338835712,3.87669734542786,0.000105883933388615,0.000554184209701518,"WDR33","Ex_L2_3"
"TNFRSF21",6.5131767335847,-1.72286211832713,0.444648168583149,-3.87466370055441,0.00010677204866516,0.000558534934018387,"TNFRSF21","Ex_L2_3"
"ATL1",43.1730749819205,0.80929144530431,0.208880811414828,3.87441737621889,0.000106880097238005,0.000558802594606794,"ATL1","Ex_L2_3"
"UNG",2.62123721058337,-3.77591340706386,0.974959653484894,-3.87289196385434,0.000107551510668672,0.000562013851494165,"UNG","Ex_L2_3"
"RNF115",59.4302536833038,0.785761114545104,0.202930587568145,3.87206839521538,0.000107915658475475,0.000563616921245648,"RNF115","Ex_L2_3"
"PEG10",7.57064924269453,-1.70598521871995,0.44081777644112,-3.87004633182667,0.000108814671481571,0.000568010272388393,"PEG10","Ex_L2_3"
"PPP1R9B",4.1154314447621,-2.43002165977931,0.62793219519645,-3.8698790703335,0.000108889351809062,0.000568098243320354,"PPP1R9B","Ex_L2_3"
"MAFK",9.33878373886686,1.18054193173662,0.305120012657838,3.8691068522617,0.000109234765696356,0.000569597844055732,"MAFK","Ex_L2_3"
"YPEL1",9.5719791989082,-1.37540991540858,0.355635163367046,-3.86747447127168,0.000109968336493671,0.000573118799848181,"YPEL1","Ex_L2_3"
"DGCR2",19.0429648834143,-1.00113028096148,0.258887139939971,-3.86705296058205,0.000110158511520779,0.000573805523425308,"DGCR2","Ex_L2_3"
"NAPRT",3.11549185589892,-3.62268391484797,0.936971973304292,-3.86637382767421,0.000110465572024059,0.000575100042164472,"NAPRT","Ex_L2_3"
"BRD7",8.14917237299787,1.2779922734683,0.33057537321543,3.86596333851963,0.000110651560325509,0.000575763203727648,"BRD7","Ex_L2_3"
"PCDH15",33.6610770930807,-3.63386562348643,0.940194382269661,-3.86501524792582,0.000111082259885862,0.000577698317161835,"PCDH15","Ex_L2_3"
"LINC01322",21.2464727264295,-1.59420031458345,0.412714713417651,-3.86271742381568,0.000112132688301833,0.000582852661310692,"LINC01322","Ex_L2_3"
"CTSD",7.04538742308666,-2.09578433401948,0.543169288111289,-3.85843673398205,0.000114114598297189,0.00059284072642601,"CTSD","Ex_L2_3"
"SMIM17",3.77947533753109,-3.3837998805613,0.877111687421495,-3.85788939890755,0.000114370377391354,0.000593855490218108,"SMIM17","Ex_L2_3"
"PRKCSH",7.09300761335919,-2.45061417360716,0.635948722779101,-3.85347762457633,0.000116451909996086,0.000604344196408636,"PRKCSH","Ex_L2_3"
"ENSG00000285080",4.68876840750565,1.66570740823017,0.432308443638353,3.85305314467467,0.00011665405830425,0.000605073637159955,"LOC124903478","Ex_L2_3"
"LY6H",26.3942126102936,-0.848071071699337,0.220131087032655,-3.85257295155923,0.000116883137600234,0.000605941922841531,"LY6H","Ex_L2_3"
"UBR7",9.84879415085392,1.21654467290431,0.315861798478676,3.85150935872492,0.000117392042911493,0.00060825919280723,"UBR7","Ex_L2_3"
"ABCB8",7.65257328790834,-1.50851039639941,0.391763855890337,-3.85056041724704,0.00011784785321441,0.000610299056393444,"ABCB8","Ex_L2_3"
"TIMM44",14.5134691787253,1.05620897388253,0.274323398385165,3.85023290065676,0.000118005558101558,0.000610793784399211,"TIMM44","Ex_L2_3"
"QARS1",7.16355658042064,1.55797123336174,0.404677907900614,3.84990433859899,0.000118163966347101,0.000611240786534712,"QARS1","Ex_L2_3"
"ENSG00000271904",5.18117732031686,1.59036294093614,0.413103197854755,3.84979576337075,0.000118216357330614,0.000611240786534712,"ENSG00000271904","Ex_L2_3"
"LINC02008",1.74552168648991,-3.90141365432633,1.01352525354884,-3.8493502166479,0.000118431577179077,0.000611709681496979,"LINC02008","Ex_L2_3"
"ENSG00000258526",84.2127031686963,-0.726121698700103,0.188632717439169,-3.84939425438891,0.000118410288453007,0.000611709681496979,"LOC105370460","Ex_L2_3"
"ENSG00000286608",6.84315093696682,1.39166282771757,0.361581573211055,3.84882120888736,0.000118687592368722,0.000612709883042735,"ENSG00000286608","Ex_L2_3"
"MFSD4A",14.5356784983742,1.01372173795862,0.263406529664243,3.84850648634557,0.000118840150957097,0.000613175232669393,"MFSD4A","Ex_L2_3"
"CTSV",7.23334277629434,-1.90288568144794,0.494565793691014,-3.8475885427628,0.000119286171720667,0.000615153465083379,"CTSV","Ex_L2_3"
"MAP1LC3A",29.8623517561937,0.808543990115807,0.210168474914452,3.84712307802072,0.000119512939622805,0.000615999537699073,"MAP1LC3A","Ex_L2_3"
"UBTF",6.64831974653634,-2.16659217418112,0.563298791955021,-3.84625744831017,0.000119935743573417,0.000617854611885292,"UBTF","Ex_L2_3"
"PNMA8B",3.05541827561889,-3.10551738659922,0.807520713817497,-3.8457433146428,0.000120187531682283,0.000618827207152382,"PNMA8B","Ex_L2_3"
"GABRG2",120.826140526877,1.52355898583607,0.396220189169575,3.84523309887175,0.000120437893719327,0.000619791444682385,"GABRG2","Ex_L2_3"
"ENSG00000228010",10.2966056054125,1.26058438381835,0.327906394724801,3.8443421784327,0.00012087624627949,0.000621721593429169,"ENSG00000228010","Ex_L2_3"
"ENSG00000291046",4.73780749454855,-2.27895295366528,0.59292085047687,-3.84360400183664,0.000121240584555695,0.000622943254537212,"MIPEPP3","Ex_L2_3"
"PSMA6",9.57704974744676,1.18802993738203,0.309092519762555,3.84360623898203,0.000121239478816084,0.000622943254537212,"PSMA6","Ex_L2_3"
"CPEB3",86.7147960111962,0.596473884098541,0.155203895602874,3.84316309704467,0.000121458693448146,0.000623737691811073,"CPEB3","Ex_L2_3"
"CST3",5.32771181097012,-2.61125386433427,0.679846418767828,-3.84094670832713,0.000122560722389525,0.000629068201021261,"CST3","Ex_L2_3"
"RBM22",3.04646375273759,-3.02754829543177,0.788327562030456,-3.84046992805106,0.000122799015056518,0.00062996215348054,"RBM22","Ex_L2_3"
"G2E3",15.7294429239735,0.981266289387321,0.255578124726065,3.8393985809195,0.000123336063972374,0.000632387000242486,"G2E3","Ex_L2_3"
"BRICD5",4.13059853505247,-2.29408469847362,0.597632892688599,-3.83861853411902,0.000123728480890315,0.000634068125334611,"BRICD5","Ex_L2_3"
"KCNN2",24.0846967519126,-1.67090869209739,0.435576704965978,-3.83608368640353,0.000125011825173185,0.000640310829249931,"KCNN2","Ex_L2_3"
"CD2AP",9.97031875116522,1.29053881285179,0.336460004301856,3.83563810364213,0.00012523870775851,0.00064113864774341,"CD2AP","Ex_L2_3"
"PIP4P1",7.23706450485186,1.50811448655607,0.393211030056752,3.83538194831006,0.000125369313007912,0.000641472984890482,"PIP4P1","Ex_L2_3"
"WDR70",34.8319861046271,-0.805984019633198,0.210154531538722,-3.83519695593474,0.000125463714413697,0.000641621827381653,"WDR70","Ex_L2_3"
"LASP1",4.50323864746998,-2.26138071031957,0.589788049806626,-3.83422605978709,0.00012596026124352,0.000643826017927335,"LASP1","Ex_L2_3"
"GRK2",3.64903469475285,-2.55646158817119,0.666855754989894,-3.83360504733132,0.000126278837238681,0.000645118719205825,"GRK2","Ex_L2_3"
"AIFM2",2.80048861304064,-3.4374133929146,0.897088702901765,-3.83174303922877,0.000127238595606188,0.000649683972575463,"AIFM2","Ex_L2_3"
"TRERF1",16.8526647016276,-1.05131731924765,0.274436917546483,-3.83081594359323,0.000127719020002624,0.000651798261041964,"TRERF1","Ex_L2_3"
"TBC1D30",4.50237868098643,-2.16576425070014,0.565416756292248,-3.83038568736848,0.000127942560731771,0.000652600060554994,"TBC1D30","Ex_L2_3"
"ZDHHC22",1.78660156349726,-4.03891585666717,1.05448036722012,-3.83024282122462,0.000128016868717807,0.000652640227443559,"ZDHHC22","Ex_L2_3"
"ZBTB11",10.0639778034889,1.15957425548008,0.302810744915368,3.82936958133428,0.000128471945837073,0.000654360301080854,"ZBTB11","Ex_L2_3"
"CNTNAP3",3.03154420923246,-3.5921899303997,0.938101541558876,-3.82921226675572,0.000128554090094264,0.000654360301080854,"CNTNAP3","Ex_L2_3"
"HHIPL1",1.88795720383259,-3.80681106117865,0.994120164452679,-3.82932687345148,0.000128494241529969,0.000654360301080854,"HHIPL1","Ex_L2_3"
"GLRA2",7.66916966924986,-1.72523900659034,0.450616702655114,-3.82861752887748,0.000128865089265708,0.000655364364146005,"GLRA2","Ex_L2_3"
"ENSG00000233571",4.98807656422237,-2.4667746449194,0.644305377245866,-3.82857994366557,0.000128884767053144,0.000655364364146005,"ENSG00000233571","Ex_L2_3"
"TBCK",44.1537148924924,-0.74141230802766,0.193671930085164,-3.82818670574324,0.000129090817165467,0.000655733292571638,"TBCK","Ex_L2_3"
"ENSG00000258216",8.18371756803623,1.23975229236888,0.323848382056432,3.82818738971759,0.000129090458504951,0.000655733292571638,"ENSG00000258216","Ex_L2_3"
"CLVS1",21.6107370144038,-1.73987286600635,0.454630768732577,-3.82700201056954,0.000129713455745695,0.000658555549997781,"CLVS1","Ex_L2_3"
"SLC35F1",21.9922673604385,-1.31449160780201,0.343504242572356,-3.82671141980182,0.000129866612785048,0.000658992564049749,"SLC35F1","Ex_L2_3"
"PLEKHJ1",2.64918486986519,-3.96438949965446,1.03609322833125,-3.82628646848661,0.000130090891951371,0.000659789841264984,"PLEKHJ1","Ex_L2_3"
"SLC38A10",5.36374076320356,-2.08263746498517,0.54442591688819,-3.82538266526516,0.000130569112002825,0.000661532210580586,"SLC38A10","Ex_L2_3"
"TASP1",21.5007938330322,-0.922972197214619,0.241270762370084,-3.8254622654977,0.00013052692752097,0.000661532210580586,"TASP1","Ex_L2_3"
"ENSG00000250075",8.72998794173884,-1.38322983697319,0.361683403395105,-3.82442164608296,0.000131079423118279,0.000663433412011318,"LOC101927237","Ex_L2_3"
"VPS13C",38.1129186023457,-0.831031354506896,0.217292330300998,-3.82448544481867,0.000131045487171092,0.000663433412011318,"VPS13C","Ex_L2_3"
"NUCB2",10.9393295168993,-1.48526434569533,0.388538322214271,-3.82269717239434,0.000131999851791615,0.000667747962925245,"NUCB2","Ex_L2_3"
"PTPN18",8.26450848671094,-1.45936841070714,0.381877533875017,-3.82156131547862,0.00013260943247475,0.000670486394560959,"PTPN18","Ex_L2_3"
"AGAP1",104.561033308941,0.499779765374024,0.130822153710511,3.8202991710407,0.000133289898813389,0.00067277192500411,"AGAP1","Ex_L2_3"
"EPM2AIP1",15.4866619280781,-1.0381798287931,0.271748614872269,-3.82036842867104,0.000133252474443916,0.00067277192500411,"EPM2AIP1","Ex_L2_3"
"AMPH",157.635174616639,1.5386263177139,0.402722592940424,3.82056121182532,0.000133148353387077,0.00067277192500411,"AMPH","Ex_L2_3"
"SAMD4A",12.3948930004414,1.13824005938244,0.297951832621439,3.82021499706171,0.000133335396781657,0.00067277192500411,"SAMD4A","Ex_L2_3"
"ZNF320",4.6415220864255,-2.84280796951761,0.744192817927972,-3.81998845061786,0.000133457923037347,0.000673044474291017,"ZNF320","Ex_L2_3"
"ATAD1",17.4947369623577,0.930793282314957,0.243707409903112,3.81930644901196,0.000133827420133613,0.00067456160871863,"ATAD1","Ex_L2_3"
"ENSG00000254180",7.5457071943705,-2.2230537586152,0.582139734748286,-3.8187631352401,0.000134122468035805,0.000675009798147412,"ENSG00000254180","Ex_L2_3"
"ENSG00000255557",5.05755150134614,-1.96649261415095,0.514934757302074,-3.81891605929672,0.00013403936032883,0.000675009798147412,"ENSG00000255557","Ex_L2_3"
"GSTP1",5.67581340576282,1.66955408325471,0.437184850411434,3.81887451425524,0.000134061933486736,0.000675009798147412,"GSTP1","Ex_L2_3"
"NUP107",10.8468436655148,1.09176622184733,0.285967331368714,3.81780050407105,0.000134646732762254,0.000677301332645356,"NUP107","Ex_L2_3"
"EP400",20.3710072065215,0.830491313905878,0.217546583587033,3.81753323914473,0.00013479263170299,0.000677688236361398,"EP400","Ex_L2_3"
"DIRAS1",3.78018953165332,-2.74707791891697,0.719654479772373,-3.81721784013055,0.000134964998461955,0.00067820774674693,"DIRAS1","Ex_L2_3"
"TMEM65",14.1598690882423,-1.07456135548777,0.281582873068442,-3.81614600269592,0.000135552314937092,0.000680775237965849,"TMEM65","Ex_L2_3"
"FRS2",21.1621908717305,0.844610393182783,0.221332062764802,3.81603271858676,0.000135614529794296,0.000680775237965849,"FRS2","Ex_L2_3"
"NMNAT3",4.71855633480956,-3.16070819664007,0.82850103092473,-3.81497195376118,0.000136198401329007,0.000683046022677371,"NMNAT3","Ex_L2_3"
"PSD3",235.102399051788,1.49120454856647,0.390883579103022,3.81495828499217,0.000136205940393421,0.000683046022677371,"PSD3","Ex_L2_3"
"SCFD1",44.7277108014144,0.9048692030977,0.237290075455869,3.8133461812902,0.000137097865365332,0.000687168076198481,"SCFD1","Ex_L2_3"
"PPP1R2",13.8254913627446,1.23628604468564,0.324212209959665,3.81320014085665,0.000137178936045058,0.000687223797912622,"PPP1R2","Ex_L2_3"
"RANBP2",37.4152226500739,0.914246181064784,0.239848134599114,3.81177107169447,0.000137974634592455,0.000690857701445604,"RANBP2","Ex_L2_3"
"INTS3",4.28194611840214,-2.74556926915693,0.720452738865345,-3.81089434607603,0.000138464940712214,0.000692959540273455,"INTS3","Ex_L2_3"
"STX5",14.8030731013375,1.04781385118077,0.274962776809952,3.81074799773714,0.000138546945251192,0.000693016899260545,"STX5","Ex_L2_3"
"UCK2",5.50490645366227,-2.40038491853194,0.629968943915213,-3.81032262259424,0.000138785558926308,0.00069338396573894,"UCK2","Ex_L2_3"
"DMAC1",4.5138585552751,-2.57735735368095,0.676396522257572,-3.81042372169307,0.00013872881246555,0.00069338396573894,"DMAC1","Ex_L2_3"
"RNF213",12.3652397026605,1.00736911479071,0.264384703095747,3.81023978692854,0.000138832070501679,0.00069338396573894,"RNF213","Ex_L2_3"
"CHMP4B",4.63862454115865,-2.05015667528504,0.538440918099985,-3.80757963662848,0.000140333554479868,0.000700526849192186,"CHMP4B","Ex_L2_3"
"WASH6P",5.0339057610827,-1.96184395000843,0.515326096917462,-3.8069951468471,0.000140665504619193,0.000701827281553558,"WASH6P","Ex_L2_3"
"TBC1D23",19.4143731449081,1.06263787803291,0.279140476000031,3.80682118645089,0.000140764444926719,0.000701964419776693,"TBC1D23","Ex_L2_3"
"UQCR10",13.3336794150783,-1.13512126147674,0.29819458911649,-3.80664607241852,0.00014086410756408,0.000702105019132179,"UQCR10","Ex_L2_3"
"ZNF236-DT",3.35376331627109,-2.73133324693435,0.71755996709248,-3.8064181004991,0.000140993952787736,0.000702395837822881,"ZNF236-DT","Ex_L2_3"
"HHATL",3.30930653219847,-2.7731747136684,0.728606473000541,-3.80613515859657,0.000141155263866367,0.000702843037112616,"HHATL","Ex_L2_3"
"TMEM160",15.6754635074896,0.942904124561796,0.247819981389792,3.80479459030674,0.000141921915404685,0.000706302379400011,"TMEM160","Ex_L2_3"
"NTNG2",3.48534232810707,-3.00545784963069,0.790009002085884,-3.80433367429395,0.000142186411309587,0.000707260407445765,"NTNG2","Ex_L2_3"
"TG",2.51041948527132,-3.7309282592054,0.980921091916495,-3.80349478663572,0.000142668997425214,0.000709017727498146,"TG","Ex_L2_3"
"FBXO34",42.4557402364429,0.713524876357409,0.187598462745472,3.80346867407704,0.000142684043899006,0.000709017727498146,"FBXO34","Ex_L2_3"
"LRATD1",13.8539248208138,-1.08582280388186,0.285536011002968,-3.80275258475391,0.000143097248923186,0.000710711513357623,"LRATD1","Ex_L2_3"
"MYH10",35.3082707855093,-0.808370460739287,0.212585089215865,-3.80257365989787,0.000143200669759385,0.000710865780553914,"MYH10","Ex_L2_3"
"LMBRD2",14.7004375779604,-1.0837823528459,0.285052133961498,-3.80204960329216,0.000143503986289202,0.000712011697628848,"LMBRD2","Ex_L2_3"
"SEC61A2",17.4553485132014,1.02502223650663,0.269606332514484,3.8019219613529,0.000143577955207755,0.000712019097405849,"SEC61A2","Ex_L2_3"
"NLGN1",327.882557706702,-1.28344361397095,0.337668348165409,-3.80089996869428,0.000144171499260472,0.000714601820754228,"NLGN1","Ex_L2_3"
"CCS",6.20631830529489,-1.81328580555554,0.47715096952494,-3.80023498089269,0.000144558945191351,0.000716160906485039,"CCS","Ex_L2_3"
"TWSG1",8.13315603354465,1.22741542661965,0.323111651031818,3.79873465627145,0.000145436693177785,0.000720146206541611,"TWSG1","Ex_L2_3"
"NBPF11",10.1570900495536,-1.37227871626494,0.361322920749595,-3.79792877080155,0.000145910236793659,0.000722127035899703,"NBPF11","Ex_L2_3"
"CARS2",11.2157601759481,-1.41078933791557,0.371502095434361,-3.79752726903484,0.000146146703375164,0.000722933138951464,"CARS2","Ex_L2_3"
"RB1",27.0503741878181,0.818981577834395,0.215688271227819,3.79706125498754,0.000146421617278455,0.000723928519448184,"RB1","Ex_L2_3"
"SMARCA5",13.5724702815427,1.04030859403834,0.27407691230932,3.79568123879134,0.000147238583854143,0.000727601533090092,"SMARCA5","Ex_L2_3"
"GID8",6.20669295533075,-1.6722356892297,0.440704375497946,-3.79446128108045,0.00014796436846924,0.000730820490619314,"GID8","Ex_L2_3"
"ZNF772",1.85402076933664,-3.77336083722533,0.994484509079069,-3.79428819934019,0.000148067611742369,0.000730962923495998,"ZNF772","Ex_L2_3"
"POC5",4.78472519766268,-2.42452632891167,0.639219470760428,-3.79294818104868,0.000148869231185163,0.000734551143728299,"POC5","Ex_L2_3"
"C12orf4",7.74489918566775,-1.54410103439199,0.407279054070335,-3.79126060856871,0.000149884576470681,0.000739189798819264,"C12orf4","Ex_L2_3"
"RC3H2",12.6902718303298,1.05152879616332,0.277423292280629,3.79034070109601,0.000150440790234272,0.000741560623814094,"RC3H2","Ex_L2_3"
"CPSF4",11.4482947854064,1.09488390032337,0.288910060860122,3.78970499353246,0.000150826299879085,0.000743088049153525,"CPSF4","Ex_L2_3"
"OCRL",6.96691355060684,-1.56326447212042,0.412546835574624,-3.78930181331533,0.000151071280631388,0.000743921935299626,"OCRL","Ex_L2_3"
"PTPRU",3.43416058798793,-2.56723637803518,0.677694068423528,-3.78819366680775,0.000151746544800772,0.00074649877622573,"PTPRU","Ex_L2_3"
"LINC01004",14.600895474105,-1.42789949419823,0.376932604528821,-3.788209024749,0.000151737166844158,0.00074649877622573,"LINC01004","Ex_L2_3"
"RFX3-DT",18.7436068170091,1.38332866649437,0.365253372283852,3.78731251088719,0.000152285516044702,0.000748775230041618,"RFX3-DT","Ex_L2_3"
"B3GLCT",9.97592981039723,-1.25393346361302,0.33113636818081,-3.78675852036989,0.000152625294114451,0.000750070479930149,"B3GLCT","Ex_L2_3"
"RGL2",5.62498927777131,-2.19777753243897,0.58042381988116,-3.78650471803338,0.0001527811965212,0.000750087813932019,"RGL2","Ex_L2_3"
"SNTB2",59.1782026625424,1.18299320562805,0.312423583604777,3.78650418120983,0.000152781526433018,0.000750087813932019,"SNTB2","Ex_L2_3"
"SMARCAL1",5.01875066207051,-2.7764709751508,0.733289230034734,-3.78632449711458,0.0001528919912921,0.000750255206020777,"SMARCAL1","Ex_L2_3"
"SKIC8",15.6525399218381,1.193917539556,0.315378769575198,3.78566236771154,0.000153299699623389,0.000751880304093946,"SKIC8","Ex_L2_3"
"SEMA5B",8.28297077138999,-1.5144940837533,0.400318325155923,-3.78322447058452,0.000154809680616715,0.000758907336516272,"SEMA5B","Ex_L2_3"
"ENSG00000203279",7.80224282324974,-3.41756628655292,0.903527390318954,-3.78247114937654,0.000155279095585548,0.000760828845402703,"ENSG00000203279","Ex_L2_3"
"RASA3",14.1351306278003,1.0507624196706,0.277938289781095,3.78056013980003,0.000156475914750342,0.000766310760970767,"RASA3","Ex_L2_3"
"SCN1A",46.4046120469522,-0.749881479403645,0.198370045521393,-3.78021529123849,0.000156692807658507,0.000766990604104223,"SCN1A","Ex_L2_3"
"WARS1",8.0858907919329,1.27164368726911,0.336463675386813,3.77943825825233,0.000157182560980464,0.000768621940802427,"WARS1","Ex_L2_3"
"SLX4IP",6.32209681789937,-1.670811324798,0.442078595515389,-3.77944406661471,0.000157178894710289,0.000768621940802427,"SLX4IP","Ex_L2_3"
"FBXO33",25.9546101317672,1.12545588774188,0.297844608131533,3.77866799336136,0.000157669470084402,0.000770619340352821,"FBXO33","Ex_L2_3"
"KCNA3",4.58344022988679,-2.11481495710538,0.559844815053409,-3.77750208672313,0.000158409178212449,0.000773300444021778,"KCNA3","Ex_L2_3"
"MARCHF4",12.7458976296136,-1.16450765612509,0.308274548088923,-3.77750178645687,0.000158409369136004,0.000773300444021778,"MARCHF4","Ex_L2_3"
"SDHAP4",22.7257190856458,0.842967644843439,0.223158959236424,3.77743133292875,0.000158454172823273,0.000773300444021778,"SDHAP4","Ex_L2_3"
"TMEM59L",60.65315847935,-0.64504447040341,0.170792555816824,-3.77677157718292,0.000158874312050819,0.000774965859775196,"TMEM59L","Ex_L2_3"
"SLC31A1",5.84588187718636,1.54911867231811,0.410213870869165,3.77636833448812,0.000159131617089387,0.000775835735129599,"SLC31A1","Ex_L2_3"
"MAPK10",215.335962815645,-0.735075659983519,0.194669829409509,-3.77601224706068,0.000159359158836132,0.000776559710518928,"MAPK10","Ex_L2_3"
"DCHS2",2.9168882975728,-3.53035893493716,0.935270389705248,-3.77469336546596,0.000160204601084019,0.000779159836115955,"DCHS2","Ex_L2_3"
"JAZF1-AS1",2.42160695307124,-3.75417840575183,0.994563745714491,-3.77469862734122,0.00016020121969536,0.000779159836115955,"JAZF1-AS1","Ex_L2_3"
"RABGAP1",64.5169431740184,0.725934883326726,0.192304747255456,3.77491920343703,0.000160059533386642,0.000779159836115955,"RABGAP1","Ex_L2_3"
"MTHFD1",8.17422026796769,1.2193157401576,0.323024502162664,3.77468499136822,0.000160209982588989,0.000779159836115955,"MTHFD1","Ex_L2_3"
"ALOX12P2",10.8072842550769,-1.40400763821831,0.372183590849266,-3.77235233561635,0.000161715674903815,0.000786093414277623,"ALOX12P2","Ex_L2_3"
"TAC4",4.9659219022328,2.01579151078597,0.53444886278834,3.77172008612599,0.000162126069709914,0.000787698570143517,"TAC4","Ex_L2_3"
"MARK1",27.7378818396181,-0.816836062116166,0.216575901422265,-3.77159257679161,0.00016220895501343,0.000787711702447817,"MARK1","Ex_L2_3"
"CLCN3",16.8831565593002,-1.03527896420026,0.27453667858244,-3.77100418620158,0.000162591945202201,0.000789181457345069,"CLCN3","Ex_L2_3"
"TNRC6B",102.748512624043,-0.515679767480223,0.136819611776951,-3.76904860920747,0.00016387097497387,0.000794996769453481,"TNRC6B","Ex_L2_3"
"ZNF135",4.79329822857919,-1.9663286163908,0.521733524044079,-3.76883701309689,0.000164009933888734,0.000795278178935303,"ZNF135","Ex_L2_3"
"BRSK1",15.0993422043832,-1.15422207465519,0.306289840171361,-3.76839817477926,0.000164298480257273,0.000796284297014034,"BRSK1","Ex_L2_3"
"CCDC146",14.1715404498362,1.0641798986791,0.282436312004027,3.76785793274318,0.000164654357848253,0.000797615587525265,"CCDC146","Ex_L2_3"
"ENSG00000288075",25.7152958233511,-0.820960185188407,0.218021833578636,-3.76549527959228,0.0001662192640231,0.000804402980178784,"LOC105369250","Ex_L2_3"
"RTCB",6.4428889613025,1.36818767535618,0.363347783340292,3.76550439575631,0.00016621319912029,0.000804402980178784,"RTCB","Ex_L2_3"
"ENSG00000289505",3.52111058964335,1.84727174798026,0.490747806090112,3.76419766946664,0.000167084679618715,0.00080819295547723,"ENSG00000289505","Ex_L2_3"
"AASDH",11.1895945449536,-1.81239958490363,0.481659837902153,-3.76282065118289,0.000168007689687372,0.000812257649354699,"AASDH","Ex_L2_3"
"SSRP1",4.4596326396508,-2.14743057141495,0.570797091501693,-3.76216102602299,0.000168451531066195,0.000814002873189523,"SSRP1","Ex_L2_3"
"YME1L1",23.8442137517627,0.975554763497424,0.259425692838165,3.76044004286805,0.000169614725942367,0.000819220780559397,"YME1L1","Ex_L2_3"
"PEX16",5.04648911355388,1.49753342367146,0.398248319448081,3.76030067307463,0.00016970925451147,0.000819274553474534,"PEX16","Ex_L2_3"
"ENSG00000279668",9.02057107236635,1.40098681931704,0.372630811836146,3.75971813069791,0.00017010490479295,0.000820781230199382,"ENSG00000279668","Ex_L2_3"
"DPYD",162.958938129795,-0.899150387338847,0.239323882226107,-3.7570441318905,0.000171932184761992,0.000829190860629262,"DPYD","Ex_L2_3"
"PSMB7",19.6664657760746,0.84059924753547,0.223816445045937,3.75575283292049,0.000172821190777525,0.000833069371049268,"PSMB7","Ex_L2_3"
"PCM1",60.7346497091645,0.549190816867637,0.146240690190022,3.75538994074789,0.000173071804179957,0.000833868270850364,"PCM1","Ex_L2_3"
"TSPAN17",4.94939096770028,-2.27003672609049,0.604567272145889,-3.75481245955158,0.00017347131764847,0.000835383443420867,"TSPAN17","Ex_L2_3"
"SYNGAP1",12.2067047085701,-1.12362319715798,0.29933243924217,-3.75376354130778,0.000174199200414554,0.000838477679996362,"SYNGAP1","Ex_L2_3"
"RANBP17",5.26770023457222,-2.47227434293225,0.658831838064204,-3.75251194629018,0.00017507148641253,0.000842263605541968,"RANBP17","Ex_L2_3"
"PNISR",87.9796185859008,-0.522117493373504,0.139150972321813,-3.75216561308684,0.000175313584305323,0.000843015493008075,"PNISR","Ex_L2_3"
"TMEM69",1.67863103129972,-3.79172171885716,1.01072806635228,-3.75147563927999,0.000175796836575581,0.00084492569594839,"TMEM69","Ex_L2_3"
"GATD1",6.45509048636945,-1.6326678769194,0.435241268491546,-3.75117893249848,0.000176005032619542,0.000845512684818768,"GATD1","Ex_L2_3"
"MBD2",8.8321471491979,1.20915687857065,0.322364625484216,3.75089815377355,0.000176202265624595,0.000846046460164235,"MBD2","Ex_L2_3"
"SAMM50",2.71098656094369,-3.37969943044895,0.901078133294999,-3.75072849464264,0.000176321543392507,0.000846205589784066,"SAMM50","Ex_L2_3"
"SIRPA",24.8090071624138,-0.952692682159207,0.254077994001534,-3.74960722554136,0.000177111755634546,0.000849582952809461,"SIRPA","Ex_L2_3"
"NAA60",9.42041422264013,1.29940334754762,0.346607683305749,3.74891674401053,0.000177600026691106,0.000851509351983128,"NAA60","Ex_L2_3"
"SORD",1.68754465910567,-3.79602959775557,1.01274426504861,-3.74826076904357,0.000178065068798799,0.00085290650213525,"SORD","Ex_L2_3"
"UNKL",6.99775010520415,-1.54809610932348,0.413007554072577,-3.74834816956263,0.000178003041663541,0.00085290650213525,"UNKL","Ex_L2_3"
"LINC02607",4.09564789110756,-3.42973082166586,0.915412575011626,-3.74665032498849,0.000179211626040028,0.000857525909062643,"LINC02607","Ex_L2_3"
"CTTNBP2NL",19.1963293465664,1.39036908423172,0.37109134749343,3.74670305201966,0.000179173977315626,0.000857525909062643,"CTTNBP2NL","Ex_L2_3"
"DECR1",7.55453416000079,-3.3662084914415,0.898484909662119,-3.74653870670725,0.000179291349472177,0.000857525909062643,"DECR1","Ex_L2_3"
"C12orf76",5.90764044873524,-1.71329741663846,0.457347765264105,-3.74615893367072,0.000179562852438612,0.000858406551025267,"C12orf76","Ex_L2_3"
"MSH2",14.1472036095149,-1.04564095216065,0.279274067679955,-3.74413908476081,0.000181013366910341,0.000864919901034623,"MSH2","Ex_L2_3"
"HECTD3",4.32604106696019,1.70313359657184,0.454922070269711,3.74379197641938,0.000181263742462398,0.00086569519005863,"HECTD3","Ex_L2_3"
"ZBTB47",5.68255637732002,-1.72287003335265,0.460376172906889,-3.74230929996697,0.000182336894284102,0.000870397302938296,"ZBTB47","Ex_L2_3"
"GABRD",7.95054290999716,-1.42312203077521,0.380367582380977,-3.74143879945532,0.000182969737040937,0.000872994024618826,"GABRD","Ex_L2_3"
"PLCXD1",3.4029355176156,-2.5434732859616,0.679955932303572,-3.74064430520483,0.000183549126023161,0.000875333307792006,"PLCXD1","Ex_L2_3"
"ZNF133",9.80783875263178,-1.34586075210975,0.359821159648622,-3.74036022068305,0.000183756714405141,0.000875898089430425,"ZNF133","Ex_L2_3"
"LINC02197",1.63810735054215,-3.79541557696575,1.01477184854378,-3.74016640529817,0.000183898467277096,0.000876148662720754,"LINC02197","Ex_L2_3"
"EPHA5-AS1",2.63076535926253,-3.64020517418104,0.97332997915401,-3.73994971093463,0.000184057075112334,0.000876479256375943,"EPHA5-AS1","Ex_L2_3"
"ENSG00000286481",52.5621522786212,0.854712330245177,0.228616194232831,3.73863423417287,0.000185022691913911,0.000880650642132881,"ENSG00000286481","Ex_L2_3"
"NAA20",6.4680381793565,1.32063982682141,0.353312551095649,3.73787974054702,0.000185578669739991,0.00088286917749427,"NAA20","Ex_L2_3"
"ZNF675",8.52750637010576,-1.73166628836683,0.463334058263829,-3.73740340793336,0.000185930482168003,0.000884114741925684,"ZNF675","Ex_L2_3"
"LZTFL1",5.26259015931212,-1.94600120390928,0.520738050537998,-3.73700597046592,0.000186224503456418,0.000885084432489527,"LZTFL1","Ex_L2_3"
"MRPS11",6.33049751571796,-2.09461295018415,0.56053635763091,-3.73680122916017,0.000186376140068861,0.000885343845045187,"MRPS11","Ex_L2_3"
"GET1",11.0010039834723,-1.50768347319084,0.403481125195317,-3.73668897760956,0.00018645932567167,0.000885343845045187,"GET1","Ex_L2_3"
"SEC22A",13.981881551933,1.11900231486761,0.299521023059345,3.73597253187097,0.000186991080727692,0.000887029030540795,"SEC22A","Ex_L2_3"
"AASDHPPT",9.53612099091587,-1.41800802461704,0.379555771007251,-3.7359674992004,0.000186994821075935,0.000887029030540795,"AASDHPPT","Ex_L2_3"
"UBXN1",10.0515830676391,1.46634709636621,0.392559993260571,3.73534522503645,0.000187457845905921,0.000888796273252782,"UBXN1","Ex_L2_3"
"ST6GALNAC6",4.42976334636371,-2.14800455758581,0.575070934196334,-3.73519931169475,0.000187566573690989,0.000888882788200807,"ST6GALNAC6","Ex_L2_3"
"GPSM1",8.35500866529948,-1.59530289477931,0.427509499020035,-3.7316197615168,0.000190252523988822,0.000901176854226705,"GPSM1","Ex_L2_3"
"LINC02389",10.5040727116325,-2.28590660479315,0.612640685363503,-3.73123538707983,0.000190543082597948,0.00090211818961072,"LINC02389","Ex_L2_3"
"PRB2",4.4258098110801,-2.0327803004447,0.544919484975367,-3.73042322121514,0.000191158391990873,0.000904595396396115,"PRB2","Ex_L2_3"
"GRIP1",30.3236678243782,-0.868486523975375,0.232844219333399,-3.72990373762223,0.000191552939478607,0.000906026036320574,"GRIP1","Ex_L2_3"
"FKBP4",2.91143768157999,-3.03049002979923,0.812695000555693,-3.72893893493511,0.000192287737959806,0.000908874696539845,"FKBP4","Ex_L2_3"
"SLC8A2",18.4045950230761,-0.945398673809897,0.253534888492128,-3.72887013472804,0.000192340237592257,0.000908874696539845,"SLC8A2","Ex_L2_3"
"URM1",6.20283009900307,-2.31224721377762,0.62021077139873,-3.72816358632876,0.000192880166193313,0.000910987861866881,"URM1","Ex_L2_3"
"L3MBTL3",7.08544076732626,-1.50028059317805,0.402478976386745,-3.72759990260068,0.000193311941908289,0.000912588427346002,"L3MBTL3","Ex_L2_3"
"TTC9C",5.7123921780463,-2.58729204201685,0.694204801672222,-3.72698666990562,0.000193782703114284,0.0009143714098918,"TTC9C","Ex_L2_3"
"TMEM263",3.96771955104058,1.74228188818713,0.467682585613836,3.7253512142223,0.000195043468947876,0.000919878559262571,"TMEM263","Ex_L2_3"
"LINC02232",4.53417367128635,-2.78639950875003,0.748063406079898,-3.72481728968897,0.0001954567352741,0.000921385301023396,"LINC02232","Ex_L2_3"
"SRRM4",80.7173281644295,0.873792589603856,0.234656307714343,3.72371234387426,0.000196314596156477,0.000924541990719668,"SRRM4","Ex_L2_3"
"ENSG00000286286",1.65440183979424,-3.93576550914256,1.05693637047372,-3.72374876964311,0.000196286259513919,0.000924541990719668,"ENSG00000286286","Ex_L2_3"
"SIMC1",19.493303921746,0.892912863102879,0.239802833427056,3.72352924418004,0.000196457092852991,0.00092476975572007,"SIMC1","Ex_L2_3"
"FBXO2",6.95186122767076,-1.61831401045224,0.434893463815252,-3.72117344844648,0.000198299173442459,0.000932993812212031,"FBXO2","Ex_L2_3"
"ZNF449",3.05856608082783,-2.90980810934601,0.782136801232775,-3.72033141102641,0.000198961520344063,0.000935662027697501,"ZNF449","Ex_L2_3"
"CGGBP1",14.0988725711841,0.977403864559438,0.262808882178519,3.71906708958,0.000199959940690224,0.00093945789447191,"CGGBP1","Ex_L2_3"
"MAP3K7",28.8389289956653,0.730897681194633,0.196524838229665,3.71911096723806,0.000199925212297405,0.00093945789447191,"MAP3K7","Ex_L2_3"
"ALS2CL",3.38297961701522,-2.52829357283166,0.679937872185,-3.71841851477829,0.00020047393771633,0.000941422544992937,"ALS2CL","Ex_L2_3"
"SLC38A11",6.74748498166257,-2.26688108816795,0.609731927124051,-3.71783235767273,0.000200939536173162,0.000943158147809434,"SLC38A11","Ex_L2_3"
"IL34",8.79715961786206,1.34052518902648,0.360676313193594,3.71669871291756,0.000201842900785617,0.000946945872644653,"IL34","Ex_L2_3"
"RAPGEF5",273.781151660513,1.26929321438191,0.341525635963542,3.71653861591053,0.000201970783905018,0.000947093547056274,"RAPGEF5","Ex_L2_3"
"GSDME",1.65141824487256,-3.93255472674841,1.05854840927614,-3.71504476534766,0.000203167723821178,0.000952001481043305,"GSDME","Ex_L2_3"
"ENSG00000285939",38.0756911257281,-1.19824000943437,0.322541866270356,-3.714990625217,0.000203211228190942,0.000952001481043305,"ENSG00000285939","Ex_L2_3"
"ENSG00000263551",14.9120147602608,-1.12384357288596,0.302602513233658,-3.7139267644422,0.000204067872373319,0.000955558998186599,"ENSG00000263551","Ex_L2_3"
"ADAM17",30.1148796288937,0.836387324427269,0.225212797525926,3.71376464222015,0.000204198714243229,0.000955716135648159,"ADAM17","Ex_L2_3"
"SP3",14.8289746777692,0.975679061275268,0.262728524549297,3.71363963219835,0.000204299658258725,0.000955733258444624,"SP3","Ex_L2_3"
"DIP2A",16.0689514184378,0.898993474519509,0.24214359825306,3.71264605385102,0.000205103628684613,0.000959037624082646,"DIP2A","Ex_L2_3"
"SORCS3",118.58290294588,1.65043992680269,0.444563361706745,3.71249650548441,0.000205224895238561,0.000959148130743875,"SORCS3","Ex_L2_3"
"APBA2",52.2952084906361,0.694309119223031,0.187056744216071,3.71175667647155,0.000205825802971313,0.000961499138559286,"APBA2","Ex_L2_3"
"CHD1-DT",11.259243320754,-2.00333158300651,0.539776350952762,-3.71141043780524,0.00020610759408465,0.000962357891771675,"CHD1-DT","Ex_L2_3"
"DYNC1I2",26.9075536747669,-0.769323853111789,0.207295729116346,-3.71123831827717,0.000206247810743381,0.000962555103440843,"DYNC1I2","Ex_L2_3"
"ECHDC1",11.1313418482375,-1.17202784909708,0.315904297220538,-3.71007251059605,0.000207199893786726,0.000966539295612914,"ECHDC1","Ex_L2_3"
"CEP57",19.2837804714376,0.927699293826291,0.250158838966566,3.70844099556394,0.000208539239956582,0.000972325340927129,"CEP57","Ex_L2_3"
"UBR1",46.0207561392631,0.73613785774494,0.198564576477504,3.70729699528424,0.000209483219781801,0.000976263354429038,"UBR1","Ex_L2_3"
"POU6F2",13.5374346219596,-6.04861892310323,1.6318652230413,-3.70656769793184,0.00021008709768906,0.000978613393882089,"POU6F2","Ex_L2_3"
"ENSG00000253853",1.6041709160462,-3.76291346691683,1.01528015913707,-3.70628090488352,0.000210325017642876,0.000979257333328727,"ENSG00000253853","Ex_L2_3"
"COPRS",5.86652312570577,-1.72203003813682,0.464708284984187,-3.70561510043967,0.000210878336738697,0.000981368441554219,"COPRS","Ex_L2_3"
"PLGLB1",7.15846833385435,-2.21031783977511,0.596518784792212,-3.70536166861039,0.000211089311127349,0.000981885129031761,"PLGLB1","Ex_L2_3"
"EPS15",10.3925338624651,-1.89831567083527,0.512374053785543,-3.70494106173031,0.00021143989126613,0.000983050398390185,"EPS15","Ex_L2_3"
"NIFK-AS1",5.35869211636205,-1.78675927266338,0.482440466168547,-3.70358499744743,0.00021257391167177,0.000987642208116545,"NIFK-AS1","Ex_L2_3"
"HIC2",4.14461066636945,-2.49695698864583,0.674211867064535,-3.70351978454099,0.000212628590204244,0.000987642208116545,"HIC2","Ex_L2_3"
"STK25",21.2955953714357,-0.939609493352599,0.253735687286398,-3.70310342782817,0.000212978000885492,0.000988797675188599,"STK25","Ex_L2_3"
"LINC01135",7.66058085969146,-2.49751717610859,0.674660129954601,-3.70188938877514,0.000213999915295838,0.000993072823744125,"LINC01135","Ex_L2_3"
"SPAG9",28.6994762917286,1.09030121730737,0.294554182460358,3.70153025226219,0.000214303098959343,0.000994010219157974,"SPAG9","Ex_L2_3"
"COX6C",21.9404708159816,0.786677617670937,0.212538395284957,3.70134354602713,0.000214460875989023,0.000994272602980729,"COX6C","Ex_L2_3"
"TUT4",40.5278465898065,0.836977922223943,0.22614297276645,3.70110073280206,0.000214666229681485,0.000994755207731563,"TUT4","Ex_L2_3"
"CYB5R3",8.01087823214394,1.33194378261116,0.360034860937938,3.69948559742597,0.0002160368992127,0.0010006348410493,"CYB5R3","Ex_L2_3"
"PSMC1",15.50360881699,0.943893512271593,0.255155661146771,3.69928500911702,0.000216207699118527,0.00100095402268634,"PSMC1","Ex_L2_3"
"PDCD10",19.9717617764011,0.980972890113238,0.265199738659614,3.69899644347812,0.000216453633680374,0.00100162058279604,"PDCD10","Ex_L2_3"
"FBXO45",3.28405961403418,-2.6515817964387,0.716986441244648,-3.69823143633749,0.00021710689476013,0.00100417049629168,"FBXO45","Ex_L2_3"
"TFPT",3.97089933578827,-2.32440742628296,0.628613733269245,-3.69767204129373,0.00021758574911056,0.00100591171729983,"TFPT","Ex_L2_3"
"ANKRD26",44.7259112004761,-0.639334947888618,0.172990368084188,-3.69578349921468,0.000219209717617941,0.0010129427403004,"ANKRD26","Ex_L2_3"
"STK38",9.74002183506243,-1.92997415391147,0.522319068803314,-3.69500994542135,0.000219878180577805,0.00101555394734196,"STK38","Ex_L2_3"
"MAST3",26.773419137589,-0.802283971738286,0.21723374173173,-3.69318304487457,0.000221464492962882,0.00102239999006924,"MAST3","Ex_L2_3"
"CRYM",14.7253254190298,-1.19971070962238,0.324938230877888,-3.69211928796777,0.000222393104385493,0.0010262047240409,"CRYM","Ex_L2_3"
"HYDIN",14.2390715669109,-1.48709412285905,0.402879576406111,-3.69116284355906,0.000223231156423293,0.00102910505898753,"HYDIN","Ex_L2_3"
"TMEM91",4.88141542365121,-2.17456793793638,0.58912390515213,-3.69118944065737,0.000223207811596837,0.00102910505898753,"TMEM91","Ex_L2_3"
"ATP1A2",3.13243424884455,-2.7028666820637,0.732308666551364,-3.69088446650812,0.00022347563132428,0.00102974887529537,"ATP1A2","Ex_L2_3"
"DGKQ",8.82561790324386,-1.55590407140991,0.421742546191259,-3.68922719668959,0.00022493628040207,0.00103599344522735,"DGKQ","Ex_L2_3"
"SIAH1",8.28013031100235,1.17877365882067,0.319614261232228,3.68811345988153,0.000225922911606535,0.00104004999232549,"SIAH1","Ex_L2_3"
"BBS1",9.19020610286041,-1.54218952712562,0.418426944697628,-3.68568407620133,0.00022808915249501,0.00104953060145713,"BBS1","Ex_L2_3"
"XRCC6",12.9851259702189,1.02861767892495,0.279258412003979,3.68339013153985,0.000230152506350383,0.0010585291303306,"XRCC6","Ex_L2_3"
"SNTG1",125.718957266751,-1.04592626140889,0.283985383029251,-3.68302850749594,0.000230479373451123,0.00105854575258711,"SNTG1","Ex_L2_3"
"TPM2",3.05308765635492,-2.76854236754183,0.751655043479444,-3.68326187864865,0.000230268382591225,0.00105854575258711,"TPM2","Ex_L2_3"
"DTX4",3.04391868570968,-3.62447348660586,0.9840880270271,-3.68307853267485,0.000230434130414633,0.00105854575258711,"DTX4","Ex_L2_3"
"ENSG00000259481",4.84065712928672,2.21294374186992,0.600905907184905,3.68267929373004,0.000230795436529246,0.001059502041338,"ENSG00000259481","Ex_L2_3"
"HTR1F",8.5582054609945,-1.76184575195737,0.478492297674686,-3.68207756011821,0.000231341002382229,0.00106151051256563,"HTR1F","Ex_L2_3"
"GRSF1",12.5240272883251,1.01374842143991,0.275345254748733,3.68173558089827,0.000231651599293222,0.00106243945446154,"GRSF1","Ex_L2_3"
"KCNMB2-AS1",35.3525985316816,1.68903261301144,0.458861433865286,3.68092083656635,0.000232393154746583,0.0010653431414981,"KCNMB2-AS1","Ex_L2_3"
"ENSG00000291094",2.66766512813206,-3.23129244116945,0.877931154965215,-3.6805761168112,0.000232707578338976,0.00106628696343382,"ENSG00000291094","Ex_L2_3"
"FAXC",10.9396029346146,-1.28026041559788,0.347937756592515,-3.67956736899137,0.000233629965915312,0.00106951574331408,"FAXC","Ex_L2_3"
"LGI1",8.51388664938693,1.18362389071204,0.321672383562102,3.67959436742734,0.000233605234231154,0.00106951574331408,"LGI1","Ex_L2_3"
"BAHCC1",5.42241699751265,-1.78732284001917,0.485788303853962,-3.67922164004277,0.000233946885197569,0.00107046772248762,"BAHCC1","Ex_L2_3"
"PDE10A",23.4864712789358,-1.08200924731787,0.294121418226542,-3.6787842716183,0.000234348385613066,0.00107180565189142,"PDE10A","Ex_L2_3"
"TMCO1",5.27000298555734,-1.92589286603848,0.523791485053394,-3.67683118377185,0.000236149206676867,0.00107937086100785,"TMCO1","Ex_L2_3"
"FGF13",15.2142111667429,0.985141069452316,0.267937842673922,3.67675226321511,0.000236222246657866,0.00107937086100785,"FGF13","Ex_L2_3"
"MBTPS2",5.31333132905391,1.41921805688002,0.386041328378518,3.67633709800228,0.000236606826018107,0.00108062550385955,"MBTPS2","Ex_L2_3"
"CPNE1",15.997312218352,-1.05852461006524,0.288066586231065,-3.67458310217267,0.000238238095561224,0.00108757019088916,"CPNE1","Ex_L2_3"
"DDX25",9.30258485525402,-1.27850040572133,0.348081528784757,-3.67299123910684,0.000239727705393317,0.00109366513011711,"DDX25","Ex_L2_3"
"COX11",6.33196252344827,-2.06670935084781,0.562688578175064,-3.67291861077161,0.000239795876452794,0.00109366513011711,"COX11","Ex_L2_3"
"PHACTR4",19.1602238392501,1.14027082121435,0.310516949311766,3.67216934129253,0.000240500224975601,0.00109586002326545,"PHACTR4","Ex_L2_3"
"IQUB",3.52677281164909,-3.71158378849091,1.0107308695464,-3.67217812409014,0.000240491957502136,0.00109586002326545,"IQUB","Ex_L2_3"
"KIF21B",4.78987760151622,-2.09689232179281,0.571062453084785,-3.67191418463208,0.000240740526939874,0.00109593833950756,"KIF21B","Ex_L2_3"
"PACS2",14.9533340657204,-1.1481954754967,0.312690578921945,-3.67198615147056,0.000240672727065165,0.00109593833950756,"PACS2","Ex_L2_3"
"SGF29",4.76935297515891,1.66558666042789,0.453634916725554,3.67164563180122,0.00024099368847765,0.00109658267512943,"SGF29","Ex_L2_3"
"PIN1",17.6725783897321,-1.28236652446342,0.349277509248028,-3.6714832490196,0.00024114688592847,0.00109677176266727,"PIN1","Ex_L2_3"
"NPAS3",83.5982453021682,-1.72164011363283,0.46896140870773,-3.67117652255648,0.00024143651144347,0.00109758088311923,"NPAS3","Ex_L2_3"
"EDF1",16.8319536983065,0.985432111911958,0.268462822794877,3.67064646662414,0.000241937784514984,0.00109935096904496,"EDF1","Ex_L2_3"
"UBE2B",47.5268364989171,1.06710819244085,0.290762424156144,3.67003472177614,0.000242517524303645,0.00110147580155294,"UBE2B","Ex_L2_3"
"LRRN3",4.36030024001846,-2.19662186811143,0.598601502443285,-3.66958963374729,0.00024294014513593,0.00110288539085738,"LRRN3","Ex_L2_3"
"SNX24",6.26139322040823,-1.62569880122263,0.443086556415194,-3.66903210599618,0.000243470504720399,0.00110478255814005,"SNX24","Ex_L2_3"
"NISCH",35.6916778977431,-0.953853254752242,0.260009984950727,-3.66852547963879,0.000243953385074309,0.0011064626292567,"NISCH","Ex_L2_3"
"PLCH2",5.93722943283508,-1.80254162694138,0.491713168867971,-3.66583964202385,0.000246528376851711,0.00111711013569705,"PLCH2","Ex_L2_3"
"ZNF254",14.2907146857338,0.90891863808478,0.247940291416784,3.66587710650425,0.000246492283870804,0.00111711013569705,"ZNF254","Ex_L2_3"
"ENSG00000285634",5.3672624003415,-1.83266407593086,0.499996332316297,-3.66535503858761,0.000246995686930054,0.00111871167745544,"LOC105376121","Ex_L2_3"
"PTPRS",48.2178781472709,-0.587294267349919,0.160249123506409,-3.6648828679954,0.000247451806922121,0.00112026108350365,"PTPRS","Ex_L2_3"
"ENSG00000233635",29.1660399798496,1.84031580766416,0.502188394576826,3.66459246676723,0.00024773272873843,0.00112101627228297,"ENSG00000233635","Ex_L2_3"
"PCLO",79.6571211812689,-0.682926037435966,0.186407466707993,-3.66361954001429,0.000248676078214362,0.0011247669394005,"PCLO","Ex_L2_3"
"BCAP29",22.1233066934567,-0.832303291244361,0.227236972060858,-3.66271070986396,0.000249560322363088,0.0011282469428877,"BCAP29","Ex_L2_3"
"FKBP1A",19.4741027410649,-0.967171764566432,0.264080695467311,-3.66240994198741,0.00024985360263041,0.00112905326230044,"FKBP1A","Ex_L2_3"
"MORN1",4.40758135514367,-2.36623753487787,0.646133101048206,-3.66215185546008,0.000250105521773721,0.00112967202110576,"MORN1","Ex_L2_3"
"MRPS18C",5.526057573732,1.41020183941216,0.38510091946071,3.66190203177647,0.000250349602421461,0.00113025482269689,"MRPS18C","Ex_L2_3"
"NEK1",17.0309745658745,-1.06609358506939,0.291182375875313,-3.66125725111161,0.000250980593428443,0.00113258307296326,"NEK1","Ex_L2_3"
"ENSG00000288878",1.58765380952055,-3.87946422509728,1.0596571261,-3.66105613744646,0.000251177710933575,0.00113295217273253,"ENSG00000288878","Ex_L2_3"
"TMEM129",4.31470185081843,-2.32732593113521,0.635905667093609,-3.65986034024857,0.000252352748924852,0.00113772987858547,"TMEM129","Ex_L2_3"
"BOP1",4.05331296199678,-2.96532977387428,0.810406898920861,-3.65906284586535,0.000253139262097528,0.00114075234442482,"BOP1","Ex_L2_3"
"CNTNAP1",12.8232680352217,-1.23574522759366,0.337838949969606,-3.657793832549,0.000254395542738061,0.00114588803844966,"CNTNAP1","Ex_L2_3"
"TXNRD3",3.89965862947192,-2.17944158895169,0.595927967212924,-3.65722320290596,0.000254962350500954,0.00114791481728752,"TXNRD3","Ex_L2_3"
"ENSG00000261386",6.97340619155474,1.41872305794911,0.387966407251603,3.65681933134236,0.000255364232556682,0.00114919753579333,"ENSG00000261386","Ex_L2_3"
"LRPPRC",24.4629043609774,0.723686973175018,0.197940874342387,3.65607647020506,0.000256104985913329,0.00115200337985922,"LRPPRC","Ex_L2_3"
"ENSG00000288543",1.58953839471337,-3.69928510412195,1.01210353466473,-3.65504612662714,0.000257135741989393,0.00115611053972714,"ENSG00000288543","Ex_L2_3"
"PRPF3",6.69116310381384,1.45513653501597,0.398545882959109,3.65111420600289,0.000261105092741259,0.00117342014231021,"PRPF3","Ex_L2_3"
"DEAF1",8.55528387482215,-1.48449650280918,0.406632374886423,-3.65070907899013,0.00026151732491935,0.00117473534522528,"DEAF1","Ex_L2_3"
"SDK1",8.27207338700811,1.32546742890471,0.363211692298519,3.64929724733456,0.000262958690972709,0.00118067010060141,"SDK1","Ex_L2_3"
"DNAJC27",13.2496669007906,1.53257870441762,0.420008703942482,3.64892129622985,0.000263343760479238,0.00118185888668252,"DNAJC27","Ex_L2_3"
"PNMA8A",5.77497006730671,-2.22475443639026,0.609767413512639,-3.64852956568193,0.000263745554509795,0.00118312161073252,"PNMA8A","Ex_L2_3"
"ENSG00000286340",4.05372618386736,-2.28445357457255,0.626223588422245,-3.64798390991336,0.000264306185985175,0.00118509537705083,"ENSG00000286340","Ex_L2_3"
"PIP4P2",3.00789057798145,-2.88433949878427,0.790708820575815,-3.64778970934435,0.000264505985880753,0.00118545018489622,"PIP4P2","Ex_L2_3"
"EMD",7.75932271675595,1.23929907506178,0.339884551243965,3.64623537764806,0.000266110242677445,0.00119209622620302,"EMD","Ex_L2_3"
"SNCG",7.06926304826393,-2.95623783101893,0.811014902399696,-3.64510913704764,0.00026727835220771,0.00119678328718712,"SNCG","Ex_L2_3"
"CSKMT",6.28807072893775,-1.69710643725264,0.465662651541134,-3.64449764574415,0.000267914587830101,0.00119908560858447,"CSKMT","Ex_L2_3"
"MED27",39.5245992623466,0.888072290863058,0.243696265008558,3.64417686431046,0.000268248917306853,0.00120003522933631,"MED27","Ex_L2_3"
"CRB1",9.41952854735706,-3.44076209635486,0.944282329579495,-3.64378532624569,0.000268657521780938,0.00120131611013925,"CRB1","Ex_L2_3"
"NRDC",26.2974505764223,-0.815533076565911,0.223826417818564,-3.64359616042728,0.000268855141940984,0.00120165282731039,"NRDC","Ex_L2_3"
"ZNF567",4.62837362821478,1.51913661682184,0.416950453617625,3.64344637028505,0.000269011723277162,0.0012018058978967,"ZNF567","Ex_L2_3"
"MRPL38",6.45486881568776,-1.99263338834725,0.547097862783756,-3.64218821511803,0.000270330299211372,0.00120714766338751,"MRPL38","Ex_L2_3"
"ICE2",6.22682368032089,-1.56467853819368,0.429686980140156,-3.64143809450151,0.000271119323182611,0.00121012095908495,"ICE2","Ex_L2_3"
"DYNLT5",1.53443929085083,-3.69502057159565,1.01497014436108,-3.64052144008793,0.000272086448477163,0.00121388613525869,"DYNLT5","Ex_L2_3"
"PFKM",4.28371021013791,-2.31021303127027,0.634848849774902,-3.63899695508529,0.000273702035308921,0.00122053962545386,"PFKM","Ex_L2_3"
"RASL10A",13.3204918707146,1.11071999899178,0.305249316318655,3.63873050523814,0.000273985329350471,0.00122124858236798,"RASL10A","Ex_L2_3"
"ADAMTS19",13.8761878539806,-1.55045034659594,0.426193337262943,-3.63790376581927,0.000274866083068646,0.00122461877554031,"ADAMTS19","Ex_L2_3"
"ABHD2",23.8442797495378,-0.827844206025068,0.227601737244871,-3.63724906517041,0.000275565439943166,0.00122717809700891,"ABHD2","Ex_L2_3"
"LINC01289",5.71321142509618,1.49463286830365,0.411121667854323,3.63550010901703,0.000277441876522242,0.00123497462390326,"LINC01289","Ex_L2_3"
"EEPD1",1.55830270133496,-3.85382444747347,1.06014502984141,-3.63518607265459,0.00027778006828013,0.00123592001394203,"EEPD1","Ex_L2_3"
"DGKH",19.3118615281176,0.956304260646206,0.263163957469781,3.63387247190192,0.000279198902157855,0.00124167044581203,"DGKH","Ex_L2_3"
"COPS6",14.5587489399139,0.94927573536754,0.261368585871726,3.63194273023087,0.0002812955570052,0.00124990953294445,"COPS6","Ex_L2_3"
"ZHX1",4.45586255312366,-1.97527894208543,0.543864341868053,-3.63193316793078,0.000281305983035442,0.00124990953294445,"ZHX1","Ex_L2_3"
"ZC3H13",25.6896888355806,-0.993554941409096,0.273578449905701,-3.63170031028234,0.000281559985725217,0.00125047255866389,"ZC3H13","Ex_L2_3"
"ZNF391",5.80291072090633,1.53546588704885,0.422975608043361,3.63015232521741,0.00028325400895223,0.0012574276475132,"ZNF391","Ex_L2_3"
"PLAG1",5.36866970044025,-2.29049044840201,0.631061426044586,-3.62958398956266,0.000283878355048351,0.00125963006323171,"PLAG1","Ex_L2_3"
"PRDX1",6.54921066106702,-1.60974300985904,0.443746290830016,-3.62762020353581,0.00028604561473038,0.00126867364293962,"PRDX1","Ex_L2_3"
"PLPPR5",29.8486247488666,0.797240509276617,0.219831126794982,3.62660429803527,0.000287172855830112,0.00127309843667645,"PLPPR5","Ex_L2_3"
"PLEKHO1",8.61964615435221,1.1850835663911,0.326817640743805,3.62613096310826,0.000287699484754681,0.00127485779802886,"PLEKHO1","Ex_L2_3"
"RXFP1",7.83989692693867,-5.28333968011082,1.45735643401937,-3.62528998176474,0.00028863738682914,0.00127843719035594,"RXFP1","Ex_L2_3"
"ANKRD20A5P",3.97855698159429,-3.34152473299684,0.921774076592418,-3.62510165760972,0.000288847806987429,0.00127879263444998,"ANKRD20A5P","Ex_L2_3"
"KAT7",5.20449449803385,1.44987772139154,0.400034046250048,3.62438581161481,0.000289648954962271,0.00128176186195917,"KAT7","Ex_L2_3"
"QSER1",14.162096570776,0.969629002658698,0.267542682377119,3.62420303946845,0.00028985384003004,0.00128209100605813,"QSER1","Ex_L2_3"
"USO1",22.4039584812543,0.852337119552094,0.235210115265681,3.62372646511966,0.000290388712059058,0.00128353840039705,"USO1","Ex_L2_3"
"CALD1",14.3438071184257,1.02874391643295,0.283894904012419,3.62367869902994,0.000290442372158248,0.00128353840039705,"CALD1","Ex_L2_3"
"NETO1",127.258611587966,1.20606229687948,0.332897990727662,3.62291852300825,0.000291297599918748,0.00128673903849001,"NETO1","Ex_L2_3"
"PRRT2",13.9464659743392,-1.12135538227515,0.309545947465681,-3.62258136944103,0.000291677665535301,0.00128783882526688,"PRRT2","Ex_L2_3"
"FMNL1-DT",7.3778883162879,-1.40587277871411,0.388165164709092,-3.62184169660802,0.000292513110085425,0.00129094734657647,"FMNL1-DT","Ex_L2_3"
"RSKR",11.7371410939689,-1.42421769762542,0.393383879311797,-3.62042720234753,0.000294116996414309,0.0012974429154801,"RSKR","Ex_L2_3"
"ENSG00000272807",1.55557613122806,-3.84925701979892,1.06346836843531,-3.61953127525774,0.000295137139853601,0.0013013587351534,"ENSG00000272807","Ex_L2_3"
"SAR1A",6.72844761498139,1.32806506858083,0.366999926725786,3.61870663144063,0.000296079045235941,0.00130492621821349,"SAR1A","Ex_L2_3"
"CEP112",24.4787945322678,-1.16274224236014,0.321335096485743,-3.61847260095888,0.000296346866523196,0.00130493573138677,"CEP112","Ex_L2_3"
"CEBPB",5.67508339465002,-1.67456484190051,0.462768296334881,-3.61858159939444,0.000296222101984009,0.00130493573138677,"CEBPB","Ex_L2_3"
"XPO1",20.4091816797629,-0.871062609140406,0.240879982092904,-3.61616852331237,0.000298995762704613,0.00131601002366045,"XPO1","Ex_L2_3"
"GPC4",4.38046708256615,-2.73796868231468,0.757441399472739,-3.61475974804202,0.000300626276522332,0.00132259406204899,"GPC4","Ex_L2_3"
"SYT17",8.40785130967578,-1.69342087330394,0.468538303986957,-3.61426346340102,0.000301202656202977,0.00132420616525394,"SYT17","Ex_L2_3"
"CARMIL2",4.66694289402157,-1.90251364723238,0.52639788732767,-3.61421216352281,0.000301262294314186,0.00132420616525394,"CARMIL2","Ex_L2_3"
"SLC17A6",3.70257462841241,-2.20353688532057,0.609850363663596,-3.61324189770604,0.000302392350853593,0.00132857891537822,"SLC17A6","Ex_L2_3"
"IFFO1",8.31401028341017,-1.43969294339406,0.398555215568255,-3.61227977243093,0.00030351684507354,0.00133292332856614,"IFFO1","Ex_L2_3"
"JAZF1",57.0706687940797,-0.666363110024671,0.18449178280605,-3.61188503839868,0.000303979326572931,0.00133435786606456,"JAZF1","Ex_L2_3"
"VPS37A",8.63868860328137,1.12297476178975,0.311068248117504,3.61005910627545,0.000306127239317871,0.00134318624343848,"VPS37A","Ex_L2_3"
"WDTC1",5.16874843901824,-1.99537928325842,0.553005445948743,-3.60824526752196,0.000308274990383119,0.00135200602925168,"WDTC1","Ex_L2_3"
"RPL30",11.8092944704506,1.04266663808605,0.289049897260753,3.60722023417795,0.000309494954925131,0.00135675075287126,"RPL30","Ex_L2_3"
"ARMH1",6.29826969998694,-1.7510313981118,0.485444243771057,-3.60707006124808,0.000309674065504175,0.00135693042797191,"ARMH1","Ex_L2_3"
"ITM2B",36.4987258884982,0.676137126737698,0.187465258930092,3.60673295199638,0.000310076487714055,0.00135808801395581,"ITM2B","Ex_L2_3"
"CLU",36.8485190018262,-0.814646059618613,0.225895992670485,-3.60628823020752,0.000310608120817636,0.00135981024015707,"CLU","Ex_L2_3"
"ENSG00000272368",17.1547270149917,0.922613507306739,0.255843718887913,3.60616047686104,0.000310760998526731,0.00135987351872009,"ENSG00000272368","Ex_L2_3"
"GINM1",10.6738771781825,1.13321280480862,0.314385040023505,3.60453794087624,0.000312708766584944,0.00136778758812578,"GINM1","Ex_L2_3"
"SART3",10.2839918741768,1.10743157984876,0.307336729109167,3.60331673685314,0.000314182289118513,0.00137362118749456,"SART3","Ex_L2_3"
"PDPK1",10.2327162043826,-1.21741621949828,0.338034562055503,-3.60145486927574,0.000316441360819452,0.00138288253055618,"PDPK1","Ex_L2_3"
"C5orf24",6.43336398848092,-1.66188504043142,0.461517400805163,-3.60091523641816,0.000317098953816285,0.00138452449879608,"C5orf24","Ex_L2_3"
"ENSG00000290581",3.33327391643928,-2.58637613473499,0.718253559862238,-3.60092351680243,0.0003170888537385,0.00138452449879608,"ENSG00000290581","Ex_L2_3"
"MAGEF1",4.71191805886306,-2.47474727453822,0.687468938375353,-3.59979504002991,0.000318468103677157,0.00138988478477316,"MAGEF1","Ex_L2_3"
"CEP170B",6.75627842133345,-1.48612670267554,0.413139931111539,-3.59715096693066,0.00032172177500293,0.00140283831230749,"CEP170B","Ex_L2_3"
"ARHGAP33",6.39466567498366,-1.60408653377103,0.445922178331322,-3.59723425233894,0.000321618815065306,0.00140283831230749,"ARHGAP33","Ex_L2_3"
"MCTS1",5.31922854701345,-1.80677265263017,0.502355688672815,-3.59660036378511,0.000322403223793951,0.00140518601177985,"MCTS1","Ex_L2_3"
"ENSG00000285550",1.55107633160634,-3.84176941691974,1.06887403251057,-3.59422092788257,0.00032536367392399,0.00141746019185334,"ENSG00000285550","Ex_L2_3"
"UPP1",9.33686887086335,-1.23094728972147,0.342509381049716,-3.59390824843654,0.000325754589795554,0.00141853417116645,"UPP1","Ex_L2_3"
"COX10",3.27602849345197,-3.16497262261703,0.880885321040306,-3.59294512806646,0.000326961459304941,0.00142315878432067,"COX10","Ex_L2_3"
"LLGL1",2.43681739010106,-3.22723374731513,0.898794156169686,-3.59062609070396,0.000329884594773618,0.00143461100445154,"LLGL1","Ex_L2_3"
"FOXK2",17.3183604729431,1.00268873393311,0.27924319606573,3.59073649084394,0.000329744883317481,0.00143461100445154,"FOXK2","Ex_L2_3"
"PAM",150.453911402512,1.42248426085444,0.396337586640593,3.58907231815078,0.000331856780327218,0.00144254911944008,"PAM","Ex_L2_3"
"ARHGAP44",61.4047739592764,0.83095942408525,0.231641784151678,3.58726050711621,0.00033417042338795,0.00145196383872765,"ARHGAP44","Ex_L2_3"
"FAM110B",7.21730654241367,-1.76707939990714,0.492775976997775,-3.585969045555,0.000335828795629816,0.00145852435378749,"FAM110B","Ex_L2_3"
"CLEC11A",6.76896438324683,-1.49843565775904,0.41792099317073,-3.5854519927093,0.000336494901871757,0.00146077150507651,"CLEC11A","Ex_L2_3"
"ELP1",19.2807355644089,0.858961348498094,0.239678135471106,3.5838118767477,0.000338616011048328,0.00146875219423499,"ELP1","Ex_L2_3"
"SPNS2",14.4167498181739,-1.29992009584665,0.362721229719962,-3.5837993184194,0.000338632300482721,0.00146875219423499,"SPNS2","Ex_L2_3"
"SLC9A8",9.97030609272157,1.41181027118136,0.394082352861337,3.58252598963273,0.000340287749012045,0.00147528104426052,"SLC9A8","Ex_L2_3"
"MAPK12",8.77230285175856,-1.40223167924638,0.391473065380052,-3.58193654494481,0.000341056644118929,0.00147796227252949,"MAPK12","Ex_L2_3"
"ATP2B2",42.4693041078673,-0.867924876699396,0.242409287183245,-3.58041099326076,0.000343054188057945,0.00148596311440972,"ATP2B2","Ex_L2_3"
"TSPYL2",49.4110836472424,1.23611420538177,0.345355092072985,3.57925576820666,0.000344574105841235,0.00149188894481458,"TSPYL2","Ex_L2_3"
"TRPC6",7.66261456226701,-3.37062889827271,0.941870934864395,-3.57865263010583,0.000345370149250757,0.00149467680451076,"TRPC6","Ex_L2_3"
"KHDRBS1",23.672525855277,0.927932087360853,0.259552202931823,3.57512699518329,0.00035005793434135,0.00151250374701342,"KHDRBS1","Ex_L2_3"
"TRMT10C",3.90158312601896,-2.90395573650768,0.812211054177932,-3.57537086151441,0.000349731776396442,0.00151250374701342,"TRMT10C","Ex_L2_3"
"GABPB1",5.24319147870171,1.44631716480804,0.404536974950675,3.575240965265,0.000349905470164987,0.00151250374701342,"GABPB1","Ex_L2_3"
"CDK10",22.4236874782767,-0.847063725154258,0.236934826679064,-3.57509166983558,0.000350105203655182,0.00151250374701342,"CDK10","Ex_L2_3"
"METTL26",9.78748456507439,-1.36993558097795,0.383204520009995,-3.57494630006509,0.000350299787705107,0.00151267917117142,"METTL26","Ex_L2_3"
"CLINT1",12.3980681357066,0.976386452308631,0.273145357236807,3.57460387460344,0.000350758539597818,0.0015139946805839,"CLINT1","Ex_L2_3"
"KIFAP3",38.0561376281342,-0.770537295996459,0.215596903427093,-3.57397199935679,0.000351606546668767,0.00151698845607113,"KIFAP3","Ex_L2_3"
"VPS4A",10.2130734188228,1.05640389209426,0.295616422320519,3.57356294282211,0.000352156542342797,0.00151869441263198,"VPS4A","Ex_L2_3"
"CFAP251",7.21274462382658,-1.55796867354877,0.4360114753448,-3.57322859981315,0.000352606679689391,0.00151996841652855,"CFAP251","Ex_L2_3"
"ENSG00000289405",11.4173174603321,1.00734889815026,0.281948215992121,3.57281529377868,0.000353163871428496,0.00152170257583927,"ENSG00000289405","Ex_L2_3"
"FAM219B",9.85742046728678,-1.20168837113424,0.336408588096955,-3.57210967155187,0.000354117047917995,0.00152514067459289,"FAM219B","Ex_L2_3"
"LIME1",4.88074537518478,-1.80955027175153,0.506779621232513,-3.57068476303489,0.000356049198148807,0.00153279023777996,"LIME1","Ex_L2_3"
"ELOVL6",12.4686099391023,0.992928788603602,0.278189245806348,3.56925655312641,0.000357995714955993,0.00154049492059907,"ELOVL6","Ex_L2_3"
"LINC01551",12.1124588077955,-1.09002168622472,0.305489461186777,-3.56811551531161,0.000359557989452062,0.00154654014377279,"LINC01551","Ex_L2_3"
"CAMKV",46.4639800740567,0.786361178430661,0.220442339131755,3.56719667160066,0.00036082067406934,0.00155129203591125,"CAMKV","Ex_L2_3"
"TGOLN2",10.0773481400968,-1.2593441767154,0.353076317149109,-3.56677612048264,0.000361399981945976,0.00155310298453074,"TGOLN2","Ex_L2_3"
"ZFPM1-AS1",1.5284747004789,-3.8189145332146,1.07084025261187,-3.56627846581221,0.000362086623214268,0.00155473105914407,"ZFPM1-AS1","Ex_L2_3"
"ENSG00000229151",4.84559562483855,1.43322477543756,0.401883175171704,3.56627215066971,0.000362095344393489,0.00155473105914407,"ENSG00000229151","Ex_L2_3"
"LINC00320",21.5182263647319,-3.71397528292673,1.04152270218075,-3.56590910130943,0.000362597044035561,0.00155620505050474,"LINC00320","Ex_L2_3"
"RYR3",25.2005115870727,0.909495587277593,0.255082330291673,3.56549819126097,0.000363165666719352,0.00155796485146328,"RYR3","Ex_L2_3"
"AXIN1",6.19680079835299,-1.70187921416201,0.477567249942116,-3.56364305627801,0.000365743221524387,0.00156833758544547,"AXIN1","Ex_L2_3"
"FLRT2-AS1",4.59401856684578,1.59564541748368,0.448032269635895,3.56145198822491,0.000368809556291259,0.00158079628316114,"FLRT2-AS1","Ex_L2_3"
"PRKAR2B",66.4791846669663,1.0118764954378,0.284193888500114,3.56051462182444,0.000370128699269971,0.00158575854410301,"PRKAR2B","Ex_L2_3"
"MDN1",30.1274263708394,0.801605268625224,0.225180874517895,3.55982838392219,0.000371097227813557,0.0015885225124359,"MDN1","Ex_L2_3"
"NRXN3",578.894051479382,-0.977271689452002,0.274527387448741,-3.55983313189281,0.000371090518586831,0.0015885225124359,"NRXN3","Ex_L2_3"
"SOHLH1",5.54034488365571,-1.79409989823822,0.504032407465995,-3.55949314302625,0.000371571234283486,0.00158916665459337,"SOHLH1","Ex_L2_3"
"TRUB1",4.98560780673657,-2.2954407208841,0.644860694205356,-3.55959161646953,0.000371431941251928,0.00158916665459337,"TRUB1","Ex_L2_3"
"LIFR",8.17037489662545,-1.47377490967947,0.414109047668673,-3.5589053607412,0.000372403682529375,0.0015920338455912,"LIFR","Ex_L2_3"
"MTMR1",21.4590876577052,0.835090371564863,0.234667482820959,3.55861136586189,0.000372820707363399,0.00159312337065595,"MTMR1","Ex_L2_3"
"INO80D-AS1",3.31948986755466,-2.56501569530755,0.720957211832961,-3.5577918539524,0.000373985471438641,0.00159740577017966,"INO80D-AS1","Ex_L2_3"
"CLPTM1L",4.14834378351497,-2.0108969944992,0.565328870289407,-3.55703927427192,0.000375058100877251,0.00160101069112315,"CLPTM1L","Ex_L2_3"
"MCPH1",22.6673630706885,-1.01010518632188,0.283979024636348,-3.55697110945213,0.000375155396067334,0.00160101069112315,"MCPH1","Ex_L2_3"
"NAIP",4.53055330521391,-2.1434526596517,0.602663081298058,-3.5566350854527,0.00037563536550407,0.00160236293126877,"NAIP","Ex_L2_3"
"CFAP20DC-DT",8.78855276251705,-1.84875590312609,0.519826559450136,-3.55648604234781,0.000375848439173852,0.00160257598369962,"CFAP20DC-DT","Ex_L2_3"
"IP6K1",15.8572915584003,1.04558822784387,0.294037155143813,3.55597314676942,0.000376582544021732,0.00160500950649436,"IP6K1","Ex_L2_3"
"HIPK3",15.7099944942936,0.900816617807435,0.253364920136436,3.55541176466872,0.00037738758359817,0.00160774311416671,"HIPK3","Ex_L2_3"
"TMOD3",14.9882365528685,1.04284512997731,0.293330234559477,3.55519140924375,0.000377704019618456,0.00160839370989671,"TMOD3","Ex_L2_3"
"YPEL3",16.1305524713093,-0.949057008153419,0.266999230978742,-3.5545308676525,0.000378654060837768,0.00161174068183285,"YPEL3","Ex_L2_3"
"NFXL1",10.093944255788,-2.19298125115349,0.617070183413407,-3.5538603389046,0.000379620750512232,0.00161515558814732,"NFXL1","Ex_L2_3"
"ENSG00000233783",13.013927453478,1.43588494672567,0.404178237207054,3.5526033183971,0.000381439193660121,0.00162218988680391,"ENSG00000233783","Ex_L2_3"
"DDX3X",7.87201371627155,-1.34815708368233,0.379775940516144,-3.54987491269217,0.000385414235793817,0.00163838574315814,"DDX3X","Ex_L2_3"
"TMEM271",2.91348746532573,-2.60108585069868,0.732829739958456,-3.54937266990029,0.00038615016444325,0.00164080415894917,"TMEM271","Ex_L2_3"
"TSC22D2",24.8020723592338,0.733311418684139,0.206621208759414,3.54906170129899,0.000386606480010868,0.00164203288353946,"TSC22D2","Ex_L2_3"
"PDLIM7",2.95281382984956,-3.11124110911864,0.876716531738653,-3.54874237736639,0.000387075580582289,0.00164331482439084,"PDLIM7","Ex_L2_3"
"UBE2M",4.47630868915656,-2.39552758977597,0.675239499068951,-3.54767100129513,0.000388653367208888,0.00164858837627811,"UBE2M","Ex_L2_3"
"CYP4F29P",2.91625661248345,-3.52370776533219,0.99324094725789,-3.54768676730489,0.000388630105525078,0.00164858837627811,"CYP4F29P","Ex_L2_3"
"MED21",9.05140817078496,1.1197877385094,0.315661280470079,3.5474345692377,0.000389002362857597,0.00164935658727365,"MED21","Ex_L2_3"
"SEC16B",4.59651400279771,-1.8698214634264,0.527154653975465,-3.54700740916428,0.000389633633362755,0.0016513204547695,"SEC16B","Ex_L2_3"
"SPON2",1.50396594341845,-3.79633991524583,1.07034746544863,-3.54682945285866,0.000389896905123527,0.00165172367224387,"SPON2","Ex_L2_3"
"GRK5",5.02545449224634,1.74870581192104,0.493051304657393,3.54670152051653,0.000390086273229683,0.00165181359836569,"GRK5","Ex_L2_3"
"ENSG00000274893",6.48527772459956,-1.49382136943529,0.421214856198986,-3.54645936023111,0.000390444959241895,0.00165262011184506,"ENSG00000274893","Ex_L2_3"
"APLP2",36.2398262524666,0.665335657663273,0.187611718984605,3.54634380658209,0.000390616225044883,0.00165263298658094,"APLP2","Ex_L2_3"
"OBSL1",5.68079682217289,-2.26815352606642,0.639652294065094,-3.5459163472266,0.000391250386740473,0.00165460344353784,"OBSL1","Ex_L2_3"
"RMST",3.82204936735479,-2.57732340321822,0.727042798859881,-3.54494041789544,0.000392701844025324,0.00166002707216213,"RMST","Ex_L2_3"
"MBOAT2",24.4061402777585,-1.57852099539502,0.445384404033411,-3.54417662832354,0.000393841303139263,0.00166412772560866,"MBOAT2","Ex_L2_3"
"TRIM44",33.2301040039087,0.765483709451115,0.215994334554003,3.54399901752853,0.00039410671406939,0.0016645332583911,"TRIM44","Ex_L2_3"
"NFX1",24.3717827652195,0.782559647416439,0.220855801726869,3.54330581898965,0.000395144188261856,0.00166819789664137,"NFX1","Ex_L2_3"
"INA",9.06632133426046,-1.35058555098928,0.381317268979754,-3.54189453470828,0.000397264275008409,0.00167642793714889,"INA","Ex_L2_3"
"NDUFA4",17.6405903808161,0.820059026156624,0.231563929679422,3.54139363281629,0.000398019301545074,0.00167889292330563,"NDUFA4","Ex_L2_3"
"PLAAT1",3.35099566486583,-2.80594403174382,0.792380700909617,-3.54115645235015,0.000398377279283628,0.0016796817131684,"PLAAT1","Ex_L2_3"
"STAT2",22.1732480199985,0.883224276660751,0.24951011138055,3.53983360343128,0.00040037938588896,0.00168739900771049,"STAT2","Ex_L2_3"
"NUDCD3",14.1136299825766,-1.11027102329452,0.313662534426086,-3.53969920355964,0.000400583322723712,0.00168753454649989,"NUDCD3","Ex_L2_3"
"TUBB2B",2.90795472401736,-3.52704622923247,0.996581094689064,-3.5391462350918,0.00040142341224564,0.00169034873634855,"TUBB2B","Ex_L2_3"
"RIF1",27.9774744646839,0.729779831003333,0.206249599557602,3.53833332316129,0.000402661406000327,0.00169471076626041,"RIF1","Ex_L2_3"
"CTNND1",25.2926673448365,0.917619994302833,0.259343653906231,3.53823963101334,0.000402804319952979,0.00169471076626041,"CTNND1","Ex_L2_3"
"MAOB",9.48271987736638,-1.21453372730984,0.343445101225162,-3.53632566886895,0.000405734186647682,0.00170630678494299,"MAOB","Ex_L2_3"
"NEIL2",3.12973786839584,-2.78141975895639,0.786670668045786,-3.53568509916084,0.000406719199840126,0.00170971733813838,"NEIL2","Ex_L2_3"
"MIDN",6.86543508762968,1.37018172896867,0.387673169576696,3.53437337555442,0.000408743230498146,0.00171749080257219,"MIDN","Ex_L2_3"
"ENSG00000290689",1.47050640159296,-3.76971903038739,1.0667653661033,-3.53378460734762,0.000409654774167896,0.00172058507970304,"GOLGA2P7","Ex_L2_3"
"LINC-PINT",306.766755421834,1.05745866506956,0.299299160002907,3.53311604703231,0.000410692155793923,0.00172420501646133,"LINC-PINT","Ex_L2_3"
"ENSG00000249776",4.61632014114358,-2.26782815607982,0.642138240143198,-3.53168214304461,0.000412925374726238,0.0017328401885137,"ENSG00000249776","Ex_L2_3"
"CEP41",3.37659820117052,-2.2638518299451,0.641033151163326,-3.53156747952385,0.000413104445115003,0.00173285143843287,"CEP41","Ex_L2_3"
"ENSG00000291209",12.1512381956294,1.02277623341052,0.289693825508481,3.53054205285633,0.000414709084958538,0.0017388399703938,"ENSG00000291209","Ex_L2_3"
"RNF207",4.44992659489756,-3.45389523230494,0.978360204404579,-3.53028998599443,0.000415104422406534,0.00173975505363558,"RNF207","Ex_L2_3"
"ENSG00000289528",5.38949620286706,-1.75411768078968,0.496954776120909,-3.52973301611434,0.000415979213090049,0.00174267794857,"ENSG00000289528","Ex_L2_3"
"SLC7A14-AS1",21.2650757329864,1.96522116652249,0.55695219840386,3.52852753280177,0.000417878474252481,0.00174988837640936,"SLC7A14-AS1","Ex_L2_3"
"FHL2",5.62739705279202,-2.02290421783992,0.573375592554691,-3.52806126404303,0.000418615258829592,0.00175222680133869,"FHL2","Ex_L2_3"
"RBMS1",3.32503077663475,-2.548754720119,0.723119741436348,-3.5246648294463,0.000424018924155735,0.00177408939987476,"RBMS1","Ex_L2_3"
"S100PBP",7.0450023981096,-1.40142657645775,0.397960318342515,-3.52152340789811,0.00042907478409316,0.00179447879051988,"S100PBP","Ex_L2_3"
"LINC01876",1.54262204539181,-3.81750382028855,1.08497409326464,-3.51852071306314,0.000433959937634139,0.00181413720311395,"LINC01876","Ex_L2_3"
"LRRC75A",2.47592689375351,-3.090282806469,0.878680598614337,-3.51695805204112,0.000436522762346059,0.00182407469897392,"LRRC75A","Ex_L2_3"
"ANKUB1",7.11654857047855,1.35985207531232,0.386774220893996,3.51588084689083,0.000438297639952909,0.00183052059781722,"ANKUB1","Ex_L2_3"
"CMYA5",7.63645220770539,1.17498625848857,0.33420207406704,3.51579583031813,0.000438438005564323,0.00183052059781722,"CMYA5","Ex_L2_3"
"DRP2",9.89885778250151,-1.24104831156674,0.353119595013329,-3.51452688860242,0.000440538070477117,0.00183850722360543,"DRP2","Ex_L2_3"
"TNFRSF14",4.20806510921869,-1.92468495514022,0.547690954903222,-3.51418064861106,0.000441112716896494,0.00184012370734232,"TNFRSF14","Ex_L2_3"
"TYW3",2.69115006950083,-2.79790084049482,0.796896496777983,-3.51099653694967,0.000446430214098534,0.00186151545980645,"TYW3","Ex_L2_3"
"BTBD1",12.5086046898011,0.966842128104137,0.275387696121877,3.51083996024371,0.000446693235785194,0.00186182195517766,"BTBD1","Ex_L2_3"
"ANTXR1",9.23851031859643,1.12782943499019,0.321303820197073,3.51016503413632,0.000447828650742461,0.00186576279257588,"ANTXR1","Ex_L2_3"
"FNBP1L",2.8006697260706,-3.03345128588496,0.864280944020657,-3.5097977189839,0.000448447709111272,0.00186642523982788,"FNBP1L","Ex_L2_3"
"NUDCD2",3.52389629095851,-2.54424850726902,0.724892840541334,-3.50982705991278,0.00044839822973937,0.00186642523982788,"NUDCD2","Ex_L2_3"
"TRMT1",11.0425844516548,-1.28277580261728,0.365491040018732,-3.50973255746992,0.000448557613114171,0.00186642523982788,"TRMT1","Ex_L2_3"
"PDE1B",8.61711284099524,-1.39289304871835,0.39697262862866,-3.50878863746876,0.000450152488356117,0.00187226843590622,"PDE1B","Ex_L2_3"
"MACF1",88.5522937326513,0.707218975560092,0.201901252801779,3.5027963707309,0.000460401282339245,0.00191408472183696,"MACF1","Ex_L2_3"
"ANKRD13D",7.40455997845023,-1.39311840625488,0.397761318376085,-3.50239790018415,0.000461090463548309,0.0019161390498725,"ANKRD13D","Ex_L2_3"
"RNASEH2C",7.85039291884398,-1.3193518839232,0.376768414348565,-3.50175819861219,0.000462198883219459,0.001919933119978,"RNASEH2C","Ex_L2_3"
"RAB8B",10.369009182745,1.23215413557199,0.351990585167818,3.50053151275207,0.000464331336500742,0.0019279759297478,"RAB8B","Ex_L2_3"
"ETNK1",30.8221361409887,0.767475539615361,0.219274829945329,3.50006218135803,0.000465149640689903,0.00193055769756553,"ETNK1","Ex_L2_3"
"ARPC3",10.578163942209,1.04469738850219,0.298496684838002,3.49986261679643,0.000465497999617208,0.00193118764706058,"ARPC3","Ex_L2_3"
"CDK17",32.9818284200321,0.762642698137172,0.21792986649218,3.49948683222149,0.000466154628139863,0.00193309542711947,"CDK17","Ex_L2_3"
"SMIM10L2A",3.03485510732006,-2.52286646788821,0.721116652536769,-3.49855527398123,0.000467786117964216,0.00193904254129977,"SMIM10L2A","Ex_L2_3"
"ZSCAN30",4.50885191861227,-2.28620206858874,0.653496681454496,-3.49841419775891,0.000468033656566904,0.00193925037626034,"ZSCAN30","Ex_L2_3"
"LINC01931",3.67271370788416,-2.09086417004184,0.597688499476761,-3.49825063034048,0.000468320812201531,0.00193962211596452,"LINC01931","Ex_L2_3"
"MAPRE2",62.3847959609006,0.655457480333495,0.187439515691181,3.49690126927881,0.000470696001666344,0.00194863780883698,"MAPRE2","Ex_L2_3"
"CHL1",83.1528171165255,-0.640395283715883,0.183185224052779,-3.49588940389305,0.000472484488243028,0.0019552180339088,"CHL1","Ex_L2_3"
"DDX1",16.9778087178035,0.868354121401815,0.248464068975155,3.49488811393749,0.000474260521253294,0.00196091555588904,"DDX1","Ex_L2_3"
"ENSG00000248367",3.5588067713435,-2.81639535267066,0.805841485621656,-3.49497438754719,0.000474107249048004,0.00196091555588904,"LOC124901151","Ex_L2_3"
"RAF1",19.1814334396608,0.865121219251558,0.247664726101975,3.49311439246035,0.000477421946286141,0.00197293971941018,"RAF1","Ex_L2_3"
"LINC02940",3.28773623136575,-2.52802267882319,0.723733161903336,-3.4930314263544,0.000477570302601527,0.00197293971941018,"LINC02940","Ex_L2_3"
"SEC13",7.51004484945596,1.17461515337452,0.336359113931486,3.4921460567701,0.00047915616145105,0.00197865915514717,"SEC13","Ex_L2_3"
"ACTG1",27.9250598649214,-0.866455361624038,0.248330061806128,-3.48912795866206,0.000484599114094296,0.00200029483061444,"ACTG1","Ex_L2_3"
"ALMS1",11.6981826114263,-1.06614709848684,0.305776551062998,-3.48668691166965,0.000489043512877208,0.00201779230176636,"ALMS1","Ex_L2_3"
"STK32C",7.82721830320242,-1.33022513377931,0.381628084835893,-3.48565838478928,0.000490927503345021,0.00202400056528703,"STK32C","Ex_L2_3"
"SERP2",10.8113164705275,-1.13019073774651,0.324241906790662,-3.48564054823483,0.000490960234841103,0.00202400056528703,"SERP2","Ex_L2_3"
"LINC01414",14.0803486458108,-0.982272544707426,0.28185622121912,-3.48501282128447,0.000492113460642327,0.00202790379083482,"LINC01414","Ex_L2_3"
"LARP4",12.7263274818129,1.03161846485566,0.296115506053256,3.48383804213928,0.00049427849112437,0.0020359714452016,"LARP4","Ex_L2_3"
"AJM1",3.24869866978162,-2.34042148508894,0.671946431816887,-3.48304771670657,0.000495739995925744,0.00204113567475881,"AJM1","Ex_L2_3"
"ZNF521",6.64734771147431,1.5245669881312,0.437791635633773,3.48240318918873,0.000496934866731955,0.00204519821146826,"ZNF521","Ex_L2_3"
"TNR",70.3209798169957,0.895943973642847,0.25729573694523,3.48215630884536,0.000497393261892852,0.00204622755646373,"TNR","Ex_L2_3"
"VDAC1",11.281574580868,-1.07425564764691,0.308576801793094,-3.48132342225525,0.000498942634701921,0.00205088386749442,"VDAC1","Ex_L2_3"
"TSPOAP1",15.2681970572481,-1.38906434466043,0.398993527677948,-3.48142074570601,0.000498761357363987,0.00205088386749442,"TSPOAP1","Ex_L2_3"
"ARPC5L",13.8796607718238,0.998008449085512,0.286724615690551,3.48072120240496,0.000500065712807701,0.00205464055316723,"ARPC5L","Ex_L2_3"
"C8orf90",1.40375837131928,-3.70942552233645,1.06582865564185,-3.48032069010438,0.000500813931609556,0.00205685454186132,"C8orf90","Ex_L2_3"
"GABRA4",40.5556936566041,0.800607605379737,0.230124056135989,3.47902613408929,0.000503239507472486,0.00206595274609682,"GABRA4","Ex_L2_3"
"GJA1",2.39321307354044,-3.44068861928376,0.989036661713969,-3.47882818956494,0.000503611354910466,0.00206661568531346,"GJA1","Ex_L2_3"
"C1orf21",25.6734593125995,0.804311066557087,0.23130687159776,3.47724674585446,0.000506591377676025,0.00207710922132273,"C1orf21","Ex_L2_3"
"SPDYE5",13.5295590712746,1.45792961138175,0.419263551313162,3.47735835088792,0.000506380534718918,0.00207710922132273,"SPDYE5","Ex_L2_3"
"UBE3A",44.6113860927359,0.643279835300951,0.18507190054542,3.47583740916455,0.000509260932154524,0.00208718372861329,"UBE3A","Ex_L2_3"
"ACIN1",27.2616972680394,-0.843198368544323,0.242642916944064,-3.47505865476676,0.00051074166204165,0.00209237951955678,"ACIN1","Ex_L2_3"
"PEX5",6.25655828321675,-1.48281954536093,0.426838464458495,-3.4739595159075,0.000512838404247536,0.00210009357370896,"PEX5","Ex_L2_3"
"PSMD8",7.95210887059709,1.20740592016938,0.347580534667878,3.47374435488192,0.000513249788219679,0.00210090246644589,"PSMD8","Ex_L2_3"
"TASOR",12.6215806273421,-1.01947394541163,0.293491756323699,-3.47360334130552,0.000513519570457306,0.00210113130369537,"TASOR","Ex_L2_3"
"MFSD10",13.6059987164729,-2.08723938124755,0.601135973034031,-3.4721585046939,0.000516291407185961,0.00211049053870642,"MFSD10","Ex_L2_3"
"TMED7",3.7063318598729,-2.36208763824525,0.680310027897203,-3.47207529124084,0.000516451471401693,0.00211049053870642,"TMED7","Ex_L2_3"
"CAMK2B",56.5265524780707,-0.67040977778788,0.193080618100153,-3.47217542798693,0.000516258860252156,0.00211049053870642,"CAMK2B","Ex_L2_3"
"PTPN21",3.89003931041242,-2.0690619487234,0.596213465148906,-3.47033750438133,0.000519804757441234,0.00212331057675787,"PTPN21","Ex_L2_3"
"CEP192",19.4768391961337,-0.841925710641012,0.242616119162072,-3.4701969248737,0.000520076909210062,0.00212353930011623,"CEP192","Ex_L2_3"
"L3MBTL4",8.75145710788105,-2.67009080044308,0.769572280604168,-3.46957767027013,0.00052127732308999,0.00212755646947905,"L3MBTL4","Ex_L2_3"
"AGBL3",7.63207844633378,-1.42925023067259,0.411987734812956,-3.46915723430813,0.000522093801872203,0.00213000394916633,"AGBL3","Ex_L2_3"
"GGNBP2",22.8572219290763,0.786662172630939,0.226801632587705,3.46850313049106,0.000523366429176913,0.00213430958913823,"GGNBP2","Ex_L2_3"
"RILPL2",2.14091301641311,-3.40688806377062,0.982614209572996,-3.46716751150089,0.000525973999003175,0.00214405334697394,"RILPL2","Ex_L2_3"
"GDAP1",81.4990770192453,-0.964210351178574,0.278156669621228,-3.46642901819166,0.000527420974965095,0.00214905999919415,"GDAP1","Ex_L2_3"
"GLYATL2",2.15061526268983,-3.40882321686467,0.983672300199981,-3.46540531452563,0.000529432917320172,0.00215546994602295,"GLYATL2","Ex_L2_3"
"PIWIL4-AS1",4.03592464595259,-2.64335193819549,0.76276419658419,-3.46549031802089,0.000529265583285492,0.00215546994602295,"PIWIL4-AS1","Ex_L2_3"
"CBARP",4.43364034184706,-2.27677151697326,0.657044758169468,-3.46516959258052,0.00052989720682742,0.00215646651196047,"CBARP","Ex_L2_3"
"EPC2",18.114051923989,0.904360511720907,0.261040943020038,3.46443933759268,0.000531337962390836,0.00215964590092163,"EPC2","Ex_L2_3"
"SAMD5",6.59965304381027,-2.10373049337799,0.607197544023883,-3.46465580120205,0.000530910510620199,0.00215964590092163,"SAMD5","Ex_L2_3"
"CD151",2.40680682167499,-3.40819707560098,0.983748094732056,-3.46450183116164,0.000531214523111742,0.00215964590092163,"CD151","Ex_L2_3"
"BPNT1",2.35019151311241,-3.40527554754049,0.98299225202328,-3.46419368060273,0.000531823450953455,0.0021607252200855,"BPNT1","Ex_L2_3"
"TPST1",38.878751493923,0.775868491236723,0.223983685910639,3.46395090375584,0.000532303653615062,0.00216178217987365,"TPST1","Ex_L2_3"
"DOK6",69.0008657138288,-0.927094315480835,0.267761342994368,-3.46239044483854,0.000535399834680981,0.00217345784128345,"DOK6","Ex_L2_3"
"PLAGL1",10.5819335167597,-1.66033795641354,0.479557735468818,-3.46222745169648,0.000535724203253437,0.00217387632084335,"PLAGL1","Ex_L2_3"
"CDC14B",23.7485876141493,0.744397128338024,0.215076462594157,3.46108132595931,0.000538010255234987,0.00218225134080451,"CDC14B","Ex_L2_3"
"SCIMP",2.3840133926454,-3.40168157203936,0.982943130143121,-3.46071045996737,0.000538751925374153,0.00218435778575141,"SCIMP","Ex_L2_3"
"TXK",1.41076487319221,-3.70944759517057,1.07208437194912,-3.46003326998093,0.000540108650769134,0.0021878083167481,"TXK","Ex_L2_3"
"GNS",6.2256849665023,-1.72027873377168,0.497177575946514,-3.46008914520462,0.000539996586425407,0.0021878083167481,"GNS","Ex_L2_3"
"ZNF667",6.47461917361629,-1.43877681083728,0.415837180068179,-3.45995230777919,0.000540271068447769,0.0021878083167481,"ZNF667","Ex_L2_3"
"MIR493HG",6.15441219918258,1.46922875330162,0.424701328396057,3.45943997597173,0.000541299909057718,0.00219107140773919,"MIR493HG","Ex_L2_3"
"CLCA4-AS1",4.17700095179472,-2.21302873552266,0.639734056080055,-3.45929486556165,0.000541591644496951,0.0021913493886071,"CLCA4-AS1","Ex_L2_3"
"GTF2IRD2",4.19755007418395,1.51125320274071,0.436962809415683,3.45853965183352,0.000543112321145712,0.00219659754752387,"GTF2IRD2","Ex_L2_3"
"B3GALT2",3.20836582860542,-2.32341945616779,0.671934257563244,-3.45780770963163,0.000544589933987149,0.00220166728867891,"B3GALT2","Ex_L2_3"
"RPL31",99.570883429617,-0.803242008160037,0.232402384254383,-3.45625545425053,0.000547735960727553,0.00221347514528485,"RPL31","Ex_L2_3"
"ZNF565",27.2109311757631,0.904041525849349,0.261594488690699,3.45588903793099,0.000548481059264883,0.00221557480518841,"ZNF565","Ex_L2_3"
"BBLN",10.4996675269847,-1.12001459166966,0.324101188123899,-3.45575589572197,0.000548752034456009,0.00221575831750753,"BBLN","Ex_L2_3"
"RGPD8",7.58953232333065,1.43267412535207,0.41464270328614,3.45520158439493,0.000549881527182122,0.0022194067884294,"RGPD8","Ex_L2_3"
"PCED1A",2.75358977877562,-2.60134651593786,0.752902775055617,-3.45508955754041,0.000550110061660466,0.00221941734938497,"PCED1A","Ex_L2_3"
"SPEG",12.0017532040672,-1.08336187556385,0.313567222732727,-3.45495892753838,0.000550376658243504,0.00221958140007561,"SPEG","Ex_L2_3"
"CNTNAP2",557.904655640196,-1.59550167763618,0.461857871445966,-3.45452957777042,0.000551253745938251,0.00222220631928493,"CNTNAP2","Ex_L2_3"
"SYCP2L",6.19828340486111,-1.50015303939166,0.434337568982896,-3.45388735978936,0.000552568117356942,0.0022265911340913,"SYCP2L","Ex_L2_3"
"HIGD1A",6.01083371369666,-1.48473313138176,0.429941936399253,-3.45333405672481,0.000553702854705523,0.0022300918314532,"HIGD1A","Ex_L2_3"
"HCG17",10.9919783601052,-1.07798423279396,0.312165809679591,-3.45324247360854,0.000553890886476568,0.0022300918314532,"HCG17","Ex_L2_3"
"ENSG00000283445",3.36593848024312,-3.12130100757821,0.904007270118925,-3.45273883380119,0.000554925986310679,0.00223334407600004,"ENSG00000283445","Ex_L2_3"
"PEX7",4.91097666301544,-2.44154912904552,0.707300657778807,-3.45192543254931,0.000556601525306411,0.00223917010016797,"PEX7","Ex_L2_3"
"ST7L",7.09894494774003,-1.53032856355243,0.44337729839238,-3.45152665484041,0.000557424694531551,0.0022415637327376,"ST7L","Ex_L2_3"
"PSAP",49.2353668247051,-1.05968967553268,0.307044223579022,-3.45126074407307,0.000557974225711986,0.00224285548011234,"PSAP","Ex_L2_3"
"CDK5RAP2",10.1973341736547,-1.18736570696036,0.344265653952902,-3.44898102185586,0.000562706248845655,0.00226038724042779,"CDK5RAP2","Ex_L2_3"
"CBLN4",10.1959277772894,-2.37265029492287,0.6879364898472,-3.44893799055472,0.000562795927329638,0.00226038724042779,"CBLN4","Ex_L2_3"
"FZR1",6.92173425105839,1.33625986201617,0.387465716552744,3.44871766695847,0.000563255296697692,0.00226130773794774,"FZR1","Ex_L2_3"
"VPS36",19.3691850509864,0.826002996658689,0.239532421885593,3.4483974660149,0.000563923530473138,0.0022630656713105,"VPS36","Ex_L2_3"
"ZNF831",7.96158963502229,-1.98455972112833,0.575678673739434,-3.4473393086411,0.000566137075455931,0.00227102108177994,"ZNF831","Ex_L2_3"
"ENSG00000253693",4.62653856986738,-2.27002643594036,0.658562542600749,-3.44694131399537,0.000566971727051927,0.00227255362967421,"ENSG00000253693","Ex_L2_3"
"METTL15",17.6154606990942,-1.22304304469354,0.354820297748916,-3.44693652661047,0.000566981773852961,0.00227255362967421,"METTL15","Ex_L2_3"
"ARL17A",87.3706611332161,-1.78588180143746,0.518218632316225,-3.44619372996162,0.000568542616172012,0.00227695175755151,"ARL17A","Ex_L2_3"
"AKAP17A",7.24874282230406,1.20966725306307,0.351006164064563,3.44628492860477,0.000568350764757053,0.00227695175755151,"AKAP17A","Ex_L2_3"
"KBTBD11-AS1",6.20656686782732,-1.8793338062913,0.545691028621224,-3.44395217755318,0.00057327709209355,0.00229497724235006,"KBTBD11-AS1","Ex_L2_3"
"SERTAD2",10.1595272221455,1.07598840215672,0.312450759623852,3.44370550883621,0.000573800327574343,0.0022961362191814,"SERTAD2","Ex_L2_3"
"GHR",20.2159890381541,-0.949632464422838,0.275873563852412,-3.44227424752767,0.000576845115620626,0.0023055030170289,"GHR","Ex_L2_3"
"GLI4",4.97646196516992,-1.7451472658534,0.506953711388391,-3.44241935042546,0.000576535747677089,0.0023055030170289,"GLI4","Ex_L2_3"
"MAP3K11",2.58036481403907,-2.75526224587466,0.800405320678158,-3.44233374603284,0.000576718242604423,0.0023055030170289,"MAP3K11","Ex_L2_3"
"INSR",27.4360061507166,0.911657304277918,0.264862199584031,3.44200609112846,0.000577417247701673,0.00230685117585248,"INSR","Ex_L2_3"
"PYGB",12.6770372220049,-1.32678573465352,0.385502400279501,-3.4417055086857,0.000578059191245441,0.00230847703040456,"PYGB","Ex_L2_3"
"NR3C2",39.9717042692855,-0.623865574646381,0.181300948937501,-3.44104969280356,0.000579462101775029,0.00231313924739451,"NR3C2","Ex_L2_3"
"UBN2",28.3813691026271,-0.732697317683111,0.213034048251632,-3.43934372789866,0.000583126336160321,0.00232587621861104,"UBN2","Ex_L2_3"
"PIANP",7.68150486216911,-1.33970794955456,0.389517254713338,-3.43940591422712,0.000582992388447089,0.00232587621861104,"PIANP","Ex_L2_3"
"NFE2L1",9.62618583201133,-1.17940292159294,0.342950186997276,-3.43899191867859,0.000583884663670671,0.00232795573697268,"NFE2L1","Ex_L2_3"
"IFT46",2.12966373973324,-3.399432920743,0.988671057946051,-3.4383861987477,0.0005851924492515,0.00233222337584046,"IFT46","Ex_L2_3"
"LINC00343",5.07600501993468,-5.25962968010943,1.53051724381728,-3.43650468582198,0.000589272160193396,0.00234753029267637,"LINC00343","Ex_L2_3"
"ANO6",7.66791414176594,-1.38450356721933,0.402904238916745,-3.4363092603387,0.000589697418450551,0.00234827216816304,"ANO6","Ex_L2_3"
"P3H1",10.3084637920619,1.00803649695364,0.293438435447302,3.43525719600105,0.000591991690260557,0.00235549873030365,"P3H1","Ex_L2_3"
"CT75",1.37336795110411,-3.67648293419366,1.07020219627263,-3.43531619258337,0.000591862814852675,0.00235549873030365,"CT75","Ex_L2_3"
"FAM157C",5.79252199792364,-5.43811606325101,1.58314789739191,-3.43500191751497,0.000592549635863202,0.00235676421972474,"FAM157C","Ex_L2_3"
"TRO",5.0144496171438,-1.67810664794657,0.48857230707067,-3.4347150332936,0.000593177244206575,0.00235830564430813,"TRO","Ex_L2_3"
"LCLAT1",23.9495565105492,1.06490590107345,0.310169343419164,3.4333048177309,0.000596271338755317,0.0023696479093577,"LCLAT1","Ex_L2_3"
"UBE2Q1",2.89180768852024,-2.51788375872963,0.733454738070727,-3.43290952806802,0.000597141318897358,0.00237214570030232,"UBE2Q1","Ex_L2_3"
"TMEM175",14.3194141321197,-1.04494988949376,0.304467934665541,-3.43205234614162,0.000599031923104995,0.00237869426539348,"TMEM175","Ex_L2_3"
"SCNN1D",4.99327701988059,-1.67000936475776,0.486724805648695,-3.43111619826323,0.000601103058974383,0.00238595412176337,"SCNN1D","Ex_L2_3"
"C3orf38",10.8161647610513,-1.13310613619968,0.330422811300779,-3.42926122969224,0.000605226697521828,0.00240135180793798,"C3orf38","Ex_L2_3"
"RTL8A",3.6895529570156,-2.53224500065951,0.738688950013555,-3.42802610031332,0.00060798700380042,0.00241132996581967,"RTL8A","Ex_L2_3"
"TMEM8B",4.93167822314539,-1.71724443180781,0.501007310996385,-3.42758357835661,0.000608978813336234,0.00241361509600079,"TMEM8B","Ex_L2_3"
"NPIPA1",14.0128305053658,-1.07334377716012,0.313151911516312,-3.4275498174764,0.000609054542242057,0.00241361509600079,"NPIPA1","Ex_L2_3"
"ARNT2-DT",5.23353109265077,-1.94010351414423,0.566180866196901,-3.42664973328421,0.000611076752055835,0.00242065242427279,"ARNT2-DT","Ex_L2_3"
"CA1",3.94688932728705,-1.92082169483195,0.560605378576413,-3.42633475923765,0.000611785875525419,0.00242150863866306,"CA1","Ex_L2_3"
"IQSEC2",20.240461684531,-0.833932549648219,0.243383424953214,-3.42641471911461,0.000611605783679927,0.00242150863866306,"IQSEC2","Ex_L2_3"
"GTF2H2",6.4442013668994,-1.79274244859382,0.523326015452173,-3.42567041511365,0.000613284072331065,0.00242646102560628,"GTF2H2","Ex_L2_3"
"SORBS1",172.796103091171,0.969702848454991,0.283089557907691,3.42542782440315,0.000613832001634944,0.00242765120131308,"SORBS1","Ex_L2_3"
"CA7",2.1060244407234,-3.37504457684698,0.985546621820301,-3.42454075953636,0.000615839457957024,0.00243461039636612,"CA7","Ex_L2_3"
"ENSG00000275119",10.6714650634622,1.15625846889747,0.337671937157227,3.42420657941464,0.000616597301226929,0.00243662585971575,"ENSG00000275119","Ex_L2_3"
"FAM174A",6.59776298580716,1.26428042079456,0.369249848348008,3.42391588365126,0.000617257237674657,0.00243825295654034,"FAM174A","Ex_L2_3"
"ATG4C",12.4371197550785,-2.03826183967142,0.59538345889556,-3.42344384819224,0.000618330251064607,0.0024394815987063,"ATG4C","Ex_L2_3"
"PTPRZ1",8.96204109901281,-1.54307159749832,0.450721510246988,-3.42355881052303,0.000618068763226935,0.0024394815987063,"PTPRZ1","Ex_L2_3"
"LINC02347",1.37064138099721,-3.67252391888481,1.07277132450846,-3.42339866379963,0.000618433053506875,0.0024394815987063,"LINC02347","Ex_L2_3"
"ELK1",3.34967377076359,-2.34994639374454,0.686447997027518,-3.42334219623389,0.000618561549509098,0.0024394815987063,"ELK1","Ex_L2_3"
"MICU1",34.8447818173376,-0.907412564450273,0.265090158978017,-3.42303376311122,0.00061926384976975,0.00244127129219022,"MICU1","Ex_L2_3"
"ENSG00000289393",1.37843017008494,-3.67701370822827,1.07433743340627,-3.42258734908829,0.000620281645773514,0.00244430280308022,"ENSG00000289393","Ex_L2_3"
"NR4A1",4.90975004715987,1.68485112744702,0.492319447764502,3.42227213468308,0.000621001252147963,0.00244615729795573,"NR4A1","Ex_L2_3"
"FAR1",41.5626793949491,0.67981243850418,0.19869178718152,3.42144206435226,0.000622899946341187,0.00245265293501235,"FAR1","Ex_L2_3"
"CNIH3",6.60938339290784,-1.398287819296,0.408703982990042,-3.42127279765237,0.00062328778761999,0.0024531968051197,"CNIH3","Ex_L2_3"
"PDPR",7.68635628377868,1.32730373719281,0.388093978706515,3.42005753765261,0.000626078920422135,0.00246319556036326,"PDPR","Ex_L2_3"
"SH3BP5L",4.10894288083549,-1.88127472145988,0.550198976981758,-3.41926248532857,0.000627911234260645,0.00246826163596956,"SH3BP5L","Ex_L2_3"
"EIF5B",36.6037505211687,0.777392023758466,0.227358019600167,3.41924171016968,0.000627959180456436,0.00246826163596956,"EIF5B","Ex_L2_3"
"IRF2BPL",3.01344522519856,-2.32156154799758,0.678983572214302,-3.41917189605414,0.000628120326743068,0.00246826163596956,"IRF2BPL","Ex_L2_3"
"RALGPS2",25.7518706224386,0.809630685363069,0.236806305688165,3.41895745981198,0.000628615533202661,0.00246921991130865,"RALGPS2","Ex_L2_3"
"STPG2",3.18195063950794,-2.29763795897161,0.672177612803753,-3.41820065888214,0.000630366149255643,0.00247510673472719,"STPG2","Ex_L2_3"
"TENT4B",13.9075731598588,-0.979917666189363,0.286727848745483,-3.41758803854173,0.000631786570277863,0.00247969287511375,"TENT4B","Ex_L2_3"
"ENSG00000283674",31.9574519545134,-0.775700753452091,0.226996890094748,-3.41723075205267,0.000632616348485961,0.00248195807009827,"LOC729732","Ex_L2_3"
"ADGRL2",166.436301440365,-0.91935207596475,0.269136032875522,-3.41593827531061,0.000635626529252706,0.00249277246442259,"ADGRL2","Ex_L2_3"
"VCPIP1",5.17428852345763,-1.67736515969984,0.491223210455064,-3.41466999929819,0.000638593293778291,0.00250263147839669,"VCPIP1","Ex_L2_3"
"SNHG16",4.48164414069234,1.45635774763983,0.426503309345864,3.414645832112,0.00063864995076756,0.00250263147839669,"SNHG16","Ex_L2_3"
"AADAT",3.43461189569794,-2.30233905970414,0.674617939482642,-3.41280438149892,0.000642980782098323,0.00251671798558522,"AADAT","Ex_L2_3"
"CERT1",24.351444428321,0.862440810825596,0.252698874379373,3.41291908380576,0.000642710222753136,0.00251671798558522,"CERT1","Ex_L2_3"
"TP53I11",9.96739335403271,1.12728514907776,0.330311839864191,3.41279062095154,0.00064301324753857,0.00251671798558522,"TP53I11","Ex_L2_3"
"MSS51",2.58767380771167,-2.71007413866898,0.794256403471307,-3.41208975694067,0.000644668823098668,0.00252219295823231,"MSS51","Ex_L2_3"
"PLXDC1",2.57498108162345,-2.9159712486655,0.85469838681317,-3.41169621196782,0.000645600189239569,0.00252483131333182,"PLXDC1","Ex_L2_3"
"NRSN1",18.9672938725452,-1.10147368273931,0.322991899004002,-3.41022077066292,0.000649103130973971,0.0025375205565811,"NRSN1","Ex_L2_3"
"MGST3",24.3685033245039,0.777641900626055,0.228123544653834,3.40886295540465,0.000652342419985924,0.00254916942479782,"MGST3","Ex_L2_3"
"MAGI3",43.1015836277564,-0.598478065870805,0.175594745263956,-3.4082914324752,0.000653710371194475,0.00255349927897198,"MAGI3","Ex_L2_3"
"ENSG00000250842",1.33943151660816,-3.6444010558171,1.06935545983255,-3.40803520691594,0.000654324517692568,0.00255408870905686,"ENSG00000250842","Ex_L2_3"
"GPR135",7.96554470766087,-1.60138202236601,0.469887498000906,-3.4080115542102,0.000654381237855874,0.00255408870905686,"GPR135","Ex_L2_3"
"CRY2",19.5695265142559,0.920832848689016,0.270242973702753,3.40742568094245,0.000655787646241492,0.00255856149192868,"CRY2","Ex_L2_3"
"IRF2BP2",3.22142606860495,-2.25925215465023,0.663081562086916,-3.40720098978425,0.000656327770215682,0.00255965224874905,"IRF2BP2","Ex_L2_3"
"EFHD2",18.672229782895,1.17793131389091,0.345895633131291,3.4054529779039,0.000660543878898537,0.00257214366505203,"EFHD2","Ex_L2_3"
"UROS",10.2163212680207,-1.12186375839311,0.329432946163345,-3.40543886535516,0.000660578019841843,0.00257214366505203,"UROS","Ex_L2_3"
"CARS1",5.36872118627571,-1.68517342333688,0.494842863223324,-3.40547181454723,0.000660498312027214,0.00257214366505203,"CARS1","Ex_L2_3"
"ARID2",8.83058878322617,-1.20020665010542,0.352408432060395,-3.40572625657189,0.000659883089171923,0.00257214366505203,"ARID2","Ex_L2_3"
"ENSG00000267436",4.98527525561606,1.73779275339201,0.510457141443628,3.40438523100557,0.000663131601285353,0.00258106372861621,"ENSG00000267436","Ex_L2_3"
"ATXN7L3B",4.63002436035642,-2.09877574578017,0.616546879596122,-3.40408136872739,0.000663869743385424,0.00258291340951224,"ATXN7L3B","Ex_L2_3"
"SUSD1",10.8253412979901,0.989388254812541,0.290749535752286,3.40288851107739,0.000666774825047284,0.00259318918498199,"SUSD1","Ex_L2_3"
"MAP7D1",7.81759036379126,-1.32630775620964,0.389781542932152,-3.40269512566557,0.000667246907195538,0.00259399826525088,"MAP7D1","Ex_L2_3"
"SDC3",7.69507542197578,-1.40903972777084,0.414134267958038,-3.40237414961665,0.000668031142805373,0.00259601975748417,"SDC3","Ex_L2_3"
"ENSG00000248837",29.0412522960541,1.74321853100556,0.512509239888211,3.40134068877626,0.000670562006575788,0.00260482449687645,"LOC105374524","Ex_L2_3"
"ARL6IP5",10.9431805015259,-1.30591641494809,0.384147350268636,-3.39951951779663,0.000675043617808839,0.0026191265803136,"ARL6IP5","Ex_L2_3"
"FAM66A",4.7034839488215,-1.69368845790395,0.498212951492132,-3.39952715566989,0.000675024764212865,0.0026191265803136,"FAM66A","Ex_L2_3"
"CHASERR",9.36277890300035,-1.40117032452421,0.412164557485462,-3.39954103058371,0.000674990516138183,0.0026191265803136,"CHASERR","Ex_L2_3"
"TMA7",44.1789522115445,0.776647847570216,0.228553205283496,3.39810525346545,0.000678543087632159,0.00263166493995196,"TMA7","Ex_L2_3"
"ENSG00000291159",5.96000286895862,-1.4767739019358,0.434664848464105,-3.39750018239111,0.000680045426415337,0.00263645077707351,"ENSG00000291159","Ex_L2_3"
"LINC02006",1.34401684291852,-3.64496018904329,1.0730046435068,-3.39696590420224,0.000681374562610289,0.00264056161857336,"LINC02006","Ex_L2_3"
"SNX30",5.79317199792205,-1.52257730312242,0.448240292469739,-3.39678812614824,0.000681817360350201,0.00264123570507901,"SNX30","Ex_L2_3"
"TRMT2A",5.15764224859345,-1.67053253780864,0.491825473460037,-3.39659620730152,0.00068229567927376,0.00264204680850825,"TRMT2A","Ex_L2_3"
"LINC02073",13.1475156270767,-3.21529730059956,0.946653626485043,-3.39648759656483,0.000682566507766629,0.00264205412620148,"LINC02073","Ex_L2_3"
"GGCT",9.09351589549683,-1.17533167292669,0.346112843280003,-3.39580485308908,0.000684271266279826,0.00264656729131221,"GGCT","Ex_L2_3"
"RBL2",21.1327265288651,0.800428256296583,0.235708684260372,3.39583693663319,0.000684191067571735,0.00264656729131221,"RBL2","Ex_L2_3"
"TPCN1",9.33076026565901,-1.14964300187096,0.338559380501531,-3.39569088343651,0.000684556225005336,0.00264662745157513,"TPCN1","Ex_L2_3"
"FAM199X",6.3688844088134,-1.46511761375394,0.431497534001434,-3.39542523028433,0.000685220866784315,0.00264815491553466,"FAM199X","Ex_L2_3"
"MPND",1.33782978521947,-3.6408460196154,1.07239872266323,-3.39504882155547,0.000686163636788808,0.00265075563028441,"MPND","Ex_L2_3"
"ELP4",16.3811184788438,-0.934178187494209,0.275341093067104,-3.39280336650126,0.00069181279851848,0.00267047895192359,"ELP4","Ex_L2_3"
"MORF4L1",25.3039822269532,-0.721843187318955,0.212753519816461,-3.392861316427,0.000691666465120312,0.00267047895192359,"MORF4L1","Ex_L2_3"
"ENSG00000253925",9.03291360681484,1.89028892457803,0.557167760581113,3.39267462748833,0.000692137989349444,0.0026706848418574,"ENSG00000253925","Ex_L2_3"
"KCNN1",3.49068504544951,-2.48472518514487,0.732410558394839,-3.39253053723096,0.000692502125444413,0.0026710407853812,"KCNN1","Ex_L2_3"
"ARHGAP26-AS1",12.7366621023629,1.46930525132604,0.433114182848132,3.39242008115269,0.000692781383847781,0.00267106919737857,"ARHGAP26-AS1","Ex_L2_3"
"ERLIN1",5.1362611127116,-2.20733516592837,0.650717841461264,-3.39215405708185,0.000693454383608584,0.00267261509006305,"ERLIN1","Ex_L2_3"
"ELP2",43.5262187019347,0.693577945591464,0.204544766175926,3.39083692317469,0.000696795489806748,0.00268443878112215,"ELP2","Ex_L2_3"
"ENSG00000273230",1.34449373558898,-3.6436638558866,1.07525636133086,-3.38864663992947,0.000702384611879313,0.00270491039870732,"ENSG00000273230","Ex_L2_3"
"LZTS1",6.87401197999852,-1.52202118351342,0.449238739130007,-3.38800074646491,0.00070404072717946,0.00271022574600745,"LZTS1","Ex_L2_3"
"PTRH2",4.71458498385748,1.50419531858755,0.444003923708375,3.38779735553759,0.000704562986283174,0.00271117382579158,"PTRH2","Ex_L2_3"
"GNPDA2",4.24312701214607,-1.79800131262364,0.530803477680925,-3.38732014431986,0.000705789763770049,0.00271483110386725,"GNPDA2","Ex_L2_3"
"NCLN",11.1581204266849,0.981184510702429,0.289824904964103,3.38543891120729,0.000710645252634325,0.00273243794985503,"NCLN","Ex_L2_3"
"FAM241B",4.26085059094281,-1.81602586444505,0.536500958932741,-3.38494430290984,0.000711926986542145,0.00273629527221832,"FAM241B","Ex_L2_3"
"NEGR1",277.223863881691,-0.938485037156954,0.277344674036463,-3.38382209940534,0.000714843047784071,0.00274642866696547,"NEGR1","Ex_L2_3"
"CELSR2",9.94539383949514,-1.1524670577712,0.340667563025048,-3.38296680651826,0.000717072986095159,0.0027539190834241,"CELSR2","Ex_L2_3"
"PRPSAP1",7.01514117906808,-1.54636240711016,0.457246306360494,-3.38190245738366,0.000719857005939851,0.00276353076449906,"PRPSAP1","Ex_L2_3"
"TRAF5",3.39859848129001,-2.27722344820009,0.673514852447326,-3.3811035345775,0.000721953343906276,0.00276982488564547,"TRAF5","Ex_L2_3"
"ARMCX2",5.32290441841052,-1.60582185223075,0.474945883458835,-3.38106278664048,0.000722060416544998,0.00276982488564547,"ARMCX2","Ex_L2_3"
"EYA3",20.0429704869242,-0.820021947150674,0.242579477885797,-3.38042588885746,0.000723735900180966,0.00277420390485782,"EYA3","Ex_L2_3"
"ANOS1",1.37449278982233,-3.66639154040931,1.08459832231764,-3.38041417266324,0.000723766755715656,0.00277420390485782,"ANOS1","Ex_L2_3"
"FBXL4",9.29006547732778,-1.77205326377969,0.524719450758089,-3.37714422672823,0.000732426347452817,0.00280630126262733,"FBXL4","Ex_L2_3"
"DCAF6",54.2139037186886,0.631593300929732,0.187046803962205,3.37665914386515,0.000733719128801138,0.00281015856582549,"DCAF6","Ex_L2_3"
"SRM",4.06219962614002,-2.17978126094353,0.645599303635819,-3.37636866810058,0.000734494282267203,0.00281196886406451,"SRM","Ex_L2_3"
"SELENOH",16.6141248540485,0.87137255899999,0.258087530677253,3.37626756594324,0.000734764258352362,0.00281196886406451,"SELENOH","Ex_L2_3"
"SCN2B",2.42664087056995,-3.01238343251691,0.892706519284343,-3.37443870683486,0.0007396638570899,0.00282961749690466,"SCN2B","Ex_L2_3"
"ZRANB3",22.4251878855048,-0.766936825933036,0.227314742107583,-3.37389831747058,0.000741117382792639,0.00283407441360642,"ZRANB3","Ex_L2_3"
"RFNG",12.6146539429249,-1.00073729058311,0.29679000451444,-3.37186992607906,0.00074659699929215,0.00285391786811132,"RFNG","Ex_L2_3"
"RPL36",36.3645855624716,-0.705719855295836,0.209355603649922,-3.37091457306259,0.00074919085929356,0.00286271917607932,"RPL36","Ex_L2_3"
"XNDC1N",4.09286296289057,-2.63023778361201,0.780338006085412,-3.3706390860118,0.00074994038181576,0.00286446901670219,"XNDC1N","Ex_L2_3"
"PURA",30.1011345641994,0.624208826188294,0.185240656977727,3.36971827012764,0.000752450718697325,0.00287294048211524,"PURA","Ex_L2_3"
"PKP4",151.126131810094,1.11502991837734,0.330914237055952,3.36954350558451,0.000752928043591763,0.00287364611509149,"PKP4","Ex_L2_3"
"GXYLT1",7.74743013852136,1.09444587094117,0.324840873076985,3.36917537677532,0.000753934413882063,0.00287636958523394,"GXYLT1","Ex_L2_3"
"OPRK1",3.56808305613628,-3.1310360165286,0.929457080260783,-3.3686719731589,0.000755312612999317,0.00288050897131417,"OPRK1","Ex_L2_3"
"ANKS6",5.67587092260747,-1.5133422982972,0.449333448505457,-3.36797161068417,0.000757233930278867,0.00288671561158696,"ANKS6","Ex_L2_3"
"POSTN",1.34907906189935,-3.64239371757215,1.08154809016844,-3.36775937259054,0.000757817062344575,0.00288781800638988,"POSTN","Ex_L2_3"
"SYT7",29.3815298411276,-0.703175484286023,0.208843735296431,-3.36699342830629,0.000759924992337794,0.00289472784983578,"SYT7","Ex_L2_3"
"CMPK1",7.35678001326304,-1.4140805204393,0.420045816465101,-3.36649114217945,0.000761310271775659,0.00289888066276127,"CMPK1","Ex_L2_3"
"JHY",4.13962386354801,1.52590593478927,0.453486582235207,3.36483149571522,0.000765904182454272,0.0029141141318477,"JHY","Ex_L2_3"
"DLGAP1-AS4",27.823888381052,0.821856661660619,0.244246523340971,3.36486534350091,0.000765810235052949,0.0029141141318477,"DLGAP1-AS4","Ex_L2_3"
"RPUSD3",1.92098093428597,-3.51592728344312,1.04524448189122,-3.36373675666916,0.000768948499599225,0.00292456448318343,"RPUSD3","Ex_L2_3"
"ZNF791",10.2064327653805,1.1710911691117,0.348262999137714,3.36266319422757,0.000771944834634956,0.00293482432486602,"ZNF791","Ex_L2_3"
"NAV3",421.215235290376,-1.03577735480884,0.308045604623247,-3.36241562698367,0.00077263733623344,0.00293632077027362,"NAV3","Ex_L2_3"
"ANKRD40",2.39012976411216,-2.74115802167877,0.815426361391176,-3.36162546548306,0.000774851456590131,0.00294359656208099,"ANKRD40","Ex_L2_3"
"KLHL35",2.24224282775908,-3.31616065923884,0.986707895434008,-3.36083320563703,0.000777077369259501,0.00295091150970442,"KLHL35","Ex_L2_3"
"MESD",5.55043043826131,-2.31616636086612,0.689211434562472,-3.36060350237294,0.000777723846724909,0.00295222529761418,"MESD","Ex_L2_3"
"TUBA4A",6.3662171636401,-1.45850870975468,0.434158603910756,-3.35939146804168,0.000781143274497864,0.0029633083596424,"TUBA4A","Ex_L2_3"
"MALAT1",25558.2418984389,0.893220055207266,0.265890355739129,3.35935484656549,0.000781246808985527,0.0029633083596424,"MALAT1","Ex_L2_3"
"JAKMIP2",50.7593913615206,-0.534615141929352,0.159177184325647,-3.35861665221838,0.00078333651497548,0.00296894209996879,"JAKMIP2","Ex_L2_3"
"DNAJC9",7.32700794676815,-1.51131313429794,0.44998063667806,-3.35861815178331,0.000783332264701198,0.00296894209996879,"DNAJC9","Ex_L2_3"
"MRPL55",13.6958360908481,0.848038929780652,0.252600455625513,3.35723436317903,0.000787263506965871,0.00298224848657436,"MRPL55","Ex_L2_3"
"ATP2B3",7.69111366908707,-1.28758121998366,0.383532037553894,-3.35716731305068,0.000787454455840176,0.00298224848657436,"ATP2B3","Ex_L2_3"
"COL5A2",5.2122449029876,-1.85906597576251,0.553867654641691,-3.35651659775146,0.000789309831318787,0.00298812323039528,"COL5A2","Ex_L2_3"
"CAPZA1",17.9148581488923,0.974977467245518,0.290487410306247,3.35635016408334,0.000789785032502144,0.0029887704773887,"CAPZA1","Ex_L2_3"
"MSH4",2.51504342038728,-2.6664061417661,0.794675637241715,-3.35533897958805,0.000792677877307532,0.00299856275189418,"MSH4","Ex_L2_3"
"PPP2R3A",11.3335370826764,1.06789460998365,0.318484730471298,3.35304806733862,0.000799268245194142,0.00302232919198893,"PPP2R3A","Ex_L2_3"
"RBM4",19.538591641991,0.937633134688171,0.279745928485686,3.35173112174945,0.000803079741247929,0.0030355734428702,"RBM4","Ex_L2_3"
"CCDC88C",5.33695317085827,1.30964235289808,0.39083142099694,3.35091367412942,0.000805454070202501,0.00304337722525745,"CCDC88C","Ex_L2_3"
"ENSG00000289586",4.37794688760643,-2.21585190920729,0.661459882304795,-3.34994149832089,0.000808286296856543,0.00305290449070307,"LOC105377294","Ex_L2_3"
"SRD5A1",3.1905561562479,-2.14973025813355,0.641799880484499,-3.34953359061194,0.000809477398768488,0.00305505415501407,"SRD5A1","Ex_L2_3"
"ELOC",9.668200954395,1.19604789459583,0.357078032925731,3.34954207290763,0.000809452613654888,0.00305505415501407,"ELOC","Ex_L2_3"
"ENSG00000286854",2.5142239762134,-2.66557945308281,0.795852247610696,-3.34933960554287,0.000810044411848705,0.0030560200852541,"ENSG00000286854","Ex_L2_3"
"SNHG6",16.8132950690825,0.873120775006108,0.260724023734116,3.34883131405071,0.000811531882510827,0.00306045651201012,"SNHG6","Ex_L2_3"
"ZCCHC17",19.8845499610018,0.890918723585235,0.266158718253427,3.34732121281458,0.000815966025042804,0.00307599778588661,"ZCCHC17","Ex_L2_3"
"TMEM132A",12.5728417035701,-1.00874234345004,0.301478989805364,-3.34597891581528,0.000819926300927215,0.00308974145773263,"TMEM132A","Ex_L2_3"
"HCN1",86.5121603620075,-0.797124533873835,0.238345011485605,-3.34441459003214,0.000824564143193049,0.00310602689521799,"HCN1","Ex_L2_3"
"SPOCK2",8.87579719038593,-1.23977453119325,0.370727166650709,-3.3441696285542,0.000825292593973819,0.00310757931897233,"SPOCK2","Ex_L2_3"
"PELP1",8.1600384012422,1.11905170931869,0.334753573458047,3.34291191505064,0.000829042112893338,0.00312050180730427,"PELP1","Ex_L2_3"
"FSIP1",13.7473771476306,-1.75009778976109,0.523555389280796,-3.34271755308484,0.000829622956181633,0.00312149211854782,"FSIP1","Ex_L2_3"
"ADAM15",3.93910553491307,-2.0029086025992,0.59937309793746,-3.34167250664325,0.000832752514575743,0.00313156037190734,"ADAM15","Ex_L2_3"
"DENND11",12.1041715089077,0.930352387580803,0.27841431217186,3.3416112136021,0.000832936405923645,0.00313156037190734,"DENND11","Ex_L2_3"
"CRYL1",11.838507787345,-1.14647754222101,0.343215670204089,-3.34039975954266,0.000836578748564449,0.00314405111931796,"CRYL1","Ex_L2_3"
"RETREG3",8.27235619983478,-1.32006295138122,0.395195802690347,-3.34027573773486,0.000836952463467272,0.00314425277288814,"RETREG3","Ex_L2_3"
"CANX",15.9533921127294,-0.973133001200681,0.291366448799504,-3.33989381828351,0.000838104274221556,0.00314643066821593,"CANX","Ex_L2_3"
"SLC22A23",17.2851106237828,0.819300675006242,0.245309068291842,3.33987112955616,0.000838172746205323,0.00314643066821593,"SLC22A23","Ex_L2_3"
"SMIM13",3.99366251286081,-1.84679673775214,0.553127918541407,-3.3388239426101,0.000841338688949681,0.00315710896877069,"SMIM13","Ex_L2_3"
"STIP1",2.75569451187554,-2.95790541551345,0.88602125301558,-3.33841361642985,0.000842582242995585,0.00316056813867454,"STIP1","Ex_L2_3"
"RBM24",4.78656584382801,1.32947415161471,0.398272360493256,3.33810297548183,0.00084352481986883,0.00316289611847,"RBM24","Ex_L2_3"
"ANKIB1",53.7974220635517,0.49153578355357,0.14727433887503,3.33755213099727,0.000845198650708041,0.00316796319899114,"ANKIB1","Ex_L2_3"
"APH1A",5.13636884784577,1.29380376007512,0.388001314664982,3.33453447494693,0.000854423083459932,0.00320131669409244,"APH1A","Ex_L2_3"
"SUMO1",11.8823984301188,0.959577079888464,0.287953794605633,3.33239949556023,0.000861005630559542,0.00322475002463475,"SUMO1","Ex_L2_3"
"RTN2",2.65215094974964,-2.50028169646402,0.7503317246215,-3.33223508272328,0.000861514491736828,0.00322542620686837,"RTN2","Ex_L2_3"
"RO60",12.3556992350369,0.916434755314897,0.275029853246987,3.33212829260359,0.00086184515877474,0.00322543498659164,"RO60","Ex_L2_3"
"TMTC3",13.7778337709524,-0.930074160813085,0.279242084943699,-3.33070912645781,0.000866250681604909,0.00324068800307945,"TMTC3","Ex_L2_3"
"DHX34",5.8631763981946,-1.56668037703991,0.470560304302835,-3.32939341188384,0.000870353703897631,0.00325479816790648,"DHX34","Ex_L2_3"
"TMEM106C",2.38515256631764,-2.7274784714558,0.819352624545946,-3.32882130324202,0.000872143424988176,0.00326025000269552,"TMEM106C","Ex_L2_3"
"ABCB6",6.26598962740768,-1.60309237366057,0.481620107084993,-3.32854120930143,0.000873020883395661,0.00326228876320996,"ABCB6","Ex_L2_3"
"SLC5A3",5.28943764234558,-1.96401782899062,0.590085741307802,-3.32836008651519,0.000873588727695208,0.00326316945280522,"SLC5A3","Ex_L2_3"
"KCNV1",7.98409783233368,1.09534993245885,0.329281905893993,3.32648078395014,0.000879500837543534,0.00328400464767301,"KCNV1","Ex_L2_3"
"ENSG00000286446",2.97789957620749,-3.41803165241668,1.02808282118425,-3.324665661157,0.000885246239056892,0.00330420176766524,"ENSG00000286446","Ex_L2_3"
"GIGYF2",29.1705031191684,0.694744138192879,0.209058872286764,3.32319853538627,0.0008899155324818,0.00331784826986763,"GIGYF2","Ex_L2_3"
"ENSG00000286376",4.84325375276587,-2.79546078957686,0.841154285643183,-3.32336271393936,0.000889391883563549,0.00331784826986763,"ENSG00000286376","Ex_L2_3"
"CHMP7",2.56988549943505,-2.66489615440039,0.801896725237779,-3.32324109892105,0.000889779748283783,0.00331784826986763,"CHMP7","Ex_L2_3"
"LRP2BP",12.8728275123191,0.980255366144536,0.295032584346348,3.32253255455264,0.000892042616443673,0.00332451694383257,"LRP2BP","Ex_L2_3"
"BACE1",5.80688461274091,-1.49969329026317,0.451390350011276,-3.32238668865143,0.000892509127948229,0.00332499418769943,"BACE1","Ex_L2_3"
"TOMM6",5.43595295628137,-1.49936283964206,0.451339675875681,-3.32202755437581,0.000893658683013254,0.00332801474674837,"TOMM6","Ex_L2_3"
"LRRC37A3",10.6816145968331,-1.37211550946098,0.413112724572735,-3.32140703455721,0.000895648143440751,0.00333415966698065,"LRRC37A3","Ex_L2_3"
"NSD3",51.1809996563052,-0.54242230377194,0.163340790016312,-3.32080127516078,0.000897594239351469,0.00334013856340486,"NSD3","Ex_L2_3"
"HUNK",7.68144166857667,-1.25462797353605,0.377824633772935,-3.32066218395398,0.000898041644343359,0.00334053809694402,"HUNK","Ex_L2_3"
"FBXL16",9.51854262671078,-1.12145381236883,0.337758898130856,-3.32027910611656,0.000899274932938099,0.00334385955381676,"FBXL16","Ex_L2_3"
"KCNA1",2.01074474643801,-3.28554565855396,0.989759429114567,-3.31953963953967,0.000901660027657103,0.00335145974714468,"KCNA1","Ex_L2_3"
"MAP3K12",9.79804978463281,-1.24987985250808,0.376617006038398,-3.31870264079538,0.000904366778429092,0.00336024933104667,"MAP3K12","Ex_L2_3"
"ERMP1",7.6708592664697,1.27863158223572,0.385337727356983,3.31821021265113,0.000905962746942605,0.0033649066260734,"ERMP1","Ex_L2_3"
"ADAMTS10",7.95995859422669,-1.49362961361855,0.45020444659413,-3.31766961636675,0.000907717834755964,0.00337015117484603,"ADAMTS10","Ex_L2_3"
"STX1B",15.2201126649022,0.891763387208029,0.268865166335786,3.31676802674507,0.000910651926894026,0.00337976748387114,"STX1B","Ex_L2_3"
"SNHG25",22.2618890569006,-1.14871248965279,0.346487956533945,-3.31530279188868,0.000915439075452979,0.0033962513131609,"SNHG25","Ex_L2_3"
"C16orf95",2.73999700580193,-2.93341692755599,0.885270482586029,-3.31358266796264,0.000921088740110078,0.00341592139782613,"C16orf95","Ex_L2_3"
"INTS6L",8.55901824369123,-1.5234073915132,0.459776979611087,-3.31336160588512,0.000921817146194831,0.00341733269593133,"INTS6L","Ex_L2_3"
"GDAP1L1",11.3760154679116,0.926929971020738,0.280009985994854,3.31034612114788,0.000931806703610844,0.0034530626391071,"GDAP1L1","Ex_L2_3"
"MZF1",8.32391694879846,-1.25789481847866,0.380046623159679,-3.30984342926301,0.000933481719195072,0.00345796546356425,"MZF1","Ex_L2_3"
"PDZD2",139.069923481777,-0.765931545956061,0.231431567681139,-3.30953790630388,0.000934501112301276,0.00346043683650499,"PDZD2","Ex_L2_3"
"SUPV3L1",17.5567417729748,0.797589113607657,0.241025756493657,3.30914473710467,0.000935814459210089,0.00346399444132627,"SUPV3L1","Ex_L2_3"
"DPM2",4.83996364351848,-1.66975761009475,0.50463468827865,-3.30884429643636,0.000936819207065636,0.00346640749160558,"DPM2","Ex_L2_3"
"FBXO11",55.545761089887,0.634880538337434,0.191902707241705,3.30834591894417,0.000938488108795497,0.00347127529397852,"FBXO11","Ex_L2_3"
"DNAJC13",11.0420592249769,-1.03288442338918,0.312271663645126,-3.30764697421594,0.000940833284369944,0.00347863988921729,"DNAJC13","Ex_L2_3"
"RYK",17.3077117437001,-0.899515807285266,0.272043533176585,-3.30651420668539,0.000944645601680654,0.00349142151652022,"RYK","Ex_L2_3"
"PELI2",5.89957381951815,1.36163138708024,0.411823862362212,3.30634407455156,0.000945219414072999,0.0034922284783201,"PELI2","Ex_L2_3"
"SPRYD3",7.20897051958565,-1.44653570585201,0.437613547558853,-3.30550942474528,0.000948039155933002,0.00350132957439316,"SPRYD3","Ex_L2_3"
"KMT2A",57.4992342232489,0.641808334772416,0.194172759167017,3.30534693705602,0.000948589002048002,0.00350204372646358,"KMT2A","Ex_L2_3"
"ADGRF5",2.88123259829736,-2.41292455379017,0.730344533532769,-3.30381681932848,0.000953781313049797,0.00351989016506432,"ADGRF5","Ex_L2_3"
"TMED2",5.65232188364267,-1.5276290657449,0.462450636214686,-3.30333433693389,0.000955424023145758,0.00352462846540891,"TMED2","Ex_L2_3"
"PRPF38B",12.2838810668169,0.883004181744947,0.26731630496453,3.30321856671672,0.000955818576198958,0.00352476039511207,"PRPF38B","Ex_L2_3"
"DNAJC6",69.5129064243599,0.557305763799349,0.168737080124427,3.30280554450979,0.000957227414914962,0.00352730762345258,"DNAJC6","Ex_L2_3"
"HPRT1",28.9008894329938,-0.696323574798683,0.210826638434333,-3.30282539232143,0.000957159669100847,0.00352730762345258,"HPRT1","Ex_L2_3"
"ATP13A2",15.5712612939478,0.986120565726956,0.29859421697228,3.30254408717668,0.000958120252414593,0.00352927385066403,"ATP13A2","Ex_L2_3"
"CLIP2",15.9440721406205,-0.894381516250611,0.270885650489652,-3.30169396065804,0.000961028640791517,0.00353866018258466,"CLIP2","Ex_L2_3"
"KIRREL3",228.901815472909,1.03493170150266,0.31348337199089,3.30139265419391,0.00096206140869145,0.00354113573585043,"KIRREL3","Ex_L2_3"
"PLPBP",7.79357534562543,1.09518454591935,0.331793637898931,3.30080031930256,0.000964094712484549,0.00354729080728398,"PLPBP","Ex_L2_3"
"DNM3",76.3914479232137,-0.919187525520084,0.278508174930186,-3.30039693000213,0.000965481701436111,0.00354900312593784,"DNM3","Ex_L2_3"
"ENSG00000261460",4.99802859675852,1.58130739102717,0.479133269624827,3.30034980093403,0.000965643867633534,0.00354900312593784,"LOC105370887","Ex_L2_3"
"WDR45",3.67284714508055,-1.96551257523879,0.595530674203384,-3.30043885290707,0.000965337470298828,0.00354900312593784,"WDR45","Ex_L2_3"
"VPS35",23.8614480794532,0.837889943638327,0.253892285740093,3.30017881872972,0.000966232411323654,0.00354983814840822,"VPS35","Ex_L2_3"
"VOPP1",9.26399694581359,-1.64966700575187,0.500395308821013,-3.29672756053343,0.000978183363637094,0.00359240125770871,"VOPP1","Ex_L2_3"
"ABCF2",4.64057779472556,1.37399177530369,0.416813449266453,3.2964190040455,0.00097925846603988,0.00359366274575113,"ABCF2","Ex_L2_3"
"TMEM170A",5.85284156929086,-1.89480914313522,0.574807614983937,-3.29642317488813,0.000979243926293763,0.00359366274575113,"TMEM170A","Ex_L2_3"
"TUBB3",7.87955034038396,-1.25946801230938,0.382186698567431,-3.29542607586895,0.000982725552795003,0.00360503951854298,"TUBB3","Ex_L2_3"
"COG1",13.9927543832634,-1.0155851562965,0.308284245625483,-3.29431416203563,0.000986621600337062,0.00361798081437525,"COG1","Ex_L2_3"
"TMF1",10.6551690671359,1.28930261992125,0.391384891745617,3.29420641193079,0.000986999906269721,0.00361801756686334,"TMF1","Ex_L2_3"
"MLH3",11.6712807200861,-1.03598564619763,0.314646395674892,-3.29253937257257,0.000992869948197023,0.00363817768410576,"MLH3","Ex_L2_3"
"TTC7A",6.92736915648095,-1.44716001778809,0.439613748273787,-3.29188980888471,0.000995165954566626,0.00364523129666761,"TTC7A","Ex_L2_3"
"PLCXD3",1.79933112726523,-3.30894535658131,1.00565558855439,-3.29033656675429,0.00100067612938718,0.00366404856321269,"PLCXD3","Ex_L2_3"
"SH3BGRL3",4.5431259834605,-2.86610075047008,0.871407773862445,-3.28904657089105,0.00100527388516452,0.00367722398685754,"SH3BGRL3","Ex_L2_3"
"EFHC1",5.95682841773666,-1.90627346249565,0.579554255692483,-3.28920621973164,0.00100470381219378,0.00367722398685754,"EFHC1","Ex_L2_3"
"ELMO1",45.9548624904339,-0.569068294411994,0.173021045148447,-3.28901200385046,0.00100539735634155,0.00367722398685754,"ELMO1","Ex_L2_3"
"BNIP3",6.42329714176845,-1.3771314420823,0.418746792732898,-3.28869728910548,0.00100652214246161,0.00367996781821469,"BNIP3","Ex_L2_3"
"FUS",37.1250520525107,0.62654999141236,0.190530230630725,3.28845448482506,0.00100739071747808,0.00368177321744966,"FUS","Ex_L2_3"
"RBMS3",7.97338373391512,-1.48554028601494,0.452131239810036,-3.28563955598177,0.00101751123792246,0.00371737835676841,"RBMS3","Ex_L2_3"
"GTF2I",23.2245682841457,0.962804583665703,0.293133087302691,3.28453056093086,0.00102152418840988,0.00373065190592517,"GTF2I","Ex_L2_3"
"VGF",11.5281722417116,1.07494391601686,0.327286339639757,3.28441424472543,0.00102194593171231,0.0037308052148427,"VGF","Ex_L2_3"
"RAD18",9.80880279031622,-1.13482463728166,0.345553650426714,-3.28407654174772,0.00102317130011703,0.0037338911041418,"RAD18","Ex_L2_3"
"LINC01923",2.70710913082854,-2.63031088845649,0.801069687237266,-3.28349821540236,0.00102527293872619,0.00374017131453623,"LINC01923","Ex_L2_3"
"FIG4",12.8372956986399,-0.974803221010733,0.296970134908852,-3.28249580150518,0.00102892517860708,0.00375210131946399,"FIG4","Ex_L2_3"
"PIGG",8.18536285993833,-1.27213063425829,0.387622202998731,-3.28188278281482,0.00103116460767066,0.00375887239545697,"PIGG","Ex_L2_3"
"ITCH",27.7260359484667,0.757106254440842,0.231003941888768,3.27746032492121,0.00104745449901211,0.00381683716553969,"ITCH","Ex_L2_3"
"RPS27A",43.1905381831378,0.582617052876002,0.177817780364536,3.27648366592815,0.00105108392266148,0.0038286423641922,"RPS27A","Ex_L2_3"
"RFXAP",2.45032633833917,-2.60733617550641,0.795932978430683,-3.27582377683007,0.0010535427609761,0.00383617645805382,"RFXAP","Ex_L2_3"
"ENSG00000228566",86.0796389781409,-0.952349151163519,0.2908172298258,-3.27473427806866,0.00105761403424162,0.00384957401718774,"LOC124902438","Ex_L2_3"
"ERCC6",8.00102801067473,-1.20155225806392,0.366961289489588,-3.27432972490143,0.00105912948354749,0.00385366223939649,"ERCC6","Ex_L2_3"
"PPIL4",14.3527703810889,0.880459808828602,0.268910732722504,3.27417132040308,0.00105972341123373,0.00385439570231773,"PPIL4","Ex_L2_3"
"CWC25",4.97219206544344,1.4000633535257,0.427625435485921,3.27404133932018,0.00106021099725427,0.00385474198261506,"CWC25","Ex_L2_3"
"HIKESHI",6.85301078114961,-1.43262286625782,0.43770264888251,-3.27305048282303,0.00106393473281199,0.00386684972813354,"HIKESHI","Ex_L2_3"
"CHM",14.3250948428737,-1.01984986827559,0.311656137474202,-3.27235611831971,0.00106655142877524,0.00387492649271003,"CHM","Ex_L2_3"
"MKKS",4.17635040641652,-1.74727704411527,0.533978818951045,-3.27218418054043,0.00106720029114934,0.00387585052134977,"MKKS","Ex_L2_3"
"ZNF670",5.15727852348388,1.42941453402497,0.436882616122572,3.2718503352487,0.00106846120648201,0.00387899589522514,"ZNF670","Ex_L2_3"
"P3H4",2.87564989142992,-2.24969183130353,0.687793302061663,-3.27088359912793,0.00107212029355226,0.00389084217357128,"P3H4","Ex_L2_3"
"SLC20A1-DT",2.69663289387048,-2.90010005439383,0.886799368037584,-3.27030009145306,0.00107433447078163,0.00389743790286512,"SLC20A1-DT","Ex_L2_3"
"ARFGAP1",19.2674577348958,-0.986512378867528,0.301693605628306,-3.26991477599607,0.00107579890615991,0.00390130987601144,"ARFGAP1","Ex_L2_3"
"M1AP",2.81033306769573,-2.96827802282509,0.907935140045411,-3.2692621883504,0.00107828335254226,0.0039074347677518,"M1AP","Ex_L2_3"
"DYNLT1",6.80876783844023,1.18152884427468,0.361395448773205,3.26935175383505,0.00107794205661469,0.0039074347677518,"DYNLT1","Ex_L2_3"
"CHRNA7",5.23362874448759,-1.61539130128989,0.494180979534059,-3.26882532551733,0.00107994948399644,0.00391202939925553,"CHRNA7","Ex_L2_3"
"TMEM43",10.0056962877797,0.993464090740962,0.304057890417627,3.26735178415014,0.00108558693491148,0.00393100112368977,"TMEM43","Ex_L2_3"
"FAM98B",7.0780556230336,-1.40090889287655,0.428803162270995,-3.26702089941958,0.00108685656484136,0.00393414844989002,"FAM98B","Ex_L2_3"
"CPEB1",15.472790607028,-0.888739020291822,0.272080126546211,-3.26646062530729,0.00108900951123542,0.00394048966422718,"CPEB1","Ex_L2_3"
"G3BP1",8.06007824616283,-1.31535029812299,0.402752342059555,-3.26590353614503,0.00109115412909642,0.00394679608403654,"G3BP1","Ex_L2_3"
"TBC1D19",16.4752597250531,-0.951859737317901,0.291533921266306,-3.2650050916319,0.00109462108859145,0.00395787912194421,"TBC1D19","Ex_L2_3"
"KIAA1958",8.88461249231707,-2.40806481779987,0.737616190184736,-3.26465830040521,0.00109596202561484,0.00396126966138345,"KIAA1958","Ex_L2_3"
"EIF3G",3.32688033052032,-2.25438088399095,0.690657578182131,-3.26410793887859,0.00109809322641483,0.00396751300342011,"EIF3G","Ex_L2_3"
"RAB21",13.9605120159618,0.847018298047181,0.259570266717341,3.26315609549202,0.0011017881598938,0.00397939958926349,"RAB21","Ex_L2_3"
"CNTN5",362.758242212661,-2.12958103666514,0.652690618597342,-3.26277255408036,0.00110328026539792,0.00398332426581007,"CNTN5","Ex_L2_3"
"P4HA3",5.24885981330827,2.24130550743583,0.687025961557777,3.2623301488547,0.00110500369166947,0.0039880809209996,"P4HA3","Ex_L2_3"
"CWF19L2",18.176314080924,-0.838712107046766,0.257121450244961,-3.26192974661476,0.00110656563763158,0.00399225149617797,"CWF19L2","Ex_L2_3"
"MAMDC2",3.31366144867479,-2.21692197965907,0.679730343674164,-3.26147273001803,0.00110835092778714,0.00399575762002969,"MAMDC2","Ex_L2_3"
"XPO4",20.7672248165416,0.717089824755635,0.219866029686584,3.26148530438212,0.00110830177166584,0.00399575762002969,"XPO4","Ex_L2_3"
"ENSG00000287215",7.58850744186283,1.53099497650858,0.469909638780087,3.25806250853491,0.00112175694115673,0.00404260461846065,"LOC105377209","Ex_L2_3"
"ARL8A",7.39675561560354,-1.26049055237222,0.386931598964804,-3.25765731138147,0.00112335974879274,0.00404689628607991,"ARL8A","Ex_L2_3"
"ATP6V0A1",51.5298800104409,0.677460113637229,0.208000679025721,3.2570091444435,0.00112592805654598,0.00405466174028877,"ATP6V0A1","Ex_L2_3"
"TTC21B",22.1545007827758,0.883859582027812,0.271395170044426,3.25672554114773,0.0011270535174577,0.00405722746628964,"TTC21B","Ex_L2_3"
"PLXND1",6.15469286836707,-1.55842813168715,0.478543613055158,-3.25660627197112,0.00112752713988886,0.00405744564918247,"PLXND1","Ex_L2_3"
"ANKRD44",13.7902792729627,1.45684581471237,0.4474415678867,3.25594651742609,0.00113015037598439,0.00406539629940337,"ANKRD44","Ex_L2_3"
"NDFIP2",28.767901431069,-0.756346461240637,0.232377572239065,-3.2548169513645,0.00113465472267104,0.00408010541563701,"NDFIP2","Ex_L2_3"
"ZNG1B",4.80702755733598,-1.59741750741702,0.490864894198124,-3.2542916111908,0.00113675525956413,0.00408616306987122,"ZNG1B","Ex_L2_3"
"SLIT1",32.4294948359612,-1.23087709368591,0.378292428420146,-3.25377142446756,0.00113883873217535,0.0040921549761853,"SLIT1","Ex_L2_3"
"TERF1",11.9261892241007,-0.967665933079019,0.29754262519904,-3.2521926309943,0.00114518381285104,0.00411345001003606,"TERF1","Ex_L2_3"
"SPTBN1",91.2212449685366,0.737065897663074,0.226662407196514,3.25182242075125,0.00114667638856796,0.00411730586304518,"SPTBN1","Ex_L2_3"
"RAB3GAP2",28.703913587419,0.74455367979605,0.22898970346887,3.25147230865456,0.00114808958877575,0.00411936892627207,"RAB3GAP2","Ex_L2_3"
"GRM5",253.586922022657,-0.946178063227665,0.290993279760785,-3.25154609757821,0.00114779161171272,0.00411936892627207,"GRM5","Ex_L2_3"
"NUP54",16.4282739183275,0.880259299770142,0.270765802417535,3.25099880380291,0.00115000341514864,0.00412472929916766,"NUP54","Ex_L2_3"
"BCAS2",8.60027822054124,1.69335853443038,0.521064268785074,3.24980743427035,0.00115483177959791,0.00413751546417573,"BCAS2","Ex_L2_3"
"CPEB2-DT",2.61680080442297,-2.58078782946688,0.79412328480006,-3.24985789847059,0.00115462687962431,0.00413751546417573,"CPEB2-DT","Ex_L2_3"
"MICAL2",48.5630289377992,0.755258199996367,0.232394245408888,3.24990061035084,0.00115445348267851,0.00413751546417573,"MICAL2","Ex_L2_3"
"ST8SIA1",12.7729548403609,-1.07795020035013,0.331836320219706,-3.24843947050892,0.00116039894709213,0.00415594577332595,"ST8SIA1","Ex_L2_3"
"PCSK5",3.06797441073044,-2.11032987399409,0.649881944837977,-3.24725112115589,0.00116525526345871,0.00417181767792215,"PCSK5","Ex_L2_3"
"PPOX",3.99445995151167,-2.5790375707758,0.794341369804163,-3.24676224708231,0.00116725854674386,0.00417746738186218,"PPOX","Ex_L2_3"
"ZRANB2",46.5699963291083,0.615265235145398,0.189567442445834,3.24562713516167,0.00117192223080385,0.00419176697461639,"ZRANB2","Ex_L2_3"
"COL24A1",30.6216545337211,-1.05415278641674,0.324796213195897,-3.2455821330064,0.00117210747956751,0.00419176697461639,"COL24A1","Ex_L2_3"
"LINC00461",51.8383364204337,-0.617478977310166,0.190273735112451,-3.24521393846207,0.00117362414775584,0.0041956636199248,"LINC00461","Ex_L2_3"
"SMCR5",23.9717511660699,1.28955701571642,0.397388734548454,3.24507693249464,0.00117418896598882,0.00419615583916847,"SMCR5","Ex_L2_3"
"ARHGAP28",3.66284373449378,-1.85939675924737,0.573032824990411,-3.24483463801308,0.00117518845961595,0.0041982005190062,"ARHGAP28","Ex_L2_3"
"ZNF385B",59.3730540953308,-1.0574888860411,0.326073746624335,-3.24309729620588,0.00118237826263073,0.0042223497099543,"ZNF385B","Ex_L2_3"
"ELOF1",4.30704426636481,-2.19127584464318,0.675821491086256,-3.2423885205561,0.00118532311034593,0.00423132784739768,"ELOF1","Ex_L2_3"
"NALF1",523.647398159214,-1.33333606885685,0.411245469459987,-3.24219029235185,0.00118614792818269,0.00423273419777216,"NALF1","Ex_L2_3"
"CCDC25",3.65285363769917,-1.85644771637293,0.572624718524439,-3.24199716903017,0.00118695201481833,0.00423290586690989,"CCDC25","Ex_L2_3"
"CACNA1A",72.3045640246066,-0.595631465040389,0.183725061909321,-3.24197177483803,0.00118705778332011,0.00423290586690989,"CACNA1A","Ex_L2_3"
"CFLAR",9.27366687960801,-1.17601984507505,0.362928765440405,-3.24035997435469,0.00119378888420281,0.00425382009372812,"CFLAR","Ex_L2_3"
"CAB39",27.205725484962,0.836440261003243,0.258130988921576,3.24037134982413,0.00119374125536817,0.00425382009372812,"CAB39","Ex_L2_3"
"TUBG1",2.82817063998594,-2.36737526647068,0.730963583508254,-3.23870479991421,0.00120073780503705,0.00427702980300363,"TUBG1","Ex_L2_3"
"VAPB",8.3425515721713,-1.37160864689567,0.423572058884951,-3.23819434763099,0.00120288836464706,0.00428313711282808,"VAPB","Ex_L2_3"
"ATG9A",9.56975725244174,-1.12547486746658,0.347618579458631,-3.2376717873347,0.00120509362121018,0.0042892338330085,"ATG9A","Ex_L2_3"
"TMBIM6",19.5872216420514,-0.801140202033658,0.247450181728045,-3.23758178894422,0.00120547380017676,0.0042892338330085,"TMBIM6","Ex_L2_3"
"IDE",10.595955679123,-1.02542559857863,0.316778702968857,-3.23704083945138,0.00120776126103309,0.00429581702693305,"IDE","Ex_L2_3"
"IVD",10.4331326971974,-1.35381533644721,0.418290616362888,-3.23654245036353,0.00120987229897478,0.00430176817413255,"IVD","Ex_L2_3"
"ATXN10",46.7209886678309,0.67056892876165,0.207252401883079,3.23551825054337,0.00121422122868093,0.00431566908486305,"ATXN10","Ex_L2_3"
"RTRAF",3.50386402875141,-2.21404170279123,0.684336193337355,-3.23531288326844,0.00121509498974731,0.00431721272306601,"RTRAF","Ex_L2_3"
"STYXL1",9.88816812233465,-1.22947336323889,0.380088118616119,-3.23470611950548,0.0012176799369492,0.00432483286355347,"STYXL1","Ex_L2_3"
"DCP2",7.63933298309492,-1.33723892202393,0.413496635758086,-3.23397775551982,0.00122078963575865,0.0043330066765137,"DCP2","Ex_L2_3"
"ASXL1",24.8974246154602,0.669934797286952,0.207156147903927,3.23396048857623,0.00122086344468546,0.0043330066765137,"ASXL1","Ex_L2_3"
"KIFBP",5.19399668069502,1.25716930159679,0.388752926479326,3.23385167278902,0.00122132868128322,0.00433309243948224,"KIFBP","Ex_L2_3"
"PINK1",5.44551428610617,-1.69443001938097,0.524172231348979,-3.23258257122909,0.00122676676803376,0.00434924457927233,"PINK1","Ex_L2_3"
"PRPF8",10.4062607072759,1.01888860241243,0.315186633535746,3.23265168634405,0.00122647003566276,0.00434924457927233,"PRPF8","Ex_L2_3"
"VHL",8.86985960687613,-1.19165254474889,0.368669969615421,-3.23230163279089,0.0012279736054969,0.00435038323130241,"VHL","Ex_L2_3"
"RFX3",106.137953442452,-0.709963268708214,0.219642467521634,-3.23235882713931,0.00122772782480069,0.00435038323130241,"RFX3","Ex_L2_3"
"CBX7",7.37929256580858,-1.34928346597803,0.417489536560017,-3.23189768322267,0.00122971078817586,0.00435496711717365,"CBX7","Ex_L2_3"
"ENSG00000261544",4.21647783750572,1.44217090851945,0.44661164497041,3.22913861463465,0.00124163697217238,0.0043956185998636,"ENSG00000261544","Ex_L2_3"
"BIN3",8.81739596822111,1.01824860289812,0.315374872987105,3.22869286717002,0.00124357372517973,0.00440088914847466,"BIN3","Ex_L2_3"
"UNC5D",132.226647185097,-0.652702699142684,0.202202805280156,-3.22796065187301,0.00124676122424435,0.00441058057867357,"UNC5D","Ex_L2_3"
"QKI",90.3778502060147,1.81055653394563,0.560958473950893,3.22761241343532,0.00124827983077116,0.00441436323163998,"QKI","Ex_L2_3"
"FBXO42",19.0920861688581,0.809145018488274,0.250712774415561,3.22737850264901,0.001249300833274,0.00441638408999055,"FBXO42","Ex_L2_3"
"USP4",11.3090497963365,-0.985255378822009,0.305339374223488,-3.22675508629578,0.00125202576494006,0.00442442486142848,"USP4","Ex_L2_3"
"SYT10",1.72402463353259,-3.36966877159643,1.04473284963308,-3.22538797624665,0.00125802058009696,0.00444401085180603,"SYT10","Ex_L2_3"
"UGGT2",50.8873293450305,-0.528347352321977,0.163920266072847,-3.22319725913071,0.00126768221910538,0.00447653131577686,"UGGT2","Ex_L2_3"
"LINC01586",2.30655923276849,-2.76505152772908,0.858021336383792,-3.2225906402079,0.00127036965321422,0.00448440944059524,"LINC01586","Ex_L2_3"
"HDAC8",40.7410377556337,-0.578510039436967,0.179534351955386,-3.22228048914409,0.00127174571092845,0.00448765440523028,"HDAC8","Ex_L2_3"
"RBM26",73.9980191104351,-0.474003667907014,0.147149666195826,-3.22123508779294,0.0012763940204486,0.00450243980498637,"RBM26","Ex_L2_3"
"ENSG00000271860",6.67691413518311,-1.59766750193678,0.496034306320518,-3.22088105919114,0.00127797173741768,0.0045050689260059,"LOC101927314","Ex_L2_3"
"UBR5",61.6336825005303,0.541875379750518,0.168239238878741,3.22086204955479,0.0012780565041509,0.0045050689260059,"UBR5","Ex_L2_3"
"RMDN2-AS1",1.73103113540552,-3.37175725626059,1.0470041828115,-3.22038565997555,0.00128018249014565,0.00451094432682601,"RMDN2-AS1","Ex_L2_3"
"KIAA0319L",31.7322157088598,0.598964486411787,0.186063632484421,3.21913787457598,0.00128576647087655,0.00452899598777025,"KIAA0319L","Ex_L2_3"
"STAU2",50.2975359584078,-0.498635937287677,0.154908738123741,-3.21890129199404,0.00128682773679802,0.00453110956498343,"STAU2","Ex_L2_3"
"SMCHD1",28.615442522382,0.838724796483968,0.260603820231179,3.21839025897604,0.00128912289698145,0.00453756479396123,"SMCHD1","Ex_L2_3"
"CLDN12",7.03269143827209,-1.4832057129217,0.460901772274097,-3.21805165904122,0.00129064570330597,0.00454129777552931,"CLDN12","Ex_L2_3"
"HOPX",25.5788274298844,-0.743001680871126,0.230923911509573,-3.21751730262167,0.00129305227534562,0.00454813661045307,"HOPX","Ex_L2_3"
"DCAF7",15.9174114450606,0.832152397191011,0.258645730850545,3.21734441335843,0.00129383180019583,0.00454924967971504,"DCAF7","Ex_L2_3"
"PALS1",6.38987536607675,1.2027248175579,0.373978888198083,3.2160232984084,0.0012998027925133,0.00456860917125246,"PALS1","Ex_L2_3"
"PAGR1",9.26883735380178,-1.11359581766039,0.346349025887154,-3.21524166210076,0.00130334748820132,0.00457942980117658,"PAGR1","Ex_L2_3"
"RBCK1",8.56314372794021,-1.13543256321586,0.353193211669085,-3.21476326753323,0.00130552139117866,0.00458542801106156,"RBCK1","Ex_L2_3"
"PRMT1",2.9978937374859,-2.47610381683116,0.770612008523536,-3.21316536654455,0.00131280679222553,0.00460936880872896,"PRMT1","Ex_L2_3"
"TMEM42",2.64597213073298,-2.55830391080609,0.796286253385951,-3.21279426830204,0.00131450412129417,0.00461225522098044,"TMEM42","Ex_L2_3"
"TYW1",31.802948732673,0.808405455673253,0.251622611205449,3.21276951940218,0.00131461738980656,0.00461225522098044,"TYW1","Ex_L2_3"
"EMC7",8.69312561006868,1.10847230157448,0.345030649933035,3.21267777743692,0.00131503734466268,0.00461225522098044,"EMC7","Ex_L2_3"
"EXTL2",2.63593416971115,-2.55975232215155,0.796824231985408,-3.21244286933084,0.00131611321629391,0.00461438124085346,"EXTL2","Ex_L2_3"
"TMEM158",2.84870126318406,-2.3410957736456,0.729096735705049,-3.21095357995496,0.00132295303428205,0.0046367073167274,"TMEM158","Ex_L2_3"
"TTN-AS1",34.2381329596015,-0.866561125201111,0.269944349063465,-3.21014730705616,0.0013266696522027,0.00464807512954326,"TTN-AS1","Ex_L2_3"
"PCTP",2.02061912688578,-3.01996201330351,0.940786816439793,-3.2100386193037,0.00132717139851089,0.00464817533653153,"PCTP","Ex_L2_3"
"ARHGEF2",8.70044062377329,-2.07970367538301,0.64825679605397,-3.20814789454189,0.00133592780649114,0.0046762216841872,"ARHGEF2","Ex_L2_3"
"SH3RF1",10.6862099557359,1.28044295140587,0.399127621246322,3.20810408311892,0.00133613133830552,0.0046762216841872,"SH3RF1","Ex_L2_3"
"ENSG00000266573",2.51581746891969,-2.5303041489072,0.788843426014532,-3.20761264588467,0.00133841633671089,0.00468255060250991,"ENSG00000266573","Ex_L2_3"
"NCAPH2",3.33519316752047,-1.99493924456326,0.622336170708846,-3.20556531736056,0.00134797449330183,0.0047143116490556,"NCAPH2","Ex_L2_3"
"PBX3",6.18214445815806,-1.55846436357792,0.486230786356965,-3.20519474970839,0.00134971124086199,0.00471870577588193,"PBX3","Ex_L2_3"
"TIMM23B",16.5180395538478,0.972592392578774,0.303460025937127,3.2050099171226,0.00135057827116644,0.00472005725220174,"TIMM23B","Ex_L2_3"
"HPSE2",2.29433906441748,-2.75285173073178,0.859515195027694,-3.2027958861659,0.00136100407356635,0.00475480228261586,"HPSE2","Ex_L2_3"
"RIC8B",20.1989336869308,-0.774635025285514,0.241872710116309,-3.20265574778161,0.00136166647250326,0.00475542532025312,"RIC8B","Ex_L2_3"
"KCNC2",84.6442082232659,1.26802761856895,0.396022241021371,3.20191011317599,0.00136519590309947,0.00476605705474385,"KCNC2","Ex_L2_3"
"NFIA",36.1024843418883,-1.81758961833209,0.567756810544292,-3.20135238287959,0.00136784141068004,0.00477359645418141,"NFIA","Ex_L2_3"
"DDX42",15.9453758322921,0.75669957668119,0.236419826700411,3.20066039825024,0.0013711303056043,0.00478337504341498,"DDX42","Ex_L2_3"
"DENND1B",11.5558638842045,-1.05561170271156,0.329869780957307,-3.20008610563869,0.00137386536551583,0.00479121524701014,"DENND1B","Ex_L2_3"
"PRR3",5.75263273730946,-1.60618616600881,0.501959644747264,-3.19983126694881,0.00137508064202645,0.00479375167752587,"PRR3","Ex_L2_3"
"SPP1",18.4265512438045,2.39983967734559,0.750179649956728,3.1990199647298,0.00137895619129523,0.0048055571561846,"SPP1","Ex_L2_3"
"RNPC3-DT",3.26486445707763,-2.35937395663463,0.737584299130472,-3.19878549396464,0.0013800781211015,0.00480605723562607,"RNPC3-DT","Ex_L2_3"
"ST3GAL5",19.9183160331029,0.77857700292914,0.243392902810452,3.19884842137519,0.00137977693425878,0.00480605723562607,"ST3GAL5","Ex_L2_3"
"MSRA",146.217787963158,-0.596235844155245,0.186431301125553,-3.19815310280814,0.00138310827677628,0.00481319720547296,"MSRA","Ex_L2_3"
"ENSG00000287231",4.37203081831012,-1.72283584022971,0.53868685603384,-3.19821399191794,0.00138281625474058,0.00481319720547296,"ENSG00000287231","Ex_L2_3"
"MRPS24",5.17300910550784,1.41778946065522,0.443370626853913,3.19775234258441,0.00138503172822823,0.00481818402907723,"MRPS24","Ex_L2_3"
"NIT2",5.10378314008446,-1.48501704027337,0.464451235760893,-3.19735835741835,0.00138692506707833,0.00482306260494779,"NIT2","Ex_L2_3"
"FBXO9",12.8617429526437,-0.921911583574881,0.288376872276176,-3.19689847628271,0.00138913809510824,0.00482904906098492,"FBXO9","Ex_L2_3"
"EME2",10.8915745994902,-0.993758792060029,0.311018381529559,-3.19517704121801,0.00139745087992705,0.00485622831425659,"EME2","Ex_L2_3"
"DDX56",2.81978424516717,-2.18744202831916,0.684685573136219,-3.19481250101347,0.00139921711419954,0.0048606467220284,"DDX56","Ex_L2_3"
"FAM221A",2.59803196571973,-2.34271736524839,0.73358031788692,-3.19353901423718,0.00140540345518292,0.00487868676456431,"FAM221A","Ex_L2_3"
"SYT16",52.615166420575,-0.709851310092795,0.22227041799708,-3.19363825600094,0.00140492045420598,0.00487868676456431,"SYT16","Ex_L2_3"
"ATG16L2",8.96874752583541,-1.7455067591909,0.546610921082087,-3.19332580427673,0.001406441647245,0.00488056614006882,"ATG16L2","Ex_L2_3"
"TIGD1",3.21953558215401,-2.36370591885925,0.740273592704332,-3.1930166659387,0.00140794820330081,0.00488074557446611,"TIGD1","Ex_L2_3"
"CEP89",7.29818729857475,-1.48199276511079,0.464121636946944,-3.193112854767,0.00140747927688091,0.00488074557446611,"CEP89","Ex_L2_3"
"MAVS",3.71468141924047,-1.82157841053365,0.570489529900461,-3.19300936311921,0.0014079838108751,0.00488074557446611,"MAVS","Ex_L2_3"
"MACROH2A1",13.9550911327594,-0.934154405890045,0.292574790213652,-3.19287388092419,0.00140864455460376,0.00488131361708195,"MACROH2A1","Ex_L2_3"
"DAPK3",8.5010638117157,1.01507345939818,0.317940777448994,3.19264948504765,0.00140973955736227,0.00488338554708284,"DAPK3","Ex_L2_3"
"C6orf136",8.19086518682816,1.04924434830011,0.32866088451566,3.19248318778902,0.00141055155784307,0.00488447603251685,"C6orf136","Ex_L2_3"
"RAB9B",6.47152121169255,-1.28962366170922,0.40403848120137,-3.19183375275209,0.00141372676783767,0.00489374621819493,"RAB9B","Ex_L2_3"
"PRPF40B",12.7134034072368,-0.999387009888613,0.313123527516856,-3.19167013036034,0.00141452778709792,0.00489479428687918,"PRPF40B","Ex_L2_3"
"ATP2B4",42.1149492607967,-1.04014734827314,0.326046388753341,-3.19018208497939,0.00142183179697134,0.0049183364695234,"ATP2B4","Ex_L2_3"
"INKA2",7.76769731101989,-1.56971734384624,0.492399028286261,-3.1878969162662,0.00143311617518214,0.00495562594332607,"INKA2","Ex_L2_3"
"PTPA",6.24522782413621,-1.43303032696399,0.449546178627597,-3.18772663431116,0.00143396033986909,0.00495680027405837,"PTPA","Ex_L2_3"
"DEF8",9.51219278770651,-1.14738314407994,0.360260183720043,-3.18487358839401,0.00144817252915982,0.0050041670511664,"DEF8","Ex_L2_3"
"VPS16",4.71924054605784,-1.55934719455202,0.489633465088459,-3.18472348345369,0.00144892384620701,0.00500500276551956,"VPS16","Ex_L2_3"
"TUG1",9.24227565332201,-1.13624176047943,0.356828718208702,-3.18427778510491,0.00145115680820268,0.00501095412435259,"TUG1","Ex_L2_3"
"ZNHIT1",3.72628913424343,-2.04537560142463,0.64238591134089,-3.18402935885565,0.00145240280730975,0.00501349444097363,"ZNHIT1","Ex_L2_3"
"ENSG00000267248",3.44393238582359,-2.03026671840274,0.637670434160182,-3.18388090405449,0.0014531478632758,0.00501430439368509,"LOC100996660","Ex_L2_3"
"GPD1L",3.93184128802642,-1.73006293898286,0.543427653830632,-3.18361225599694,0.0014544970334513,0.00501719763224214,"GPD1L","Ex_L2_3"
"EPS15L1",23.6498598808753,0.766819301830224,0.240887627007547,3.18330713518217,0.00145603077265561,0.0050207252757349,"EPS15L1","Ex_L2_3"
"DANCR",4.26252476990215,-1.63803668861077,0.514612642107602,-3.1830478977395,0.00145733504269965,0.00502345945946714,"DANCR","Ex_L2_3"
"FHIP2A",6.56442742211406,-1.50237751653869,0.472045165405419,-3.1826986624222,0.00145909381057281,0.00502453167946929,"FHIP2A","Ex_L2_3"
"CREBZF",14.306306996774,-0.888592368091363,0.279196136228753,-3.18268146577542,0.0014591804643247,0.00502453167946929,"CREBZF","Ex_L2_3"
"SLC37A4",2.23812245654846,-2.62094535285352,0.82348869639941,-3.18273385453042,0.00145891649263239,0.00502453167946929,"SLC37A4","Ex_L2_3"
"C3orf33",4.67972911248202,-1.57045920310043,0.493557409791753,-3.18191799361913,0.00146303237667634,0.00503250352537408,"C3orf33","Ex_L2_3"
"RAB18",21.7929326458014,0.843588267206494,0.265107611351421,3.18205977906931,0.00146231632502841,0.00503250352537408,"RAB18","Ex_L2_3"
"TEKT4P2",3.97304380922355,-2.86253120163179,0.899598046350919,-3.18201135856531,0.00146256082424552,0.00503250352537408,"TEKT4P2","Ex_L2_3"
"ENSG00000282564",6.05070785756516,-1.91575997384649,0.602308499220716,-3.18069556767862,0.00146921934649344,0.00505201640180314,"LOC124904544","Ex_L2_3"
"LINC00511",7.84636630483961,1.21118823641283,0.380839130211185,3.18031457466357,0.00147115255969605,0.00505689389309098,"LINC00511","Ex_L2_3"
"TLE2",2.03466460048192,-3.02167077752181,0.950875699563275,-3.17777684182025,0.00148408930406979,0.00509957793745422,"TLE2","Ex_L2_3"
"TMEM9B",5.82653012018564,1.31092788229656,0.412579193922692,3.17739697397876,0.00148603477258536,0.00510447748457294,"TMEM9B","Ex_L2_3"
"PEDS1",3.17381556080053,-2.16046460371656,0.680365549082294,-3.17544679713823,0.00149605952649405,0.00513711596933853,"PEDS1","Ex_L2_3"
"HSPA12A",54.4907451001545,-0.826590028095105,0.260354422970449,-3.17486455065496,0.00149906458148534,0.00514563607565059,"HSPA12A","Ex_L2_3"
"COX15",4.65828479008437,-2.30743494135702,0.7269696300392,-3.17404585557803,0.00150329938819395,0.00515836995795226,"COX15","Ex_L2_3"
"PAIP2",12.0574448181184,1.17907149390521,0.371609868817871,3.17287454624376,0.00150937730394866,0.00517741712080713,"PAIP2","Ex_L2_3"
"RHOBTB1",7.32177115139795,-1.2141375718786,0.382769032349282,-3.17198485056828,0.0015140090472363,0.00519149210472928,"RHOBTB1","Ex_L2_3"
"NNT-AS1",4.09703273837692,-2.66942006183737,0.841673633483915,-3.17156193997419,0.00151621530172139,0.00519698064024991,"NNT-AS1","Ex_L2_3"
"EXD3",6.77422784356537,-1.56445439449664,0.493289163878142,-3.17147529087646,0.00151666770109899,0.00519698064024991,"EXD3","Ex_L2_3"
"NCL",7.02545515736577,-1.25304457314621,0.395124564676094,-3.17126467237846,0.0015177678695601,0.00519893708178466,"NCL","Ex_L2_3"
"ACBD4",2.57879304696568,-2.84818539929499,0.898239331601735,-3.17085357887426,0.00151991733980649,0.0052044851677445,"ACBD4","Ex_L2_3"
"UBQLN2",5.1420799760957,-2.01888974997442,0.636748876991554,-3.17062161069378,0.00152113146089287,0.00520682769052667,"UBQLN2","Ex_L2_3"
"ING4",7.17010845029994,-1.37829357967407,0.434750027386,-3.17031280701986,0.00152274912506163,0.00521043905014199,"ING4","Ex_L2_3"
"OS9",11.5043148169773,1.0315788051915,0.325396826683294,3.17021777903055,0.00152324724674347,0.00521043905014199,"OS9","Ex_L2_3"
"ATIC",4.8942847731549,-2.0963222177595,0.661324129275631,-3.16988617980062,0.00152498661332555,0.00521429539258527,"ATIC","Ex_L2_3"
"ZSCAN5A",7.12775282469495,-1.36141505849414,0.429495498294815,-3.16980053085361,0.00152543617246438,0.00521429539258527,"ZSCAN5A","Ex_L2_3"
"SEC24B",28.9577077415502,0.705093255110442,0.222482658432075,3.16920545663882,0.00152856300429002,0.00522316624492006,"SEC24B","Ex_L2_3"
"ZNF512",7.20301452908399,1.14784791510916,0.362323038224282,3.16802354256764,0.00153479091394432,0.00524229155612931,"ZNF512","Ex_L2_3"
"ATG5",11.1155048569086,-1.07664604925498,0.339856734911367,-3.16794089584766,0.00153522728084121,0.00524229155612931,"ATG5","Ex_L2_3"
"RNFT2",2.7645080759507,-2.3153977638617,0.731016945905135,-3.16736537618126,0.00153826914025366,0.00525085338215844,"RNFT2","Ex_L2_3"
"ATP2C1",66.650058861701,0.743896050615516,0.234896690457973,3.16690732919718,0.00154069407387708,0.00525547867422515,"ATP2C1","Ex_L2_3"
"DAD1",3.1104168157226,-2.27413949944396,0.718078245900153,-3.16698007832447,0.00154030869974777,0.00525547867422515,"DAD1","Ex_L2_3"
"CYC1",6.57841290949174,1.28118106023269,0.404596220873432,3.16656704668895,0.00154249783258962,0.00525980517437015,"CYC1","Ex_L2_3"
"COQ4",12.786212309422,-1.16995266869856,0.369517337281393,-3.16616448176996,0.00154463424719332,0.00526526261083526,"COQ4","Ex_L2_3"
"EPN2",15.983250510038,-1.32157364052928,0.417479703258053,-3.16559974105468,0.00154763592292629,0.00527366469192781,"EPN2","Ex_L2_3"
"CRMP1",22.2369989767163,0.738430923327823,0.23328842096993,3.16531322153792,0.00154916086734997,0.00527703063829615,"CRMP1","Ex_L2_3"
"SCHIP1",60.0490241076734,0.467346668271129,0.147657440336705,3.16507361366574,0.00155043719598753,0.00527954766495026,"SCHIP1","Ex_L2_3"
"PRKN",92.4622675183785,0.411185369165328,0.129919177184043,3.16493206066758,0.00155119166684048,0.00528028653327821,"PRKN","Ex_L2_3"
"PDCD11",2.76001910512807,-2.61142853608006,0.825301593791512,-3.16421118743139,0.00155503913521069,0.00529154986640452,"PDCD11","Ex_L2_3"
"ST3GAL6",7.73908339833038,1.04941760766814,0.3316920930576,3.16383064182934,0.00155707373786802,0.00529663864294163,"ST3GAL6","Ex_L2_3"
"CXXC5",5.54463444586759,-1.42905577734432,0.451710756537709,-3.16365230772409,0.0015580280517799,0.00529805039137616,"CXXC5","Ex_L2_3"
"ADCY3",15.0234615567693,0.823783119848768,0.260561700501557,3.16156640927297,0.00156923031975233,0.00532876552410886,"ADCY3","Ex_L2_3"
"HNRNPUL2",6.24400443502519,-1.60467223863448,0.507552626683982,-3.16158789112838,0.00156911457497955,0.00532876552410886,"HNRNPUL2","Ex_L2_3"
"SEZ6L2",11.2551345612177,-1.15221314985598,0.364424313438051,-3.16173511856487,0.00156832152140637,0.00532876552410886,"SEZ6L2","Ex_L2_3"
"ANKRD30B",13.7303800030501,-0.898571625147318,0.284207976881468,-3.16166926420252,0.00156867620610689,0.00532876552410886,"ANKRD30B","Ex_L2_3"
"SLITRK1",5.50142745477543,-2.64852136483505,0.837758183526077,-3.16143896522452,0.00156991715314214,0.00532925574031387,"SLITRK1","Ex_L2_3"
"LINC00621",3.22429873810053,-1.93633719264038,0.612535782488271,-3.16118216763518,0.00157130195159524,0.00533211411829762,"LINC00621","Ex_L2_3"
"LINC02981",6.13605338706869,-1.39484387243619,0.441382230838942,-3.16017223843603,0.0015767589797416,0.00534878460531128,"LINC02981","Ex_L2_3"
"PEX10",4.08277593847182,1.44366230950267,0.456938081732214,3.15942655519073,0.00158079937954107,0.00536063966331083,"PEX10","Ex_L2_3"
"YEATS2",24.5919539635626,-0.89716553344179,0.284025275762062,-3.15875244213609,0.00158446018583047,0.0053677396733597,"YEATS2","Ex_L2_3"
"ARID1B",96.8040449628975,-0.405085215750462,0.128239239212721,-3.15882422757135,0.00158406998027717,0.0053677396733597,"ARID1B","Ex_L2_3"
"SYP",62.8287380879083,0.728052099760336,0.230488197279099,3.15873918211411,0.00158453227328411,0.0053677396733597,"SYP","Ex_L2_3"
"ELMOD3",9.74470866641091,-1.12679216165014,0.356753657950215,-3.15846000885963,0.00158605068603601,0.00537103134767934,"ELMOD3","Ex_L2_3"
"TUBE1",8.31719361250526,-1.25955630849529,0.398958494866301,-3.15711113988787,0.00159340602310994,0.0053940802105555,"TUBE1","Ex_L2_3"
"HSPD1",9.01022771287387,0.965860315126313,0.306115914545614,3.15521104663897,0.00160382044758994,0.00542746540720757,"HSPD1","Ex_L2_3"
"TCERG1L",14.8749849603088,-1.56304992563766,0.495561571801855,-3.15409832920343,0.00160994831289396,0.00544632652406002,"TCERG1L","Ex_L2_3"
"TEX261",2.60247298373849,-2.53446347350163,0.803989910935976,-3.15235731074175,0.00161957955767559,0.00547702222877969,"TEX261","Ex_L2_3"
"FAM3C",12.293838670053,-0.971327517904309,0.308232046712066,-3.15128659808586,0.00162552900302868,0.00549525014650852,"FAM3C","Ex_L2_3"
"JPH3",10.6741454965873,-1.02050172301876,0.324005472518997,-3.14964347695989,0.00163469817984333,0.00552434637728962,"JPH3","Ex_L2_3"
"SPCS3",9.65273434522646,-1.03218226867218,0.327840508559434,-3.14842809757617,0.00164151100956549,0.00554383635190102,"SPCS3","Ex_L2_3"
"JAG2",9.86581138569745,-1.21319890420794,0.385348902920215,-3.14831285366116,0.00164215836563843,0.00554383635190102,"JAG2","Ex_L2_3"
"SMPD3",8.33396510781671,-1.84649559152078,0.586485612785312,-3.14840731173522,0.00164162775186493,0.00554383635190102,"SMPD3","Ex_L2_3"
"GALNT13",114.802805284677,0.513718370280335,0.163223458028319,3.14733174070608,0.00164767906193534,0.0055587145788796,"GALNT13","Ex_L2_3"
"NUDT16-DT",11.6480658056879,-1.0864769898858,0.345206094456495,-3.14732853021146,0.00164769715530307,0.0055587145788796,"NUDT16-DT","Ex_L2_3"
"STARD7",7.11815697324371,-1.22978313869818,0.390905216509909,-3.14598804712294,0.00165526770335564,0.00557975751389866,"STARD7","Ex_L2_3"
"CDH12",257.667470205541,-0.899467384753755,0.285924418313141,-3.14582220735225,0.00165620652590885,0.00557975751389866,"CDH12","Ex_L2_3"
"SORL1",31.694844294031,-0.980973663595141,0.31182136786967,-3.14594753495261,0.00165549699842502,0.00557975751389866,"SORL1","Ex_L2_3"
"IRAG2",3.72059689171978,-2.20473105593276,0.70082774070843,-3.14589581414701,0.00165578977578779,0.00557975751389866,"IRAG2","Ex_L2_3"
"C10orf95-AS1",5.98639156800906,-1.77781506945164,0.56539043186235,-3.14440246821238,0.00166426377355348,0.00560305939389628,"C10orf95-AS1","Ex_L2_3"
"KLC2",8.78402481136147,-1.11316715433405,0.354006787833284,-3.1444796896332,0.00166382460382242,0.00560305939389628,"KLC2","Ex_L2_3"
"SATB1",4.79730809268903,-1.87786269758752,0.597523921944588,-3.14274061442792,0.00167374086678054,0.00563303538035356,"SATB1","Ex_L2_3"
"TTLL1",4.46576867466252,-2.19545489758789,0.69873048920924,-3.14206254270156,0.00167762196457499,0.00564416376026874,"TTLL1","Ex_L2_3"
"ZFC3H1",20.5150836503481,0.721173034530073,0.229602963476408,3.14095699642036,0.0016839675676683,0.00566357322313366,"ZFC3H1","Ex_L2_3"
"KITLG",13.2518247765346,0.835958575751503,0.266193722752578,3.14041430844901,0.0016870905552091,0.00567213470717803,"KITLG","Ex_L2_3"
"ATP6V1H",71.3679398657909,-0.857162048640458,0.272958950010419,-3.14025991310319,0.00168798002170834,0.00567318362410629,"ATP6V1H","Ex_L2_3"
"GPC1",38.4294373374216,-0.944946743778027,0.300934424610611,-3.14004203739976,0.00168923593034468,0.00567546298895558,"GPC1","Ex_L2_3"
"SF3B3",4.42773974315307,-1.72354860567897,0.548912536326441,-3.13993303416552,0.00168986458409079,0.00567563407661811,"SF3B3","Ex_L2_3"
"ELL",6.9057826756754,1.0897211904847,0.347082997362213,3.13965592888861,0.00169146370089201,0.00567906336211998,"ELL","Ex_L2_3"
"C14orf132",6.47571304636926,-1.28282959011789,0.408700517147321,-3.13880099558444,0.00169640611900031,0.0056924732353201,"C14orf132","Ex_L2_3"
"SLC27A5",1.90726779075286,-3.1706264664046,1.01015107378144,-3.13876463501201,0.00169661661573873,0.0056924732353201,"SLC27A5","Ex_L2_3"
"LINC01748",5.03826369412189,-1.85931428139279,0.592470391522843,-3.13823999983145,0.00169965648186639,0.00570072559844842,"LINC01748","Ex_L2_3"
"MAGED1",28.8404543287825,-1.02902176993735,0.327918898426485,-3.13803740764896,0.00170083169133831,0.00570272031935412,"MAGED1","Ex_L2_3"
"CMC2",26.9429254987297,0.689604679250075,0.219841150244161,3.13683165542112,0.00170784156984774,0.00572427007239312,"CMC2","Ex_L2_3"
"ATP1B1",110.421402619098,0.797938786618818,0.25453512587359,3.13488672292366,0.0017192048391466,0.00576029545848811,"ATP1B1","Ex_L2_3"
"HMGN5",3.9920407649981,-1.66670983284282,0.531681226339333,-3.13479158238903,0.00171976247757997,0.00576029545848811,"HMGN5","Ex_L2_3"
"ALDH1L2",6.44073935221032,-1.87065079398892,0.596770827401948,-3.13462171422292,0.00172075852383195,0.00576166725907465,"ALDH1L2","Ex_L2_3"
"SOD2",9.57984269580042,-1.06209662864246,0.338843451455849,-3.13447588873013,0.00172161401561774,0.005762567662497,"SOD2","Ex_L2_3"
"IER5L",1.94141211630585,-2.84707255444873,0.908473268290701,-3.13390900296441,0.00172494339339794,0.00577174519643778,"IER5L","Ex_L2_3"
"PSMC5",5.57389972192066,-1.46512026635164,0.467561616220457,-3.13353409588017,0.00172714851254911,0.00577715593710673,"PSMC5","Ex_L2_3"
"PCDH17",25.9353477484575,-1.11454536060005,0.355805178709119,-3.13245963603925,0.00173348261251916,0.0057963693619429,"PCDH17","Ex_L2_3"
"APAF1",3.41246911135409,-1.89409357625911,0.604725769356593,-3.13215290672061,0.0017352947427085,0.00580045442407903,"APAF1","Ex_L2_3"
"TPD52L2",13.7360197814412,-0.936736221309075,0.299165058690965,-3.1311685442407,0.00174112204262099,0.00581795338323422,"TPD52L2","Ex_L2_3"
"ZMYND8",49.2744075187009,0.766949276905079,0.244954858142273,3.13098210307642,0.00174222777514743,0.00581966870555876,"ZMYND8","Ex_L2_3"
"PPFIA4",26.9682513929785,-0.762142924206426,0.243442857858913,-3.13068508523723,0.001743990642012,0.00582159839181988,"PPFIA4","Ex_L2_3"
"IQCE",8.33162803408945,1.16350953475668,0.371635922086511,3.13077790818574,0.00174343954107761,0.00582159839181988,"IQCE","Ex_L2_3"
"ENSG00000145063",3.30237482881282,-2.3434284332015,0.748571585421816,-3.1305335105406,0.00174489090344055,0.00582262507995924,"FLJ33534","Ex_L2_3"
"RPS8",34.8805684736301,0.55254754813376,0.176618539782765,3.12847987993432,0.00175713040615116,0.0058594871385027,"RPS8","Ex_L2_3"
"USP2",8.4900858031017,1.02623359118685,0.328025317514355,3.12851946600718,0.00175689373155493,0.0058594871385027,"USP2","Ex_L2_3"
"TIAM1",40.8414940435925,-0.723557267880308,0.231297262144706,-3.12825695026009,0.00175846379079526,0.00586194376680444,"TIAM1","Ex_L2_3"
"PIGZ",5.64765673906034,-1.35314370539211,0.432936929081547,-3.12549846062504,0.00177503999048777,0.00591519432379642,"PIGZ","Ex_L2_3"
"RAB11FIP2",11.4787816108344,-0.941919057496001,0.301421566796798,-3.12492257108792,0.00177851867514668,0.00592477703107528,"RAB11FIP2","Ex_L2_3"
"CD99L2",9.17175660265085,-1.09990799604102,0.352120914931908,-3.12366561995819,0.00178613311751636,0.00594812601575619,"CD99L2","Ex_L2_3"
"DACH2",4.86306931991495,-1.48080668654744,0.474076938097699,-3.12355773408718,0.00178678807013472,0.00594829074923872,"DACH2","Ex_L2_3"
"WBP2NL",7.28099880198592,-1.20212646978235,0.384891989881939,-3.1232826387244,0.00178845911593119,0.00595183684109349,"WBP2NL","Ex_L2_3"
"ENSG00000289552",2.97598860541119,-2.11940736063733,0.678761812275119,-3.12246110831332,0.00179345799389505,0.005966451517787,"ENSG00000289552","Ex_L2_3"
"RPS21",15.9658524943688,0.807917038866927,0.258968575864111,3.11974932159671,0.00181005007344573,0.0060196113478439,"RPS21","Ex_L2_3"
"PDE3B",10.4013434914387,-1.27459849111993,0.408607636031634,-3.11937021906575,0.00181238082044806,0.00602532290358098,"PDE3B","Ex_L2_3"
"DUSP8",4.15306697053162,-1.76241831955353,0.565315672978468,-3.11758262470931,0.00182340827765147,0.00605993332870368,"DUSP8","Ex_L2_3"
"ZNF81",3.91255009183846,-1.70593199882756,0.547333382013793,-3.11680605438491,0.00182821803095957,0.00607386335344837,"ZNF81","Ex_L2_3"
"GFRA2",4.16133519935921,1.40441062882578,0.450620293098104,3.11661647363944,0.00182939398426218,0.00607571551771184,"GFRA2","Ex_L2_3"
"KIZ",14.8331070760808,-0.911960889847186,0.292689674848869,-3.11579453671565,0.00183450043287231,0.0060906158339093,"KIZ","Ex_L2_3"
"SLC35F5",19.568679097406,0.834871761650128,0.267972163389756,3.11551674281869,0.00183622924251428,0.00609429597245281,"SLC35F5","Ex_L2_3"
"COLGALT2",8.90057764294328,-1.15297919890028,0.370189592982322,-3.1145640524674,0.00184216954804341,0.00610731526833162,"COLGALT2","Ex_L2_3"
"LMTK2",33.3229443186593,0.678076203097462,0.217720807438452,3.1144299484979,0.00184300714208067,0.00610731526833162,"LMTK2","Ex_L2_3"
"NECTIN1",4.61954950711717,1.3096234248381,0.420481599899998,3.1145796276212,0.00184207229055386,0.00610731526833162,"NECTIN1","Ex_L2_3"
"ATXN7L3",5.32528769761534,-1.64195018050145,0.527167106421989,-3.1146673616375,0.00184152453239819,0.00610731526833162,"ATXN7L3","Ex_L2_3"
"ZNF417",4.41741774045414,-1.64715201990634,0.528884413251402,-3.11438941786959,0.00184326035938551,0.00610731526833162,"ZNF417","Ex_L2_3"
"STXBP5",86.16363517978,-0.65554947029098,0.210559893160036,-3.11336342573431,0.00184968095702696,0.00612652249556065,"STXBP5","Ex_L2_3"
"EIF3E",12.4549227167839,-0.920539763597635,0.295704279815736,-3.11304173267717,0.00185169832037885,0.00612907152944804,"EIF3E","Ex_L2_3"
"YBEY",3.20973240200112,-1.91424273516413,0.614908956758067,-3.11305066242071,0.00185164229396318,0.00612907152944804,"YBEY","Ex_L2_3"
"FRMD4A",339.598362149575,-0.685432010777524,0.220189639813111,-3.11291671742274,0.00185248284650107,0.00612960305962497,"FRMD4A","Ex_L2_3"
"ATRN",31.995483238974,0.623644086115099,0.200373636173284,3.11240589343684,0.00185569166763353,0.00613815317940465,"ATRN","Ex_L2_3"
"ENSG00000257545",17.2939159521515,-1.34359243384039,0.431743890476311,-3.11201261553025,0.00185816558280379,0.00614426748080258,"LOC100287944","Ex_L2_3"
"DDX52",8.31916287392494,1.11370813559273,0.357892193059306,3.11185367323222,0.00185916626897898,0.00614550788238541,"DDX52","Ex_L2_3"
"TMEM219",5.44862717086331,1.34235545164255,0.431414768903191,3.1115194666499,0.00186127201823452,0.00615039902695458,"TMEM219","Ex_L2_3"
"CASK",35.3973422081823,0.898880960714111,0.28890322113776,3.111356658379,0.00186229862453142,0.00615172215447097,"CASK","Ex_L2_3"
"SRPRB",3.18234877332935,-1.98271339949663,0.637303171617912,-3.11109921901557,0.00186392299971367,0.00615247573379024,"SRPRB","Ex_L2_3"
"MLF1",12.3459921040993,1.17900468368094,0.37898863293019,3.1109236036061,0.00186503183379757,0.00615247573379024,"MLF1","Ex_L2_3"
"LINC01301",3.88050935822681,-1.7096106195096,0.549525750181253,-3.11106553049736,0.00186413566175155,0.00615247573379024,"LINC01301","Ex_L2_3"
"ZNF248",37.0693431046307,0.590150877273069,0.189702401399255,3.11092992455596,0.00186499191286743,0.00615247573379024,"ZNF248","Ex_L2_3"
"ADAMTS13",3.38383361259912,-1.81935048026732,0.584897172269905,-3.11054757404053,0.00186740811921349,0.00615824684899406,"ADAMTS13","Ex_L2_3"
"RPRD1A",51.0351936727016,0.578660545350882,0.186108825024691,3.10925903311738,0.00187557204992916,0.00618309389882686,"RPRD1A","Ex_L2_3"
"MTLN",4.61214822933394,-1.58723653718965,0.510614926897425,-3.10848048809294,0.00188052062710706,0.00619732795729612,"MTLN","Ex_L2_3"
"VASH1-AS1",2.97311010383026,-2.28881977429872,0.736430073516862,-3.10799335416645,0.00188362303776966,0.00620172004488039,"VASH1-AS1","Ex_L2_3"
"MAP1LC3B",6.49281536614894,-1.90612162561197,0.613261456978039,-3.10817124396622,0.00188248956618041,0.00620172004488039,"MAP1LC3B","Ex_L2_3"
"PCDH11X",24.8933109054821,-0.719215925193624,0.231409900739492,-3.10797387188405,0.00188374721232931,0.00620172004488039,"PCDH11X","Ex_L2_3"
"ZBTB8OS",22.9456899968765,-0.697349045489529,0.224441575758441,-3.10704040966128,0.00188970565494272,0.00621925237995219,"ZBTB8OS","Ex_L2_3"
"THEM4",3.12220701713809,-2.11496899598983,0.68080666154857,-3.10656331002857,0.00189275774058454,0.00622721099916362,"THEM4","Ex_L2_3"
"TENT2",36.8182453360223,-0.574450582409511,0.184968980512853,-3.10565901815949,0.00189855507270483,0.00624210342511789,"TENT2","Ex_L2_3"
"TMEM62",12.8345581836376,0.855952803328212,0.275609847795896,3.1056684301139,0.00189849464963581,0.00624210342511789,"TMEM62","Ex_L2_3"
"TTC5",5.05584291939079,-1.50104516634765,0.483459037808283,-3.10480319729362,0.00190405667777338,0.00625809729088178,"TTC5","Ex_L2_3"
"INTS11",17.5642358140983,-0.784220862254495,0.25263004201492,-3.10422646491179,0.00190777242928202,0.00625951023286696,"INTS11","Ex_L2_3"
"VPS13D",48.5590713169796,0.727485730027022,0.234334506159034,3.10447548656494,0.00190616722499117,0.00625951023286696,"VPS13D","Ex_L2_3"
"ENSG00000290046",2.4871571029519,-2.47521776459096,0.797391621744751,-3.10414318020423,0.00190830956305339,0.00625951023286696,"ENSG00000290046","Ex_L2_3"
"FADS1",8.64703731488041,1.09397103530381,0.352404283242933,3.10430686380071,0.00190725403893529,0.00625951023286696,"FADS1","Ex_L2_3"
"PCDH9",1264.80981756225,-0.646495844835224,0.208235878143734,-3.10463235537626,0.00190515667877634,0.00625951023286696,"PCDH9","Ex_L2_3"
"PIN4",6.0133095969777,-1.35044592739499,0.43500922905425,-3.10440753252749,0.00190660513653785,0.00625951023286696,"PIN4","Ex_L2_3"
"MATR3",41.4469894629472,-0.741932801361563,0.2390234020381,-3.10401741015844,0.00190912096366026,0.00626008155774313,"MATR3","Ex_L2_3"
"NAA16",15.9507050712456,-0.80079129098728,0.258005895749108,-3.10377128655228,0.00191070973739092,0.00626320068739686,"NAA16","Ex_L2_3"
"GPD2",13.0983428948087,-0.901095047150919,0.290336793848925,-3.10361988642679,0.00191168765650154,0.00626431605652805,"GPD2","Ex_L2_3"
"SPATS2",23.4922505872847,-0.763464914910669,0.246043810655424,-3.10296330103534,0.00191593397427251,0.00627613716680663,"SPATS2","Ex_L2_3"
"U2AF2",6.85594283170432,-1.22509866967381,0.394963525883561,-3.10180203838613,0.00192346539123792,0.00629870800117379,"U2AF2","Ex_L2_3"
"CCDC24",11.6647389806919,-1.48042033770582,0.477401165040278,-3.10099858591864,0.00192869211660778,0.00631371921144779,"CCDC24","Ex_L2_3"
"TMEM74",1.82023252819845,-3.08967963074951,0.996382124299377,-3.10089829534234,0.00192934545489742,0.00631375408025059,"TMEM74","Ex_L2_3"
"TSC22D1-AS1",2.92851312376621,-2.11678745514211,0.682668264073085,-3.10075561812772,0.00193027526917462,0.0063146933880691,"TSC22D1-AS1","Ex_L2_3"
"DSEL-AS1",3.4851629009789,-2.64458656128008,0.853295266620137,-3.09926313286041,0.00194002635218155,0.00634448032084938,"DSEL-AS1","Ex_L2_3"
"IMPA1",3.5865254018681,-1.78125488051199,0.57484058541654,-3.0986936651685,0.00194375884846788,0.00635457135685471,"IMPA1","Ex_L2_3"
"LENG8",38.1690116772667,-0.760047119268857,0.245334128366668,-3.09800810971116,0.00194826097163853,0.00636717091995241,"LENG8","Ex_L2_3"
"MRE11",4.69632568761783,-2.20988550723176,0.713360028160526,-3.09785440730424,0.00194927166634734,0.00636835545400609,"MRE11","Ex_L2_3"
"MFSD14A",12.5546986954813,0.847471583204197,0.27361324498417,3.09733391471319,0.00195269782464924,0.00637742800177997,"MFSD14A","Ex_L2_3"
"CIBAR1-DT",6.27174448907868,-1.33144960978769,0.429965375170517,-3.09664379197898,0.0019572491036677,0.00639016789446046,"CIBAR1-DT","Ex_L2_3"
"RNF166",2.86441879603489,-2.05643952103404,0.664214098447146,-3.09604918932277,0.00196117824674864,0.00640086880267728,"RNF166","Ex_L2_3"
"FLG-AS1",13.5171213866081,-0.939696486235617,0.303544394323989,-3.09574646676766,0.00196318142235722,0.00640527874235714,"FLG-AS1","Ex_L2_3"
"DYRK1A",41.8869574423377,0.541733813111903,0.175125803187814,3.09339802159777,0.00197878547537438,0.00645404665009226,"DYRK1A","Ex_L2_3"
"GABRA2",88.2747231303868,0.838899498183418,0.271224571980681,3.09300699437797,0.00198139465277018,0.00646041190468446,"GABRA2","Ex_L2_3"
"EPN1",4.7972985887126,-1.48969591570222,0.481786650724252,-3.09202405974266,0.0019879673578009,0.00647969187891044,"EPN1","Ex_L2_3"
"VPS37B",13.9591366362034,0.795000506018737,0.25714087042473,3.09169252132344,0.00199018880425627,0.00648478103250866,"VPS37B","Ex_L2_3"
"ERGIC1",10.9665164313399,0.877212042681967,0.283751309481208,3.0914819187471,0.00199160111293554,0.00648723121136564,"ERGIC1","Ex_L2_3"
"MTMR7",33.8421438746267,0.628424502299772,0.203289119383063,3.09128449278003,0.00199292589406782,0.00648939475748171,"MTMR7","Ex_L2_3"
"GSAP",4.61120899133835,-1.53204394707062,0.495620814535005,-3.09116143257218,0.00199375207017825,0.00648993384275387,"GSAP","Ex_L2_3"
"FXYD1",8.60156970476487,-1.2643948227867,0.409065349699503,-3.09093601722932,0.00199526623228997,0.00649271131699792,"FXYD1","Ex_L2_3"
"NRXN2",26.9159259946248,-0.723392600618755,0.234130340625893,-3.0897003723863,0.00200358508351677,0.0065176224703539,"NRXN2","Ex_L2_3"
"KMT2E-AS1",5.74903014539243,-1.70358077107492,0.551480979844802,-3.08910158887862,0.00200762777094295,0.00652861146035866,"KMT2E-AS1","Ex_L2_3"
"CD81",8.46471499520487,-1.18913244305562,0.385321973458753,-3.08607482823169,0.00202817774472303,0.0065932555142816,"CD81","Ex_L2_3"
"SLC2A13",143.569947670793,0.87584873264916,0.283846580032865,3.08564130858209,0.00203113684667566,0.00660069083087716,"SLC2A13","Ex_L2_3"
"TATDN3",10.3472142881417,0.987935438591878,0.320216374167321,3.08521211996379,0.00203407028786185,0.00660803786638719,"TATDN3","Ex_L2_3"
"SAP30-DT",4.01703778052705,-1.91688024423955,0.621419310185105,-3.08468084725041,0.00203770684290969,0.00661547654485948,"SAP30-DT","Ex_L2_3"
"ZBTB7C",3.57938434769544,-1.8290191967484,0.592921716427101,-3.08475663156668,0.00203718773569579,0.00661547654485948,"ZBTB7C","Ex_L2_3"
"CHD1",18.5001718093451,0.75337022531919,0.24429640681235,3.08383670128178,0.00204349728263899,0.0066304581554324,"CHD1","Ex_L2_3"
"IGF1R",33.8516432681863,-0.626069666119277,0.203018146390383,-3.08381135997276,0.00204367134513938,0.0066304581554324,"IGF1R","Ex_L2_3"
"LRFN4",3.83800264947097,-1.77300013317023,0.575248795693881,-3.0821448848608,0.00205514781159115,0.0066641499860971,"LRFN4","Ex_L2_3"
"ARL6IP4",17.0492621304324,-0.781369306197177,0.253517943331796,-3.08210652046253,0.00205541270947417,0.0066641499860971,"ARL6IP4","Ex_L2_3"
"CFAP61",6.80629567614826,-1.61967428104735,0.525923647141036,-3.07967570930122,0.0020722609460836,0.00671655939766589,"CFAP61","Ex_L2_3"
"NR2C1",22.2655419605047,0.655557042986149,0.212895810030974,3.07923882057976,0.00207530247010381,0.00672419903242077,"NR2C1","Ex_L2_3"
"EFCAB11",7.46714049593359,1.02040818035416,0.331541449737056,3.0777695554008,0.00208556124132597,0.00675521056207924,"EFCAB11","Ex_L2_3"
"ATP7B",10.6151861519647,0.918829561815287,0.298574735954441,3.07738549572222,0.00208825049830637,0.00676169179148379,"ATP7B","Ex_L2_3"
"TDRD9",7.17355059189428,-1.58591402330872,0.515478909282897,-3.07658372583069,0.00209387489324077,0.00677766950616057,"TDRD9","Ex_L2_3"
"CATSPER2",34.5283827947968,0.647097315956803,0.210340551581195,3.0764268282667,0.00209497714972722,0.00677900379411074,"CATSPER2","Ex_L2_3"
"ENSG00000290396",11.1847147616511,-1.13973575681868,0.370522305050396,-3.07602468537936,0.00209780476505906,0.00678591834439915,"ENSG00000290396","Ex_L2_3"
"MAST1",23.9022505468058,-0.773943981909039,0.251618460458877,-3.07586327528432,0.00209894068321522,0.00678735789068674,"MAST1","Ex_L2_3"
"HSF4",13.5796625219995,-1.00508825860062,0.326795857097498,-3.07558445669265,0.0021009041886955,0.00679147178339737,"HSF4","Ex_L2_3"
"CNOT2",35.3688222165642,0.583034526195698,0.189593257284204,3.0751859773247,0.00210371329757812,0.00679629635267253,"CNOT2","Ex_L2_3"
"LINC02328",3.07307510311891,-2.11788540160728,0.688703692824397,-3.07517648543709,0.0021037802533059,0.00679629635267253,"LINC02328","Ex_L2_3"
"KLHL22",10.3401401684888,-1.00716005637346,0.327589786753335,-3.07445499554546,0.00210887536342521,0.00681051662402673,"KLHL22","Ex_L2_3"
"GALNT2",10.4394554086959,-0.98678248028436,0.32107086054555,-3.07341027026763,0.00211627319815693,0.00683216164925853,"GALNT2","Ex_L2_3"
"HTR2A",13.8611697352809,-0.849649653313154,0.27661994272657,-3.07154157049699,0.00212956508573954,0.00687281452112525,"HTR2A","Ex_L2_3"
"CCDC66",22.3940234142498,-0.700765518099822,0.228178004461733,-3.07113527332713,0.00213246515230904,0.00687991384442826,"CCDC66","Ex_L2_3"
"CHST1",13.0977766467831,-0.935837509575973,0.304814007606505,-3.07019194073284,0.00213921243854307,0.00689941661071804,"CHST1","Ex_L2_3"
"LRIF1",4.20963074969106,-1.79687046948672,0.585474048658284,-3.06908644986837,0.00214714448778097,0.00692229004501659,"LRIF1","Ex_L2_3"
"PDXK",17.7537006935844,-0.786441524732577,0.256252742280739,-3.06900725328038,0.00214771376803853,0.00692229004501659,"PDXK","Ex_L2_3"
"ENSG00000287280",17.0023755801682,2.10681543022642,0.686580387534777,3.06856337360744,0.00215090702243991,0.00693030849080016,"ENSG00000287280","Ex_L2_3"
"SUMF1",36.988276566862,0.624950529336472,0.203742102745303,3.06736075124207,0.0021595805302616,0.00695597348501309,"SUMF1","Ex_L2_3"
"KCNAB2",20.3096866932071,-0.746106637958679,0.243270314830492,-3.0669859513215,0.00216229019482967,0.0069624185099989,"KCNAB2","Ex_L2_3"
"PHB2",5.65095886263724,1.28459577573675,0.418871969502537,3.06679813705932,0.00216364919432214,0.00696451169233968,"PHB2","Ex_L2_3"
"DNM1P35",3.2338545192755,-2.29495617506086,0.748376756361573,-3.06657863910469,0.00216523844517512,0.00696573321805695,"DNM1P35","Ex_L2_3"
"TCEAL7",6.29981832156969,-1.37999508882921,0.450015537039901,-3.06654987493655,0.00216544678826811,0.00696573321805695,"TCEAL7","Ex_L2_3"
"CTDNEP1",3.7250129622678,-1.94466407837468,0.634357632961287,-3.06556424535583,0.00217259696192859,0.00698644600785154,"CTDNEP1","Ex_L2_3"
"CIZ1",9.65219727563993,-1.09290417770817,0.356566271300229,-3.06508008657932,0.00217611717543267,0.00699547615557938,"CIZ1","Ex_L2_3"
"ADNP",19.3866527841404,-0.716043661161132,0.233632080221967,-3.06483450594987,0.0021779047368911,0.00699893233078775,"ADNP","Ex_L2_3"
"SNX5",5.63236734701262,-1.60356924986717,0.523240987344643,-3.06468584964073,0.00217898744799046,0.00700012187346576,"SNX5","Ex_L2_3"
"GATD1-DT",4.7775129095472,-1.51876212258088,0.495615621560995,-3.06439518148636,0.00218110590213289,0.00700463693447319,"GATD1-DT","Ex_L2_3"
"YLPM1",29.3822844714724,-0.740136311133627,0.241553954910053,-3.0640620701459,0.0021835360131451,0.00701014960560049,"YLPM1","Ex_L2_3"
"ATP6V1E1",17.1084074865118,-0.769802808031231,0.25125607789183,-3.06381765762755,0.00218532062754639,0.00701358701241939,"ATP6V1E1","Ex_L2_3"
"CREBBP",33.3368075532594,0.648558014913484,0.211701649018915,3.06354729837526,0.00218729625322705,0.00701763500708771,"CREBBP","Ex_L2_3"
"ENSG00000287559",5.48456605408623,-1.76743250495142,0.576976099562295,-3.06326814280908,0.00218933787495061,0.00702189202857159,"ENSG00000287559","Ex_L2_3"
"CYP2U1",3.85724228457304,-2.01491419848207,0.657875710658915,-3.06275815604131,0.00219307220615666,0.00703157354872161,"CYP2U1","Ex_L2_3"
"SASH1",8.48248594547391,-1.24406354001802,0.406260261902823,-3.06223290013927,0.00219692444651447,0.00704162667620169,"SASH1","Ex_L2_3"
"RSPH1",8.99526191326619,0.928576233779218,0.303267537433437,3.06190448749572,0.00219933618347753,0.0070470576211622,"RSPH1","Ex_L2_3"
"STARD13",13.5991405050202,-1.56585749949665,0.511424018073366,-3.06175980040112,0.00220039948005215,0.00704816579459808,"STARD13","Ex_L2_3"
"CEP68",10.0257206000729,0.900660624023735,0.294200680381209,3.06138185287916,0.00220317921641336,0.0070495864443411,"CEP68","Ex_L2_3"
"EXOG",10.9072249216189,0.86621180512951,0.282950299156607,3.06135673901543,0.00220336403837221,0.0070495864443411,"EXOG","Ex_L2_3"
"ARNT2",103.355677582652,0.645838912335107,0.210968201335466,3.06130927906117,0.00220371335205329,0.0070495864443411,"ARNT2","Ex_L2_3"
"GDPD1",13.7962672599207,-0.926564226209413,0.3026584639901,-3.06141851773794,0.00220290941204106,0.0070495864443411,"GDPD1","Ex_L2_3"
"EI24",8.02261421535821,-1.10686483745605,0.36164780319139,-3.06061540451355,0.00220882619072684,0.0070636420890952,"EI24","Ex_L2_3"
"PFKL",16.4507196541053,-0.816201972386152,0.266688471604769,-3.06050714331498,0.00220962489686189,0.0070638968391706,"PFKL","Ex_L2_3"
"PRKACB",86.5774439910987,-0.397422431818386,0.129863195700577,-3.06031612478347,0.00221103479776739,0.0070661047017784,"PRKACB","Ex_L2_3"
"C3orf14",7.31827490865771,-1.15374673510602,0.377075302829605,-3.05972501102089,0.00221540301216829,0.00707776233871261,"C3orf14","Ex_L2_3"
"LNX1-AS1",5.32893985837702,1.74665345554209,0.571246734330241,3.05761652640335,0.00223104879694124,0.00712311452101096,"LNX1-AS1","Ex_L2_3"
"CDH13",120.41836599421,1.29080161354448,0.422151531509866,3.05767364843568,0.00223062359803055,0.00712311452101096,"CDH13","Ex_L2_3"
"BDP1",43.4199475322202,0.586971681044145,0.192037491565067,3.05654732448567,0.00223902132686506,0.00714624610627758,"BDP1","Ex_L2_3"
"TRIT1",14.0413212319983,0.947822655339561,0.310196938811164,3.0555512861349,0.00224647178910034,0.00716769693280993,"TRIT1","Ex_L2_3"
"SLC25A40",4.47488837345853,-1.72034889166945,0.563262763139285,-3.05425638663076,0.00225619172353332,0.00719637256233484,"SLC25A40","Ex_L2_3"
"ISY1",6.47080347747056,1.07981623727901,0.35362619637744,3.05355272980532,0.00226148974301077,0.00720859027752686,"ISY1","Ex_L2_3"
"SLC36A1",3.80734318257531,-1.66544808547118,0.545396697937024,-3.05364534066814,0.00226079180042845,0.00720859027752686,"SLC36A1","Ex_L2_3"
"EIF1",44.7314471568268,0.693672765693304,0.22717878177318,3.05342233231043,0.00226247279137488,0.0072093845937291,"EIF1","Ex_L2_3"
"NEURL4",4.48413315490258,-1.52975647514159,0.501123112526363,-3.05265599790333,0.00226825799417595,0.00722547553008579,"NEURL4","Ex_L2_3"
"SETD2",33.8173443288923,0.668566375069067,0.21903947351852,3.05226434454765,0.00227121988928756,0.00723022170847732,"SETD2","Ex_L2_3"
"TJP1",75.1215253738307,-0.403569037663524,0.132216267383958,-3.05234027286185,0.0022706454014668,0.00723022170847732,"TJP1","Ex_L2_3"
"FBLL1",2.15660187321034,-2.65025462516441,0.869253636625015,-3.04888528905597,0.00229692168217389,0.00730730524795216,"FBLL1","Ex_L2_3"
"GALNT17",133.366748964826,0.985358400543802,0.323176711938385,3.04897712039247,0.00229621968682445,0.00730730524795216,"GALNT17","Ex_L2_3"
"SIGMAR1",2.46825341757927,-2.23972469517301,0.734637663085161,-3.0487474407004,0.00229797581899059,0.00730829214819151,"SIGMAR1","Ex_L2_3"
"PNPLA8",12.577912147869,0.851221489007251,0.279228364873991,3.04847786288254,0.00230003858172977,0.00731248512197842,"PNPLA8","Ex_L2_3"
"CEP63",5.20118143614938,-1.38560847531283,0.454685769373978,-3.04739793642667,0.00230831900884888,0.00733643673339743,"CEP63","Ex_L2_3"
"MAGI2-AS3",7.18661847225335,-1.16978828504863,0.384050500966725,-3.04592308069917,0.00231967169887893,0.00737013414288054,"MAGI2-AS3","Ex_L2_3"
"SARM1",14.5637287855336,0.7970387337551,0.261712613112153,3.04547314046932,0.00232314527615476,0.00737878409083232,"SARM1","Ex_L2_3"
"SF3A3",5.64030799677923,1.12143738876996,0.368279684125919,3.04506992133328,0.00232626220923413,0.00738390951325236,"SF3A3","Ex_L2_3"
"EIF3B",10.6280425343361,-1.08971691647786,0.357857379239484,-3.04511512042512,0.00232591262425001,0.00738390951325236,"EIF3B","Ex_L2_3"
"ENSG00000205959",5.21435751946808,-1.46774071963076,0.482039611491898,-3.0448549966426,0.00232792516760246,0.00738680130701761,"ENSG00000205959","Ex_L2_3"
"OSTF1",3.98223952196242,-1.66693867871214,0.547893111160239,-3.04245234108194,0.00234658973052834,0.00744362205770436,"OSTF1","Ex_L2_3"
"MFSD12",5.40339646111984,-1.40868202982163,0.463653698167847,-3.03822019621135,0.00237979991836604,0.00754653143900194,"MFSD12","Ex_L2_3"
"SNHG12",1.8388878394323,-2.87675133053886,0.947015911383429,-3.03770115787856,0.00238390236666461,0.0075571012746412,"SNHG12","Ex_L2_3"
"PRKCE",118.171046848297,0.854799610258039,0.281470550820796,3.0369060200627,0.00239019964651991,0.007574619783036,"PRKCE","Ex_L2_3"
"CX3CL1",6.95191002988078,-1.17077119859846,0.38557303828943,-3.03644467412065,0.00239386036090893,0.00758377432620747,"CX3CL1","Ex_L2_3"
"CES4A",23.500635483927,-0.699071945771103,0.230251586519269,-3.03612216679602,0.00239642245781284,0.00758944365749624,"CES4A","Ex_L2_3"
"SCLY",3.88474250155198,-2.20102894782973,0.725156177456082,-3.03524815240649,0.00240337852012324,0.00760902049039341,"SCLY","Ex_L2_3"
"SNAP91",91.4826137462338,-0.760165066447301,0.250567520345629,-3.03377335338092,0.00241515799550015,0.0076438505630778,"SNAP91","Ex_L2_3"
"SKIC3",38.6954786000507,-0.609055207739211,0.200817888270322,-3.03287328128537,0.00242237296970299,0.00766421644262872,"SKIC3","Ex_L2_3"
"R3HDM2",62.0730291032861,0.577449823793005,0.19043364670733,3.03228885114229,0.00242706831690102,0.00767659985358519,"R3HDM2","Ex_L2_3"
"KDSR",5.04453179032775,1.23659382889298,0.407836480115031,3.03208243790305,0.00242872864286277,0.00767937888235722,"KDSR","Ex_L2_3"
"MTURN",21.8160086564297,-0.724393870199713,0.238928393896635,-3.03184505778371,0.00243063934219557,0.00768121969695031,"MTURN","Ex_L2_3"
"PSMC4",6.31893924733,1.11231819647312,0.366881847171109,3.03181584221133,0.00243087459668348,0.00768121969695031,"PSMC4","Ex_L2_3"
"TMEM87A",22.3779456469664,0.759661981212109,0.250798473206932,3.02897370744884,0.00245386037939175,0.00775135831740984,"TMEM87A","Ex_L2_3"
"RAPGEF2",170.901042982732,0.744054210844339,0.245730432537618,3.02792862552926,0.00246236237861519,0.00777571456365015,"RAPGEF2","Ex_L2_3"
"MIR646HG",16.6220984183339,-0.779679210304331,0.257521855784833,-3.02762345327216,0.00246485010999122,0.00778106924182319,"MIR646HG","Ex_L2_3"
"ST6GALNAC5",141.650052413629,-0.842126784138652,0.278316900310105,-3.02578385717986,0.00247989507826397,0.00782353540425988,"ST6GALNAC5","Ex_L2_3"
"RPS25",44.0096199293758,0.676276898365032,0.223499208763318,3.02585813214757,0.00247928600316892,0.00782353540425988,"RPS25","Ex_L2_3"
"ARHGAP29",2.11867335746625,-2.63218449465789,0.870269965711009,-3.02456088152761,0.0024899435187856,0.00785271432698225,"ARHGAP29","Ex_L2_3"
"GYS1",5.5471044483444,-1.57007577738731,0.519130519478874,-3.02443358360711,0.0024909915853169,0.00785349850261656,"GYS1","Ex_L2_3"
"TSGA10",9.52664837605493,-1.03197275192028,0.341476840651424,-3.02208709074274,0.00251038310956033,0.00791209613998096,"TSGA10","Ex_L2_3"
"DNAJA1",11.2995578054758,0.993354854646571,0.328819744945465,3.02097082038464,0.00251965640512269,0.00793877630658286,"DNAJA1","Ex_L2_3"
"GLUD1P2",3.1835156502671,-2.54351736610911,0.842268440995283,-3.01984170640837,0.00252906826509531,0.00796587580516073,"GLUD1P2","Ex_L2_3"
"SMARCAD1",24.3392082700581,-0.821995558347069,0.272228583306478,-3.01950496293644,0.00253188144811989,0.00797218055972108,"SMARCAD1","Ex_L2_3"
"RTN4R",2.45536525255163,-2.23220426803841,0.739327011582451,-3.01923808148253,0.00253411303077337,0.00797665056530523,"RTN4R","Ex_L2_3"
"NMNAT2",69.6100120193384,0.69483894016953,0.230153099936413,3.01902924775508,0.0025358604902274,0.00797909773276476,"NMNAT2","Ex_L2_3"
"OGFRL1",8.73857220532531,-1.03125391270681,0.341593449650026,-3.01895107696991,0.00253651488389906,0.00797909773276476,"OGFRL1","Ex_L2_3"
"GRK3",39.2172905694086,-0.808052074065548,0.26767745620316,-3.01875281365591,0.0025381753048293,0.00797921094228578,"GRK3","Ex_L2_3"
"PLXNA3",2.90680649637676,-2.23254664877749,0.739538311739533,-3.01883839327555,0.00253745846842505,0.00797921094228578,"PLXNA3","Ex_L2_3"
"TUSC2",3.75480823180013,-1.67618360979884,0.555424704322628,-3.01784129649588,0.00254582190243803,0.00799813059467578,"TUSC2","Ex_L2_3"
"TRABD-AS1",2.83219405960018,-2.06919414223622,0.685650254193595,-3.01785659610063,0.00254569338240513,0.00799813059467578,"TRABD-AS1","Ex_L2_3"
"GRM3",11.1393456357998,-2.06975586646632,0.6860602141659,-3.01687202337289,0.00255397611596495,0.00802118330026844,"GRM3","Ex_L2_3"
"SSNA1",8.186568687692,1.99900173208047,0.662641338457901,3.01671751528897,0.00255527815266833,0.00802270775705135,"SSNA1","Ex_L2_3"
"UBAC2",23.6311956507466,-0.881266162016266,0.292155323635884,-3.01643027088767,0.00255770036927667,0.00802774710152524,"UBAC2","Ex_L2_3"
"DOCK7",17.9382566399101,-0.729518525133405,0.241890473809879,-3.01590432084064,0.00256214093775081,0.00803911612023762,"DOCK7","Ex_L2_3"
"IGSF8",22.9912579212293,-0.863019003920776,0.286194422128419,-3.01549903559451,0.00256556754806991,0.00804729744324355,"IGSF8","Ex_L2_3"
"ANKRD17-DT",11.8426884794865,-0.892410561574726,0.29604021250811,-3.01449101800749,0.00257410832842397,0.00807150980479959,"ANKRD17-DT","Ex_L2_3"
"CKB",64.6595768658929,-0.479954750175882,0.15923962131809,-3.01404101694732,0.0025779295067685,0.00808091240411416,"CKB","Ex_L2_3"
"ADCYAP1",6.38245208207144,1.22587643023782,0.406743898911965,3.01387785659974,0.00257931626159144,0.00808268036806199,"ADCYAP1","Ex_L2_3"
"RTN1",138.418282798928,0.66373796515676,0.220285516708492,3.01308036531107,0.0025861042293441,0.00809878481003391,"RTN1","Ex_L2_3"
"NUP93-DT",2.62724613326685,-2.20475475487004,0.731714417504578,-3.01313559242017,0.00258563362955846,0.00809878481003391,"NUP93-DT","Ex_L2_3"
"ANKHD1",27.649319412039,0.769574312826501,0.255443355466992,3.0127004533729,0.00258934364794906,0.00810634544214517,"ANKHD1","Ex_L2_3"
"ALDH1A2",6.0644020052446,1.16770267092936,0.387619599072098,3.01249646231683,0.00259108456162644,0.00810921144740941,"ALDH1A2","Ex_L2_3"
"ENSG00000223838",10.241019693872,1.22736783724934,0.407494265834014,3.0119879962907,0.00259542860475832,0.00812021994049226,"ENSG00000223838","Ex_L2_3"
"ZNF736",7.98953921537822,-1.19663088889252,0.397305425627671,-3.01186646772331,0.00259646786087471,0.00812088515289181,"ZNF736","Ex_L2_3"
"CSNK1E",18.1980863265165,-0.764447258270765,0.253858797629745,-3.01130890640125,0.00260124074635958,0.00813322377219494,"CSNK1E","Ex_L2_3"
"TMED5",5.33265773292675,1.53201649039188,0.50878384989116,3.01113427778734,0.00260273726638825,0.00813531368278655,"TMED5","Ex_L2_3"
"DUSP3",4.81985296512477,-1.71215892932496,0.569191623047445,-3.00805363255011,0.0026292673227539,0.00821562410265087,"DUSP3","Ex_L2_3"
"ENSG00000283183",20.3731176080612,-0.732183149350617,0.243429848641981,-3.00777884649413,0.00263164570716265,0.00822044115331189,"LOC105374338","Ex_L2_3"
"ZC3H12C",8.12237288223266,1.00013693895963,0.332744746870151,3.00571819199875,0.00264954427442603,0.00827371994658656,"ZC3H12C","Ex_L2_3"
"DNAJC16",8.55133839266557,-1.04642908870312,0.348201894869671,-3.00523662886667,0.00265374307468029,0.00828419827316782,"DNAJC16","Ex_L2_3"
"RNF217",13.0446375704735,-1.26910500842696,0.422869269285599,-3.00117577844093,0.00268939268092251,0.00839281883652564,"RNF217","Ex_L2_3"
"EPHX4",8.87667980874063,-1.01956930827225,0.339932785053146,-2.99932619948043,0.0027057744666746,0.00843858043194008,"EPHX4","Ex_L2_3"
"SLC23A2",24.337506006706,0.731578818722901,0.243909767262831,2.99938303796817,0.00270526969128343,0.00843858043194008,"SLC23A2","Ex_L2_3"
"PACS1",22.9232768557391,-0.720214439232296,0.240163370700925,-2.9988521443979,0.00270998784304467,0.00844903858142521,"PACS1","Ex_L2_3"
"NRBP2",13.6536526773169,-0.917103569634544,0.305886046708662,-2.99818700297902,0.00271590969159794,0.00846472993047873,"NRBP2","Ex_L2_3"
"NTAN1",2.68144026626686,-2.20604616951646,0.735840079445596,-2.99799675383075,0.00271760568004173,0.00846472993047873,"NTAN1","Ex_L2_3"
"SNRNP70",64.6295789213627,-0.628638138543455,0.209682157080588,-2.99805261113299,0.00271710763615794,0.00846472993047873,"SNRNP70","Ex_L2_3"
"NCEH1",15.6122735434377,-0.885939333642853,0.295536491212884,-2.99773246277288,0.00271996332578224,0.00846938818145317,"NCEH1","Ex_L2_3"
"PTPN20",2.47728209995156,-2.40945693660564,0.804087613180376,-2.99651045123753,0.00273088876790917,0.00850071332570965,"PTPN20","Ex_L2_3"
"VARS2",6.88536432343634,-1.15039274669337,0.384056539308828,-2.99537341237228,0.0027410905020849,0.00852849302303402,"VARS2","Ex_L2_3"
"ENSG00000256982",9.92283793935274,-0.996163219490725,0.332572958638239,-2.99532236045179,0.00274154936550707,0.00852849302303402,"ENSG00000256982","Ex_L2_3"
"ATP5MC3",9.61215363055664,-1.64363554365976,0.548800929336799,-2.99495765367238,0.00274482945447769,0.00853599384640354,"ATP5MC3","Ex_L2_3"
"MRPS9",9.29564667697906,-1.0418622424774,0.347965004841012,-2.9941581135535,0.00275203288310847,0.00855568703913216,"MRPS9","Ex_L2_3"
"ARMC2",25.0129017990098,-0.701159166961917,0.234204001396906,-2.99379670193449,0.00275529467224363,0.00856311764002577,"ARMC2","Ex_L2_3"
"RECQL5",3.66164089002166,-1.66430020086136,0.55653407128503,-2.99047315651046,0.00278545610301022,0.00865411788613929,"RECQL5","Ex_L2_3"
"ALS2",15.1118203413003,-1.1201293688391,0.374917831165209,-2.98766629839356,0.0028111631039045,0.00873122552410933,"ALS2","Ex_L2_3"
"BTBD2",9.751998106242,-1.15708057840843,0.387496328341074,-2.98604268939026,0.00282613187889006,0.00877494297668015,"BTBD2","Ex_L2_3"
"ENSG00000259865",1.50268459740965,-3.15963690694318,1.05825823965187,-2.98569554061076,0.00282934182756714,0.00877963623258666,"ENSG00000259865","Ex_L2_3"
"MKX",3.57842336960268,-1.98231345989722,0.663939045036501,-2.98568592209882,0.00282943081355551,0.00877963623258666,"MKX","Ex_L2_3"
"PFDN6",4.39375910729572,-1.49295616377166,0.500121932506018,-2.98518434552696,0.00283407470896813,0.00879126932140919,"PFDN6","Ex_L2_3"
"IPO9-AS1",13.0251374262501,1.25808629748828,0.421472949647675,2.98497518889401,0.00283601326128226,0.00879173060234677,"IPO9-AS1","Ex_L2_3"
"MRPS27",9.27780540103419,-1.10814639453254,0.371235947004001,-2.98501910570799,0.00283560612124619,0.00879173060234677,"MRPS27","Ex_L2_3"
"DDB2",2.26559947916537,-2.26714906767022,0.759589772958711,-2.98470193830987,0.00283854768761164,0.00879681150886332,"DDB2","Ex_L2_3"
"CITED2",1.76576535345416,-2.8246320116633,0.946685343839608,-2.98370734272386,0.00284779013309447,0.00882267116604227,"CITED2","Ex_L2_3"
"ZNF770",7.11618380265161,-1.23787723392286,0.41496053018812,-2.98312042680704,0.00285325702979254,0.0088368212675542,"ZNF770","Ex_L2_3"
"TMEM131L",5.95135825181066,-1.25471153591655,0.420620800063932,-2.98299926139136,0.00285438683170561,0.00883753426872861,"TMEM131L","Ex_L2_3"
"ZNF654",23.0937696110147,0.669883583302159,0.224575216368592,2.98289185304709,0.00285538869786972,0.00883785084053944,"ZNF654","Ex_L2_3"
"RNF216",11.6970540713702,1.07405840943142,0.360119467473066,2.98250582499196,0.00285899207883852,0.00884621675039671,"RNF216","Ex_L2_3"
"C11orf87",13.2871002623423,0.81225530101,0.272351174879839,2.98238221798884,0.00286014676626935,0.00884700309566439,"C11orf87","Ex_L2_3"
"NTM",121.023920827243,0.542078112894117,0.181803177555503,2.98167567906576,0.00286675514785141,0.00886465299732208,"NTM","Ex_L2_3"
"ADAMTS8",7.06690375535158,1.55851033677473,0.522780207404107,2.98119614075213,0.00287124829093252,0.00887575305541885,"ADAMTS8","Ex_L2_3"
"GALNT7",17.5172883824169,0.820409400181574,0.275237409895023,2.98073361646036,0.00287558810711189,0.00888637230709882,"GALNT7","Ex_L2_3"
"MRTFA",42.3588812002249,0.542075843670089,0.18190030600417,2.98007109266579,0.00288181492959287,0.0089028144240001,"MRTFA","Ex_L2_3"
"SEC11A",4.78990456386876,1.19153119712708,0.399900390171238,2.97956997895618,0.00288653288985154,0.00891458632816773,"SEC11A","Ex_L2_3"
"S100A6",13.4352804582333,0.771164244586389,0.258831109055888,2.9794109657038,0.002888031464565,0.00891641141039804,"S100A6","Ex_L2_3"
"CCND3",5.47070976135074,-1.42711668410616,0.479078433782222,-2.97887899657553,0.00289305001828681,0.0089290993966854,"CCND3","Ex_L2_3"
"KMT2E",81.1522535915353,0.51145142165112,0.171708681717994,2.97859966388364,0.00289568840645855,0.00893443558575652,"KMT2E","Ex_L2_3"
"AAAS",2.0107491534954,-2.54975771407826,0.856143736847148,-2.97818883014673,0.00289957285550033,0.00894361184691845,"AAAS","Ex_L2_3"
"LETMD1",5.17384525560056,-1.64310268597721,0.551970470590577,-2.97679454522121,0.00291279136224776,0.00898156382382988,"LETMD1","Ex_L2_3"
"LRRFIP1",62.8107394454655,0.79283334595994,0.266361279437277,2.97653378011588,0.00291526964014695,0.00898611870629487,"LRRFIP1","Ex_L2_3"
"GALNT16",6.14904316038791,-1.33709943155193,0.449226739308748,-2.97644666835595,0.00291609796780009,0.00898611870629487,"GALNT16","Ex_L2_3"
"R3HCC1L",13.429902318781,0.781021186484817,0.262459593617301,2.97577686424237,0.00292247417522652,0.0090028764938312,"R3HCC1L","Ex_L2_3"
"PSG11-AS1",3.88509240434508,-1.64032781467871,0.551244142609488,-2.97568298306754,0.00292336889406775,0.0090028764938312,"PSG11-AS1","Ex_L2_3"
"REEP5",14.7169938983349,0.778806241019924,0.261749144229634,2.97539173742885,0.00292614615291283,0.00900860539210768,"REEP5","Ex_L2_3"
"C2orf80",8.21211638482685,-1.11681615712544,0.375384710440929,-2.97512425536358,0.00292869892820336,0.00901199029225947,"C2orf80","Ex_L2_3"
"CSTF3",35.5976979873712,-0.528046373490854,0.177489549258445,-2.9750843117076,0.00292908031384207,0.00901199029225947,"CSTF3","Ex_L2_3"
"SNX31",3.39351152563895,-2.2870128237143,0.768766325612279,-2.97491285390632,0.00293071792333594,0.00901420566025431,"SNX31","Ex_L2_3"
"ENSG00000246851",6.50736917506716,1.10616518242552,0.371882863088553,2.97449894098002,0.00293467468822437,0.00902072720185113,"ENSG00000246851","Ex_L2_3"
"FAM182B",3.02394372793102,-2.03881149266545,0.685414511203438,-2.97456715511574,0.00293402226575391,0.00902072720185113,"FAM182B","Ex_L2_3"
"GRIA1",167.483692009957,-0.813222184338004,0.273579731911323,-2.97252350770487,0.00295362591098084,0.00907417829383963,"GRIA1","Ex_L2_3"
"CHERP",5.290435591295,1.13560826162009,0.382038890548802,2.97249387356553,0.00295391105290097,0.00907417829383963,"CHERP","Ex_L2_3"
"GDI1",54.4442710954063,-0.699209846389711,0.235388791180436,-2.9704466507657,0.00297367049932682,0.00913202218986767,"GDI1","Ex_L2_3"
"RNPEPL1",5.10649736670469,-1.70478926363214,0.57401669155155,-2.96992977508048,0.00297867832646364,0.00914454246224338,"RNPEPL1","Ex_L2_3"
"MAT2B",1.85032961496292,-2.84689596901947,0.958696219906185,-2.96954959235998,0.00298236669334494,0.00915300543437074,"MAT2B","Ex_L2_3"
"ESCO1",14.3196625117309,0.806931599628782,0.271760108851237,2.96927905659068,0.00298499385036244,0.00915820724108701,"ESCO1","Ex_L2_3"
"SGTA",5.55447789996935,-1.30921364952047,0.440962014966076,-2.96899416522576,0.0029877626960071,0.00916384037638893,"SGTA","Ex_L2_3"
"GLT1D1",10.056837269481,-0.949867795708123,0.319997136375536,-2.96836342495701,0.0029939011691779,0.0091798018370798,"GLT1D1","Ex_L2_3"
"TRIM27",4.60688354782263,-1.78576513747652,0.601717321111042,-2.96778084130799,0.00299958119309033,0.0091943480938906,"TRIM27","Ex_L2_3"
"SHC2",12.2073197991863,-1.02099044661461,0.344036278543817,-2.96768250992627,0.00300054086503405,0.00919442091643621,"SHC2","Ex_L2_3"
"LINC01937",4.47228801220219,1.24007996056129,0.417933272700953,2.96717213383634,0.00300552641719587,0.00920395621026567,"LINC01937","Ex_L2_3"
"CHCHD7",2.40150538730559,-2.18398809443667,0.736033490429776,-2.96724010908991,0.00300486197255513,0.00920395621026567,"CHCHD7","Ex_L2_3"
"MAGI1",122.144900768568,-0.7942683101847,0.267763859344053,-2.96630139754647,0.00301404955482424,0.00922430617650883,"MAGI1","Ex_L2_3"
"CCDC85B",10.0510670879515,-0.991076714452805,0.334110952853312,-2.96631016130718,0.00301396366167646,0.00922430617650883,"CCDC85B","Ex_L2_3"
"JADE2",2.83588503805409,-1.92106594677144,0.647888210891775,-2.96511946733407,0.0030256540677853,0.00925693726624815,"JADE2","Ex_L2_3"
"ENSG00000255367",4.44210677616621,1.26162968059718,0.425515186360761,2.96494630752741,0.00302735761649455,0.00925926563650139,"LOC101927708","Ex_L2_3"
"ENSG00000291207",17.2792742054392,0.747918059085487,0.252268870670457,2.96476555786585,0.003029136767515,0.00926182371741904,"SEPTIN7P2","Ex_L2_3"
"CACNA1D",78.6560242340132,0.688709481834051,0.232465679856102,2.96262864376526,0.00305024320174605,0.00932345650714162,"CACNA1D","Ex_L2_3"
"HELQ",2.39877881719868,-2.18243670039972,0.736983601552555,-2.96130971679983,0.0030633371777618,0.00936025958292985,"HELQ","Ex_L2_3"
"KIAA1586",4.85363902554418,-1.74567091636759,0.589509903397926,-2.96122407156447,0.00306418921200146,0.00936025958292985,"KIAA1586","Ex_L2_3"
"DGKZ",39.9583452464395,-0.729317686892725,0.246305294343804,-2.96103130399914,0.00306610773420909,0.00936320869781478,"DGKZ","Ex_L2_3"
"RIDA",2.82463576137422,-1.91672128653237,0.647478846883866,-2.96028402434614,0.00307355540552918,0.00938278375378807,"RIDA","Ex_L2_3"
"PIP4K2C",7.51296023688038,-1.13727311623835,0.384189818060279,-2.96018546764276,0.00307453888926943,0.00938278375378807,"PIP4K2C","Ex_L2_3"
"ELOB",18.8997729719068,0.65379666591615,0.220869723809357,2.96010088952016,0.00307538311148184,0.00938278375378807,"ELOB","Ex_L2_3"
"ZNF7",4.63803249539804,1.30118152231374,0.439605681386523,2.95988331681655,0.00307755579946175,0.00938649741506124,"ZNF7","Ex_L2_3"
"STIM1",20.351823320492,-0.781386529956446,0.264006528383818,-2.95972427174396,0.0030791449141204,0.00938842943399095,"STIM1","Ex_L2_3"
"ENSG00000249335",7.70431902160925,-1.12006637849781,0.378531506732856,-2.95897794126893,0.00308661194792863,0.00940827669142132,"ENSG00000249335","Ex_L2_3"
"HSPB1",2.93140544464164,-2.07298477649843,0.700637834974679,-2.95871086746742,0.0030892880294245,0.00941351290355655,"HSPB1","Ex_L2_3"
"CRACDL",81.5006272722185,0.628931473152204,0.212591441850026,2.95840447611192,0.00309236067872371,0.00941411568260977,"CRACDL","Ex_L2_3"
"POLD4",2.81320616398747,-1.9396370586585,0.655626147117868,-2.95844982263923,0.00309190574491804,0.00941411568260977,"POLD4","Ex_L2_3"
"METRN",3.93421696707459,-2.18946843915757,0.740080817034892,-2.95841803862664,0.0030922246079617,0.00941411568260977,"METRN","Ex_L2_3"
"MFHAS1",11.9956520944235,0.841805612581158,0.284655466018521,2.95727893216141,0.00310367214575114,0.00944424724633923,"MFHAS1","Ex_L2_3"
"PRMT3",10.7330289149978,-0.954646866123212,0.322818106001762,-2.95722838457519,0.00310418102182709,0.00944424724633923,"PRMT3","Ex_L2_3"
"STXBP3",10.1040846482474,-1.22442888781564,0.414111319328715,-2.95676266420457,0.00310887313402291,0.00945559432465667,"STXBP3","Ex_L2_3"
"ACTR1B",10.8197962064319,-0.922478641083748,0.312145468754845,-2.95528442159848,0.00312380923238376,0.00949808167717056,"ACTR1B","Ex_L2_3"
"TEX41",2.39371659821786,-2.17984732265118,0.737696718580789,-2.95493699205394,0.00312732912659797,0.00950290174441647,"TEX41","Ex_L2_3"
"KLHL9",4.22496164275582,-1.9023822572214,0.643788857373139,-2.95497853905661,0.0031269080134281,0.00950290174441647,"KLHL9","Ex_L2_3"
"FOXO1",3.70325004126499,-1.82704825390637,0.61848643831149,-2.95406356668763,0.00313619399084845,0.00952689232099418,"FOXO1","Ex_L2_3"
"USP42",11.7464562962364,0.89553824424356,0.303215511702631,2.95347107809521,0.00314222051056367,0.00953929984418341,"USP42","Ex_L2_3"
"CD276",8.70940333135067,-1.10665258215518,0.374691810161017,-2.95350085628937,0.00314191736877854,0.00953929984418341,"CD276","Ex_L2_3"
"DNAJA3",3.98005442405943,-1.86041527824829,0.629982031716415,-2.95312435051441,0.00314575215777162,0.00954707111459637,"DNAJA3","Ex_L2_3"
"LINC01116",2.2436621387138,-2.2442103477017,0.759998332086747,-2.952914832773,0.00314788798648487,0.00955060271131172,"LINC01116","Ex_L2_3"
"LINC00667",6.00725249589227,-1.59509112717816,0.54059742473082,-2.95060807581983,0.00317149067006522,0.00961924184708882,"LINC00667","Ex_L2_3"
"FLACC1",3.88264311960105,-1.71066723038012,0.579921660201118,-2.94982468802227,0.00317954289416636,0.00964068808404021,"FLACC1","Ex_L2_3"
"EXOC6B",128.53178277196,0.469566719672962,0.159206266750459,2.94942359529706,0.00318367282246589,0.0096502319678818,"EXOC6B","Ex_L2_3"
"THYN1",5.5811569823641,-1.35695778904484,0.460168744437089,-2.94882650212319,0.00318982996414411,0.00966591288332873,"THYN1","Ex_L2_3"
"DZANK1",6.12162619654941,-1.24253262367225,0.421531633755333,-2.94766163242079,0.00320187318670306,0.00969941479684579,"DZANK1","Ex_L2_3"
"MAPK3",7.68677477120688,-1.17423637985293,0.398484356207603,-2.94675653274874,0.00321125931882698,0.00972484942914804,"MAPK3","Ex_L2_3"
"MSI2",11.5529442343993,0.838593255520754,0.284657824248395,2.94596945555584,0.00321944190065386,0.00974662472481465,"MSI2","Ex_L2_3"
"RAP1A",29.0965804168608,0.69165673454923,0.234852699012773,2.94506615191854,0.00322885620331989,0.00977211439969641,"RAP1A","Ex_L2_3"
"TMEM229B",2.4444979194593,-2.18670395228457,0.742542069798654,-2.94488897158044,0.00323070573102325,0.00977329979027764,"TMEM229B","Ex_L2_3"
"TMSB4X",94.8954536605178,-0.490739610163087,0.166644006651202,-2.94483804143188,0.00323123755281166,0.00977329979027764,"TMSB4X","Ex_L2_3"
"SPATA20",6.25733033984907,-1.29964679701037,0.441426146403315,-2.94419985675912,0.00323790835788922,0.00978846757171499,"SPATA20","Ex_L2_3"
"FTL",80.8040218960157,0.842725875681459,0.286235693267926,2.94416767545702,0.00323824507411174,0.00978846757171499,"FTL","Ex_L2_3"
"ATCAY",29.4881096368375,0.869706261241466,0.295493335636863,2.94323477504841,0.00324801998437417,0.00981499487126787,"ATCAY","Ex_L2_3"
"GPR89B",13.9552470918637,0.869305028494835,0.29573634439832,2.93945957255761,0.00328785159735079,0.00992925118117864,"GPR89B","Ex_L2_3"
"CHCHD10",11.9285396876936,-1.28265976916674,0.436345144724115,-2.9395532061614,0.00328685832553692,0.00992925118117864,"CHCHD10","Ex_L2_3"
"DNAI4",9.49553051294988,-1.88340216354032,0.64083247741071,-2.93899299728101,0.00329280513754425,0.00994115478525961,"DNAI4","Ex_L2_3"
"PRPSAP2",7.92467013676698,0.99957267087718,0.340247939129683,2.93777729685587,0.00330574394535165,0.00997715161878175,"PRPSAP2","Ex_L2_3"
"CLHC1",4.85484434668943,-1.40324517284466,0.477851807287839,-2.93656977214152,0.00331864156508495,0.0100130020686101,"CLHC1","Ex_L2_3"
"HSD11B1L",11.0469937123071,-1.03374451200231,0.352286452824414,-2.93438621813126,0.00334208062221016,0.0100806263532676,"HSD11B1L","Ex_L2_3"
"ZSCAN16-AS1",3.75693284115711,-1.94936831940622,0.664551375365404,-2.93335984495459,0.00335315008456995,0.0101109105066959,"ZSCAN16-AS1","Ex_L2_3"
"GPR89A",10.6068558825586,1.04090663194236,0.354878852296076,2.93313232165755,0.00335560844591683,0.0101152185862801,"GPR89A","Ex_L2_3"
"AKIRIN1",9.68784806812657,0.884236351648593,0.301510434539508,2.93268905601584,0.0033604025909484,0.0101231399450813,"AKIRIN1","Ex_L2_3"
"SCRT1",3.26674725214833,-1.79994616438994,0.613790621373206,-2.93250841852715,0.00336235806604239,0.0101231399450813,"SCRT1","Ex_L2_3"
"TDRD7",6.1212419990914,1.12607297846455,0.383993988608724,2.93252762248832,0.00336215012605321,0.0101231399450813,"TDRD7","Ex_L2_3"
"DDIT4",2.51371695294927,-2.38941808777055,0.814759482316649,-2.93266680490369,0.00336064341244865,0.0101231399450813,"DDIT4","Ex_L2_3"
"AGO3",22.3571521353869,-0.666074696029186,0.227196277255223,-2.93171483298973,0.0033709612372946,0.0101459323514651,"AGO3","Ex_L2_3"
"RCC2",4.49681371556848,-1.75149889250927,0.597521866062172,-2.93127162701529,0.00337577470155974,0.010157308014739,"RCC2","Ex_L2_3"
"FBXO41",6.32318993802775,-1.20857638335017,0.412352237316854,-2.93093203813878,0.00337946706003311,0.0101653044696158,"FBXO41","Ex_L2_3"
"SMIM12",8.51614709267265,-1.06095826980586,0.362053384293242,-2.93039180362018,0.00338534862237718,0.0101798790530252,"SMIM12","Ex_L2_3"
"ZNF540",26.9472215378993,0.593228866812408,0.202449633463837,2.93025409165967,0.00338684938984995,0.0101812755219969,"ZNF540","Ex_L2_3"
"ENSG00000261786",11.6558667015761,-1.09923709646807,0.375188264728202,-2.92982803517159,0.00339149633630087,0.0101921260348179,"ENSG00000261786","Ex_L2_3"
"THAP9-AS1",7.27768740363895,0.988893837559508,0.337793563199316,2.92750941786303,0.00341688712323456,0.0102652902442374,"THAP9-AS1","Ex_L2_3"
"SORT1",32.3492025317164,0.675853990957218,0.230908728789311,2.92693132260882,0.00342324464002622,0.0102773953752073,"SORT1","Ex_L2_3"
"EXOC3",8.03518374553835,0.943317005963603,0.32228240577597,2.92698884288253,0.00342261158728617,0.0102773953752073,"EXOC3","Ex_L2_3"
"UTP4",7.44791095897009,0.995556804724662,0.340145268669393,2.92685771764269,0.0034240548720535,0.0102773953752073,"UTP4","Ex_L2_3"
"CACNA1I",7.41758409993023,-1.12364691062504,0.384129355308371,-2.92517844600292,0.00344258752237741,0.0103298655527904,"CACNA1I","Ex_L2_3"
"JUN",6.05472629076885,-1.38298582619076,0.473010150905855,-2.9237973509495,0.00345789783293204,0.0103726376521296,"JUN","Ex_L2_3"
"CTNND2",252.387860003059,-0.464006989426505,0.158745785093874,-2.92295627976589,0.00346725197423664,0.0103975224038158,"CTNND2","Ex_L2_3"
"TAF4B",9.38237089605249,0.917040022722047,0.313792251537731,2.92244317132789,0.00347296991703565,0.0104114911397492,"TAF4B","Ex_L2_3"
"SUDS3",10.8342779385001,0.864774983327887,0.295923812028068,2.92228927912656,0.00347468652262018,0.0104134595479624,"SUDS3","Ex_L2_3"
"CNOT11",6.15557987642506,1.16945699032848,0.400198573867412,2.92219179850433,0.0034757742791862,0.0104135427016545,"CNOT11","Ex_L2_3"
"NDUFB7",7.37474720209639,-1.22808823763377,0.420439906460581,-2.92096021039552,0.00348954391286652,0.0104516095731709,"NDUFB7","Ex_L2_3"
"SOCS5",1.9736921834393,-2.40308046239437,0.822826554146767,-2.92051885088499,0.00349449055389192,0.0104632353555118,"SOCS5","Ex_L2_3"
"PRKAB2",3.66333176283331,-1.59063165622452,0.544690379113561,-2.92024922271098,0.00349751561437462,0.0104659133096608,"PRKAB2","Ex_L2_3"
"ATP10A",2.01789050203772,-2.54896526443524,0.872832298194011,-2.92033792712453,0.00349652014307471,0.0104659133096608,"ATP10A","Ex_L2_3"
"ELAPOR2",9.1167375358684,0.922063047155049,0.315811635717785,2.9196614148157,0.0035041187155235,0.0104824793731129,"ELAPOR2","Ex_L2_3"
"TMEM63B",15.8344300697212,-0.861952008758208,0.295262123985713,-2.91927727513034,0.00350844005023655,0.0104922115840255,"TMEM63B","Ex_L2_3"
"PTPN5",34.4628970318352,0.633657730100304,0.217082034860873,2.91897821257486,0.00351180767625343,0.0104990866133639,"PTPN5","Ex_L2_3"
"GANAB",6.19614261544802,-1.41623179377171,0.485239017413627,-2.91862719803608,0.00351576406514565,0.010507717120776,"GANAB","Ex_L2_3"
"CHD5",59.5603152291504,-0.679910526985104,0.23296880099476,-2.91846171711378,0.00351763065600204,0.0105100984077141,"CHD5","Ex_L2_3"
"PRDX6",4.93170804719855,-1.46759645698385,0.503377265696647,-2.91550007716931,0.0035511901916034,0.010607142731016,"PRDX6","Ex_L2_3"
"CMTM4",21.1744394764286,0.664916047588737,0.228084157518782,2.91522241098216,0.00355435142638918,0.0106133581801968,"CMTM4","Ex_L2_3"
"RIC1",23.2971231034808,0.740162921469691,0.253958029535315,2.91450883763754,0.00356248721950097,0.0106286185996389,"RIC1","Ex_L2_3"
"PKNOX2",15.5677872276383,-0.776672481879898,0.266469303580585,-2.91467899470462,0.00356054564014517,0.0106286185996389,"PKNOX2","Ex_L2_3"
"USP36",10.9951361771216,0.842231855983171,0.288980918148901,2.91448951501082,0.00356270776146285,0.0106286185996389,"USP36","Ex_L2_3"
"ECE1",6.79998600892846,-2.12985321978235,0.730820913176403,-2.91432987395675,0.00356453032601639,0.0106308275418291,"ECE1","Ex_L2_3"
"TBC1D8",11.3777794007093,0.843133191204485,0.289376298787168,2.91362214092245,0.00357262047923474,0.0106484901662628,"TBC1D8","Ex_L2_3"
"COPB2-DT",29.497270404154,-0.7896056761484,0.270997394611719,-2.91370209399886,0.00357170569303307,0.0106484901662628,"COPB2-DT","Ex_L2_3"
"LINC02803",4.4251222301154,-2.29883409898947,0.789085884901541,-2.9132875685342,0.00357645081455564,0.0106566735827099,"LINC02803","Ex_L2_3"
"SHOC1",2.42304721335181,-2.35080041777547,0.807344901710196,-2.91176721720268,0.00359390358127301,0.0107047519785685,"SHOC1","Ex_L2_3"
"CBL",11.5602996156077,-0.879600349169184,0.302092480110323,-2.91169230312504,0.003594765551435,0.0107047519785685,"CBL","Ex_L2_3"
"RTN3",95.5924437380036,-0.521606463723543,0.17917753368748,-2.91111532226649,0.00360141066486926,0.0107212904156593,"RTN3","Ex_L2_3"
"ENSG00000291112",20.7252651757963,0.684170337681052,0.235031023447214,2.91097884715935,0.0036029840875866,0.0107227251367618,"ZNF204P","Ex_L2_3"
"MAN1A1",98.6752667001121,1.35772021952508,0.466458252714885,2.91070039306382,0.00360619632671819,0.0107290347406661,"MAN1A1","Ex_L2_3"
"ENSG00000287180",5.73572417157798,1.15490411420602,0.396832059612879,2.91030950304939,0.00361071001850188,0.0107392113901794,"ENSG00000287180","Ex_L2_3"
"WASHC3",8.45931452652114,1.26689202131364,0.435337731500069,2.91013603839996,0.00361271469800276,0.0107419216686377,"WASHC3","Ex_L2_3"
"SLC38A1",14.151142356687,-0.788562496609007,0.271066145940301,-2.90911465123601,0.0036245391086704,0.0107738191236242,"SLC38A1","Ex_L2_3"
"ENSG00000280241",7.09727057015207,1.06532538061944,0.366240656124637,2.90881245105922,0.00362804436566338,0.0107809763606404,"ENSG00000280241","Ex_L2_3"
"MTMR3",17.4860516622056,0.750427048397195,0.258046215289686,2.90811104342204,0.00363619196365467,0.0108019201242647,"MTMR3","Ex_L2_3"
"MAN2A1",25.2934788689105,-1.36307974239758,0.468774057839578,-2.90775421464138,0.0036403432932201,0.0108044509101493,"MAN2A1","Ex_L2_3"
"FAM171A2",2.89233353564452,-2.14282057130529,0.736909742359596,-2.90784671192424,0.0036392667704899,0.0108044509101493,"FAM171A2","Ex_L2_3"
"DSTN",27.5533146576293,0.621530342833758,0.213742076645119,2.90785208317078,0.00363920426653217,0.0108044509101493,"DSTN","Ex_L2_3"
"DNAJB6",20.9202100461759,-1.10495247368497,0.38016589330524,-2.90650080173759,0.0036549596231709,0.0108445555234162,"DNAJB6","Ex_L2_3"
"ENSG00000291194",13.8548511708434,-0.826940603172058,0.284533140284929,-2.90630680961791,0.00365722657167594,0.010848005386517,"ENSG00000291194","Ex_L2_3"
"GATAD2B",29.6400684605081,0.624295184387512,0.214833211196816,2.90595285947467,0.00366136604864348,0.0108570057536594,"GATAD2B","Ex_L2_3"
"INO80D",19.4660432296709,0.667602232247164,0.229754232932171,2.90572331890075,0.00366405282197867,0.0108576267872957,"INO80D","Ex_L2_3"
"MKRN2",7.1843991651358,1.14676353845654,0.394651752847057,2.90576066160526,0.0036636156034067,0.0108576267872957,"MKRN2","Ex_L2_3"
"BORCS8",6.17620524695358,-1.44087286384177,0.495886292400203,-2.90565173089907,0.00366489112649353,0.0108576267872957,"BORCS8","Ex_L2_3"
"EGR1",4.46547150633483,1.22339346561169,0.421107756227094,2.90517913175635,0.00367042969930934,0.010870757119691,"EGR1","Ex_L2_3"
"FABP5",4.53803625897995,-1.5701670780615,0.540544543350238,-2.90478758388674,0.00367502416432031,0.0108805489364596,"FABP5","Ex_L2_3"
"SMARCD2",2.36793107096516,-2.3616738536005,0.81305016512411,-2.90470865747871,0.0036759509283499,0.0108805489364596,"SMARCD2","Ex_L2_3"
"GALNT8",3.34835988697296,-2.96998628603522,1.02260501843885,-2.9043337676646,0.00368035583517686,0.010890305941198,"GALNT8","Ex_L2_3"
"CARMIL1",53.6848292370496,0.683268840406625,0.23526988029573,2.904191728868,0.00368202602591423,0.0108919673828911,"CARMIL1","Ex_L2_3"
"NUDT12",1.94527851596652,-2.38123943437609,0.820143578261163,-2.90344215024484,0.00369085151149816,0.010911503234715,"NUDT12","Ex_L2_3"
"GOLGA3",10.3755838604634,-0.931206065978442,0.320716630924572,-2.90351661307345,0.0036899739318448,0.010911503234715,"GOLGA3","Ex_L2_3"
"ZNF493",18.0918733590868,-0.915370412743579,0.315315724453291,-2.9030281135858,0.00369573459117986,0.0109226524138842,"ZNF493","Ex_L2_3"
"AP2B1",51.2758847696057,0.627547479562573,0.216284213169206,2.90149461380994,0.00371387163924034,0.0109729548823751,"AP2B1","Ex_L2_3"
"ENSG00000290928",80.4855804864507,0.678558727243134,0.233892304416817,2.90115884289157,0.0037178536600309,0.0109814174251785,"ENSG00000290928","Ex_L2_3"
"PDIA6",5.75820888333379,-1.27555999517817,0.439751367383309,-2.90063906513413,0.00372402553508811,0.0109963411051114,"PDIA6","Ex_L2_3"
"SUPT20H",9.12091329812083,-1.18110991891144,0.407454506203667,-2.8987528691634,0.00374650065151248,0.011059381730907,"SUPT20H","Ex_L2_3"
"LIN28B",6.41032859759624,-1.28699098948541,0.444072320097274,-2.8981562940097,0.00375363481141664,0.0110771127627987,"LIN28B","Ex_L2_3"
"TMX3",15.4913311188506,-0.816269886134054,0.281725471353552,-2.89739469495704,0.00376276035672503,0.0111007080313714,"TMX3","Ex_L2_3"
"AKT1",3.96093370559906,-1.97970548185919,0.683332445913888,-2.89713373585171,0.00376589182631493,0.0111066110182281,"AKT1","Ex_L2_3"
"EIF3I",4.04363143575809,1.27727423446055,0.440965294043182,2.89654140975428,0.00377300844079023,0.0111242601807693,"EIF3I","Ex_L2_3"
"JAKMIP2-AS1",11.8587251764378,0.983404169481813,0.33953635154254,2.89631482759985,0.00377573398558197,0.011128956097917,"JAKMIP2-AS1","Ex_L2_3"
"HNRNPM",22.3778400389314,0.634220405426916,0.219048110986017,2.89534752238699,0.00378738978560905,0.0111599631835103,"HNRNPM","Ex_L2_3"
"BTBD8",25.1884345903604,-0.66704729335242,0.230413429104039,-2.89500180586795,0.00379156351363039,0.0111689115316057,"BTBD8","Ex_L2_3"
"COLGALT1",3.91637750199923,-1.54870289485553,0.534982874144924,-2.89486443342856,0.0037932231284557,0.0111704508435098,"COLGALT1","Ex_L2_3"
"TRIM17",5.71031182965745,-1.67336197045057,0.57828170284616,-2.89367960669462,0.00380756460278973,0.011209324140787,"TRIM17","Ex_L2_3"
"DHX38",5.26566324170312,1.22268571209861,0.422577434197252,2.89340038807629,0.00381095150894559,0.0112134308497508,"DHX38","Ex_L2_3"
"CDKL5",35.7751395652431,-0.66925817797761,0.23130698601344,-2.89337641509333,0.00381124242745502,0.0112134308497508,"CDKL5","Ex_L2_3"
"ENSG00000227681",7.07357508166159,-1.27600459792025,0.441192636804627,-2.89217110956751,0.00382589516872751,0.0112521779227316,"ENSG00000227681","Ex_L2_3"
"USE1",4.11088875649125,1.23720153047548,0.427785855094409,2.89210481305522,0.00382670260991921,0.0112521779227316,"USE1","Ex_L2_3"
"STARD10",2.98907820685796,-1.79017275272126,0.619037822150125,-2.89186328955377,0.00382964549250274,0.0112574617948375,"STARD10","Ex_L2_3"
"ENSG00000282890",1.40314182148869,-3.0662289176617,1.06068717860336,-2.89079474091419,0.00384269008728997,0.0112924281835288,"ENSG00000282890","Ex_L2_3"
"DDN-AS1",3.66215470714768,-1.78427548020953,0.617307708802086,-2.89041503089601,0.00384733521209088,0.0113026977044201,"DDN-AS1","Ex_L2_3"
"CCNC",13.3495741526708,0.853666235130572,0.295358303477443,2.89027335639396,0.00384906967198024,0.0113044126928352,"CCNC","Ex_L2_3"
"SRSF9",11.4032556608061,-1.02944898437394,0.356208883336852,-2.89001491128011,0.00385223553424655,0.0113103293151339,"SRSF9","Ex_L2_3"
"ABL1",13.5815682980333,-0.801510372795582,0.277364027256591,-2.88974161762549,0.00385558585923828,0.0113167838306414,"ABL1","Ex_L2_3"
"ANAPC4",8.34615566232341,-1.09345024495001,0.378603593864029,-2.88811374923903,0.0038755969083781,0.0113721218721345,"ANAPC4","Ex_L2_3"
"GOLGA8A",48.9933181838946,0.622369038843706,0.215507361794465,2.88792472638255,0.00387792663059622,0.0113721645429783,"GOLGA8A","Ex_L2_3"
"TSHZ2",2.69674060414651,-2.05604822950699,0.711939661200022,-2.88795292854086,0.00387757895595556,0.0113721645429783,"TSHZ2","Ex_L2_3"
"DESI1",4.4990154207565,-1.42289765869665,0.492857165302458,-2.88703859631106,0.003888865226707,0.011400839148663,"DESI1","Ex_L2_3"
"RTF1",41.0546840231235,0.573519488494253,0.198690913876458,2.88649076751872,0.00389564176496448,0.0114146811175221,"RTF1","Ex_L2_3"
"DCAF15",8.59149836789679,1.08336605439426,0.375325712820149,2.88646905178435,0.00389591060535948,0.0114146811175221,"DCAF15","Ex_L2_3"
"SLC38A6",17.5066704031498,-0.893541869956261,0.309615735681482,-2.88597046913499,0.00390208768643617,0.0114293707309329,"SLC38A6","Ex_L2_3"
"AAK1",78.1684662151765,0.621969731595147,0.215551536438969,2.88548039077073,0.00390816807375393,0.0114437684520294,"AAK1","Ex_L2_3"
"FAM117B",10.8267089425061,-0.893531286032954,0.309674877323818,-2.88538512957451,0.00390935097499071,0.0114438212092696,"FAM117B","Ex_L2_3"
"RPH3A",7.65205350500468,-1.06623472698481,0.369606770926402,-2.88478136997421,0.00391685569521245,0.011462374247771,"RPH3A","Ex_L2_3"
"SSBP2",74.6527845056498,0.616578126377507,0.213808013267056,2.88379334785443,0.00392916502195274,0.011491866763945,"SSBP2","Ex_L2_3"
"IGF2R",16.023999223411,0.740955232350431,0.256938473709486,2.88378467285601,0.00392927325530246,0.011491866763945,"IGF2R","Ex_L2_3"
"CYP1B1",4.45308565422541,-1.91398747830634,0.663879190159776,-2.88303580934011,0.00393862663978157,0.0115157940801232,"CYP1B1","Ex_L2_3"
"TOP3B",4.3293551426688,-1.64097286582896,0.569286277892753,-2.88250908120097,0.00394521763790052,0.0115316328696027,"TOP3B","Ex_L2_3"
"SPTBN4",70.9547011290481,-0.52793417931341,0.18323584778429,-2.8811730111616,0.0039619809561276,0.0115750590669417,"SPTBN4","Ex_L2_3"
"ZNF283",4.05551127584345,-1.6123556256491,0.559624729222313,-2.88113720044096,0.00396243115249642,0.0115750590669417,"ZNF283","Ex_L2_3"
"GOLPH3L",5.52587705166856,-1.62392031318016,0.563707260005367,-2.88078658622332,0.00396684137213682,0.0115844975148253,"GOLPH3L","Ex_L2_3"
"RPS10",9.9739672011662,-1.17718260354159,0.4086887790868,-2.88038885278907,0.00397184967900874,0.0115956764477212,"RPS10","Ex_L2_3"
"FAM193A",28.1472058387683,0.562355221775572,0.195280756498712,2.87972676805602,0.00398019946432741,0.0116166011698017,"FAM193A","Ex_L2_3"
"STAMBPL1",7.86711898401739,-1.40629870433945,0.488449948525922,-2.87910503130049,0.00398805491452582,0.0116360711257207,"STAMBPL1","Ex_L2_3"
"CASP8AP2",5.47102565198535,-1.32301140445667,0.459789455392032,-2.87742876427782,0.00400930421386386,0.0116945975644295,"CASP8AP2","Ex_L2_3"
"CNTN3",125.065752883704,0.595413236191676,0.206954519757743,2.87702456022054,0.00401444348828669,0.0117048505743426,"CNTN3","Ex_L2_3"
"TMEM233",4.57268326836446,-1.42479383972254,0.49524199140534,-2.87696492714487,0.00401520220231418,0.0117048505743426,"TMEM233","Ex_L2_3"
"ZNF644",30.7049880158874,0.535763868493709,0.186327538863874,2.87538745888296,0.00403531972337105,0.0117600062184507,"ZNF644","Ex_L2_3"
"FLVCR1",12.4334838282684,0.828773583804809,0.28824604004102,2.87522972973667,0.00403733627350442,0.0117623936983711,"FLVCR1","Ex_L2_3"
"PIP4K2A",38.8984912013844,1.64355238547263,0.571759861299023,2.87455013322993,0.00404603530744085,0.0117842427691369,"PIP4K2A","Ex_L2_3"
"TMEM208",6.7799588972243,1.18901116256796,0.413739302494082,2.87381729364463,0.00405543493090702,0.0118081187792622,"TMEM208","Ex_L2_3"
"RNF11",14.6650958429829,-0.779214957031641,0.271214916547005,-2.87305346974377,0.00406525306058482,0.0118331988347216,"RNF11","Ex_L2_3"
"CNOT8",4.03561759842198,-1.534867549374,0.534323305964317,-2.87254464149557,0.00407180546486749,0.0118487609262021,"CNOT8","Ex_L2_3"
"BTBD6",2.33138334637958,-2.12952893429782,0.741434509985858,-2.87217401620332,0.00407658420141111,0.0118591540404687,"BTBD6","Ex_L2_3"
"FREM1",3.01341913473576,-1.98188521910593,0.690056426553786,-2.87206254857109,0.00407802242853608,0.0118598260325454,"FREM1","Ex_L2_3"
"CNP",11.6630292643777,1.74849226123108,0.608844108625363,2.87182258391034,0.00408112016997693,0.0118653224474263,"CNP","Ex_L2_3"
"ASB6",6.65856478784655,-1.93347023448625,0.673329235233556,-2.87150792407757,0.00408518539936361,0.0118714995886117,"ASB6","Ex_L2_3"
"SPECC1",38.8926964825381,0.495472324291011,0.172555419652028,2.87138083109862,0.00408682841142772,0.0118714995886117,"SPECC1","Ex_L2_3"
"TBKBP1",4.30438361690524,-1.53574845425034,0.534847262676604,-2.87137760893605,0.00408687007417394,0.0118714995886117,"TBKBP1","Ex_L2_3"
"RGMA",1.67646988753623,-2.72479796031001,0.949085891218558,-2.87097088421741,0.00409213214430214,0.011883271116058,"RGMA","Ex_L2_3"
"EPB41L4A",4.29856443419664,-1.44235337750491,0.502561434740894,-2.8700040986005,0.00410466478481341,0.0119126224065013,"EPB41L4A","Ex_L2_3"
"ARSG",6.83278765129485,0.991546789967551,0.345484836472624,2.87001536765311,0.00410451850135239,0.0119126224065013,"ARSG","Ex_L2_3"
"ZCWPW2",4.546983398343,-1.49815782812175,0.522153778220196,-2.86918890681658,0.00411525933999192,0.0119398428104196,"ZCWPW2","Ex_L2_3"
"FUT8",28.2767324523138,-0.59314018532218,0.206740587952163,-2.86900695793429,0.00411762740451761,0.011940431463499,"FUT8","Ex_L2_3"
"DLGAP4",14.4510847591555,-0.806182028539289,0.280998887464625,-2.86898654942461,0.00411789309836467,0.011940431463499,"DLGAP4","Ex_L2_3"
"POLK",17.3757049512004,-0.734806839487272,0.256175572896791,-2.86837199651082,0.00412590111732379,0.01196012173992,"POLK","Ex_L2_3"
"SLC6A7",14.5604388040493,-1.36582557176764,0.476261309456245,-2.86780711481062,0.00413327434990007,0.0119779608299169,"SLC6A7","Ex_L2_3"
"ZNF704",13.9972912747464,-1.17249024609649,0.409105621748361,-2.86598419519565,0.00415714999670635,0.0120435982210685,"ZNF704","Ex_L2_3"
"ANKRD23",4.81049749799007,-1.86349622168891,0.650345332118323,-2.86539493659327,0.00416489451710717,0.0120624775165274,"ANKRD23","Ex_L2_3"
"ADGRA1",3.83466312738759,-1.51250567250889,0.527937546395889,-2.86493295056286,0.00417097546844086,0.0120765290309351,"ADGRA1","Ex_L2_3"
"DMPK",6.650771603246,-1.12847945455803,0.393923439475825,-2.86471771281151,0.00417381131303077,0.0120811792396035,"DMPK","Ex_L2_3"
"TMSB15B-AS1",10.148444985015,0.832794490603522,0.290722748728969,2.86456596274104,0.00417581173295207,0.0120834092679002,"TMSB15B-AS1","Ex_L2_3"
"ENSG00000235837",5.63430881485889,1.16105808302948,0.405458081627989,2.86357119425913,0.00418894665596306,0.0121178480412783,"ENSG00000235837","Ex_L2_3"
"SFPQ",51.950149631844,0.576493774875092,0.201372354943699,2.86282481543344,0.0041988264403418,0.012142852796561,"SFPQ","Ex_L2_3"
"ATP6V0E2",12.5020006365211,-0.931542055700088,0.32546321782819,-2.86220379038913,0.00420706302772736,0.012163092167273,"ATP6V0E2","Ex_L2_3"
"ZNF717",8.22512673541459,-1.05606541215529,0.369006197079827,-2.86191782282406,0.00421086071032134,0.012170490031832,"ZNF717","Ex_L2_3"
"AMDHD2",10.017765950095,-0.946435221023258,0.330734941176282,-2.8616124370083,0.00421491970283234,0.0121786385766544,"AMDHD2","Ex_L2_3"
"SMAD3",19.4567574472348,-0.695617335112119,0.243126804057041,-2.86112976234787,0.00422134234302356,0.0121936098729384,"SMAD3","Ex_L2_3"
"AATK",39.9541416883734,0.576197183568105,0.20143522461837,2.86045891258464,0.00423028365090118,0.0122158455574524,"AATK","Ex_L2_3"
"SAP130",7.90300471972434,0.970738852568918,0.339422615622912,2.85997104461472,0.00423679690161035,0.012227465558584,"SAP130","Ex_L2_3"
"WDR89",1.63919026809107,-2.71428959431008,0.949034467914871,-2.8600537557647,0.00423569203169743,0.012227465558584,"WDR89","Ex_L2_3"
"ADCY9",22.4774967218193,-0.738731182370828,0.258318739303824,-2.85976613373744,0.00423953526277353,0.0122317751604955,"ADCY9","Ex_L2_3"
"C1QTNF7-AS1",9.24300006569174,-0.975058493648929,0.340995620118863,-2.85944579965293,0.00424381931781628,0.0122405405103427,"C1QTNF7-AS1","Ex_L2_3"
"NPDC1",39.2275095974682,-0.571780516039167,0.200075381522139,-2.85782544403594,0.00426554970351035,0.0122996067764267,"NPDC1","Ex_L2_3"
"RAB27A",2.17441993477042,-2.15148024688511,0.752972481939153,-2.8573159026268,0.00427240392522928,0.0123157559159191,"RAB27A","Ex_L2_3"
"THSD7A",24.2714928404455,0.817974134660701,0.286429983966292,2.85575596288468,0.00429344997910874,0.012372793368954,"THSD7A","Ex_L2_3"
"ZNRF2",19.3283827063281,0.675042406350226,0.236403369729025,2.85546863026524,0.00429733678757519,0.0123803626396301,"ZNRF2","Ex_L2_3"
"CEP290",28.642434440406,-0.620039741893308,0.217155662345184,-2.8552778002524,0.00429991994796259,0.0123841728433845,"CEP290","Ex_L2_3"
"BIRC2",5.73699964554685,-1.25568785064722,0.439825893827835,-2.85496572227452,0.00430414740917306,0.0123927151663881,"BIRC2","Ex_L2_3"
"PSME2",5.06563726524036,-1.55369323563362,0.54430024709361,-2.85447828460458,0.00431075786284315,0.012407607994083,"PSME2","Ex_L2_3"
"SPPL2B",18.3696378993537,0.682203020879356,0.239000654884346,2.85439812376028,0.00431184585624995,0.012407607994083,"SPPL2B","Ex_L2_3"
"ENSG00000283913",1.7311421718042,-2.77795139449634,0.973367265386695,-2.85396015798079,0.00431779460080818,0.0124210876012707,"ENSG00000283913","Ex_L2_3"
"PRXL2A",9.35910567390688,-0.946550654426035,0.331702061158062,-2.85361704151421,0.00432246023577805,0.0124308692494975,"PRXL2A","Ex_L2_3"
"PKN2",40.8950764714336,0.485302706973125,0.170079845055515,2.85338163857522,0.00432566384514668,0.0124364417953529,"PKN2","Ex_L2_3"
"GRAMD4",6.93297869188155,-1.10540055319296,0.387426839289038,-2.85318527549993,0.00432833780585944,0.0124404887667534,"GRAMD4","Ex_L2_3"
"ENSG00000259959",2.1022867006646,-2.30042701960701,0.807271660916395,-2.84963182901233,0.00437698627230956,0.0125766344367268,"ENSG00000259959","Ex_L2_3"
"PPM1L",65.2997975175084,0.649039694978884,0.22791440451608,2.84773442186316,0.00440316521870151,0.0126481564644806,"PPM1L","Ex_L2_3"
"SLC35E2B",17.2223058552531,-0.912390681846471,0.320747689152983,-2.84457445120142,0.00444707917082443,0.0127700821118157,"SLC35E2B","Ex_L2_3"
"ZNF790-AS1",6.20386962622625,1.01508062403652,0.356858138837201,2.84449340946543,0.0044482106053169,0.0127700821118157,"ZNF790-AS1","Ex_L2_3"
"PDHX",21.3128684708236,0.826507663603259,0.290669250308741,2.84346439372367,0.00446259953296593,0.01280390707122,"PDHX","Ex_L2_3"
"PANX2",3.56866601890708,-1.60147344713907,0.563197685912816,-2.84353698034722,0.00446158315913373,0.01280390707122,"PANX2","Ex_L2_3"
"ENSG00000286685",8.1788238052019,-1.40899586749117,0.495562437989058,-2.84322571583256,0.00446594303249247,0.0128097589346587,"ENSG00000286685","Ex_L2_3"
"LINC01409",7.1108110832911,-1.26526084292466,0.445105832371305,-2.84260674856578,0.00447462436298285,0.0128309135265451,"LINC01409","Ex_L2_3"
"PDK2",5.86647338739971,-1.59322594532699,0.560543014390387,-2.84229025146213,0.00447906930146759,0.012839911531257,"PDK2","Ex_L2_3"
"EMC9",2.10842836272217,-2.25548719551084,0.793738622171716,-2.84159940376807,0.00448878558285682,0.0128640109585722,"EMC9","Ex_L2_3"
"ENSG00000228434",2.96869492196151,-1.76251575631144,0.620318920286381,-2.841305816527,0.00449292045763179,0.0128721057380504,"ENSG00000228434","Ex_L2_3"
"FIGN",15.2353747778923,-1.82624044742063,0.643018675222622,-2.84010483332908,0.00450987102883554,0.0129169017455628,"FIGN","Ex_L2_3"
"NIPA2",5.87885389504245,1.08141234613607,0.380823750904425,2.83966623291695,0.00451607582494463,0.0129309032073028,"NIPA2","Ex_L2_3"
"ENSG00000286503",2.1023717218509,-2.29338294800482,0.807879810735813,-2.83876749675922,0.00452881423941392,0.0129635988018655,"ENSG00000286503","Ex_L2_3"
"ACAD8",4.37072322338972,-1.4158936583118,0.498977174342435,-2.83759204051307,0.00454552392455347,0.0130076396838955,"ACAD8","Ex_L2_3"
"ZNF444",6.29108726252982,-1.39752306726506,0.492764503338911,-2.83608713248543,0.0045669984411326,0.0130652861635663,"ZNF444","Ex_L2_3"
"POLR2A",4.72920827835032,1.1793334011565,0.416013097128933,2.83484680962098,0.0045847664507152,0.0131122985769508,"POLR2A","Ex_L2_3"
"IMMP1L",15.2958314490924,-0.789185396891502,0.278412266773299,-2.83459276431275,0.00458841344432976,0.013117785541339,"IMMP1L","Ex_L2_3"
"SEC14L5",15.1423740914304,-0.960924911526948,0.339007126942915,-2.8345271681818,0.00458935554820665,0.013117785541339,"SEC14L5","Ex_L2_3"
"PATJ",39.9544848449309,-0.902399387834512,0.31843313056289,-2.83387405776325,0.0045987452020139,0.0131408007168658,"PATJ","Ex_L2_3"
"PLEKHA6",23.0350064943274,-0.76471529972185,0.269859233674858,-2.83375628585391,0.0046004402384207,0.0131418217220835,"PLEKHA6","Ex_L2_3"
"CDK6",25.5581624713496,-0.647731640450537,0.228609658722551,-2.83335202926245,0.00460626282106739,0.013154629637839,"CDK6","Ex_L2_3"
"MAP1S",4.15322786748023,-1.41825895950205,0.500776741069593,-2.83211827384962,0.00462407411686632,0.0132016576937212,"MAP1S","Ex_L2_3"
"RTKN2",2.76428413778079,-1.85907465685526,0.656693304986893,-2.83096331687494,0.0046408043219004,0.01324557282346,"RTKN2","Ex_L2_3"
"MAD2L1-DT",8.07873729951053,-1.20267071142725,0.424845924087961,-2.83083970738118,0.00464259811839149,0.0132468440067029,"MAD2L1-DT","Ex_L2_3"
"ARMH3",21.8770339787983,0.882217260465779,0.31166774983126,2.83063377889891,0.00464558790596831,0.0132515260128434,"ARMH3","Ex_L2_3"
"FAM66C",13.4001113592464,0.754289928456498,0.266522890181134,2.83011312065492,0.00465315489818281,0.013269257973802,"FAM66C","Ex_L2_3"
"CCDC90B",6.48946246040934,1.07198412304778,0.37882855781305,2.82973419225907,0.00465866907289152,0.0132811273859798,"CCDC90B","Ex_L2_3"
"NSUN4",5.99019573162869,1.02610567602911,0.362735053684682,2.82880208462311,0.00467225831011184,0.0133160039566402,"NSUN4","Ex_L2_3"
"BIRC6",99.1243336291053,0.371964021727673,0.131505207590538,2.82851172621118,0.00467649878298944,0.0133242239106985,"BIRC6","Ex_L2_3"
"PPIE",3.89315626569536,-2.48655834702007,0.879229437718174,-2.82811088931841,0.00468235843876657,0.0133370511169738,"PPIE","Ex_L2_3"
"STK4",22.2541226409352,0.815788774802382,0.288600165423377,2.8267093111524,0.00470289977842994,0.0133916775139988,"STK4","Ex_L2_3"
"EXOSC8",2.49560882892294,-2.08741946430178,0.738617337718953,-2.82611760881255,0.00471159615045471,0.0134125530518885,"EXOSC8","Ex_L2_3"
"IQCB1",21.7594846683943,-0.924826164071767,0.32733908452737,-2.82528487365657,0.00472385969187382,0.0134361689334229,"IQCB1","Ex_L2_3"
"C4orf50",7.085680884224,-1.10558847511733,0.391320563182833,-2.82527569245262,0.00472399506270792,0.0134361689334229,"C4orf50","Ex_L2_3"
"ENSG00000255087",6.69028522291273,1.14769761413495,0.406205609975916,2.82541054566675,0.00472200709340574,0.0134361689334229,"LOC101929473","Ex_L2_3"
"GHITM",8.55087135882699,-0.99521065690398,0.352307294322011,-2.82483693339131,0.00473046837254763,0.0134506863362975,"GHITM","Ex_L2_3"
"RTL8C",10.3063257022277,-0.967372142218558,0.342578108142806,-2.82380023482207,0.00474579539919695,0.0134903628477173,"RTL8C","Ex_L2_3"
"MRPS28",11.0044597091581,-0.854109038979393,0.302512882505285,-2.82338071656989,0.00475201051368231,0.0135041224432788,"MRPS28","Ex_L2_3"
"SYNPO",11.7341435951452,-0.873543821204925,0.309432516945065,-2.82305114481556,0.00475689824709278,0.0135141030594099,"SYNPO","Ex_L2_3"
"MYL5",4.4992246167815,1.18293988380072,0.419100110571138,2.82257115653976,0.00476402488082933,0.0135304366664549,"MYL5","Ex_L2_3"
"LIN7A",48.694111079016,0.63950195637717,0.2265771772717,2.82244647972779,0.00476587760211325,0.0135317865789481,"LIN7A","Ex_L2_3"
"MMGT1",1.68692002687085,-2.71116304471229,0.960839459306233,-2.82166080759201,0.00477756785044069,0.0135610593940276,"MMGT1","Ex_L2_3"
"HECW2",77.7143870053931,-0.454383584021953,0.161066735242947,-2.82108893147042,0.00478609327703462,0.0135813345908689,"HECW2","Ex_L2_3"
"ENSG00000251031",4.76205273825432,-1.32009902644116,0.467979275410784,-2.82084933201881,0.00478966927332635,0.0135851526200052,"ENSG00000251031","Ex_L2_3"
"ZNF76",10.5724630602366,0.857400169673256,0.303964909852483,2.82072088547774,0.00479158731965778,0.0135851526200052,"ZNF76","Ex_L2_3"
"STOML1",3.94067899771585,-1.46688446739564,0.520038360478089,-2.82072358286624,0.0047915470333743,0.0135851526200052,"STOML1","Ex_L2_3"
"STXBP6",27.7730359947041,1.48739134042416,0.527529439959395,2.81954186393587,0.00480922572658852,0.0136312272181205,"STXBP6","Ex_L2_3"
"ENSG00000229855",1.87386223216526,-2.44027508048662,0.865910055787335,-2.81816230701673,0.00482993876365039,0.0136859874283535,"LOC102467226","Ex_L2_3"
"TATDN2",4.36318512786079,-1.41661641808596,0.502726730852828,-2.81786571341215,0.00483440242812144,0.0136946855403302,"TATDN2","Ex_L2_3"
"SLC16A4-AS1",2.5039944778072,-1.94123824083283,0.689019044880359,-2.81739417111454,0.00484150671418285,0.0137108567195539,"SLC16A4-AS1","Ex_L2_3"
"TAX1BP1",38.4836903349338,0.478944655748609,0.170040057643285,2.81665780632321,0.00485261972680291,0.0137383677798593,"TAX1BP1","Ex_L2_3"
"NAA50",17.9493846797419,0.672564747196344,0.238822834223471,2.81616600599846,0.00486005468899483,0.0137554529716754,"NAA50","Ex_L2_3"
"ENSG00000290888",1.84098195982933,-2.42537982626904,0.861416191234975,-2.81557260119743,0.00486903941100195,0.0137769133564756,"ENSG00000290888","Ex_L2_3"
"SMG5",8.7186549955139,-0.969497791387548,0.344426321356003,-2.81481911013841,0.00488046964683453,0.0138052789549388,"SMG5","Ex_L2_3"
"HIF3A",1.95984409897079,-2.34390894328051,0.832908837865078,-2.81412423151667,0.00489103225865286,0.0138311747003471,"HIF3A","Ex_L2_3"
"ZMYM5",12.3404393626732,-0.878064224496053,0.312312273312871,-2.81149445451482,0.00493119407774127,0.0139407339912893,"ZMYM5","Ex_L2_3"
"PPM1E",55.2758224127568,-0.667069098702552,0.237356984916283,-2.81040433226699,0.00494792963889564,0.013984022086453,"PPM1E","Ex_L2_3"
"HBS1L",27.0005317291615,0.75958161748439,0.270291448911345,2.81023177219909,0.0049505834858657,0.0139874984656729,"HBS1L","Ex_L2_3"
"ST7-AS2",4.44761285649773,1.21045738421443,0.430961521050188,2.80873656948473,0.0049736325624652,0.0140485814530357,"ST7-AS2","Ex_L2_3"
"SMG1",29.0349683499613,0.594395893772149,0.211742379571316,2.80716545726715,0.00499795633036156,0.0141132287983535,"SMG1","Ex_L2_3"
"ARID3A",10.2403550444384,-0.971668698167258,0.346176442709856,-2.80685967699325,0.00500270286918187,0.0141225726973686,"ARID3A","Ex_L2_3"
"SEPTIN4",3.96151293787005,-1.46304100918318,0.521288277589736,-2.80658720343337,0.00500693583131186,0.0141304618232714,"SEPTIN4","Ex_L2_3"
"SLC1A1",10.7573787755119,-0.857844009712151,0.305693020927099,-2.80622700220797,0.00501253664061603,0.0141422056167179,"SLC1A1","Ex_L2_3"
"OSBPL7",3.56576523415239,-1.53412355199126,0.546784128388803,-2.80572070830188,0.00502041863861826,0.0141603768894016,"OSBPL7","Ex_L2_3"
"MTG2",4.39184862513682,-1.69313790073505,0.60348894590561,-2.80558229313428,0.0050225754396299,0.0141623941213904,"MTG2","Ex_L2_3"
"RABGAP1L-AS1",6.54770548597555,1.0281342565564,0.366633844726526,2.80425353890415,0.00504332290333155,0.0142168161269237,"RABGAP1L-AS1","Ex_L2_3"
"ENSG00000287564",2.92073528172387,-3.21353645248944,1.14601384472627,-2.80409915401764,0.00504573852074134,0.014218961791477,"ENSG00000287564","Ex_L2_3"
"NDUFAF5",12.2309506981101,0.819217784755943,0.2921633722347,2.80397155362052,0.00504773583818567,0.014218961791477,"NDUFAF5","Ex_L2_3"
"ATP6AP1",9.53413145308879,-1.00175854888014,0.35726978055505,-2.80392746154969,0.00504842617352114,0.014218961791477,"ATP6AP1","Ex_L2_3"
"FBXL5",18.3886171578256,0.684924837878367,0.244348729737649,2.8030628136015,0.00506198094732602,0.0142530526874551,"FBXL5","Ex_L2_3"
"CHMP1B",7.20843632051975,-1.5777657401061,0.562915643130632,-2.80284578934673,0.00506538831950823,0.014258560129183,"CHMP1B","Ex_L2_3"
"EFCAB6",6.05538329489743,-1.23726284276152,0.441656232240864,-2.80141601644322,0.00508788823007551,0.0143177926016218,"EFCAB6","Ex_L2_3"
"PRKAA1",11.4466006265878,0.925192711664177,0.330340639499783,2.80072325665152,0.0050988224416238,0.0143432933510757,"PRKAA1","Ex_L2_3"
"CCZ1",10.6112585608001,0.83662120708715,0.298733054314899,2.80056456760642,0.00510133010674454,0.0143432933510757,"CCZ1","Ex_L2_3"
"NDRG3",10.853947768571,-0.861807049092738,0.307722632412546,-2.80059689576996,0.00510081915431353,0.0143432933510757,"NDRG3","Ex_L2_3"
"CDKN1B",2.59495712964802,-1.87471632342118,0.669458897126511,-2.8003456694174,0.0051047910492659,0.0143489176732441,"CDKN1B","Ex_L2_3"
"NIPBL",51.9378187503616,0.491539519722572,0.175563381399943,2.79978384901815,0.00511368356179646,0.0143698018624395,"NIPBL","Ex_L2_3"
"APC",32.2151802325052,-0.596839090017876,0.213185514129281,-2.79962310035727,0.00511623047193537,0.0143728476283366,"APC","Ex_L2_3"
"FHIP2B",6.0898123181171,-1.24429109896786,0.444511935399984,-2.79922989660157,0.00512246524555866,0.0143862488771779,"FHIP2B","Ex_L2_3"
"ZC3H15",20.3680026048365,0.608870363973684,0.217553392121187,2.79871694041211,0.00513060917718672,0.014405002731261,"ZC3H15","Ex_L2_3"
"C16orf87",14.8188607463385,-1.0374369100571,0.370770993060255,-2.79805305559194,0.00514116669447236,0.014430520458999,"C16orf87","Ex_L2_3"
"SPART",19.4717194514922,-0.892568087011467,0.319023133307983,-2.79781618892755,0.00514493824792646,0.0144369818188031,"SPART","Ex_L2_3"
"EPIC1",79.5974842342617,0.823099314033394,0.294272176573343,2.79706808716334,0.00515686646249331,0.0144663209958693,"EPIC1","Ex_L2_3"
"MAP3K5",68.5698204730745,-0.757559838690084,0.270888797344175,-2.79657130939812,0.00516480120798063,0.0144844439244081,"MAP3K5","Ex_L2_3"
"SYAP1",7.17560704664214,1.02379221623463,0.366129161269972,2.79625969339195,0.00516978410038778,0.0144942805371603,"SYAP1","Ex_L2_3"
"ZNF451-AS1",8.48323111773225,1.29281805246955,0.462590662283618,2.79473443343504,0.00519423647983838,0.0145586816484828,"ZNF451-AS1","Ex_L2_3"
"LINC02762",6.7962933771154,1.13693467498762,0.406909608726382,2.79407182972701,0.00520489160941993,0.0145811415734102,"LINC02762","Ex_L2_3"
"HLCS",25.972252287361,0.608321782125823,0.217720315235819,2.79405154023837,0.00520521818993786,0.0145811415734102,"HLCS","Ex_L2_3"
"KDM3B",17.7833959071564,0.775851747852073,0.277788199190631,2.79296150848959,0.00522279062940779,0.0146261958789345,"KDM3B","Ex_L2_3"
"RIPK1",9.91967128394846,0.830198674912179,0.297264791433908,2.7927918099805,0.00522553116130689,0.0146262474590254,"RIPK1","Ex_L2_3"
"CFAP69",15.6480504939812,0.742113325813822,0.265726047616609,2.79277599042359,0.00522578670411025,0.0146262474590254,"CFAP69","Ex_L2_3"
"PLEKHA3",5.89778211230365,1.06020185078978,0.379700517689023,2.79220543928278,0.00523501070934667,0.0146478909736889,"PLEKHA3","Ex_L2_3"
"RILPL1",16.4683166693944,0.724784552879398,0.259588125294873,2.79205588489881,0.00523743096199702,0.0146504902536044,"RILPL1","Ex_L2_3"
"MCPH1-AS1",8.07969774607684,-1.91066904865175,0.684441758318559,-2.79157287735573,0.00524525442436591,0.0146681979689641,"MCPH1-AS1","Ex_L2_3"
"JKAMP",3.85033500829785,-1.79165817076184,0.642042383463199,-2.7905605874453,0.0052616851396524,0.0147099586829667,"JKAMP","Ex_L2_3"
"PUS7",6.76673737750075,-1.10518182716448,0.396069536425822,-2.79037321864682,0.005264731461002,0.0147142878727976,"PUS7","Ex_L2_3"
"TTL",19.2626869160458,0.766326719089974,0.274693274935064,2.78975420592707,0.00527480696184147,0.0147382547193204,"TTL","Ex_L2_3"
"COA3",2.14889371252459,-2.27708528533423,0.816301677715035,-2.7895144007399,0.0052787148837989,0.0147449801019165,"COA3","Ex_L2_3"
"C1orf131",2.91758357779816,-1.71789318620141,0.615985406879435,-2.78885370824645,0.00528949521666596,0.0147708928392628,"C1orf131","Ex_L2_3"
"ENSG00000287722",5.7037658091367,-1.17439243017833,0.421139421846897,-2.78860721475103,0.0052935222722171,0.0147741753728656,"ENSG00000287722","Ex_L2_3"
"GAS7",32.1473798849268,-0.535191234758375,0.191921281066285,-2.78859765725268,0.00529367847236226,0.0147741753728656,"GAS7","Ex_L2_3"
"ENSG00000287042",30.278076975516,-0.840864292405994,0.301590086207726,-2.78810322639993,0.00530176473726847,0.0147883409366625,"ENSG00000287042","Ex_L2_3"
"TPMT",5.47022717384358,1.12207874711321,0.402442144903226,2.78817405513788,0.00530060567077942,0.0147883409366625,"TPMT","Ex_L2_3"
"SLAIN2",10.7223541205715,-0.861534077633379,0.309073831310037,-2.7874701458279,0.00531213486310492,0.0148130607139207,"SLAIN2","Ex_L2_3"
"TFE3",2.51028198801873,-1.94766604338911,0.698755567442281,-2.78733527736793,0.00531434643084138,0.0148150225132196,"TFE3","Ex_L2_3"
"THOC3",5.57063496339355,1.63207074786774,0.585582126842487,2.78709112361064,0.00531835217003556,0.0148207168250602,"THOC3","Ex_L2_3"
"ARHGAP18",8.78127678445939,-1.00833624595021,0.36179638082487,-2.78702690074255,0.00531940630345706,0.0148207168250602,"ARHGAP18","Ex_L2_3"
"UBE2F",5.43332614420591,1.14571881562502,0.411259642860643,2.78587708644499,0.00533831094340088,0.0148654836813087,"UBE2F","Ex_L2_3"
"SGSM3",14.295750184915,-0.784523461879972,0.281608511315629,-2.78586559125932,0.00533850024711494,0.0148654836813087,"SGSM3","Ex_L2_3"
"CD46",17.2270751604231,0.695778711890207,0.249813917314903,2.78518794856871,0.00534967044387266,0.0148923668009649,"CD46","Ex_L2_3"
"RRAGA",4.66704265876279,-1.59422138336305,0.572422940582764,-2.78504104279964,0.00535209480643975,0.0148948950080635,"RRAGA","Ex_L2_3"
"MCRIP2",2.05032572266918,-2.21067352289895,0.793869962934305,-2.78467964038827,0.00535806319622589,0.0149049624907102,"MCRIP2","Ex_L2_3"
"MINK1",15.1609751937858,0.74046423452656,0.265910384455217,2.78463827594993,0.00535874669352488,0.0149049624907102,"MINK1","Ex_L2_3"
"ENSG00000260664",8.797448402556,-1.02075798411092,0.366582005665328,-2.78452834109599,0.0053605636166924,0.0149057959157617,"ENSG00000260664","Ex_L2_3"
"PGAP2",5.71390146692143,-1.18576925365655,0.425860002584438,-2.78441094834079,0.00536250441278353,0.0149069732176529,"PGAP2","Ex_L2_3"
"RAPGEF3",2.7035020516716,-1.93691932389239,0.69576845871433,-2.78385618036136,0.00537168470332119,0.0149282688897956,"RAPGEF3","Ex_L2_3"
"RPL34-DT",1.81422257508126,-2.39258239572967,0.859590603540149,-2.78339756841922,0.0053792845177451,0.0149409361329737,"RPL34-DT","Ex_L2_3"
"GAN",11.9347793910925,0.833672505340881,0.29951231363718,2.78343315911468,0.00537869438492934,0.0149409361329737,"GAN","Ex_L2_3"
"HOMER2",6.74466809666966,1.07458369285445,0.386086476038897,2.78327203759965,0.00538136642337327,0.0149424939918652,"HOMER2","Ex_L2_3"
"ZNF438",16.024749835977,-0.888713246191813,0.319437391682628,-2.78212028188227,0.00540050206843198,0.0149913908788572,"ZNF438","Ex_L2_3"
"FASTKD1",12.845547203311,-0.94241655393252,0.338864634544968,-2.78110035058102,0.00541749880766774,0.0150343243747254,"FASTKD1","Ex_L2_3"
"OXA1L",5.84130275394326,1.07578604954386,0.386847400990965,2.78090545984819,0.0054207520727595,0.0150391043103048,"OXA1L","Ex_L2_3"
"CCDC124",4.38153570850144,-1.39881085377684,0.50309342831661,-2.78041964980019,0.00542886926483963,0.0150573720095383,"CCDC124","Ex_L2_3"
"ABLIM2",30.8143194931874,-0.630764381531569,0.22692945490414,-2.77956152407813,0.00544323413480239,0.0150929529044027,"ABLIM2","Ex_L2_3"
"DISP1",8.23659262308954,-1.08042924431928,0.388839716168591,-2.77859796567395,0.00545940481755258,0.0151335194491074,"DISP1","Ex_L2_3"
"NDUFB8",31.5499328228378,0.688958967147867,0.247974696134092,2.77834383059518,0.00546367699796178,0.0151410896552825,"NDUFB8","Ex_L2_3"
"PRKCI",44.286889087021,0.68584463314623,0.247010958020779,2.77657573834654,0.00549348343903116,0.0152181559365735,"PRKCI","Ex_L2_3"
"TM7SF2",3.81770298473055,-1.49798118563998,0.539537156949413,-2.77641894788061,0.00549613367904752,0.0152181559365735,"TM7SF2","Ex_L2_3"
"IPO8",12.454612848492,-0.815152137923768,0.293593704628363,-2.77646327245199,0.00549538434079298,0.0152181559365735,"IPO8","Ex_L2_3"
"CLDND2",2.92500350362981,-1.79374942015371,0.646667120453298,-2.77383736302588,0.00553993662799831,0.0153351190288688,"CLDND2","Ex_L2_3"
"PAK6",5.10138305734189,-1.28279341069653,0.462505728312775,-2.77357302227622,0.00554443955400088,0.0153423338010027,"PAK6","Ex_L2_3"
"RAB8A",2.46274253215967,-2.06137413837558,0.743239001975143,-2.77350103115891,0.00554566646247563,0.0153423338010027,"RAB8A","Ex_L2_3"
"NMT2",18.3792662901009,0.711175561832146,0.256566666927093,2.77189383309187,0.00557312099992258,0.0154139472700562,"NMT2","Ex_L2_3"
"CKMT2-AS1",8.14271975571857,0.932245617313486,0.336333965165558,2.77178552827573,0.00557497549166715,0.0154147366254259,"CKMT2-AS1","Ex_L2_3"
"RWDD2A",2.7298979933963,-1.91178238172927,0.690363479030151,-2.76924032020786,0.00561871742429682,0.0155313111919786,"RWDD2A","Ex_L2_3"
"ELMO2",4.81993896231309,1.30016116553216,0.469529803272443,2.76907058182576,0.00562164553095469,0.0155350339510827,"ELMO2","Ex_L2_3"
"SH3GL1",12.3899366233199,0.803387532406321,0.290349134259035,2.76697064882439,0.00565798489370565,0.0156310583790113,"SH3GL1","Ex_L2_3"
"ENSG00000291054",2.47869710227598,-1.91971061248047,0.693902559722137,-2.76654205346813,0.0056654277269837,0.0156472201264796,"ENSG00000291054","Ex_L2_3"
"ZNF483",32.4661145922747,0.668358188726196,0.241594606909747,2.76644498515596,0.00566711460658676,0.0156474800154886,"ZNF483","Ex_L2_3"
"POLL",1.81487216527619,-2.38599170878377,0.862700846752352,-2.765723156255,0.00567967296408662,0.0156777485808337,"POLL","Ex_L2_3"
"PPP1R11",5.03147135291698,-2.23090263756449,0.806663229815981,-2.76559356507847,0.00568193024345158,0.0156795737954125,"PPP1R11","Ex_L2_3"
"TMEM240",3.21874673355427,-1.63959887707105,0.592892883072199,-2.76542175472764,0.00568492416356703,0.0156834302114245,"TMEM240","Ex_L2_3"
"LINC03036",10.6479245976265,1.15134827098474,0.416643493983396,2.76338953472444,0.00572044518158502,0.0157769942346691,"LINC03036","Ex_L2_3"
"FAM107A",4.9367747440394,-1.32185855799471,0.47857669948195,-2.76206208832481,0.00574375546368036,0.0158368379666561,"FAM107A","Ex_L2_3"
"ENSG00000260585",2.47617354989431,-1.9146876594039,0.693345455996191,-2.76152045541699,0.00575329124991892,0.0158586793600459,"ENSG00000260585","Ex_L2_3"
"TMEM38B",7.12753767673483,1.54182941350031,0.55849878482884,2.76066744527086,0.00576833797536095,0.0158956948863804,"TMEM38B","Ex_L2_3"
"SYNPO2",10.321221367583,-1.64650582213195,0.596534151758378,-2.76011996509943,0.00577801397224456,0.0159178937922969,"SYNPO2","Ex_L2_3"
"FOXP2",3.73813227998592,-1.7568614418864,0.636666658671282,-2.75946826798337,0.0057895509448757,0.0159452056300698,"FOXP2","Ex_L2_3"
"USP53",12.0873620039399,0.741683314882317,0.268924908678049,2.75795692756094,0.00581638613018069,0.0160146236947576,"USP53","Ex_L2_3"
"TTC26",4.37081480128293,-1.34720848710993,0.48869577249192,-2.75674266679318,0.00583802758868022,0.0160652053308668,"TTC26","Ex_L2_3"
"COPS7A",1.86633599005304,-2.26366229749854,0.821128462606782,-2.75676998250949,0.0058375399506277,0.0160652053308668,"COPS7A","Ex_L2_3"
"PRDX3",5.22717372294702,-1.90261947046461,0.690316957613916,-2.75615345889955,0.00584855502532455,0.0160896680394255,"PRDX3","Ex_L2_3"
"FKBP3",14.4486438725628,-0.732953649435914,0.266067590214454,-2.75476486574386,0.00587343287844488,0.0161535847138417,"FKBP3","Ex_L2_3"
"TMEM30A",18.498156170241,-0.711899413497908,0.258440412452429,-2.75459788483717,0.00587643090240007,0.0161573067968593,"TMEM30A","Ex_L2_3"
"SLC28A2-AS1",3.15504444190519,-1.94309181099535,0.705761712205104,-2.75318393927079,0.00590187263820776,0.0162227187458738,"SLC28A2-AS1","Ex_L2_3"
"NBPF12",14.1480844785369,-0.819142535860272,0.297676360955265,-2.75178900075096,0.00592706961246656,0.0162874215029011,"NBPF12","Ex_L2_3"
"P2RY11",4.70213920622509,-1.28470676697021,0.466903722893064,-2.75154534859953,0.00593148066858214,0.0162949849239796,"P2RY11","Ex_L2_3"
"ENSG00000290685",1.77319461752607,-2.36953541888564,0.861481767168606,-2.75053461279104,0.00594981054476791,0.0163407712585407,"ENSG00000290685","Ex_L2_3"
"CETN2",3.38753466492461,-1.99712489986719,0.726212651193228,-2.75005523049722,0.00595852206243126,0.016360123180918,"CETN2","Ex_L2_3"
"AMT",5.38034773609199,1.08414918365016,0.394305196706883,2.74951786764324,0.00596830088676594,0.016377817852399,"AMT","Ex_L2_3"
"YAE1",3.802099322424,-1.45780242565434,0.53019012299637,-2.74958427632633,0.00596709161187381,0.016377817852399,"YAE1","Ex_L2_3"
"CABCOCO1",8.13415514907903,-1.09759571182586,0.399245312736064,-2.74917620022623,0.00597452600180147,0.0163903221004461,"CABCOCO1","Ex_L2_3"
"PRR13",3.3187175033723,-1.6897076189986,0.614864395125967,-2.74809800728895,0.0059942088520985,0.0164397285770563,"PRR13","Ex_L2_3"
"WDR17",61.9041950463354,-0.476802241201857,0.173556935080513,-2.74723819581551,0.00600994691236155,0.0164782915062908,"WDR17","Ex_L2_3"
"FAAH",14.090139689875,-0.776469491451186,0.282693060956861,-2.74668748084225,0.00602004679393023,0.0164997925257369,"FAAH","Ex_L2_3"
"PARN",19.3154976344296,-0.748675050705726,0.272579755325594,-2.74662749554324,0.00602114782214647,0.0164997925257369,"PARN","Ex_L2_3"
"DCP1B",7.87919426277433,-1.69812053222951,0.618390200881758,-2.74603402480857,0.00603205073866901,0.0165250603615963,"DCP1B","Ex_L2_3"
"R3HDM1",348.913299794674,0.914493487801387,0.333060313728829,2.74572937725012,0.00603765446098947,0.0165358007874995,"R3HDM1","Ex_L2_3"
"L3MBTL2",4.54617538595077,-1.36158990347508,0.495923187403502,-2.7455661240684,0.00604065928838449,0.0165394194116748,"L3MBTL2","Ex_L2_3"
"KLHL23",16.5383170095156,0.73948957230982,0.269355585675589,2.74540277475611,0.00604366723347564,0.016543044553264,"KLHL23","Ex_L2_3"
"PRRC2A",9.96690933165978,-0.890354876753764,0.324594958971001,-2.74297197829652,0.00608858809551406,0.0166598760846557,"PRRC2A","Ex_L2_3"
"PGK1",11.9327669295148,-0.818315483903478,0.298338458567074,-2.74290980731705,0.00608974094258944,0.0166598760846557,"PGK1","Ex_L2_3"
"PYGO2",1.54754160927277,-2.61310227762439,0.952743463721147,-2.74271341355453,0.0060933839972749,0.0166652016673799,"PYGO2","Ex_L2_3"
"PLOD2",5.22052282303719,-1.37815262953907,0.502558121412533,-2.74227511370331,0.00610152142865146,0.0166688950264383,"PLOD2","Ex_L2_3"
"VPS52",5.75349971307985,-1.31234975978702,0.478524592803679,-2.74249177476533,0.00609749769842737,0.0166688950264383,"VPS52","Ex_L2_3"
"PDE7B",23.4359697039813,0.701284264900572,0.255726297872618,2.74232361213744,0.00610062053020378,0.0166688950264383,"PDE7B","Ex_L2_3"
"COL27A1",9.84318075811072,-1.05437871150782,0.384478421299262,-2.74236121742483,0.00609992206341621,0.0166688950264383,"COL27A1","Ex_L2_3"
"CADM3",15.0912265393457,-0.975983803383697,0.355927437447239,-2.74208644993369,0.0061050271537373,0.016673835629223,"CADM3","Ex_L2_3"
"IQCG",7.25881443891612,1.1750290006425,0.428626880832519,2.74137963153465,0.00611817729526687,0.016705106656115,"IQCG","Ex_L2_3"
"DHX57",11.7426951445542,0.984206834514323,0.359243967243942,2.73966141189506,0.00615025069518795,0.0167833507859796,"DHX57","Ex_L2_3"
"UBE2G2",18.3110813059016,-0.772993985955021,0.282143607087059,-2.73971823758709,0.00614918753367538,0.0167833507859796,"UBE2G2","Ex_L2_3"
"OXNAD1",12.445559697656,0.790137777505533,0.288438910577482,2.73935917981247,0.00615590798841409,0.0167941238761955,"OXNAD1","Ex_L2_3"
"ADARB2",13.6134439104985,2.90647816576742,1.0613360501199,2.73850884970794,0.00617184993374887,0.0168329410741668,"ADARB2","Ex_L2_3"
"LRRC34",2.48260416233781,-1.92157446806268,0.701755126800597,-2.73824072625365,0.00617688440221041,0.0168419962162962,"LRRC34","Ex_L2_3"
"MBP",65.1677953904771,1.80110594411267,0.657799474808913,2.73807750399297,0.00617995098492443,0.0168456821520249,"MBP","Ex_L2_3"
"INPP5E",4.49380443521405,-1.32165865621557,0.482752128640658,-2.73775831903036,0.00618595172126237,0.0168573619166939,"INPP5E","Ex_L2_3"
"ATP5F1B",18.4822347501104,0.650307630070105,0.237571242022875,2.73731628682351,0.00619427067258026,0.0168753508284605,"ATP5F1B","Ex_L2_3"
"CNNM4",5.15021806416198,-1.35640983283085,0.495609587049189,-2.73685148204413,0.0062030290625856,0.016894526617921,"CNNM4","Ex_L2_3"
"UQCRQ",16.3288422034262,0.725905829722069,0.265270748224807,2.73647145258132,0.006210198301329,0.0169046794436842,"UQCRQ","Ex_L2_3"
"DNAJC12",4.49218585369491,-1.31874093006372,0.481900177539006,-2.7365437730244,0.00620883340492123,0.0169046794436842,"DNAJC12","Ex_L2_3"
"TRIM52",4.50117075724347,-1.7585431429899,0.642673006166091,-2.73629532611087,0.0062135234485432,0.0169090455286671,"TRIM52","Ex_L2_3"
"FAM177A1",5.85178963155559,0.999136408308917,0.365316853873759,2.7349858012688,0.00623829669002625,0.0169717603663301,"FAM177A1","Ex_L2_3"
"POLD3",7.26444677365916,-1.17224793790378,0.428629685335438,-2.73487343039808,0.00624042662914277,0.0169721168264224,"POLD3","Ex_L2_3"
"USF2",7.78303563686436,-1.18645699501778,0.433837378322352,-2.73479661804569,0.00624188294929398,0.0169721168264224,"USF2","Ex_L2_3"
"TBC1D9",7.70707607523029,-1.06018448831609,0.388272509834259,-2.73051648381867,0.00632351707003252,0.017184573083264,"TBC1D9","Ex_L2_3"
"KIAA0319",18.4768310672043,-0.78596956333861,0.287842150258977,-2.73055757341813,0.00632272882993988,0.017184573083264,"KIAA0319","Ex_L2_3"
"ANAPC2",5.71210396841041,-1.15316911384687,0.422507732596954,-2.72934439982647,0.00634603895589368,0.0172410084907908,"ANAPC2","Ex_L2_3"
"PCNX1",42.5751574494716,0.463779581158497,0.169956594807554,2.72881191626394,0.00635629458725451,0.0172624406929986,"PCNX1","Ex_L2_3"
"RAI1",11.3718613203567,0.756519604877818,0.277240107283381,2.72875238828465,0.00635744202231972,0.0172624406929986,"RAI1","Ex_L2_3"
"VIPAS39",3.42653368508942,-1.58216358334341,0.57985816738377,-2.72853548046394,0.00636162461901921,0.0172690246635106,"VIPAS39","Ex_L2_3"
"MSL1",15.6516035812716,-0.7403746414676,0.271458553275485,-2.72739478102295,0.00638366131399476,0.0173240576653825,"MSL1","Ex_L2_3"
"MED17",8.07004202234023,0.930633119591872,0.341333600326733,2.72646208489597,0.00640173069763834,0.017368296706324,"MED17","Ex_L2_3"
"GRID1",55.8976505513109,0.543546171589968,0.199405382698569,2.72583500121268,0.00641390522455476,0.0173965226190022,"GRID1","Ex_L2_3"
"RALGPS1",19.249552735282,0.689263147459473,0.252906033199754,2.72537249799441,0.00642289784526619,0.0174161050046633,"RALGPS1","Ex_L2_3"
"SLC44A2",6.86819816511432,-1.05922775585848,0.388792744122466,-2.72440206735142,0.0064418031675106,0.0174625481008896,"SLC44A2","Ex_L2_3"
"ENTPD3",4.12064323977443,-1.80646226414812,0.663135830815097,-2.72412103253069,0.0064472874526277,0.017472593637135,"ENTPD3","Ex_L2_3"
"PGAM5",1.8833804529478,-2.25975462439674,0.82994221266545,-2.72278550230538,0.00647340726024041,0.0175385418986767,"PGAM5","Ex_L2_3"
"ENSG00000259336",7.44461687966848,1.10656334949141,0.406447904366082,2.72252197047804,0.00647857254962683,0.0175476969196399,"ENSG00000259336","Ex_L2_3"
"SMARCC1",20.458138010125,0.989694973074143,0.363734846787006,2.72092427166782,0.00650996729657709,0.0176230142522935,"SMARCC1","Ex_L2_3"
"ZBTB4",15.0972140349214,-0.73483564843848,0.270062673635705,-2.72098190596202,0.00650883240903018,0.0176230142522935,"ZBTB4","Ex_L2_3"
"RAD23A",13.6672074569547,0.94255747186308,0.346439878976942,2.72069565041562,0.00651447087350122,0.0176303476201862,"RAD23A","Ex_L2_3"
"DENR",9.64503295829958,-1.04942964983962,0.385820352756669,-2.71999556877052,0.00652827911500516,0.0176628515631536,"DENR","Ex_L2_3"
"BCAR1",8.61954839014932,-0.980681523989981,0.360570635560693,-2.71980418612017,0.00653205847928056,0.0176682110408734,"BCAR1","Ex_L2_3"
"SH2B3",5.34952998062273,1.11583162998779,0.4102988238372,2.71955844170427,0.00653691424824316,0.0176764782754585,"SH2B3","Ex_L2_3"
"SFXN4",4.20777756192887,-1.56450627500712,0.575430693473962,-2.71884397678191,0.00655105011172335,0.0177098283702725,"SFXN4","Ex_L2_3"
"SLC2A3",23.8594311942539,0.582288115793027,0.21419820614411,2.71845467931356,0.00655876402297428,0.0177258040609902,"SLC2A3","Ex_L2_3"
"MEN1",3.64853662815081,-1.45842331776635,0.536735374372869,-2.71721110141174,0.006583460217338,0.0177876548886492,"MEN1","Ex_L2_3"
"JMJD1C",257.608632194871,0.943391466591071,0.347216388432543,2.71701307317282,0.00658740056615517,0.0177934075232082,"JMJD1C","Ex_L2_3"
"PTCH2",8.59433223582791,0.908104154043124,0.334336420918704,2.71613888653769,0.00660482041366304,0.017835556828979,"PTCH2","Ex_L2_3"
"NAT14",4.90277161880771,-1.28286595805697,0.472412353407782,-2.71556395340409,0.0066162996287017,0.0178616453839971,"NAT14","Ex_L2_3"
"FGF9",3.28473830560252,-1.54173440243587,0.568205747354028,-2.71333827511475,0.00666090724141965,0.0179771298735458,"FGF9","Ex_L2_3"
"SLC25A46",19.2086124884247,-0.674742377503924,0.248802547623365,-2.71195927834848,0.00668868092645738,0.018047130299785,"SLC25A46","Ex_L2_3"
"SPOCK1",72.3217156012595,-0.792969158816237,0.292451592653108,-2.71145440386375,0.00669887535726639,0.0180696736710008,"SPOCK1","Ex_L2_3"
"RPL32",59.1554392567969,0.456379870114113,0.168329077745055,2.71123608723937,0.00670328793286165,0.0180733315139019,"RPL32","Ex_L2_3"
"FBXL8",2.07850819431655,-2.06015594223878,0.759867191990738,-2.71120527896655,0.0067039108343504,0.0180733315139019,"FBXL8","Ex_L2_3"
"COX16",10.6270483701251,-1.21572577095794,0.448594461841567,-2.71007752964036,0.006726748239106,0.0181299244721474,"COX16","Ex_L2_3"
"TSNAXIP1",2.05918907517013,-2.07586855838916,0.766362256647264,-2.70873016042155,0.00675412470602123,0.0181987167065147,"TSNAXIP1","Ex_L2_3"
"CCDC117",2.00103981653585,-2.19697408555195,0.811353144267815,-2.70779019108203,0.00677328269002477,0.0182453329165899,"CCDC117","Ex_L2_3"
"KDM3A",3.43820825426692,-1.51415087568169,0.559247591707941,-2.70747858038597,0.0067796445534716,0.0182574638413665,"KDM3A","Ex_L2_3"
"CALU",14.6520208025634,0.690877088077482,0.255219726281445,2.70698937791201,0.00678964297529109,0.0182743705723999,"CALU","Ex_L2_3"
"CLTA",23.9424870455858,0.711396811742012,0.262797474330399,2.70701540627296,0.00678911066865844,0.0182743705723999,"CLTA","Ex_L2_3"
"CDS1",9.73141701785023,0.841036536688106,0.310779800418045,2.70621364566419,0.00680552472055948,0.0183120993850387,"CDS1","Ex_L2_3"
"DDX39A",3.55975397238984,-2.13835289281775,0.790297219676847,-2.70575783335303,0.00681487223448203,0.0183322302386505,"DDX39A","Ex_L2_3"
"APP",118.359760818436,0.35771057933769,0.132231123918561,2.70519200576407,0.00682649192224192,0.0183584606197932,"APP","Ex_L2_3"
"PKD2",35.0391818308909,-0.498364989266991,0.184236608759168,-2.70502693587054,0.00682988510725216,0.0183625591936632,"PKD2","Ex_L2_3"
"NEDD8",12.3045521121711,-0.778892037295764,0.287996882000626,-2.70451552074119,0.00684040740566792,0.0183858173333192,"NEDD8","Ex_L2_3"
"GNL1",12.83334029353,0.787303929062954,0.291163370480309,2.70399373301732,0.00685115812881068,0.018409261668519,"GNL1","Ex_L2_3"
"GPS1",5.50769457725019,-1.22634595804659,0.453545347935385,-2.70391034464168,0.00685287763861707,0.018409261668519,"GPS1","Ex_L2_3"
"LTN1",7.62116327072972,-0.973659104461595,0.360346071935586,-2.70201115064644,0.0068921450934912,0.0185096865496057,"LTN1","Ex_L2_3"
"MED13L",57.1418874008355,-0.513294810628197,0.189983965944353,-2.70177963743815,0.0068969456230107,0.0185175167533362,"MED13L","Ex_L2_3"
"GOSR2",11.6281561876129,0.765239270105902,0.283297348849826,2.70118754451017,0.00690923660151964,0.0185454481894341,"GOSR2","Ex_L2_3"
"CDK8",16.999579652516,-0.705544279152027,0.261314917087966,-2.69997705073423,0.00693442592650545,0.0186028946755843,"CDK8","Ex_L2_3"
"PPP1R15A",5.33081635953949,1.05919067392499,0.392287118626604,2.70003939367984,0.00693312661180461,0.0186028946755843,"PPP1R15A","Ex_L2_3"
"PI4KB",9.46032850404688,0.821014363476048,0.304174684969334,2.69915415071054,0.00695159683051175,0.0186438676666523,"PI4KB","Ex_L2_3"
"SARNP",14.8004251099421,0.761028752784483,0.282252820427182,2.69626624680911,0.0070121593913932,0.018801160988277,"SARNP","Ex_L2_3"
"NUDT2",3.10518791695829,-1.7622812301219,0.65394747891522,-2.69483603338483,0.00704232764501269,0.0188768968034392,"NUDT2","Ex_L2_3"
"PRKAR2A",21.1077127018537,0.603669308564844,0.224038509188987,2.6944890445402,0.00704966441148701,0.0188914083956488,"PRKAR2A","Ex_L2_3"
"NT5DC1",17.1194076210786,-1.02244080033191,0.379502079214348,-2.69416389614671,0.00705654560961986,0.018904691592284,"NT5DC1","Ex_L2_3"
"FBRSL1",7.6885223449586,-1.0718128673142,0.397878968536296,-2.69381634132901,0.00706390766899692,0.0189192554362666,"FBRSL1","Ex_L2_3"
"CYFIP1",12.7556135819255,0.882704070202396,0.327769804937648,2.6930609742112,0.00707993197627494,0.0189570051062755,"CYFIP1","Ex_L2_3"
"HSPBAP1",4.05639411763972,-1.36882772902147,0.508492182834194,-2.69193465549855,0.00710388624525246,0.0190159614368829,"HSPBAP1","Ex_L2_3"
"FAM185A",12.7652724356738,-0.813870851742043,0.302391452877205,-2.69144793610466,0.00711426017036165,0.0190385431527194,"FAM185A","Ex_L2_3"
"ZNF585B",6.73125625574788,-1.19859578142113,0.445522316217689,-2.69031592310962,0.00713844048698296,0.0190980499303161,"ZNF585B","Ex_L2_3"
"ITFG2",8.22586633209114,0.858078220648951,0.318961923537641,2.69022148829526,0.00714046098817727,0.0190982544916563,"ITFG2","Ex_L2_3"
"WDR48",15.0891600670692,0.717896155480154,0.266863774543081,2.69012216704692,0.00714258659207273,0.0190987399783676,"WDR48","Ex_L2_3"
"BANF1",5.65409685615459,1.01287941672178,0.376678124896654,2.68897859943335,0.00716710137928989,0.0191590759048011,"BANF1","Ex_L2_3"
"WDR6",10.1920117512646,-0.882136747170515,0.328233478161587,-2.68752825614042,0.00719830117378906,0.0192372444862088,"WDR6","Ex_L2_3"
"MITD1",4.57753926796053,-1.92720142772909,0.717154672541935,-2.68728839330876,0.00720347283593746,0.0192415905106425,"MITD1","Ex_L2_3"
"ZC3H12B",83.3261536543408,-0.627677669016605,0.23357437080375,-2.68727115417976,0.00720384465575562,0.0192415905106425,"ZC3H12B","Ex_L2_3"
"CEP97",10.3165248893367,-1.02956891174448,0.383190455309423,-2.68683339440986,0.00721329219229626,0.0192615880666264,"CEP97","Ex_L2_3"
"SENP3",4.44051742999952,1.10770634493816,0.412363871469024,2.68623519561018,0.00722622023261611,0.0192908661862013,"SENP3","Ex_L2_3"
"PTPRM",14.8773563448271,-0.84415300973343,0.314270004925661,-2.68607565629151,0.00722967164513027,0.0192948367948274,"PTPRM","Ex_L2_3"
"GNAL",46.7839795977887,-0.981327604798914,0.365593137982006,-2.68420684867235,0.00727021101703945,0.0193925288948405,"GNAL","Ex_L2_3"
"LINC00662",9.55266609691095,-1.07637206876536,0.401001999890807,-2.68420623602489,0.00727022434036009,0.0193925288948405,"LINC00662","Ex_L2_3"
"GAS6",3.54943440336817,-1.6734876651331,0.62349397695715,-2.6840478448569,0.00727366962797766,0.0193964523412738,"GAS6","Ex_L2_3"
"ENSG00000274422",4.11083348704952,-1.34728302233835,0.501984313375357,-2.6839145894404,0.00727656930330981,0.0193989190870327,"ENSG00000274422","Ex_L2_3"
"SUMF2",6.88106733377388,-1.11379261287287,0.415036170134325,-2.68360372666411,0.0072833377975396,0.019411695746888,"SUMF2","Ex_L2_3"
"NAP1L5",5.22986488106977,-1.34342552911634,0.50063851730396,-2.68342423261989,0.00728724853921867,0.0194168510033318,"NAP1L5","Ex_L2_3"
"GNB2",11.8026613669691,-0.936831476882962,0.349211973720139,-2.682701474703,0.00730301476398007,0.0194535837964588,"GNB2","Ex_L2_3"
"TP53BP1",24.6903687821541,0.581293410564245,0.21669659388617,2.68252213908631,0.00730693152329411,0.0194587409283929,"TP53BP1","Ex_L2_3"
"LMLN",7.02012480461162,-1.03447683574135,0.385679883312026,-2.68221621220631,0.00731361743507586,0.0194712676645489,"LMLN","Ex_L2_3"
"ATG12",6.67914351593407,-1.65802048818172,0.618189288192541,-2.68205955659541,0.00731704320647711,0.0194751103929643,"ATG12","Ex_L2_3"
"CEP76",2.81461335100749,-1.7370327720549,0.647827674371489,-2.68131918529127,0.00733325326053141,0.0195129685892363,"CEP76","Ex_L2_3"
"TTTY10",10.4628814205498,-0.906587984568315,0.338246292579213,-2.68025993028735,0.0073565011353808,0.0195695280676905,"TTTY10","Ex_L2_3"
"PDZD7",6.10022074010844,-1.11972832077719,0.41790250354356,-2.67940084417435,0.0073754043605276,0.0196145025549061,"PDZD7","Ex_L2_3"
"SLMAP",33.5886035241114,0.659813752844089,0.246320037524408,2.67868485030865,0.00739119228051878,0.019651169949612,"SLMAP","Ex_L2_3"
"SLC4A8",27.0191379781507,-0.580835743313413,0.216866884669657,-2.67830537704349,0.00739957208677334,0.0196681266722027,"SLC4A8","Ex_L2_3"
"ZXDC",12.9667320042864,-0.816363557104405,0.304839524828672,-2.67801085690323,0.00740608176878331,0.0196801047596774,"ZXDC","Ex_L2_3"
"YARS1",12.969230907447,0.704828133249176,0.263204038768783,2.67787734772698,0.00740903437001663,0.0196826267309474,"YARS1","Ex_L2_3"
"FGGY",6.47574498940426,-1.07211905555836,0.400393134354892,-2.6776659327232,0.0074137120451708,0.0196897288812538,"FGGY","Ex_L2_3"
"BACE2",2.46836932730976,-1.82827057806378,0.682888567344633,-2.67726048654306,0.00742269018046893,0.0197082454953856,"BACE2","Ex_L2_3"
"CLIP4",31.8053116217294,0.671456889502498,0.250821114613496,2.67703494794361,0.00742768869126596,0.0197161885174268,"CLIP4","Ex_L2_3"
"ATP5F1D",8.17446167510927,-1.0125373968875,0.378404586585911,-2.67580635325523,0.00745497053867385,0.0197832605542766,"ATP5F1D","Ex_L2_3"
"GSTCD",11.2369966637112,0.815475985036543,0.304807082266709,2.67538398049096,0.00746437037424246,0.0198028556728485,"GSTCD","Ex_L2_3"
"NELFE",3.89298442747866,-1.51073485546174,0.564859981549016,-2.67452980350785,0.00748341243125577,0.0198480139645401,"NELFE","Ex_L2_3"
"MLLT10",31.3393181458291,-0.692336461190119,0.25902553238585,-2.67285025847876,0.00752098139956927,0.019942272947198,"MLLT10","Ex_L2_3"
"ARHGEF4",5.88011476104111,-1.23069421657148,0.460598493457681,-2.67194581409231,0.00754128247866489,0.0199860007140508,"ARHGEF4","Ex_L2_3"
"TOMM22",2.61558431396073,-1.73994728029916,0.651193890005243,-2.67193428409647,0.00754154159680237,0.0199860007140508,"TOMM22","Ex_L2_3"
"SYT13",8.43716622916587,-0.942625237836113,0.352881984970096,-2.67121949542421,0.00755762092002625,0.0200232114127125,"SYT13","Ex_L2_3"
"DENND4C",14.9106950978957,0.698642536374262,0.26156524227446,2.67100678323757,0.00756241185685729,0.0200305025833826,"DENND4C","Ex_L2_3"
"RPL29",12.4376162640111,0.72580143694569,0.271784174918365,2.67050661490389,0.00757368792647927,0.0200549623152917,"RPL29","Ex_L2_3"
"ENSG00000225096",6.54847947243163,-1.23378360515849,0.462047413731639,-2.67025324348008,0.00757940582113865,0.020064694903494,"LOC101927293","Ex_L2_3"
"PPARGC1B",4.69114983384989,-1.56725625458029,0.587218269536782,-2.66895009212944,0.00760887554051641,0.0201372826805046,"PPARGC1B","Ex_L2_3"
"SLC6A11",3.41589447365737,-1.49870715444852,0.561629548219561,-2.66849769425349,0.00761913014825137,0.0201589912675522,"SLC6A11","Ex_L2_3"
"STX1A",25.7681241974645,-0.616077513177604,0.230887681824292,-2.66829961784816,0.00762362389044495,0.0201654499460773,"STX1A","Ex_L2_3"
"IQSEC3",11.0090986093602,0.810672370467073,0.303935465233346,2.6672516477953,0.0076474386563074,0.020222997943355,"IQSEC3","Ex_L2_3"
"RBSN",8.21921248685957,0.852145989107641,0.319497913782517,2.66714101203083,0.00764995670412026,0.0202242127721414,"RBSN","Ex_L2_3"
"MIPEP",12.8755964119224,-0.926900890836914,0.347578889564202,-2.66673528993396,0.00765919721868996,0.0202431943708394,"MIPEP","Ex_L2_3"
"ABCA7",4.20843039161163,-1.3051909287779,0.489476327065541,-2.6665047043289,0.00766445337351918,0.0202516379616601,"ABCA7","Ex_L2_3"
"PID1",24.3086616918507,-0.617679873454326,0.231666076282956,-2.66625085280028,0.00767024360921332,0.0202614878238536,"PID1","Ex_L2_3"
"MYL6B",7.80661556341883,-1.1670402715349,0.437725941309643,-2.66614372464013,0.00767268832906248,0.0202624973507284,"MYL6B","Ex_L2_3"
"MRPS6",7.80174272597826,-1.5091394187853,0.566157629992712,-2.66558170169803,0.00768552542880889,0.0202909437819453,"MRPS6","Ex_L2_3"
"BCLAF1",33.4237958414083,0.503803172040638,0.189039911668388,2.66506246006084,0.00769740246941386,0.020314255071062,"BCLAF1","Ex_L2_3"
"LINC00390",7.30270642722374,0.885824509090134,0.332390074349195,2.66501492508325,0.00769849059747189,0.020314255071062,"LINC00390","Ex_L2_3"
"UHMK1",6.85296625585695,-1.02941029713775,0.386283409282481,-2.66490942246232,0.0077009061613553,0.0203151724299555,"UHMK1","Ex_L2_3"
"MAPK8",57.9743022647735,0.492794334347085,0.184962166456607,2.66429802260506,0.00771491801162312,0.0203466723613921,"MAPK8","Ex_L2_3"
"FAM156A",3.27752222929745,-1.66140022805246,0.623602902675544,-2.66419579018039,0.00771726316722663,0.0203473948885761,"FAM156A","Ex_L2_3"
"TANC2",229.652395248755,0.81381960812072,0.305493252193559,2.66395281164864,0.00772283952488967,0.0203511736836148,"TANC2","Ex_L2_3"
"TRIR",6.50573618684558,-1.21843754850448,0.457376160532274,-2.66397257584768,0.0077223858016167,0.0203511736836148,"TRIR","Ex_L2_3"
"GALNT1",8.33320652298934,-0.927521460614402,0.348285054975541,-2.66311013741184,0.00774220688769759,0.0203967391967662,"GALNT1","Ex_L2_3"
"ZFTRAF1",4.59182475759008,-1.54384130347339,0.57980939511386,-2.66267038182473,0.00775233115775985,0.0204179360037085,"ZFTRAF1","Ex_L2_3"
"CHD6",28.9676517473084,-0.576629872414473,0.216593258598347,-2.66227063642725,0.00776154458516023,0.0204367231317647,"CHD6","Ex_L2_3"
"GARRE1",9.4348669379783,1.15279707375408,0.433071649289716,2.66190842934373,0.00776990129209582,0.0204532449875534,"GARRE1","Ex_L2_3"
"DDX19A",12.233588152461,0.898912253381596,0.337798908309415,2.66108691079078,0.00778888494842911,0.0204977245468437,"DDX19A","Ex_L2_3"
"ENSG00000226824",13.0970827156582,0.991480617482166,0.37262852405251,2.66077488298359,0.00779610617166958,0.0205112338056995,"LOC100996437","Ex_L2_3"
"GLCCI1",18.471825336649,-1.00035645119999,0.375985812839801,-2.66062286670966,0.00779962643917422,0.0205150013757557,"GLCCI1","Ex_L2_3"
"HSP90AA1",34.5572538029966,-0.525109956657214,0.197375495426503,-2.66046175348424,0.0078033589208585,0.0205193249567757,"HSP90AA1","Ex_L2_3"
"NUP85",7.87498292717216,0.915584168039666,0.344187812573676,2.66012954146562,0.00781106027044685,0.0205340797690313,"NUP85","Ex_L2_3"
"ENSG00000287117",6.35845550549993,-1.30605920189239,0.491090786354734,-2.65950662928742,0.00782551899727186,0.0205665860431243,"ENSG00000287117","Ex_L2_3"
"STRBP",51.1753097911954,-0.513411777106891,0.19305863242419,-2.65935674908759,0.00782900151844143,0.0205702356023452,"STRBP","Ex_L2_3"
"TTLL7",101.6924257067,0.39753840081199,0.149524966270101,2.65867574311222,0.00784484243339065,0.0206063454720935,"TTLL7","Ex_L2_3"
"MCCC2",10.0261627105097,-0.900117595709262,0.338620108834581,-2.65819297857758,0.00785608942982809,0.0206303722423499,"MCCC2","Ex_L2_3"
"EIF3K",13.0199850756536,-0.748203277546684,0.28154230577956,-2.65751633835274,0.00787187747116904,0.0206663079307228,"EIF3K","Ex_L2_3"
"ZNF169",4.70484202781936,-1.35715955961084,0.510787216341687,-2.65699593919159,0.00788403926952747,0.0206871799636319,"ZNF169","Ex_L2_3"
"DDX55",6.58438754223865,0.910320159808011,0.342605111539806,2.65705364323569,0.00788268988911,0.0206871799636319,"DDX55","Ex_L2_3"
"CIC",7.97540698706689,0.869348487289385,0.327207707437621,2.65687044506773,0.0078869746016121,0.0206893560710914,"CIC","Ex_L2_3"
"PABPC4",8.61728979465552,0.973665922352842,0.366520350002108,2.65651258476437,0.00789535040058696,0.0207057988081597,"PABPC4","Ex_L2_3"
"SS18",17.0594702750305,0.619508175443227,0.233265802386121,2.65580367591887,0.00791196609537781,0.0207438363813695,"SS18","Ex_L2_3"
"RPS12",15.030679518467,-0.714202777789796,0.268948562284567,-2.65553670085849,0.00791823167961289,0.0207547246586225,"RPS12","Ex_L2_3"
"ARSJ",1.50504461734878,-2.57750263598363,0.970769373384278,-2.65511326031845,0.00792817843512911,0.020775253386692,"ARSJ","Ex_L2_3"
"ENSG00000225689",156.126683619666,-0.610311684068569,0.229973546840475,-2.65383428856677,0.00795828987810805,0.0208485972700089,"ENSG00000225689","Ex_L2_3"
"MUC20",5.25460396412244,-1.34158666466691,0.505802331010485,-2.65239320267011,0.00799234073165029,0.0209322195008618,"MUC20","Ex_L2_3"
"DCDC1",3.70963802272018,-1.70440059921482,0.64265436402807,-2.65212639113173,0.00799865941092332,0.020943184982119,"DCDC1","Ex_L2_3"
"MRPL13",6.29326841118995,0.980249962332781,0.369696177243413,2.65150148330414,0.00801347610213242,0.0209763893491471,"MRPL13","Ex_L2_3"
"ENSG00000287700",3.21400669007545,-1.63500445388547,0.61667070405179,-2.65134121524306,0.00801728004780614,0.0209807563105081,"ENSG00000287700","Ex_L2_3"
"PSMD5",9.88939373374151,0.803796105639582,0.303258188629196,2.65053388755287,0.00803646648255659,0.0210253653061614,"PSMD5","Ex_L2_3"
"MT2A",6.95334072096458,-2.04484954292543,0.771873769319497,-2.64920201230341,0.00806820884700363,0.0211027911908849,"MT2A","Ex_L2_3"
"ATP6V1C1",17.3085299544261,-0.679777990418423,0.256634983312158,-2.64881265073505,0.00807750961668074,0.0211083540124435,"ATP6V1C1","Ex_L2_3"
"SHARPIN",4.1782937567234,-1.54824949307708,0.584474756630584,-2.64895870268637,0.00807401971564981,0.0211083540124435,"SHARPIN","Ex_L2_3"
"USP47",55.7060081465617,0.392708909739101,0.148256442064043,2.6488488747724,0.00807664391996399,0.0211083540124435,"USP47","Ex_L2_3"
"ZDHHC9",6.10217801046086,0.995174727531709,0.37571440137531,2.64875321225072,0.00807893028163554,0.0211083540124435,"ZDHHC9","Ex_L2_3"
"CPSF2",4.18928596936057,-1.66276734381123,0.627882333352408,-2.64821488913907,0.00809180716601938,0.0211363769207589,"CPSF2","Ex_L2_3"
"GLT8D2",2.85191597868071,-1.84920546880538,0.69842079060531,-2.64769533450271,0.00810425252217663,0.0211632580483422,"GLT8D2","Ex_L2_3"
"MAMDC2-AS1",2.60400984141023,-1.7426812094046,0.658226193191993,-2.64754157070788,0.00810793904814707,0.0211672583600842,"MAMDC2-AS1","Ex_L2_3"
"TMED9",7.72061235621204,0.894783126725792,0.338023984324887,2.64709952020974,0.00811854568354063,0.0211893179583164,"TMED9","Ex_L2_3"
"IQCA1",9.17531645151753,-1.4519909614944,0.548569628503218,-2.64686720891964,0.00812412477774741,0.0211982474944464,"IQCA1","Ex_L2_3"
"TACC2",9.06254727171157,0.970934160274024,0.366848777448613,2.64668773609319,0.00812843727425592,0.0212038682374642,"TACC2","Ex_L2_3"
"ABHD6",8.92935015721888,-0.938166162138323,0.354500892726291,-2.64644231195964,0.00813433781100022,0.0212136274635695,"ABHD6","Ex_L2_3"
"SRGAP2B",5.8852702614336,-1.16490968299079,0.440362918051059,-2.64534009390799,0.00816088486182271,0.0212772114868753,"SRGAP2B","Ex_L2_3"
"ZNF471",6.95566004996629,-1.13236542328595,0.428141935609737,-2.64483651122214,0.00817303949668691,0.0213032475498679,"ZNF471","Ex_L2_3"
"NHS",5.07763147396451,1.03928574105528,0.393049582531299,2.64415938152667,0.0081894084573011,0.0213402516404578,"NHS","Ex_L2_3"
"ENSG00000289614",1.71820991356181,-2.30894615008649,0.873289047931531,-2.64396554102614,0.00819409976403938,0.0213468141293882,"ENSG00000289614","Ex_L2_3"
"CALCRL-AS1",4.26826403436233,-1.66607381135841,0.630429632536631,-2.64275935865308,0.00822334574253772,0.0214173246486454,"CALCRL-AS1","Ex_L2_3"
"RMDN3",8.65660097112491,0.852788240799291,0.32281301780026,2.64174055498267,0.00824812113285746,0.0214761574368385,"RMDN3","Ex_L2_3"
"EXO5-DT",5.52155433497769,-1.63017576373337,0.617140805053841,-2.64149728940894,0.0082540467636227,0.0214810307660171,"EXO5-DT","Ex_L2_3"
"ADAP1",4.33030593146961,-1.37637950806488,0.521062936227683,-2.64148419004698,0.00825436595497909,0.0214810307660171,"ADAP1","Ex_L2_3"
"GFM2",9.96686984138709,-0.945398395705481,0.358140624006162,-2.63974073962974,0.00829694719308299,0.0215841269562763,"GFM2","Ex_L2_3"
"SLC29A1",3.0164218928762,-1.64547493853683,0.623360960785134,-2.63968237033055,0.008298376172013,0.0215841269562763,"SLC29A1","Ex_L2_3"
"RAB15",14.8574664257733,-0.927265229762966,0.351399787801086,-2.63877572483867,0.00832060067425121,0.0216362046119227,"RAB15","Ex_L2_3"
"NPL",2.18686664473425,-1.87815702180904,0.711789037474864,-2.63864280415441,0.00832386341627,0.0216389611541245,"NPL","Ex_L2_3"
"HPF1",5.200069350064,-1.33088681346893,0.504805612940297,-2.63643426172905,0.00837824323699344,0.0217745665503237,"HPF1","Ex_L2_3"
"NLN",8.60489310534295,-1.22445911273837,0.464485854901673,-2.63616017542144,0.00838501404344859,0.0217863998843795,"NLN","Ex_L2_3"
"HCN2",3.66747643733596,-1.40679210046903,0.533706517011124,-2.63589080445819,0.00839167313418156,0.0217979367716022,"HCN2","Ex_L2_3"
"ENSG00000286198",3.87440536893387,-1.37995440836444,0.523595006037802,-2.6355377580985,0.00840040791779444,0.0218123314342279,"ENSG00000286198","Ex_L2_3"
"ENSG00000289363",6.69056546972877,-1.06061128641295,0.402434593398975,-2.63548736567349,0.00840165534885163,0.0218123314342279,"ENSG00000289363","Ex_L2_3"
"ZNF500",6.05008145594884,1.07513949244418,0.408049762187252,2.63482445543198,0.00841808068481286,0.0218492006994984,"ZNF500","Ex_L2_3"
"GPR137",4.47055611880699,-1.33682888018384,0.507390685713602,-2.63471308761551,0.00842084292992586,0.0218505971853121,"GPR137","Ex_L2_3"
"QTRT2",5.96527707633949,0.952224750362055,0.361459114017622,2.63439131407717,0.00842882840299406,0.0218553237079538,"QTRT2","Ex_L2_3"
"WWC2",17.2377873090642,-0.777564676790654,0.295161442744611,-2.63437076862185,0.00842933851073258,0.0218553237079538,"WWC2","Ex_L2_3"
"ANKRA2",2.37547782607367,-1.96571402784809,0.746155626623312,-2.63445581284943,0.00842722719061171,0.0218553237079538,"ANKRA2","Ex_L2_3"
"SLC4A7",21.5299452686386,0.610050158875167,0.231633147803967,2.63369109585066,0.00844622916976551,0.0218933391461151,"SLC4A7","Ex_L2_3"
"RAB26",10.0809411561797,-1.00422891741776,0.381386824278872,-2.63309808700538,0.00846099084797095,0.0219258174862745,"RAB26","Ex_L2_3"
"RPL22",17.3033199737565,-0.672502803141079,0.255431541817422,-2.63281033484021,0.00846816212898328,0.0219386141231888,"RPL22","Ex_L2_3"
"SLC25A37",13.6964949896136,0.705428621732474,0.267981536575739,2.63237770312993,0.00847895428819626,0.0219607822112418,"SLC25A37","Ex_L2_3"
"OPRD1",5.85055393696517,-1.18329887811479,0.449616659372862,-2.63179500458299,0.00849350935875069,0.0219926821139607,"OPRD1","Ex_L2_3"
"MRPS31",6.42133818508074,-2.68267911596211,1.01944763316026,-2.6315026183796,0.00850082120990584,0.0220058149054322,"MRPS31","Ex_L2_3"
"DLEU7",6.54448114038901,-1.12626862859092,0.42816983883114,-2.63042495395172,0.00852781954290911,0.0220698891437142,"DLEU7","Ex_L2_3"
"ZNF175",4.70353351283115,-1.33905218044652,0.509112592473698,-2.63016904362996,0.00853424202454121,0.0220806936131401,"ZNF175","Ex_L2_3"
"SLC26A4",14.7644367560286,-0.725186064931153,0.275873957721795,-2.62868619756587,0.00857154163636029,0.0221713599356513,"SLC26A4","Ex_L2_3"
"PRKCZ",18.6259723099037,-0.65729422660885,0.250243134769435,-2.62662241349581,0.00862369677041507,0.022278246224436,"PRKCZ","Ex_L2_3"
"MZT2B",18.6176674116225,0.59968589324626,0.228317423902823,2.62654458426922,0.00862566917861828,0.022278246224436,"MZT2B","Ex_L2_3"
"RWDD1",7.9600868783486,1.06910921285754,0.407045093352486,2.62651295966299,0.00862647074895711,0.022278246224436,"RWDD1","Ex_L2_3"
"EGR3",9.4116122788853,0.934243741052873,0.355679246569116,2.62664676127324,0.00862307981308289,0.022278246224436,"EGR3","Ex_L2_3"
"TMEM64",8.59556885122158,-1.15338865782962,0.439111173495324,-2.62664383747889,0.00862315389810402,0.022278246224436,"TMEM64","Ex_L2_3"
"SPRYD7",6.14956557479464,-1.04820648706315,0.399083287266598,-2.62653566437856,0.00862589525911185,0.022278246224436,"SPRYD7","Ex_L2_3"
"PNKD",10.8361422347715,-0.822976455445641,0.313411908503884,-2.62586211026325,0.00864298223967518,0.0223150216879288,"PNKD","Ex_L2_3"
"IFT27",5.5001102602416,-1.24374066657118,0.47377183770119,-2.62518910496241,0.00866008550853302,0.022353305316823,"IFT27","Ex_L2_3"
"COQ8A",8.89406149205646,-0.929821918343962,0.35425119124576,-2.62475311677612,0.00867118153618263,0.0223760670899549,"COQ8A","Ex_L2_3"
"PHF24",4.14342878342535,-1.35333394837567,0.515632827746451,-2.6246078130641,0.00867488238054102,0.0223797385783705,"PHF24","Ex_L2_3"
"TOPBP1",8.79311950519293,0.831217017960922,0.316881260501687,2.62311825143884,0.00871290258557354,0.0224719230771002,"TOPBP1","Ex_L2_3"
"ACBD5",4.21619451309386,-1.32486549233273,0.505536437507443,-2.62071216639696,0.00877463114038366,0.0226251906359919,"ACBD5","Ex_L2_3"
"RNF40",8.38320288908375,0.927670650487371,0.354058548138484,2.62010522091541,0.00879026402755618,0.0226595522977465,"RNF40","Ex_L2_3"
"MCOLN1",4.46204648641991,-1.27251595535139,0.485711290775978,-2.61990194487429,0.00879550529912158,0.0226671154403385,"MCOLN1","Ex_L2_3"
"RFK",5.1876722892789,-1.17304518635203,0.447772398885354,-2.61973535946411,0.00879980262061885,0.0226722425767007,"RFK","Ex_L2_3"
"OSBPL9",11.4078650625392,-0.806599388281358,0.307930829963308,-2.61941744637089,0.00880800887391176,0.0226874355472756,"OSBPL9","Ex_L2_3"
"NRSN2",7.38266242121551,1.07942666193028,0.412266860008598,2.61827172309645,0.00883764004503076,0.0227577918223806,"NRSN2","Ex_L2_3"
"HS1BP3",1.88739302724757,-2.08054726735434,0.795022468197397,-2.6169666274611,0.00887150144054641,0.0228390016121404,"HS1BP3","Ex_L2_3"
"FAM81A",17.3991000016209,-0.789713538426318,0.30179224544305,-2.61674562667099,0.00887724688309936,0.0228478054439529,"FAM81A","Ex_L2_3"
"MFSD6",14.9761245145135,-0.747494823081397,0.285708306910101,-2.61628662871394,0.0088891902509723,0.0228725523901393,"MFSD6","Ex_L2_3"
"FCHSD2",22.5164724014472,0.638757314135391,0.24416501448922,2.6160886131522,0.00889434715005161,0.0228798288562731,"FCHSD2","Ex_L2_3"
"MARCHF6",39.9795915253001,0.494498147247805,0.189051868714536,2.61567447394284,0.00890514117500481,0.0229010568987073,"MARCHF6","Ex_L2_3"
"MAP2K5",72.5695768954911,-0.473979012511431,0.181212819342243,-2.61559316957738,0.00890726164596504,0.0229010568987073,"MAP2K5","Ex_L2_3"
"FMC1",2.7185254234677,-1.8169127838048,0.695037098590608,-2.61412345828608,0.00894567051632126,0.0229852418470091,"FMC1","Ex_L2_3"
"RIC3",30.7640024812971,0.62732741773896,0.239980946909862,2.61407176618312,0.00894702410657195,0.0229852418470091,"RIC3","Ex_L2_3"
"CHKB",8.55870085828894,-1.1674910572485,0.446587307256431,-2.61425042377688,0.00894234662130317,0.0229852418470091,"CHKB","Ex_L2_3"
"USP32",33.2839391917382,0.536290267550482,0.205239563979306,2.61299652538999,0.00897522146981967,0.023051653782878,"USP32","Ex_L2_3"
"NAE1",17.0241394693004,0.657020672440403,0.25156164820792,2.61176803825584,0.00900753471260396,0.0231285993247834,"NAE1","Ex_L2_3"
"CFAP70",6.76241527682659,-1.00555451090531,0.385051667391499,-2.61147943525958,0.00901514097132784,0.0231420812391755,"CFAP70","Ex_L2_3"
"GTF2H1",9.1603721500751,0.862938410048631,0.33069163828122,2.6094957058297,0.00906757841055407,0.0232706087526863,"GTF2H1","Ex_L2_3"
"TBC1D32",44.949409647468,0.491553169489392,0.188379746013377,2.60937377765912,0.00907081029672553,0.0232728232841555,"TBC1D32","Ex_L2_3"
"TAGLN3",35.5810143609443,0.540554177775832,0.207179060518127,2.60911588470369,0.00907764951861506,0.0232842895224215,"TAGLN3","Ex_L2_3"
"TPM3",18.6620811936608,-0.618171134192859,0.237091065536282,-2.60731517990609,0.00912553195292695,0.0234009986702047,"TPM3","Ex_L2_3"
"WNT3",2.18947946192082,-1.98059084027281,0.759836988146758,-2.60659966699366,0.00914462062192268,0.0234438290683112,"WNT3","Ex_L2_3"
"PSMB3",5.62925856386763,0.976820818092767,0.374883873530393,2.60566241191907,0.00916967891495419,0.0235019372972893,"PSMB3","Ex_L2_3"
"RPL24",25.7921773614159,-0.560219891574804,0.215039924620831,-2.60519014114524,0.00918232867383766,0.0235282203682267,"RPL24","Ex_L2_3"
"INTS4",5.65181181122619,-1.11648589687934,0.428697960770862,-2.60436484202476,0.00920447168253178,0.0235788082944439,"INTS4","Ex_L2_3"
"GLCE",29.0618045948784,0.613433024668328,0.235588587704822,2.60383166538152,0.00921880229012218,0.0236093622779354,"GLCE","Ex_L2_3"
"DYNLT3",4.77838365333354,-1.19446188522826,0.458803217355726,-2.60342961872073,0.00922962157933918,0.0236309101890613,"DYNLT3","Ex_L2_3"
"PCBP1-AS1",14.4045376170137,0.716927823426101,0.27547062413223,2.60255635490906,0.00925316061855709,0.0236850051893447,"PCBP1-AS1","Ex_L2_3"
"LIN7B",4.78601057083216,1.05063254547183,0.403733506864164,2.60229217443998,0.00926029221491199,0.0236970853657972,"LIN7B","Ex_L2_3"
"EEF1E1",3.28550811051633,-1.49351413667413,0.574100135515532,-2.60148716971297,0.0092820537076513,0.0237465874020746,"EEF1E1","Ex_L2_3"
"STXBP5-AS1",24.2237586451813,-1.13086069739006,0.434850014214146,-2.6005764296311,0.00930672852494837,0.0238012445460893,"STXBP5-AS1","Ex_L2_3"
"ENSG00000244055",7.12224128912706,0.887277472461627,0.3411923486068,2.60051984191518,0.00930826359385945,0.0238012445460893,"ENSG00000244055","Ex_L2_3"
"AP2M1",16.2487911746231,-0.751024943271447,0.288860468323353,-2.59995750761832,0.00932353045663165,0.0238340783778166,"AP2M1","Ex_L2_3"
"ENSG00000286863",66.319053805358,0.638008904328139,0.245418739106406,2.59967477076605,0.00933121494117888,0.0238413148458105,"ENSG00000286863","Ex_L2_3"
"HRH3",2.13912692689954,-1.97691081099245,0.760436728276384,-2.59970453488397,0.009330405718321,0.0238413148458105,"HRH3","Ex_L2_3"
"GTF2F1",4.25491675524883,1.16425390214742,0.447953498307832,2.59905080894658,0.0093481935536803,0.023878485041954,"GTF2F1","Ex_L2_3"
"SLC7A5",6.76370959479767,1.34338981188702,0.517022649098993,2.59831907601751,0.009368139833624,0.0239232143814718,"SLC7A5","Ex_L2_3"
"ARFGEF1",35.8923568622251,0.453533519038333,0.174677725431297,2.59640156132394,0.00942058952293453,0.0240454273544526,"ARFGEF1","Ex_L2_3"
"BTBD10",35.9721856140789,0.558631966524576,0.215157144281314,2.59639050513784,0.00942089270025327,0.0240454273544526,"BTBD10","Ex_L2_3"
"FRG1-DT",5.69483488149922,-2.88047183615329,1.10959915336991,-2.59595713227172,0.00943278329730369,0.0240695228864185,"FRG1-DT","Ex_L2_3"
"POMP",20.022808754315,0.878517422579356,0.33849401777053,2.59537060171892,0.00944889745159921,0.0241043803075852,"POMP","Ex_L2_3"
"HPCAL1",14.6180928376139,-0.720527125723631,0.277829026325981,-2.59341918032073,0.00950268706771629,0.024233548571931,"HPCAL1","Ex_L2_3"
"CHRNA4",1.77162035927393,-2.15679013402638,0.831660245609616,-2.59335485303307,0.0095044648460556,0.024233548571931,"CHRNA4","Ex_L2_3"
"LINGO1",20.1024846463772,0.645772116500823,0.249045540795233,2.59298807133343,0.00951460706099879,0.0242531135877665,"LINGO1","Ex_L2_3"
"WDR91",4.84061724645842,1.02514220075922,0.395458625473422,2.5922868657422,0.00953402360273864,0.0242963029502735,"WDR91","Ex_L2_3"
"SLC43A2",4.24816593666173,-1.37011752924698,0.528580918874387,-2.59206770491194,0.00954009945922409,0.0243054816098074,"SLC43A2","Ex_L2_3"
"PRICKLE2",32.7039577293175,-0.625303701546422,0.241306914791557,-2.59132110692544,0.00956082352665863,0.0243456532726528,"PRICKLE2","Ex_L2_3"
"NDUFA5",16.1471179765715,-0.671148849234881,0.258997221177696,-2.5913361007623,0.00956040693304452,0.0243456532726528,"NDUFA5","Ex_L2_3"
"NBDY",8.72666646257734,-1.15970598337804,0.447964417444659,-2.58883504630434,0.00963012128459781,0.0245157583570585,"NBDY","Ex_L2_3"
"STARD4",2.37986106105832,-1.75413987373323,0.677637036090511,-2.58861275330136,0.00963633935285714,0.0245252325913131,"STARD4","Ex_L2_3"
"NR1D2",12.1407798084906,0.701496700991455,0.271068210714892,2.58789733824335,0.00965637553112629,0.0245698609732672,"NR1D2","Ex_L2_3"
"SLC35D1",4.90865871048897,-1.37208548520997,0.530325199723044,-2.58725304007149,0.00967445175876386,0.024609480600232,"SLC35D1","Ex_L2_3"
"CDKN2D",5.55857488891888,-1.08780596495733,0.420608097340528,-2.58626966964128,0.0097020990459014,0.0246734198878942,"CDKN2D","Ex_L2_3"
"CUL4B",7.0387418953024,-0.970934955432426,0.375474847020677,-2.58588548110909,0.00971291955658844,0.0246945449596079,"CUL4B","Ex_L2_3"
"LACTB",5.59322587577762,1.14215598615205,0.441814686797242,2.58514716754132,0.00973374405428889,0.024741087086503,"LACTB","Ex_L2_3"
"XYLB",10.3764702852249,0.753653662069198,0.291545789100186,2.5850267444961,0.00973714441761251,0.0247433281838141,"XYLB","Ex_L2_3"
"MAP4K3-DT",38.8454976474912,0.58131278571276,0.224942706699761,2.58427043153107,0.00975852450272211,0.0247912450775128,"MAP4K3-DT","Ex_L2_3"
"CCNT2-AS1",13.5114279741917,0.887878967372062,0.343634626922044,2.58378783106012,0.00977218891153827,0.0248195408135864,"CCNT2-AS1","Ex_L2_3"
"CAPS",1.93334676864745,-1.97208723100569,0.763340682874003,-2.58349551550262,0.00978047385987201,0.024834162625842,"CAPS","Ex_L2_3"
"MALRD1",3.07179724507464,-1.55460307243934,0.60206746078869,-2.58210777643232,0.00981989128831975,0.0249278067225977,"MALRD1","Ex_L2_3"
"ENSG00000223727",4.42472128511027,-1.31969817088652,0.511196442690032,-2.58158715647935,0.0098347154865333,0.0249589886178515,"ENSG00000223727","Ex_L2_3"
"NUP153",18.1955405918765,0.660944585571535,0.256046235336816,2.58134857832257,0.00984151545138731,0.0249633482557266,"NUP153","Ex_L2_3"
"PPARD",6.27652212992567,-1.02125460305161,0.395621162750876,-2.58139528216973,0.00984018396664347,0.0249633482557266,"PPARD","Ex_L2_3"
"NUCKS1",41.1493437832304,-0.558212646674757,0.216260062549423,-2.58121004911476,0.00984546573901831,0.0249669218947124,"NUCKS1","Ex_L2_3"
"CCDC125",2.33918548215569,-1.79853324891144,0.697140421112749,-2.57987228174303,0.00988368616479872,0.0250573762278665,"CCDC125","Ex_L2_3"
"VKORC1L1",13.283980709448,0.787170034326755,0.305146437523768,2.57964681060857,0.00989014094611281,0.0250672715827173,"VKORC1L1","Ex_L2_3"
"TXNDC12",3.59843552146219,-1.44622224583866,0.560757543709882,-2.57905089652595,0.00990721884178898,0.0251040799333853,"TXNDC12","Ex_L2_3"
"DGLUCY",8.31293720819746,-0.947500135321982,0.367430081803907,-2.57872227192234,0.00991664790492585,0.0251214927844228,"DGLUCY","Ex_L2_3"
"SNHG5",18.425311481912,0.597498181346599,0.231766807757542,2.57801445827247,0.009936984010478,0.0251665199584779,"SNHG5","Ex_L2_3"
"SIPA1L3",10.7959719993998,-0.832097198674277,0.322904166391179,-2.5769168851982,0.00996859171836557,0.0252400631549545,"SIPA1L3","Ex_L2_3"
"ENSG00000284691",2.13494178915175,-1.9338787977669,0.750502597870108,-2.57677828598484,0.00997258943486641,0.0252436791054181,"LOC728743","Ex_L2_3"
"RPL18",21.916437806259,0.647492829509781,0.251342239959956,2.57614012516535,0.00999101479610489,0.0252838045741717,"RPL18","Ex_L2_3"
"ENSG00000235450",18.1785975603124,-1.50062952655144,0.582577507644149,-2.57584528558225,0.00999953781732289,0.0252988564299202,"ENSG00000235450","Ex_L2_3"
"TAB1",2.98565250437505,-1.5356345985071,0.59632144289117,-2.57517923732847,0.0100188153280284,0.0253411024156929,"TAB1","Ex_L2_3"
"FAM20C",2.73886395521989,-1.59468277781876,0.619388347613814,-2.57460894116309,0.0100353477720156,0.0253763852026465,"FAM20C","Ex_L2_3"
"PROS1",5.29077577280095,-1.25239195339094,0.486569284579799,-2.57392316589097,0.0100552600372007,0.0254201941856562,"PROS1","Ex_L2_3"
"AGO2",13.946896742071,0.735443135007491,0.285747895193852,2.57374821434315,0.010060345584433,0.025426507594924,"AGO2","Ex_L2_3"
"AFTPH",18.6797550418964,0.794398182422319,0.308677228979262,2.57355615459309,0.0100659310757225,0.0254340809896857,"AFTPH","Ex_L2_3"
"TRAF7",2.37844413453533,-1.84845441341491,0.718275390959893,-2.57346198502592,0.010068670728658,0.0254344616195259,"TRAF7","Ex_L2_3"
"NECAB1",86.1646089491507,-0.58180004481178,0.226091619334905,-2.57329328049958,0.0100735804699652,0.0254403225030689,"NECAB1","Ex_L2_3"
"PWWP3A",11.8649195423507,-0.909479335583908,0.353496115288226,-2.57281281533279,0.0100875749425995,0.0254625735447322,"PWWP3A","Ex_L2_3"
"XRCC1",3.36295661779796,-1.44972759794538,0.563465635651056,-2.57287668709431,0.010085713557406,0.0254625735447322,"XRCC1","Ex_L2_3"
"ANKRD11",38.1296668511138,0.503075345805694,0.195632556436951,2.57153182971274,0.0101249707605712,0.0255504014261113,"ANKRD11","Ex_L2_3"
"PARM1",4.78322062562452,-1.18691079416255,0.461607104770376,-2.57125763857767,0.0101329912437114,0.0255584774228513,"PARM1","Ex_L2_3"
"CHD3",9.56160503256883,-0.835132595313108,0.324797031236067,-2.57124454658615,0.0101333743446667,0.0255584774228513,"CHD3","Ex_L2_3"
"MAP7",132.585434590172,-0.416556305196002,0.162082892565702,-2.5700201828959,0.0101692590142006,0.0256424026066497,"MAP7","Ex_L2_3"
"ZC3H14",36.349292561495,0.657732586462811,0.255970179469096,2.5695672356327,0.010182563011556,0.0256693607969017,"ZC3H14","Ex_L2_3"
"CXXC4-AS1",10.7031181532344,-0.87795365424265,0.341715404213934,-2.56925395640929,0.0101917737326808,0.0256858376859703,"CXXC4-AS1","Ex_L2_3"
"LIMD2",7.90732472805855,-1.2853736625048,0.500320527021311,-2.56910039281688,0.0101962913636727,0.0256858376859703,"LIMD2","Ex_L2_3"
"RHBDD3",9.73597465380239,-0.83012251455745,0.323120759062704,-2.56907825100881,0.0101969428924353,0.0256858376859703,"RHBDD3","Ex_L2_3"
"SHTN1",41.2953709157499,-0.845176503715152,0.328996743910363,-2.56895096793245,0.0102006889507574,0.025688687067993,"SHTN1","Ex_L2_3"
"ENSG00000262801",16.3503847747536,-0.758292800162407,0.295234947586842,-2.56843848047277,0.0102157843295587,0.0257135191528529,"ENSG00000262801","Ex_L2_3"
"KDM6A",19.9666161344644,0.595101382534846,0.231692278691777,2.56849898449364,0.0102140011417671,0.0257135191528529,"KDM6A","Ex_L2_3"
"LINC01505",14.8896837666414,0.883500788780999,0.344164923248816,2.56708551365726,0.0102557317195604,0.0258074560484019,"LINC01505","Ex_L2_3"
"HIPK1",8.81595987630871,0.861706564718011,0.335737797869515,2.56660575659376,0.0102699302760212,0.0258233414465401,"HIPK1","Ex_L2_3"
"ISLR",1.62231379282777,-2.220475701163,0.86508873418399,-2.56676062630443,0.0102653449484952,0.0258233414465401,"ISLR","Ex_L2_3"
"SATL1",1.61324551702614,-2.22163495497419,0.86558298601749,-2.56663426946022,0.0102690859402734,0.0258233414465401,"SATL1","Ex_L2_3"
"SMYD5",2.55606752674747,-1.63787744778136,0.63854362496392,-2.56502043673822,0.0103169728149559,0.0259349900036148,"SMYD5","Ex_L2_3"
"MFSD13A",7.51533020058125,-1.26237517445637,0.492188853773865,-2.56481869667932,0.0103229729531215,0.0259434347125775,"MFSD13A","Ex_L2_3"
"LRP11",8.92953000948071,-0.917157858378747,0.357657130309938,-2.56434943037193,0.0103369418529254,0.025971896870368,"LRP11","Ex_L2_3"
"ITGB1",9.01848583992902,0.914625656171305,0.356765095927861,2.56366350467268,0.0103573904338085,0.0260099702509547,"ITGB1","Ex_L2_3"
"ENSG00000284959",5.74419341509451,-2.13341004079699,0.832144634321211,-2.56374908015508,0.0103548373231195,0.0260099702509547,"ENSG00000284959","Ex_L2_3"
"PCP4",5.76913275053419,0.953887945182571,0.372107618056572,2.5634733042137,0.0103630669956329,0.0260175747930227,"PCP4","Ex_L2_3"
"LINC00622",1.39412376212248,-2.44895258382007,0.955829763775613,-2.56212212323928,0.0104034729554802,0.0261123449960751,"LINC00622","Ex_L2_3"
"TMEM243",2.94496709832328,-1.51578253886634,0.59186291094787,-2.56103653536731,0.0104360380673421,0.0261873915641299,"TMEM243","Ex_L2_3"
"PPP5C",9.0032039260988,-0.894748073105631,0.34939347936927,-2.56086082293476,0.0104413175511994,0.026193948831201,"PPP5C","Ex_L2_3"
"CYB561",3.9620694694634,-1.34625441282507,0.525761840862123,-2.56057839918078,0.0104498082798343,0.0262085566865183,"CYB561","Ex_L2_3"
"STX2",17.9419901893884,0.646910273617304,0.252668937464987,2.56030788789361,0.0104579466337925,0.0262222735401679,"STX2","Ex_L2_3"
"DNAL4",5.00217200358305,-1.44105586555083,0.563012881040341,-2.55954333209577,0.0104809788565984,0.0262733187770407,"DNAL4","Ex_L2_3"
"ACAT1",11.7174289202227,0.847808122221469,0.331248217548711,2.55943451860778,0.0104842605257081,0.0262748406644276,"ACAT1","Ex_L2_3"
"RNF130",34.0155403582161,-0.553813730140408,0.21648023269037,-2.55826466582066,0.0105195995035458,0.0263566808270427,"RNF130","Ex_L2_3"
"RAB40B",25.1346105516187,-0.618336478161484,0.241719515638533,-2.5580742892359,0.0105253604239451,0.0263643908222429,"RAB40B","Ex_L2_3"
"UGGT1",6.98052917152662,-0.978243736027929,0.382482474395959,-2.55761714983892,0.0105392052238463,0.0263921075939668,"UGGT1","Ex_L2_3"
"DIPK1B",2.91210239757568,-1.71982593632742,0.672455406684498,-2.55753157641623,0.0105417986765804,0.0263921075939668,"DIPK1B","Ex_L2_3"
"ELAC2",5.88455505857394,0.919150821341921,0.359451973346164,2.55708937354128,0.01055520945884,0.0264189497385081,"ELAC2","Ex_L2_3"
"IARS1",24.1879017147196,0.622541583009219,0.243598043228501,2.55560994972878,0.0106001866424781,0.0265247665755745,"IARS1","Ex_L2_3"
"COX8A",9.0547279635668,-1.11499449756554,0.436310508727801,-2.55550685867423,0.0106033271420722,0.0265258685621893,"COX8A","Ex_L2_3"
"SLC16A2",1.69755275372013,-2.25144977959424,0.881320853174237,-2.55463123502098,0.0106300349588543,0.0265859122799858,"SLC16A2","Ex_L2_3"
"CENPP",26.5364089702106,0.56483088493169,0.221263735521432,2.55274947609741,0.0106876339159763,0.0267231650777681,"CENPP","Ex_L2_3"
"INTS1",22.234221913773,-0.620288129679394,0.243076175555175,-2.55182610250751,0.0107159989239608,0.0267872705926186,"INTS1","Ex_L2_3"
"THEM6",3.75654576915394,-1.30626626379093,0.512019212011896,-2.55120556640476,0.0107350986882727,0.0268281886323051,"THEM6","Ex_L2_3"
"GPRASP1",13.8171371686872,-0.821302986000017,0.321967129399939,-2.55089079289152,0.0107447988119659,0.0268456011009037,"GPRASP1","Ex_L2_3"
"NDC1",3.95122455372931,-1.3097926210584,0.513577478071425,-2.55033111260429,0.0107620652791605,0.0268750709970699,"NDC1","Ex_L2_3"
"STRADA",16.6944380196995,0.712178103953512,0.279241909437183,2.55039834596791,0.0107599897873788,0.0268750709970699,"STRADA","Ex_L2_3"
"NIM1K",16.0323773735774,-0.642344572423726,0.251906881020699,-2.54992864752649,0.0107744968069792,0.0268992774159502,"NIM1K","Ex_L2_3"
"TRHDE-AS1",2.78975159274191,-1.66109690480447,0.652005399752628,-2.54767353987359,0.0108443900721309,0.0270668922938551,"TRHDE-AS1","Ex_L2_3"
"AP4B1",3.43368110974598,-1.41443506145671,0.555235284668584,-2.54745168492124,0.0108512878190657,0.0270772292442218,"AP4B1","Ex_L2_3"
"CAPN7",20.7485398426068,0.550751189537511,0.216220063287355,2.5471789304102,0.0108597734409628,0.0270915221645553,"CAPN7","Ex_L2_3"
"ENSG00000285582",5.02035454764476,-1.57790868808604,0.619539394591078,-2.54690614004866,0.010868266076835,0.0271058253208497,"ENSG00000285582","Ex_L2_3"
"MEF2C",209.324363201647,-0.844335596960273,0.331937740308842,-2.54365651876368,0.0109698897260381,0.0273523341798472,"MEF2C","Ex_L2_3"
"EIF2AK4",9.6999182396369,-0.966885244550029,0.380256629272529,-2.54271765465281,0.0109994071083595,0.0274142313760629,"EIF2AK4","Ex_L2_3"
"KAT14",4.40315637874679,-2.01464627242977,0.792328878038368,-2.54268944155814,0.011000295204035,0.0274142313760629,"KAT14","Ex_L2_3"
"TTC19",36.2882073554424,0.485639173424985,0.191006541370161,2.54252639695643,0.0110054287925561,0.0274200690991811,"TTC19","Ex_L2_3"
"KCNC4",7.77908130755076,-0.976025253183213,0.383917850014107,-2.54227630506721,0.0110133072706819,0.0274271452455548,"KCNC4","Ex_L2_3"
"DNHD1",13.5325720299589,0.666809483770345,0.262290145797038,2.54225900002483,0.0110138526052233,0.0274271452455548,"DNHD1","Ex_L2_3"
"BAIAP3",18.3732787010581,-0.83855338831973,0.329861321258057,-2.54213917873601,0.0110176291968566,0.0274295968651596,"BAIAP3","Ex_L2_3"
"PPM1A",20.6324411397908,0.609123060596476,0.239639215459709,2.54183381224968,0.0110272591046103,0.0274396639928297,"PPM1A","Ex_L2_3"
"DYM",47.6804344044673,0.483782696060843,0.190323542584459,2.54189623359998,0.0110252900035581,0.0274396639928297,"DYM","Ex_L2_3"
"DDX18",15.1341524574143,0.61915154239912,0.243677023871208,2.54086960092866,0.0110577151677974,0.0275084815924138,"DDX18","Ex_L2_3"
"ARF4",8.14344526815342,1.10037544690665,0.433242277603213,2.53986165199332,0.0110896326186257,0.0275669410033854,"ARF4","Ex_L2_3"
"NR1H3",3.19507669295016,-1.58590065165195,0.624366161307974,-2.54001698030796,0.0110847087042268,0.0275669410033854,"NR1H3","Ex_L2_3"
"MAGOHB",2.12279029735893,-1.90638175043001,0.750568871408127,-2.53991581992134,0.0110879152723234,0.0275669410033854,"MAGOHB","Ex_L2_3"
"ITGB1BP1",10.2914661559902,-1.11057076138031,0.437653930262885,-2.53755463983432,0.011162994088077,0.0277422853329796,"ITGB1BP1","Ex_L2_3"
"PPT1",7.72192267538197,-0.98999594905361,0.390223716428935,-2.53699584974841,0.0111808279636308,0.0277795786329563,"PPT1","Ex_L2_3"
"ASIC2",118.693116328472,0.672069004436165,0.264936574970516,2.53671658777561,0.0111897501340681,0.0277947168943325,"ASIC2","Ex_L2_3"
"FBXL18",9.30689058555673,0.844596478126258,0.333111242404758,2.53547875487193,0.0112293739664965,0.0278860894456173,"FBXL18","Ex_L2_3"
"CNGB1",11.5112865587125,-1.0661659870312,0.420605930049172,-2.53483346491704,0.0112500794847903,0.0279304475255445,"CNGB1","Ex_L2_3"
"DHX29",20.5852793665112,0.626156790107844,0.247080321903312,2.53422362932194,0.0112696785262111,0.0279720368472707,"DHX29","Ex_L2_3"
"REPIN1",7.65363248166479,-1.38147997626232,0.545187075837221,-2.53395584284687,0.0112782942871771,0.0279863508656803,"REPIN1","Ex_L2_3"
"TRIQK",6.87822939350943,-0.956976451990443,0.377866861420031,-2.53257575537084,0.0113227900264266,0.0280896689948524,"TRIQK","Ex_L2_3"
"POLB",6.03699619752271,0.923304891383221,0.364677415429262,2.53184006554505,0.01134657321375,0.0281415640625802,"POLB","Ex_L2_3"
"GAS2L1",3.28851279918706,-1.56210775959879,0.617121755570071,-2.53127967941397,0.0113647189767523,0.0281794546258492,"GAS2L1","Ex_L2_3"
"MTAP",5.27039304808925,-1.27668376605154,0.504551178440871,-2.53033551521306,0.011395350063298,0.0282482763113397,"MTAP","Ex_L2_3"
"POC1B-AS1",5.82096393642504,1.26068182901122,0.498454427494889,2.52918172549315,0.0114328814221751,0.0283341642511222,"POC1B-AS1","Ex_L2_3"
"DGAT1",5.99130077177631,-1.04390128987613,0.412811774369796,-2.52875851583877,0.0114466753908641,0.0283611952181208,"DGAT1","Ex_L2_3"
"ENSG00000291034",33.9160267444558,-0.56740375549991,0.224488284335504,-2.52754283894793,0.011486380996118,0.0284523971018314,"GYG2P1","Ex_L2_3"
"USP38-DT",5.1198297797157,-1.1084605913022,0.438639621462038,-2.52704164664279,0.0115027861497861,0.0284858510550791,"USP38-DT","Ex_L2_3"
"DLK2",3.17182439925331,-1.49118218224103,0.590171647052535,-2.52669234397884,0.0115142319062529,0.0285070096388682,"DLK2","Ex_L2_3"
"COL23A1",7.80081966425865,-0.901254349966923,0.356748507538427,-2.52630166888601,0.0115270453046054,0.0285315427242235,"COL23A1","Ex_L2_3"
"SSB",12.648296406296,-0.885097929359267,0.350484147925123,-2.52535795013576,0.0115580496981406,0.0286010781447188,"SSB","Ex_L2_3"
"MRPS5",13.1958529597142,-0.791988192945299,0.313664853284382,-2.52495038781807,0.0115714623810332,0.0286270577766987,"MRPS5","Ex_L2_3"
"KCNN3",13.298424137637,-1.08073726325518,0.428061162305279,-2.52472627377589,0.0115788437520756,0.0286381070041265,"KCNN3","Ex_L2_3"
"H1-10",3.85396752331402,-1.50247689516315,0.595378456964044,-2.52356610755549,0.0116171215683927,0.0287255480211149,"H1-10","Ex_L2_3"
"SLC41A3",4.02740040344358,-1.47183424293097,0.583271867405091,-2.52341030860788,0.0116222704455506,0.0287310480264441,"SLC41A3","Ex_L2_3"
"WARS2",4.87366391607513,0.99036169087265,0.392886260954242,2.52073383392756,0.0117110398699532,0.0289432089767096,"WARS2","Ex_L2_3"
"PLA2G4A",4.80033737764114,-1.16448790588653,0.46198467729024,-2.52062019181417,0.0117148222615331,0.0289452751250757,"PLA2G4A","Ex_L2_3"
"TBC1D31",6.49896644984908,-0.993385299602686,0.394120681069759,-2.52051046117739,0.0117184754943308,0.0289470211858954,"TBC1D31","Ex_L2_3"
"ACVR1",12.8871942079638,0.758392641607825,0.300921900380487,2.52023079958258,0.0117277907634057,0.0289627492357209,"ACVR1","Ex_L2_3"
"WDR47",11.4630215360995,0.833969514307891,0.330929247386727,2.52008403878943,0.0117326818571463,0.028967546259011,"WDR47","Ex_L2_3"
"DENND3",17.35697049495,-0.628665512268148,0.249555978728946,-2.51913624939025,0.0117643124105477,0.0290383429952817,"DENND3","Ex_L2_3"
"DAGLB",12.8234570500691,0.851689788523498,0.338149198019007,2.518680492259,0.0117795492944963,0.0290686491507489,"DAGLB","Ex_L2_3"
"RTN4RL1",21.3071733701758,0.70312112506811,0.279222548046048,2.51813877492499,0.0117976827665071,0.0291060862627237,"RTN4RL1","Ex_L2_3"
"LCNL1",5.68531779635219,-1.19874083354848,0.476085150817406,-2.51791267064374,0.011805258712315,0.0291152765765158,"LCNL1","Ex_L2_3"
"DAZAP2",8.28776934725591,0.807662904443385,0.320774738068567,2.51785071762959,0.0118073352891734,0.0291152765765158,"DAZAP2","Ex_L2_3"
"TLN2",52.2095638510268,0.467387871590131,0.185642858989512,2.51767223438708,0.0118133196045745,0.0291227231606877,"TLN2","Ex_L2_3"
"DNAJA4",11.1429732057131,0.740244023676112,0.294041658500492,2.51748009942229,0.0118197646510292,0.0291313015383117,"DNAJA4","Ex_L2_3"
"RSL24D1",1.88091811903064,-2.05105752758748,0.814924088232633,-2.5168694326311,0.0118402697951909,0.0291692489710446,"RSL24D1","Ex_L2_3"
"ICAM5",5.49108721049335,-1.17107660192513,0.465295529282114,-2.51684473249063,0.0118410998469591,0.0291692489710446,"ICAM5","Ex_L2_3"
"CNOT10",13.743184329399,0.653622481215294,0.259720666337138,2.5166363941437,0.0118481031405509,0.0291791840693838,"CNOT10","Ex_L2_3"
"CWC15",6.79225016955919,1.00651006676469,0.399991029956085,2.51633159592402,0.0118583555505745,0.0291971140172542,"CWC15","Ex_L2_3"
"NCBP3",11.142664042327,0.749339177459962,0.297893699997064,2.5154582908848,0.0118877742363582,0.0292622135048818,"NCBP3","Ex_L2_3"
"SYNJ2",55.0193926380675,0.916307653104968,0.364289728719577,2.51532662292085,0.0118922152931931,0.029265812384852,"SYNJ2","Ex_L2_3"
"DBT",3.52025522356062,-1.32864607881626,0.528352493890874,-2.51469633280596,0.0119134948658388,0.0293108373558729,"DBT","Ex_L2_3"
"SLC25A39",8.10667768760114,-0.960597135299454,0.382109225085155,-2.51393337882743,0.0119392985400308,0.0293669676658145,"SLC25A39","Ex_L2_3"
"PRAG1",25.235068032469,0.908536237900888,0.361430466272971,2.51372344802476,0.0119464072442273,0.029377097563777,"PRAG1","Ex_L2_3"
"TMEM107",1.35919569143052,-2.42297033712703,0.964172144146677,-2.51300595213881,0.0119707315215247,0.0294295461630277,"TMEM107","Ex_L2_3"
"HP1BP3",30.2894728584068,-0.512760226377677,0.204109311990022,-2.51218438481996,0.0119986379043239,0.0294907727725989,"HP1BP3","Ex_L2_3"
"BBS2",17.3630456821644,-0.652826630074038,0.259906648614162,-2.51177349080891,0.0120126164666453,0.029517744914538,"BBS2","Ex_L2_3"
"TPRG1L",3.2217050712141,-1.42780007868634,0.568634553856672,-2.51092739440915,0.012041446036275,0.0295663998651251,"TPRG1L","Ex_L2_3"
"ZNF451",40.9062439451661,0.469909477721056,0.187135534722409,2.51106492638133,0.0120367556534364,0.0295663998651251,"ZNF451","Ex_L2_3"
"KIF27",5.15097221322542,-1.10178228130287,0.438792351255299,-2.5109423128067,0.0120409371817383,0.0295663998651251,"KIF27","Ex_L2_3"
"LRTM1",10.3139594522271,0.857709093448682,0.341752282081714,2.50973918366872,0.0120820362186254,0.0296586516271304,"LRTM1","Ex_L2_3"
"ARL6",15.7954162425384,-0.681159815196162,0.271461272630759,-2.50923385348846,0.0120993354046219,0.0296936974806409,"ARL6","Ex_L2_3"
"ENSG00000235021",3.17750645510043,-1.56051517990683,0.621944921984087,-2.50908902821906,0.0121042973161788,0.0296984557527824,"ENSG00000235021","Ex_L2_3"
"PGRMC1",18.1024894123021,-0.626077633763686,0.24959915912553,-2.50833230351075,0.0121302530799874,0.029754708179225,"PGRMC1","Ex_L2_3"
"GLG1",45.1335790976676,0.444508378901675,0.177223919537522,2.5081737276867,0.0121356985001695,0.0297606345645694,"GLG1","Ex_L2_3"
"POLH",2.74554821241803,-1.5891735692733,0.633638383760356,-2.50801341901398,0.0121412056274799,0.029766709279851,"POLH","Ex_L2_3"
"UTP23",7.00612814563486,-0.991563426928563,0.395424450534429,-2.50759260229971,0.0121556725971492,0.0297947424137708,"UTP23","Ex_L2_3"
"FRS3",3.77373625040965,-1.48416936487124,0.591921228802399,-2.5073764762147,0.0121631085837254,0.0298055322341029,"FRS3","Ex_L2_3"
"SYNGR3",5.3062905783892,-1.08043258382787,0.430951855069791,-2.50708419308903,0.0121731712244896,0.0298227516482258,"SYNGR3","Ex_L2_3"
"RGS7",547.558823874693,1.52045601062312,0.606745083595968,2.50592225916674,0.0122132469500549,0.0299134724600696,"RGS7","Ex_L2_3"
"NDUFB4",7.91605451567211,0.839428308714506,0.33503140257963,2.50552128024773,0.0122271040362998,0.0299394258702158,"NDUFB4","Ex_L2_3"
"CUTC",3.28335219845093,-1.40621507286685,0.561264871886772,-2.5054393091441,0.0122299385196637,0.0299394258702158,"CUTC","Ex_L2_3"
"BICRA",3.37491583825357,-1.48139348261259,0.591394279304781,-2.50491682867487,0.0122480190869798,0.0299762181142225,"BICRA","Ex_L2_3"
"XPR1",26.2025702036076,0.547847497595059,0.218760091660586,2.50433017026279,0.0122683487695748,0.0300110204960913,"XPR1","Ex_L2_3"
"MAP3K10",7.59655004288107,-0.90009997447903,0.359409958508719,-2.50438240001409,0.0122665376218847,0.0300110204960913,"MAP3K10","Ex_L2_3"
"ZFAND1",9.03991743340712,-0.90653933941332,0.362040196400095,-2.50397427807019,0.0122806961922309,0.0300337464258093,"ZFAND1","Ex_L2_3"
"SMAD1",21.3569323339182,0.633031114986432,0.252902976447522,2.50305917264595,0.0123124956777329,0.0301040212887128,"SMAD1","Ex_L2_3"
"ABHD13",3.13437815501383,-1.45771736101643,0.582581099310857,-2.50217070677504,0.0123434392187681,0.0301721689189295,"ABHD13","Ex_L2_3"
"SFXN5",25.5463350521764,0.577001519032972,0.23068958103654,2.50120320319789,0.0123772138229422,0.0302407107756622,"SFXN5","Ex_L2_3"
"FAM222B",16.3243718670519,-0.661900594111112,0.264634153374931,-2.50119111864347,0.012377636200014,0.0302407107756622,"FAM222B","Ex_L2_3"
"MTARC1",3.1697176660127,-1.55732467319571,0.622805501315936,-2.50049922472621,0.012401840446948,0.0302923124193977,"MTARC1","Ex_L2_3"
"ENSG00000291293",3.92286259056097,-1.25251888881389,0.501040899223847,-2.4998336278618,0.0124251643063024,0.0303371019556915,"ENSG00000291293","Ex_L2_3"
"GIGYF1",9.15532690463211,-0.857683674860046,0.343100956861253,-2.49979971698792,0.012426353651232,0.0303371019556915,"GIGYF1","Ex_L2_3"
"ZFHX3",15.1996591260286,-0.707767972498966,0.283211833589295,-2.49907626926828,0.0124517509267232,0.0303915530693489,"ZFHX3","Ex_L2_3"
"BRD8",9.02228201167457,-1.26015624959451,0.504543013199828,-2.49761906641529,0.0125030469176432,0.0305028934765224,"BRD8","Ex_L2_3"
"PRELID3A",3.68555945528473,-1.37901728469731,0.552136080611614,-2.49760400220493,0.012503578178945,0.0305028934765224,"PRELID3A","Ex_L2_3"
"AEBP2",65.2592164599351,-0.478367625913785,0.191566739980251,-2.49713298855063,0.0125201992474643,0.0305358583433688,"AEBP2","Ex_L2_3"
"LMO3",55.0344554644045,-0.741509266359283,0.296999737731751,-2.49666640119733,0.0125366834072526,0.030560887789789,"LMO3","Ex_L2_3"
"NFATC2IP",6.8845117514921,0.872474472075658,0.349451406492609,2.49669755469738,0.0125355821804889,0.030560887789789,"NFATC2IP","Ex_L2_3"
"CSDE1",19.072100194211,-0.592808935828832,0.237470908110336,-2.49634340705597,0.0125481057860874,0.0305735593359431,"CSDE1","Ex_L2_3"
"HDHD5",5.54484494190644,0.919725022844711,0.36841753453344,2.49642032920458,0.012545384672275,0.0305735593359431,"HDHD5","Ex_L2_3"
"FHIP1B",6.68390200566775,1.02463555284177,0.410500519433552,2.49606396175979,0.012557995535427,0.030590068966039,"FHIP1B","Ex_L2_3"
"FAM20B",8.43272993605811,-0.908522542310143,0.364141012622337,-2.49497450388101,0.0125966180844615,0.0306765433965665,"FAM20B","Ex_L2_3"
"TLCD3B",3.66826620625758,-1.30671258803264,0.52387934986611,-2.49430062163474,0.0126205606018403,0.0307272335446045,"TLCD3B","Ex_L2_3"
"KRR1",14.1392190130256,0.688519739184538,0.276146523154095,2.49331308364991,0.0126557198437693,0.0308052011261618,"KRR1","Ex_L2_3"
"MRPS30",4.52775425562631,-1.15951167318423,0.465169249366511,-2.49266621721729,0.0126787971534943,0.0308537288174208,"MRPS30","Ex_L2_3"
"TBCD",14.5459424341823,-1.17447581183416,0.471293013068428,-2.49202890615236,0.0127015699893495,0.0309014917224789,"TBCD","Ex_L2_3"
"ENSG00000271533",4.79459377490628,-1.79636577023913,0.721417208664167,-2.49005117796598,0.012772470195024,0.0310662904669265,"ENSG00000271533","Ex_L2_3"
"HNRNPK",24.3316245974502,0.503285565474911,0.202152447802705,2.48963379343347,0.0127874778262553,0.0310950945953298,"HNRNPK","Ex_L2_3"
"CNPY2",23.0060052704859,0.631026516671123,0.253472620265925,2.48952536178896,0.0127913791869298,0.0310968842198462,"CNPY2","Ex_L2_3"
"VWC2",3.00231566848958,-1.58208223421329,0.63570578878606,-2.48870194690915,0.0128210399653858,0.0311612807075581,"VWC2","Ex_L2_3"
"COX7B",7.15134636372442,0.83296747046909,0.334711443634612,2.48861365904895,0.0128242238512907,0.0311613096995004,"COX7B","Ex_L2_3"
"SPICE1",6.87317679041961,-1.04863426846422,0.421471753558391,-2.48802976619629,0.0128452981397896,0.0312047994375105,"SPICE1","Ex_L2_3"
"ATXN7L2",3.43155525094279,-1.8585055968259,0.747443668788921,-2.48648249283752,0.0129012917272907,0.0313199099050025,"ATXN7L2","Ex_L2_3"
"ENSG00000286416",2.48404938643592,-1.63038004564014,0.655704323991173,-2.48645614492256,0.0129022470872908,0.0313199099050025,"ENSG00000286416","Ex_L2_3"
"CDK5RAP3",18.6266181520087,-0.607744294998592,0.244404803074291,-2.48662991624538,0.012895947395371,0.0313199099050025,"CDK5RAP3","Ex_L2_3"
"SNRPE",4.83334258410166,1.02431775227911,0.412285821422672,2.48448454701765,0.0129739138928714,0.0314860993289448,"SNRPE","Ex_L2_3"
"NR2F1",9.61887039240709,-1.03916765000732,0.418423904584051,-2.48352839936413,0.0130087961083886,0.031562957018723,"NR2F1","Ex_L2_3"
"SLC66A1",2.16902038228979,-1.82621783665344,0.735577805051044,-2.48269839589126,0.0130391435618377,0.031628776876912,"SLC66A1","Ex_L2_3"
"DCTN2",14.5313174115916,0.733033455863844,0.295360619883595,2.48182528920999,0.0130711345624686,0.0316985499732637,"DCTN2","Ex_L2_3"
"SRSF3",8.78076419295793,-0.905152813129314,0.365032054575648,-2.47965295590701,0.013151031177545,0.0318844349181151,"SRSF3","Ex_L2_3"
"RUFY1-AS1",10.9661985354009,0.712263320992923,0.287360675736439,2.47863880180389,0.0131884785621909,0.031967336144822,"RUFY1-AS1","Ex_L2_3"
"ENSG00000237188",6.73434468144885,-1.02368749759765,0.413034401568407,-2.47845577441109,0.0131952468365143,0.0319758522254358,"ENSG00000237188","Ex_L2_3"
"SCPEP1",28.8386822548583,-0.991870506456224,0.400245185900302,-2.47815724310371,0.0132062929859565,0.0319947280626478,"SCPEP1","Ex_L2_3"
"HAGHL",9.51552883259265,-0.87462678419009,0.353056355642374,-2.47730077709191,0.0132380290250486,0.0320558040774161,"HAGHL","Ex_L2_3"
"SNN",7.74816127456994,-0.871249194652169,0.351681179999139,-2.477383619602,0.0132349563829759,0.0320558040774161,"SNN","Ex_L2_3"
"FAM200A",6.97537758112669,-1.3144294124614,0.530892655025042,-2.47588547330609,0.0132906203824652,0.0321752229268945,"FAM200A","Ex_L2_3"
"ZMYND11",27.3014446887959,-0.535412671750543,0.216274958842264,-2.4756110213436,0.0133008401129901,0.0321920308622851,"ZMYND11","Ex_L2_3"
"BAIAP2",38.3879365837617,0.509516647751607,0.205876333875387,2.47486750011785,0.0133285614215743,0.0322471266762166,"BAIAP2","Ex_L2_3"
"RBFADN",5.790867350866,-1.30797041172703,0.528510386574368,-2.47482442153099,0.0133301691197186,0.0322471266762166,"RBFADN","Ex_L2_3"
"FEM1B",5.45978886157795,-1.04926210384792,0.424035117803469,-2.47446982524271,0.0133434092105092,0.0322712092772137,"FEM1B","Ex_L2_3"
"DNAAF5",2.51940452214461,-1.60554292582478,0.648901556997347,-2.47424730070628,0.0133517238759856,0.0322833707501064,"DNAAF5","Ex_L2_3"
"NELL2",137.072986090886,-0.726716922382008,0.293778481058805,-2.47369010746755,0.0133725635848479,0.0323258033114041,"NELL2","Ex_L2_3"
"CDK20",3.65103851991128,-1.28800780656637,0.520814142926941,-2.47306611016331,0.0133959359686038,0.0323743357824264,"CDK20","Ex_L2_3"
"ZNF211",5.25186079448767,1.01396240899925,0.410114527343152,2.47238842176113,0.0134213602906771,0.0324278021386158,"ZNF211","Ex_L2_3"
"ENSG00000287558",3.91940915690454,-1.67667670333555,0.678631090953535,-2.47067475346536,0.0134858410343932,0.0325755845394342,"ENSG00000287558","Ex_L2_3"
"SLC4A10",158.210489272833,-0.533904091791887,0.216152209298498,-2.47003763470484,0.0135098838192663,0.0326256388005094,"SLC4A10","Ex_L2_3"
"KCTD1",68.5625031372742,-0.528549657784104,0.21406337470523,-2.46912699807675,0.013544314028728,0.032700747362552,"KCTD1","Ex_L2_3"
"UBA1",10.0633268352149,-0.805904495701473,0.326439371180913,-2.46877235667398,0.0135577436064248,0.032725128547793,"UBA1","Ex_L2_3"
"GPR85",3.91442397877478,-1.28311038259178,0.519812003668099,-2.46841237512294,0.0135713874353144,0.0327500147788084,"GPR85","Ex_L2_3"
"RNF112",9.26165626851981,-0.809525927931349,0.328013364277471,-2.46796629678345,0.0135883112871173,0.0327828020836542,"RNF112","Ex_L2_3"
"FAM162A",9.84990979223698,-0.943973868214872,0.382634552401601,-2.46703770553399,0.0136236011029674,0.0328550440708724,"FAM162A","Ex_L2_3"
"ZNF767P",18.6638186627013,0.587628108925998,0.238201249890613,2.46693965374174,0.013627332146299,0.0328550440708724,"ZNF767P","Ex_L2_3"
"BNIP3L",22.1580071264766,-0.770647174064277,0.312393139290302,-2.46691452896514,0.013628288333551,0.0328550440708724,"BNIP3L","Ex_L2_3"
"LYPLA1",2.69015474055862,-1.61752760278317,0.655763447311827,-2.4666327612707,0.0136390157796029,0.0328728388171783,"LYPLA1","Ex_L2_3"
"AGFG2",2.2356488275578,-1.73690205158578,0.704290013633598,-2.46617447069098,0.0136564797291424,0.0329068572134155,"AGFG2","Ex_L2_3"
"ZNF638",81.7634348022462,0.366440380090044,0.148623071128286,2.46556861803606,0.0136795970995632,0.0329544781525525,"ZNF638","Ex_L2_3"
"PSMC6",18.8526433480915,0.730883343727856,0.296461307718031,2.46535829364623,0.0136876304741174,0.0329657469423215,"PSMC6","Ex_L2_3"
"CDK9",10.7499450658463,-0.835239834748507,0.338821830393449,-2.46512992913887,0.0136963576119585,0.0329786806813433,"CDK9","Ex_L2_3"
"EPM2A-DT",6.92298096498543,-1.13763414573044,0.461561392500375,-2.46475152431541,0.013710829483455,0.0329892698617346,"EPM2A-DT","Ex_L2_3"
"KCNV2",15.1402315449848,-1.42837054468366,0.57951182191325,-2.46478240938712,0.0137096477959594,0.0329892698617346,"KCNV2","Ex_L2_3"
"LINC00407",4.93035128997518,-1.11263290289695,0.451414254581493,-2.46477130840379,0.0137100725180866,0.0329892698617346,"LINC00407","Ex_L2_3"
"PHF1",10.6253589582625,-0.788609065445938,0.320157941521808,-2.46318758078416,0.0137707849463401,0.0331254141314509,"PHF1","Ex_L2_3"
"ERGIC2",17.4752526028379,0.563793670594049,0.229053997915912,2.46140069906583,0.0138395702717034,0.0332745810937872,"ERGIC2","Ex_L2_3"
"ST3GAL2",7.66123442257536,-0.917133812991523,0.372600024702004,-2.46144324258975,0.0138379290560282,0.0332745810937872,"ST3GAL2","Ex_L2_3"
"SEMA3C",8.51744272480408,0.788255258055352,0.320411618356558,2.46013319397854,0.0138885461429023,0.0333841637650776,"SEMA3C","Ex_L2_3"
"CA10",92.1996600878508,-0.823345537999434,0.334687648632772,-2.4600415980777,0.0138920912918347,0.0333845168422171,"CA10","Ex_L2_3"
"RIMS4",5.87460600890757,-1.04125549169903,0.423364600127188,-2.45947698835994,0.0139139617230474,0.033428897032824,"RIMS4","Ex_L2_3"
"B4GALT6",14.60344130784,-0.805873455642455,0.327711832116867,-2.4590917283544,0.0139289023978524,0.033456610551712,"B4GALT6","Ex_L2_3"
"MXD1",12.9355770035044,0.651762508427213,0.265051503362617,2.45900325090983,0.0139323356193304,0.0334566768820098,"MXD1","Ex_L2_3"
"GNAI2",3.6607875453698,-1.85539123485964,0.754603353065314,-2.45876357071931,0.013941639767502,0.0334626604143513,"GNAI2","Ex_L2_3"
"C4orf3",3.67310584086107,-1.26719888185716,0.515380019661811,-2.45876602412465,0.0139415445009515,0.0334626604143513,"C4orf3","Ex_L2_3"
"NIPSNAP1",6.28978463098503,-1.02475178105072,0.417227921382002,-2.4560958855687,0.0140455675332484,0.0337038728496904,"NIPSNAP1","Ex_L2_3"
"LRRK2",29.9493754396083,0.734867560804534,0.299251373863772,2.45568650635191,0.0140615765131108,0.0337340482697926,"LRRK2","Ex_L2_3"
"EID1",15.3906692869996,-1.19922836546639,0.488386685662932,-2.45548947313863,0.0140692873349641,0.0337443063424528,"EID1","Ex_L2_3"
"RBM14",16.8677712779292,0.597470550089842,0.243503039662991,2.45364719437073,0.0141415649920356,0.0339011065109218,"RBM14","Ex_L2_3"
"NPLOC4",19.9058802854901,0.632881377812817,0.257933861487343,2.45365759332019,0.0141411560948765,0.0339011065109218,"NPLOC4","Ex_L2_3"
"ZYX",25.5228798417992,-0.772216260271508,0.314933681588155,-2.45199642152391,0.0142066074759709,0.034048722089275,"ZYX","Ex_L2_3"
"PAICS",5.06691763241607,0.973981429340612,0.397238338629822,2.45188174107294,0.0142111358167313,0.0340512678691629,"PAICS","Ex_L2_3"
"YIPF1",1.83828694221775,-1.87551133420678,0.765113108041785,-2.45128637124898,0.0142346654188833,0.0340993301816897,"YIPF1","Ex_L2_3"
"KLHL3",23.8656174827981,-1.03449873910617,0.422062589875819,-2.45105527929054,0.0142438076564967,0.0341129123396936,"KLHL3","Ex_L2_3"
"LINC00960",12.8507471714817,1.12212948899852,0.458206088369949,2.44896241555946,0.0143268396915184,0.0343034055884661,"LINC00960","Ex_L2_3"
"SRFBP1",10.1916082285581,-1.44050396498959,0.588341440904201,-2.44841492514233,0.0143486310952149,0.0343472104969276,"SRFBP1","Ex_L2_3"
"NUDT5",5.21617130534987,-1.05536478703197,0.431179355480707,-2.44762364806492,0.0143801774409507,0.0344143393860901,"NUDT5","Ex_L2_3"
"URB1",6.28497933474998,-1.18210025357151,0.483278944647231,-2.44599990681237,0.0144451037836993,0.034561300431335,"URB1","Ex_L2_3"
"NAXE",7.25430678177515,-0.929751088235965,0.38015932891327,-2.44568794587724,0.0144576073059363,0.0345827938089891,"NAXE","Ex_L2_3"
"CHST10",1.57356920340091,-2.15142203427828,0.879761935514093,-2.445459331019,0.0144667763422871,0.0345963025283905,"CHST10","Ex_L2_3"
"COL12A1",1.61389460171873,-2.18196396153639,0.892305894171679,-2.44530936732396,0.0144727937080111,0.0346022695029208,"COL12A1","Ex_L2_3"
"FAM85B",3.21677390510597,-1.42238295585353,0.581736490643187,-2.44506400875918,0.0144826435987289,0.0346173943342854,"FAM85B","Ex_L2_3"
"LIMK1",4.84996270676264,-1.10221560733223,0.450870505974228,-2.44463896557305,0.0144997208982103,0.034649783046465,"LIMK1","Ex_L2_3"
"NMRAL1",6.18878408397152,0.888734212274604,0.363609735077922,2.44419806880073,0.0145174539195826,0.0346837225938666,"NMRAL1","Ex_L2_3"
"PDS5A",38.3654170658103,0.558683185949476,0.228589688490731,2.44404369085147,0.0145236675729469,0.0346901313485608,"PDS5A","Ex_L2_3"
"DHCR24",5.63798050523454,-1.07865469783282,0.441372873266341,-2.4438626910855,0.0145309557306076,0.0346991028433372,"DHCR24","Ex_L2_3"
"UNC5A",20.2528333312235,-0.615283864165062,0.251804765149466,-2.44349571303721,0.0145457424092882,0.0347259716716518,"UNC5A","Ex_L2_3"
"CCNK",5.25487521511246,1.00799118888568,0.41274600379753,2.4421585663132,0.0145997324777648,0.0348463974396409,"CCNK","Ex_L2_3"
"MIGA2",8.5444791372984,0.793917764466412,0.325134661863598,2.44181213997873,0.0146137489417385,0.0348713795490987,"MIGA2","Ex_L2_3"
"PDHA1",5.42186139002148,-1.02795978798961,0.421096267710737,-2.44115150575438,0.0146405111917123,0.0349267561795488,"PDHA1","Ex_L2_3"
"ENSG00000236065",6.18785067125669,1.59414779519846,0.653097443998482,2.44090343615274,0.0146505716272895,0.0349422713441351,"ENSG00000236065","Ex_L2_3"
"IL12A-AS1",4.35343465532208,-1.17210290681804,0.480235095788951,-2.44068564979087,0.0146594089524524,0.0349548625118672,"IL12A-AS1","Ex_L2_3"
"RPA1",4.26255168872985,-1.25211296886094,0.51327042055703,-2.43948008440089,0.0147084133817277,0.0350626662319149,"RPA1","Ex_L2_3"
"LINC01278",49.5179405615169,-0.482875399703049,0.197948597547542,-2.4393979330269,0.0147117579609073,0.0350626662319149,"LINC01278","Ex_L2_3"
"ENSG00000232006",3.05654131475698,-1.38452574918333,0.567592957615762,-2.43929338904977,0.0147160151658973,0.0350643058427784,"ENSG00000232006","Ex_L2_3"
"ENSG00000272449",1.79795619501063,-1.98813901852442,0.815118158925728,-2.43908075995345,0.0147246771272445,0.035071202878945,"ENSG00000272449","Ex_L2_3"
"RPL14",25.4871849725796,0.557746771915286,0.228674049378033,2.43904707784854,0.0147260496616092,0.035071202878945,"RPL14","Ex_L2_3"
"DCLK2",75.1838466173085,-0.46835507202366,0.19204409259034,-2.43878926816424,0.0147365590541891,0.0350877256782243,"DCLK2","Ex_L2_3"
"POLR1C",5.9587222167491,1.0333768549282,0.423745265951744,2.43867468963272,0.0147412318719764,0.0350903469615449,"POLR1C","Ex_L2_3"
"FARSA",6.3222173499045,-1.30970211771359,0.537174176262268,-2.43813305923728,0.0147633386845432,0.0351344571794942,"FARSA","Ex_L2_3"
"C1orf112",9.87516852716574,0.839790577907912,0.344493888863816,2.43775174264381,0.0147789197603137,0.0351630195508166,"C1orf112","Ex_L2_3"
"INPP5B",11.0566618813247,-0.752779421345784,0.308972712307232,-2.43639451433901,0.0148344954682207,0.0352867030217434,"INPP5B","Ex_L2_3"
"SECISBP2L",41.1570367256388,0.400109680880299,0.164295465226045,2.43530568740781,0.0148792137416609,0.0353845063660316,"SECISBP2L","Ex_L2_3"
"SLC25A42",5.96744749127693,-1.07131866022962,0.439969442862583,-2.43498424176751,0.0148924382475769,0.0354073846428353,"SLC25A42","Ex_L2_3"
"ANKRD62",6.2517336446538,1.83420172735746,0.753479221605402,2.43430963291783,0.0149202258211496,0.0354648677636037,"ANKRD62","Ex_L2_3"
"LRRTM2",4.08555998463006,-1.30606741660141,0.536663445490264,-2.4336806010856,0.0149461771930909,0.0355179595415881,"LRRTM2","Ex_L2_3"
"PRPF18",24.9932656893029,0.47697011621178,0.196141502190801,2.43176538817265,0.0150254363453373,0.0356976751285595,"PRPF18","Ex_L2_3"
"HDAC2-AS2",6.71043341082983,-1.73424182571254,0.713247852940883,-2.43147149838849,0.0150376313858221,0.0357141821958316,"HDAC2-AS2","Ex_L2_3"
"VPS35L",15.9877044840338,-0.705732571478743,0.290254984169153,-2.43142274885953,0.0150396551042503,0.0357141821958316,"VPS35L","Ex_L2_3"
"BTG1",7.06211763283744,1.05565142519949,0.43423701976258,2.43104889071105,0.0150551828941225,0.0357424158414353,"BTG1","Ex_L2_3"
"BANP",3.07203457269473,-1.40015874014796,0.576066943230682,-2.43054866556937,0.0150759812851458,0.0357831457224625,"BANP","Ex_L2_3"
"ABHD5",9.46072084476458,0.733061130092275,0.30169118551822,2.4298394029414,0.0151055144276173,0.0358445830282398,"ABHD5","Ex_L2_3"
"RBM48",5.61408038761325,-1.06720467290254,0.439228112319886,-2.42972761298417,0.0151101739196241,0.0358469810640877,"RBM48","Ex_L2_3"
"PPARGC1A",23.155032723892,0.68951423130413,0.283808201808197,2.42950776937066,0.0151193408642698,0.0358600687229807,"PPARGC1A","Ex_L2_3"
"LIN54",6.43738697017477,0.884179833988961,0.363947687429155,2.42941462338889,0.0151232263024128,0.0358606264047558,"LIN54","Ex_L2_3"
"ACO2",20.7382812164981,0.540924773707367,0.222749688370897,2.42839744317255,0.0151657136438725,0.0359526956653966,"ACO2","Ex_L2_3"
"GSTM3",4.78944042995394,1.05464697213647,0.434324552656615,2.428246263504,0.0151720373416454,0.0359590096126235,"GSTM3","Ex_L2_3"
"NCAN",8.15849982323175,-1.16290147192471,0.479054280656184,-2.42749416690698,0.0152035313287159,0.0360249618363012,"NCAN","Ex_L2_3"
"SRC",5.64788558084285,-1.08275808458246,0.446075107727729,-2.42729994528937,0.0152116736905291,0.0360355636208724,"SRC","Ex_L2_3"
"TEPSIN",2.86354961495456,-1.51093365922586,0.622561873928172,-2.42696143548326,0.0152258742311793,0.0360605083045096,"TEPSIN","Ex_L2_3"
"P3H2",8.62385285785011,-0.855523735671423,0.352546396659645,-2.42669828362297,0.0152369215566403,0.0360747336094749,"P3H2","Ex_L2_3"
"DDB1",12.4474581635193,-0.705837425244892,0.290880334069838,-2.42655601830898,0.0152428969068537,0.0360747336094749,"DDB1","Ex_L2_3"
"FGD4",5.50299669634779,-1.13048789993265,0.465870015817613,-2.42661657017917,0.0152403533880385,0.0360747336094749,"FGD4","Ex_L2_3"
"PTPN23",4.82298004264056,0.95935665066111,0.395400568493135,2.42629051930097,0.0152540537698774,0.0360924432165885,"PTPN23","Ex_L2_3"
"NYAP2",23.3409001988276,0.554232227686948,0.228510506404001,2.42541245218318,0.0152910033440724,0.0361711574409264,"NYAP2","Ex_L2_3"
"GAREM1",23.0323455105212,0.530015677318841,0.218556922149814,2.4250692776298,0.0153054657308615,0.0361966527058217,"GAREM1","Ex_L2_3"
"LRRIQ1",14.2822155377518,-0.771738250487058,0.318273297603979,-2.42476593637245,0.0153182594505265,0.0362137790643655,"LRRIQ1","Ex_L2_3"
"CDR2",13.9676408878931,-0.652223784627005,0.268989010831201,-2.42472278927519,0.0153200799869201,0.0362137790643655,"CDR2","Ex_L2_3"
"LYRM2",9.61998491866005,0.736497056449098,0.303758906082698,2.4246105766808,0.0153248155451992,0.036216258820312,"LYRM2","Ex_L2_3"
"POLR2F",19.2710803770956,1.2870165805419,0.530910348577036,2.42416932348636,0.0153434496635365,0.0362515751550222,"POLR2F","Ex_L2_3"
"FAN1",4.92949036419588,-1.32711519622554,0.547587837001949,-2.42356587664824,0.0153689655076599,0.0363031298743088,"FAN1","Ex_L2_3"
"MAPK9",13.8659255017158,-0.677050420729374,0.279387298390624,-2.4233400180661,0.0153785252007628,0.0363082507984365,"MAPK9","Ex_L2_3"
"ANAPC11",5.58635938328554,1.02098629469939,0.42129975146421,2.42342012106819,0.0153751341613003,0.0363082507984365,"ANAPC11","Ex_L2_3"
"KYAT1",8.88973550581982,-0.857754586626564,0.353989066246282,-2.42311039638099,0.0153882495363097,0.0363224804047828,"KYAT1","Ex_L2_3"
"TBPL1",5.51278090960407,0.915499823568916,0.377867157590409,2.42280866484109,0.0154010359081484,0.0363439290803868,"TBPL1","Ex_L2_3"
"MMP24OS",7.90693580577693,-0.845050857681409,0.348808302876685,-2.42267988093208,0.0154064961856921,0.0363480832200382,"MMP24OS","Ex_L2_3"
"ZNF790",7.07623375829276,0.924534139896381,0.381711571917914,2.42207522096081,0.0154321558041753,0.0363998796207005,"ZNF790","Ex_L2_3"
"SPDYE1",16.543182680231,0.953241452812065,0.393580162140679,2.42197535472162,0.0154363973894477,0.0364011444920629,"SPDYE1","Ex_L2_3"
"SLC6A15",14.9533405634874,-0.638969329558853,0.263854218625322,-2.42167562409226,0.0154491339097885,0.0364224361722492,"SLC6A15","Ex_L2_3"
"TANK",5.57204558787877,-1.05885720759652,0.437306680034693,-2.42131496256247,0.0154644718402228,0.0364318867954413,"TANK","Ex_L2_3"
"BZW1",9.12800940698459,-0.846295822327097,0.349530987770376,-2.421232600078,0.0154679763664277,0.0364318867954413,"BZW1","Ex_L2_3"
"NGEF",34.2624424847254,0.610945956346161,0.252325339916606,2.42126278933411,0.0154666917315304,0.0364318867954413,"NGEF","Ex_L2_3"
"LARP7",6.70668018713701,-1.05175880919413,0.434361718979527,-2.42138927819213,0.0154613103076815,0.0364318867954413,"LARP7","Ex_L2_3"
"RUFY3",66.3172641182896,0.348195519663765,0.143854627262542,2.4204679841705,0.0155005441746727,0.036499843233937,"RUFY3","Ex_L2_3"
"GLTP",5.74808547264081,1.25268244411292,0.517594235406227,2.42020169163934,0.0155119007141528,0.0365178319232775,"GLTP","Ex_L2_3"
"WAC",43.9839265968993,0.505615230452065,0.20893569584801,2.41995618986941,0.0155223770792462,0.0365337403992608,"WAC","Ex_L2_3"
"PCGF3-AS1",7.09630136265624,-1.19889194993622,0.495622608586064,-2.41896138143591,0.0155648925755864,0.0366162606950576,"PCGF3-AS1","Ex_L2_3"
"ZNF12",3.74505637199891,-1.39801442147548,0.577922824351311,-2.41903306560815,0.0155618255603954,0.0366162606950576,"ZNF12","Ex_L2_3"
"ROCK1",31.0784377145264,0.46657761042044,0.192916100914099,2.41855194154165,0.01558242070353,0.0366487194138086,"ROCK1","Ex_L2_3"
"TOMM70",8.2093381424343,0.774552351984516,0.320303572948806,2.41818205414871,0.0155982705184417,0.0366772162693086,"TOMM70","Ex_L2_3"
"TESK2",5.46174886612565,-2.24444557551535,0.928489532399357,-2.41730843180899,0.015635761895003,0.0367565745050273,"TESK2","Ex_L2_3"
"MAPK10-AS1",51.6592104050521,0.850273789531852,0.351767362701176,2.41714803500447,0.0156426539083802,0.036763978946394,"MAPK10-AS1","Ex_L2_3"
"ALDOC",4.12501743701319,-1.58292879766863,0.655613119227047,-2.41442514075202,0.0157600611253927,0.0370310548901836,"ALDOC","Ex_L2_3"
"PIGF",3.99827729179844,-1.4333614025088,0.593897361983769,-2.41348336305285,0.0158008492313881,0.037118015984973,"PIGF","Ex_L2_3"
"PNPLA2",5.59920045735666,-1.16438847839587,0.482501738262889,-2.41323167578198,0.0158117654401828,0.0371347797476347,"PNPLA2","Ex_L2_3"
"CDH20",40.5346743683234,-1.85352064528074,0.768255888714979,-2.41263447831298,0.015837693701112,0.0371867836806224,"CDH20","Ex_L2_3"
"CUL9",10.5057604293466,-0.784492985668346,0.325236376060907,-2.412070246169,0.0158622250665591,0.0372348824452893,"CUL9","Ex_L2_3"
"GTF3A",9.30058770958485,-1.21313262306037,0.502959429352472,-2.41198902389046,0.0158657591526854,0.0372348824452893,"GTF3A","Ex_L2_3"
"PKIA",26.2085304794084,-0.608132303937102,0.252143672011176,-2.41184836837843,0.0158718808933401,0.0372403529725755,"PKIA","Ex_L2_3"
"TADA3",1.75633499239322,-1.959052875041,0.812343940573532,-2.4116052046352,0.0158824689927128,0.0372561370876747,"TADA3","Ex_L2_3"
"TUFM",13.1962070872184,0.700998978797939,0.290687641309368,2.41151971800512,0.0158861928196528,0.0372561370876747,"TUFM","Ex_L2_3"
"FAM163B",8.34307701775507,0.838025226726644,0.34755741911234,2.41118497446251,0.015900781753639,0.0372814510615154,"FAM163B","Ex_L2_3"
"HERC2P9",5.99461178298782,-0.992465756020546,0.411753736761885,-2.41033818861123,0.0159377393392505,0.0373591866544493,"HERC2P9","Ex_L2_3"
"ENSG00000258891",5.78491506854533,0.888337055907562,0.368631929858599,2.40982124431899,0.0159603382497647,0.0374032354402883,"ENSG00000258891","Ex_L2_3"
"SNHG29",8.52051129829086,-1.0579171365676,0.439119238144975,-2.40917965934876,0.0159884251742411,0.0374601213717492,"SNHG29","Ex_L2_3"
"FAM169A",28.863050667696,0.515386252523602,0.213945057969782,2.4089654484863,0.0159978124416493,0.0374731782133434,"FAM169A","Ex_L2_3"
"PDZD8",8.87992626585057,0.755627288917781,0.313726319544248,2.40855561629476,0.0160157858403844,0.037506336137291,"PDZD8","Ex_L2_3"
"MMP16",124.27072840487,-0.484738980446059,0.201330513467762,-2.40767766443747,0.0160543486250883,0.0375787278753556,"MMP16","Ex_L2_3"
"MACROD2",193.926473600068,-0.611294476621427,0.253886146067283,-2.40775042707303,0.0160511495307162,0.0375787278753556,"MACROD2","Ex_L2_3"
"CARNS1",2.32207920992661,-1.68234832637483,0.698896690681773,-2.40714879438577,0.0160776178630104,0.0376242300824713,"CARNS1","Ex_L2_3"
"SPEF2",14.0036739055854,-0.708684381453011,0.294548781663796,-2.40600004335417,0.016128262800038,0.0377337589301198,"SPEF2","Ex_L2_3"
"COG4",3.54818113302572,-1.50352388222162,0.625000108227299,-2.40563779498551,0.0161442622831377,0.0377621982546534,"COG4","Ex_L2_3"
"SCN1A-AS1",3.50380257382622,-1.38047133306404,0.573954077055024,-2.40519475033139,0.016163849272317,0.0377990133899647,"SCN1A-AS1","Ex_L2_3"
"HDAC4",19.3345486229676,0.565787684344267,0.235434489710371,2.40316397584862,0.016253897265129,0.0379915029104515,"HDAC4","Ex_L2_3"
"ANKHD1-DT",2.84971772423867,-1.43888978184595,0.598738941590697,-2.40320059694663,0.0162522695282713,0.0379915029104515,"ANKHD1-DT","Ex_L2_3"
"ZBTB20",33.6992202619374,1.3254155822578,0.551551720926367,2.40306671517892,0.0162582210089752,0.0379925697412399,"ZBTB20","Ex_L2_3"
"BZW2",14.8774244440046,0.622635951546938,0.259187551372161,2.40226024842107,0.0162941116136215,0.0380673846592669,"BZW2","Ex_L2_3"
"EIPR1",7.12582849355967,-0.894870453019793,0.372541517253376,-2.40206906230847,0.0163026302689579,0.0380755655382326,"EIPR1","Ex_L2_3"
"NDUFA3",9.38489513588969,-1.18722911608679,0.494265323132974,-2.40200770825144,0.0163053648431743,0.0380755655382326,"NDUFA3","Ex_L2_3"
"CNBP",7.3562091508027,0.810531571780795,0.337503378898099,2.40155098425108,0.0163257338800022,0.0381140707312599,"CNBP","Ex_L2_3"
"TRAF3",15.5881029722169,0.756836983014631,0.315216384201442,2.40100775513929,0.01634998999058,0.0381616302369821,"TRAF3","Ex_L2_3"
"SLITRK2",4.78147725618537,-1.27617638842278,0.531653593331929,-2.40039078909416,0.0163775769786694,0.0382169397240969,"SLITRK2","Ex_L2_3"
"ENSG00000226239",3.67025962290742,-1.30523205639367,0.543788579113439,-2.40025647195762,0.0163835882458982,0.0382218881329147,"ENSG00000226239","Ex_L2_3"
"TBRG4",2.48105770911,-1.55461553355895,0.647747300891492,-2.40003398149146,0.0163935499121748,0.0382360480382728,"TBRG4","Ex_L2_3"
"PDE8A",23.1596496114533,1.40909843589246,0.587365173638015,2.39901597700252,0.0164391973918808,0.0383245592976121,"PDE8A","Ex_L2_3"
"GIT1",9.7640976187664,-0.80664577780593,0.336240592559474,-2.39901366954453,0.016439300985356,0.0383245592976121,"GIT1","Ex_L2_3"
"LY6E",7.52517078560435,-0.864327360811573,0.360322613532501,-2.39875969020638,0.016450706910006,0.0383420509333094,"LY6E","Ex_L2_3"
"RESF1",6.54561368350353,-0.919371694583374,0.383333821035377,-2.39835789104173,0.0164687654538626,0.0383568401656582,"RESF1","Ex_L2_3"
"PSMD7-DT",4.28063261658994,-1.15391924734073,0.481121573338173,-2.39839431712546,0.0164671275950557,0.0383568401656582,"PSMD7-DT","Ex_L2_3"
"PDE4A",8.51834957685267,-1.08830203690694,0.453737536917387,-2.39852766932326,0.0164611327807398,0.0383568401656582,"PDE4A","Ex_L2_3"
"ENSG00000257759",8.64307868582853,-0.994754025234781,0.414785067799243,-2.39823972090588,0.0164740798292393,0.038360123309421,"ENSG00000257759","Ex_L2_3"
"LNX1",35.6251944955249,0.517243752368726,0.215696850702871,2.39801253788932,0.0164843009896789,0.0383748277067786,"LNX1","Ex_L2_3"
"TOX4",8.59732076559722,0.869678696652222,0.362719357766178,2.39766276056556,0.0165000486642759,0.0384023876043228,"TOX4","Ex_L2_3"
"POR",7.52078152725353,0.82492945967113,0.344201308965189,2.39664823515985,0.016545799397209,0.0384997473420609,"POR","Ex_L2_3"
"SPANXA2-OT1",9.74519460376567,-0.75557460914128,0.315586203070132,-2.39419404837977,0.0166569336936746,0.0387491632978117,"SPANXA2-OT1","Ex_L2_3"
"CAMSAP2",51.5160635402264,0.442909562796111,0.185017874995951,2.39387444486542,0.0166714546067356,0.0387737618505137,"CAMSAP2","Ex_L2_3"
"TCP1",7.29494869431179,0.844209359972104,0.352670918789936,2.39375949360584,0.0166766800363517,0.0387767348348211,"TCP1","Ex_L2_3"
"NTN4",1.34639185369319,-2.39192486920574,0.999695085119332,-2.39265442514426,0.0167269874110637,0.0388845064662304,"NTN4","Ex_L2_3"
"LINC02693",19.9542853509155,-0.628463146590591,0.262693782950066,-2.39237921633666,0.0167395367802894,0.038904473463346,"LINC02693","Ex_L2_3"
"SATB2-AS1",4.6533069961405,-1.14644549449579,0.479230098635956,-2.39226521405676,0.0167447376419017,0.0389073563372853,"SATB2-AS1","Ex_L2_3"
"RSRP1",48.4325382035263,-0.444124288456235,0.185672195887548,-2.3919805888719,0.0167577286294215,0.038928334371113,"RSRP1","Ex_L2_3"
"PLXNC1",15.8034035605145,-0.611664798172999,0.255781192605332,-2.39135955205586,0.0167861049843515,0.0389850343655482,"PLXNC1","Ex_L2_3"
"ZBTB17",5.75691753339426,1.00089804941083,0.418617943875637,2.3909583047118,0.0168044611629073,0.0390092217543481,"ZBTB17","Ex_L2_3"
"RNF208",5.1691537165954,-1.04681600938077,0.437807289141909,-2.39104289796661,0.0168005897433748,0.0390092217543481,"RNF208","Ex_L2_3"
"OCA2",2.88124374426963,-1.51824342078391,0.6354476370834,-2.38925024216377,0.0168827985516699,0.0391725585667465,"OCA2","Ex_L2_3"
"POLDIP2",6.13570414446668,-0.956434445254504,0.400293558301057,-2.38933259209527,0.0168790143704713,0.0391725585667465,"POLDIP2","Ex_L2_3"
"KSR1",3.04350071275298,-1.43331199371152,0.599936461754927,-2.38910632222421,0.0168894138135727,0.0391786543812369,"KSR1","Ex_L2_3"
"ORC2",23.6410662672898,0.545155981787701,0.228254031501946,2.38837394546985,0.0169231126770579,0.0392475587675678,"ORC2","Ex_L2_3"
"ZNF134",3.47782762594246,-1.35445207207702,0.567168433972577,-2.38809494842674,0.0169359656862129,0.0392680969793144,"ZNF134","Ex_L2_3"
"CHMP4A",8.29048518512709,0.844025743028964,0.353614019700603,2.38685599553881,0.0169931460895073,0.0393913797034732,"CHMP4A","Ex_L2_3"
"UBE2I",13.4001838861137,0.672374811989564,0.281738683244389,2.38651932438516,0.0170087134481148,0.0394181648771596,"UBE2I","Ex_L2_3"
"SLC35C2",3.54615236163305,-1.31473400711247,0.551510507185327,-2.38387843927454,0.017131260195217,0.0396928066409935,"SLC35C2","Ex_L2_3"
"FXR1",24.2089181229832,-0.528166535035578,0.221588139446183,-2.38355056527677,0.0171465286761771,0.0397188157780627,"FXR1","Ex_L2_3"
"NEK9",10.5872206532049,-0.752536798995777,0.315948789956283,-2.38183155915838,0.0172267751193262,0.0398952943828997,"NEK9","Ex_L2_3"
"COG6",43.793918816098,-0.88817067062451,0.372970667063939,-2.38134188303943,0.0172496943248862,0.0399389575884237,"COG6","Ex_L2_3"
"MFN2",10.0267833307633,0.717917403687354,0.301512098487507,2.38105670481777,0.0172630543620316,0.0399604726796886,"MFN2","Ex_L2_3"
"SNX1",13.8219276660436,0.616085079314839,0.2587847819456,2.38068511866493,0.0172804760570145,0.0399913773343015,"SNX1","Ex_L2_3"
"RPAP1",2.62151422346306,-1.48732957479003,0.62480692794443,-2.38046268098089,0.0172909123516695,0.0400061052620821,"RPAP1","Ex_L2_3"
"YBX1",6.66190749856727,1.14805157765297,0.482343830277797,2.3801518866568,0.0173055034062286,0.0400304368878713,"YBX1","Ex_L2_3"
"NLGN2",12.4827906281245,-0.703570439986344,0.295614310407141,-2.38002835186611,0.01731130606943,0.0400344328686629,"NLGN2","Ex_L2_3"
"CCDC93",14.4239623806339,-0.655226032376441,0.275323807926204,-2.37983789818882,0.0173202553828431,0.0400362797367178,"CCDC93","Ex_L2_3"
"SENP7",10.4574856254636,-0.740049215520905,0.310965550957348,-2.37984308307646,0.0173200116941125,0.0400362797367178,"SENP7","Ex_L2_3"
"ENSG00000286162",5.05435917940539,-1.22840475408902,0.516400885208272,-2.37878127105377,0.017369979445814,0.0401417732476304,"INCR1","Ex_L2_3"
"PDE7B-AS1",4.69747929940083,0.954025668716244,0.401401000613778,2.37673963756307,0.0174664118765757,0.0403456454915305,"PDE7B-AS1","Ex_L2_3"
"TRIM9",240.32067359233,0.964359781674506,0.405746307711439,2.37675553257368,0.0174656592985747,0.0403456454915305,"TRIM9","Ex_L2_3"
"STAG2",9.55589982988145,-0.767266581166758,0.322962566353487,-2.37571366189534,0.0175150487334551,0.0404484811371564,"STAG2","Ex_L2_3"
"UCN",3.3104719112324,-1.34938591753227,0.568035368460614,-2.37553151168937,0.0175236960493405,0.0404589400678545,"UCN","Ex_L2_3"
"KLHL2",52.1669697424914,0.676059775594621,0.28469008707257,2.37472186877476,0.017562177975517,0.0405382604397271,"KLHL2","Ex_L2_3"
"ASXL3",42.2657326507116,0.586583145013612,0.247028167741228,2.37455975315366,0.0175698921459462,0.0405465399205487,"ASXL3","Ex_L2_3"
"ERCC8",10.5738994746173,-1.49646514702527,0.630473499773745,-2.37355756833919,0.0176176464542569,0.0406361938273883,"ERCC8","Ex_L2_3"
"CACUL1",23.3548992324615,0.477969298282028,0.201378764053887,2.37348411848495,0.0176211508249872,0.0406361938273883,"CACUL1","Ex_L2_3"
"VAPA",30.2611766579077,0.454093299963681,0.191310770039095,2.37358983956254,0.0176161069530093,0.0406361938273883,"VAPA","Ex_L2_3"
"STOX2",36.3667523794402,-0.592139990101589,0.249573063710355,-2.37261177668118,0.017662817924519,0.0407227231378725,"STOX2","Ex_L2_3"
"STS",12.0881268203938,-0.679232715241808,0.286396564244335,-2.37165106024921,0.0177088061033483,0.0408191720223588,"STS","Ex_L2_3"
"ZFR",38.9318339143547,0.620234428720435,0.261532717342133,2.37153666670719,0.0177142889506671,0.0408222319144626,"ZFR","Ex_L2_3"
"CRISPLD1",2.63879886104214,-1.48473152606332,0.626127967510211,-2.37129085922697,0.017726075460821,0.0408398136320603,"CRISPLD1","Ex_L2_3"
"ENSG00000288036",9.71189531566696,-0.884934756165492,0.373231435175434,-2.37100810050884,0.0177396422886457,0.0408609441654682,"ENSG00000288036","Ex_L2_3"
"LZTS3",21.3276587290625,-0.550514074389244,0.232193661452609,-2.37092636786558,0.0177435655343941,0.0408609441654682,"LZTS3","Ex_L2_3"
"TXN",13.984150800909,0.964282218450948,0.406730927556608,2.37081115086028,0.0177490973532344,0.0408641041476857,"TXN","Ex_L2_3"
"USP37",10.7293828636077,-0.745126591911505,0.314401181546801,-2.36998661469911,0.0177887292530859,0.0409457535572437,"USP37","Ex_L2_3"
"SNX3",10.6446625713147,-1.02013828411086,0.430471639816299,-2.36981531360857,0.017796972679914,0.0409551322575487,"SNX3","Ex_L2_3"
"ENSG00000242880",9.77626355886164,-1.19635660835373,0.504859549753382,-2.36968204115012,0.0178033883910449,0.0409603015348068,"ENSG00000242880","Ex_L2_3"
"NUP214",13.2644128913792,0.694794890540442,0.293252783131688,2.36926955345701,0.0178232583158757,0.0409964152880269,"NUP214","Ex_L2_3"
"ACVR1B",8.38318662321963,-0.801847841829812,0.338509034484821,-2.36876348972531,0.0178476624285451,0.0410429390678903,"ACVR1B","Ex_L2_3"
"ALG13",10.5501177134745,-0.743454813431368,0.31389308401041,-2.36849695422634,0.0178605274425702,0.0410629116769974,"ALG13","Ex_L2_3"
"MZT2A",10.718262780116,-0.802308514068423,0.338778937658847,-2.3682361117631,0.0178731255333754,0.0410822614038091,"MZT2A","Ex_L2_3"
"MON1A",2.86554989075865,-1.47704893815433,0.623816023907261,-2.36776370203327,0.0178959616556232,0.0411251291941152,"MON1A","Ex_L2_3"
"MAN1B1",10.8376921416163,-0.726100200274867,0.3066752836776,-2.36765151585609,0.0179013884509282,0.0411279794532082,"MAN1B1","Ex_L2_3"
"TMSB10",55.6481102596025,0.476120901288243,0.201125768383014,2.36727946456638,0.0179193960523611,0.0411597256998819,"TMSB10","Ex_L2_3"
"SLC35E3",12.7346504952073,-0.737121571494682,0.311398530937741,-2.36713246294042,0.017926515429647,0.0411664533849585,"SLC35E3","Ex_L2_3"
"WDR5",7.57984685305564,-0.984833408464055,0.416071798066789,-2.36697948056063,0.0179339270894937,0.0411738489663908,"WDR5","Ex_L2_3"
"ENSG00000287255",9.42610017924046,1.13773384258178,0.480691398008666,2.36686957015459,0.0179392536639406,0.0411764551389142,"LOC101929667","Ex_L2_3"
"NME7",37.2995647177309,-0.59726339647941,0.252380946861392,-2.36651539629664,0.0179564273774943,0.0412062468013325,"NME7","Ex_L2_3"
"ZMYM1",1.71321105514609,-1.9169893969687,0.810211994422718,-2.36603433442697,0.0179797768924587,0.0412213134635973,"ZMYM1","Ex_L2_3"
"SMYD2",3.8318906654916,-1.23827483772065,0.523314829609579,-2.36621392641303,0.0179710568466857,0.0412213134635973,"SMYD2","Ex_L2_3"
"CHD2",41.5116287875539,0.401609263167183,0.169734643266592,2.36610072898553,0.017976552688873,0.0412213134635973,"CHD2","Ex_L2_3"
"ZNF236",11.0900835168901,-0.796033746188184,0.33642402486221,-2.36616200794285,0.0179735773547822,0.0412213134635973,"ZNF236","Ex_L2_3"
"SYT5",13.5050232886262,0.770297737526901,0.325636294095129,2.36551561203393,0.0180049841496993,0.0412694737019707,"SYT5","Ex_L2_3"
"ENTR1",3.86728853171889,-1.38216815407641,0.584460994942144,-2.36485953046915,0.0180369106924166,0.0413233700191933,"ENTR1","Ex_L2_3"
"CACNG3",48.6475180524661,-0.717835785247844,0.30353546347201,-2.36491570716922,0.0180341750562674,0.0413233700191933,"CACNG3","Ex_L2_3"
"TMEM9",6.17516629728968,-0.952109873536931,0.402715162487511,-2.36422653583712,0.0180677607552807,0.041384397682415,"TMEM9","Ex_L2_3"
"BAZ2B",38.0668096188368,0.57346007188572,0.242593285774063,2.36387445784384,0.0180849398636887,0.0414140907274773,"BAZ2B","Ex_L2_3"
"OGA",94.3637430993196,0.525800060870826,0.222499169216311,2.36315516468131,0.0181200811478346,0.0414848933107265,"OGA","Ex_L2_3"
"ELFN2.1",4.2615432890382,-1.60048807935063,0.6773019991246,-2.36303463066584,0.0181259757196823,0.0414887198206335,"ELFN2.1","Ex_L2_3"
"ZFY",8.31114319514292,0.924000124641289,0.391065708127445,2.36277460651233,0.0181386976088555,0.0415081680198921,"ZFY","Ex_L2_3"
"USP8",14.720733994434,-0.69598300710896,0.294783639715867,-2.36099604367392,0.018225925054881,0.0416980642149863,"USP8","Ex_L2_3"
"ZFAS1",7.6429662883542,0.797800805292858,0.337935413330681,2.36080852678255,0.0182351429598273,0.0417094399155631,"ZFAS1","Ex_L2_3"
"WDR26",27.7900256176187,0.676300119922053,0.286509355518044,2.36048180241521,0.0182512137407435,0.0417364813289254,"WDR26","Ex_L2_3"
"ATP1A3",13.7522805635189,0.658356751239492,0.278965673353186,2.35999197795915,0.0182753302509833,0.0417819046743448,"ATP1A3","Ex_L2_3"
"PACRG",38.6045435361222,-0.722126223528891,0.306114530383594,-2.3590066849293,0.0183239256751596,0.04187351612765,"PACRG","Ex_L2_3"
"NUBP1",7.06892123216228,0.898124071926026,0.380707465365421,2.35909235734047,0.018319695758978,0.04187351612765,"NUBP1","Ex_L2_3"
"ZNF358",2.61619428577147,-1.49143786521722,0.632296274199371,-2.35876427882753,0.018335898658537,0.041891132191039,"ZNF358","Ex_L2_3"
"ASAP3",2.8095154958328,-1.47706512659713,0.626290585837495,-2.35843418374548,0.0183522138104552,0.0419164873439179,"ASAP3","Ex_L2_3"
"KANSL1L-AS1",5.40286579001246,-1.21337125810392,0.514496343442169,-2.35836711683123,0.0183555301866383,0.0419164873439179,"KANSL1L-AS1","Ex_L2_3"
"ATP6V1G1",11.3569948079509,-0.826388848630734,0.350507677398523,-2.35769114891923,0.0183889852667183,0.0419831260191125,"ATP6V1G1","Ex_L2_3"
"RPL41",70.0051318157383,0.35421848343492,0.150350471307359,2.35595193254032,0.0184753081970596,0.042170406070612,"RPL41","Ex_L2_3"
"CYB5R4",8.39042137657082,-1.01612047257729,0.431361589234169,-2.35561185311211,0.0184922288291101,0.042199223232794,"CYB5R4","Ex_L2_3"
"ODR4",11.7473530283571,0.694637636701755,0.294919555178212,2.35534614272019,0.0185054586702358,0.0422196065899666,"ODR4","Ex_L2_3"
"TALDO1",5.49696549708381,-1.05643670576853,0.448556745991751,-2.35519076506756,0.0185131988315506,0.0422274588625848,"TALDO1","Ex_L2_3"
"ANKLE2",6.69579242235131,-0.913823170006955,0.388028930165359,-2.35503875862433,0.0185207737970028,0.0422349307757093,"ANKLE2","Ex_L2_3"
"ZNF846",10.8929234052595,-0.855399473358101,0.363363083206523,-2.35411772106723,0.0185667300663627,0.0423299039619279,"ZNF846","Ex_L2_3"
"SLC25A28",8.66274609744817,-0.811236587566288,0.344881450163779,-2.35221867450698,0.0186618003337067,0.0425269140520378,"SLC25A28","Ex_L2_3"
"ATP2B1",246.095679306151,0.849447044030816,0.361114013597259,2.35229598422116,0.0186579217463929,0.0425269140520378,"ATP2B1","Ex_L2_3"
"XRRA1",11.046503633626,-0.747414897950831,0.317770809058183,-2.35205650313205,0.018669938677385,0.0425355931276973,"XRRA1","Ex_L2_3"
"LAMA5",3.59743586787366,-1.23766261528286,0.526419730884642,-2.35109465445564,0.0187182715590017,0.0426358218863048,"LAMA5","Ex_L2_3"
"E4F1",10.5311084805996,0.680612534081385,0.289518341578143,2.35084426904153,0.018730871364048,0.0426546314975445,"E4F1","Ex_L2_3"
"ENSG00000251652",7.93171879961346,-1.33849139482197,0.5695572205153,-2.35005605514225,0.0187705840340758,0.0427252589320576,"ENSG00000251652","Ex_L2_3"
"HBEGF",1.73436325778476,-1.92661230396128,0.819805988162668,-2.3500832291786,0.0187692136967156,0.0427252589320576,"HBEGF","Ex_L2_3"
"ANKRD36B",26.7928941288747,-0.484293815414485,0.206095361837843,-2.34985305392525,0.0187808237863262,0.0427386640900784,"ANKRD36B","Ex_L2_3"
"SCP2",11.6051522378321,-0.686276688997039,0.292128883130936,-2.34922573092316,0.0188124979906545,0.0428008291477976,"SCP2","Ex_L2_3"
"TANGO2",7.13246371285016,0.835097143568364,0.355518737809338,2.34895395025907,0.0188262349845869,0.0428221654291692,"TANGO2","Ex_L2_3"
"DPH7",5.64136979093488,-1.12928731788636,0.481078149313016,-2.34740929202249,0.0189044755765703,0.0429901777926452,"DPH7","Ex_L2_3"
"ATP9B",46.3519575764243,0.489558493868025,0.208566557960233,2.34725307190124,0.018912404306474,0.0429982550119881,"ATP9B","Ex_L2_3"
"IPO7",10.8683643781388,0.744901542413182,0.317363156928275,2.34715821969698,0.0189172198138455,0.0429992520710824,"IPO7","Ex_L2_3"
"GABRA5",15.2663051334916,-1.05520196730259,0.449655663524183,-2.3466889286625,0.0189410608111791,0.0430434840178171,"GABRA5","Ex_L2_3"
"GMFB",4.36363011895273,-1.3306894640071,0.567181788983295,-2.34614278852717,0.0189688389854326,0.04309370661001,"GMFB","Ex_L2_3"
"CDH8",132.416287517264,1.28928195241489,0.549546846277476,2.34608197853965,0.018971934149867,0.04309370661001,"CDH8","Ex_L2_3"
"HS2ST1",33.7022208852116,0.643743338849359,0.274407821496878,2.34593655289335,0.0189793379533174,0.0430994325822899,"HS2ST1","Ex_L2_3"
"ENSG00000285095",4.76918141219499,-1.04797171121055,0.446732392084733,-2.34586013859451,0.0189832293142883,0.0430994325822899,"LOC112268208","Ex_L2_3"
"ATOSB",3.76804110688429,-1.48092397157054,0.631456186433035,-2.34525213845156,0.0190142162917485,0.0431515963598226,"ATOSB","Ex_L2_3"
"SMAD2",18.8256606407987,0.640126732103792,0.27294756994448,2.34523697072665,0.0190149898861637,0.0431515963598226,"SMAD2","Ex_L2_3"
"DNAI7",3.58909052000919,-1.58212797378176,0.674689317292823,-2.344972616626,0.0190284770702626,0.0431722306554872,"DNAI7","Ex_L2_3"
"SRA1",5.72578755154396,0.87576023206441,0.373515236084013,2.34464393272415,0.0190452579856088,0.043190354212978,"SRA1","Ex_L2_3"
"RPL10",37.4674581982631,0.428226931374592,0.182639223521255,2.34466027131766,0.0190444235152722,0.043190354212978,"RPL10","Ex_L2_3"
"B3GAT2",13.6237389701079,-0.661228140268334,0.282110400993397,-2.3438630335498,0.0190851785906769,0.0432708964862244,"B3GAT2","Ex_L2_3"
"GRHPR",1.73949190307653,-1.94287914469758,0.829206504217801,-2.34305825486778,0.0191263964723561,0.0433543421653037,"GRHPR","Ex_L2_3"
"RFC3",22.0033557241104,0.877806152346748,0.374704297452738,2.34266369057982,0.0191466330551395,0.0433902014149228,"RFC3","Ex_L2_3"
"TXNRD1",9.36456505977148,0.719101541641156,0.307153272673923,2.34118144137296,0.0192228226080875,0.0435528157983976,"TXNRD1","Ex_L2_3"
"SLC22A5",2.12580851894105,-1.67365035003047,0.715142268553992,-2.34030405364595,0.0192680462267319,0.0436452123890741,"SLC22A5","Ex_L2_3"
"HES4",2.80783785265931,-1.41176770653059,0.603288031331458,-2.34012218577387,0.0192774319560356,0.0436564065320641,"HES4","Ex_L2_3"
"MIB2",14.4715242893489,-0.975120761240085,0.416881799138085,-2.33908211693621,0.0193311840119418,0.0437498619828841,"MIB2","Ex_L2_3"
"SLC25A24",1.91585301676135,-1.7785314682889,0.76035993675746,-2.33906520098023,0.0193320593309955,0.0437498619828841,"SLC25A24","Ex_L2_3"
"ARPC4",4.03758186278574,-1.17358532130584,0.501719535624776,-2.33912622087639,0.0193289020088273,0.0437498619828841,"ARPC4","Ex_L2_3"
"FBXO28",17.5878612720039,0.546746004704072,0.233889095840726,2.33762930562781,0.0194064863448407,0.0438951515313587,"FBXO28","Ex_L2_3"
"MRPL19",10.3049967263462,-0.799895901609311,0.342190057826422,-2.33757785568119,0.0194091577986509,0.0438951515313587,"MRPL19","Ex_L2_3"
"SMIM11",3.37442146439772,-1.28517466022278,0.549791321681575,-2.33756810909999,0.0194096639100389,0.0438951515313587,"SMIM11","Ex_L2_3"
"AIFM1",2.6002315162007,-1.53612775283921,0.657460731281092,-2.33645551704053,0.0194675133938638,0.0440158461637096,"AIFM1","Ex_L2_3"
"DPY19L2P2",4.21854181822846,-1.20352156383308,0.515201044711374,-2.33602314317378,0.0194900353851998,0.0440464935873483,"DPY19L2P2","Ex_L2_3"
"MBIP",5.55535876701741,-1.00738264283807,0.431229597310502,-2.33607027235821,0.0194875793607301,0.0440464935873483,"MBIP","Ex_L2_3"
"ZNF432",7.80267885138901,-0.895535936211924,0.383396944554972,-2.33579309624238,0.0195020276113976,0.0440634588901495,"ZNF432","Ex_L2_3"
"TRAPPC5",8.24438576812289,-0.812610962113622,0.348003115622225,-2.33506806587258,0.0195398652481596,0.0441387988498321,"TRAPPC5","Ex_L2_3"
"LRFN2",26.6570418303436,-0.526607013425006,0.22566408536214,-2.33358805225883,0.01961730280357,0.0442933538823883,"LRFN2","Ex_L2_3"
"ZFAND6",6.41377345928286,-1.10965523362714,0.475511669453898,-2.33360252736074,0.0196165441384245,0.0442933538823883,"ZFAND6","Ex_L2_3"
"DCAF5",30.3982410760378,-0.516830240530702,0.221536242834303,-2.3329376445066,0.0196514182563792,0.0443601867993265,"DCAF5","Ex_L2_3"
"KCTD17",11.6418097831605,-0.793007600084475,0.340042210524693,-2.33208576917803,0.0196961795389983,0.0444510148842452,"KCTD17","Ex_L2_3"
"SNORC",7.50934318662739,-1.1760772629106,0.504382747111724,-2.3317158837118,0.019715642658116,0.0444745059640255,"SNORC","Ex_L2_3"
"ARHGEF12",79.730136351887,0.480650933445005,0.206132161863887,2.3317609881877,0.0197132683927583,0.0444745059640255,"ARHGEF12","Ex_L2_3"
"CNIH2",3.98017286096227,-1.15653639038045,0.496205641159404,-2.3307602623746,0.0197660045654923,0.0445778762285115,"CNIH2","Ex_L2_3"
"ARSB",11.4440623862236,0.722334532902311,0.31000127635543,2.33010180278781,0.019800771176634,0.0446460353544302,"ARSB","Ex_L2_3"
"CYTH1",8.34919293654796,-2.12682706272347,0.912961094728595,-2.32959221921251,0.0198277137859027,0.0446965259827233,"CYTH1","Ex_L2_3"
"MYG1",2.59180371364359,-1.45649357010884,0.62532317542101,-2.3291853354519,0.019849249446296,0.0447348076532259,"MYG1","Ex_L2_3"
"TSHZ3",4.60510782996734,-1.07033417343264,0.459594921602447,-2.32886423048531,0.0198662593971119,0.0447526100245878,"TSHZ3","Ex_L2_3"
"WDR13",5.84838628144467,-1.33771069108877,0.574392583452526,-2.32891358563186,0.0198636440706757,0.0447526100245878,"WDR13","Ex_L2_3"
"TRIP4",6.36936246883119,-0.934976238739915,0.401538847130479,-2.32848264973998,0.0198864894883139,0.0447879121350746,"TRIP4","Ex_L2_3"
"GK",8.5366608098829,0.74373478442189,0.319492950444751,2.32785976462571,0.0199195513442209,0.0448520908562058,"GK","Ex_L2_3"
"TTC13",13.5030353136172,-0.661118671412268,0.284140854878484,-2.32672866313083,0.019979711298217,0.0449743185763456,"TTC13","Ex_L2_3"
"ENSG00000229321",37.9709401217939,-0.761323792970837,0.327216470278534,-2.32666709081845,0.0199829906948034,0.0449743185763456,"ENSG00000229321","Ex_L2_3"
"NFIC",6.15246763649454,-0.991362246189624,0.426278085214857,-2.32562329750062,0.0200386556007117,0.0450892699545102,"NFIC","Ex_L2_3"
"EXT2",23.9676138973867,0.486815171744342,0.209341484971883,2.32545962788851,0.0200473962715394,0.0450986079623547,"EXT2","Ex_L2_3"
"AP5M1",10.6295592020952,-0.85685271162846,0.368491233741716,-2.32530012431462,0.0200559176591846,0.0451074485082028,"AP5M1","Ex_L2_3"
"CFAP43",5.8335027240879,-1.28888704471775,0.554380592321731,-2.32491371914721,0.0200765742420513,0.0451390317550318,"CFAP43","Ex_L2_3"
"HM13",15.4851773571761,0.589716821333989,0.253656310642318,2.32486556254282,0.020079149915461,0.0451390317550318,"HM13","Ex_L2_3"
"ULK1",10.5678592673885,-0.817967109706605,0.351851534476976,-2.32475072454211,0.0200852932313496,0.0451425121722212,"ULK1","Ex_L2_3"
"WASF2",5.6932169143612,-1.11872107713634,0.48130364552389,-2.3243561264088,0.0201064149583212,0.0451693163847581,"WASF2","Ex_L2_3"
"SOBP",93.6186720947662,0.67275022668095,0.289434137235501,2.32436378482045,0.0201060048407282,0.0451693163847581,"SOBP","Ex_L2_3"
"PDCD4",8.58811754474127,-0.818777935962879,0.352343430007091,-2.32380645197897,0.0201358697894146,0.0452251451328781,"PDCD4","Ex_L2_3"
"CFAP91",3.74881202355291,-1.17597431405597,0.506087441292585,-2.32365836040594,0.0201438118544596,0.0452326417504484,"CFAP91","Ex_L2_3"
"NGLY1",8.03945083743054,-0.865844541952225,0.372665198914984,-2.32338448686149,0.0201585067360398,0.04525529482972,"NGLY1","Ex_L2_3"
"COPS2",15.2450007748838,0.593787864481143,0.255730313610798,2.32192991162105,0.0202367098923071,0.045420479319631,"COPS2","Ex_L2_3"
"MGAT5",36.7005673713007,-0.424864479190025,0.182999174311812,-2.32167429600582,0.0202504800114867,0.0454410040276028,"MGAT5","Ex_L2_3"
"RCBTB1",2.42290573395406,-1.48836773776589,0.641357665708647,-2.32065166964422,0.0203056511246167,0.0455543997826524,"RCBTB1","Ex_L2_3"
"NRGN",53.8803035616468,-0.689549677141544,0.297167509067687,-2.32040736655528,0.0203188507659605,0.0455736050056612,"NRGN","Ex_L2_3"
"TRAM2",3.81745477616481,-1.23798717709312,0.533636747415904,-2.31990615917659,0.0203459543219351,0.0456239797440517,"TRAM2","Ex_L2_3"
"ENSG00000286003",3.49796073787172,-1.53946786410087,0.663619300098178,-2.31980574385513,0.0203513882247769,0.0456257503241004,"ENSG00000286003","Ex_L2_3"
"FAM200B",5.72115346355129,-0.976546715220221,0.421093802205876,-2.31907168926409,0.0203911495283106,0.0457044610919743,"FAM200B","Ex_L2_3"
"NDUFB6",9.77776819108816,0.839418910273994,0.362023837658366,2.31868408363246,0.0204121721642279,0.0457411449227589,"NDUFB6","Ex_L2_3"
"LUC7L3",93.2913966630485,0.351562639816159,0.151829328011183,2.31551205831764,0.0205849254196485,0.046117743973233,"LUC7L3","Ex_L2_3"
"HLTF",12.9393589094252,-0.715614368108482,0.309099224772735,-2.3151606693114,0.0206041408058093,0.0461502688728387,"HLTF","Ex_L2_3"
"PIM3",4.5113005855712,1.02233768200636,0.441689791725991,2.31460563761588,0.0206345240694103,0.0462077876585107,"PIM3","Ex_L2_3"
"UBE2Q2P2",4.72046837998666,-1.35239255972169,0.584378008021633,-2.3142427352804,0.0206544110000394,0.0462396249110068,"UBE2Q2P2","Ex_L2_3"
"RPS6KB1",14.6163601392815,0.601485008148335,0.259913425389061,2.31417444961906,0.0206581548996752,0.0462396249110068,"RPS6KB1","Ex_L2_3"
"DCUN1D1",8.49550834047378,-0.961564435619992,0.41557898294321,-2.31379466981224,0.0206789878947442,0.0462617849551797,"DCUN1D1","Ex_L2_3"
"LCA5",3.36386898747193,-1.22858303603732,0.530981038953884,-2.31379832028998,0.0206787875589635,0.0462617849551797,"LCA5","Ex_L2_3"
"ZBTB7A",12.1995210302063,-0.834403157348461,0.36063016248951,-2.31373646504882,0.0206821823618841,0.0462617849551797,"ZBTB7A","Ex_L2_3"
"ZGRF1",5.65520790552315,0.894149764629018,0.386487007296112,2.31353123843554,0.0206934493005366,0.0462764502454978,"ZGRF1","Ex_L2_3"
"RNASE1",12.6915884348014,2.06018620523823,0.89101948190445,2.31216740719835,0.0207684596497666,0.0464336248519133,"RNASE1","Ex_L2_3"
"PHTF2",42.5544760636702,0.491193886760207,0.212572206633131,2.31071547188639,0.0208485760762702,0.0466021413818609,"PHTF2","Ex_L2_3"
"ZDHHC14",62.9326902877216,0.472123963217373,0.204550129911194,2.30810884071473,0.0209930835963237,0.0469144798112565,"ZDHHC14","Ex_L2_3"
"CHIC1",16.3786034670419,-0.918829365419451,0.398165558635562,-2.3076565651939,0.0210182456977894,0.0469600285956523,"CHIC1","Ex_L2_3"
"KIF9",7.85012395173014,0.898362075232907,0.389384046453359,2.30713631802713,0.021047221861358,0.0470140762996773,"KIF9","Ex_L2_3"
"LAMA2",7.74974492259451,-1.47333996361003,0.63877666949385,-2.30650246631185,0.021082572480442,0.0470823350870338,"LAMA2","Ex_L2_3"
"CMSS1",48.7827364436986,0.412738017117691,0.178962843602673,2.30627770999235,0.0210951198096137,0.0470996493203738,"CMSS1","Ex_L2_3"
"ZNF335",7.8316061402807,0.847969575231864,0.368069593464306,2.30382946673398,0.0212322183185689,0.0473949813137061,"ZNF335","Ex_L2_3"
"ENPP4",6.52050323485564,-1.5099161975871,0.65562415285466,-2.30302100832125,0.0212776611049395,0.0474856298716323,"ENPP4","Ex_L2_3"
"NCKAP1",71.7634224081306,0.449999531919609,0.195465983429883,2.30218846278709,0.0213245463210176,0.0475794556115551,"NCKAP1","Ex_L2_3"
"KLF3-AS1",7.78501547565292,-1.07268479217843,0.466011734241917,-2.30184073352448,0.0213441554899579,0.0476123940811413,"KLF3-AS1","Ex_L2_3"
"SLC12A8",20.020351191167,-1.03730010463965,0.45068958252463,-2.30158438282287,0.0213586216877908,0.0476338477777202,"SLC12A8","Ex_L2_3"
"RPS13",12.3439193102176,0.704518066348637,0.306219797190884,2.30069405313292,0.0214089304756733,0.0477352094854777,"RPS13","Ex_L2_3"
"SLC17A5",17.2341348535712,0.561457015925347,0.244106975861685,2.30004494522712,0.0214456738446701,0.0477954400748727,"SLC17A5","Ex_L2_3"
"KAT6B",45.6418240629273,0.475886927288402,0.206901930111716,2.30006035724968,0.0214448007965126,0.0477954400748727,"KAT6B","Ex_L2_3"
"SHQ1",3.8469132279384,-1.28738584624339,0.559906160758109,-2.29928858882403,0.0214885573743064,0.0478692942506092,"SHQ1","Ex_L2_3"
"ENSG00000249881",3.36021895222488,-1.22518882178773,0.532851754124306,-2.29930522383514,0.0214876134080955,0.0478692942506092,"ENSG00000249881","Ex_L2_3"
"ZFP14",10.6084549672169,0.738896100154428,0.321399424562768,2.29899633815344,0.0215051472485479,0.0478953902901235,"ZFP14","Ex_L2_3"
"NOL4L",7.93458412936394,-0.802397296102413,0.34906405874095,-2.29871072661163,0.0215213710197101,0.0479206593149666,"NOL4L","Ex_L2_3"
"C4orf47",7.88002881099573,-0.86148790815507,0.374825952045307,-2.29836782499771,0.0215408631504682,0.0479531927464763,"C4orf47","Ex_L2_3"
"PROSER1",3.47128388313119,-1.41529611551002,0.615878731817949,-2.29801102456055,0.0215611616705277,0.0479875061738252,"PROSER1","Ex_L2_3"
"DIMT1",5.57718140223962,0.903647990454848,0.393439887618348,2.29678794370595,0.0216308696618528,0.0481317471252643,"DIMT1","Ex_L2_3"
"ARL1",2.46855003946529,-1.64017856330176,0.714642892948473,-2.29510232241269,0.0217272610266575,0.0483352835882887,"ARL1","Ex_L2_3"
"SLC26A11",5.10925000361275,1.00668899362469,0.438654396026886,2.2949479196898,0.0217361091268744,0.048344019937155,"SLC26A11","Ex_L2_3"
"SLC35F3",118.043316867342,0.792815096540773,0.345493600351842,2.29473164114585,0.02174850831478,0.0483497048391942,"SLC35F3","Ex_L2_3"
"RBM41",11.2931017480639,-0.904530024292005,0.394174767523729,-2.29474359806036,0.0217478226675281,0.0483497048391942,"RBM41","Ex_L2_3"
"CROCCP2",8.16019102439226,-0.824157468702288,0.359331947081831,-2.29358250886221,0.0218144910381155,0.0484854208050783,"CROCCP2","Ex_L2_3"
"CDH22",28.9557769707062,-0.730942229307829,0.318718328697022,-2.29337996435929,0.0218261391045295,0.0485003371551453,"CDH22","Ex_L2_3"
"TESK1",2.88869681861225,-1.50740174716172,0.657376391947775,-2.29305731940777,0.0218447051665854,0.0485306159105687,"TESK1","Ex_L2_3"
"GAS2",18.2328012525987,-0.6343705124994,0.276702467840084,-2.29260879908749,0.0218705373453038,0.0485686209602062,"GAS2","Ex_L2_3"
"TBC1D24",7.58414372513721,0.752602086215207,0.32827611448431,2.29258862588121,0.0218716998297997,0.0485686209602062,"TBC1D24","Ex_L2_3"
"MKLN1",76.7368396276428,-0.390545301084702,0.170361649403724,-2.29244846156183,0.0218797783075567,0.0485755801341101,"MKLN1","Ex_L2_3"
"CEBPG",3.02225475185571,-1.321651161356,0.576667565692036,-2.29187705358449,0.0219127387161752,0.0486377643804125,"CEBPG","Ex_L2_3"
"ENSG00000248994",23.2192548179001,0.658092662123223,0.287165403135283,2.29168505306747,0.0219238235352415,0.0486513761938586,"LOC124901165","Ex_L2_3"
"EPHA10",16.3921437364908,-0.59203446339154,0.258357009490065,-2.29153629142896,0.0219324153862608,0.0486594509382625,"EPHA10","Ex_L2_3"
"AURKAIP1",9.09706366832574,0.71669690525863,0.312836300779449,2.29096464659933,0.0219654584681112,0.0487217575052438,"AURKAIP1","Ex_L2_3"
"YY1AP1",13.9265640890661,0.606243335815753,0.264802457203266,2.28941733478853,0.0220551158979366,0.0489095843298712,"YY1AP1","Ex_L2_3"
"RWDD3",3.74014890308276,-1.16650662866856,0.509585299253759,-2.28912927899765,0.0220718421038336,0.0489356300672674,"RWDD3","Ex_L2_3"
"ZRANB1",6.70628414809835,-0.898695419728518,0.392718611683381,-2.2883952860708,0.0221145119179826,0.0490191708218099,"ZRANB1","Ex_L2_3"
"CSAD",15.4117488521289,-0.782340228463415,0.341907957540056,-2.2881603402628,0.02212818536619,0.0490384148516695,"CSAD","Ex_L2_3"
"BTBD7",15.4674825605637,-0.652896224629387,0.285615176386823,-2.28592973555837,0.0222583695201916,0.0493157920988639,"BTBD7","Ex_L2_3"
"PPP1R8",2.35427083829546,-1.50807377019396,0.660101323867644,-2.28460952230471,0.0223357340863253,0.0494548972432939,"PPP1R8","Ex_L2_3"
"GABPB1-IT1",6.2729999637439,-1.0748579316941,0.470479574391023,-2.28460062923107,0.0223362560126725,0.0494548972432939,"GABPB1-IT1","Ex_L2_3"
"RBM3",7.81259411907649,-0.816941960162361,0.357584112334641,-2.28461481364092,0.0223354235476804,0.0494548972432939,"RBM3","Ex_L2_3"
"RPL21",58.6984617403126,0.536606117767505,0.234952126995977,2.28389555195086,0.022377670115845,0.0495242692538999,"RPL21","Ex_L2_3"
"MIRLET7BHG",7.67971521620512,0.894995791127365,0.39185776336632,2.28398126768946,0.0223726318710068,0.0495242692538999,"MIRLET7BHG","Ex_L2_3"
"NSUN2",7.94877923991578,0.734140731799099,0.321488520930509,2.28356748064975,0.0223969627777836,0.0495544618561152,"NSUN2","Ex_L2_3"
"ZC3H18",4.18091769382672,1.02796121883242,0.450170703702865,2.28349204063471,0.0224014011709088,0.0495544618561152,"ZC3H18","Ex_L2_3"
"ZNF821",14.8754360941374,0.674419468515409,0.295406603514934,2.28302096327821,0.0224291335563243,0.0496046393645498,"ZNF821","Ex_L2_3"
"PCDH7",549.893956995835,1.16157494441199,0.508875802742756,2.28262954959009,0.022452198828679,0.0496333036212741,"PCDH7","Ex_L2_3"
"CA3",2.12818201867004,-1.65433492841043,0.724722903886371,-2.28271373726283,0.0224472360676804,0.0496333036212741,"CA3","Ex_L2_3"
"NPM1",13.6970640071813,-0.669585920201955,0.293453790296626,-2.28174227882738,0.0225045603871083,0.0497378630467834,"NPM1","Ex_L2_3"
"JDP2",1.66004681178137,-1.87029556582454,0.820271982012153,-2.2800919778299,0.0226022339203478,0.0499424979832426,"JDP2","Ex_L2_3"
"TMEM276",14.5078977780823,-0.67294533409335,0.295155915050565,-2.27996560386758,0.0226097285631535,0.0499478240171846,"TMEM276","Ex_L2_3"
