"geneID","baseMean","log2FoldChange","lfcSE","stat","pvalue","padj","Symbol","celltype"
"DLX6-AS1",49.0536269797021,-2.74852225087365,0.199039936566946,-13.8088983461327,2.25249951344577e-43,1.27243697514551e-39,"DLX6-AS1","In_VIP"
"OXR1",111.513350915512,-0.851877937176534,0.0799643991037339,-10.6532150147397,1.68445007170326e-26,4.75772922752587e-23,"OXR1","In_VIP"
"DMD",48.5648667854182,-1.02912597906296,0.105199729848825,-9.78259146237206,1.33741527784062e-22,2.51835296817389e-19,"DMD","In_VIP"
"GALNTL6",147.419336778663,-0.869272715319225,0.0972837410253276,-8.93543675600337,4.05572934497057e-19,5.72770376743468e-16,"GALNTL6","In_VIP"
"INPP4B",61.4362248145638,-1.22198112636109,0.142980333611357,-8.54649793783969,1.26879697183104e-17,1.43348681877471e-14,"INPP4B","In_VIP"
"NPAS3",189.76062838556,-0.663815435969415,0.0790321329726637,-8.39931064746817,4.49107273280091e-17,4.22834497793206e-14,"NPAS3","In_VIP"
"CNTNAP2",467.363458316613,-0.636724617094366,0.0759834722286263,-8.37977784403598,5.30276957974208e-17,4.27933505085186e-14,"CNTNAP2","In_VIP"
"CSMD1",368.541475868521,-0.482630153671945,0.0582233829352201,-8.28928394986811,1.1393226097348e-16,8.04504177798987e-14,"CSMD1","In_VIP"
"RTF1",13.9353676582229,1.35166815351262,0.164226684536175,8.23050259664034,1.86429563468075e-16,1.17015622670129e-13,"RTF1","In_VIP"
"RELN",14.2522535906138,-2.64707932716336,0.327807619160238,-8.07510006614405,6.74213325521772e-16,3.80863107587249e-13,"RELN","In_VIP"
"ENSG00000286778",14.3627521048468,-1.44272049247288,0.179644552515799,-8.03097267503284,9.67028918704307e-16,4.96613305614603e-13,"ENSG00000286778","In_VIP"
"PDE3A",21.5160024721159,-1.27870783687625,0.162473062145427,-7.87027597062029,3.53859795946808e-15,1.6657949894196e-12,"PDE3A","In_VIP"
"EPHA7",12.1254941964201,-2.17451533989933,0.276715013601749,-7.85832077412654,3.89317263265816e-15,1.69173324629892e-12,"EPHA7","In_VIP"
"HDAC9",40.9407636383328,-0.958113335959984,0.125299062024738,-7.64661219707155,2.06343425269704e-14,8.32595720963255e-12,"HDAC9","In_VIP"
"KCTD8",14.2400593398263,-2.02554359101881,0.269008553064853,-7.52966241385822,5.08716736772419e-14,1.91582723068493e-11,"KCTD8","In_VIP"
"CASC6",5.0975167292229,-3.63541102176016,0.486418349470267,-7.4738361036735,7.78901431407246e-14,2.58824363883502e-11,"CASC6","In_VIP"
"IGF1",11.3444229146134,-1.62975510695976,0.217841587831022,-7.48137728514885,7.35476970320232e-14,2.58824363883502e-11,"IGF1","In_VIP"
"HTR2C",25.7742952328829,-0.97669951201235,0.131978898344113,-7.40042176640822,1.35752629275338e-13,4.26037001542436e-11,"HTR2C","In_VIP"
"MDGA2",74.3087110061492,-0.642980026134163,0.0878599047277361,-7.31824178647423,2.51240888597373e-13,7.46978831413978e-11,"MDGA2","In_VIP"
"CCNH",78.3096361446158,-1.04025431086752,0.142838538398458,-7.28272861463799,3.27134904780649e-13,9.23992538552943e-11,"CCNH","In_VIP"
"THRB",43.1870835353297,-0.852410182904571,0.117868108458101,-7.23189838248384,4.76288545826057e-13,1.28121618827209e-10,"THRB","In_VIP"
"ROBO2",232.60199295021,-0.853534644774997,0.118355982413271,-7.2115885261689,5.53028755166973e-13,1.35828671214706e-10,"ROBO2","In_VIP"
"CTNNA1",10.4725767565903,2.23932051768635,0.310407253265508,7.2141372153148,5.4277004267019e-13,1.35828671214706e-10,"CTNNA1","In_VIP"
"FBXO38-DT",6.0282375676325,-2.80897226446852,0.390465919091511,-7.19389869160436,6.29669241486069e-13,1.48208397714783e-10,"FBXO38-DT","In_VIP"
"ARL4C",15.8813807901488,-1.43039743293572,0.199943072276043,-7.15402347604672,8.42706449532349e-13,1.9041794933633e-10,"ARL4C","In_VIP"
"CPSF4",6.64797551328881,2.092369789579,0.2929601528191,7.14216513558081,9.18721291881579e-13,1.99609868378425e-10,"CPSF4","In_VIP"
"ZNF804A",54.0709434237951,-1.20719948635509,0.170468599438604,-7.08165310403614,1.42444873243286e-12,2.77472789293559e-10,"ZNF804A","In_VIP"
"CNTNAP4",32.1163238281201,-0.932096730406466,0.13156471879403,-7.08470127060204,1.393445559566e-12,2.77472789293559e-10,"CNTNAP4","In_VIP"
"ERCC1",3.51492858037348,2.58595760602475,0.364877795340926,7.0871882012128,1.36864204626852e-12,2.77472789293559e-10,"ERCC1","In_VIP"
"ZEB2",46.9010289968021,-0.931559317311278,0.134575467565505,-6.92220754765602,4.44659115427669e-12,8.37293114350301e-10,"ZEB2","In_VIP"
"LINC02398",6.63774005085429,-2.00201899804444,0.293905726301782,-6.81177268383254,9.64033540279501e-12,1.75671789323836e-09,"LINC02398","In_VIP"
"SNTG1",206.788463649866,-0.57687141792666,0.0848991855236959,-6.7947815325702,1.08476784788452e-11,1.91495424146864e-09,"SNTG1","In_VIP"
"SRGAP3",19.062040530542,1.13074192914414,0.166560445492999,6.78877824682372,1.13087104708291e-11,1.93584561968828e-09,"SRGAP3","In_VIP"
"LRFN5",19.5524129267123,-1.15286965716891,0.169993412635746,-6.78184900987443,1.1864744252368e-11,1.97129236122432e-09,"LRFN5","In_VIP"
"EPHA1-AS1",1.36166869398065,4.30596443956572,0.638272156152817,6.74628275424061,1.5168089489915e-11,2.44812964367228e-09,"EPHA1-AS1","In_VIP"
"ENSG00000286619",3.76991755930998,3.52045409611972,0.523860850464211,6.72020841603286,1.81464817849401e-11,2.77052636765207e-09,"ENSG00000286619","In_VIP"
"UQCRB",12.2964809793604,-1.44256694072964,0.214648617571599,-6.72059739797045,1.80981011293411e-11,2.77052636765207e-09,"UQCRB","In_VIP"
"NRXN1",249.620328707249,-0.466026287471923,0.0693881114085624,-6.71622671393844,1.86490566841745e-11,2.77232950549741e-09,"NRXN1","In_VIP"
"RAP1GAP",11.3680782093804,1.50063924999174,0.224049637578248,6.69779815853374,2.11583226518665e-11,3.06470165795881e-09,"RAP1GAP","In_VIP"
"FAM135B",8.36039731885419,1.65888354501518,0.249588568831764,6.64647244374945,3.00200621402289e-11,4.23958327575383e-09,"FAM135B","In_VIP"
"SPG7",11.0754769169082,1.29747459318343,0.197862446232378,6.55745755644618,5.4732881341445e-11,7.5411230901908e-09,"SPG7","In_VIP"
"ERBB4",622.028772496403,-0.744279383615499,0.113909086655429,-6.53397727493787,6.40456674110521e-11,8.6141422667865e-09,"ERBB4","In_VIP"
"DNAH17",1.94766141904202,4.29226347931403,0.667503205727106,6.43032639017591,1.2733023541896e-10,1.67276395321326e-08,"DNAH17","In_VIP"
"CCDC7",3.39923363710353,-3.18453565441597,0.495760218853781,-6.42354011739538,1.33141034888412e-10,1.70934933201055e-08,"CCDC7","In_VIP"
"VWC2",15.3252867161569,-1.1027623596405,0.17216518310474,-6.40525767030154,1.50115638882558e-10,1.88445165343905e-08,"VWC2","In_VIP"
"ZIM2",4.99891818695846,2.51106471841164,0.392576928600955,6.39636345253512,1.59120996424738e-10,1.9540750191377e-08,"ZIM2","In_VIP"
"CNTN4",86.6349602343262,-0.520504816312902,0.0816251756546887,-6.37676810050458,1.80864002663898e-10,2.17383138520928e-08,"CNTN4","In_VIP"
"TRIM33",12.6913122371185,1.07732642619004,0.169304382386164,6.36325186038468,1.97526392662421e-10,2.32463873364586e-08,"TRIM33","In_VIP"
"CCK",115.894966080331,-1.56843832872499,0.247358952187778,-6.3407380846857,2.28666999220847e-10,2.63620383387462e-08,"CCK","In_VIP"
"LSAMP",239.235936987911,-0.477966792424329,0.0756269196645022,-6.32006162018361,2.61459023731723e-10,2.89604318639315e-08,"LSAMP","In_VIP"
"IL1RAPL1",119.99646698817,-0.536651545530699,0.0849046948627621,-6.3206345231925,2.60491450052035e-10,2.89604318639315e-08,"IL1RAPL1","In_VIP"
"YJEFN3",6.46288137243304,-1.96531862981735,0.311232368459238,-6.31463443068821,2.7080083920697e-10,2.94183450130802e-08,"YJEFN3","In_VIP"
"SCOC",3.08038869490462,-3.22213594216793,0.512220079485037,-6.29053032323005,3.16383238106337e-10,3.37216775860887e-08,"SCOC","In_VIP"
"TMEFF2",26.3522977310632,-0.925945089556148,0.147619021582026,-6.27253235818012,3.5522259902998e-10,3.64845902167338e-08,"TMEFF2","In_VIP"
"IMMP2L",27.1593202455219,-0.779828849592292,0.124272146869569,-6.27517001384688,3.49252450717225e-10,3.64845902167338e-08,"IMMP2L","In_VIP"
"GRIK1",25.3729763005628,-1.07492512065849,0.171742469580805,-6.2589359712959,3.87612961883047e-10,3.91004575299523e-08,"GRIK1","In_VIP"
"GULP1",8.22145591181371,1.71984829609296,0.277536530110861,6.19683576574937,5.76095577176635e-10,5.61097226805312e-08,"GULP1","In_VIP"
"TAFA2",45.0503341302297,-0.869309747014636,0.140228306275535,-6.19924585915291,5.67343473543032e-10,5.61097226805312e-08,"TAFA2","In_VIP"
"NLGN1",152.117876802228,-0.638947953707103,0.103526947091706,-6.1718033000733,6.75154642828073e-10,6.35658096222631e-08,"NLGN1","In_VIP"
"ZNF451",10.2586433624193,1.20027224551682,0.194417058104021,6.17369821980652,6.67108196502614e-10,6.35658096222631e-08,"ZNF451","In_VIP"
"ENSG00000285783",6.07386890501913,-1.91977436196531,0.311232910450182,-6.16828843449896,6.90331350234583e-10,6.39292097946748e-08,"ENSG00000285783","In_VIP"
"SCG5",13.6241463059605,-1.47706983594654,0.241103587209636,-6.1262872653249,8.99533380155692e-10,8.19590978145081e-08,"SCG5","In_VIP"
"CACNA1E",18.9961317509298,1.20351687019526,0.19748862393309,6.09410732743277,1.1004981017209e-09,9.71361527597085e-08,"CACNA1E","In_VIP"
"TNRC6C",22.4360945054955,0.832626607367126,0.136575288952437,6.09646601338761,1.08438991342242e-09,9.71361527597085e-08,"TNRC6C","In_VIP"
"GABRA1",19.0302012456935,-1.12374715085967,0.184557766438314,-6.08886405891388,1.13714621454987e-09,9.88267533229573e-08,"GABRA1","In_VIP"
"TSPAN7",36.2869647298529,-0.86559172775745,0.142391077027364,-6.07897451039789,1.20953582625096e-09,1.03525270946843e-07,"TSPAN7","In_VIP"
"NDST3",8.73789756721542,-1.83011444234905,0.302506659823849,-6.04983190589831,1.44997044445535e-09,1.22251985682512e-07,"NDST3","In_VIP"
"FXYD6",44.7927119798204,-1.1084109841338,0.183573597539123,-6.03796514854253,1.56069761211166e-09,1.29652658982629e-07,"FXYD6","In_VIP"
"ENSG00000236540",1.10090858285605,4.45211164119233,0.74416554915065,5.98268980104458,2.19482519396594e-09,1.79689384358168e-07,"ENSG00000236540","In_VIP"
"PTPRZ1",9.89485751973638,-1.27178054352354,0.213053303983641,-5.96930683422395,2.38263660675157e-09,1.8296529418277e-07,"PTPRZ1","In_VIP"
"UNC13B",1.68161107485556,3.17983537738996,0.532783816721095,5.96834077461209,2.3967838147504e-09,1.8296529418277e-07,"UNC13B","In_VIP"
"HPSE2",9.13475482747175,-2.25364715676519,0.377377935338716,-5.97185724370034,2.34567747119188e-09,1.8296529418277e-07,"HPSE2","In_VIP"
"OGA",20.859956310246,1.00097540692319,0.167662185765324,5.97019180177131,2.36974833346428e-09,1.8296529418277e-07,"OGA","In_VIP"
"RAB11FIP3",7.45630716018766,1.78519912156235,0.298681362680459,5.9769351041572,2.27374721837314e-09,1.8296529418277e-07,"RAB11FIP3","In_VIP"
"PUS7L",11.5380387380817,-1.36748558187016,0.229416390713079,-5.96071439193903,2.51137573154269e-09,1.89156820099796e-07,"PUS7L","In_VIP"
"SRSF10",8.25099187214569,1.36214954740281,0.230126761754506,5.91912708029988,3.23654817904767e-09,2.40569219255793e-07,"SRSF10","In_VIP"
"CSMD3",74.6665040524343,-0.557732607584691,0.0943247949807849,-5.91289498904617,3.36146501133622e-09,2.45918849388397e-07,"CSMD3","In_VIP"
"ZFHX3",5.96965018768382,-1.79070125276274,0.30293199424891,-5.91123184991604,3.39558687418923e-09,2.45918849388397e-07,"ZFHX3","In_VIP"
"XACT",8.46646376972497,-1.98018414655177,0.335807852807967,-5.89677736834864,3.70669437229984e-09,2.65052107710403e-07,"XACT","In_VIP"
"GIT1",4.84726120473825,1.61380191784257,0.273943464305476,5.89100353948585,3.83857332112334e-09,2.71051258637822e-07,"GIT1","In_VIP"
"PPP1R13B",9.63150352046754,1.09827658224049,0.186944033367032,5.87489508201752,4.23111235160756e-09,2.95080909558408e-07,"PPP1R13B","In_VIP"
"KHDRBS2",44.1054089833379,-0.825703432726189,0.140845377811833,-5.86248157770086,4.56000216145053e-09,3.14139661097976e-07,"KHDRBS2","In_VIP"
"CCDC184",3.09296831698107,-2.97219957586452,0.509562634510613,-5.8328444327929,5.44903678548795e-09,3.70862756641222e-07,"CCDC184","In_VIP"
"LHFPL6",8.39186863205892,-1.4895514012339,0.256143328158157,-5.81530431397445,6.05236783422063e-09,4.07021736851337e-07,"LHFPL6","In_VIP"
"MAPK8IP3",12.2471686271225,1.02197762704186,0.176095469078541,5.8035430007915,6.49280915196975e-09,4.29171792644564e-07,"MAPK8IP3","In_VIP"
"YWHAB",6.05823193851883,-1.96822943145351,0.339204208513239,-5.80249118983644,6.53368280535184e-09,4.29171792644564e-07,"YWHAB","In_VIP"
"SERPINI1",7.76944885876053,-1.58464003901043,0.274433497083725,-5.77422237390718,7.73092820199199e-09,5.01977165667273e-07,"SERPINI1","In_VIP"
"ENSG00000258526",9.36325166094904,-1.36041981495922,0.23598817342754,-5.76477962942045,8.17646070299447e-09,5.24873028536543e-07,"LOC105370460","In_VIP"
"CEACAM19",2.05437546308582,2.65930992479575,0.461539811326298,5.76182131971206,8.32110651991676e-09,5.28156525067526e-07,"CEACAM19","In_VIP"
"KCNH7",42.957897974787,-0.596259582249969,0.103800305664082,-5.74429505226681,9.23047170850427e-09,5.66771029145007e-07,"KCNH7","In_VIP"
"UBA6-DT",10.4230477836539,-1.37484665973291,0.239266981768165,-5.74607766425977,9.13373670889563e-09,5.66771029145007e-07,"UBA6-DT","In_VIP"
"LINGO2",137.864713737405,-0.587209556404431,0.102195183449181,-5.74596117532713,9.14002787162183e-09,5.66771029145007e-07,"LINGO2","In_VIP"
"COA3",2.96936238956329,-2.85810707064288,0.501528627470459,-5.6987914828675,1.20659694871414e-08,7.329103401383e-07,"COA3","In_VIP"
"CDH2",19.3226312203582,-1.21647522022676,0.214011216412344,-5.68416572093551,1.31452764614528e-08,7.89975177986668e-07,"CDH2","In_VIP"
"PCDH10",10.6007345330257,-1.31429584056824,0.232152701116638,-5.6613420143146,1.50193743195439e-08,8.93099426643196e-07,"PCDH10","In_VIP"
"RASA3",2.18670511448518,2.829037134557,0.500084455680886,5.65711871748773,1.53935290527841e-08,9.05812975199763e-07,"RASA3","In_VIP"
"CPT1B",2.60123106768522,2.75714943913857,0.487621567793226,5.65428115006539,1.56499860897482e-08,9.11410014649354e-07,"CPT1B","In_VIP"
"ANKRD44",8.10923847471338,1.14727195126486,0.20304938534127,5.65021139727467,1.60250641372845e-08,9.23730482770614e-07,"ANKRD44","In_VIP"
"THSD7A",62.3644771252391,-0.773812606628792,0.137571313937793,-5.62481075799491,1.85711451233901e-08,1.05968079598011e-06,"THSD7A","In_VIP"
"IRF9",1.99634357506186,2.68691533759074,0.478403911120508,5.61641590951358,1.94959062183087e-08,1.10132374227226e-06,"IRF9","In_VIP"
"CNR1",27.8797136646462,-1.4964288256272,0.26678542583142,-5.60911009648923,2.03369623424584e-08,1.13746039873809e-06,"CNR1","In_VIP"
"TFAP2E",3.59747071369529,1.9024675131354,0.34025773562694,5.59125425798189,2.2543518162503e-08,1.2188030418666e-06,"TFAP2E","In_VIP"
"TMEM14B",8.20785439845747,-1.58326454644617,0.28320332990613,-5.59055766389102,2.26341502176603e-08,1.2188030418666e-06,"TMEM14B","In_VIP"
"HMGN1",4.05103194918658,-2.09787359522371,0.375373922870389,-5.5887568832214,2.2870087172572e-08,1.2188030418666e-06,"HMGN1","In_VIP"
"PHEX",1.58299259229384,4.15198265109781,0.742717281786576,5.59025991843139,2.26729969145139e-08,1.2188030418666e-06,"PHEX","In_VIP"
"MAGEH1",3.96991883751769,-2.22916848062746,0.398769649004565,-5.59011571264779,2.26918346234852e-08,1.2188030418666e-06,"MAGEH1","In_VIP"
"CDH8",18.848506936498,-0.849527027427927,0.1528420244709,-5.55820318638655,2.72565979624519e-08,1.43899553168122e-06,"CDH8","In_VIP"
"CPLANE1",17.8378092291194,0.976582288742504,0.176009775657376,5.54845482357489,2.88205331325071e-08,1.50747399690308e-06,"CPLANE1","In_VIP"
"ADGRL3",55.7456546927381,-0.620133319053979,0.111889749817786,-5.54236040445057,2.98421289173694e-08,1.54658886471761e-06,"ADGRL3","In_VIP"
"GTF2IRD1",7.15224771534592,1.2479541765998,0.22532315973648,5.53850823883045,3.05058898863374e-08,1.56661610879927e-06,"GTF2IRD1","In_VIP"
"LRRTM3",25.0610989017951,-0.740376809301709,0.133746169225686,-5.53568609544534,3.10012368578689e-08,1.5777115946856e-06,"LRRTM3","In_VIP"
"CHTOP",2.67806316908775,-2.94397270260137,0.532772406601348,-5.52576046755406,3.28061468808081e-08,1.65466003330076e-06,"CHTOP","In_VIP"
"CHRNA7",9.52413928106861,-1.33632513075992,0.241945982142131,-5.52323753810013,3.3280930140938e-08,1.66375198554123e-06,"CHRNA7","In_VIP"
"VIP",43.5853367175418,-2.05506893143938,0.374355826719048,-5.48961385067927,4.02813405296939e-08,1.99604642677404e-06,"VIP","In_VIP"
"CCSER1",92.2974054850169,-0.444157080767847,0.0815960400832452,-5.44336563777743,5.22831735912451e-08,2.56824041406038e-06,"CCSER1","In_VIP"
"DSCAML1",8.01973797649938,1.18953250515368,0.218907472061499,5.43395112990703,5.51196827534681e-08,2.68423351615811e-06,"DSCAML1","In_VIP"
"TSPYL2",21.9784207606725,0.827771755458921,0.152572765637384,5.42542276140073,5.7817528092642e-08,2.79154885637038e-06,"TSPYL2","In_VIP"
"AGPAT1",3.12851449946676,-2.50513317765208,0.462636737537668,-5.41490325862439,6.13218514883702e-08,2.93565372082884e-06,"AGPAT1","In_VIP"
"IL6R",1.54418494963483,2.85392778144215,0.527285561144838,5.41248991390116,6.21543568208648e-08,2.95050387967282e-06,"IL6R","In_VIP"
"MEF2C-AS1",16.5589957724318,-1.07025067512205,0.19799403195828,-5.4054693696402,6.46388969846514e-08,3.04287607555247e-06,"MEF2C-AS1","In_VIP"
"CAMKK1",4.13525171155817,1.5983507410576,0.296414081536591,5.39229017991271,6.95653070615337e-08,3.24772247595541e-06,"CAMKK1","In_VIP"
"DPF1",3.65305970583323,1.95167768795884,0.365017687710376,5.34680305549304,8.95213322634933e-08,4.14513119636454e-06,"DPF1","In_VIP"
"SMARCA2",29.318134134572,-0.630066565729388,0.118270432705671,-5.32733796026079,9.96626214319998e-08,4.57718819893794e-06,"SMARCA2","In_VIP"
"TAFA1",4.81807301238366,-2.50052952354836,0.470707760291798,-5.31227596927283,1.08264482608915e-07,4.93214566336902e-06,"TAFA1","In_VIP"
"MARCKSL1",10.1843872045334,-1.74472711644854,0.328547071456416,-5.31043271429673,1.09365256646551e-07,4.94243467837094e-06,"MARCKSL1","In_VIP"
"PLPPR1",17.0311233007131,-1.00779159820258,0.190351113125641,-5.29438247906326,1.19419256804647e-07,5.35396334674166e-06,"PLPPR1","In_VIP"
"DLX1",7.57445959329595,-1.59280121531117,0.301060758899225,-5.29063043996487,1.21895449529034e-07,5.42194798731899e-06,"DLX1","In_VIP"
"TCF25",15.1301522543603,1.21648101077523,0.230927504686697,5.26780477027042,1.38064823309897e-07,6.0931889599813e-06,"TCF25","In_VIP"
"CC2D1A",12.0028186898332,0.950940333563123,0.180600373516413,5.26543946198816,1.3985440078829e-07,6.12432178335699e-06,"CC2D1A","In_VIP"
"ENSG00000286263",5.79227986214661,-1.65937287513653,0.316230693396958,-5.24734919723163,1.54303261223924e-07,6.70507017426112e-06,"ENSG00000286263","In_VIP"
"GAS7",11.7414266575296,1.1704275004663,0.223655318356751,5.23317535690953,1.66622526928903e-07,7.1851195009265e-06,"GAS7","In_VIP"
"RTN3",44.4692455715304,-0.708105520185905,0.135969808924315,-5.20781433604911,1.91077970227818e-07,8.17726858952232e-06,"RTN3","In_VIP"
"MIR99AHG",63.7590878453881,-0.519655003345098,0.0998204362642422,-5.20589793826868,1.9306074061515e-07,8.2000009303382e-06,"MIR99AHG","In_VIP"
"UBE3D",7.27825472483906,-1.36788833291932,0.263520448535243,-5.19082424351741,2.09365184443921e-07,8.82614870838589e-06,"UBE3D","In_VIP"
"TMEM67",4.10416550378949,2.2924792906053,0.443822119502564,5.165311033111,2.40039427157856e-07,1.00443164741832e-05,"TMEM67","In_VIP"
"ENSG00000233928",6.10997739375602,-1.51234468356297,0.292956838917374,-5.16234640280753,2.43873460832415e-07,1.01297145606053e-05,"ENSG00000233928","In_VIP"
"LRP1B",296.972831803716,-0.510371376336632,0.0989182029775356,-5.15952939877545,2.47571347900418e-07,1.02082521480982e-05,"LRP1B","In_VIP"
"PPM1L",8.26978945879504,-1.25320643387241,0.24358820386369,-5.14477472223446,2.67842029032273e-07,1.0964055231908e-05,"PPM1L","In_VIP"
"VPS53",7.64390764174544,1.07876636753407,0.20984007074127,5.14089784531277,2.73428694178928e-07,1.10328478101197e-05,"VPS53","In_VIP"
"LINGO3",2.2191972155691,3.53203651058708,0.686972227963719,5.14145458406161,2.7261955641167e-07,1.10328478101197e-05,"LINGO3","In_VIP"
"BRSK2",5.10103629329837,1.36616168730464,0.266823195448362,5.12010091554813,3.0537220041916e-07,1.22343798593464e-05,"BRSK2","In_VIP"
"UBB",8.20984524632312,-1.78316291448816,0.348602134268201,-5.11518071520544,3.13440720710172e-07,1.24692016288152e-05,"UBB","In_VIP"
"PRKD1",16.0841294247763,-1.09935603413326,0.215379734082904,-5.10426869461218,3.32076167072318e-07,1.31181697048359e-05,"PRKD1","In_VIP"
"BTRC",12.6668574615668,0.922075456613037,0.18108814849651,5.09185976149516,3.54568325253134e-07,1.39094199260761e-05,"BTRC","In_VIP"
"SRSF11",27.3080029375282,0.921341193441224,0.181123302134361,5.08681755789631,3.64121798659039e-07,1.4088520826198e-05,"SRSF11","In_VIP"
"STAT1",5.64134389845444,2.30359249439031,0.4527750042473,5.08772010994696,3.62393670145447e-07,1.4088520826198e-05,"STAT1","In_VIP"
"EIF4E3",4.68929087217578,1.35007623382015,0.265980699702877,5.07584285374203,3.85782041052036e-07,1.48250527204282e-05,"EIF4E3","In_VIP"
"NDUFA11",4.38046460019542,-2.099326481473,0.414027179065704,-5.07050403360078,3.96763506253446e-07,1.51440341001738e-05,"NDUFA11","In_VIP"
"NDUFA3",4.38052940589833,-1.85445113534028,0.366325033372667,-5.06231069787066,4.14205269464382e-07,1.5703661524861e-05,"NDUFA3","In_VIP"
"MLLT6",2.73049271700967,2.01038363181229,0.397597131285315,5.05633334253019,4.27394022049299e-07,1.60956588703766e-05,"MLLT6","In_VIP"
"TTC14",12.0838026307479,-1.04839105004352,0.207569941148631,-5.05078454154793,4.39999148090563e-07,1.64606303812158e-05,"TTC14","In_VIP"
"GABRB2",41.559550581763,-0.547142346061338,0.108480339977362,-5.04370050993128,4.56613800924779e-07,1.68648916787792e-05,"GABRB2","In_VIP"
"OAZ1",11.5566383692837,-1.46540601858273,0.290545754660569,-5.04363252629416,4.56776142123068e-07,1.68648916787792e-05,"OAZ1","In_VIP"
"OLFM3",28.5351463042513,-0.947816317449442,0.188013300124261,-5.0412195138483,4.62574478192596e-07,1.69680729046102e-05,"OLFM3","In_VIP"
"SHISA8",8.12703631173836,1.14502930026266,0.227490842357809,5.03329843256595,4.82111704088453e-07,1.7570638815456e-05,"SHISA8","In_VIP"
"ENSG00000286736",2.66738182721837,3.10677296026188,0.61742618790687,5.03181274314606,4.85863717068129e-07,1.75938726776786e-05,"ENSG00000286736","In_VIP"
"DAPK1",8.63014069739874,1.10556219170472,0.220176035093502,5.02126487669386,5.13323132079293e-07,1.83529264121261e-05,"DAPK1","In_VIP"
"TMSB4X",34.8943274394008,-0.709980006422667,0.141387107010944,-5.02153287829641,5.12607269017281e-07,1.83529264121261e-05,"TMSB4X","In_VIP"
"USP54",7.44421608533924,1.12558021458424,0.224424383454446,5.01540963267349,5.2920593622797e-07,1.880178826259e-05,"USP54","In_VIP"
"RGL1",12.1292542062825,1.08491393375652,0.216849169874743,5.00308087129498,5.64212572204669e-07,1.99202301274011e-05,"RGL1","In_VIP"
"SLC22A3",7.72517300878966,1.10792967935494,0.221719624664235,4.99698518357477,5.82335408471732e-07,2.04323771581169e-05,"SLC22A3","In_VIP"
"ARAP3",0.936076543402368,3.7144707720606,0.743626343707327,4.99507690050653,5.88123274574788e-07,2.05080764078579e-05,"ARAP3","In_VIP"
"TEF",6.05588111299403,2.17437912759532,0.435558662403294,4.99216136719148,5.97073371971755e-07,2.06924385169843e-05,"TEF","In_VIP"
"EPHA5",12.327191899925,-1.28118416500661,0.257387726711983,-4.97764280128343,6.43632938906854e-07,2.21700150724684e-05,"EPHA5","In_VIP"
"JAM3",6.41270672605576,1.32681380451451,0.266936058593055,4.97053043904139,6.67699775647979e-07,2.28596123190026e-05,"JAM3","In_VIP"
"TCEAL7",2.78925800132291,-2.3998878243674,0.484101591674217,-4.95740535796965,7.14408231952953e-07,2.43113982066399e-05,"TCEAL7","In_VIP"
"EPHA6",21.5408074384735,-0.92050349633573,0.185741099549117,-4.95584175268819,7.20178146694501e-07,2.43609961118397e-05,"EPHA6","In_VIP"
"PRELID2",5.92482079556214,-1.86247175277067,0.376428536150836,-4.94774326042162,7.50788456356105e-07,2.5245261844974e-05,"PRELID2","In_VIP"
"UBR4",4.37531855270632,1.39144707623532,0.281758396174772,4.93844050479413,7.87497960306644e-07,2.63229347797173e-05,"UBR4","In_VIP"
"CNTLN",3.83590281816658,-1.84838030446453,0.374681625294598,-4.93320243022652,8.08922417219645e-07,2.68800160874928e-05,"CNTLN","In_VIP"
"AATK",7.115037112756,1.15724563399083,0.23508186576962,4.92273459801843,8.53431604801576e-07,2.81931879270415e-05,"AATK","In_VIP"
"CRH",9.47523433950965,-3.0490855157627,0.620718419951814,-4.91218790639305,9.00656740107549e-07,2.95802902608578e-05,"CRH","In_VIP"
"ENSG00000287621",2.46811250160098,2.04649903150884,0.416815181259336,4.9098476339698,9.11471848201837e-07,2.95914050028286e-05,"ENSG00000287621","In_VIP"
"SNRPN",35.8193076139442,-0.682830950267174,0.139067177464755,-4.91007988164733,9.10392997505361e-07,2.95914050028286e-05,"SNRPN","In_VIP"
"HNRNPA1",7.66909030603351,-1.33931788987345,0.273002295873911,-4.9058850790472,9.30069721268092e-07,2.98520673604741e-05,"HNRNPA1","In_VIP"
"NALF1",97.4580577275247,-0.508009419923314,0.10353842788222,-4.90648187647971,9.27245524888406e-07,2.98520673604741e-05,"NALF1","In_VIP"
"TNRC6A",63.6593744946445,0.533176755765155,0.108853387432949,4.8981181783946,9.67588377340833e-07,3.08808290598778e-05,"TNRC6A","In_VIP"
"SEL1L3",4.24466275965526,-1.73280100278236,0.354300332074579,-4.89076877979784,1.00442899101348e-06,3.18765133159279e-05,"SEL1L3","In_VIP"
"GRID2",133.714726129063,-0.677940814163592,0.138686182324195,-4.8883082856721,1.01706175361991e-06,3.20181455447455e-05,"GRID2","In_VIP"
"NAA25",8.6235570789613,1.11604493005791,0.228337619524704,4.88769626477237,1.02022768597171e-06,3.20181455447455e-05,"NAA25","In_VIP"
"GHITM",2.92055872871706,-2.22828423274257,0.457255789389754,-4.87316789518707,1.09822812818593e-06,3.42756392050957e-05,"GHITM","In_VIP"
"TPI1",8.26981225282708,-1.88483234534421,0.387014409750976,-4.87018647847506,1.11492976809746e-06,3.46057047251787e-05,"TPI1","In_VIP"
"MEST",3.295935548084,-1.92809946757039,0.396109092266613,-4.86759709689427,1.12963334813268e-06,3.48704851562923e-05,"MEST","In_VIP"
"PPP4R2",5.17731262729232,-1.51518749433781,0.311352455820089,-4.86647034900326,1.13608958930226e-06,3.48791852715677e-05,"PPP4R2","In_VIP"
"CCDC18-AS1",9.41422602270585,-1.40403423006753,0.288718716232963,-4.86298307358308,1.15629738492437e-06,3.53076969050691e-05,"CCDC18-AS1","In_VIP"
"SCG2",31.6605879294669,-1.07855948337303,0.221901969747929,-4.86052234956826,1.17076424937217e-06,3.55572432510935e-05,"SCG2","In_VIP"
"TGFB1",2.30021986924543,2.36897138358908,0.48836317274612,4.85083953048321,1.2293998361306e-06,3.71383939802234e-05,"TGFB1","In_VIP"
"FBXL18",2.32134985690139,2.13076760341383,0.440236560989389,4.84005144557994,1.29805521579446e-06,3.90037974150154e-05,"FBXL18","In_VIP"
"ZNFX1",2.39412197793121,1.99155150326048,0.412716075505559,4.82547596630667,1.39669307743326e-06,4.17456042032829e-05,"ZNFX1","In_VIP"
"MTRR",2.51114931485979,1.87878773348782,0.389981235559278,4.8176362403525,1.45268897485582e-06,4.31907369418975e-05,"MTRR","In_VIP"
"RTL8C",4.35319308195035,-1.70216590114723,0.354733433180437,-4.79843663419628,1.59908880735042e-06,4.72945166111126e-05,"RTL8C","In_VIP"
"OSBPL5",4.25077703923629,1.40020433938291,0.292072678797019,4.79402710705443,1.6346617180641e-06,4.78456168152544e-05,"OSBPL5","In_VIP"
"CIRBP",20.0199747872728,-0.716245858716189,0.149372082107375,-4.7950450218758,1.62638299812298e-06,4.78456168152544e-05,"CIRBP","In_VIP"
"AP3S1",6.66174533656006,-1.27786689492008,0.266684242041849,-4.79168504721607,1.65386383161642e-06,4.8158127756707e-05,"AP3S1","In_VIP"
"ENSG00000255910",9.28632763570359,-1.33354289760333,0.278399924654044,-4.79002607224289,1.66759643962264e-06,4.83089860893758e-05,"ENSG00000255910","In_VIP"
"KIAA1328",12.0846592313109,0.889899006612342,0.185911536042224,4.7866798669784,1.69562977361937e-06,4.88704724039583e-05,"KIAA1328","In_VIP"
"TANC2",30.4317909313053,0.82808848820085,0.173130864485028,4.7830205819394,1.72680436454567e-06,4.95163342909569e-05,"TANC2","In_VIP"
"LMNA",2.63043644841149,2.02840709998555,0.424656396001446,4.77658436110932,1.78297772435289e-06,5.08688947720682e-05,"LMNA","In_VIP"
"B3GALT2",2.71150006765094,-2.27060817350057,0.475791292142802,-4.77227770032218,1.82154110196673e-06,5.09400281436141e-05,"B3GALT2","In_VIP"
"NIM1K",6.56963272918056,1.47706297720137,0.309329001451102,4.77505494238262,1.79658197652888e-06,5.09400281436141e-05,"NIM1K","In_VIP"
"CDK17",5.67013326240492,1.24674025571286,0.261198914192283,4.7731448638223,1.81371233002031e-06,5.09400281436141e-05,"CDK17","In_VIP"
"DSEL",2.22068551219574,-2.57575357112381,0.539583110830772,-4.77359932033091,1.80962240855803e-06,5.09400281436141e-05,"DSEL","In_VIP"
"RNF213",2.50400073332113,1.95705590690013,0.410497879833537,4.76751769751829,1.86509616561998e-06,5.19011243329422e-05,"RNF213","In_VIP"
"SLFNL1",1.99303170831989,2.47450267087063,0.520659419063804,4.75263210511014,2.00785495462133e-06,5.55998658757642e-05,"SLFNL1","In_VIP"
"MRAS",4.91485633195822,-1.66705520620837,0.350878350581173,-4.75109166309966,2.02321385371031e-06,5.57518783395588e-05,"MRAS","In_VIP"
"LINC01619",8.31912357696471,1.56449254711931,0.33014866050733,4.73875176326688,2.15038738876792e-06,5.89686328114077e-05,"LINC01619","In_VIP"
"PURA",11.8169050172826,0.915802972322721,0.193445880457782,4.73415598282843,2.19968516676557e-06,6.00290894060806e-05,"PURA","In_VIP"
"ELAVL2",10.6747288263308,-0.996254090648393,0.210555930245591,-4.73154135096727,2.228214145176e-06,6.05152966639386e-05,"ELAVL2","In_VIP"
"EPB41L4A-AS1",2.71482549881672,-2.17265694629535,0.459539244268698,-4.72790294494407,2.26850565910755e-06,6.10228022299932e-05,"EPB41L4A-AS1","In_VIP"
"PRPS1",3.3524004972436,-2.28546847616892,0.483383528275044,-4.72806445086085,2.26670240872581e-06,6.10228022299932e-05,"PRPS1","In_VIP"
"ELAVL4",8.26432226897029,-1.4067113846208,0.29780184112041,-4.72364905243156,2.31650034739603e-06,6.20185329973467e-05,"ELAVL4","In_VIP"
"TMEM59L",10.8908230146314,-1.13820889970013,0.241104737875901,-4.72080685650389,2.34910923622913e-06,6.25948965823508e-05,"TMEM59L","In_VIP"
"NSG1",4.99394009923865,-1.70753132536929,0.361912025042988,-4.71808397404444,2.38076227988657e-06,6.28454491545758e-05,"NSG1","In_VIP"
"ELP2",11.3889131704448,0.915520256556269,0.194005980826553,4.71903109716381,2.36970597097378e-06,6.28454491545758e-05,"ELP2","In_VIP"
"SRP72",2.54052277305277,-2.2639449909675,0.480573754734349,-4.71092099529855,2.46599826159865e-06,6.47926706035851e-05,"SRP72","In_VIP"
"ENSG00000226526",2.02596996929112,3.07205865050963,0.652304350950542,4.70954799861906,2.4826674510037e-06,6.49286501422218e-05,"ENSG00000226526","In_VIP"
"MICU1",16.5713590830434,-1.01943451688525,0.216984632882475,-4.69818762436232,2.62480254496769e-06,6.83295372189977e-05,"MICU1","In_VIP"
"PROX1",19.8006534509092,-0.877691028066143,0.186913066648754,-4.69571787463899,2.65672018421761e-06,6.88431757827766e-05,"PROX1","In_VIP"
"SRRT",2.04162690902742,2.0533864684345,0.4375995904827,4.69238663173675,2.70036179764361e-06,6.96545378762044e-05,"SRRT","In_VIP"
"WDPCP",19.385188256949,0.887620670510717,0.189366114618047,4.68732577790412,2.76798162269506e-06,7.10742190300199e-05,"WDPCP","In_VIP"
"TTC3",44.4767274757432,0.517531642150785,0.110550995532368,4.68138382344333,2.84944863478808e-06,7.25069159365671e-05,"TTC3","In_VIP"
"TAF1",5.91384220981311,1.25278344591564,0.267577464385907,4.68194677302436,2.84163274127666e-06,7.25069159365671e-05,"TAF1","In_VIP"
"TMBIM6",9.84965152795847,-1.03191585682818,0.220748967706395,-4.67461237780584,2.94509336393953e-06,7.4604629654235e-05,"TMBIM6","In_VIP"
"SPEN",6.00701205402093,1.32684722649772,0.28408429041715,4.67061105191481,3.00305079323404e-06,7.48542321617916e-05,"SPEN","In_VIP"
"DHDDS",1.61253341505037,2.30084199148911,0.492656513313281,4.67027620525135,3.0079502037045e-06,7.48542321617916e-05,"DHDDS","In_VIP"
"AIG1",13.4268716379771,-0.878676782037342,0.18811203501148,-4.6710290598032,2.99694532754331e-06,7.48542321617916e-05,"AIG1","In_VIP"
"FANCI",1.32955996407381,2.79447052373047,0.598005068647519,4.67298802341358,2.96849083118374e-06,7.48542321617916e-05,"FANCI","In_VIP"
"KCNH3",1.70137909795912,2.26179740117776,0.485014922000875,4.66335631870246,3.11093414093055e-06,7.70774866759504e-05,"KCNH3","In_VIP"
"LYRM4",5.23053884580142,1.32763713985284,0.284958371745999,4.6590564499584,3.17662088834565e-06,7.83612724815046e-05,"LYRM4","In_VIP"
"ENSG00000254363",1.09369226794668,3.58886044632704,0.770800581393877,4.65601678690631,3.22385659798549e-06,7.91807214000871e-05,"ENSG00000254363","In_VIP"
"HIVEP2",12.8618537249599,0.825268906771999,0.17730146704194,4.65460845045792,3.24596952364175e-06,7.92233557019613e-05,"HIVEP2","In_VIP"
"GNAI1",9.0959338668606,-1.17501726776486,0.252468084261388,-4.65412200992633,3.25364109096389e-06,7.92233557019613e-05,"GNAI1","In_VIP"
"PKD1L1",3.20577341810439,-1.91148112324997,0.411220484098326,-4.64831203008098,3.34662397603899e-06,8.11376774276576e-05,"PKD1L1","In_VIP"
"RTN1",47.6183936318391,-0.805425885216229,0.173340243185065,-4.64650256868698,3.37609931483905e-06,8.11711729562979e-05,"RTN1","In_VIP"
"NDUFA13",10.2057896838587,-0.991228940543427,0.213350554206977,-4.64601061960125,3.38415589518243e-06,8.11711729562979e-05,"NDUFA13","In_VIP"
"DGCR5",4.95716591738624,1.30469356052586,0.280845809281869,4.64558671486677,3.3911129080698e-06,8.11711729562979e-05,"DGCR5","In_VIP"
"ENSG00000287149",6.24216670948385,-1.30133952658483,0.280412034890988,-4.64081196476011,3.470428150254e-06,8.2719192492763e-05,"ENSG00000287149","In_VIP"
"NPIPB13",2.93702096530321,1.76216044625218,0.379995975633561,4.63731344342309,3.52966943572252e-06,8.37777421949433e-05,"NPIPB13","In_VIP"
"ESRRG",12.1488042285915,-1.03530866389359,0.223529126952872,-4.63164992413659,3.62763164811445e-06,8.54904677355445e-05,"ESRRG","In_VIP"
"RPL15",20.8360098298513,-1.28705527343935,0.277947311769035,-4.63057284219697,3.64655467148927e-06,8.54904677355445e-05,"RPL15","In_VIP"
"FSTL5",27.350447785207,-1.53359238585143,0.33125255880354,-4.62967710012764,3.66236381518884e-06,8.54904677355445e-05,"FSTL5","In_VIP"
"PPDPF",2.36126328473334,-2.43442134217527,0.525802239899996,-4.62991816588358,3.65810274367796e-06,8.54904677355445e-05,"PPDPF","In_VIP"
"AMBRA1",7.1561069574361,1.25476037924637,0.271525372190241,4.62115333504538,3.81612584260289e-06,8.85036622173016e-05,"AMBRA1","In_VIP"
"TTC28-AS1",2.59251861057651,-2.2523140950451,0.487430329726018,-4.62079185000882,3.82278165711127e-06,8.85036622173016e-05,"TTC28-AS1","In_VIP"
"RSRP1",7.55380696744967,-1.21639811649281,0.263417160648458,-4.61776337387583,3.87898204821035e-06,8.93173493428264e-05,"RSRP1","In_VIP"
"NCAM2",89.627821302256,-0.769928502937493,0.166752303676075,-4.61719859914571,3.88954999793509e-06,8.93173493428264e-05,"NCAM2","In_VIP"
"ITPR2",2.74338968636288,1.62176598577632,0.351603238570347,4.61248875968998,3.9787606717393e-06,9.09960284803857e-05,"ITPR2","In_VIP"
"MACIR",2.82546940714148,-2.10430814096168,0.45648035007054,-4.60985481770794,4.02950267360306e-06,9.17849217870309e-05,"MACIR","In_VIP"
"ZNF302",4.91875447359172,-1.48484414717479,0.322916563558891,-4.59822850463352,4.26098511974768e-06,9.66678913311431e-05,"ZNF302","In_VIP"
"PLCL2",11.1129957180631,0.955675780934909,0.208127142068137,4.59178832437933,4.39463978256858e-06,9.92799815266222e-05,"PLCL2","In_VIP"
"ACADVL",6.3202021845044,-1.2977601017981,0.282674816619914,-4.59100006613986,4.41127197082354e-06,9.92799815266222e-05,"ACADVL","In_VIP"
"NKAIN2",32.4930277672838,-0.903022042114701,0.196786899781241,-4.58883209765767,4.45732754776277e-06,9.99184258623489e-05,"NKAIN2","In_VIP"
"SAMD12",24.6829521353176,-0.628828758883003,0.137101788585433,-4.58658319027805,4.50558919565948e-06,0.000100205013253072,"SAMD12","In_VIP"
"HRH3",9.82470174973236,1.48220207623926,0.323115961614148,4.58721404177873,4.4920008118382e-06,0.000100205013253072,"HRH3","In_VIP"
"MITF",6.68994134346661,-1.43106771064829,0.312552652184171,-4.57864523192412,4.67997172294621e-06,0.000103675138285973,"MITF","In_VIP"
"KLF12",20.4915549605959,-0.806213925326662,0.176470177318229,-4.56855621487144,4.91095361119509e-06,0.000108367097459535,"KLF12","In_VIP"
"INA",2.87139901632078,-2.12363326745839,0.465545378966281,-4.5616031506398,5.07645264788328e-06,0.00011158319458324,"INA","In_VIP"
"SPRY4-AS1",4.34500157421727,-1.87214130633466,0.410773810431406,-4.55759656237208,5.17423040212917e-06,0.000112854160392385,"SPRY4-AS1","In_VIP"
"LINC00632",56.3809642590783,0.813378979688743,0.178440355784757,4.55826808970209,5.15771744309589e-06,0.000112854160392385,"LINC00632","In_VIP"
"CHPT1",11.6209682102856,-1.13503726238657,0.249811873682788,-4.54356810848728,5.53099233049755e-06,0.000120171444903772,"CHPT1","In_VIP"
"SYN3",20.131154811039,1.01833611618205,0.224191048495377,4.54226929672909,5.56518855456905e-06,0.000120451149979926,"SYN3","In_VIP"
"GPATCH2",5.73439708849799,1.55454554273374,0.342962036988635,4.53270442519926,5.82332738434841e-06,0.000125557161809863,"GPATCH2","In_VIP"
"MAP3K5",8.35263180090043,0.906052759480373,0.200333743574798,4.52271665927354,6.10509419465184e-06,0.000130736620930223,"MAP3K5","In_VIP"
"EIF3E",6.05620595922909,-1.27934012562403,0.282930164978419,-4.5217523049252,6.13298009320394e-06,0.000130736620930223,"EIF3E","In_VIP"
"PTPRR",8.55616191158068,-1.19224918819982,0.263662513074606,-4.52187599327957,6.12939663802047e-06,0.000130736620930223,"PTPRR","In_VIP"
"ZSWIM5",14.0148080647445,0.800343935221222,0.177142525690008,4.51807905585467,6.24031863968736e-06,0.000132028314590239,"ZSWIM5","In_VIP"
"CEP95",2.86530410756112,1.62930295304979,0.360577161397721,4.51859720325616,6.22506933088363e-06,0.000132028314590239,"CEP95","In_VIP"
"SLC9A1",2.56916971136074,1.82983878967025,0.405959217244621,4.5074448662355,6.56129723424323e-06,0.000137787241919108,"SLC9A1","In_VIP"
"HACD2",4.11718016408633,-1.83268582069696,0.406529647414552,-4.50812341080775,6.54035316434234e-06,0.000137787241919108,"HACD2","In_VIP"
"PLPPR4",8.46259134472175,-1.12973617350355,0.251066309806905,-4.49975217452484,6.80327302505471e-06,0.000142339590068645,"PLPPR4","In_VIP"
"RBMS3",22.1005330111205,-0.700285468756532,0.155691737326242,-4.4978974528952,6.86287830922129e-06,0.000143056824977089,"RBMS3","In_VIP"
"UQCRH",10.1989049993088,-1.06831048884694,0.237653096556822,-4.49525171068625,6.94876981682129e-06,0.000144314708438322,"UQCRH","In_VIP"
"AHDC1",6.7466743128517,1.32737271050191,0.295609938594629,4.49028444988158,7.11281222146859e-06,0.000146745243478513,"AHDC1","In_VIP"
"RIN1",1.51078524917527,2.57686411315239,0.573894383051379,4.49013649419476,7.11775477307709e-06,0.000146745243478513,"RIN1","In_VIP"
"ADAM7-AS1",1.68907891451849,2.09555307061559,0.468486662593896,4.47302610284148,7.7120359018238e-06,0.000158419239306919,"ADAM7-AS1","In_VIP"
"ENSG00000264112",3.0832395127628,1.81203992426333,0.405338727931332,4.47043373701589,7.80611267559244e-06,0.00015977076269718,"ENSG00000264112","In_VIP"
"PSRC1",3.6323472774743,1.73083666464055,0.387571031628505,4.46585663889244,7.97490012860121e-06,0.000162636140167755,"PSRC1","In_VIP"
"NAA35",6.18091201702425,1.08552040723032,0.243124157888658,4.4648808931914,8.01133067354417e-06,0.000162791391995867,"NAA35","In_VIP"
"GRIK2",143.62312652232,-0.4473166793439,0.100219005058418,-4.46339173975194,8.06723670241427e-06,0.000163339857103721,"GRIK2","In_VIP"
"ENSG00000224905",9.2187715654987,1.17026637251689,0.262244613712582,4.46249917567227,8.10092403180145e-06,0.000163436142341594,"LOC105377134","In_VIP"
"MICOS10",5.75904478805728,-1.57472344162082,0.353172184274667,-4.4587980360201,8.24205351439054e-06,0.000165691673675417,"MICOS10","In_VIP"
"NR6A1",8.87121321577815,1.11308724813602,0.249714544318989,4.45743859722544,8.2944784925319e-06,0.000166154287249336,"NR6A1","In_VIP"
"CASKIN1",5.96699592310331,1.54469420249142,0.346722003593868,4.45513750636026,8.38394417050661e-06,0.000166763734574619,"CASKIN1","In_VIP"
"CALB2",37.1718004640039,-1.021259229758,0.229195451019333,-4.45584423781543,8.35636900355224e-06,0.000166763734574619,"CALB2","In_VIP"
"MACF1",29.9382870446409,0.64459773719319,0.144962967223047,4.44663730014149,8.72249252124617e-06,0.000171651864588158,"MACF1","In_VIP"
"TGFBR3",3.33885496169294,1.51258035931572,0.340250583920433,4.44548938575645,8.76920107578526e-06,0.000171651864588158,"TGFBR3","In_VIP"
"PER2",1.73231058906356,2.2944015344596,0.516094333346628,4.44570185373183,8.7605377817189e-06,0.000171651864588158,"PER2","In_VIP"
"POLR2B",5.48918273390632,1.12834464241847,0.253835244421493,4.44518508448283,8.78162309541115e-06,0.000171651864588158,"POLR2B","In_VIP"
"ABAT",9.85616627550433,0.823438903075601,0.185150250781469,4.44740906155994,8.69122336258133e-06,0.000171651864588158,"ABAT","In_VIP"
"SWT1",2.6852818514723,1.68885396050967,0.380626440598415,4.43703794685015,9.12052201646201e-06,0.000177106241831794,"SWT1","In_VIP"
"DNAJB6",9.0740747134188,-1.62917309631461,0.367181394671354,-4.43697071790035,9.12336986600319e-06,0.000177106241831794,"DNAJB6","In_VIP"
"WSB1",17.9034150703042,-0.75595332576503,0.170449291963219,-4.43506286859882,9.20454233440483e-06,0.000177486221298141,"WSB1","In_VIP"
"ZNF814",2.69058656445662,1.81462477652986,0.409156916427854,4.43503385540307,9.20578205706415e-06,0.000177486221298141,"ZNF814","In_VIP"
"CPEB4",16.2551469149532,0.685105818872695,0.154743221005548,4.42737209695364,9.53880999966168e-06,0.000183281420707785,"CPEB4","In_VIP"
"ROBO1",99.4726764794226,-0.725550573703794,0.164250263122986,-4.41734801459965,9.99192823668498e-06,0.000191336957996724,"ROBO1","In_VIP"
"HGFAC",3.21794671766001,-2.02454725972141,0.459132263796765,-4.40950771566247,1.03605867346044e-05,0.000197726197512771,"HGFAC","In_VIP"
"FDX2",3.42207819563513,-1.9075658420828,0.434013334610901,-4.39517795874395,1.10682041063219e-05,0.000210519478103072,"FDX2","In_VIP"
"PTS",7.1619309041023,1.21684232353849,0.277453337024129,4.38575486815163,1.15584231314367e-05,0.000219105812984852,"PTS","In_VIP"
"B2M",8.1042570629392,1.06946570150252,0.243953786645417,4.38388645738454,1.16580551860769e-05,0.000220255363699493,"B2M","In_VIP"
"SPOCK3",29.4050228790818,-0.639287148449913,0.145928821503411,-4.38081485112913,1.18236308656257e-05,0.000221899304850231,"SPOCK3","In_VIP"
"GPM6A",47.0950610312669,-0.448088921853076,0.102270017945814,-4.38142997188569,1.17902939279568e-05,0.000221899304850231,"GPM6A","In_VIP"
"ARL13B",4.14611022080285,1.31413973210818,0.300336298191552,4.37556079641773,1.2112067636613e-05,0.000225638476833693,"ARL13B","In_VIP"
"ANKLE2",2.82330822661528,1.58431377002715,0.362128043114067,4.37500988988058,1.21426972840224e-05,0.000225638476833693,"ANKLE2","In_VIP"
"PDE9A",2.53728050063298,1.63533256089684,0.373734922796139,4.37564825000008,1.21072121242677e-05,0.000225638476833693,"PDE9A","In_VIP"
"VPS36",6.6983727725338,0.977102709570031,0.223425525739129,4.37328146073558,1.22392760840226e-05,0.000226687444585716,"VPS36","In_VIP"
"STAT2",3.50785643357888,1.46627791775613,0.335614140380021,4.36893962839541,1.24851272136018e-05,0.000230485240619728,"STAT2","In_VIP"
"ARFGEF2",6.54328655759418,1.03454600033412,0.23736354364777,4.35848734154942,1.30964495859463e-05,0.000240983204270393,"ARFGEF2","In_VIP"
"PLS3",8.09424016212382,-0.993624456769023,0.228371558743053,-4.35091156813873,1.35572725471632e-05,0.000248652703308197,"PLS3","In_VIP"
"FOXN3",35.8401795002897,1.56948212976158,0.361314865119577,4.34380724757107,1.40034394333381e-05,0.000256004625757046,"FOXN3","In_VIP"
"EGLN1",4.48799450972916,1.20991009905465,0.278703767864943,4.34120467162455,1.41703648229442e-05,0.000258220615757457,"EGLN1","In_VIP"
"ATG4B",6.2615573426317,1.24467306611323,0.286851515132638,4.3390848590697,1.43077271173628e-05,0.00025905240540379,"ATG4B","In_VIP"
"PDCD7",4.42650467279914,1.2951871494667,0.298452461879935,4.33967654784413,1.42692588945329e-05,0.00025905240540379,"PDCD7","In_VIP"
"ORMDL1",3.87447525452876,-1.49593121543895,0.345199873227214,-4.3335219142862,1.4674266597035e-05,0.000264840038359907,"ORMDL1","In_VIP"
"PCSK2",27.3123574378035,-0.850474881478618,0.196568866002233,-4.3266001314214,1.51428498481883e-05,0.000272426620358011,"PCSK2","In_VIP"
"ENSG00000262801",3.49944783820003,-1.72853204540219,0.399744182975603,-4.32409555665174,1.5315890373145e-05,0.0002746649673584,"ENSG00000262801","In_VIP"
"CFAP210",1.41181290401258,3.55046327893033,0.821392802596958,4.32249134361173,1.54277138236626e-05,0.000275794795537564,"CFAP210","In_VIP"
"SLC35F5",7.32034123480522,1.02938274743943,0.23855607721169,4.31505564423736,1.59562706189831e-05,0.000283663718331422,"SLC35F5","In_VIP"
"SYNPR",111.121578048036,-0.597645313324232,0.138530360689294,-4.31418290077708,1.60194284220259e-05,0.000283663718331422,"SYNPR","In_VIP"
"CDK5R1",6.55857003774746,-1.69979544613307,0.394053731785726,-4.31361337051711,1.60607720172518e-05,0.000283663718331422,"CDK5R1","In_VIP"
"FOXK2",3.70051979360118,1.34728765644044,0.31234184272054,4.31350357898059,1.60687537380165e-05,0.000283663718331422,"FOXK2","In_VIP"
"IL12RB2",4.77254504016454,1.19259231921706,0.276565253151035,4.31215528931891,1.61670817102372e-05,0.000284510419255856,"IL12RB2","In_VIP"
"TRIM44",10.7648410315265,0.764690504976442,0.177621581025467,4.30516663888269,1.66860084750438e-05,0.000292730626942616,"TRIM44","In_VIP"
"HNRNPK",8.30936495013744,-1.13771403826725,0.264329535674454,-4.30415025458391,1.67627873328159e-05,0.00029316713821386,"HNRNPK","In_VIP"
"SCAI",10.1594390429532,-0.921177481644965,0.214257993326869,-4.29938443528513,1.71273155967469e-05,0.000298617919154393,"SCAI","In_VIP"
"ZNF692",2.630691201981,-2.33863236705925,0.545544872338595,-4.28678278476746,1.81279394048854e-05,0.000315091475994455,"ZNF692","In_VIP"
"SERPINB9",3.74254776999958,1.39773748845896,0.327018560660221,4.27418396569617,1.91838596026534e-05,0.000332422156120826,"SERPINB9","In_VIP"
"NSD2",7.63901134115086,0.885548688719084,0.207272578839231,4.27238708409158,1.93391488763423e-05,0.000334088232423417,"NSD2","In_VIP"
"ENSG00000258380",1.63157961221591,2.52218170609981,0.590593771001828,4.27058636568654,1.94959703133322e-05,0.000335726599319023,"ENSG00000258380","In_VIP"
"ITSN1",13.5667869293439,0.839991024406369,0.196722128362314,4.26993664311781,1.9552850270129e-05,0.000335726599319023,"ITSN1","In_VIP"
"SUMF1",13.2090689564328,0.76437850450179,0.179164017730688,4.26636170690686,1.98686559275837e-05,0.000340115264651273,"SUMF1","In_VIP"
"TOMM20",4.53629491189287,-1.85858632947267,0.436162428721781,-4.26122519291596,2.03309242177942e-05,0.000345959380435118,"TOMM20","In_VIP"
"SCG3",8.55196142712439,-1.25865338463847,0.295374820747848,-4.26120744297612,2.03325392643759e-05,0.000345959380435118,"SCG3","In_VIP"
"URI1",9.77964124749752,-1.06194491909394,0.24930569263392,-4.2596095896346,2.04784276334423e-05,0.000347395308412359,"URI1","In_VIP"
"TULP4",7.98297806456042,0.920636091336616,0.216313308159113,4.25603075081922,2.08088099239692e-05,0.000350892439583588,"TULP4","In_VIP"
"NKAIN3",16.1296688107662,-0.864626169619601,0.203152127753139,-4.25605273832158,2.08067647303214e-05,0.000350892439583588,"NKAIN3","In_VIP"
"ATP6V0E2",11.1407532204277,-1.03366882896733,0.243368867346336,-4.24733385267527,2.1632948138161e-05,0.000363703940572832,"ATP6V0E2","In_VIP"
"CWC27",7.07517334121659,-1.03370768436922,0.243642726237622,-4.24271924851579,2.20827626000961e-05,0.000369719144200904,"CWC27","In_VIP"
"DIPK1B",2.85774523240641,1.53035710426453,0.360735491439023,4.24232475202186,2.21216269675882e-05,0.000369719144200904,"DIPK1B","In_VIP"
"COX7A2",6.40959498630298,-1.68065358944123,0.397091326446105,-4.23241072647639,2.31199695026878e-05,0.000384228759131757,"COX7A2","In_VIP"
"PHPT1",2.32823951989646,-2.03184736234974,0.480216716403888,-4.23110502600839,2.32546052143074e-05,0.000384228759131757,"PHPT1","In_VIP"
"MAN2C1",4.69534539766423,1.11892469076215,0.264456502734191,4.23103489304929,2.32618579612429e-05,0.000384228759131757,"MAN2C1","In_VIP"
"TPD52L2",3.68267840386015,1.33927306597237,0.316492718997765,4.23160782407076,2.3202671710384e-05,0.000384228759131757,"TPD52L2","In_VIP"
"ARL6IP1",27.0383884908264,-0.807703343679609,0.191097750276638,-4.22665019609262,2.37195967131612e-05,0.000390647235663696,"ARL6IP1","In_VIP"
"APRG1",1.61262940425299,2.25796847798579,0.534983861149872,4.22062914782627,2.43621437202511e-05,0.000400063226382844,"APRG1","In_VIP"
"RYR2",13.397737588849,0.707164680880319,0.167630215133996,4.21859913688618,2.45824880631974e-05,0.000402511521939136,"RYR2","In_VIP"
"TASP1",5.56056178617846,-1.3697076244748,0.324823011513921,-4.2167813730035,2.47814021651891e-05,0.000404595782748997,"TASP1","In_VIP"
"TSPAN13",4.25053273301747,-1.56646007775979,0.37161885699938,-4.21523302237165,2.49520416050145e-05,0.000406207732065495,"TSPAN13","In_VIP"
"PCDH17",5.28723730617521,-1.33095382253324,0.315834395722911,-4.21408763756345,2.50789899067616e-05,0.000407101189607173,"PCDH17","In_VIP"
"LSP1P5.1",4.50582372801094,1.15114595756497,0.274248875324576,4.19745005773526,2.69937159964402e-05,0.000434436942645664,"LSP1P5.1","In_VIP"
"NUP54",3.60033976226849,1.30882279602711,0.31177953291705,4.19791120918553,2.69388206139177e-05,0.000434436942645664,"NUP54","In_VIP"
"CYCS",3.91579403708886,-1.55611579106693,0.370785759145551,-4.19680570972544,2.7070597240445e-05,0.000434436942645664,"CYCS","In_VIP"
"USP20",3.67314604724341,1.27228642127717,0.303054743013005,4.19820659669586,2.69037135346331e-05,0.000434436942645664,"USP20","In_VIP"
"GOLGB1",8.05196180419054,1.13708959444534,0.271233024121628,4.19229774150009,2.76143244752679e-05,0.000441907419152376,"GOLGB1","In_VIP"
"CHCHD10",4.52697622148337,-1.42487346238368,0.340077831645299,-4.18984517600024,2.79144851729846e-05,0.000445448945599406,"CHCHD10","In_VIP"
"RARS1",5.7706020225905,1.53470008043607,0.366990396112797,4.18185352175912,2.89142234895838e-05,0.000460102671810306,"RARS1","In_VIP"
"DLG2",269.087308145691,-0.245587685927412,0.05874177212046,-4.18080144779753,2.90483433144199e-05,0.000460938458941455,"DLG2","In_VIP"
"FBXO22",4.72889979609708,1.14590284464941,0.274189923278882,4.17923033401888,2.92497324947189e-05,0.000462834002416435,"FBXO22","In_VIP"
"PCYT1A",3.0093957981818,1.38926438387893,0.332934654491599,4.17278395365714,3.00900238015207e-05,0.000474800403505001,"PCYT1A","In_VIP"
"ENSG00000287720",3.56984098337684,1.62695664956543,0.39055245552825,4.16578266641509,3.10286196966752e-05,0.000488246999071082,"ENSG00000287720","In_VIP"
"XIAP",4.35496400257823,-1.43659542912365,0.344913537188288,-4.16508856345471,3.11231724231372e-05,0.000488374447273062,"XIAP","In_VIP"
"INTS4P1",3.81197131106908,-1.46423448831875,0.351961409663897,-4.16021316006493,3.17950708142087e-05,0.000497535609499903,"INTS4P1","In_VIP"
"CTNNA3",14.8744187740784,-0.857140513419495,0.20611449247444,-4.1585649952576,3.20253113871406e-05,0.000499754099519218,"CTNNA3","In_VIP"
"SH3PXD2A",5.2771991438884,1.32681665512961,0.319185270987512,4.15688559507973,3.22615442432256e-05,0.000502053618264412,"SH3PXD2A","In_VIP"
"FGF14",128.12047123427,-0.485846937981233,0.116941778604487,-4.15460534104269,3.25849472967647e-05,0.000505693316701714,"FGF14","In_VIP"
"ABL2",8.66084818131827,0.834091444815253,0.200823712439722,4.1533513880519,3.27641026093782e-05,0.000507080590795554,"ABL2","In_VIP"
"FAT4",5.18001224819216,-1.528378391453,0.368175919834523,-4.15121769001062,3.30711019143448e-05,0.000510433482825502,"FAT4","In_VIP"
"TSNARE1",2.6010960417212,1.54463292272598,0.372635835777443,4.14515399331725,3.39585417926077e-05,0.0005227024593636,"TSNARE1","In_VIP"
"EDIL3",37.3596835107205,-0.733674639091502,0.177206792296467,-4.14021736742497,3.46976877243317e-05,0.000532628364007472,"EDIL3","In_VIP"
"FBXO9",6.5872148865397,1.12340093056908,0.271406548814859,4.13918137006862,3.48547322058864e-05,0.000533589111737269,"FBXO9","In_VIP"
"GLCE",6.98746547285712,1.09727108724592,0.265133659636961,4.13855822285398,3.49495185530614e-05,0.000533594135962821,"GLCE","In_VIP"
"RFX2",3.89822785874203,1.86517147684498,0.451072418367729,4.13497123941734,3.54999091508495e-05,0.00054053635254218,"RFX2","In_VIP"
"EML1",3.5063268604724,1.37343383031695,0.332260610089575,4.13360413064516,3.57118381378902e-05,0.000542301542045542,"EML1","In_VIP"
"MAP3K9",4.2586577121088,1.21131142142659,0.293295830620933,4.12999877585079,3.62765165960602e-05,0.000549399577080816,"MAP3K9","In_VIP"
"OLFM1",13.0394332692857,-0.880427456322044,0.213222034970495,-4.12915792893485,3.64094256822697e-05,0.000549938090051181,"OLFM1","In_VIP"
"ATP6V1G2",3.9016007776729,-2.10243859553858,0.50931457332259,-4.12797651130028,3.65969486993319e-05,0.000551296435206735,"ATP6V1G2","In_VIP"
"LPGAT1",10.9644988005317,0.761431908961983,0.184570282904222,4.12543068678672,3.70041618696795e-05,0.000553006641274655,"LPGAT1","In_VIP"
"TMEM196",3.21748848479472,-1.69655941962009,0.411197620702874,-4.12589794833954,3.69291009375082e-05,0.000553006641274655,"TMEM196","In_VIP"
"PCP4",1.89966711896165,-3.07022221620823,0.744200511619464,-4.12553091306948,3.69880493196212e-05,0.000553006641274655,"PCP4","In_VIP"
"ZFP30",2.97566364774332,1.48348317530885,0.360003562947941,4.12074581473899,3.77647896200153e-05,0.00056288468750255,"ZFP30","In_VIP"
"ZNF680",4.2888276225213,1.17040066682414,0.284717627806012,4.11074184567727,3.94389950360874e-05,0.000586291797260152,"ZNF680","In_VIP"
"ENSA",11.0657562870527,-0.796651091697263,0.193874528498771,-4.10910653331293,3.97192826837677e-05,0.000588762686079098,"ENSA","In_VIP"
"OSTM1",4.27963498947724,-1.59072527274646,0.387173583798582,-4.10855838133315,3.98136565909392e-05,0.000588762686079098,"OSTM1","In_VIP"
"URM1",2.97252260213756,1.3767442766898,0.335285957934004,4.10617934963083,4.02257199025644e-05,0.0005933031115655,"URM1","In_VIP"
"RAB27B",3.23626986561734,-1.83867395836885,0.447903766783655,-4.10506473649945,4.0420167211899e-05,0.000594618553593795,"RAB27B","In_VIP"
"ITM2B",24.4184022789837,-0.674995516347189,0.164454951841913,-4.10444020558316,4.05295079007637e-05,0.000594678415925752,"ITM2B","In_VIP"
"RABL6",6.4402060159278,1.02708687618418,0.250313717591026,4.10319852251279,4.07477317376502e-05,0.000596331441932606,"RABL6","In_VIP"
"GOPC",4.04505566355416,-1.40020300932162,0.341336811273234,-4.10211545628104,4.09389888985771e-05,0.000597582295317989,"GOPC","In_VIP"
"KDM2A",8.3952037784093,0.892859025346695,0.218295752134581,4.09013467562227,4.31122780683453e-05,0.000626070074056768,"KDM2A","In_VIP"
"ENSG00000283380",2.62873721349791,1.92712138084518,0.471105916519732,4.09063294106277,4.30197532247959e-05,0.000626070074056768,"LOC124905258","In_VIP"
"TMEM205",3.94499020308616,-1.46075592109457,0.358719615260321,-4.07213840267562,4.65834842291484e-05,0.000674743852334511,"TMEM205","In_VIP"
"MECP2",8.66396139673554,1.28639300654498,0.315955246437059,4.07144056334334,4.67232849993039e-05,0.000675037946191989,"MECP2","In_VIP"
"SAP30BP",3.3354480840965,1.2858187644196,0.31589612920665,4.07038467881463,4.6935570904594e-05,0.000676375102142989,"SAP30BP","In_VIP"
"STAT3",3.93101193370747,1.20568909697162,0.296849725424737,4.06161432437407,4.87345421181115e-05,0.000699643460507135,"STAT3","In_VIP"
"ASXL1",7.19481880020337,0.89939174549949,0.221453556533958,4.06131091130874,4.87979329863359e-05,0.000699643460507135,"ASXL1","In_VIP"
"GPR149",4.41332465074923,-1.40282525584629,0.3456115313447,-4.05896542394926,4.92906105811086e-05,0.000704231347803328,"GPR149","In_VIP"
"KCNB2",12.909721462028,-1.00353310241911,0.247260747982787,-4.0586025505713,4.93672532713963e-05,0.000704231347803328,"KCNB2","In_VIP"
"HTR1F",9.47936915931748,-0.946961238796289,0.233500223132221,-4.05550464189521,5.00261789236745e-05,0.000711833462820748,"HTR1F","In_VIP"
"ATP1B1",64.1827249861894,-0.606229950568818,0.149517950112873,-4.0545630147495,5.0228109550596e-05,0.00071291103228974,"ATP1B1","In_VIP"
"LINC-PINT",36.484823275854,0.929921497705718,0.229523743378025,4.05152636507038,5.08845909313457e-05,0.00071861763542793,"LINC-PINT","In_VIP"
"CRYAB",13.2646864959331,2.15821593194704,0.532630382341057,4.05199553668171,5.0782634122925e-05,0.00071861763542793,"CRYAB","In_VIP"
"LINC02981",4.111666428643,-1.51026685303158,0.372832634497268,-4.05079039035315,5.10449183258219e-05,0.000719084148684708,"LINC02981","In_VIP"
"PHYHIP",6.01599993615319,1.72873688386551,0.426952617808613,4.04901343090121,5.14339933617581e-05,0.000720969301490251,"PHYHIP","In_VIP"
"GAPVD1",7.57316273520732,1.16618234746087,0.288005814930098,4.04916250647203,5.14012447485777e-05,0.000720969301490251,"GAPVD1","In_VIP"
"CCNI",18.0502524566465,-1.12923877207648,0.279100763986021,-4.04598954137235,5.21025591824347e-05,0.000727081827511041,"CCNI","In_VIP"
"ENSG00000247121",2.61631649756911,-1.87545601148307,0.463547400020156,-4.04587753356295,5.21274809952153e-05,0.000727081827511041,"ENSG00000247121","In_VIP"
"XYLT1",1.77214689501359,2.45653826731371,0.607343535311312,4.04472613025269,5.2384324782023e-05,0.000728864656880906,"XYLT1","In_VIP"
"ZNF804B",15.9029231668002,-1.09933736982685,0.272090838523179,-4.04033217653964,5.33755482525658e-05,0.000740831626729101,"ZNF804B","In_VIP"
"TET3",4.20322752110016,1.89168173547693,0.468361784920384,4.03893271479972,5.36949638277698e-05,0.000743438359468313,"TET3","In_VIP"
"PLPPR5-AS1",6.19460594114013,-1.10786631597093,0.274632895921432,-4.03398985490752,5.48376865088515e-05,0.000755556319728055,"PLPPR5-AS1","In_VIP"
"SYN1",8.54378840960771,1.57588273511356,0.390637248201635,4.03413331004251,5.48041994235191e-05,0.000755556319728055,"SYN1","In_VIP"
"BTG1",6.81173792613014,-1.58542166906481,0.393507773213787,-4.02894625464863,5.60274242754416e-05,0.000770070364311362,"BTG1","In_VIP"
"HMGN3",13.4130413984984,-0.766677740305095,0.190394716727411,-4.02678054035895,5.65457638822264e-05,0.000775308301385187,"HMGN3","In_VIP"
"CLIP4",11.8213433074564,0.919647717989864,0.228439354200903,4.02578496689792,5.67855643185973e-05,0.00077671102381539,"CLIP4","In_VIP"
"MTHFD2L",2.99068129827486,-1.77301540865897,0.440647110728052,-4.02366284832672,5.7299930643844e-05,0.000781853401466364,"MTHFD2L","In_VIP"
"COPG2IT1",7.70934507337408,-1.03523402230358,0.257342098548586,-4.02279311524355,5.75120118123882e-05,0.000782856276453448,"COPG2IT1","In_VIP"
"RAC1",6.52054468522814,-1.11608886389911,0.277610312329135,-4.02034367720418,5.81133006668989e-05,0.000789139508334884,"RAC1","In_VIP"
"RHBDD1",3.21099910110906,-1.59349023848238,0.396787698650235,-4.01597691637874,5.92000504365151e-05,0.000801969028575237,"RHBDD1","In_VIP"
"FOS",1.30677505677513,2.79659860142447,0.69699684421353,4.01235475403058,6.01160674813394e-05,0.000812429821057623,"FOS","In_VIP"
"RALGPS1",10.0653851846864,0.759123691548153,0.189520042653194,4.00550612442235,6.18848302872793e-05,0.000834337485185777,"RALGPS1","In_VIP"
"SH3BGRL3",2.13319269658601,-1.96950649258711,0.491832434651261,-4.00442580405175,6.21682988950099e-05,0.000836163620137883,"SH3BGRL3","In_VIP"
"RERG",17.8894550554506,0.651821025748396,0.162891275685822,4.00157112776011,6.29232737177966e-05,0.000842307045573064,"RERG","In_VIP"
"ATXN2",15.5175935786817,0.606792052805726,0.151622031749826,4.00200449633153,6.28081048153645e-05,0.000842307045573064,"ATXN2","In_VIP"
"GRM1",12.1699639339947,-1.16441421198391,0.291079187731318,-4.00033482661331,6.32529238128422e-05,0.000844718124394198,"GRM1","In_VIP"
"PDS5A",11.6613000460887,0.686053917362776,0.171614833986184,3.99763762506688,6.39777943747832e-05,0.000852383397224411,"PDS5A","In_VIP"
"CUL5",10.2887719147453,0.814219572761084,0.203725885643389,3.99664269559899,6.42471605396019e-05,0.000853958140913438,"CUL5","In_VIP"
"RTN4",39.4751898441868,-0.644076966354944,0.16136025453725,-3.99154654411045,6.56438012148803e-05,0.000868435206236204,"RTN4","In_VIP"
"BEX1",11.5139648085818,-1.18332086600828,0.296452010259413,-3.99161019340974,6.56261817665965e-05,0.000868435206236204,"BEX1","In_VIP"
"VPS13D",8.36520939583858,1.13750443195392,0.285041168330687,3.99066716788873,6.58876894960837e-05,0.00086962513542845,"VPS13D","In_VIP"
"NDUFAF7",3.50797639733988,1.22979410556518,0.308313001226234,3.98878445175518,6.64127328698535e-05,0.000874511720237301,"NDUFAF7","In_VIP"
"SNCB",5.7900916958786,-1.4640261889694,0.367152428380525,-3.98751601733124,6.67686978874616e-05,0.000875119198065593,"SNCB","In_VIP"
"PGAM1",5.17490587696305,-1.28988292126065,0.323453125283746,-3.98785116121267,6.66744702312923e-05,0.000875119198065593,"PGAM1","In_VIP"
"KIF27",2.93977626828069,1.31257975595448,0.329315074943149,3.98578703444133,6.72568168621286e-05,0.000879476292717973,"KIF27","In_VIP"
"C6orf62",3.12406353728027,-1.53098738045926,0.384246206189021,-3.98439166294885,6.76532123964093e-05,0.000882616620848305,"C6orf62","In_VIP"
"ENSG00000226939",3.11106969496386,-1.77281061960297,0.445237538728066,-3.98171866789906,6.84187351897655e-05,0.000890547085453883,"LOC105373643","In_VIP"
"SMPD4",6.10019927535919,1.22207532514092,0.307223271198615,3.9778084530285,6.95533653043032e-05,0.000903234392193123,"SMPD4","In_VIP"
"UBE2V2",4.00321989765171,-1.29999189488831,0.326983983017801,-3.97570511830707,7.01710318352013e-05,0.000909165501919845,"UBE2V2","In_VIP"
"HMGCLL1",4.19735696651942,-1.39946268658353,0.352089655139665,-3.97473389562781,7.04579896492712e-05,0.000910794470317467,"HMGCLL1","In_VIP"
"ILRUN",3.92308850382118,1.47731288576125,0.371920005600938,3.97212535898478,7.12342137649817e-05,0.000918726195338771,"ILRUN","In_VIP"
"ENSG00000289413",2.86022117873954,-1.98909375225723,0.501013569303979,-3.97013948149254,7.18305687849626e-05,0.000924307250720396,"ENSG00000289413","In_VIP"
"MAST4",25.1444716176619,-0.575512049088276,0.14512982907809,-3.96549801473694,7.32428620031105e-05,0.000938303974837505,"MAST4","In_VIP"
"PEBP4",1.2552367294542,2.40888021339785,0.607463502746251,3.96547315601295,7.32504961769056e-05,0.000938303974837505,"PEBP4","In_VIP"
"RPS6KA5",7.07202017122627,1.11795739758403,0.28237931538501,3.95906263905961,7.52445019477493e-05,0.000961665591635376,"RPS6KA5","In_VIP"
"GRSF1",3.28214843811979,1.26127297045989,0.319093261638157,3.95267817309832,7.72813454715611e-05,0.000985467992254737,"GRSF1","In_VIP"
"RNASEK",9.12806846845112,-1.03353158924095,0.261772622899135,-3.94820351263083,7.87398551714109e-05,0.00100180504924167,"RNASEK","In_VIP"
"GRIA4",40.9343524978911,-0.517692614106591,0.131187413617963,-3.94620642201383,7.93991689279478e-05,0.00100792338263815,"GRIA4","In_VIP"
"FAM171B",13.6684065263563,-0.900162834590218,0.228188299001132,-3.94482468439695,7.98583826484095e-05,0.00101147982865665,"FAM171B","In_VIP"
"HS6ST3",48.8639591094899,-0.492291174158515,0.124830845996519,-3.94366608852625,8.02453703837246e-05,0.0010119013956402,"HS6ST3","In_VIP"
"PCDH11X",38.9771334602905,-0.752685810248488,0.190860075321313,-3.94365248458245,8.02499248091364e-05,0.0010119013956402,"PCDH11X","In_VIP"
"FUT8",10.6803739736648,0.722677151048282,0.183297597667699,3.94264387664495,8.05882752397253e-05,0.00101390460318309,"FUT8","In_VIP"
"SAMD4B",3.84133262580258,1.1947174134625,0.303156222893413,3.94092986797289,8.11663562362326e-05,0.00101890832528551,"SAMD4B","In_VIP"
"ENSG00000280241",1.35266606354741,1.94168305529604,0.492985376275195,3.93862201342896,8.19509166046807e-05,0.00102647611507725,"ENSG00000280241","In_VIP"
"MYO9B",5.37976315378542,1.03031165234095,0.261655685267355,3.93766201291669,8.22793772546038e-05,0.00102831018166207,"MYO9B","In_VIP"
"MARCKS",3.92182768545295,-1.4024768694755,0.35630638342488,-3.93615420525068,8.27977811027542e-05,0.00103250478024163,"MARCKS","In_VIP"
"RPS6KB2",3.07527285545514,1.60019316121628,0.406780525249621,3.9337998303491,8.36134232738142e-05,0.0010403793569907,"RPS6KB2","In_VIP"
"BTBD8",8.54021712785528,-1.16124934908436,0.295516237092438,-3.9295619100656,8.51007645727173e-05,0.00104794331815687,"BTBD8","In_VIP"
"RNF149",9.83967276187434,0.736015418902774,0.187308634357773,3.92942600551414,8.51488729038771e-05,0.00104794331815687,"RNF149","In_VIP"
"CEP57",8.0693204021327,0.926845141616365,0.235828279255419,3.93016963250843,8.4885953281451e-05,0.00104794331815687,"CEP57","In_VIP"
"FZR1",2.82813837214177,1.48520421053963,0.377802489416171,3.93116576027531,8.45349604558395e-05,0.00104794331815687,"FZR1","In_VIP"
"ENSG00000289873",3.39517637959633,1.8165294543389,0.462270440565526,3.92958167975572,8.50937685161423e-05,0.00104794331815687,"ENSG00000289873","In_VIP"
"ZFYVE28",10.4263144077109,0.724196761205363,0.184546498179536,3.9241967111228,8.70196108706171e-05,0.0010686386561046,"ZFYVE28","In_VIP"
"SNX3",6.92977492375224,-1.3675639547742,0.348557568542035,-3.92349522202177,8.7273497036204e-05,0.00106943163721804,"SNX3","In_VIP"
"PLET1",1.10067093425419,3.34292320078459,0.852867960584938,3.91962572786983,8.86865864849763e-05,0.00108439508020267,"PLET1","In_VIP"
"EYA3",3.75068976004435,-1.40539859031984,0.358688963207433,-3.91815398431171,8.92297005926654e-05,0.00108867943552477,"EYA3","In_VIP"
"MIR137HG",6.83899517495659,-1.1635198810146,0.297021964985982,-3.91728564946204,8.9551612364371e-05,0.0010902522807033,"MIR137HG","In_VIP"
"GLYR1",4.96804347071326,1.22871310176431,0.31387039551502,3.91471486104371,9.0511107055669e-05,0.00109956396506984,"GLYR1","In_VIP"
"ENSG00000291203",12.1167499998312,0.683221781640808,0.174808869502293,3.90839311292408,9.2912037178256e-05,0.00112630922321882,"ENSG00000291203","In_VIP"
"HECW2",17.0946862254092,-0.614740722312103,0.157328790429545,-3.90736317640094,9.33088486206475e-05,0.00112785621818287,"HECW2","In_VIP"
"NSUN2",2.70727979470117,1.46286605590188,0.374419295437875,3.90702635715151,9.343896443788e-05,0.00112785621818287,"NSUN2","In_VIP"
"DCP1A",4.20899328590442,1.17761345570685,0.301522739595725,3.9055543780405,9.40096144618258e-05,0.00113232475926408,"DCP1A","In_VIP"
"PLEC",7.44526250119531,1.40998440718322,0.361097467909599,3.90471972940063,9.43346477107632e-05,0.00113382218067681,"PLEC","In_VIP"
"PDXDC1",10.0302080281531,0.85270747448087,0.218550977976134,3.9016410833631,9.55427500425603e-05,0.00114590444796268,"PDXDC1","In_VIP"
"PLCB1",113.466616299253,0.409640984309953,0.105069527566128,3.89876107563285,9.66861172343447e-05,0.00115716075478138,"PLCB1","In_VIP"
"PDZRN3",29.3491926260319,-0.870970477805142,0.223723020939185,-3.8930749019427,9.89815745712584e-05,0.00117963484125114,"PDZRN3","In_VIP"
"CDC34",2.12628879730163,1.53738136194834,0.394881167731968,3.89327597154967,9.88995345156532e-05,0.00117963484125114,"CDC34","In_VIP"
"YME1L1",8.71371620868641,0.809843720851446,0.208111345204334,3.89139631026026,9.96689818941604e-05,0.00118532648151603,"YME1L1","In_VIP"
"RIPK1",4.06027707873468,1.30540052986914,0.335906075175424,3.88620696778826,0.000101822704257196,0.00120839591669937,"RIPK1","In_VIP"
"HECTD4",16.5160740879405,0.630840736739547,0.162436669547309,3.88361038488182,0.000102916776226637,0.00121881943166514,"HECTD4","In_VIP"
"SPOCK2",14.3779572213957,-0.741814027171348,0.191372158749725,-3.87629021910907,0.000106061169978154,0.00125343001926065,"SPOCK2","In_VIP"
"IARS1",4.4062315337644,1.10807347883033,0.285912403227854,3.87556981201429,0.000106375475008455,0.0012545199547448,"IARS1","In_VIP"
"ADRA1B",12.1786592884473,-0.875473233184312,0.226095817065136,-3.87213370219979,0.000107886740029734,0.00126969207172493,"ADRA1B","In_VIP"
"HCFC2",3.22520382531782,1.26700156477975,0.327253337229622,3.87162305358168,0.000108113054322616,0.0012697102783128,"HCFC2","In_VIP"
"LSM7",3.24349987239174,-1.64474325100614,0.425036749880842,-3.86964951022998,0.000108991926477921,0.00127737633334808,"LSM7","In_VIP"
"DUS1L",4.81776217209361,1.47411323299084,0.381287473436067,3.86614650543461,0.000110568532860499,0.00129317110171627,"DUS1L","In_VIP"
"APC",20.4628262121548,0.528940981978157,0.136863562162748,3.86473195363117,0.000111211261673985,0.00129800086197591,"APC","In_VIP"
"NDST4",3.16411452360743,-1.9426174517682,0.502776581378419,-3.86377871149507,0.000111646371627282,0.00130039248107736,"NDST4","In_VIP"
"KCNIP4",230.115129712968,-0.682648895940923,0.176900647305185,-3.85893950270987,0.000113880121331901,0.00132368066955537,"KCNIP4","In_VIP"
"ENTR1",2.34509325820644,1.50695507122873,0.390873060820908,3.85535669320324,0.000115561010457864,0.00134046026299071,"ENTR1","In_VIP"
"GRIK5",4.59744455304809,1.1026337123863,0.28603815426794,3.85484836877193,0.000115801379688331,0.00134049588905611,"GRIK5","In_VIP"
"ATP8B2",2.76064896598158,1.39063005557954,0.360796467674112,3.8543338978463,0.000116045135443464,0.00134057049104321,"ATP8B2","In_VIP"
"LINC01322",37.5264421405398,-0.598454632918805,0.155360188217968,-3.85204626605617,0.000117134884200545,0.00134764757810362,"LINC01322","In_VIP"
"LDLRAD4",17.9655666987222,0.964079460186465,0.250259646753933,3.85231687445956,0.000117005474245254,0.00134764757810362,"LDLRAD4","In_VIP"
"FAM169A",9.50793624176597,0.71921641764244,0.186945047451967,3.84720765511176,0.000119471704652503,0.00137173914549184,"FAM169A","In_VIP"
"SELENOH",6.02692740744349,-1.21810609903709,0.316981637504361,-3.84282858978015,0.000121624415841819,0.00139362337746539,"SELENOH","In_VIP"
"ARF3",6.14116505367388,-1.05844139369564,0.275909817635628,-3.83618605081114,0.000124959757845851,0.00142605590317417,"ARF3","In_VIP"
"PAXBP1",4.12542009223308,1.09729915863178,0.286006602062535,3.83662177977226,0.000124738354322204,0.00142605590317417,"PAXBP1","In_VIP"
"CNTN5",115.35677627208,-0.666323156026374,0.173740312955105,-3.83516723720047,0.000125478886096249,0.00142909320072119,"CNTN5","In_VIP"
"NAP1L3",10.3068788798934,-1.70121073529533,0.444450534530367,-3.82767170500297,0.000129361138509562,0.00147034420812981,"NAP1L3","In_VIP"
"NAPB",4.45493332944864,-1.34047246673231,0.350444891504191,-3.82505922965146,0.000130740650274667,0.00148304002691083,"NAPB","In_VIP"
"RASGRF1",6.12301533674939,0.992209014042511,0.259501396398833,3.82352090513442,0.000131559431674546,0.00148933713332567,"RASGRF1","In_VIP"
"FAM27C",1.82741933721913,1.92562023554751,0.503959476152021,3.82098229454989,0.000132921195584475,0.00149874310096952,"FAM27C","In_VIP"
"SLC11A2",5.40108707946696,0.96157535697854,0.251688943217719,3.82049105807062,0.000133186234145282,0.00149874310096952,"SLC11A2","In_VIP"
"CSAD",3.51947397789363,-1.35003130132859,0.353323228854689,-3.82095257564799,0.000132937215795717,0.00149874310096952,"CSAD","In_VIP"
"LMCD1-AS1",10.6104672779308,-0.890377530296875,0.233358513481349,-3.81549195276322,0.00013591188556914,0.00152637423773375,"LMCD1-AS1","In_VIP"
"ENSG00000290833",5.0329680981249,0.99781071134579,0.261717465203546,3.81254919525436,0.000137540841725529,0.00154160360100697,"ENSG00000290833","In_VIP"
"ENSG00000289427",4.8016546245865,-1.48004128700091,0.388355191351411,-3.81105060511903,0.000138377433300298,0.00154790914992749,"ENSG00000289427","In_VIP"
"BCL7C",4.46776727525524,1.11971233679754,0.294061546967928,3.80774823618698,0.000140237938683254,0.00156562078186107,"BCL7C","In_VIP"
"PRKCG",3.92948601477171,1.17903974525082,0.310113848105521,3.80195774053159,0.000143557217436512,0.0015995162155796,"PRKCG","In_VIP"
"TTC1",6.14155359403727,1.02175954799866,0.268836768019032,3.80066891715616,0.000144306007244736,0.0016046941632392,"TTC1","In_VIP"
"PKP4",15.7218635998688,0.901552573751211,0.237323905386057,3.79882748130513,0.00014538224161829,0.00161348582102499,"PKP4","In_VIP"
"SRSF1",4.69969661095086,-1.19465112907877,0.314547046220118,-3.79800460196584,0.00014586561609706,0.00161567620653391,"SRSF1","In_VIP"
"ARHGEF40",1.68653661132135,1.96641880559054,0.518009410784232,3.79610633446507,0.000146986471845913,0.00162490524355687,"ARHGEF40","In_VIP"
"MAP4K5",11.552232879147,0.967941978219328,0.255545809027552,3.78774350439442,0.000152021668131486,0.00167728594389602,"MAP4K5","In_VIP"
"NFASC",9.57044364884311,0.757651744628079,0.200195594017799,3.78455753906711,0.000153982280795545,0.00169560605109948,"NFASC","In_VIP"
"RIMS1",32.7438523267672,-0.493356924028361,0.130453785411832,-3.78185211315158,0.000155665836357618,0.00171080994082526,"RIMS1","In_VIP"
"PPARA",1.92992688678982,1.62247686676166,0.429091275134194,3.78119286218123,0.000156078697905643,0.00171201663003684,"PPARA","In_VIP"
"FARS2",7.537262892574,-1.38033640454833,0.365392399470981,-3.77768231234912,0.000158294621262944,0.00172626701836751,"FARS2","In_VIP"
"PCDH8",7.45634494497624,-1.09296674784924,0.289320990621555,-3.77769599606718,0.00015828592665622,0.00172626701836751,"PCDH8","In_VIP"
"ALDOC",11.6794013529003,-0.96566004583462,0.255614589049101,-3.77779707107847,0.00015822171771815,0.00172626701836751,"ALDOC","In_VIP"
"ENO2",12.3827350546754,-0.684699100648982,0.181288497727674,-3.77684800321703,0.000158825589536352,0.00172872014506908,"ENO2","In_VIP"
"CCDC85A",23.9950759672283,-0.600275048516439,0.158988778761148,-3.77558122776855,0.000159634992048003,0.00173086001934582,"CCDC85A","In_VIP"
"ENSG00000259221",2.30445629519359,-1.86325190908543,0.493463086323338,-3.77586887596401,0.000159450860151749,0.00173086001934582,"ENSG00000259221","In_VIP"
"PDLIM5",4.84839302782578,1.2074648018899,0.320544863491496,3.76691358812535,0.000165278175339369,0.00178861381703467,"PDLIM5","In_VIP"
"RFX3",17.2777942764218,1.0359257848627,0.275092455733847,3.76573680328393,0.000166058650750334,0.00179362393515992,"RFX3","In_VIP"
"CNKSR2",17.801821752896,0.573216662277974,0.15234056462337,3.76273163812366,0.000168067519547239,0.00181185766779075,"CNKSR2","In_VIP"
"NPC1",4.87483733553199,1.0397667335309,0.276666769729567,3.75819161277386,0.000171145802595394,0.00184152883592644,"NPC1","In_VIP"
"CD46",5.84014265390847,1.03037747968759,0.27426081519975,3.75692560724411,0.000172013604457577,0.00184734762657957,"CD46","In_VIP"
"GRHL1",1.70874491748312,2.05536855193557,0.547378799239999,3.75492904509512,0.000173390591541179,0.00185860237498315,"GRHL1","In_VIP"
"DOP1B",2.64397221862551,1.38415457637709,0.368710970538629,3.75403686620732,0.00017400925404003,0.00186170128043964,"DOP1B","In_VIP"
"CACNA1G",2.34215746382615,2.06943989173596,0.552658637866427,3.74451741082915,0.000180740843797352,0.00193006621287569,"CACNA1G","In_VIP"
"TENM2",88.8314246698903,-0.465802535820412,0.124430609057535,-3.7434722802412,0.000181494633136737,0.00193445883507439,"TENM2","In_VIP"
"ABL1",4.20664758754809,-1.19363901658461,0.31909937762555,-3.74064977959717,0.000183545127899925,0.00195262980698056,"ABL1","In_VIP"
"ADAMTS6",15.2167006427145,-1.00860030705594,0.27011510584185,-3.73396483662957,0.000188488821743109,0.00200017146757343,"ADAMTS6","In_VIP"
"ACTR6",2.69184639687603,-1.50754884880431,0.40377310855226,-3.73365342285837,0.00018872214413465,0.00200017146757343,"ACTR6","In_VIP"
"ZMYM2",12.3333178526229,0.761291108609285,0.203995352260213,3.73190418396491,0.000190037789810005,0.00201034358546202,"ZMYM2","In_VIP"
"CUEDC1",2.70192938956487,1.42613593036974,0.382229235650285,3.73110112297785,0.000190644674561483,0.0020129939562576,"CUEDC1","In_VIP"
"ZNF827",2.69458281667358,-1.57460351810237,0.422857096598069,-3.72372494341521,0.000196304794180073,0.0020688913849314,"ZNF827","In_VIP"
"ZDHHC13",3.61407494728863,1.19466158615626,0.320886119264633,3.72300799079139,0.000196863288830797,0.00207091381490721,"ZDHHC13","In_VIP"
"PRMT1",3.73835436555091,-1.38049899070056,0.371678224336904,-3.71423155920272,0.000203822098819392,0.00214013203760362,"PRMT1","In_VIP"
"SPCS1",5.8438849251087,-1.60261230475465,0.432313852060361,-3.7070574933391,0.000209681353854213,0.00218944541205628,"SPCS1","In_VIP"
"GRB10",5.98241416611246,0.966495551303786,0.260687571205276,3.70748611771265,0.000209326887704815,0.00218944541205628,"GRB10","In_VIP"
"VPS13C",18.4147195248548,0.636662209314368,0.171715646429844,3.70765403474447,0.000209188176236882,0.00218944541205628,"VPS13C","In_VIP"
"ATP5PF",5.42874248489776,-1.26718776660908,0.341963116031749,-3.70562703169258,0.000210868409211367,0.002197777940286,"ATP5PF","In_VIP"
"MRPS36",2.9723836085671,-1.4515156234751,0.391843023118772,-3.70432938150116,0.000211950708931178,0.00220498997191938,"MRPS36","In_VIP"
"AKAP6",54.7237847216711,0.376759683456823,0.10173646404849,3.70329052597357,0.000212820919611381,0.00220997311559686,"AKAP6","In_VIP"
"RAMP1",5.11840471629158,-1.11681067662533,0.301685595098619,-3.70190255938554,0.000213988804303849,0.00221802340460999,"RAMP1","In_VIP"
"ATE1",8.17892067027312,0.763448596172702,0.206260060938314,3.70138839627815,0.000214422965111122,0.00221845298518815,"ATE1","In_VIP"
"CCDC82",6.27032702437969,0.986433495259368,0.26662001561792,3.69977285078618,0.000215792525078805,0.00222042253947208,"CCDC82","In_VIP"
"KIAA0586",4.92321647075102,-1.1957584442556,0.32319273732077,-3.69983080117547,0.000215743256603038,0.00222042253947208,"KIAA0586","In_VIP"
"SLC66A2",4.95868667297308,-1.16065469051105,0.313649659675514,-3.70048126853321,0.000215190964032273,0.00222042253947208,"SLC66A2","In_VIP"
"ADARB2",233.426764827185,-0.487727371280241,0.131898500922919,-3.69774764586041,0.000217520972047674,0.00223008343211853,"ADARB2","In_VIP"
"PLXNC1",3.86854822446194,-1.53585606457272,0.415305558419788,-3.69813510422676,0.000217189286557778,0.00223008343211853,"PLXNC1","In_VIP"
"PPP2R5C",8.42660068543989,0.738134905454824,0.199796422021389,3.69443505537754,0.0002203762082875,0.00225526304459436,"PPP2R5C","In_VIP"
"RNF138",2.85897968271186,1.34973175368348,0.365809814325232,3.6897089712401,0.00022451074295808,0.00229341986793887,"RNF138","In_VIP"
"GRM7",85.222774655983,-0.508904280925979,0.138015077918378,-3.687309304183,0.000226637816524902,0.00231096936019706,"GRM7","In_VIP"
"ASH1L",23.5837951735885,0.525156162673463,0.142500988709321,3.68528083510142,0.000228450596882657,0.00232525661583808,"ASH1L","In_VIP"
"UBE2I",4.37700071420097,1.07754426701673,0.292436050111823,3.68471762152682,0.000228956332149054,0.00232621280631296,"UBE2I","In_VIP"
"CMIP",12.4367789720124,0.620729763671285,0.168576445467719,3.68218562177567,0.000231242938475801,0.00234102394166631,"CMIP","In_VIP"
"TENM1",6.01945652023806,-0.93006960762846,0.25256250200888,-3.68253244337815,0.000230928467903887,0.00234102394166631,"TENM1","In_VIP"
"SNX29",4.60914070784984,1.098758781577,0.298497862094914,3.68096030526217,0.000232357180258216,0.00234809608457721,"SNX29","In_VIP"
"TSTD3",6.29782516090649,-1.29480601215744,0.352099509333358,-3.67738658485762,0.000235635788977054,0.00237273898739996,"TSTD3","In_VIP"
"DGKB",27.6892996416033,-0.627729292548817,0.170694254138922,-3.67750687166031,0.000235524732860514,0.00237273898739996,"DGKB","In_VIP"
"UVSSA",2.12687042227925,1.51910361099505,0.413486104953191,3.67389276881994,0.000238883015750797,0.00239657605581142,"UVSSA","In_VIP"
"FBN3",2.32931525378648,1.35341109979139,0.368396103956389,3.67379319503228,0.000238976174196194,0.00239657605581142,"FBN3","In_VIP"
"GET1",5.93890934283075,-1.11611920686744,0.303832135369591,-3.67347320094945,0.000239275782523923,0.00239657605581142,"GET1","In_VIP"
"DTWD2",3.69823696772793,1.27914839341252,0.348325067127536,3.67228349070891,0.000240392793976984,0.0024035024657982,"DTWD2","In_VIP"
"PER1",3.07316014635988,1.31610429076863,0.358450367678024,3.67164999521165,0.000240989573147539,0.00240521218853436,"PER1","In_VIP"
"WAPL",5.36091181882783,1.0124729944847,0.276809685284904,3.65765017738677,0.000254538124346296,0.0025359539055242,"WAPL","In_VIP"
"VSNL1",9.33622738839683,-0.904054667195312,0.247455505121316,-3.6534029289512,0.000258787650036894,0.00256922923560354,"VSNL1","In_VIP"
"CDH10",38.7155404510764,-0.447658108461725,0.122518809024124,-3.65379089159755,0.000258396735924249,0.00256922923560354,"CDH10","In_VIP"
"ADAM23",11.2865448330002,0.745068678801683,0.204016761903055,3.65199737439087,0.000260208546057528,0.00257526909684798,"ADAM23","In_VIP"
"ELAPOR2",6.00510964931161,0.994779947226649,0.272400692479465,3.65189948003396,0.000260307780899309,0.00257526909684798,"ELAPOR2","In_VIP"
"UQCR11",6.49040561930182,-1.08432334796181,0.29745001665883,-3.64539683050516,0.000266979507268617,0.00263665600797276,"UQCR11","In_VIP"
"ANK2",79.7604442903455,0.495778403473857,0.136039473183133,3.64437168031702,0.000268045826740976,0.00264256697253014,"ANK2","In_VIP"
"MAP1A",6.97325908854587,0.852731561868265,0.234081591858721,3.64288176228281,0.000269602698192117,0.00265328509074437,"MAP1A","In_VIP"
"PAFAH1B1",16.3397212804861,0.614879856990685,0.168833676017231,3.64192660786426,0.000270605229402416,0.00265851989720739,"PAFAH1B1","In_VIP"
"ENSG00000289084",2.62204456593852,1.5267903055233,0.419343385118982,3.64090709357462,0.000271679167593467,0.00266443683634635,"ENSG00000289084","In_VIP"
"CSTPP1",10.6109852728396,0.80231476096783,0.220564485242896,3.6375518936527,0.000275241748919725,0.00269469781568028,"CSTPP1","In_VIP"
"SH3BP5",3.08022804096977,-1.3628409399332,0.374823936764843,-3.63594959194995,0.000276958491096107,0.00270681404187181,"SH3BP5","In_VIP"
"C6orf136",2.37996859904973,1.3892178863745,0.382178186853755,3.63500046355628,0.000277980135868272,0.00271210671419666,"C6orf136","In_VIP"
"IQSEC2",3.41495749345794,1.18659212479112,0.326537757301926,3.63385886702825,0.000279213632392523,0.00271944449894028,"IQSEC2","In_VIP"
"KIAA0825",9.07773732895446,-0.886547173407965,0.24422691998188,-3.63001414206812,0.000283405691793207,0.00275078823529179,"KIAA0825","In_VIP"
"ENSG00000254787",12.3005091864653,-0.979426699002033,0.269808231303187,-3.63008457626127,0.000283328367080965,0.00275078823529179,"LOC124902727","In_VIP"
"SPEF2",2.70261644325719,-1.44910433378226,0.399628502155451,-3.62612858183618,0.000287702136426184,0.00278770046084307,"SPEF2","In_VIP"
"INPP5B",2.58362673831832,1.38583334474076,0.383024806706829,3.61812948006129,0.000296739939635881,0.00287034917637515,"INPP5B","In_VIP"
"GRM5",21.0321973296522,-0.950270000935344,0.262903905886631,-3.61451457988273,0.000300910882981951,0.00290571893669238,"GRM5","In_VIP"
"FAM47E",1.52604006360504,1.82688751038645,0.505543497260267,3.61370983958265,0.000301846850091337,0.00290978303099994,"FAM47E","In_VIP"
"ANKRD30BL",19.9018313758561,-0.692563361931525,0.191718202381312,-3.61240275221271,0.000303372893175518,0.00291951187998041,"ANKRD30BL","In_VIP"
"GAA",2.19104946007312,1.47862133953069,0.409381247138682,3.61184433792541,0.000304027049903315,0.00292083130085685,"GAA","In_VIP"
"GUCY1A1",3.69020461887906,-1.59639670425891,0.442179449930257,-3.61029148801625,0.000305853092835909,0.0029333856051444,"GUCY1A1","In_VIP"
"BCAT1",4.30692147402174,-1.27743040213259,0.353873654120108,-3.60984884650106,0.000306375486233855,0.00293341546056788,"BCAT1","In_VIP"
"NEAT1",20.1610853654356,1.53952797136998,0.426701029116345,3.60797810719649,0.000308592522172059,0.0029446607394425,"NEAT1","In_VIP"
"SPNS2",3.62204397250151,1.13734078439573,0.315214381819636,3.60815004007816,0.000308388137280565,0.0029446607394425,"SPNS2","In_VIP"
"RAB11B",4.40689819570133,-1.23662100575542,0.34306556587025,-3.60462001663879,0.000312609965174842,0.00297796575594044,"RAB11B","In_VIP"
"STK32B",4.35117964515328,-1.44197032795216,0.400343049132332,-3.60183680240574,0.000315976711403703,0.00300497044228875,"STK32B","In_VIP"
"MTSS1",17.1007807949155,-0.548412531013346,0.152412803432771,-3.59820512884438,0.000320420861297571,0.00304211335373106,"MTSS1","In_VIP"
"DENND2A",7.08032734486912,0.806624095620845,0.224394512873192,3.59466942971408,0.000324803717638148,0.00307855067271459,"DENND2A","In_VIP"
"NTRK2",50.6406935168612,0.645820144048011,0.179689686005502,3.59408577311574,0.000325532592250776,0.00308029081009152,"NTRK2","In_VIP"
"FBXL20",12.9781150146046,0.632108061196947,0.175958511786467,3.5923698989,0.000327684263669905,0.00309546556098879,"FBXL20","In_VIP"
"ENSG00000251680",5.52570491639724,-1.04969238951826,0.292887430390165,-3.58394482180384,0.000338443612686675,0.00319176622381808,"ENSG00000251680","In_VIP"
"SRP9",3.82945874806107,-1.6466589002324,0.459589020795972,-3.58289433759867,0.00033980808495101,0.00319929311981376,"SRP9","In_VIP"
"HS3ST4",2.0042736541899,1.59701264137737,0.445880412293337,3.58170620943699,0.000341357544346243,0.00320320393357463,"HS3ST4","In_VIP"
"TMEM145",11.8813306773437,0.759116957835642,0.211924291460321,3.5820195627634,0.000340948254121824,0.00320320393357463,"TMEM145","In_VIP"
"NOS1",1.96447846643028,1.69071216811394,0.472157684351695,3.58082103531875,0.000342516209758822,0.00320750415327141,"NOS1","In_VIP"
"NPTXR",16.6143747228745,-0.886291311598147,0.247533574679462,-3.5804892841136,0.000342951408846863,0.00320750415327141,"NPTXR","In_VIP"
"NAP1L5",2.61966545425595,-1.54237915495704,0.431072712684715,-3.57800229420953,0.00034623041333267,0.00323281918167975,"NAP1L5","In_VIP"
"LGALS8",4.41895609527185,1.11629657682527,0.312068780745542,3.57708507130514,0.000347447122952994,0.00323882639861628,"LGALS8","In_VIP"
"MED23",5.07843887400267,0.926270494111809,0.259136952588453,3.57444387942178,0.000350973079804679,0.00325557787818823,"MED23","In_VIP"
"PCNX4",9.14608946641111,-0.897080153080707,0.250969616984588,-3.57445719469618,0.000350955220450175,0.00325557787818823,"PCNX4","In_VIP"
"SLC39A6",3.08907629114192,-1.33611700668216,0.373766288198594,-3.57473921236106,0.000350577158709494,0.00325557787818823,"SLC39A6","In_VIP"
"DNM2",3.55633429109354,1.14705311146568,0.321001735889097,3.57335485519609,0.000352436634579587,0.00326379434219686,"DNM2","In_VIP"
"RPS3A",12.1391618633196,-1.37543826103975,0.385028931616842,-3.57229846407622,0.000353861785616432,0.00327162884934079,"RPS3A","In_VIP"
"MAF",5.12808951624155,-1.08001044423776,0.302456454285668,-3.57079648635204,0.000355897347865022,0.00328507208838155,"MAF","In_VIP"
"ADAMTS17",4.52805387243459,1.03957815534076,0.291353009459171,3.56810508760659,0.000359572296103615,0.00331357895707883,"ADAMTS17","In_VIP"
"SIK2",9.70367222142353,0.907006556470209,0.254259651935891,3.56724533194477,0.000360753700671126,0.00331905155552312,"SIK2","In_VIP"
"MMS19",4.01386572542339,1.06608469578441,0.299129077915626,3.56396209694168,0.000365298726820372,0.00334452594458392,"MMS19","In_VIP"
"SHANK2",13.5938987595764,0.754320946272102,0.211630498393198,3.56433005639204,0.000364786704556968,0.00334452594458392,"SHANK2","In_VIP"
"SLCO3A1",15.1886899655308,0.643553161711344,0.180567233583479,3.5640639164681,0.000365156975894727,0.00334452594458392,"SLCO3A1","In_VIP"
"OXR1-AS1",4.65925897393158,-1.20571321006484,0.338651446467521,-3.5603368083664,0.000370379430938498,0.00338555567212229,"OXR1-AS1","In_VIP"
"PRPF38B",5.47814242763225,0.857002724871752,0.240925400854855,3.5571289778119,0.000374930098296815,0.00341609697625598,"PRPF38B","In_VIP"
"PTDSS1",3.98351075492299,1.03566682209494,0.291136337786616,3.55732585622486,0.000374649305549811,0.00341609697625598,"PTDSS1","In_VIP"
"LRRC39",8.54133506866701,-0.824704816302629,0.231887512540822,-3.55648653636512,0.000375847732734671,0.00341894338521442,"LRRC39","In_VIP"
"PEG10",3.83097645044541,-1.16759386199931,0.328339216801179,-3.55605971584663,0.000376458544194071,0.00341899407741529,"PEG10","In_VIP"
"ENSG00000251600",16.4167468174373,-0.82013232051038,0.230672659457221,-3.55539456839044,0.000377412268975804,0.00342215394453341,"GUSBP5","In_VIP"
"ENSG00000291015",3.13548960262506,1.64156520914312,0.462128521506262,3.55218328397606,0.000382048640418024,0.00345864225916893,"ENSG00000291015","In_VIP"
"ARHGAP5",13.0821090105627,-0.818468735520241,0.230451084226495,-3.55159420606511,0.000382904893267437,0.0034608475873084,"ARHGAP5","In_VIP"
"GPR89B",3.12187967129045,1.33343672927865,0.375493964991094,3.55115355664979,0.000383546570471849,0.00346110954727712,"GPR89B","In_VIP"
"TUBGCP3",4.19656286426673,1.16312616616895,0.327603561994066,3.55040756910335,0.000384635174883879,0.00346539729333179,"TUBGCP3","In_VIP"
"NR2C1",9.0541131665756,0.699626828211541,0.197102905570871,3.54955106412666,0.000385888615867268,0.00347115412585063,"NR2C1","In_VIP"
"DACH2",8.77872540474577,-0.820067728547038,0.231454527216107,-3.54310515508451,0.000395444987415634,0.00355146062624947,"DACH2","In_VIP"
"DENND1A",10.0445182023004,-0.738709637912238,0.208651854202782,-3.54039335396612,0.000399531069584444,0.00358246192394052,"DENND1A","In_VIP"
"TRHDE",9.07352050651933,-0.953883925341321,0.269538299370516,-3.53895504857394,0.000401714252367287,0.00359632933696165,"TRHDE","In_VIP"
"TMEM243",2.08988230622642,1.67381001001558,0.473165426610227,3.53747318777453,0.000403975199932805,0.0036108479500323,"TMEM243","In_VIP"
"RCHY1",4.28333745033552,-1.48770828762547,0.42101167712878,-3.53365089009255,0.000409862062535699,0.00365767897514086,"RCHY1","In_VIP"
"SPOCK1",17.1338157267016,0.577352732284394,0.16352836570219,3.5305968466403,0.000414623193845694,0.00369085149195168,"SPOCK1","In_VIP"
"ANK3",83.8539073911159,0.354271914318964,0.100348113000448,3.53042925996408,0.000414885943952791,0.00369085149195168,"ANK3","In_VIP"
"ZER1",10.1607041816815,0.933401237955448,0.264460726615531,3.52945123421827,0.00041642244229669,0.00369773929355017,"ZER1","In_VIP"
"SIPA1L1",27.8973246416359,0.45233326338992,0.128172270941263,3.52910391669044,0.000416969362717553,0.00369773929355017,"SIPA1L1","In_VIP"
"TENT2",6.55377004439016,0.826454062891682,0.234238120381674,3.5282645777085,0.000418293839342105,0.0037036706872156,"TENT2","In_VIP"
"NR2F2-AS1",19.3601664964839,-0.560368971741408,0.158865390902805,-3.52731937747377,0.000419790068051512,0.00371110186920656,"NR2F2-AS1","In_VIP"
"PLEKHO1",3.28138259742865,1.14976729058911,0.326045243009898,3.52640412715422,0.000421243648427571,0.00371813339057399,"PLEKHO1","In_VIP"
"ZNF407",5.00798507671477,0.950977058371205,0.269752835057466,3.52536446250367,0.000422900522305271,0.00372693455616611,"ZNF407","In_VIP"
"ENHO",3.82271870096699,-1.28669580136403,0.365212772259418,-3.52314020510231,0.000426465693708171,0.00375165240794262,"ENHO","In_VIP"
"ZNF33B",3.43781640894405,-1.26165377232642,0.3581407507154,-3.52278753480642,0.000427033545460632,0.00375165240794262,"ZNF33B","In_VIP"
"SUGP2",13.6223515726903,0.780713541996818,0.222019166314423,3.51642407705997,0.000437401736088994,0.00383677392417193,"SUGP2","In_VIP"
"SCRN1",4.38676654915009,-1.09338719248471,0.31112829663628,-3.51426470785755,0.000440973141451543,0.00386210430396863,"SCRN1","In_VIP"
"SRRM1",5.69713174098734,-0.96255807143083,0.273973860148137,-3.51332083619356,0.000442542755019366,0.00386985142895418,"SRRM1","In_VIP"
"TEAD1",4.76724631757699,0.982627761903538,0.279808035153523,3.51179250933376,0.000445095352400155,0.00388615710310429,"TEAD1","In_VIP"
"SELENOM",7.36226043329038,-1.21687622648212,0.346571587058908,-3.51118288954045,0.000446117362489958,0.0038890694146694,"SELENOM","In_VIP"
"SMC5",6.37348381842127,0.949990723724623,0.270595584778502,3.51073992763867,0.000446861348907358,0.00388955278887159,"SMC5","In_VIP"
"GLRA2",13.467218392801,-0.670762716165952,0.191096979975558,-3.51006445131548,0.000447998089687158,0.00389344801329654,"GLRA2","In_VIP"
"DTNBP1",4.35562860934405,-1.167849984369,0.333425958665563,-3.50257667112353,0.000460781148396368,0.00399839125543945,"DTNBP1","In_VIP"
"TRMT61B",4.92051562298177,0.977415317455546,0.279134084070166,3.50159788157527,0.000462477056081289,0.00399879627465465,"TRMT61B","In_VIP"
"NPM2",2.41522753698114,-1.48882708307046,0.425157520896572,-3.50182464120786,0.000462083641629623,0.00399879627465465,"NPM2","In_VIP"
"AP1G2",6.07145454159788,1.03676367279014,0.296106121706997,3.50132468323649,0.000462951453996131,0.00399879627465465,"AP1G2","In_VIP"
"TRPM3",17.0319816281688,-1.0201065031775,0.291395519339922,-3.50076248766034,0.000463929112832014,0.00400112298990541,"TRPM3","In_VIP"
"UBN1",3.17783668041675,1.30623345536119,0.373176022287783,3.50031453616241,0.00046470947961733,0.00400174367432667,"UBN1","In_VIP"
"NSMF",7.7874164697565,0.93915957690703,0.268418400106841,3.49886437194025,0.000467244187876004,0.00401744660169185,"NSMF","In_VIP"
"MYCBP2",37.085858086192,0.430020903567639,0.122982749353267,3.4965953016094,0.000471236136675404,0.00404561236486225,"MYCBP2","In_VIP"
"C19orf53",3.23314309237503,-1.43910799694323,0.411661747093618,-3.4958506762008,0.000472553065789131,0.00405076216789499,"C19orf53","In_VIP"
"STXBP5L",45.185328429585,0.36585410014553,0.104669735173474,3.49531886690247,0.000473495713447993,0.00405269285646623,"STXBP5L","In_VIP"
"MIR29B2CHG",13.766182274115,0.932032775098373,0.266747862604862,3.49405901886834,0.000475735835540535,0.00406346935885409,"MIR29B2CHG","In_VIP"
"DYNC2I1",11.0116214657658,0.885033977405672,0.253315411128524,3.49380234492182,0.000476193435220642,0.00406346935885409,"DYNC2I1","In_VIP"
"XRN1",10.9140119538357,0.687599958751154,0.196947144638464,3.4912918387996,0.000480690876577552,0.00409035912445972,"XRN1","In_VIP"
"VLDLR-AS1",4.05568328900404,-1.12729723127299,0.322930711621646,-3.49083314377902,0.000481516873387451,0.00409035912445972,"VLDLR-AS1","In_VIP"
"MAP3K3",3.97305963266928,1.12308124775515,0.32170490965266,3.49102924468179,0.000481163582069589,0.00409035912445972,"MAP3K3","In_VIP"
"EIF4ENIF1",1.56584574917364,1.95422513340464,0.560113474585741,3.48898075492646,0.000484866056084013,0.00411262515137927,"EIF4ENIF1","In_VIP"
"PRKAA2",9.20898521473231,-0.725188917092629,0.20791857596573,-3.48785053824223,0.00048692018532149,0.0041176828246723,"PRKAA2","In_VIP"
"KCNMB2",56.5250327544743,-0.464763703509557,0.133245649510169,-3.48802159934,0.000486608767427896,0.0041176828246723,"KCNMB2","In_VIP"
"TAPT1-AS1",4.85740213982038,-1.3698161128375,0.392829442000028,-3.48705052722959,0.000488379079634949,0.00412384666794892,"TAPT1-AS1","In_VIP"
"ITGB3BP",3.16016952866293,-1.25675466695921,0.360499789061282,-3.48614536011718,0.000490034650692272,0.00413165036083679,"ITGB3BP","In_VIP"
"VAPA",10.3775997945103,-0.763382052447706,0.219133425655065,-3.48364039016729,0.000494643620683902,0.00416429480364138,"VAPA","In_VIP"
"GOLGA4",14.467919897524,0.803105817977175,0.230573813635695,3.48307470529188,0.000495690021057842,0.00416689423951748,"GOLGA4","In_VIP"
"MED25",2.29492101904394,1.64874277376413,0.4734874185529,3.48212583726747,0.000497449867331911,0.00417547444362254,"MED25","In_VIP"
"UGCG",3.51643207939892,-1.2026077475666,0.345559887965385,-3.48017171393188,0.000501092508330428,0.00419980946522045,"UGCG","In_VIP"
"ENSG00000226994",5.30366708415749,-1.33250553147886,0.383103593841523,-3.47818593429868,0.000504819624184747,0.00422414041728628,"ENSG00000226994","In_VIP"
"VCAN",4.02554289986526,-1.15527523722728,0.332220665957535,-3.47743339174136,0.000506238814392426,0.00422414041728628,"VCAN","In_VIP"
"SEPTIN7",23.6710102429981,-0.815973412189785,0.234627987639984,-3.47773264561185,0.000505674018496257,0.00422414041728628,"SEPTIN7","In_VIP"
"BTF3L4",3.27502204787312,-1.22872316484455,0.353658882899751,-3.47431727083989,0.000512155063657607,0.00426720347286405,"BTF3L4","In_VIP"
"ANKH",16.1528031954071,-0.679372749321162,0.195773961530306,-3.4701895186199,0.000520091250864191,0.00432694473657116,"ANKH","In_VIP"
"TGOLN2",4.37937547277082,-1.29570706221911,0.373432163460806,-3.4697253986134,0.000520990720050743,0.00432805379053919,"TGOLN2","In_VIP"
"TPTE2",0.967499984359728,2.29462936943582,0.662004512257421,3.46618388084876,0.000527902107315818,0.00437902937478276,"TPTE2","In_VIP"
"ARPC5",2.12720418007533,-1.93784179836937,0.559340590252209,-3.46451130517024,0.000531195812082318,0.00439344823199563,"ARPC5","In_VIP"
"THY1",11.0016540660701,-1.15712671984077,0.33398810504842,-3.46457464307901,0.000531070736408709,0.00439344823199563,"THY1","In_VIP"
"DST",38.4808857007051,0.378987839102538,0.109436004019627,3.46310012411059,0.000533989651567203,0.00441009874518001,"DST","In_VIP"
"CHD5",15.2015719070388,0.990501465832337,0.286232121074694,3.46048326831166,0.000539206741210364,0.00443875568391472,"CHD5","In_VIP"
"MEG8",26.3860785587914,0.730704341125327,0.21115606921254,3.46049414468798,0.000539184959600929,0.00443875568391472,"MEG8","In_VIP"
"DIRAS1",2.97667977390995,-1.36632291223876,0.394870609116543,-3.46017880463597,0.000539816809143107,0.00443875568391472,"DIRAS1","In_VIP"
"SPTBN4",21.3658163582786,0.570197560914495,0.164910781317449,3.45761239113214,0.000544984866976922,0.00447473766504743,"SPTBN4","In_VIP"
"SVIL",3.1379418271043,-1.34411885166421,0.389418459614661,-3.45160538356156,0.000557262090503388,0.00456890210341602,"SVIL","In_VIP"
"BRINP1",11.4155337504432,-0.657934593086405,0.190887187139885,-3.44671951504142,0.000567437368239646,0.00464558506258806,"BRINP1","In_VIP"
"HNRNPL",6.75092447439512,0.785488177530861,0.227965186604792,3.4456497030514,0.000569688320127356,0.00465726385007154,"HNRNPL","In_VIP"
"RBL2",4.82488781697067,0.946913277070628,0.274892127420145,3.44467222818413,0.000571752255676307,0.0046673822143287,"RBL2","In_VIP"
"SLC16A7",4.65170945268491,-0.986402810877341,0.286409387055704,-3.44403101105585,0.00057310996359891,0.00467171455176082,"SLC16A7","In_VIP"
"STX1A",5.23219892752097,0.9815589624979,0.285077066534098,3.4431354806315,0.000575011177201151,0.00468045841499899,"STX1A","In_VIP"
"KCNK2",3.40038739488202,-1.41824164457468,0.412059472625571,-3.44183725601038,0.000577777741279419,0.0046962107345143,"KCNK2","In_VIP"
"TM7SF2",2.50768702032296,-1.60428900714481,0.466637893172788,-3.43797413501258,0.000586083677536901,0.00475687743449131,"TM7SF2","In_VIP"
"UBE2D3",9.57644223688908,-0.744138747746514,0.216663605812568,-3.43453504780243,0.000593571309099808,0.00481073791263244,"UBE2D3","In_VIP"
"VMP1",8.0792648184063,0.861038205681235,0.250883347562496,3.4320261350417,0.000599089822112012,0.00484850774371169,"VMP1","In_VIP"
"NGEF",2.6350159241653,1.54342136971482,0.450081899742475,3.42920115338548,0.000605360687656985,0.00489224967750259,"NGEF","In_VIP"
"KCNK1",4.79536283585833,-1.28943040665883,0.376092997639217,-3.42848820571706,0.000606952907194429,0.00489810996105904,"KCNK1","In_VIP"
"EIF2AK3",4.73188818047859,1.5372770430357,0.448449886535607,3.4279795562255,0.000608091250710497,0.00490029597041882,"EIF2AK3","In_VIP"
"QRICH1",4.80812707093395,1.15592941951149,0.33730161976363,3.42699041979557,0.000610310601427834,0.00490549884543669,"QRICH1","In_VIP"
"ATP5F1D",4.38240096171684,-1.07122448942977,0.312591234141416,-3.4269178800617,0.00061047365699097,0.00490549884543669,"ATP5F1D","In_VIP"
"LINC02250",0.912125201716267,2.67617880694382,0.781560396998735,3.42414843078104,0.000616729257488447,0.00494872666981852,"LINC02250","In_VIP"
"PTK2",23.1207460221849,0.562493740476949,0.164418129356939,3.42111750496698,0.000623643807807095,0.00499470381264336,"PTK2","In_VIP"
"OS9",4.08949602926948,1.01075638229886,0.295468234818887,3.42086310197921,0.000624227454722289,0.00499470381264336,"OS9","In_VIP"
"TCAF1",3.81642463519754,-1.14453780884453,0.334933929395688,-3.41720473321287,0.000632676815395138,0.005055150396276,"TCAF1","In_VIP"
"SUMO2",6.22713234405298,-1.16188966640076,0.340346712690197,-3.41384130675703,0.000640538732133946,0.00511073912122127,"SUMO2","In_VIP"
"SDHAP4",6.27748883621116,0.875239061900977,0.256903061905267,3.40688450892703,0.000657089244635294,0.00523539794491506,"SDHAP4","In_VIP"
"MAX",5.03118753181678,0.992046541687455,0.2912344065713,3.40635075836955,0.000658375346111754,0.00523825680307789,"MAX","In_VIP"
"JAZF1",8.87577508540703,0.760311585544062,0.223482692357955,3.40210500205654,0.000668689407204079,0.00531283609183662,"JAZF1","In_VIP"
"ATP2B1",28.4173802140581,-0.502046228797616,0.147701091625923,-3.39906918270536,0.000676156106588885,0.00536461495241659,"ATP2B1","In_VIP"
"SOGA1",6.43514963299846,0.826715832101645,0.243270516918024,3.39833960389137,0.000677962045276855,0.00537139914974608,"SOGA1","In_VIP"
"TMEM132C",2.32062292983981,1.4446892791559,0.425197090810065,3.39769323539714,0.000679565757052853,0.00537656437197698,"TMEM132C","In_VIP"
"GDA",6.73227485422861,1.09105698935502,0.321510871036868,3.39353063190796,0.000689978413622372,0.00545131197000389,"GDA","In_VIP"
"PPP6R3",17.2719196277588,0.542721762969669,0.159997574622096,3.39206243751846,0.000693686307571614,0.00546531931865,"PPP6R3","In_VIP"
"MOK",3.74668156047594,1.53904651183582,0.453675054476332,3.39239836233074,0.000692836306343263,0.00546531931865,"MOK","In_VIP"
"TMEM208",2.12293860228639,-1.5697869507874,0.462848758432783,-3.39157645383501,0.000694917722953594,0.00546739584535495,"TMEM208","In_VIP"
"CRY1",6.02181623100614,1.23138845926832,0.363159512340327,3.39076471199343,0.000696979096096468,0.00547598736279408,"CRY1","In_VIP"
"SYT14",23.8686157252936,-0.453277291462899,0.133739064100652,-3.389266214109,0.000700799383606252,0.00549835516387739,"SYT14","In_VIP"
"TOM1L2",6.4549897950634,0.756731414377189,0.223327800172572,3.38843356623063,0.000702930546944747,0.00550742671247001,"TOM1L2","In_VIP"
"GIPC1",3.66741590044315,1.03196527020917,0.304718221229166,3.386621469653,0.000707589443001044,0.00553625036497631,"GIPC1","In_VIP"
"PEBP1",19.919534907928,-0.606342457158416,0.179080225204638,-3.38587053073859,0.000709528500860803,0.0055437434320369,"PEBP1","In_VIP"
"KATNIP",2.76100878255852,1.22590400481275,0.362341880855139,3.3832799065887,0.000716255915908062,0.00558857689083514,"KATNIP","In_VIP"
"GPX1",4.87278626341374,-1.12793761794467,0.333636913870913,-3.380733878809,0.000722925222168765,0.00562507517910655,"GPX1","In_VIP"
"NRG3",249.386762802608,-0.258919480868299,0.0765863209225701,-3.38075360912127,0.000722873317645366,0.00562507517910655,"NRG3","In_VIP"
"MARK3",15.3707410017349,0.576228261060615,0.17054007929969,3.3788436326924,0.000727913977780897,0.00565610187136765,"MARK3","In_VIP"
"TOMM7",8.45275408257514,-1.04802954524643,0.31035768957758,-3.37684413965342,0.000733225851656884,0.00568955059891447,"TOMM7","In_VIP"
"VWA8",15.0867274634152,-0.621197841547881,0.184019855352332,-3.37571095444299,0.000736252245872813,0.005705197444356,"VWA8","In_VIP"
"NRDC",9.63564291803871,-0.809067020434266,0.239739289560401,-3.37477858517816,0.000738751017691987,0.00571475461668532,"NRDC","In_VIP"
"MAP2K3",1.01598016316441,2.24686622987785,0.665837498031728,3.37449638465808,0.000739508873215962,0.00571475461668532,"MAP2K3","In_VIP"
"C1QTNF12",0.55461581303291,3.63339642179801,1.07793326350418,3.37070628100524,0.000749757499017502,0.0057860384043031,"C1QTNF12","In_VIP"
"TLCD3B",2.61836666261141,-1.84612940504743,0.548120478771179,-3.3681087945961,0.000756857234096739,0.00583286018473735,"TLCD3B","In_VIP"
"RPL6",16.0142274758287,-0.968503097669093,0.287611461730268,-3.3674009089992,0.000758802901364934,0.00583988772453748,"RPL6","In_VIP"
"PXYLP1",3.34671931641162,1.08773940757619,0.323142535235128,3.36612884089902,0.000762310935352084,0.00585890404599173,"PXYLP1","In_VIP"
"DAB1",69.3578697684689,-0.399643313267218,0.118760478633058,-3.36512043288425,0.00076510255690844,0.00587237003257578,"DAB1","In_VIP"
"TMEM178A",5.87049269545274,-1.04216436993127,0.309996582508279,-3.36185760984459,0.00077420035199837,0.00593413539815305,"TMEM178A","In_VIP"
"CUL4A",4.53461375162417,0.888086150107947,0.264240444942249,3.36090166023617,0.000776884806963557,0.0059466426484243,"CUL4A","In_VIP"
"ENSG00000286861",3.16863918724549,1.22667685485317,0.36513753540125,3.35949261832305,0.000780857373424038,0.00596896252026034,"ENSG00000286861","In_VIP"
"PLEKHM2",5.03575343431942,1.17097390022073,0.348598776129777,3.35908781212932,0.000782002141154668,0.0059696352640307,"PLEKHM2","In_VIP"
"GADD45G",3.15783178439693,1.14472436647999,0.341065702602043,3.35631626911388,0.00078988184191274,0.0060216498312619,"GADD45G","In_VIP"
"PDE7B",11.60435365065,-0.638226090699178,0.190292197414859,-3.35392674723164,0.000796734519714737,0.00606570525858295,"PDE7B","In_VIP"
"SELENOT",5.33857254583209,-1.11484917967229,0.332552381374563,-3.35240173311705,0.000801136759148555,0.00608282466724487,"SELENOT","In_VIP"
"PABPC1",7.31333551774375,0.752380143336933,0.224428762570055,3.3524229903557,0.000801075241316512,0.00608282466724487,"PABPC1","In_VIP"
"KANSL1L",5.73933068502074,-0.896354589606101,0.267749902889433,-3.34773077387912,0.000814761205748409,0.0061779678540574,"KANSL1L","In_VIP"
"PRANCR",33.3433840848789,0.764678955082813,0.228482508865613,3.34677240231363,0.000817583070706584,0.00619105464667761,"PRANCR","In_VIP"
"HNRNPR",4.65233736239366,-0.991108190958713,0.296794643608935,-3.33937357799699,0.000839675605074425,0.00634983600142627,"HNRNPR","In_VIP"
"ANXA6",1.94063929622155,-1.98454852458812,0.594453849728604,-3.3384400243924,0.000842502158466905,0.00636269344007961,"ANXA6","In_VIP"
"SAMD5",3.35464400700898,-1.39826200923117,0.419390534635978,-3.33403330250366,0.000855964087946715,0.00644543489693422,"SAMD5","In_VIP"
"COPG2",3.86217090074139,-1.23567074222521,0.37066408613837,-3.3336672972518,0.000857091108503834,0.00644543489693422,"COPG2","In_VIP"
"ENSG00000253642",3.66161214868232,1.1944035079731,0.358296692938321,3.33355995607448,0.000857421899372866,0.00644543489693422,"ENSG00000253642","In_VIP"
"RAB6A",11.8857397323758,0.610822549389152,0.183265335239866,3.3329955639984,0.000859163122214811,0.00644543489693422,"RAB6A","In_VIP"
"BEX2",8.58597706783491,-0.921171687096618,0.276378712289746,-3.33300520675013,0.00085913334556094,0.00644543489693422,"BEX2","In_VIP"
"NUDT3",10.6897581262774,-0.677299378879913,0.203558534540891,-3.32729541607039,0.000876933541207333,0.00657002330806396,"NUDT3","In_VIP"
"PTPRM",6.25520266364382,-0.911210794360303,0.273930672163596,-3.32642849799642,0.000879665853380652,0.00657695334919734,"PTPRM","In_VIP"
"NOL4L",4.29701342930398,1.21798874911691,0.366173269870594,3.32626340952562,0.000880187065320091,0.00657695334919734,"NOL4L","In_VIP"
"HCG17",5.7548499954135,-1.08523409297016,0.326379771968509,-3.32506541819287,0.000883977910117793,0.00659655378369275,"HCG17","In_VIP"
"ULK1",1.72013374129103,1.48318947032379,0.446218299564825,3.32391000496904,0.000887648356419601,0.00661520523141732,"ULK1","In_VIP"
"ZDHHC14",8.9164070152768,0.658686429115228,0.198548875945421,3.3175026853151,0.000908260425784892,0.00675989874210653,"ZDHHC14","In_VIP"
"FAM3C",6.16427225946189,-0.905608015635908,0.273025245179337,-3.31693875063112,0.000910095657172387,0.00676464522021949,"FAM3C","In_VIP"
"SLC20A2",6.50267650546428,0.837724678592256,0.252738919792747,3.31458518252438,0.000917792113790508,0.00681288784599551,"SLC20A2","In_VIP"
"PANK3",2.5569069171927,-1.54149244652557,0.465166932210392,-3.31384786790555,0.000920215602161437,0.00682191330263774,"PANK3","In_VIP"
"PCDH10-DT",1.67667004061264,-1.82818236527697,0.552179985097347,-3.310845040779,0.000930147011311754,0.00688650126723473,"PCDH10-DT","In_VIP"
"SPAG16",11.9574999568954,-0.615417100781315,0.185928778474521,-3.30996151230913,0.000933088005136302,0.00689923316886776,"SPAG16","In_VIP"
"NUP153",4.39377259736466,0.890791268921396,0.269524437767556,3.30504824089323,0.000949600538092784,0.00700299404658765,"NUP153","In_VIP"
"ZNF446",1.66056601397828,2.02004825500506,0.611156357516144,3.30528878602347,0.000948785852532836,0.00700299404658765,"ZNF446","In_VIP"
"ASAP1",21.4319538129529,-0.580690596090852,0.175759380971183,-3.30389531916968,0.000953514291846704,0.00701354457635681,"ASAP1","In_VIP"
"SUSD1",4.41533504905623,0.956416038391661,0.289478244853004,3.30393062482925,0.000953394220425485,0.00701354457635681,"SUSD1","In_VIP"
"PELI1",1.83593332318663,1.65825988924021,0.502294537893597,3.30136954344401,0.000962140666284501,0.00706779274881814,"PELI1","In_VIP"
"SCML1",2.85704963302978,1.14833275349786,0.348039808419382,3.29942933457238,0.000968816158105137,0.00710758763264405,"SCML1","In_VIP"
"AGO2",3.61885158038732,0.970096662051253,0.294164898145926,3.29779884740027,0.000974459161321595,0.00713971439987767,"AGO2","In_VIP"
"SUMO1",4.56558377581929,-1.07131354988818,0.325021861633783,-3.29612766508389,0.000980274581657941,0.00717301957485195,"SUMO1","In_VIP"
"LCORL",21.696855388536,0.501210273579153,0.152115693099931,3.29492811270884,0.0009844686068984,0.00719438959944251,"LCORL","In_VIP"
"ZZZ3",7.9150388295568,-0.715842746581181,0.217317243437104,-3.29399883441997,0.000987729080508453,0.00720629501357839,"ZZZ3","In_VIP"
"COPB2-DT",9.85662317057035,-0.713829532926849,0.216723285203647,-3.29373713699518,0.000988649076920385,0.00720629501357839,"COPB2-DT","In_VIP"
"NEURL1",4.99750854891702,0.851478511288362,0.258972553605021,3.28791024158884,0.00100934014044414,0.00734763202753729,"NEURL1","In_VIP"
"PARD3B",4.1743084598095,-1.5584289293551,0.474126390796158,-3.28694828975491,0.00101279429531837,0.00735403147991751,"PARD3B","In_VIP"
"RRP12",1.46417124660039,1.66793727812549,0.507443733597767,3.286940339769,0.00101282288748023,0.00735403147991751,"RRP12","In_VIP"
"JPH4",8.7834757259204,0.702442375615218,0.213782153278226,3.28578585650706,0.00101698293341317,0.00737475813973174,"JPH4","In_VIP"
"PPP1R12B",18.9568821874656,0.884315944592111,0.269188917478326,3.28511274860828,0.00101941569219438,0.00737971499966077,"PPP1R12B","In_VIP"
"RPL7",18.8627477768831,-0.872640906016944,0.26565428667046,-3.28487417596028,0.00102027923787132,0.00737971499966077,"RPL7","In_VIP"
"NDUFA4",10.4477645700179,-1.18847132734586,0.361895124761465,-3.28402138086059,0.0010233715826978,0.00739261645864432,"NDUFA4","In_VIP"
"TTC7B",10.0885637247748,0.753651777838521,0.229561616658604,3.28300431408499,0.00102707093892722,0.00740986428352471,"TTC7B","In_VIP"
"KALRN",41.8393919054564,0.431014004992643,0.131316057636103,3.28226427713089,0.00102977043477897,0.00741986375773775,"KALRN","In_VIP"
"TRIM37",6.87371655651016,0.749462499097602,0.228378793144708,3.28166415444152,0.00103196437333002,0.00742619967508443,"TRIM37","In_VIP"
"MOGS",1.12005479801985,1.96505997042657,0.599794356547889,3.27622284033557,0.00105205515973315,0.00756114452586841,"MOGS","In_VIP"
"ARFGEF3",23.661919370642,0.675309889893778,0.206238655615228,3.2744098718025,0.00105882909513219,0.00759051466802252,"ARFGEF3","In_VIP"
"SORL1",5.46560019112436,0.941227988013623,0.287432752019461,3.2746024292663,0.00105810771711265,0.00759051466802252,"SORL1","In_VIP"
"SEM1",8.90931498448704,-1.04022002584111,0.317987600406222,-3.27125971110903,0.00107069533783279,0.00766585293208797,"SEM1","In_VIP"
"LRRC4C",79.0765148544787,-0.418310162196004,0.128172698654326,-3.26364480570205,0.00109988961605978,0.00786490688749581,"LRRC4C","In_VIP"
"MAP7",39.2859915674621,0.347894460888013,0.10661270314777,3.26316143026423,0.00110176741899461,0.00786837439936856,"MAP7","In_VIP"
"CPE",15.9839671898722,-0.66780300049452,0.204765564171217,-3.26130520626079,0.00110900600958647,0.00790009451217398,"CPE","In_VIP"
"TSPAN3",5.48550559568403,-1.03843534890462,0.318390906101774,-3.26151070587639,0.00110820247745102,0.00790009451217398,"TSPAN3","In_VIP"
"MIR493HG",1.45222437490255,1.68815164611569,0.517713281064796,3.26078489360679,0.00111104291405041,0.00790463655097077,"MIR493HG","In_VIP"
"IRF1",1.01663633502043,2.71041823807786,0.831491837362621,3.25970516640902,0.0011152808399749,0.00792480687423673,"IRF1","In_VIP"
"TMED8",4.36855639339707,0.892153092621404,0.273839194225831,3.25794521541595,0.00112222069107682,0.00796410136167456,"TMED8","In_VIP"
"ATP6AP2",9.33279844278194,-0.881056101026066,0.270502734203294,-3.25710608294228,0.00112554360086249,0.00797766098026623,"ATP6AP2","In_VIP"
"CHD1",6.1590512098329,1.00431811235708,0.3085175957485,3.2553025376737,0.00113271633056673,0.00801843928743292,"CHD1","In_VIP"
"CSNK1A1",11.9565870714036,-0.64546285300535,0.198340599578709,-3.25431532614282,0.0011366603595239,0.00803628832409326,"CSNK1A1","In_VIP"
"PIDD1",3.21635167457922,1.04437954932051,0.321064640357398,3.25286381009738,0.00114248239994298,0.0080572822437926,"PIDD1","In_VIP"
"SPPL2B",5.00668322557874,0.843374641311186,0.259245346135442,3.25319105582157,0.00114116741358801,0.0080572822437926,"SPPL2B","In_VIP"
"BIRC6-AS2",7.863853371585,1.03720151045617,0.3189093954511,3.25233914475626,0.00114459360982215,0.008062106361453,"BIRC6-AS2","In_VIP"
"SH3D19",9.97289009303615,0.921490038287121,0.283782220626058,3.24717325931907,0.00116557410886254,0.00819966144578393,"SH3D19","In_VIP"
"SMIM17",4.03854932808024,-1.12063358020068,0.345479571728671,-3.24370432264166,0.0011798615419677,0.00828984807285517,"SMIM17","In_VIP"
"MRAP2",3.30073974324168,-1.18577130369331,0.365984973869181,-3.23994532113539,0.00119552622676007,0.00838947534778589,"MRAP2","In_VIP"
"UFSP2",3.81092530441899,0.984827145864668,0.304313917185758,3.23622118558421,0.00121123489359757,0.00847864425518299,"UFSP2","In_VIP"
"CLUAP1",3.22511597121209,1.16492480871297,0.359956095752143,3.2362969330435,0.00121091349487388,0.00847864425518299,"CLUAP1","In_VIP"
"OTUD7A",18.7919098544057,0.491092865221771,0.151939456241348,3.23216152914024,0.00122857586351082,0.00858938744179779,"OTUD7A","In_VIP"
"DDX5",15.261005394085,-0.752458467610218,0.233195478604672,-3.22672837446318,0.00125214264396966,0.00874332978465343,"DDX5","In_VIP"
"MIR124-2HG",7.06096725354322,-0.79215092162744,0.245824928878091,-3.22241900055744,0.00127113100270375,0.00886496177070801,"MIR124-2HG","In_VIP"
"SF3B1",7.77711864574516,-0.857863872776816,0.266266152756596,-3.22182847461286,0.00127375364328281,0.00887229880506113,"SF3B1","In_VIP"
"SYTL5",3.09612740855671,-1.36805749348797,0.424712413329127,-3.22113847053442,0.00127682441363666,0.00888273536038605,"SYTL5","In_VIP"
"METTL24",2.56903750710429,1.35240875280912,0.419960496387831,3.2203237314973,0.00128045909829662,0.00889706450956653,"METTL24","In_VIP"
"PCSK7",5.44488727862268,0.7998682143137,0.248471593153692,3.21915356263258,0.00128569612571221,0.00892247839575952,"PCSK7","In_VIP"
"ZNF780B",5.83551555931221,0.836831269846171,0.260024950753496,3.21827296734877,0.00128965021199565,0.0089389374816729,"ZNF780B","In_VIP"
"ERCC8",2.19228053762626,-1.4607207014362,0.454310671724426,-3.21524628926666,0.00130332647792685,0.00900060057922834,"ERCC8","In_VIP"
"EFNA5",7.27866237901021,-0.831577015373726,0.258614875150438,-3.21550341947652,0.00130215943451074,0.00900060057922834,"EFNA5","In_VIP"
"BPTF",17.7461729237935,0.5412453261782,0.168319418752109,3.21558457242129,0.001301791303856,0.00900060057922834,"BPTF","In_VIP"
"PROS1",5.22080085564177,-0.976125184604637,0.303685824548037,-3.21425995453481,0.00130781213948833,0.00902055039800926,"PROS1","In_VIP"
"ORC2",8.80381104331648,0.776922107292604,0.24193140419081,3.21133219513681,0.00132121107636763,0.00909473807956248,"ORC2","In_VIP"
"PLK2",5.78125874217336,-1.00777406484698,0.313830325486572,-3.21120676685562,0.00132178792057369,0.00909473807956248,"PLK2","In_VIP"
"SLC6A17",6.53424918378401,0.789862178965344,0.246227659522062,3.20785317335387,0.00133729752431705,0.00917909321369021,"SLC6A17","In_VIP"
"ERBIN",14.9891170098711,0.98196032253674,0.306087742660339,3.2081007687603,0.00133614673676492,0.00917909321369021,"ERBIN","In_VIP"
"MRTFB",8.58405720828771,0.658104483494209,0.205222552783605,3.20678441315434,0.00134227546721101,0.00920208023577066,"MRTFB","In_VIP"
"RLF",8.53780570107238,0.7953678101597,0.24812709865322,3.20548547287573,0.00134834852786299,0.00922310298874588,"RLF","In_VIP"
"APOE",3.59013027551378,-1.2055626450489,0.376100104806194,-3.20543022892835,0.00134860737629741,0.00922310298874588,"APOE","In_VIP"
"UNC5C",12.1202064182019,-0.826341091682842,0.258458478580227,-3.19719088428489,0.00138773060024554,0.00947919003722741,"UNC5C","In_VIP"
"SLC35A1",5.76463174519264,-0.9744803940338,0.304849177876577,-3.19659839931841,0.00139058387281778,0.00948720808882567,"SLC35A1","In_VIP"
"BMERB1",18.3323300593501,0.587238329625104,0.183852222878549,3.19407794167944,0.00140278238314691,0.0095244202913424,"BMERB1","In_VIP"
"THOC1",7.21831857092717,0.954114701211168,0.298711375749358,3.19410232977449,0.00140266387838622,0.0095244202913424,"THOC1","In_VIP"
"ZNF516",3.43140678056562,1.08160361430534,0.338583318763053,3.194497644647,0.00140074428171656,0.0095244202913424,"ZNF516","In_VIP"
"SNAP25-AS1",3.97848266574053,1.06616700584543,0.333790570904365,3.19411960306962,0.00140257995089983,0.0095244202913424,"SNAP25-AS1","In_VIP"
"FANCM",1.13455537381499,1.82271787537503,0.570770731914042,3.19343262269715,0.00140592142354174,0.00953427385544695,"FANCM","In_VIP"
"MON2",12.0837326552671,0.553328783752467,0.173312777060214,3.19266007468235,0.00140968786462368,0.00954835341397982,"MON2","In_VIP"
"ENSG00000290921",3.48783141538038,0.987203640757032,0.309286036915878,3.19187911165075,0.00141350478577842,0.00956274076031409,"PARGP1","In_VIP"
"SAR1B",4.04663549847136,-1.11295641187115,0.348788382604362,-3.19092168024873,0.00141819718883588,0.00958300947336587,"SAR1B","In_VIP"
"MICALL2",2.56440726079914,1.24797507125632,0.391163088399466,3.19042135688901,0.00142065499950611,0.00958814825831544,"MICALL2","In_VIP"
"ASTN2",23.1087791502919,0.623485147037925,0.19545085562608,3.18998422923625,0.00142280557838958,0.00959120371398892,"ASTN2","In_VIP"
"OSGEP",4.00952571197426,0.915968628924595,0.287375857538948,3.18735413882308,0.00143580856680692,0.00966732132764277,"OSGEP","In_VIP"
"KCNC2",34.9323705227728,-0.562300067350293,0.176517392251591,-3.18552217533807,0.00144493029678025,0.00971715624584719,"KCNC2","In_VIP"
"PGRMC2",1.67013046704566,-1.64115039494147,0.515479807140941,-3.18373362488038,0.00145388736714568,0.00976576663139828,"PGRMC2","In_VIP"
"PPIP5K2",9.97565907123309,-0.629405817180336,0.197876870802945,-3.18079528257311,0.00146871376549534,0.0098478711483412,"PPIP5K2","In_VIP"
"ASL",1.57865875712284,1.40832718702073,0.442783711284496,3.18062103715431,0.00146959734077742,0.0098478711483412,"ASL","In_VIP"
"DPP10",34.6584416543569,-0.630216888030719,0.19820380537753,-3.1796407078578,0.00147457759710555,0.00985093137790667,"DPP10","In_VIP"
"SVEP1",16.7281727279204,-0.593099600499905,0.186530915925863,-3.17963163133576,0.00147462378011294,0.00985093137790667,"SVEP1","In_VIP"
"DPY19L2",3.88972401959125,-1.29300959112811,0.406672211361997,-3.179488430738,0.00147535258741663,0.00985093137790667,"DPY19L2","In_VIP"
"RFX4",1.56822839910732,1.66806379764285,0.524687090218536,3.17915921458652,0.00147702936397361,0.00985093137790667,"RFX4","In_VIP"
"NBEA",80.0755289883545,-0.331134964803084,0.104184219563844,-3.17836008360329,0.00148110683643846,0.00986647702717082,"NBEA","In_VIP"
"NRSN1",5.70567567661311,-0.968809010099925,0.305009080818108,-3.17632841455521,0.00149151993924578,0.0099241415038862,"NRSN1","In_VIP"
"RPS10",5.39286103610968,-1.0066105835229,0.316951578639708,-3.1759128250538,0.00149365829162152,0.00992667728161173,"RPS10","In_VIP"
"CD81",4.06994676586942,-1.10012215154511,0.346798262036992,-3.17222510021622,0.00151275702220669,0.010041791326023,"CD81","In_VIP"
"RNF130",16.4253736370935,-0.509112482323121,0.160649147223659,-3.16909545504355,0.00152914165642454,0.0101386399262233,"RNF130","In_VIP"
"TRIT1",3.57836112321931,1.44653210597409,0.457046792601495,3.16495406901441,0.0015510743411898,0.0102599753552473,"TRIT1","In_VIP"
"KPNA3",7.70897003763097,0.658612152883364,0.208090874754022,3.1650217899362,0.00155071337481833,0.0102599753552473,"KPNA3","In_VIP"
"ABCC4",2.78655947230353,1.09477794193434,0.346183719777085,3.16241891051171,0.0015646430510571,0.0103376240882123,"ABCC4","In_VIP"
"UTP23",3.59822985168482,-1.28818774415049,0.407642606497901,-3.16009102978083,0.00157719853779104,0.0104084048364271,"UTP23","In_VIP"
"PIK3C2A",5.77481780850913,0.850379640261018,0.269163657489689,3.15934048523469,0.00158126635290668,0.0104230730776778,"PIK3C2A","In_VIP"
"ALCAM",22.8548490497966,-0.623510791579501,0.197384828740663,-3.15885874085445,0.0015838824072153,0.0104232158665718,"ALCAM","In_VIP"
"SLC24A4",2.63085828270745,1.32022062166759,0.418013832459079,3.15831802479128,0.00158682344578717,0.0104232158665718,"SLC24A4","In_VIP"
"NLGN3",2.45945510268373,1.12601918652558,0.356505390904731,3.15849133071453,0.00158588026096368,0.0104232158665718,"NLGN3","In_VIP"
"ENSG00000254459",1.46771147367669,1.77166417430061,0.561777334137315,3.15367685138318,0.00161227506279729,0.010578097363231,"ENSG00000254459","In_VIP"
"DLG1",17.6845039398121,0.551666348742184,0.174958944841537,3.15311886020939,0.00161536019000138,0.0105860437509487,"DLG1","In_VIP"
"ENSG00000287292",13.6587618293256,-0.621943152023268,0.197303805846001,-3.15221061933649,0.00162039346615987,0.0106067238590233,"ENSG00000287292","In_VIP"
"CAMK2A",23.0537358382288,1.34448110978076,0.426752522282644,3.15049364580039,0.00162994802169905,0.0106480020121806,"CAMK2A","In_VIP"
"BEX4",7.41643331492232,-0.862019524044959,0.273622227264921,-3.15040021661089,0.00163046941769095,0.0106480020121806,"BEX4","In_VIP"
"HIF3A",8.26483737375115,0.870736188453151,0.276507809246636,3.14904736624087,0.001638036430476,0.0106850667387517,"HIF3A","In_VIP"
"CALM1",38.2826689751944,-0.668238159803074,0.212359684423651,-3.14672797530609,0.00165108491700846,0.0107577608952489,"CALM1","In_VIP"
"CDH9",17.9031668639737,-0.663311312404463,0.210962410826217,-3.14421564394652,0.00166532671217879,0.0108341957988839,"CDH9","In_VIP"
"RAD23A",5.05886726372968,1.01511205460017,0.322874547683572,3.14398289330323,0.00166665182319528,0.0108341957988839,"RAD23A","In_VIP"
"SRRM3",12.5539570100694,0.704274669863505,0.224045166613463,3.1434495129215,0.00166969215848259,0.0108414839118025,"SRRM3","In_VIP"
"UQCR10",4.65990750779318,-0.95641774139465,0.304307255686919,-3.14293439778722,0.0016726332222713,0.0108481114496103,"UQCR10","In_VIP"
"RPS28",20.1937098626885,-0.662160523719219,0.210804185558262,-3.14111658630332,0.00168305019373655,0.010903154294057,"RPS28","In_VIP"
"THUMPD3-AS1",6.25639433520393,0.787611681488897,0.251118926490521,3.13640908113163,0.00171030457031837,0.0110670223570773,"THUMPD3-AS1","In_VIP"
"SLC26A11",4.44058723176449,0.949587266485499,0.303134604201314,3.13255977154911,0.00173289139749923,0.011187546862255,"SLC26A11","In_VIP"
"PCDH11Y",10.1084231561277,-1.23231737945823,0.393362651404757,-3.13277677750403,0.00173161079816183,0.011187546862255,"PCDH11Y","In_VIP"
"ATP6V1H",7.06297784434652,-0.74759087599505,0.238717366443884,-3.13169874120067,0.001737981112474,0.0112075973794128,"ATP6V1H","In_VIP"
"GUSBP1",8.85121001434109,-0.912404337104671,0.291645685934339,-3.12846848456414,0.00175719854147069,0.0113186026918676,"GUSBP1","In_VIP"
"OPTN",2.53610081478906,1.13980327074996,0.364759205773365,3.12481015615039,0.00177919845286542,0.0114472574717958,"OPTN","In_VIP"
"MORF4L1",12.4680663393759,-0.869536502929774,0.27838843441009,-3.12346489814613,0.00178735183447011,0.0114866331205025,"MORF4L1","In_VIP"
"RPS27L",5.12419788625699,-1.01317206801198,0.324456417060102,-3.12267538793754,0.00179215290096464,0.0115043997017605,"RPS27L","In_VIP"
"FIGN",20.466239667351,-0.51029952107973,0.163482001669122,-3.12144160133631,0.00179967938373522,0.011532648567592,"FIGN","In_VIP"
"RB1CC1",13.6215087870358,0.716811629735246,0.229652730321815,3.12128503210378,0.00180063657932663,0.011532648567592,"RB1CC1","In_VIP"
"RGS6",47.7930406208599,0.771099795295504,0.24728275847443,3.11829178893295,0.00181902617027828,0.0116372353747475,"RGS6","In_VIP"
"LUZP2",18.3760586126508,-0.72219161299787,0.231672836468506,-3.11729084862327,0.00182521405191414,0.0116636133249581,"LUZP2","In_VIP"
"RNF144A",4.19938175868349,1.09378855868313,0.350943179343904,3.11671126000509,0.00182880594561228,0.0116660222858726,"RNF144A","In_VIP"
"CACNA2D3",34.0280765572148,0.465266497544772,0.149288299242464,3.11656372204441,0.00182972132152295,0.0116660222858726,"CACNA2D3","In_VIP"
"ENSG00000290823",8.91354271908147,1.03267654394515,0.331656840089921,3.11368987193259,0.00184763585078257,0.0117669615795611,"WASH3P","In_VIP"
"PSEN1",5.56492284761228,0.961499741749725,0.30912529042815,3.11038847846455,0.00186841434663755,0.0118858926172922,"PSEN1","In_VIP"
"HSPA8",6.91152447104499,-1.54097533472437,0.495675508404536,-3.10883896540381,0.00187824059069196,0.0119349618636883,"HSPA8","In_VIP"
"GGH",3.43588232068228,-1.44851818263159,0.466094975573597,-3.10777472091172,0.00188501697566413,0.0119525580745228,"GGH","In_VIP"
"TACC2",3.89996570680457,1.04536130658452,0.336373528173442,3.10773951880515,0.00188524150192952,0.0119525580745228,"TACC2","In_VIP"
"COL11A1",11.5197550213814,-0.78955288143304,0.25421881664467,-3.10580031743529,0.00189764814230257,0.0120042713951481,"COL11A1","In_VIP"
"GNAO1-DT",2.63559383986861,1.13818244218342,0.366452654752369,3.10594677763366,0.00189670850646296,0.0120042713951481,"GNAO1-DT","In_VIP"
"MRPS21",7.32622927012048,-0.83634467992449,0.269343273272606,-3.10512555135548,0.00190198272297679,0.0120182331119641,"MRPS21","In_VIP"
"SSBP3",4.45545220914064,0.887930730947079,0.286039090428761,3.10422861999773,0.00190775853218167,0.0120239690589206,"SSBP3","In_VIP"
"ATP6V1F",7.24102878871723,-0.959964715411931,0.309233192742785,-3.10433917813737,0.00190704572125814,0.0120239690589206,"ATP6V1F","In_VIP"
"DAB2IP",2.66039864109454,1.25200340588195,0.403395316691485,3.1036637116922,0.00191140453441506,0.0120239690589206,"DAB2IP","In_VIP"
"SH3BGRL",6.19255503336929,-1.14254204168856,0.368100523752718,-3.10388594409091,0.00190996945060847,0.0120239690589206,"SH3BGRL","In_VIP"
"C1orf122",2.64566949367757,-1.29883672960217,0.418836150572791,-3.10106166295797,0.00192828130824413,0.0121166419469089,"C1orf122","In_VIP"
"TMEM232",19.972443727558,-0.776226181544319,0.250423044409254,-3.09965955160169,0.00193743196722443,0.0121249107674933,"TMEM232","In_VIP"
"FNIP1",14.1007612836235,0.499585878070436,0.161165421292169,3.09983291741447,0.00193629836634437,0.0121249107674933,"FNIP1","In_VIP"
"SEC61G",3.40527233352238,-1.15548759063847,0.372792675143743,-3.09954478100443,0.00193818276209,0.0121249107674933,"SEC61G","In_VIP"
"ERP29",4.23498427972488,-1.16493065266425,0.375770239449607,-3.10011419310516,0.00193446046205723,0.0121249107674933,"ERP29","In_VIP"
"PTPN1",4.71153292968944,0.970743402231943,0.313288065829874,3.09856489317755,0.00194460377996526,0.0121516225144068,"PTPN1","In_VIP"
"PI4KA",11.4710985248008,0.739141318705508,0.238823370474662,3.09492876361498,0.00196860172031186,0.0122879901856814,"PI4KA","In_VIP"
"ENSG00000275443",1.70166770879412,-1.550784854255,0.501298419124857,-3.09353629513192,0.0019778635832102,0.0123321759178305,"LOC105370997","In_VIP"
"PGAP1",6.33588371022113,0.747504055282576,0.241761688501622,3.09190451107211,0.00198876812153001,0.0123864951692647,"PGAP1","In_VIP"
"PRPF8",6.04235413933899,0.779351863668121,0.252188985939701,3.09034853669012,0.00199921742327623,0.0124378625815941,"PRPF8","In_VIP"
"STK40",1.04768715128225,1.83051913679563,0.592498054806427,3.08949391807484,0.00200497811533847,0.0124599795088526,"STK40","In_VIP"
"EML4",4.20381648974543,1.02556827606824,0.332277397486199,3.0864822098254,0.00202540066065547,0.0125418926494609,"EML4","In_VIP"
"THSD7B",29.5042503871713,-0.888253596302135,0.287810769535127,-3.08624169184789,0.0020270398281037,0.0125418926494609,"THSD7B","In_VIP"
"MRPS24",4.23685924903136,-1.25382386472648,0.406220595967258,-3.08655906956412,0.00202487710607552,0.0125418926494609,"MRPS24","In_VIP"
"RAB21",2.78381668215359,1.11103410742153,0.359921349535959,3.08688025551686,0.00202269058923506,0.0125418926494609,"RAB21","In_VIP"
"SMAP1",9.54615732967916,0.653871013847362,0.211918616650251,3.08548170133871,0.00203222728508359,0.0125602318746578,"SMAP1","In_VIP"
"ENSG00000258603",1.79445110279457,-1.54033385729129,0.49951536639781,-3.08365660179628,0.00204473463183823,0.0126237223336111,"ENSG00000258603","In_VIP"
"KCNMB4",2.39401508237221,1.16405897500704,0.377708306765451,3.08189932325182,0.00205684390296597,0.0126707864862102,"KCNMB4","In_VIP"
"MAP2K4",14.4980485912899,0.750374270584556,0.2434572007666,3.08216092283067,0.00205503708215728,0.0126707864862102,"MAP2K4","In_VIP"
"KIF9",1.65481498285082,1.5224824478749,0.494135002405359,3.08110625732591,0.00206233037537043,0.0126781286920606,"KIF9","In_VIP"
"TOPBP1",1.26678142759019,1.6946316658259,0.550027038533082,3.08099701852017,0.00206308714636979,0.0126781286920606,"TOPBP1","In_VIP"
"TSHZ1",3.36622982920728,-1.08033520491003,0.350672289202902,-3.08075441993347,0.00206476870184027,0.0126781286920606,"TSHZ1","In_VIP"
"ENSG00000286863",7.19114438649235,1.15228813476973,0.37417127244585,3.07957403367059,0.00207296842434961,0.012687105773728,"ENSG00000286863","In_VIP"
"PTMS",7.34658468350364,1.14683326253338,0.372348587397539,3.07999896158853,0.00207001316673764,0.012687105773728,"PTMS","In_VIP"
"JUND",8.54164386127889,1.1346745228093,0.368444406944288,3.07963562866858,0.00207253980825437,0.012687105773728,"JUND","In_VIP"
"RPL26",17.4914531079291,-0.782511340824153,0.254188885921522,-3.07846402484231,0.00208070650159737,0.0127206829302203,"RPL26","In_VIP"
"SYT11",11.0004331686476,-0.650230954360356,0.211460812103696,-3.0749477782271,0.00210539414382419,0.0128576989388788,"SYT11","In_VIP"
"FASTKD1",4.80467556378534,-1.08336158912665,0.352383797322668,-3.07437968873084,0.00210940782650517,0.0128682989329673,"FASTKD1","In_VIP"
"SERINC3",5.51040360916529,-0.86170576309608,0.280474180063658,-3.07231761191173,0.00212403590840329,0.0129435586262893,"SERINC3","In_VIP"
"CACNB4",12.7861438365525,-0.671686668115801,0.218659820827227,-3.07183398200318,0.00212748015036784,0.0129505769067111,"CACNB4","In_VIP"
"RPS27",43.3710842353347,0.434819806204556,0.14157439609061,3.07131669434256,0.00213116975879694,0.0129590720855155,"RPS27","In_VIP"
"RNF216",5.38169712621271,1.10091714312338,0.35849259120437,3.0709620509166,0.00213370267938416,0.0129605230492915,"RNF216","In_VIP"
"GRIP1",65.3380870163261,-0.465107233716107,0.151780591348446,-3.06433931759001,0.00218151326685918,0.0132367007996643,"GRIP1","In_VIP"
"ATXN1",36.4741303965814,0.326296852653606,0.10653053676278,3.06294197484613,0.00219172553745631,0.0132676308327206,"ATXN1","In_VIP"
"AMPH",8.40410590675603,0.626551924261864,0.20456174801101,3.06289875968474,0.00219204206641393,0.0132676308327206,"AMPH","In_VIP"
"AUTS2",80.7185321273592,-0.355442943565931,0.11605624159933,-3.0626783934039,0.00219365678841584,0.0132676308327206,"AUTS2","In_VIP"
"SLC1A2",5.87142797358983,-1.00730843888968,0.329004648972023,-3.06168451429797,0.00220095293934727,0.0132975220902382,"SLC1A2","In_VIP"
"MED6",1.96923470302132,1.25592729815064,0.410437426245117,3.05997264830471,0.00221357205962138,0.0133594749623944,"MED6","In_VIP"
"KCNC1",6.14387558120615,0.742202546811016,0.242645139262235,3.05879833021874,0.0022222669213693,0.0133976369677857,"KCNC1","In_VIP"
"SHTN1",24.2720717861376,-0.439949408750968,0.143886218471847,-3.05762020451631,0.00223102141595793,0.0134360767364034,"SHTN1","In_VIP"
"ZNF148",13.0906437354299,0.540104589316173,0.176794000454913,3.05499387946659,0.00225065115090204,0.0134982973164244,"ZNF148","In_VIP"
"SECISBP2",5.85502923653323,0.81569464088105,0.266958616953585,3.0555096898141,0.00224678342713421,0.0134982973164244,"SECISBP2","In_VIP"
"OIP5-AS1",12.2104928626167,-0.814850718015654,0.266730732526571,-3.05495624856232,0.00225093355901696,0.0134982973164244,"OIP5-AS1","In_VIP"
"ABHD2",9.95168389378702,0.604915808363483,0.19803171731096,3.05464102709169,0.00225330047254173,0.0134982973164244,"ABHD2","In_VIP"
"APLP1",12.0307223037678,-0.688225751299564,0.225284724556305,-3.05491529731993,0.00225124092211779,0.0134982973164244,"APLP1","In_VIP"
"ENSG00000290846",3.25290949753468,1.0627820677713,0.348090232001872,3.05317980817568,0.00226430218797386,0.0135498337498563,"LOC107985911","In_VIP"
"LINC01470",2.43889725762973,1.19252580619626,0.390728542178013,3.05205706127543,0.00227278891130532,0.0135862270475807,"LINC01470","In_VIP"
"VCP",5.02364227295105,0.796925480839502,0.26114972656834,3.05160373442303,0.00227622381099803,0.0135923766472811,"VCP","In_VIP"
"ZMYM6",3.25242927663744,0.934711635617494,0.30637362222787,3.05088809154166,0.00228165598426628,0.0136104273021333,"ZMYM6","In_VIP"
"WDR83OS",3.53824491680469,-1.15016773578178,0.377068928618017,-3.05028510303731,0.00228624225680855,0.0136233992707927,"WDR83OS","In_VIP"
"APTX",3.95748575962557,-1.07163109410813,0.351717087078686,-3.04685536608116,0.00231248950946626,0.0137614047151765,"APTX","In_VIP"
"SPECC1",11.7390317355646,0.6057128534195,0.198814477686173,3.0466234676109,0.00231427411566962,0.0137614047151765,"SPECC1","In_VIP"
"DDHD1",9.29774718265974,0.653545070295638,0.214597208886523,3.04545000229349,0.00232332403358027,0.0138006913414247,"DDHD1","In_VIP"
"SRPK1",2.74211707171579,1.07202034762435,0.352241678416662,3.043422778483,0.00233903464154391,0.0138737119662017,"SRPK1","In_VIP"
"TAF2",4.42365338348045,0.854166203248553,0.280677447539611,3.04323062196868,0.00234052885533549,0.0138737119662017,"TAF2","In_VIP"
"METTL6",5.31174251957986,0.799252201892391,0.2627081539687,3.04235780206357,0.00234732693276647,0.013899423315721,"METTL6","In_VIP"
"SAT2",9.97219701442718,0.731997417626928,0.2407993350099,3.03986478034433,0.00236684386944506,0.0140003152026127,"SAT2","In_VIP"
"ZC4H2",4.41534228125211,-1.40216877118429,0.461704608921781,-3.03693908202211,0.00238993750146502,0.0141221306964183,"ZC4H2","In_VIP"
"HSPE1",3.98292366255261,-1.15641452646319,0.380960010067748,-3.03552734119663,0.00240115451983173,0.0141587911091121,"HSPE1","In_VIP"
"VMA21",2.61477559608017,-1.36018148487753,0.448056763415437,-3.03573474599328,0.00239950356605283,0.0141587911091121,"VMA21","In_VIP"
"RASGRF2",8.49486285194906,-0.870437670086636,0.287070861644222,-3.03213521951038,0.002428303984609,0.0142890512594336,"RASGRF2","In_VIP"
"CSTB",3.6314910551948,-1.10812450500122,0.365450027066419,-3.03221897093969,0.00242763029586693,0.0142890512594336,"CSTB","In_VIP"
"MYO5A",15.4689356500469,-0.481098157603833,0.158698363789128,-3.03152563213,0.0024332126064162,0.0143030364345943,"MYO5A","In_VIP"
"ADGRB3",208.834376786246,-0.241147186067229,0.0796055607481576,-3.02927564105891,0.00245140908136449,0.0143800725863219,"ADGRB3","In_VIP"
"NRP1",5.27057575559922,-0.999735155154444,0.330001872314672,-3.02948328184377,0.00244972461588234,0.0143800725863219,"NRP1","In_VIP"
"PHC2",6.05442006873447,0.766131122878246,0.253071517769754,3.02733049388544,0.00246724044673098,0.0144579266427213,"PHC2","In_VIP"
"CHD1-DT",4.12907319382986,-1.3186390143776,0.435741506312073,-3.02619556612356,0.00247652067502766,0.0144822622083139,"CHD1-DT","In_VIP"
"RNF213-AS1",2.21365624602934,1.31403505373743,0.434192916074122,3.02638528886801,0.00247496710496222,0.0144822622083139,"RNF213-AS1","In_VIP"
"CALM2",36.33799211034,-0.514711473989603,0.170126928000359,-3.02545564091134,0.00248258818109427,0.0144877485898776,"CALM2","In_VIP"
"IQCB1",4.83389862371972,-0.844511402529206,0.279120521129601,-3.025615598278,0.00248127535375641,0.0144877485898776,"IQCB1","In_VIP"
"CFTR",3.22398099274582,1.24909251548437,0.413033161964548,3.02419425487096,0.00249296311434414,0.0145332803229412,"CFTR","In_VIP"
"FIS1",2.93937873858084,-1.12579263231861,0.372453360949533,-3.02264055141967,0.00250579688145396,0.0145661060100692,"FIS1","In_VIP"
"TNPO3",3.4876387253026,0.921951938438851,0.304980194753729,3.02298953931526,0.00250290894987898,0.0145661060100692,"TNPO3","In_VIP"
"HSP90B1",7.88069893565296,-0.918822337579969,0.303986489096864,-3.02257623458782,0.00250632944623601,0.0145661060100692,"HSP90B1","In_VIP"
"SPCS2",6.88148797133176,-0.923975421349559,0.305826067903196,-3.02124481305507,0.00251737734345631,0.014600271676781,"SPCS2","In_VIP"
"TMEM259",9.78230287330827,0.766468999291933,0.253689029956427,3.02129342929641,0.00251697315225568,0.014600271676781,"TMEM259","In_VIP"
"ARMH3",5.56135027862896,0.899476661461443,0.297774413204231,3.02066470984708,0.00252220485418848,0.014613266893652,"ARMH3","In_VIP"
"ZNF704",8.16942602038866,-0.648098584480589,0.214595963332237,-3.02008749100841,0.0025270167653231,0.0146261451919162,"ZNF704","In_VIP"
"ENSG00000291214",13.1021924372861,0.63568027805227,0.210696421791734,3.01704353897674,0.00255253146784313,0.0147587003703642,"ENSG00000291214","In_VIP"
"TMTC2",12.8986058079731,0.81443875730695,0.270148719068818,3.01477926719126,0.00257166338622699,0.0148541170437589,"TMTC2","In_VIP"
"ASGR1",1.27015672384349,1.53675795831734,0.510126652046807,3.01250278171377,0.00259103061416033,0.0149506965673051,"ASGR1","In_VIP"
"WDR91",1.70382080895013,1.38455081626687,0.459821165989975,3.01106368882779,0.00260334241806766,0.0150064095098614,"WDR91","In_VIP"
"AMZ1",1.93146612811837,1.26099554593355,0.418936127118033,3.00999475649965,0.00261252199884017,0.0150439722440858,"AMZ1","In_VIP"
"LAMP2",6.73348113171582,1.21229921322013,0.402963295767955,3.00846063637079,0.00262574815058657,0.0151047365607572,"LAMP2","In_VIP"
"ENSG00000286739",0.55421377548279,3.39619567960592,1.12943985392388,3.00697347256422,0.00263862787789141,0.015146203129229,"LOC102724497","In_VIP"
"PACRGL",4.24271987828626,0.861374986268225,0.286497936186446,3.00656611260077,0.00264216592048941,0.015146203129229,"PACRGL","In_VIP"
"SIK3",32.8880705441682,0.711102277241903,0.236530143180135,3.00639177603823,0.00264368141005837,0.015146203129229,"SIK3","In_VIP"
"KAT2A",8.08827179917597,0.702309327625123,0.233540107593573,3.00723218320745,0.00263638314801729,0.015146203129229,"KAT2A","In_VIP"
"PGRMC1",10.8344785749589,-0.973625061676837,0.323928135074945,-3.00568229879623,0.00264985702152604,0.0151662029529895,"PGRMC1","In_VIP"
"RAB3C",13.4983655846049,-0.652608332094068,0.217176592363227,-3.00496625806977,0.00265610313143595,0.0151865653739693,"RAB3C","In_VIP"
"ZNF461",3.28487402119568,1.14209603595709,0.380240986367344,3.00361107009576,0.00266796144896836,0.0152389425937535,"ZNF461","In_VIP"
"BRI3",4.79995086076015,0.879216753977454,0.292786257256553,3.00293040464342,0.0026739357204775,0.0152576392777549,"BRI3","In_VIP"
"PLEKHA6",5.4350888282984,0.803742267944611,0.267720300863411,3.00217154004572,0.00268061076607094,0.0152623774925831,"PLEKHA6","In_VIP"
"KDM5A",7.51013988016258,0.844341505361564,0.281213662987199,3.00249104681659,0.00267779850011231,0.0152623774925831,"KDM5A","In_VIP"
"HAP1",2.8433758267816,1.27564859080609,0.424944951601965,3.001914920973,0.0026828714551487,0.0152623774925831,"HAP1","In_VIP"
"RBM25",16.9180218245263,0.623548327688043,0.20787830046409,2.99958353659794,0.00270348977545101,0.0153641989351336,"RBM25","In_VIP"
"RNF14",2.40161477873888,1.13069018989253,0.377201477973232,2.99757624484379,0.00272135776850942,0.0154502010395073,"RNF14","In_VIP"
"ATL1",6.53165580125196,-0.814644996585066,0.27188038575701,-2.99633603327732,0.00273245142404273,0.0154976085285315,"ATL1","In_VIP"
"DGKZ",8.91795857946107,0.751577628556226,0.250891607934952,2.99562681566889,0.00273881390805521,0.0155099680962866,"DGKZ","In_VIP"
"ASIC2",74.0759685089607,-0.483489547298995,0.161406302773662,-2.99548121102176,0.00274012181980776,0.0155099680962866,"ASIC2","In_VIP"
"ZFR",9.86317996909086,0.612790645234592,0.204799680416173,2.9921464915831,0.00277023296806869,0.0156647107473674,"ZFR","In_VIP"
"THOC7",2.7264391012649,-1.32268432817185,0.442335964725993,-2.99022560598525,0.00278771466576124,0.0157478001468852,"THOC7","In_VIP"
"GINM1",3.66928119335029,0.921493001471313,0.308232610766308,2.98960255756313,0.00279340654183199,0.0157484566415259,"GINM1","In_VIP"
"PPIP5K1",3.02748970026988,0.99334656154749,0.332265485945813,2.98961704890856,0.00279327403527334,0.0157484566415259,"PPIP5K1","In_VIP"
"CELF5",15.9262830186261,0.685302721597002,0.229381744241916,2.98760794526984,0.00281169983060807,0.0158357849881406,"CELF5","In_VIP"
"LRRC40",3.26116198162741,0.940564584680365,0.314993411313695,2.98598177262723,0.00282669491164036,0.0158727629779885,"LRRC40","In_VIP"
"RCOR3",7.36728849764203,0.669569021708386,0.224214021369021,2.98629415600366,0.00282380874294204,0.0158727629779885,"RCOR3","In_VIP"
"ENSG00000265643",1.61050011970018,1.44758189419968,0.484751120404777,2.9862373355443,0.00282433351754148,0.0158727629779885,"ENSG00000265643","In_VIP"
"EVC",0.581882800977829,2.83821295161172,0.950653357418946,2.98553929196396,0.00283078768367066,0.0158799599057155,"EVC","In_VIP"
"PRKCI",6.93040041821393,0.701307499335369,0.234929271610189,2.98518568813778,0.00283406226899132,0.0158825572991389,"PRKCI","In_VIP"
"RFC3",4.65885713087105,0.881944732841845,0.29548141073616,2.98477230985386,0.00283789478690877,0.015888273192515,"RFC3","In_VIP"
"NONO",4.95527326094911,0.835918140493326,0.2804039138065,2.98112151555121,0.00287194808647693,0.0160630046935724,"NONO","In_VIP"
"SIRT6",1.92564976946099,1.28860265804781,0.432516901711765,2.97931168226704,0.00288896749288952,0.0161422130240681,"SIRT6","In_VIP"
"CREG2",7.95593767630415,-0.66695713388121,0.223931197342864,-2.97840203506804,0.00289755640135482,0.0161582390041988,"CREG2","In_VIP"
"CARS1",1.84997049112419,1.45935634143422,0.48993862581755,2.97865133413195,0.00289520019865435,0.0161582390041988,"CARS1","In_VIP"
"RPS6",13.7517169984243,-0.740123758031225,0.248586779492307,-2.97732550195466,0.0029077511606323,0.0161990989215107,"RPS6","In_VIP"
"MCMDC2",2.12315189847077,1.28828077588326,0.432843570090262,2.97631954106334,0.00291730718033264,0.016236323410541,"MCMDC2","In_VIP"
"EFR3A",10.2986775515616,0.554118572977353,0.18629996994704,2.97433527839469,0.00293624055103191,0.0163256130637591,"EFR3A","In_VIP"
"AKAP12",4.14810573309046,1.11484149503675,0.374935304343876,2.97342363367909,0.0029449767898635,0.016357906036806,"AKAP12","In_VIP"
"WBP4",4.02233252149584,1.02063483688804,0.34328684621202,2.97312538522867,0.00294784003283209,0.016357906036806,"WBP4","In_VIP"
"ATP5IF1",12.2897672738851,-0.634264378245069,0.213404586172276,-2.97212159130003,0.00295749532140324,0.0163798367639898,"ATP5IF1","In_VIP"
"FTH1",45.933653812353,-0.495399566342593,0.166682692000378,-2.97211162357198,0.00295759134347134,0.0163798367639898,"FTH1","In_VIP"
"NORAD",11.8885519882667,-1.02491831410958,0.34498392522377,-2.97091614759957,0.00296912836832081,0.0164276260065076,"NORAD","In_VIP"
"PDE6B-AS1",1.2029680455106,1.8037117523159,0.607362625975174,2.96974439186125,0.00298047631335483,0.0164742766087489,"PDE6B-AS1","In_VIP"
"KIAA1549L",20.7803416500833,-0.483642103114759,0.162907002345931,-2.96882329273822,0.00298942452155832,0.0165075846747634,"KIAA1549L","In_VIP"
"NCOR2",4.95150700462004,0.902383680963138,0.304156783529519,2.96683726889674,0.00300880161255842,0.0165983596770923,"NCOR2","In_VIP"
"ELF2",11.0164567100012,0.595148470575752,0.200698119461198,2.96539136576621,0.00302298089142339,0.0166603112738056,"ELF2","In_VIP"
"LMBR1",7.64168740007016,0.736198869999626,0.248478541740952,2.96282674890752,0.00304828087895311,0.0167833710382126,"LMBR1","In_VIP"
"EXTL2",3.02364522476996,-1.26668879782723,0.427737657818134,-2.9613684338399,0.003062753161199,0.0168466335030313,"EXTL2","In_VIP"
"NDUFAF2",5.99390467602951,-0.801817302652194,0.270929687808135,-2.95950329083175,0.00308135410896097,0.0168688573836528,"NDUFAF2","In_VIP"
"SLC35F1",23.3873498624842,-0.432182990835953,0.146034099137412,-2.95946627115689,0.00308172434411925,0.0168688573836528,"SLC35F1","In_VIP"
"PPFIA2",35.9763014700945,-0.37389641353454,0.126334730410002,-2.95956948909545,0.0030806921587518,0.0168688573836528,"PPFIA2","In_VIP"
"MED13",8.50493049329118,0.630070115973656,0.212843045937551,2.96025699687891,0.00307382508034088,0.0168688573836528,"MED13","In_VIP"
"LMAN1",5.52287962690544,0.890072944319491,0.300704892493742,2.95995498090546,0.00307684000503362,0.0168688573836528,"LMAN1","In_VIP"
"TMEM231",1.42773135371526,1.6044100586909,0.54237119425556,2.9581402472767,0.00309501273824146,0.016925195506608,"TMEM231","In_VIP"
"COG1",3.12790347713705,1.02566507930469,0.346810652211792,2.95742092338713,0.00310224308898685,0.0169483280557899,"COG1","In_VIP"
"SF1",8.31822348220611,0.727956463672213,0.246215656288795,2.95658072538802,0.00311070791544874,0.0169781536370724,"SF1","In_VIP"
"PTPRO",14.501960884785,-0.52946616739047,0.179248002293995,-2.95381906974931,0.00313867962246151,0.0171142868603138,"PTPRO","In_VIP"
"PAAF1",3.04504540359256,1.00817846791085,0.34150110199125,2.95219682171532,0.00315521743903006,0.0171878720473296,"PAAF1","In_VIP"
"XPO7",6.40135506836099,0.714657875328005,0.242125302828426,2.95160343417071,0.00316128647209873,0.0172043422744564,"XPO7","In_VIP"
"NCS1",3.62548168355666,1.06395785404094,0.36061716796665,2.95038048254911,0.00317382811997694,0.017255972136429,"NCS1","In_VIP"
"HDAC4",5.53006990936434,0.7043327470291,0.238750721499281,2.95007588922081,0.00317695884007009,0.0172563850841884,"HDAC4","In_VIP"
"PRDX2",7.74025463682171,-1.13937337267281,0.386849499772119,-2.94526262369209,0.00322680642674563,0.017510306920928,"PRDX2","In_VIP"
"PHF1",3.39945700626305,0.92416190830896,0.313850288560416,2.94459473830007,0.00323377926890402,0.0175313043090584,"PHF1","In_VIP"
"MROH8",2.10029696511284,1.31324675263067,0.446150121336977,2.94350867527564,0.00324514727958571,0.0175760661384273,"MROH8","In_VIP"
"ZFP14",3.46838898599997,0.989986105620129,0.336414274905978,2.94275891204918,0.00325301641361328,0.0176018100771086,"ZFP14","In_VIP"
"SUCLA2",4.6220715993937,0.938692082078757,0.319102368745986,2.94166441248194,0.00326453494102562,0.0176472324228266,"SUCLA2","In_VIP"
"INSR",9.000804209555,0.630353692370235,0.214358695561333,2.94064904024328,0.00327525394344396,0.0176882500253489,"INSR","In_VIP"
"DOK6",15.7486602507067,-0.498387086285094,0.169622721111266,-2.93820947465035,0.00330113894289011,0.0178000830423668,"DOK6","In_VIP"
"ADNP",7.25945573566747,-0.784139467869111,0.266886230346884,-2.93810387613453,0.003302263591503,0.0178000830423668,"ADNP","In_VIP"
"PELP1",2.9252795307547,1.10928776209432,0.377815835706651,2.93605417575883,0.00332416262018264,0.0179010435094487,"PELP1","In_VIP"
"DDX55",2.29301201546782,1.09077152008165,0.371900110005598,2.93296907082182,0.00335737336236294,0.0180626686895126,"DDX55","In_VIP"
"POLR2L",3.09439743933586,-1.19882750560824,0.408876363349111,-2.93200491167703,0.00336781420544022,0.0181016008054536,"POLR2L","In_VIP"
"AP2M1",7.58311279621028,-0.718671484697972,0.245202998256824,-2.93092453928822,0.00337954863670684,0.0181474051794268,"AP2M1","In_VIP"
"MGAT4C",15.3373439795117,-0.970978062322195,0.331329857281318,-2.93054803539115,0.00338364676148214,0.0181521562731364,"MGAT4C","In_VIP"
"USP34",23.8724723800496,0.40192546701224,0.137273876766794,2.92790934793112,0.00341249524366016,0.018289549934949,"USP34","In_VIP"
"RAI1",3.63387136529827,1.26133954212698,0.430895085164657,2.92725441889174,0.00341969011050513,0.0182933990854579,"RAI1","In_VIP"
"ZNF512B",3.05111666292495,1.06708728491123,0.364502243758075,2.92751911184249,0.00341678060682435,0.0182933990854579,"ZNF512B","In_VIP"
"HSPA1A",6.36640299192758,2.31531801687294,0.791526812654545,2.92512897839562,0.00344313483483754,0.0183890428077923,"HSPA1A","In_VIP"
"PPM1E",32.1738053968945,0.713849094929953,0.244047336638857,2.92504357868208,0.00344407988858988,0.0183890428077923,"PPM1E","In_VIP"
"DCC",10.7072035102948,-0.796756626395388,0.272486090125609,-2.92402678620441,0.00345535011342642,0.0184144082931564,"DCC","In_VIP"
"GP6-AS1",1.27424418770123,1.63235252886425,0.558226554046897,2.92417570792792,0.00345369735539751,0.0184144082931564,"GP6-AS1","In_VIP"
"SMARCA5",3.4060105489978,-0.979050529923141,0.334920356040402,-2.92323387416032,0.00346416210957053,0.0184439696107106,"SMARCA5","In_VIP"
"UNC5D",23.7267079540059,-0.381244532511026,0.130466630979001,-2.92216124268884,0.00347611530601293,0.0184727896177489,"UNC5D","In_VIP"
"RANBP10",2.20214875379301,1.23557590521446,0.422817989542024,2.92224062309359,0.00347522942173666,0.0184727896177489,"RANBP10","In_VIP"
"ENSG00000228655",4.06838496099887,-1.65215942270438,0.565943178545128,-2.9193026532303,0.00350815441272213,0.0185953330806618,"ENSG00000228655","In_VIP"
"ST18",4.45304715164495,0.856049913219028,0.29324580360559,2.91922306370119,0.00350905028571172,0.0185953330806618,"ST18","In_VIP"
"KIF5A",5.44406001496026,-0.876110364668061,0.300094646906937,-2.91944682685311,0.00350653210037757,0.0185953330806618,"KIF5A","In_VIP"
"STAT5B",5.36565807418716,0.823946740069863,0.282502965774843,2.91659500922392,0.00353874928484975,0.0187351403093873,"STAT5B","In_VIP"
"ZNF326",3.55753394226456,0.918724939158377,0.315062597672971,2.91600763132156,0.00354541828841712,0.0187395790316955,"ZNF326","In_VIP"
"TM9SF3",8.16176306721679,0.665845506881377,0.228369871804342,2.91564514014286,0.00354953966435018,0.0187395790316955,"TM9SF3","In_VIP"
"NAA60",3.90654651429525,1.04047011441251,0.356857471268879,2.91564615618922,0.00354952810623127,0.0187395790316955,"NAA60","In_VIP"
"KLHL24",10.6472673313584,0.597991236583882,0.205124176942554,2.91526452657675,0.00355387177490006,0.0187449315185905,"KLHL24","In_VIP"
"KMT2D",2.69246857536905,1.02919775160041,0.353247851833631,2.91352869170492,0.00357368995218525,0.0188318792349762,"KMT2D","In_VIP"
"EPN2",9.96847131932399,0.648373743026098,0.222577390611103,2.91302607711385,0.00357944708642328,0.0188446380160346,"EPN2","In_VIP"
"DNAJC27",1.62998653558307,1.48881581775188,0.511394059133145,2.91128884108577,0.00359941106731287,0.0189144866225585,"DNAJC27","In_VIP"
"ZFYVE16",5.97810531386397,-0.752119704337775,0.258322005637432,-2.91155878293006,0.00359630231671705,0.0189144866225585,"ZFYVE16","In_VIP"
"DLEU7",4.45801745273934,0.803420691067055,0.276046180154402,2.9104575568395,0.00360899980509361,0.0189296563593072,"DLEU7","In_VIP"
"LRRC49",8.36041198670434,1.20659277970651,0.414544182148515,2.91064941124717,0.00360678473364858,0.0189296563593072,"LRRC49","In_VIP"
"GABARAPL1",3.9723681038681,-1.23821717498673,0.425533936887206,-2.90979653478246,0.00361664117030987,0.0189521391197407,"GABARAPL1","In_VIP"
"TBC1D8",6.77194698119369,0.773565030978796,0.265917772554382,2.90903847286325,0.00362542242051792,0.0189805479643241,"TBC1D8","In_VIP"
"RFFL",3.00687514084773,1.05918485663591,0.364239066886808,2.90793863955583,0.00363819716444588,0.0190297923906989,"RFFL","In_VIP"
"HNRNPM",7.31106929280613,0.64603692793563,0.222313009328062,2.90597896132246,0.00366106063987663,0.0191316665630556,"HNRNPM","In_VIP"
"PFN2",4.70829787876541,-1.01320102179836,0.348854406952667,-2.90436641075838,0.00367997209238447,0.0191949790857617,"PFN2","In_VIP"
"ENSG00000258752",0.73472598397857,2.31245387516172,0.796121242490795,2.90465038707776,0.00367663528323831,0.0191949790857617,"ENSG00000258752","In_VIP"
"OSBP2",10.5521873520186,0.592102283297598,0.203893973379099,2.90397147833647,0.00368461724734727,0.0192014786257055,"OSBP2","In_VIP"
"HDGFL3",7.1177495937481,-0.790074889162151,0.272548048633649,-2.89884625159855,0.00374538505140688,0.019500166041841,"HDGFL3","In_VIP"
"PPA2",7.61470384650792,-0.639804035701614,0.220799965872742,-2.89766365303863,0.00375953537736744,0.0195558152364168,"PPA2","In_VIP"
"MAPK14",6.28699926139126,0.872827317663235,0.301450643717276,2.895423631876,0.00378647150037353,0.0196778081928336,"MAPK14","In_VIP"
"KIT",3.93201719778701,-0.995504869528906,0.344111756146084,-2.89296965810808,0.00381618160835432,0.0198139796926411,"KIT","In_VIP"
"NDUFC2",6.49097026826642,-0.812001489541204,0.280775529454231,-2.89199522166182,0.00382803768942327,0.0198572864164849,"NDUFC2","In_VIP"
"TMA7",15.7350770809841,-0.657387131237502,0.227453305299767,-2.89020698279638,0.00384988249968297,0.0199500323348797,"TMA7","In_VIP"
"DGKI",14.5898107584947,0.56579510511473,0.195779959264027,2.88995414669438,0.00385298022257988,0.0199500323348797,"DGKI","In_VIP"
"CALD1",5.51084543148975,0.742369993183091,0.256929633814042,2.88939030567566,0.00385989650420204,0.0199675415313529,"CALD1","In_VIP"
"NECAB1",15.4039127602564,-0.649251742197311,0.224756344271529,-2.88869150413368,0.00386848391187876,0.0199936556433697,"NECAB1","In_VIP"
"TMEM184B",4.86231742657282,0.766941365098097,0.265576981389261,2.8878307189356,0.00387908575370849,0.0200301237867452,"TMEM184B","In_VIP"
"USP15",8.45936744352746,0.61704891449536,0.213782423617395,2.88634071994473,0.00389749969528113,0.0201068271951079,"USP15","In_VIP"
"INVS",8.843590409326,0.667154612859126,0.231184641241737,2.88580854366324,0.00390409573966981,0.0201224788625865,"INVS","In_VIP"
"SLITRK1",2.83262139712472,-1.22824825378401,0.425975774627638,-2.88337583248171,0.00393437721147178,0.0202600700707421,"SLITRK1","In_VIP"
"AASDHPPT",2.77643859869255,-1.11835623707379,0.387907834434052,-2.88304627491074,0.0039384957845011,0.0202628075470371,"AASDHPPT","In_VIP"
"COX5B",6.60675637339521,-1.09346697002586,0.37946892686536,-2.88157183002716,0.00395697032176953,0.0203052124634113,"COX5B","In_VIP"
"GDI2",3.49029779236744,-1.03678165119727,0.359776972540401,-2.88173432523073,0.00395493043375739,0.0203052124634113,"GDI2","In_VIP"
"BRF1",4.24072805959263,0.892374868999241,0.309688085079574,2.88152793727904,0.003957521494462,0.0203052124634113,"BRF1","In_VIP"
"ADGRL1",6.58928013383073,0.660783534260344,0.22985014257967,2.87484500485487,0.00404225877702447,0.0207118618798838,"ADGRL1","In_VIP"
"ARHGAP33",3.76588421411782,1.0598397574244,0.368678342361093,2.87470034349446,0.00404411110878241,0.0207118618798838,"ARHGAP33","In_VIP"
"FAM78B",2.41304662642054,1.07516251964193,0.37416601370362,2.87349059044569,0.00405963170979897,0.0207725176889985,"FAM78B","In_VIP"
"LCNL1",6.93347252039561,1.00236199188189,0.348987555426091,2.87219981428298,0.00407625140359525,0.0208221024884622,"LCNL1","In_VIP"
"NRXN3",349.542395681961,-0.244298615427955,0.0850636468636804,-2.87195087955091,0.00407946371585763,0.0208221024884622,"NRXN3","In_VIP"
"SOD1",8.85679018460958,-0.911161273834633,0.317269979033298,-2.87187989424933,0.00408038014776557,0.0208221024884622,"SOD1","In_VIP"
"SLC4A3",4.13003305125862,0.799681074284165,0.278591644281892,2.87044170454376,0.00409898770044645,0.020841747542594,"SLC4A3","In_VIP"
"IL1RAP",4.07672377022854,0.991826360084492,0.345461788452266,2.87101611014075,0.00409154672254238,0.020841747542594,"IL1RAP","In_VIP"
"PLA2G12A",2.8606629934911,-1.22900350414266,0.428150711494609,-2.87049272872253,0.00409832622522805,0.020841747542594,"PLA2G12A","In_VIP"
"CS",2.71186339667088,0.996340505873635,0.347036631613333,2.87099520659178,0.00409181729667902,0.020841747542594,"CS","In_VIP"
"XKR4",22.5354448915934,-0.535053045000849,0.18650825438545,-2.86879016032757,0.00412045063960235,0.0209320374668289,"XKR4","In_VIP"
"ZNF398",3.33554805639623,0.972645831867118,0.339225713492781,2.8672526674126,0.00414052301146543,0.0210151073600792,"ZNF398","In_VIP"
"GMDS-DT",10.6564019888597,-0.562728616225885,0.196561915538312,-2.8628567985043,0.00419840264870535,0.0212897455678066,"GMDS-DT","In_VIP"
"TCEAL2",6.41630830140332,-0.882454173843715,0.308358353268192,-2.8617813154431,0.00421267464050043,0.0213429587840242,"TCEAL2","In_VIP"
"FRA10AC1",5.46898291776688,-0.844732851077209,0.295308324812574,-2.86051147258833,0.00422958249405874,0.0214094189148188,"FRA10AC1","In_VIP"
"CASK",10.8178195591668,0.510024001048363,0.178387869099932,2.85907334182377,0.00424880539698665,0.0214874679387445,"CASK","In_VIP"
"ACOX1",2.64021921626494,1.09561087760561,0.383379567893677,2.85777065174598,0.00426628627667786,0.0215565752924448,"ACOX1","In_VIP"
"ENTPD3",11.4187582074708,-0.583753110727378,0.204337184143863,-2.85681293482242,0.00427917951448055,0.021602399532887,"ENTPD3","In_VIP"
"SYT12",2.97042572573263,1.088786543228,0.38123825756943,2.85592151787051,0.00429121192993839,0.0216438001716268,"SYT12","In_VIP"
"SLC25A29",4.25257797466321,-1.30768626563545,0.45808653985546,-2.85467079222206,0.00430814604496216,0.0217098278394213,"SLC25A29","In_VIP"
"SH3YL1",3.86412837998328,-0.942751232347178,0.330412459388817,-2.85325569771503,0.00432737866386987,0.021787310224778,"SH3YL1","In_VIP"
"DARS1",4.24168768835587,-0.845911259907979,0.29657598607906,-2.85225810454687,0.00434098374752332,0.0218169192079709,"DARS1","In_VIP"
"KPNB1",6.63186859138165,-0.712133267850857,0.24965650414661,-2.85245229354272,0.00433833238025282,0.0218169192079709,"KPNB1","In_VIP"
"ARHGEF28",5.88656170162747,-0.99048432698715,0.347321353831503,-2.85178068109128,0.00434750851457207,0.0218198998467074,"ARHGEF28","In_VIP"
"CFL1",10.7516635014993,-0.921920345812062,0.323293702864178,-2.85164956089287,0.00434930204060763,0.0218198998467074,"CFL1","In_VIP"
"TBC1D5",18.4568854942268,-0.576317569250622,0.202263724656744,-2.84933727107357,0.00438104108012679,0.0219401605156349,"TBC1D5","In_VIP"
"SUDS3",3.31826075664666,0.914534671131991,0.320961729614884,2.84935737425556,0.00438076423674024,0.0219401605156349,"SUDS3","In_VIP"
"VAT1L",4.54239008245338,0.851440663849148,0.298934450168613,2.8482520611756,0.00439600919364881,0.0219956208458123,"VAT1L","In_VIP"
"DTWD1",4.74865545132077,-1.02207704584263,0.358991339550122,-2.84707995218901,0.00441222794671296,0.0220572351070633,"DTWD1","In_VIP"
"CCDC102B",2.03627565711082,-1.33447727734008,0.468828054238278,-2.8464108862006,0.00442151026871877,0.0220840950556962,"CCDC102B","In_VIP"
"PNMA8A",4.76079682575499,-1.19853901700649,0.421369112440451,-2.84439220061692,0.0044496239618617,0.0222048814139194,"PNMA8A","In_VIP"
"WNK2",10.4877479477508,0.667921140780993,0.234879362029494,2.84367743087245,0.00445961713563062,0.0222351078545255,"WNK2","In_VIP"
"RCN2",9.09268675816025,-0.682948804724606,0.240221691824927,-2.84299390091024,0.00446919256543708,0.0222632000018995,"RCN2","In_VIP"
"CEP85L",11.8155858218701,0.534197471612396,0.188116924118664,2.83970979280645,0.00451545924580548,0.0224580794698579,"CEP85L","In_VIP"
"ZNF532",7.12407654975391,-0.651782826348216,0.229529047597084,-2.83965290307115,0.0045162645207574,0.0224580794698579,"ZNF532","In_VIP"
"RFX3-DT",3.86890464506671,0.919525255326784,0.323893190371601,2.83897680674242,0.00452584463889125,0.0224859246834624,"RFX3-DT","In_VIP"
"CSNK1D",3.51192426561315,0.874301395862665,0.30802058872613,2.8384511550948,0.00453330570953877,0.0225032020678247,"CSNK1D","In_VIP"
"ENSG00000263300",1.07670298979836,2.01617268254371,0.710815067987919,2.83642366818535,0.00456218823197067,0.0226266912400372,"ENSG00000263300","In_VIP"
"AGO4",8.42977803160534,0.84180863232962,0.297164541547719,2.83280309267464,0.00461417994050493,0.0227249367776045,"AGO4","In_VIP"
"FYN",14.4590379761163,0.473897493512787,0.167280544528001,2.83295044770411,0.00461205348162713,0.0227249367776045,"FYN","In_VIP"
"ELFN1",3.03218356369779,-0.980053620048241,0.345960528007986,-2.83284808729861,0.0046135305355234,0.0227249367776045,"ELFN1","In_VIP"
"CCZ1B",2.06696304881744,1.39184666075711,0.491296897856453,2.83300518857292,0.0046112637502622,0.0227249367776045,"CCZ1B","In_VIP"
"PPP2R2D",4.75463997173297,0.908470661896618,0.320584924448669,2.83379096337413,0.00459994108221031,0.0227249367776045,"PPP2R2D","In_VIP"
"ZFHX2-AS1",3.33756793619017,0.925809302827372,0.326636169856257,2.83437472106899,0.00459154569880994,0.0227249367776045,"ZFHX2-AS1","In_VIP"
"SALL1",3.27903780578649,-1.10312867232886,0.389162370148269,-2.83462317260677,0.00458797677415547,0.0227249367776045,"SALL1","In_VIP"
"NHS",15.5828876516657,-0.473476927590273,0.167059826398142,-2.83417586261505,0.00459440404650501,0.0227249367776045,"NHS","In_VIP"
"SLC4A8",8.7248389953853,0.613630267576015,0.216875076739161,2.8294181000523,0.00466327337937528,0.0229467171777796,"SLC4A8","In_VIP"
"ATOX1",3.2422504332033,-1.23130796707217,0.435445234681173,-2.82769879884831,0.00468838953448937,0.0230502284424112,"ATOX1","In_VIP"
"PPP1R9A",15.3098856968236,-0.462358114948451,0.163528029250807,-2.82739367108327,0.00469285972223819,0.0230521431051509,"PPP1R9A","In_VIP"
"ATP13A2",7.93541165819308,0.588559809412874,0.208275880941341,2.82586637853971,0.00471529293437829,0.0231416785530003,"ATP13A2","In_VIP"
"BBS9",9.69901531369036,-0.576000334656341,0.203850944845917,-2.82559560904521,0.00471928017225285,0.0231416785530003,"BBS9","In_VIP"
"MAN1A1",4.34214348268365,0.836394691423716,0.296118782387977,2.82452428271795,0.00473508601791643,0.0231990467608065,"MAN1A1","In_VIP"
"TNKS",23.9273299870653,0.403405231645415,0.142915198085226,2.82268951833135,0.00476226660514384,0.0233119965792527,"TNKS","In_VIP"
"CAMK1D",8.33322788716075,0.795541839504122,0.281890739428658,2.82216379692552,0.00477008073827846,0.0233300312472164,"CAMK1D","In_VIP"
"UBAC2",5.05087583355438,-0.81620896421323,0.2893903554667,-2.8204428682391,0.00479574123243939,0.0234018654686261,"UBAC2","In_VIP"
"ENSG00000261063",1.26835505359524,1.77878883375605,0.630686618777545,2.82040046640575,0.00479637505328504,0.0234018654686261,"ENSG00000261063","In_VIP"
"YWHAH",9.74636530060438,-0.865819303086704,0.306990504056244,-2.82034555351614,0.00479719600153461,0.0234018654686261,"YWHAH","In_VIP"
"SLC39A10",12.2934116409596,-0.88869631047728,0.315423098202148,-2.81747378534635,0.00484030657875513,0.0235636252545775,"SLC39A10","In_VIP"
"EHMT2",3.8969265904494,0.817013963392061,0.289998531100375,2.81730379906399,0.00484286934334651,0.0235636252545775,"EHMT2","In_VIP"
"PAK3",46.465139754168,0.380436756415889,0.135027518691481,2.81747572718961,0.00484027731002896,0.0235636252545775,"PAK3","In_VIP"
"NEGR1",53.7246163362516,-0.412034538478526,0.146341329965047,-2.81557191380548,0.00486904982748784,0.0236400741364439,"NEGR1","In_VIP"
"RNPS1",8.50635987365995,0.570252532491043,0.202516034117159,2.81583892839389,0.00486500510292924,0.0236400741364439,"RNPS1","In_VIP"
"STAU1",3.35172310362668,-1.01642083937751,0.361017426415553,-2.81543428379422,0.00487113582843347,0.0236400741364439,"STAU1","In_VIP"
"MVP",1.14867066190699,1.71360503888035,0.608911924841769,2.81420837558018,0.00488975211406742,0.0237100512380831,"MVP","In_VIP"
"COL7A1",4.41064823203393,1.04528440517907,0.371470605377286,2.81390879937166,0.00489431116577944,0.0237118042671424,"COL7A1","In_VIP"
"CAMKV",10.079233517411,0.770267050498011,0.273986829610736,2.81132874741592,0.00493373470963109,0.0238823199440497,"CAMKV","In_VIP"
"AKAP7",4.27806797790705,-1.13251923728608,0.403187226374861,-2.80891646163692,0.00497085433540485,0.0240414008053956,"AKAP7","In_VIP"
"CLTB",4.63958165482792,-0.854477687766513,0.304272969901765,-2.80826025408167,0.00498099548762707,0.02406984047015,"CLTB","In_VIP"
"KHDC1-AS1",5.40639901650684,0.71291750738227,0.254030086190666,2.80642941973093,0.00500938853098727,0.0241863553944847,"KHDC1-AS1","In_VIP"
"TSC22D2",4.46835238874004,-0.895269054583619,0.319106753024983,-2.80554719101644,0.00502312253800523,0.0242319549250141,"TSC22D2","In_VIP"
"LINC01102",6.28298323124434,-1.05204231728492,0.375431266223185,-2.8022235011708,0.00507517000519498,0.0244621462110465,"LINC01102","In_VIP"
"ENSG00000291121",2.78355432318205,0.969974818745343,0.346376551712771,2.80034781208194,0.00510475716186953,0.0245837793754484,"ENSG00000291121","In_VIP"
"CTNNA2",47.5854801800817,-0.376550111957943,0.134495170368527,-2.79972961799421,0.00511454267284125,0.0245889800501108,"CTNNA2","In_VIP"
"UBR3",24.5328941870699,0.632632476188581,0.225947174281147,2.79991320184156,0.00511163492108515,0.0245889800501108,"UBR3","In_VIP"
"DNAJC5",5.59802211825933,0.718105538894653,0.256667955219271,2.79779974200977,0.0051452002198435,0.0247153367703197,"DNAJC5","In_VIP"
"KLHL13",6.21499366400146,-1.01570247606381,0.36308558844492,-2.79741886868607,0.00515127026844608,0.024723471322389,"KLHL13","In_VIP"
"B3GALNT1",4.05554870860089,-0.922382787130244,0.329924027840635,-2.7957429871576,0.00517805606034279,0.0248098716580801,"B3GALNT1","In_VIP"
"RGS7BP",5.59714408348061,-0.864340169397686,0.309140242734637,-2.7959484075958,0.00517476604945379,0.0248098716580801,"RGS7BP","In_VIP"
"TTC21B",9.31490815735819,0.638731211942843,0.228496115482646,2.7953701120637,0.00518403285235053,0.0248174589685832,"TTC21B","In_VIP"
"RAB3A",11.8316995702845,-0.995568906742195,0.356225640854759,-2.79477048410479,0.00519365732566594,0.0248424811453742,"RAB3A","In_VIP"
"CCDC65",2.61371565566925,1.3946057099599,0.499255364732511,2.79337150579662,0.00521617476992738,0.0249290789131301,"CCDC65","In_VIP"
"AP1S2",14.8737362077898,-0.873128734220219,0.312705718329812,-2.7921738652036,0.00523552159147985,0.0250003900847588,"AP1S2","In_VIP"
"TTC36-AS1",1.3465960817555,2.02478131227994,0.725311181921431,2.79160360786947,0.00524475635589348,0.0250233350121979,"TTC36-AS1","In_VIP"
"LDHA",4.53567480909632,-1.44536027204594,0.518065284903243,-2.78991917459956,0.00527212011086253,0.0251326637183649,"LDHA","In_VIP"
"DHX40",3.51803326479725,0.928677513169639,0.332951994615981,2.7892234561945,0.0052834596959624,0.0251654838300941,"DHX40","In_VIP"
"ENC1",9.23763197847253,-0.727873452444531,0.261066012567782,-2.78808200763226,0.0053021120132374,0.025233050347749,"ENC1","In_VIP"
"FHIT",7.94401472948545,-1.00252489090514,0.359866494829975,-2.78582448021118,0.00533917731703159,0.0253664457613492,"FHIT","In_VIP"
"MAGI2",77.8525085961577,-0.355542898136205,0.127638070337354,-2.78555525946519,0.00534361310957789,0.0253664457613492,"MAGI2","In_VIP"
"SEC16A",2.54991483131042,1.01600112601216,0.364696108974535,2.78588419511517,0.00533819388023775,0.0253664457613492,"SEC16A","In_VIP"
"CABIN1",2.93215953363608,1.01752719975718,0.365339970696417,2.78515158858079,0.00535027039460785,0.0253767233074221,"CABIN1","In_VIP"
"DUOX1",1.59598559532597,1.80797854500345,0.649381508103662,2.78415464937268,0.00536674388134066,0.0254121845647053,"DUOX1","In_VIP"
"MBP",13.5113744673999,0.843655730699373,0.302996096124271,2.78437821968952,0.00536304561241035,0.0254121845647053,"MBP","In_VIP"
"POR",3.59847103537547,1.03618067448475,0.37224402570788,2.78360592225568,0.00537583061283964,0.0254338920702941,"POR","In_VIP"
"NFIA",14.86856347706,0.644231413386561,0.231624315600051,2.78136348387086,0.00541310918229306,0.0255888316073419,"NFIA","In_VIP"
"WAC-AS1",3.57841547715512,-1.11175412337754,0.399988424654208,-2.77946574163654,0.00544483964248307,0.0257173069735676,"WAC-AS1","In_VIP"
"NBL1",8.23658636720594,-0.649888259961688,0.233852392529222,-2.77905328627536,0.00545175811462604,0.0257248520382655,"NBL1","In_VIP"
"CHRD",2.96579373675167,-1.1756694681422,0.423081090320875,-2.7788277354834,0.00545554482949939,0.0257248520382655,"CHRD","In_VIP"
"ENSG00000273748",3.88098264568205,-1.03023833472108,0.371180316149481,-2.77557373033269,0.0055104403375293,0.0259620329163495,"ENSG00000273748","In_VIP"
"SET",5.46253375764097,-0.903916053890946,0.325989457107634,-2.77283830560353,0.00555697247567634,0.0261524433115771,"SET","In_VIP"
"TNS2-AS1",1.37409002435616,1.58610164480284,0.57206022003885,2.77261307331441,0.00556081964275117,0.0261524433115771,"TNS2-AS1","In_VIP"
"CACNA1A",19.4582392499283,0.618933261630354,0.223249512356561,2.77238348741309,0.0055647436467544,0.0261524433115771,"CACNA1A","In_VIP"
"SLC6A15",4.09542122838259,0.87013922131074,0.313938944557723,2.77168295426549,0.00557673236881863,0.0261652501257944,"SLC6A15","In_VIP"
"RFLNA",3.70208399111281,0.975429986404371,0.351907559240626,2.77183584379156,0.00557411387524741,0.0261652501257944,"RFLNA","In_VIP"
"C1orf35",2.75612802756648,0.988409185895723,0.356650717258334,2.77136463791207,0.00558218763988695,0.0261691103549555,"C1orf35","In_VIP"
"GPC1",10.4278079668119,0.762215498860367,0.275275771184611,2.7689160421939,0.00562431264565983,0.0263447281387499,"GPC1","In_VIP"
"CYP20A1",2.4638568710921,-1.12449145042742,0.406169526937884,-2.76852736566666,0.0056310256473758,0.0263543197034183,"CYP20A1","In_VIP"
"PSMD4",3.75818456532916,1.02722520513607,0.371147499027223,2.76770073307357,0.00564532681911183,0.0263807214309213,"PSMD4","In_VIP"
"FAM133B",5.26695634571139,0.755868067900453,0.273107124506164,2.76766147813692,0.00564600676402618,0.0263807214309213,"FAM133B","In_VIP"
"LTBP3",7.20630747671657,0.973547770672228,0.352042053428208,2.76543032626858,0.00568477476452566,0.0265399112766987,"LTBP3","In_VIP"
"LY6H",14.275481496227,-0.572844544440879,0.207233116352494,-2.76425194256355,0.00570534684458372,0.0265920002681959,"LY6H","In_VIP"
"PLPP7",1.49384331991778,1.3306754348199,0.48138483133877,2.76426540304394,0.00570511147453873,0.0265920002681959,"PLPP7","In_VIP"
"WWOX",33.859915694958,0.377187028886908,0.13663655184506,2.76051337503468,0.00577105948713471,0.0268761047343974,"WWOX","In_VIP"
"SPAG1",3.36119672640697,0.995785152587582,0.360864814790999,2.75944096451827,0.00579003475022639,0.0269422621944225,"SPAG1","In_VIP"
"ZNF273",4.24714810397199,0.825782393597348,0.299302107187667,2.75902632746775,0.00579738641728826,0.0269542682067995,"ZNF273","In_VIP"
"KLHL42",8.80404302024678,-0.61287694622518,0.222296592174052,-2.75702357931477,0.00583301451266511,0.0270976142944451,"KLHL42","In_VIP"
"NOL9",2.02458992815555,1.14176432621856,0.414347956140457,2.75556886259026,0.005859016975809,0.027192026839365,"NOL9","In_VIP"
"TPST1",19.7706456358618,0.588743906418629,0.213673118142848,2.755348503994,0.00586296489473297,0.027192026839365,"TPST1","In_VIP"
"FAM174B",2.58420194713104,-1.15932801809925,0.421182645309204,-2.75255410214766,0.00591323749759454,0.02740268960124,"FAM174B","In_VIP"
"GNAL",13.3133278518958,0.532024520503817,0.193373162048424,2.75128417443258,0.00593621222670999,0.027486608908758,"GNAL","In_VIP"
"HACD1",2.9444960354517,-1.01545509905316,0.369523588689719,-2.74801157526594,0.0059957892305196,0.0277397324841976,"HACD1","In_VIP"
"SEMA6C",2.26153296894279,1.14508425957993,0.416745151681898,2.74768465801846,0.00600177019065904,0.0277446806931529,"SEMA6C","In_VIP"
"PUM1",10.3184782881493,0.524578902187365,0.191025097006003,2.74612556365241,0.00603036787831638,0.0278540867903591,"PUM1","In_VIP"
"SLC25A39",3.53246801942517,-0.957369317686287,0.348932245502538,-2.74371122195218,0.00607489523173563,0.0280368326503877,"SLC25A39","In_VIP"
"GLRB",7.15392746962928,-0.807595283832533,0.294557713897424,-2.74172172626845,0.006111809544466,0.0281841731564804,"GLRB","In_VIP"
"PCGF5",14.1702204994271,0.55334488979431,0.201873484913615,2.74104788962798,0.00612435804458903,0.0281960053739881,"PCGF5","In_VIP"
"TMEM41B",6.97667794996744,0.821474138010844,0.299674726751114,2.74121927770404,0.00612116417752184,0.0281960053739881,"TMEM41B","In_VIP"
"ACTR3B",3.79355943832405,0.823003955552738,0.300645865328927,2.73745309835648,0.00619169483312812,0.0284828046517433,"ACTR3B","In_VIP"
"SCGB2B2",2.50319024823508,1.0197321068155,0.372698330100381,2.73607908718251,0.00621760808361751,0.028578737237067,"SCGB2B2","In_VIP"
"ARNT",4.0074673536808,0.82194007304319,0.300444485029258,2.73574691498547,0.00622388734401641,0.0285843411433729,"ARNT","In_VIP"
"POLR3GL",2.12490319641958,-1.22830981948958,0.44906553459361,-2.73525738420599,0.00623315166016013,0.0286036342227819,"POLR3GL","In_VIP"
"CLASP2",44.6174264528348,0.326758659225796,0.119503973754594,2.73429116170486,0.00625147375825465,0.0286411802598382,"CLASP2","In_VIP"
"FAM13C",2.98736383418123,1.01364395165503,0.370684099396775,2.734522342082,0.00624708556852997,0.0286411802598382,"FAM13C","In_VIP"
"GLS",10.1599224537709,-0.695701587981658,0.254761388721891,-2.73079681136892,0.00631814117785506,0.0289231600597271,"GLS","In_VIP"
"KNDC1",6.17914749587158,0.895859464889306,0.32810362066501,2.73041627237624,0.00632543984167159,0.0289331252353059,"KNDC1","In_VIP"
"ARHGEF11",6.89185575605617,-0.721802978462006,0.264554567207179,-2.72837088424463,0.00636480015232786,0.0290660922073566,"ARHGEF11","In_VIP"
"CHD2",15.1639406225383,0.703913929080935,0.257978712636797,2.72857369465194,0.0063608875616591,0.0290660922073566,"CHD2","In_VIP"
"CLCN6",6.65696352674279,0.940666902063984,0.344826363349578,2.72794369005468,0.00637304861047719,0.0290802516967574,"CLCN6","In_VIP"
"OTUD4",3.47975791898929,-1.39470647643299,0.511471775044667,-2.72684934825814,0.0063942225560777,0.0291298090478088,"OTUD4","In_VIP"
"TENT4B",4.6188690333601,-0.838604891391997,0.307524382781495,-2.72695414850357,0.00639219208425431,0.0291298090478088,"TENT4B","In_VIP"
"NELL1",33.1935190772261,-0.566484074793557,0.207790476151424,-2.72622732901743,0.0064062859325016,0.0291612483744573,"NELL1","In_VIP"
"LRRN3",5.95852170165531,-1.20440609729924,0.441998069147426,-2.72491257625271,0.00643185152085636,0.0292540493086293,"LRRN3","In_VIP"
"ELAPOR1",5.89239251999203,1.05353971108307,0.3866863669821,2.7245328541201,0.0064392523460297,0.0292612752087627,"ELAPOR1","In_VIP"
"TRERF1",5.92159768998557,-0.767372357983789,0.281676921771291,-2.72429971599469,0.00644380002827064,0.0292612752087627,"TRERF1","In_VIP"
"PPM1G",3.49467788402533,0.843233484403902,0.309624920673995,2.72340315039353,0.00646131571760057,0.0293172469788961,"PPM1G","In_VIP"
"CALM3",13.8211281621136,-0.512393979583294,0.188194156908805,-2.72268803665138,0.00647531717944767,0.0293571964259229,"CALM3","In_VIP"
"MTSS2",4.56931070779685,0.965562386724152,0.35469983987041,2.72219572209822,0.00648497223497214,0.0293773922657238,"MTSS2","In_VIP"
"CLIP2",5.60956506358982,0.701282210990469,0.257654398548309,2.72179405801598,0.00649285908423927,0.029389552056785,"CLIP2","In_VIP"
"MAPRE3",6.64208940288044,0.648584304847457,0.238390224467361,2.72068330946288,0.00651471405583976,0.0294648676552753,"MAPRE3","In_VIP"
"STUB1",4.42358987255677,-1.07986600264255,0.397050844806743,-2.71971717669598,0.00653377736458867,0.0295274466660491,"STUB1","In_VIP"
"MRS2",2.94604243323385,0.975300395778371,0.358696404634965,2.71901358133463,0.00654769195788835,0.0295666761551649,"MRS2","In_VIP"
"ARHGAP28",8.56783760010575,-0.990986917588095,0.364693793186556,-2.71731226607732,0.00658144806963077,0.0296953675282302,"ARHGAP28","In_VIP"
"KITLG",4.62411270902265,-0.821351644477711,0.302330790182155,-2.71673170960471,0.00659300276147649,0.029723761053137,"KITLG","In_VIP"
"HCN1",18.9556337103616,0.577516357627205,0.21272056952091,2.71490603343103,0.00662945778122119,0.0298621758375127,"HCN1","In_VIP"
"ENSG00000283913",2.21973774821382,1.19316428120001,0.439525363845717,2.71466536256332,0.0066342769828427,0.0298621758375127,"ENSG00000283913","In_VIP"
"NSG2",19.8430670613279,-0.470080142410993,0.173254894577304,-2.71322864244536,0.00666311149842976,0.029920442650739,"NSG2","In_VIP"
"APBB1",8.80455130865916,0.596570277349814,0.219867490110868,2.71331735787312,0.00666132774953734,0.029920442650739,"APBB1","In_VIP"
"OGFR",4.69953661357739,1.04566311452364,0.38537314676474,2.71337824989137,0.00666010367803564,0.029920442650739,"OGFR","In_VIP"
"ATP1B2",9.79553759030302,-0.86275977662986,0.318035683117485,-2.712776655037,0.00667220601209037,0.0299374835284341,"ATP1B2","In_VIP"
"ZNF589",3.1244894738086,0.914627020223787,0.337362220060297,2.71111276200493,0.00670578171457597,0.0300166092754672,"ZNF589","In_VIP"
"CREBZF",3.92469999493158,-0.927735756114231,0.342177871514947,-2.71126754049525,0.00670265204436326,0.0300166092754672,"CREBZF","In_VIP"
"LINC02762",2.35851166539651,1.02822786354538,0.379200285034947,2.71156933189178,0.00669655350226632,0.0300166092754672,"LINC02762","In_VIP"
"ADGRA1",4.20567476461304,0.781694209860389,0.288463758722546,2.7098524033733,0.00673131550627619,0.0301070477394729,"ADGRA1","In_VIP"
"EEFSEC",4.20953893070027,0.754659156317828,0.278590624733568,2.70884620413752,0.00675176294172087,0.0301578748634804,"EEFSEC","In_VIP"
"ARAP2",8.16284881137224,-0.885338671680951,0.326841835910795,-2.70876789445825,0.00675335664760182,0.0301578748634804,"ARAP2","In_VIP"
"EFCAB2",8.46909209502901,0.528303459238628,0.195104937244541,2.70779133885505,0.00677325926693961,0.0302176520576058,"EFCAB2","In_VIP"
"TBC1D19",3.82036962150867,-0.957223944411219,0.353534024983971,-2.70758647475195,0.00677744116781494,0.0302176520576058,"TBC1D19","In_VIP"
"OAT",4.47893466696263,-0.852077790343917,0.314780336999364,-2.70689649317466,0.00679154286903933,0.0302512079992576,"OAT","In_VIP"
"WDR20",4.05634488579551,0.826969680731044,0.305527536582412,2.70669442755115,0.00679567763339669,0.0302512079992576,"WDR20","In_VIP"
"MAGED1",13.3705545290866,0.488785259012025,0.180680287279509,2.70524951211686,0.00682531017459931,0.0303591946270169,"MAGED1","In_VIP"
"LINC03000",3.50535784569921,-1.29635118733464,0.479417639063286,-2.70401228846633,0.00685077555895006,0.0304245527771296,"LINC03000","In_VIP"
"FHOD3",12.0486523136992,0.552156943085956,0.204198350554882,2.70402254271664,0.00685056414858183,0.0304245527771296,"FHOD3","In_VIP"
"PIGU",4.81242032369759,0.701932162217925,0.259711794359919,2.70273502190339,0.0068771546605913,0.0305177114514378,"PIGU","In_VIP"
"FSTL4",1.71162573220229,1.17390363135228,0.434563857449676,2.70133747026631,0.00690612250428198,0.0306222025327228,"FSTL4","In_VIP"
"BNIP3",3.55254145225697,-1.03660655951998,0.383864854843983,-2.70044664532077,0.00692464429360166,0.0306802475408281,"BNIP3","In_VIP"
"PKP2",6.83226623742403,-1.02107410805258,0.378192770177488,-2.6998773867977,0.00693650351750319,0.0307087056194166,"PKP2","In_VIP"
"DMXL1",11.1782468474912,0.593432399954599,0.220054495302867,2.69675199835315,0.0070019396094133,0.030974124395909,"DMXL1","In_VIP"
"EEF1D",6.87483770818838,0.945092610553729,0.350696013718378,2.69490548390628,0.00704086000008933,0.0311219234276249,"EEF1D","In_VIP"
"FNBP1",12.1058879757154,0.441655874372216,0.163982263625617,2.69331490252231,0.00707454152009441,0.0312463526559917,"FNBP1","In_VIP"
"CEP192",6.64574854986925,-0.683646089931315,0.253855980745767,-2.69304701005243,0.00708022851801461,0.0312470397642692,"CEP192","In_VIP"
"SCP2",4.69500972869742,-0.795627892882098,0.295496686983264,-2.69251036620644,0.00709163309581408,0.0312729393897375,"SCP2","In_VIP"
"UBXN1",3.67298231241203,0.806178358573033,0.29947929958895,2.6919334981735,0.00710391089633296,0.0312782483658495,"UBXN1","In_VIP"
"SUGT1",4.35611489791645,-0.985006418368822,0.365895456799227,-2.69204331473651,0.00710157214019044,0.0312782483658495,"SUGT1","In_VIP"
"ODF2",3.26647819441894,1.06990730305266,0.397494088701852,2.69163072725633,0.00711036257058242,0.0312822727112306,"ODF2","In_VIP"
"DYM",14.557965794122,0.452491123736364,0.168202733739702,2.69015320783434,0.0071419222178357,0.0313966681778629,"DYM","In_VIP"
"ANKS1A",9.56905996448879,0.549240307758017,0.204220500956999,2.68944746087791,0.00715704122359591,0.0314202300232653,"ANKS1A","In_VIP"
"GRIN2A",36.7248266609932,-0.343634339240274,0.127774376158124,-2.68938381522614,0.00715840609664409,0.0314202300232653,"GRIN2A","In_VIP"
"NFATC2",1.04794526648334,3.8657458451814,1.43833306411578,2.68765694234935,0.00719552795513661,0.0315586470641046,"NFATC2","In_VIP"
"SLC44A1",11.1003292987706,0.667173487092196,0.248301191825544,2.68695241527858,0.00721072243680429,0.031600753332434,"SLC44A1","In_VIP"
"EIF1AX",6.79216484932484,-0.772190168460994,0.287697225641331,-2.68403759104607,0.00727389271695545,0.0318528836884352,"EIF1AX","In_VIP"
"ATP5MJ",9.47164800341218,-0.612521053916383,0.228253470570513,-2.68351255464114,0.00728532398030204,0.0318782301818174,"ATP5MJ","In_VIP"
"CBX3",3.57405084225452,-0.914934138090595,0.341022764430295,-2.68291220857078,0.00729841466219102,0.0318922930786428,"CBX3","In_VIP"
"UBAP2",3.56854770486935,0.906824861707404,0.338008364872024,2.68284739654518,0.00729982916457516,0.0318922930786428,"UBAP2","In_VIP"
"MSRA",19.8351924818989,-0.560253910637419,0.209091950415993,-2.67946188039656,0.00737405989046452,0.0321913305464573,"MSRA","In_VIP"
"LRP6",4.06514024524235,0.736638479193125,0.27494644724209,2.67920712044886,0.00737967304968353,0.0321913305464573,"LRP6","In_VIP"
"NAA50",2.64291373489849,0.991157262760837,0.370440227548284,2.67561994905547,0.00745911762358151,0.0325127742713055,"NAA50","In_VIP"
"RALGPS2",7.94677221186508,0.759704241474527,0.283977853771362,2.67522354784111,0.00746794356071149,0.0325261473974242,"RALGPS2","In_VIP"
"SH3GL2",3.98781189597837,-0.872896960869896,0.326360998289567,-2.67463626304822,0.0074810367684857,0.032558071421553,"SH3GL2","In_VIP"
"ENSG00000277954",2.28305115554113,-1.20467033011391,0.450617113412062,-2.67337900461032,0.00750913592127307,0.0326552030941275,"ENSG00000277954","In_VIP"
"NDUFAF5",2.89070353644687,-1.00012228990032,0.374257941219612,-2.67228074477504,0.00753375893258372,0.0327370801616657,"NDUFAF5","In_VIP"
"ZNF322",3.30678096191778,-0.991418318361394,0.371252457087644,-2.67046937854298,0.00757452800602465,0.0328889382828849,"ZNF322","In_VIP"
"SPRED1",3.36414429936636,-0.982204584997269,0.367933470200041,-2.66951681363279,0.00759604699092996,0.03295704258968,"SPRED1","In_VIP"
"FRMPD4",65.4050611039619,-0.502124520291045,0.188119006100478,-2.66918548369775,0.00760354476030354,0.0329642550659668,"FRMPD4","In_VIP"
"ARIH1",12.1678472903444,0.592560940306848,0.222063063228849,2.66843540609983,0.00762054301817316,0.0330126131209051,"ARIH1","In_VIP"
"MCM3AP",3.30250162248614,0.838398395060135,0.314252151553155,2.66791616514461,0.00763233000071722,0.0330383388306909,"MCM3AP","In_VIP"
"TSPYL1",6.29005659999843,-1.09507944053732,0.410615135601036,-2.66692419638746,0.00765489354005075,0.0330877301854606,"TSPYL1","In_VIP"
"CENPP",4.50707229748779,0.863097694916725,0.323633370920291,2.66689956126094,0.0076554546561156,0.0330877301854606,"CENPP","In_VIP"
"EVA1C",7.43828965832635,0.55089143270894,0.206666775636154,2.66560230115948,0.00768505457931378,0.0331902701212107,"EVA1C","In_VIP"
"ZNF462",2.06938565679063,-1.46492538111727,0.550216020585253,-2.66245497460991,0.00775729469634379,0.0334589432635837,"ZNF462","In_VIP"
"MED27",6.2846839620326,0.776582882013773,0.291687884702917,2.66237619983676,0.00775911058157102,0.0334589432635837,"MED27","In_VIP"
"UBE2R2",6.92806300902726,0.631972059709257,0.237432152367343,2.66169536605768,0.00777482077402859,0.033501115600677,"UBE2R2","In_VIP"
"TRNAU1AP",4.43948800134246,0.83545620277448,0.314133996309492,2.65955360638958,0.0078244277528472,0.0336610298459614,"TRNAU1AP","In_VIP"
"SMARCAD1",7.3867578557213,-0.750313381259437,0.282144615968447,-2.65932198877524,0.00782980938530594,0.0336610298459614,"SMARCAD1","In_VIP"
"ATF7IP",7.25040012891285,-0.657565451974645,0.247236464651218,-2.65966208869022,0.00782190830761601,0.0336610298459614,"ATF7IP","In_VIP"
"DNAJC11",2.91365569337991,0.928166917543262,0.349452288007542,2.6560619271814,0.00790590947386922,0.0339365369436833,"DNAJC11","In_VIP"
"DUBR",3.72451086088855,-0.944513557836171,0.355583976386425,-2.6562320592583,0.00790192173134173,0.0339365369436833,"DUBR","In_VIP"
"TARS3",8.62156273139189,0.551038887022498,0.207498019835564,2.65563443670056,0.00791593742123744,0.0339537816951938,"TARS3","In_VIP"
"KANTR",4.16285892316919,-0.887586138364094,0.334566052319846,-2.65294739920463,0.00797923043085929,0.0341992964369682,"KANTR","In_VIP"
"GOT1",4.26668514716545,-0.837050962479566,0.315591581733834,-2.65232348049615,0.00799399147328756,0.0342365866812748,"GOT1","In_VIP"
"PGBD5",5.30263331591077,0.797908618462249,0.301028976858152,2.650604027526,0.008034797951536,0.0343798984944974,"PGBD5","In_VIP"
"SLC29A4",4.16361595137469,0.767003609183781,0.289391520511954,2.6504011168914,0.00803962575875925,0.0343798984944974,"SLC29A4","In_VIP"
"FAF1",22.1626538024991,0.356413980596855,0.134525822866397,2.64940940707588,0.00806325867473936,0.0344288346588077,"FAF1","In_VIP"
"NKTR",20.3377248499001,0.473160133523428,0.178589266621446,2.64943208779944,0.00806271748812686,0.0344288346588077,"NKTR","In_VIP"
"ALDH2",3.93978795127787,0.830801817607752,0.313720864100595,2.64821984342538,0.00809168857397088,0.0344980745315936,"ALDH2","In_VIP"
"EID1",8.05346244984502,-0.996381726007613,0.376221543193069,-2.64839093888967,0.00808759397163164,0.0344980745315936,"EID1","In_VIP"
"CHUK",2.04070295306984,1.23063175670873,0.464932851381833,2.64690213447202,0.00812328580064466,0.0346066677887192,"CHUK","In_VIP"
"BICC1",6.54510436471897,-0.870933611103718,0.329319850208809,-2.64464352984338,0.00817770165020492,0.034812235585537,"BICC1","In_VIP"
"TMCC1",14.0135070618543,0.487839169182007,0.184488208569631,2.64428373479426,0.00818640013883321,0.0348230228797205,"TMCC1","In_VIP"
"TTC8",3.6007774964963,0.844253182076695,0.319322389592,2.64388971645678,0.00819593551633882,0.0348253776301203,"TTC8","In_VIP"
"HSF4",3.76217819454882,0.808108117996136,0.305667203156251,2.64375147105019,0.00819928345690564,0.0348253776301203,"HSF4","In_VIP"
"NAV3",39.8831873468826,-0.400436124054434,0.151529893720008,-2.64262129553359,0.00822669927258975,0.0349155703913294,"NAV3","In_VIP"
"INO80",4.72113245469515,0.793537221334851,0.30041979842227,2.64142784697384,0.00825573898913942,0.0350125146769134,"INO80","In_VIP"
"CCNL2",5.87910506435371,0.665832283341081,0.252160279024945,2.64051216121637,0.00827808216225846,0.0350809348346572,"CCNL2","In_VIP"
"PEX11B",2.03080407754709,1.23445294841986,0.467705002691784,2.63938367414334,0.00830569220575289,0.0351452099402982,"PEX11B","In_VIP"
"CHD4",3.67226356282205,0.819998006673553,0.310663388082498,2.63950641797481,0.00830268511498782,0.0351452099402982,"CHD4","In_VIP"
"SGSM3",5.17002318357366,0.729203217527905,0.276403025007723,2.638188266961,0.00833502937971916,0.0352429498248754,"SGSM3","In_VIP"
"MRPS5",3.20230262589464,-0.963763351000631,0.365664440420548,-2.63564964067114,0.00839763893109979,0.035481123651296,"MRPS5","In_VIP"
"BLTP1",18.7610955406801,0.447232714096981,0.169813315373689,2.63367282543661,0.00844668362827644,0.0356616710135528,"BLTP1","In_VIP"
"ANKRD55",4.98220592340388,-0.809768692375696,0.307907675902908,-2.62990745521732,0.0085408114763595,0.0360105776485721,"ANKRD55","In_VIP"
"ZNF791",3.30483903349621,0.997964347484561,0.37947472618155,2.62985721743985,0.00854207365004189,0.0360105776485721,"ZNF791","In_VIP"
"TRA2A",12.4790438774709,-0.535117791997644,0.203522284377216,-2.62928353833645,0.00855649859113934,0.0360250644565548,"TRA2A","In_VIP"
"CLASRP",4.06532396958815,0.759483645408768,0.288863450735036,2.62921336526377,0.00855826456022244,0.0360250644565548,"CLASRP","In_VIP"
"PCDH7",37.1588444918334,-0.527748978887927,0.200813437122053,-2.62805610247668,0.00858743516523201,0.0361006662959268,"PCDH7","In_VIP"
"MTUS1",9.39177471524155,-0.714252764804134,0.271786312130259,-2.62799387947769,0.00858900610758111,0.0361006662959268,"MTUS1","In_VIP"
"ANO10",10.2119692196393,-0.523675444035534,0.19930081757549,-2.62756294934505,0.00859989284139988,0.0361195499338795,"ANO10","In_VIP"
"DIP2C",19.0082120820535,0.456410653714578,0.173743965836849,2.62691513639767,0.00861628197040678,0.0361614984032897,"DIP2C","In_VIP"
"ENSG00000290421",2.69726220639271,1.14134088777051,0.43462282357891,2.62604913007585,0.00863823481756367,0.0362267175088472,"ENSG00000290421","In_VIP"
"H3-3B",14.9055124666823,-0.701355339573416,0.267207947541936,-2.62475478751748,0.008671138991081,0.0363377330568372,"H3-3B","In_VIP"
"GRIN2B",48.4064131175556,-0.396495576811627,0.151081478507384,-2.62438242416491,0.00868062576519217,0.0363505225704748,"GRIN2B","In_VIP"
"RAB30",2.83156481291508,-1.06813851883058,0.407444858586199,-2.62155355828255,0.00875300078636896,0.0366103903909078,"RAB30","In_VIP"
"ALG13",4.22156483840514,-0.968628643619734,0.369501008240022,-2.62145061046905,0.00875564478989493,0.0366103903909078,"ALG13","In_VIP"
"SGMS1",6.94261752439883,0.574661612094029,0.219353208039318,2.61980035409841,0.00879812576303845,0.0367608080143522,"SGMS1","In_VIP"
"RAD54L2",6.49748052456916,0.597781447623806,0.228337994849223,2.61796749164998,0.00884552315332357,0.0369315301501292,"RAD54L2","In_VIP"
"CUTA",5.06185326887573,-1.13430734242222,0.433565391833712,-2.61623128549261,0.00889063127986218,0.0370650746125029,"CUTA","In_VIP"
"DDIT3",2.75083121832995,1.40718917894671,0.537825138841692,2.61644366787568,0.00888510239520293,0.0370650746125029,"DDIT3","In_VIP"
"DIRC3-AS1",25.725936293145,-0.439327688636248,0.168041270526457,-2.61440351682582,0.00893834018638209,0.0372364924136227,"DIRC3-AS1","In_VIP"
"OSBP",2.84546012480725,0.885613064206359,0.338846888639425,2.6136083697341,0.00895916660660794,0.0372957495657541,"OSBP","In_VIP"
"PACSIN1",4.11535994687848,0.759375855956587,0.290630414749279,2.61285748985248,0.00897887335836863,0.037350261856719,"PACSIN1","In_VIP"
"SSBP1",4.43913754416143,0.764002786640837,0.29244698921645,2.61244880204724,0.00898961558092479,0.0373674307701575,"SSBP1","In_VIP"
"NPRL3",3.81608109685614,0.924644703471556,0.354110780196961,2.61117355127471,0.00902320893839743,0.0374794906566228,"NPRL3","In_VIP"
"NCOR1",14.8898444428722,0.431002416095417,0.165086931652009,2.61076035384763,0.00903411763130078,0.0374972303447598,"NCOR1","In_VIP"
"ANKRD54",2.77352045712756,0.906633579176436,0.347708425661836,2.6074535796788,0.00912184379030027,0.0378335503461132,"ANKRD54","In_VIP"
"NCAM1",63.2418275070541,-0.258828644098011,0.099330873032791,-2.60572202977182,0.00916808315873053,0.0379974334289573,"NCAM1","In_VIP"
"ZFHX4",3.15333533249598,-0.929063646109787,0.356732879681705,-2.60436785905113,0.00920439064814585,0.0381199433807741,"ZFHX4","In_VIP"
"ACO1",3.78816173423812,0.771406817046795,0.296294158031128,2.60351679618925,0.00922727462564425,0.0381587660031218,"ACO1","In_VIP"
"HERC4",11.0606360041407,0.587098170068956,0.225486633057832,2.60369389576356,0.00922250846827517,0.0381587660031218,"HERC4","In_VIP"
"COPS4",5.67125917668187,0.627582406419364,0.241107271567527,2.60291778982533,0.00924341156185087,0.0381975361469609,"COPS4","In_VIP"
"DPY19L3",3.08465760774177,0.927010362871884,0.356189752027308,2.60257449181417,0.0092526711895826,0.0382078505482106,"DPY19L3","In_VIP"
"CLU",27.7730083398002,-0.644193907868735,0.247634743658609,-2.6013874238779,0.00928475328695209,0.0383006010667066,"CLU","In_VIP"
"ECD",1.93229306206319,1.13906805090214,0.437893930613962,2.60124192473979,0.0092886924166026,0.0383006010667066,"ECD","In_VIP"
"FNDC3B",3.55158425413145,1.06900659551519,0.411058874371128,2.60061675386682,0.00930563477730715,0.0383424732727995,"FNDC3B","In_VIP"
"KAT2B",7.40492418579009,0.763460039529327,0.293598487222597,2.60035413244652,0.00931276013496492,0.0383438644332484,"KAT2B","In_VIP"
"TBC1D23",4.11163515415595,0.828212553656809,0.31865694079614,2.59907269425101,0.00934759756700318,0.0384007670577601,"TBC1D23","In_VIP"
"LARS1",5.73266671224796,-0.732961945720987,0.28197572758243,-2.59937957073528,0.00933924419106355,0.0384007670577601,"LARS1","In_VIP"
"LHFPL3",9.01685728521402,-0.801868407130235,0.308589358215289,-2.59849662920264,0.00936329643257874,0.0384007670577601,"LHFPL3","In_VIP"
"ATM",8.33686961538972,0.891212647936984,0.3429434556956,2.5987160073643,0.00935731519041314,0.0384007670577601,"ATM","In_VIP"
"DLGAP4",9.79000352548394,0.627241314648089,0.241400097436751,2.59834739632792,0.00936736714561752,0.0384007670577601,"DLGAP4","In_VIP"
"IL13RA2",1.33804091752762,2.1780157834664,0.838004970332473,2.59904876531017,0.0093482492082843,0.0384007670577601,"IL13RA2","In_VIP"
"ODAD4",0.900072284940187,2.22628488342226,0.85697003468092,2.59785615987283,0.00938077804644666,0.0384278572765607,"ODAD4","In_VIP"
"VIRMA",2.38608999802394,1.10652274728667,0.425992458471834,2.59751722191541,0.00939004113636065,0.0384379292603633,"VIRMA","In_VIP"
"LUZP1",4.10188416443611,-0.774273391545409,0.298309108074863,-2.59554056710565,0.00944422535174694,0.0386317371556977,"LUZP1","In_VIP"
"FARSB",4.62676122712687,0.724556755217738,0.279202250567538,2.59509639963475,0.00945643921156355,0.0386537084704215,"FARSB","In_VIP"
"DPYD",6.16427322410188,-0.851272459916723,0.328141360308198,-2.59422481554044,0.00948044726535217,0.0387238225610805,"DPYD","In_VIP"
"MFSD14B",2.34224925983645,0.995592288619078,0.383887147215017,2.59345043417524,0.00950182342894757,0.0387830928830382,"MFSD14B","In_VIP"
"ESF1",14.631867801883,-0.553681540509813,0.213724637560079,-2.59063038698181,0.00958003226986059,0.0390740810775758,"ESF1","In_VIP"
"CAMSAP1",3.66672272068138,0.783192237485721,0.302431407626314,2.58965245585021,0.00960728712930201,0.03912874188423,"CAMSAP1","In_VIP"
"ZFAND6",2.89914696873367,-1.14596369241809,0.442506312905889,-2.58971151144189,0.00960563929564175,0.03912874188423,"ZFAND6","In_VIP"
"RIC3",7.64629891227835,0.679270240537535,0.262344686086163,2.58922812835035,0.00961913459215468,0.0391487689561108,"RIC3","In_VIP"
"SLC25A37",3.36704190639102,-0.912319968820234,0.352394786776989,-2.5889144875392,0.00962789999054312,0.0391562325749302,"SLC25A37","In_VIP"
"VDAC2",3.45109796462001,-0.973139618137267,0.375961185930291,-2.58840448045002,0.00964216849143841,0.0391860502216803,"VDAC2","In_VIP"
"SLC24A3",30.0640197681798,-0.523757641015288,0.202505012410458,-2.58639346641792,0.00969861465070554,0.0393871129847847,"SLC24A3","In_VIP"
"SCN3A",24.2897290257036,-0.37820157372372,0.146352871718902,-2.58417596649642,0.00976119785612559,0.0395519437307031,"SCN3A","In_VIP"
"ADD1",9.39444124686108,0.559246309304774,0.216390202099964,2.58443452558182,0.00975388220459051,0.0395519437307031,"ADD1","In_VIP"
"MLXIP",3.2384252801263,0.868763495186877,0.336199193095526,2.58407370698249,0.009764092528399,0.0395519437307031,"MLXIP","In_VIP"
"IQCK",4.4053743656666,1.04644735066461,0.404977581016658,2.58396365556236,0.00976720862176151,0.0395519437307031,"IQCK","In_VIP"
"LONRF1",6.35856789588376,1.08224652051091,0.419539531898433,2.57960558713908,0.00989132149646137,0.0400258417861821,"LONRF1","In_VIP"
"RAB5B",2.81417224130464,1.10595390990235,0.428812545796047,2.57910809920279,0.009905578370101,0.040026188993348,"RAB5B","In_VIP"
"GLG1",12.3196810701327,0.462238289219304,0.179222067854081,2.57913712721833,0.00990474599047646,0.040026188993348,"GLG1","In_VIP"
"BMPR2",15.5125961147971,0.429302011886582,0.166533813348574,2.57786694037928,0.00994122700385796,0.0401128509605669,"BMPR2","In_VIP"
"RHOT2",6.36173838919349,0.786374005261106,0.305043774112994,2.57790544176069,0.00994011944965655,0.0401128509605669,"RHOT2","In_VIP"
"CFAP44",3.59305641567602,-0.864147691091382,0.33527835918278,-2.57740372267893,0.00995456082679914,0.0401379829483143,"CFAP44","In_VIP"
"PCYOX1",3.6152975218712,-0.96338854099299,0.373927070301593,-2.57640758722273,0.00998328878356137,0.0402251058048061,"PCYOX1","In_VIP"
"RAB11FIP2",4.44839223513002,-0.873100955099063,0.338961807499016,-2.57580923804107,0.0100005802991702,0.0402380804093496,"RAB11FIP2","In_VIP"
"LMBR1L",2.96218202353732,0.888600918159138,0.34498012845972,2.57580319807577,0.0100007549822494,0.0402380804093496,"LMBR1L","In_VIP"
"DPYSL5",4.79412440599351,0.772593401346859,0.300187055038718,2.57370658853764,0.0100615559138632,0.0403963961317793,"DPYSL5","In_VIP"
"PCSK5",4.01910345054852,-0.812739138749868,0.315776341858261,-2.57378096777963,0.0100593933228884,0.0403963961317793,"PCSK5","In_VIP"
"EIF1",16.7418624406453,-0.538843102163208,0.20933303209952,-2.57409495653335,0.0100502686000691,0.0403963961317793,"EIF1","In_VIP"
"CDH20",13.1963517962651,-0.695366019905535,0.270670963851444,-2.56904549350622,0.0101979068588914,0.0409147555723564,"CDH20","In_VIP"
"ENAH",13.7604483356758,0.444242293493224,0.173014199895253,2.56766377419991,0.010238641147379,0.0410490304056382,"ENAH","In_VIP"
"GNG12-AS1",2.4672263833922,0.912621883580932,0.355510871693358,2.5670716600985,0.0102561414747328,0.0410900306317487,"GNG12-AS1","In_VIP"
"SLF1",8.03176095351991,0.888712252310739,0.346293878461291,2.56635276447741,0.0102774246986352,0.0411169774239308,"SLF1","In_VIP"
"KANK1",5.93999081422906,0.93340822132711,0.363691016062749,2.56648688062744,0.0102734511501738,0.0411169774239308,"KANK1","In_VIP"
"RDX",7.78937226461284,0.586013346273215,0.228390590993802,2.56583838994102,0.0102926771025344,0.0411321603232328,"RDX","In_VIP"
"ELOB",7.03351346508912,-0.660991972641944,0.257622979252088,-2.56573374999733,0.010295782385741,0.0411321603232328,"ELOB","In_VIP"
"BTD",9.48744447734349,0.62217502958748,0.24295247533967,2.56089191401578,0.0104403832106056,0.0416803708527992,"BTD","In_VIP"
"TMOD1",4.98498798584717,0.772221275586325,0.301719367343247,2.55940240888752,0.0104852290865352,0.0417649206394058,"TMOD1","In_VIP"
"FAM81A",3.16780621857397,0.880256558425964,0.343956808651132,2.55920666864539,0.0104911351367174,0.0417649206394058,"FAM81A","In_VIP"
"CCDC47",3.7259269694696,1.00297174949026,0.391868639171417,2.55945908713437,0.0104835194919549,0.0417649206394058,"CCDC47","In_VIP"
"MARK4",4.65946529520368,0.789362428699013,0.308399511129754,2.55954500643453,0.0104809283679226,0.0417649206394058,"MARK4","In_VIP"
"RABGEF1",14.4732505681199,0.524055452604951,0.204910401606551,2.55748584989449,0.0105431847317611,0.041942570809661,"RABGEF1","In_VIP"
"ACVR2A",7.11281474739488,-0.658297719480859,0.257568850692873,-2.55581262140202,0.0105940149946965,0.0420855068249231,"ACVR2A","In_VIP"
"CFAP20",1.6238404880351,1.38444414526489,0.541673905255271,2.5558627281712,0.0105924896633691,0.0420855068249231,"CFAP20","In_VIP"
"SOX2",3.49465498518634,-1.08709417521161,0.425649382403426,-2.55396629280497,0.0106503566288695,0.0422795956405366,"SOX2","In_VIP"
"NDUFB11",4.03001602187155,-0.923636642021779,0.36188087585825,-2.55232233488783,0.0107007469090326,0.0424498028715766,"NDUFB11","In_VIP"
"KCTD16",18.8334300751706,-0.462925334390178,0.181642915625523,-2.54854604593856,0.0108173005594093,0.0428171023167694,"KCTD16","In_VIP"
"RP9P",3.25108687130891,0.933447165737293,0.366245627639525,2.54869163013199,0.0108127863312152,0.0428171023167694,"RP9P","In_VIP"
"LINC02930",5.90960623294569,0.785325740873872,0.308092635530444,2.54899225202762,0.0108034700423201,0.0428171023167694,"LINC02930","In_VIP"
"VWCE",1.6121232640812,1.32899176315815,0.521512482340793,2.54834123469684,0.0108236541172503,0.0428171023167694,"VWCE","In_VIP"
"TRAK2",5.03311830473896,-0.830318311663248,0.326011767336568,-2.54689675298145,0.0108685584243898,0.0429646511822099,"TRAK2","In_VIP"
"SERP2",6.190012816865,-1.02326995751238,0.401907845051158,-2.54603131069047,0.0108955415038016,0.0430411985699127,"SERP2","In_VIP"
"ENSG00000290928",23.1410475710404,0.440150854127856,0.172996770805144,2.54427208137673,0.0109505749920968,0.0432283704614641,"ENSG00000290928","In_VIP"
"SENP6",14.3686213136078,0.514201181719326,0.202129838655133,2.54391526328103,0.0109617673194483,0.0432423349075165,"SENP6","In_VIP"
"GPR137B",2.90596800381821,0.86948552145898,0.341836721853452,2.54356968070778,0.0109726169106684,0.043254928770667,"GPR137B","In_VIP"
"RIPK2-DT",4.12635571574901,-1.05896794141536,0.416473041519515,-2.5427046551481,0.0109998163006427,0.0433319123307747,"RIPK2-DT","In_VIP"
"POMP",4.63838982320068,-0.752917395141344,0.296138306952901,-2.54245187962492,0.0110077757384785,0.0433330488826935,"POMP","In_VIP"
"GLT1D1",2.29527130713421,1.04435489319817,0.411045793711803,2.54072638420039,0.011062245251867,0.0435171472338418,"GLT1D1","In_VIP"
"SETD2",9.53597907154888,0.48686971486343,0.191678829952859,2.54002862487823,0.0110843396491073,0.0435737193304155,"SETD2","In_VIP"
"RAB2A",9.21190767655172,-0.77169627799059,0.304123173671494,-2.53744648483826,0.0111664438990705,0.043865953814916,"RAB2A","In_VIP"
"NSMAF",7.66810388767698,0.556019469410298,0.219253206206295,2.53596961718836,0.0112136462615741,0.0440207697926563,"NSMAF","In_VIP"
"HIPK2",9.46007443043248,0.742723395480181,0.292984378050258,2.5350272953897,0.0112438564570424,0.0441087118929391,"HIPK2","In_VIP"
"METTL16",3.36007026375211,0.941042716157604,0.371750960422858,2.53137938120507,0.0113614886680833,0.0445392432241515,"METTL16","In_VIP"
"SORBS2",12.8460740878397,0.596259092342924,0.235593819357676,2.53087748213671,0.0113777583305576,0.0445720921007766,"SORBS2","In_VIP"
"LINC02223",1.90245348894488,-1.58835106530519,0.627663714599715,-2.5305765306477,0.0113875239516183,0.0445794336816991,"LINC02223","In_VIP"
"AKAP9",27.1838959001943,0.514371074256518,0.203284280932108,2.53030422174307,0.0113963665566138,0.0445831542093569,"AKAP9","In_VIP"
"MEF2C",62.8232729377387,-0.315675636050012,0.124839469275575,-2.52865249974093,0.0114501331607042,0.0447228193984275,"MEF2C","In_VIP"
"CLIP1",9.57121149339631,0.487854971570818,0.192944105036277,2.52847824233393,0.011455818670477,0.0447228193984275,"CLIP1","In_VIP"
"ALKBH1",2.02194551865188,1.13945112055122,0.450564156517387,2.52894311291548,0.0114406568736415,0.0447228193984275,"ALKBH1","In_VIP"
"ZNF586",3.04179291216772,0.992654588939651,0.392815530671925,2.52702480281693,0.0115033378471481,0.0448773173332458,"ZNF586","In_VIP"
"ESYT2",11.6695434231552,0.739497899790436,0.29275646247254,2.52598317914092,0.0115375005225002,0.0449795310225009,"ESYT2","In_VIP"
"ANGPT1",4.49432721421348,0.933716245186682,0.369705427266559,2.5255681316073,0.011551138118736,0.0450016408501655,"ANGPT1","In_VIP"
"HEATR1",3.07753725725297,0.821400851659179,0.325355010783438,2.52462947990655,0.0115820330254789,0.0450909059689388,"HEATR1","In_VIP"
"SEMA5A",9.27750744108454,-0.6083340069576,0.240997373432636,-2.52423500842694,0.0115950385788303,0.0451104496775567,"SEMA5A","In_VIP"
"SYT1",121.013663038608,-0.337324735720076,0.133654911358407,-2.52384841149241,0.0116077970829803,0.045129006002585,"SYT1","In_VIP"
"INSYN2B",3.51010834074297,0.750796057540367,0.297659270400213,2.52233386358469,0.0116579003882182,0.0452614977959071,"INSYN2B","In_VIP"
"NEK9",4.06289524855561,-0.756921544059758,0.300066335616315,-2.52251403845451,0.0116519299206821,0.0452614977959071,"NEK9","In_VIP"
"PRKAR1A",8.20487919476968,0.890326128687362,0.353119164585096,2.52131919753907,0.0116915741573551,0.0453610593508923,"PRKAR1A","In_VIP"
"MCF2L2",13.7553447987412,0.681499613887418,0.270374717686514,2.52057448166283,0.0117163439546142,0.0453973794773908,"MCF2L2","In_VIP"
"ARID1B",40.1767579875831,-0.287676846753368,0.114144493875726,-2.52028667336836,0.0117259291343881,0.0453973794773908,"ARID1B","In_VIP"
"TMEM106B",8.28381540053366,-0.828712942442188,0.328838011237649,-2.52012515014052,0.0117313115576454,0.0453973794773908,"TMEM106B","In_VIP"
"USP25",4.88631319887445,0.651461162387734,0.258508941392812,2.52007206744087,0.0117330809058224,0.0453973794773908,"USP25","In_VIP"
"NDFIP1",20.4747982457548,0.474356100163588,0.188566498075384,2.51559054765897,0.0118833147999544,0.0459471904893516,"NDFIP1","In_VIP"
"LEMD3",2.86918774428202,0.829792933440983,0.330091252565429,2.51382890940591,0.0119428356282719,0.0461457445034937,"LEMD3","In_VIP"
"CACNG2",8.69199426720446,-0.564636438334565,0.224646228447828,-2.51344721981699,0.0119557666369903,0.0461641324212974,"CACNG2","In_VIP"
"USP45",2.6316123805032,1.01819129259174,0.405216551028585,2.51270904410792,0.0119808100240689,0.0462292321215609,"USP45","In_VIP"
"RALGDS",3.54298139214857,0.788028519961211,0.314003559335415,2.50961652036386,0.0120862333883932,0.0466041859460979,"RALGDS","In_VIP"
"GIGYF1",3.80133990953294,0.843136153367874,0.336579223759076,2.50501544317362,0.012244604695539,0.0471821432070033,"GIGYF1","In_VIP"
"KIAA1671",3.05160429401266,0.840516457360641,0.335565238891625,2.50477808767343,0.0122528242316647,0.0471821432070033,"KIAA1671","In_VIP"
"SMG6",7.4652298723163,0.56089027834735,0.223950386922886,2.50452917744002,0.0122614491550023,0.0471831922865178,"SMG6","In_VIP"
"ZNF518A",11.0076559979666,-0.546303121275241,0.218211986115146,-2.50354314169969,0.0122956689034835,0.0472826641496109,"ZNF518A","In_VIP"
"ARHGAP17",2.9962102525327,0.828805795587652,0.331105768272422,2.5031451427501,0.0123095051554381,0.047303669811612,"ARHGAP17","In_VIP"
"PPWD1",4.91604922406204,0.848937081621125,0.33930024365491,2.50202320068048,0.0123485832320203,0.0473204645240587,"PPWD1","In_VIP"
"AHI1",79.1770164024314,0.517591642434838,0.206904142503328,2.50160115777534,0.0123633117199996,0.0473204645240587,"AHI1","In_VIP"
"DDHD2",3.49090405639166,0.878275147124008,0.35098007565917,2.50235044104579,0.012337173870658,0.0473204645240587,"DDHD2","In_VIP"
"BLTP3B",5.32998445762991,0.681768489362783,0.272417064837002,2.50266439722017,0.0123262364457984,0.0473204645240587,"BLTP3B","In_VIP"
"SMARCE1",2.19750232637299,0.985466984843325,0.3939513012193,2.50149442784743,0.012367038854006,0.0473204645240587,"SMARCE1","In_VIP"
"SAT1",3.97887939364323,-0.866462684024532,0.346279851616425,-2.50220357892585,0.0123422931195205,0.0473204645240587,"SAT1","In_VIP"
"FRMPD3",5.53747951025932,-0.667786022700656,0.266971555652652,-2.50133772142187,0.0123725130292148,0.0473204645240587,"FRMPD3","In_VIP"
"FBXO34",3.1735438390999,0.824216276495006,0.329559468836066,2.5009637241071,0.0123855864317651,0.0473307232316049,"FBXO34","In_VIP"
"RASL10A",1.11232697437641,1.58314834783312,0.633061385023679,2.50078173347108,0.0123919524977064,0.0473307232316049,"RASL10A","In_VIP"
"BCLAF3",3.48313880241885,-0.846787925970866,0.338933100067166,-2.49839253175054,0.0124757963828758,0.0476187660586929,"BCLAF3","In_VIP"
"PLS1",3.67283102880711,-0.811025731032139,0.324783643570568,-2.49712615486414,0.012520440537615,0.0477568997953999,"PLS1","In_VIP"
"HAGH",5.61788170981927,0.665381285802097,0.266488907309865,2.49684421208726,0.0125303992251859,0.0477626351032895,"HAGH","In_VIP"
"SLC25A51",1.93725801982462,1.19457110212713,0.478619413172466,2.49586846928977,0.0125649182421862,0.0478619171612337,"SLC25A51","In_VIP"
"YWHAQ",5.46106411293359,-0.679805748289707,0.27288736271235,-2.49115877530133,0.0127327205574267,0.0484684221219025,"YWHAQ","In_VIP"
"XPA",3.73647344283788,-0.77807205036749,0.312457818776271,-2.49016668366559,0.0127683197843679,0.0485712043514438,"XPA","In_VIP"
"SGSM1",6.17397944259958,0.610757820953735,0.245386793802627,2.48895961958323,0.012811751629546,0.0487036237922648,"SGSM1","In_VIP"
"CEP350",9.49077766166972,0.543327997106411,0.218466408704548,2.4870093316781,0.0128822019916869,0.0489385064230257,"CEP350","In_VIP"
"ENSG00000271904",3.93068939330535,1.03375364513469,0.415782144946729,2.48628676747804,0.012908390109076,0.0490050374503833,"ENSG00000271904","In_VIP"
"BIRC6",23.9615229009219,0.473285956788028,0.190435220982598,2.48528583287268,0.0129447451018143,0.0491052541747652,"BIRC6","In_VIP"
"DIRC3",5.23405418663296,-0.683756098618726,0.275144322978492,-2.48508161541161,0.0129521736095592,0.0491052541747652,"DIRC3","In_VIP"
"MXD4",5.07019770565546,0.775377624811847,0.312053804075292,2.48475620128881,0.0129640184962888,0.0491171968380521,"MXD4","In_VIP"
"SETD5",16.5552152840644,0.38604409801704,0.155562489386802,2.48160144221626,0.0130793475832748,0.0495209346500799,"SETD5","In_VIP"
"RC3H1",8.04174800435758,0.618751977853321,0.249407451861673,2.48088809389903,0.0131055510254211,0.0495869107452135,"RC3H1","In_VIP"
"SH3RF3",9.93043857356543,0.53545219312817,0.21592904945077,2.47975987709911,0.0131470886235535,0.049644320611266,"SH3RF3","In_VIP"
"MTX2",5.19270612467253,-0.75343194952672,0.303792789192996,-2.48008503272299,0.0131351054328956,0.049644320611266,"MTX2","In_VIP"
"TANGO6",3.65305437718854,0.807170525559993,0.325479698432189,2.47994123580694,0.0131404036908446,0.049644320611266,"TANGO6","In_VIP"
"PDZD2",7.32473252369226,0.566985395757979,0.228741358248887,2.47871832229421,0.0131855388853124,0.0497562519459785,"PDZD2","In_VIP"
"AP2A2",8.22083063591643,0.521447673315975,0.210434971292903,2.47795159764665,0.0132139069611887,0.0498300136340154,"AP2A2","In_VIP"
"SELENOK",4.94899783105632,-0.916766295091087,0.370210014743404,-2.47634115388939,0.0132736675960652,0.0499780398390173,"SELENOK","In_VIP"
"DHX29",6.99704532913626,0.580634051309636,0.234506604393259,2.47598165864844,0.0132870403849105,0.0499780398390173,"DHX29","In_VIP"
"HECTD2",10.26324296248,-0.557647662190874,0.225215902313758,-2.47605811340085,0.0132841953637519,0.0499780398390173,"HECTD2","In_VIP"
"BEX3",20.5509963499634,-0.521470838524133,0.210626278213236,-2.47581091470554,0.0132933960240148,0.0499780398390173,"BEX3","In_VIP"
"NDUFA1",4.84716100890851,-0.773071981968665,0.312263560660423,-2.47570347412184,0.0132973966857927,0.0499780398390173,"NDUFA1","In_VIP"
