"geneID","baseMean","log2FoldChange","lfcSE","stat","pvalue","padj","Symbol","celltype"
"DLX6-AS1",49.0536269797021,-2.74852225087365,0.199039936566946,-13.8088983461327,2.25249951344577e-43,1.27243697514551e-39,"DLX6-AS1","In_VIP"
"DMD",48.5648667854182,-1.02912597906296,0.105199729848825,-9.78259146237206,1.33741527784062e-22,2.51835296817389e-19,"DMD","In_VIP"
"INPP4B",61.4362248145638,-1.22198112636109,0.142980333611357,-8.54649793783969,1.26879697183104e-17,1.43348681877471e-14,"INPP4B","In_VIP"
"RTF1",13.9353676582229,1.35166815351262,0.164226684536175,8.23050259664034,1.86429563468075e-16,1.17015622670129e-13,"RTF1","In_VIP"
"RELN",14.2522535906138,-2.64707932716336,0.327807619160238,-8.07510006614405,6.74213325521772e-16,3.80863107587249e-13,"RELN","In_VIP"
"ENSG00000286778",14.3627521048468,-1.44272049247288,0.179644552515799,-8.03097267503284,9.67028918704307e-16,4.96613305614603e-13,"ENSG00000286778","In_VIP"
"PDE3A",21.5160024721159,-1.27870783687625,0.162473062145427,-7.87027597062029,3.53859795946808e-15,1.6657949894196e-12,"PDE3A","In_VIP"
"EPHA7",12.1254941964201,-2.17451533989933,0.276715013601749,-7.85832077412654,3.89317263265816e-15,1.69173324629892e-12,"EPHA7","In_VIP"
"KCTD8",14.2400593398263,-2.02554359101881,0.269008553064853,-7.52966241385822,5.08716736772419e-14,1.91582723068493e-11,"KCTD8","In_VIP"
"CASC6",5.0975167292229,-3.63541102176016,0.486418349470267,-7.4738361036735,7.78901431407246e-14,2.58824363883502e-11,"CASC6","In_VIP"
"IGF1",11.3444229146134,-1.62975510695976,0.217841587831022,-7.48137728514885,7.35476970320232e-14,2.58824363883502e-11,"IGF1","In_VIP"
"CCNH",78.3096361446158,-1.04025431086752,0.142838538398458,-7.28272861463799,3.27134904780649e-13,9.23992538552943e-11,"CCNH","In_VIP"
"CTNNA1",10.4725767565903,2.23932051768635,0.310407253265508,7.2141372153148,5.4277004267019e-13,1.35828671214706e-10,"CTNNA1","In_VIP"
"FBXO38-DT",6.0282375676325,-2.80897226446852,0.390465919091511,-7.19389869160436,6.29669241486069e-13,1.48208397714783e-10,"FBXO38-DT","In_VIP"
"ARL4C",15.8813807901488,-1.43039743293572,0.199943072276043,-7.15402347604672,8.42706449532349e-13,1.9041794933633e-10,"ARL4C","In_VIP"
"CPSF4",6.64797551328881,2.092369789579,0.2929601528191,7.14216513558081,9.18721291881579e-13,1.99609868378425e-10,"CPSF4","In_VIP"
"ZNF804A",54.0709434237951,-1.20719948635509,0.170468599438604,-7.08165310403614,1.42444873243286e-12,2.77472789293559e-10,"ZNF804A","In_VIP"
"ERCC1",3.51492858037348,2.58595760602475,0.364877795340926,7.0871882012128,1.36864204626852e-12,2.77472789293559e-10,"ERCC1","In_VIP"
"LINC02398",6.63774005085429,-2.00201899804444,0.293905726301782,-6.81177268383254,9.64033540279501e-12,1.75671789323836e-09,"LINC02398","In_VIP"
"SRGAP3",19.062040530542,1.13074192914414,0.166560445492999,6.78877824682372,1.13087104708291e-11,1.93584561968828e-09,"SRGAP3","In_VIP"
"LRFN5",19.5524129267123,-1.15286965716891,0.169993412635746,-6.78184900987443,1.1864744252368e-11,1.97129236122432e-09,"LRFN5","In_VIP"
"EPHA1-AS1",1.36166869398065,4.30596443956572,0.638272156152817,6.74628275424061,1.5168089489915e-11,2.44812964367228e-09,"EPHA1-AS1","In_VIP"
"ENSG00000286619",3.76991755930998,3.52045409611972,0.523860850464211,6.72020841603286,1.81464817849401e-11,2.77052636765207e-09,"ENSG00000286619","In_VIP"
"UQCRB",12.2964809793604,-1.44256694072964,0.214648617571599,-6.72059739797045,1.80981011293411e-11,2.77052636765207e-09,"UQCRB","In_VIP"
"RAP1GAP",11.3680782093804,1.50063924999174,0.224049637578248,6.69779815853374,2.11583226518665e-11,3.06470165795881e-09,"RAP1GAP","In_VIP"
"FAM135B",8.36039731885419,1.65888354501518,0.249588568831764,6.64647244374945,3.00200621402289e-11,4.23958327575383e-09,"FAM135B","In_VIP"
"SPG7",11.0754769169082,1.29747459318343,0.197862446232378,6.55745755644618,5.4732881341445e-11,7.5411230901908e-09,"SPG7","In_VIP"
"DNAH17",1.94766141904202,4.29226347931403,0.667503205727106,6.43032639017591,1.2733023541896e-10,1.67276395321326e-08,"DNAH17","In_VIP"
"CCDC7",3.39923363710353,-3.18453565441597,0.495760218853781,-6.42354011739538,1.33141034888412e-10,1.70934933201055e-08,"CCDC7","In_VIP"
"VWC2",15.3252867161569,-1.1027623596405,0.17216518310474,-6.40525767030154,1.50115638882558e-10,1.88445165343905e-08,"VWC2","In_VIP"
"ZIM2",4.99891818695846,2.51106471841164,0.392576928600955,6.39636345253512,1.59120996424738e-10,1.9540750191377e-08,"ZIM2","In_VIP"
"TRIM33",12.6913122371185,1.07732642619004,0.169304382386164,6.36325186038468,1.97526392662421e-10,2.32463873364586e-08,"TRIM33","In_VIP"
"CCK",115.894966080331,-1.56843832872499,0.247358952187778,-6.3407380846857,2.28666999220847e-10,2.63620383387462e-08,"CCK","In_VIP"
"YJEFN3",6.46288137243304,-1.96531862981735,0.311232368459238,-6.31463443068821,2.7080083920697e-10,2.94183450130802e-08,"YJEFN3","In_VIP"
"SCOC",3.08038869490462,-3.22213594216793,0.512220079485037,-6.29053032323005,3.16383238106337e-10,3.37216775860887e-08,"SCOC","In_VIP"
"GRIK1",25.3729763005628,-1.07492512065849,0.171742469580805,-6.2589359712959,3.87612961883047e-10,3.91004575299523e-08,"GRIK1","In_VIP"
"GULP1",8.22145591181371,1.71984829609296,0.277536530110861,6.19683576574937,5.76095577176635e-10,5.61097226805312e-08,"GULP1","In_VIP"
"ZNF451",10.2586433624193,1.20027224551682,0.194417058104021,6.17369821980652,6.67108196502614e-10,6.35658096222631e-08,"ZNF451","In_VIP"
"ENSG00000285783",6.07386890501913,-1.91977436196531,0.311232910450182,-6.16828843449896,6.90331350234583e-10,6.39292097946748e-08,"ENSG00000285783","In_VIP"
"SCG5",13.6241463059605,-1.47706983594654,0.241103587209636,-6.1262872653249,8.99533380155692e-10,8.19590978145081e-08,"SCG5","In_VIP"
"CACNA1E",18.9961317509298,1.20351687019526,0.19748862393309,6.09410732743277,1.1004981017209e-09,9.71361527597085e-08,"CACNA1E","In_VIP"
"GABRA1",19.0302012456935,-1.12374715085967,0.184557766438314,-6.08886405891388,1.13714621454987e-09,9.88267533229573e-08,"GABRA1","In_VIP"
"NDST3",8.73789756721542,-1.83011444234905,0.302506659823849,-6.04983190589831,1.44997044445535e-09,1.22251985682512e-07,"NDST3","In_VIP"
"FXYD6",44.7927119798204,-1.1084109841338,0.183573597539123,-6.03796514854253,1.56069761211166e-09,1.29652658982629e-07,"FXYD6","In_VIP"
"ENSG00000236540",1.10090858285605,4.45211164119233,0.74416554915065,5.98268980104458,2.19482519396594e-09,1.79689384358168e-07,"ENSG00000236540","In_VIP"
"PTPRZ1",9.89485751973638,-1.27178054352354,0.213053303983641,-5.96930683422395,2.38263660675157e-09,1.8296529418277e-07,"PTPRZ1","In_VIP"
"UNC13B",1.68161107485556,3.17983537738996,0.532783816721095,5.96834077461209,2.3967838147504e-09,1.8296529418277e-07,"UNC13B","In_VIP"
"HPSE2",9.13475482747175,-2.25364715676519,0.377377935338716,-5.97185724370034,2.34567747119188e-09,1.8296529418277e-07,"HPSE2","In_VIP"
"OGA",20.859956310246,1.00097540692319,0.167662185765324,5.97019180177131,2.36974833346428e-09,1.8296529418277e-07,"OGA","In_VIP"
"RAB11FIP3",7.45630716018766,1.78519912156235,0.298681362680459,5.9769351041572,2.27374721837314e-09,1.8296529418277e-07,"RAB11FIP3","In_VIP"
"PUS7L",11.5380387380817,-1.36748558187016,0.229416390713079,-5.96071439193903,2.51137573154269e-09,1.89156820099796e-07,"PUS7L","In_VIP"
"SRSF10",8.25099187214569,1.36214954740281,0.230126761754506,5.91912708029988,3.23654817904767e-09,2.40569219255793e-07,"SRSF10","In_VIP"
"ZFHX3",5.96965018768382,-1.79070125276274,0.30293199424891,-5.91123184991604,3.39558687418923e-09,2.45918849388397e-07,"ZFHX3","In_VIP"
"XACT",8.46646376972497,-1.98018414655177,0.335807852807967,-5.89677736834864,3.70669437229984e-09,2.65052107710403e-07,"XACT","In_VIP"
"GIT1",4.84726120473825,1.61380191784257,0.273943464305476,5.89100353948585,3.83857332112334e-09,2.71051258637822e-07,"GIT1","In_VIP"
"PPP1R13B",9.63150352046754,1.09827658224049,0.186944033367032,5.87489508201752,4.23111235160756e-09,2.95080909558408e-07,"PPP1R13B","In_VIP"
"CCDC184",3.09296831698107,-2.97219957586452,0.509562634510613,-5.8328444327929,5.44903678548795e-09,3.70862756641222e-07,"CCDC184","In_VIP"
"LHFPL6",8.39186863205892,-1.4895514012339,0.256143328158157,-5.81530431397445,6.05236783422063e-09,4.07021736851337e-07,"LHFPL6","In_VIP"
"MAPK8IP3",12.2471686271225,1.02197762704186,0.176095469078541,5.8035430007915,6.49280915196975e-09,4.29171792644564e-07,"MAPK8IP3","In_VIP"
"YWHAB",6.05823193851883,-1.96822943145351,0.339204208513239,-5.80249118983644,6.53368280535184e-09,4.29171792644564e-07,"YWHAB","In_VIP"
"SERPINI1",7.76944885876053,-1.58464003901043,0.274433497083725,-5.77422237390718,7.73092820199199e-09,5.01977165667273e-07,"SERPINI1","In_VIP"
"ENSG00000258526",9.36325166094904,-1.36041981495922,0.23598817342754,-5.76477962942045,8.17646070299447e-09,5.24873028536543e-07,"LOC105370460","In_VIP"
"CEACAM19",2.05437546308582,2.65930992479575,0.461539811326298,5.76182131971206,8.32110651991676e-09,5.28156525067526e-07,"CEACAM19","In_VIP"
"UBA6-DT",10.4230477836539,-1.37484665973291,0.239266981768165,-5.74607766425977,9.13373670889563e-09,5.66771029145007e-07,"UBA6-DT","In_VIP"
"COA3",2.96936238956329,-2.85810707064288,0.501528627470459,-5.6987914828675,1.20659694871414e-08,7.329103401383e-07,"COA3","In_VIP"
"CDH2",19.3226312203582,-1.21647522022676,0.214011216412344,-5.68416572093551,1.31452764614528e-08,7.89975177986668e-07,"CDH2","In_VIP"
"PCDH10",10.6007345330257,-1.31429584056824,0.232152701116638,-5.6613420143146,1.50193743195439e-08,8.93099426643196e-07,"PCDH10","In_VIP"
"RASA3",2.18670511448518,2.829037134557,0.500084455680886,5.65711871748773,1.53935290527841e-08,9.05812975199763e-07,"RASA3","In_VIP"
"CPT1B",2.60123106768522,2.75714943913857,0.487621567793226,5.65428115006539,1.56499860897482e-08,9.11410014649354e-07,"CPT1B","In_VIP"
"ANKRD44",8.10923847471338,1.14727195126486,0.20304938534127,5.65021139727467,1.60250641372845e-08,9.23730482770614e-07,"ANKRD44","In_VIP"
"IRF9",1.99634357506186,2.68691533759074,0.478403911120508,5.61641590951358,1.94959062183087e-08,1.10132374227226e-06,"IRF9","In_VIP"
"CNR1",27.8797136646462,-1.4964288256272,0.26678542583142,-5.60911009648923,2.03369623424584e-08,1.13746039873809e-06,"CNR1","In_VIP"
"TFAP2E",3.59747071369529,1.9024675131354,0.34025773562694,5.59125425798189,2.2543518162503e-08,1.2188030418666e-06,"TFAP2E","In_VIP"
"TMEM14B",8.20785439845747,-1.58326454644617,0.28320332990613,-5.59055766389102,2.26341502176603e-08,1.2188030418666e-06,"TMEM14B","In_VIP"
"HMGN1",4.05103194918658,-2.09787359522371,0.375373922870389,-5.5887568832214,2.2870087172572e-08,1.2188030418666e-06,"HMGN1","In_VIP"
"PHEX",1.58299259229384,4.15198265109781,0.742717281786576,5.59025991843139,2.26729969145139e-08,1.2188030418666e-06,"PHEX","In_VIP"
"MAGEH1",3.96991883751769,-2.22916848062746,0.398769649004565,-5.59011571264779,2.26918346234852e-08,1.2188030418666e-06,"MAGEH1","In_VIP"
"GTF2IRD1",7.15224771534592,1.2479541765998,0.22532315973648,5.53850823883045,3.05058898863374e-08,1.56661610879927e-06,"GTF2IRD1","In_VIP"
"CHTOP",2.67806316908775,-2.94397270260137,0.532772406601348,-5.52576046755406,3.28061468808081e-08,1.65466003330076e-06,"CHTOP","In_VIP"
"CHRNA7",9.52413928106861,-1.33632513075992,0.241945982142131,-5.52323753810013,3.3280930140938e-08,1.66375198554123e-06,"CHRNA7","In_VIP"
"VIP",43.5853367175418,-2.05506893143938,0.374355826719048,-5.48961385067927,4.02813405296939e-08,1.99604642677404e-06,"VIP","In_VIP"
"DSCAML1",8.01973797649938,1.18953250515368,0.218907472061499,5.43395112990703,5.51196827534681e-08,2.68423351615811e-06,"DSCAML1","In_VIP"
"AGPAT1",3.12851449946676,-2.50513317765208,0.462636737537668,-5.41490325862439,6.13218514883702e-08,2.93565372082884e-06,"AGPAT1","In_VIP"
"IL6R",1.54418494963483,2.85392778144215,0.527285561144838,5.41248991390116,6.21543568208648e-08,2.95050387967282e-06,"IL6R","In_VIP"
"MEF2C-AS1",16.5589957724318,-1.07025067512205,0.19799403195828,-5.4054693696402,6.46388969846514e-08,3.04287607555247e-06,"MEF2C-AS1","In_VIP"
"CAMKK1",4.13525171155817,1.5983507410576,0.296414081536591,5.39229017991271,6.95653070615337e-08,3.24772247595541e-06,"CAMKK1","In_VIP"
"DPF1",3.65305970583323,1.95167768795884,0.365017687710376,5.34680305549304,8.95213322634933e-08,4.14513119636454e-06,"DPF1","In_VIP"
"TAFA1",4.81807301238366,-2.50052952354836,0.470707760291798,-5.31227596927283,1.08264482608915e-07,4.93214566336902e-06,"TAFA1","In_VIP"
"MARCKSL1",10.1843872045334,-1.74472711644854,0.328547071456416,-5.31043271429673,1.09365256646551e-07,4.94243467837094e-06,"MARCKSL1","In_VIP"
"PLPPR1",17.0311233007131,-1.00779159820258,0.190351113125641,-5.29438247906326,1.19419256804647e-07,5.35396334674166e-06,"PLPPR1","In_VIP"
"DLX1",7.57445959329595,-1.59280121531117,0.301060758899225,-5.29063043996487,1.21895449529034e-07,5.42194798731899e-06,"DLX1","In_VIP"
"TCF25",15.1301522543603,1.21648101077523,0.230927504686697,5.26780477027042,1.38064823309897e-07,6.0931889599813e-06,"TCF25","In_VIP"
"ENSG00000286263",5.79227986214661,-1.65937287513653,0.316230693396958,-5.24734919723163,1.54303261223924e-07,6.70507017426112e-06,"ENSG00000286263","In_VIP"
"GAS7",11.7414266575296,1.1704275004663,0.223655318356751,5.23317535690953,1.66622526928903e-07,7.1851195009265e-06,"GAS7","In_VIP"
"UBE3D",7.27825472483906,-1.36788833291932,0.263520448535243,-5.19082424351741,2.09365184443921e-07,8.82614870838589e-06,"UBE3D","In_VIP"
"TMEM67",4.10416550378949,2.2924792906053,0.443822119502564,5.165311033111,2.40039427157856e-07,1.00443164741832e-05,"TMEM67","In_VIP"
"ENSG00000233928",6.10997739375602,-1.51234468356297,0.292956838917374,-5.16234640280753,2.43873460832415e-07,1.01297145606053e-05,"ENSG00000233928","In_VIP"
"PPM1L",8.26978945879504,-1.25320643387241,0.24358820386369,-5.14477472223446,2.67842029032273e-07,1.0964055231908e-05,"PPM1L","In_VIP"
"VPS53",7.64390764174544,1.07876636753407,0.20984007074127,5.14089784531277,2.73428694178928e-07,1.10328478101197e-05,"VPS53","In_VIP"
"LINGO3",2.2191972155691,3.53203651058708,0.686972227963719,5.14145458406161,2.7261955641167e-07,1.10328478101197e-05,"LINGO3","In_VIP"
"BRSK2",5.10103629329837,1.36616168730464,0.266823195448362,5.12010091554813,3.0537220041916e-07,1.22343798593464e-05,"BRSK2","In_VIP"
"UBB",8.20984524632312,-1.78316291448816,0.348602134268201,-5.11518071520544,3.13440720710172e-07,1.24692016288152e-05,"UBB","In_VIP"
"PRKD1",16.0841294247763,-1.09935603413326,0.215379734082904,-5.10426869461218,3.32076167072318e-07,1.31181697048359e-05,"PRKD1","In_VIP"
"STAT1",5.64134389845444,2.30359249439031,0.4527750042473,5.08772010994696,3.62393670145447e-07,1.4088520826198e-05,"STAT1","In_VIP"
"EIF4E3",4.68929087217578,1.35007623382015,0.265980699702877,5.07584285374203,3.85782041052036e-07,1.48250527204282e-05,"EIF4E3","In_VIP"
"NDUFA11",4.38046460019542,-2.099326481473,0.414027179065704,-5.07050403360078,3.96763506253446e-07,1.51440341001738e-05,"NDUFA11","In_VIP"
"NDUFA3",4.38052940589833,-1.85445113534028,0.366325033372667,-5.06231069787066,4.14205269464382e-07,1.5703661524861e-05,"NDUFA3","In_VIP"
"MLLT6",2.73049271700967,2.01038363181229,0.397597131285315,5.05633334253019,4.27394022049299e-07,1.60956588703766e-05,"MLLT6","In_VIP"
"TTC14",12.0838026307479,-1.04839105004352,0.207569941148631,-5.05078454154793,4.39999148090563e-07,1.64606303812158e-05,"TTC14","In_VIP"
"OAZ1",11.5566383692837,-1.46540601858273,0.290545754660569,-5.04363252629416,4.56776142123068e-07,1.68648916787792e-05,"OAZ1","In_VIP"
"SHISA8",8.12703631173836,1.14502930026266,0.227490842357809,5.03329843256595,4.82111704088453e-07,1.7570638815456e-05,"SHISA8","In_VIP"
"ENSG00000286736",2.66738182721837,3.10677296026188,0.61742618790687,5.03181274314606,4.85863717068129e-07,1.75938726776786e-05,"ENSG00000286736","In_VIP"
"DAPK1",8.63014069739874,1.10556219170472,0.220176035093502,5.02126487669386,5.13323132079293e-07,1.83529264121261e-05,"DAPK1","In_VIP"
"USP54",7.44421608533924,1.12558021458424,0.224424383454446,5.01540963267349,5.2920593622797e-07,1.880178826259e-05,"USP54","In_VIP"
"RGL1",12.1292542062825,1.08491393375652,0.216849169874743,5.00308087129498,5.64212572204669e-07,1.99202301274011e-05,"RGL1","In_VIP"
"SLC22A3",7.72517300878966,1.10792967935494,0.221719624664235,4.99698518357477,5.82335408471732e-07,2.04323771581169e-05,"SLC22A3","In_VIP"
"ARAP3",0.936076543402368,3.7144707720606,0.743626343707327,4.99507690050653,5.88123274574788e-07,2.05080764078579e-05,"ARAP3","In_VIP"
"TEF",6.05588111299403,2.17437912759532,0.435558662403294,4.99216136719148,5.97073371971755e-07,2.06924385169843e-05,"TEF","In_VIP"
"EPHA5",12.327191899925,-1.28118416500661,0.257387726711983,-4.97764280128343,6.43632938906854e-07,2.21700150724684e-05,"EPHA5","In_VIP"
"JAM3",6.41270672605576,1.32681380451451,0.266936058593055,4.97053043904139,6.67699775647979e-07,2.28596123190026e-05,"JAM3","In_VIP"
"TCEAL7",2.78925800132291,-2.3998878243674,0.484101591674217,-4.95740535796965,7.14408231952953e-07,2.43113982066399e-05,"TCEAL7","In_VIP"
"PRELID2",5.92482079556214,-1.86247175277067,0.376428536150836,-4.94774326042162,7.50788456356105e-07,2.5245261844974e-05,"PRELID2","In_VIP"
"UBR4",4.37531855270632,1.39144707623532,0.281758396174772,4.93844050479413,7.87497960306644e-07,2.63229347797173e-05,"UBR4","In_VIP"
"CNTLN",3.83590281816658,-1.84838030446453,0.374681625294598,-4.93320243022652,8.08922417219645e-07,2.68800160874928e-05,"CNTLN","In_VIP"
"AATK",7.115037112756,1.15724563399083,0.23508186576962,4.92273459801843,8.53431604801576e-07,2.81931879270415e-05,"AATK","In_VIP"
"CRH",9.47523433950965,-3.0490855157627,0.620718419951814,-4.91218790639305,9.00656740107549e-07,2.95802902608578e-05,"CRH","In_VIP"
"ENSG00000287621",2.46811250160098,2.04649903150884,0.416815181259336,4.9098476339698,9.11471848201837e-07,2.95914050028286e-05,"ENSG00000287621","In_VIP"
"HNRNPA1",7.66909030603351,-1.33931788987345,0.273002295873911,-4.9058850790472,9.30069721268092e-07,2.98520673604741e-05,"HNRNPA1","In_VIP"
"SEL1L3",4.24466275965526,-1.73280100278236,0.354300332074579,-4.89076877979784,1.00442899101348e-06,3.18765133159279e-05,"SEL1L3","In_VIP"
"NAA25",8.6235570789613,1.11604493005791,0.228337619524704,4.88769626477237,1.02022768597171e-06,3.20181455447455e-05,"NAA25","In_VIP"
"GHITM",2.92055872871706,-2.22828423274257,0.457255789389754,-4.87316789518707,1.09822812818593e-06,3.42756392050957e-05,"GHITM","In_VIP"
"TPI1",8.26981225282708,-1.88483234534421,0.387014409750976,-4.87018647847506,1.11492976809746e-06,3.46057047251787e-05,"TPI1","In_VIP"
"MEST",3.295935548084,-1.92809946757039,0.396109092266613,-4.86759709689427,1.12963334813268e-06,3.48704851562923e-05,"MEST","In_VIP"
"PPP4R2",5.17731262729232,-1.51518749433781,0.311352455820089,-4.86647034900326,1.13608958930226e-06,3.48791852715677e-05,"PPP4R2","In_VIP"
"CCDC18-AS1",9.41422602270585,-1.40403423006753,0.288718716232963,-4.86298307358308,1.15629738492437e-06,3.53076969050691e-05,"CCDC18-AS1","In_VIP"
"SCG2",31.6605879294669,-1.07855948337303,0.221901969747929,-4.86052234956826,1.17076424937217e-06,3.55572432510935e-05,"SCG2","In_VIP"
"TGFB1",2.30021986924543,2.36897138358908,0.48836317274612,4.85083953048321,1.2293998361306e-06,3.71383939802234e-05,"TGFB1","In_VIP"
"FBXL18",2.32134985690139,2.13076760341383,0.440236560989389,4.84005144557994,1.29805521579446e-06,3.90037974150154e-05,"FBXL18","In_VIP"
"ZNFX1",2.39412197793121,1.99155150326048,0.412716075505559,4.82547596630667,1.39669307743326e-06,4.17456042032829e-05,"ZNFX1","In_VIP"
"MTRR",2.51114931485979,1.87878773348782,0.389981235559278,4.8176362403525,1.45268897485582e-06,4.31907369418975e-05,"MTRR","In_VIP"
"RTL8C",4.35319308195035,-1.70216590114723,0.354733433180437,-4.79843663419628,1.59908880735042e-06,4.72945166111126e-05,"RTL8C","In_VIP"
"OSBPL5",4.25077703923629,1.40020433938291,0.292072678797019,4.79402710705443,1.6346617180641e-06,4.78456168152544e-05,"OSBPL5","In_VIP"
"AP3S1",6.66174533656006,-1.27786689492008,0.266684242041849,-4.79168504721607,1.65386383161642e-06,4.8158127756707e-05,"AP3S1","In_VIP"
"ENSG00000255910",9.28632763570359,-1.33354289760333,0.278399924654044,-4.79002607224289,1.66759643962264e-06,4.83089860893758e-05,"ENSG00000255910","In_VIP"
"LMNA",2.63043644841149,2.02840709998555,0.424656396001446,4.77658436110932,1.78297772435289e-06,5.08688947720682e-05,"LMNA","In_VIP"
"B3GALT2",2.71150006765094,-2.27060817350057,0.475791292142802,-4.77227770032218,1.82154110196673e-06,5.09400281436141e-05,"B3GALT2","In_VIP"
"NIM1K",6.56963272918056,1.47706297720137,0.309329001451102,4.77505494238262,1.79658197652888e-06,5.09400281436141e-05,"NIM1K","In_VIP"
"CDK17",5.67013326240492,1.24674025571286,0.261198914192283,4.7731448638223,1.81371233002031e-06,5.09400281436141e-05,"CDK17","In_VIP"
"DSEL",2.22068551219574,-2.57575357112381,0.539583110830772,-4.77359932033091,1.80962240855803e-06,5.09400281436141e-05,"DSEL","In_VIP"
"RNF213",2.50400073332113,1.95705590690013,0.410497879833537,4.76751769751829,1.86509616561998e-06,5.19011243329422e-05,"RNF213","In_VIP"
"SLFNL1",1.99303170831989,2.47450267087063,0.520659419063804,4.75263210511014,2.00785495462133e-06,5.55998658757642e-05,"SLFNL1","In_VIP"
"MRAS",4.91485633195822,-1.66705520620837,0.350878350581173,-4.75109166309966,2.02321385371031e-06,5.57518783395588e-05,"MRAS","In_VIP"
"LINC01619",8.31912357696471,1.56449254711931,0.33014866050733,4.73875176326688,2.15038738876792e-06,5.89686328114077e-05,"LINC01619","In_VIP"
"EPB41L4A-AS1",2.71482549881672,-2.17265694629535,0.459539244268698,-4.72790294494407,2.26850565910755e-06,6.10228022299932e-05,"EPB41L4A-AS1","In_VIP"
"PRPS1",3.3524004972436,-2.28546847616892,0.483383528275044,-4.72806445086085,2.26670240872581e-06,6.10228022299932e-05,"PRPS1","In_VIP"
"ELAVL4",8.26432226897029,-1.4067113846208,0.29780184112041,-4.72364905243156,2.31650034739603e-06,6.20185329973467e-05,"ELAVL4","In_VIP"
"TMEM59L",10.8908230146314,-1.13820889970013,0.241104737875901,-4.72080685650389,2.34910923622913e-06,6.25948965823508e-05,"TMEM59L","In_VIP"
"NSG1",4.99394009923865,-1.70753132536929,0.361912025042988,-4.71808397404444,2.38076227988657e-06,6.28454491545758e-05,"NSG1","In_VIP"
"SRP72",2.54052277305277,-2.2639449909675,0.480573754734349,-4.71092099529855,2.46599826159865e-06,6.47926706035851e-05,"SRP72","In_VIP"
"ENSG00000226526",2.02596996929112,3.07205865050963,0.652304350950542,4.70954799861906,2.4826674510037e-06,6.49286501422218e-05,"ENSG00000226526","In_VIP"
"MICU1",16.5713590830434,-1.01943451688525,0.216984632882475,-4.69818762436232,2.62480254496769e-06,6.83295372189977e-05,"MICU1","In_VIP"
"SRRT",2.04162690902742,2.0533864684345,0.4375995904827,4.69238663173675,2.70036179764361e-06,6.96545378762044e-05,"SRRT","In_VIP"
"TAF1",5.91384220981311,1.25278344591564,0.267577464385907,4.68194677302436,2.84163274127666e-06,7.25069159365671e-05,"TAF1","In_VIP"
"TMBIM6",9.84965152795847,-1.03191585682818,0.220748967706395,-4.67461237780584,2.94509336393953e-06,7.4604629654235e-05,"TMBIM6","In_VIP"
"SPEN",6.00701205402093,1.32684722649772,0.28408429041715,4.67061105191481,3.00305079323404e-06,7.48542321617916e-05,"SPEN","In_VIP"
"DHDDS",1.61253341505037,2.30084199148911,0.492656513313281,4.67027620525135,3.0079502037045e-06,7.48542321617916e-05,"DHDDS","In_VIP"
"FANCI",1.32955996407381,2.79447052373047,0.598005068647519,4.67298802341358,2.96849083118374e-06,7.48542321617916e-05,"FANCI","In_VIP"
"KCNH3",1.70137909795912,2.26179740117776,0.485014922000875,4.66335631870246,3.11093414093055e-06,7.70774866759504e-05,"KCNH3","In_VIP"
"LYRM4",5.23053884580142,1.32763713985284,0.284958371745999,4.6590564499584,3.17662088834565e-06,7.83612724815046e-05,"LYRM4","In_VIP"
"ENSG00000254363",1.09369226794668,3.58886044632704,0.770800581393877,4.65601678690631,3.22385659798549e-06,7.91807214000871e-05,"ENSG00000254363","In_VIP"
"GNAI1",9.0959338668606,-1.17501726776486,0.252468084261388,-4.65412200992633,3.25364109096389e-06,7.92233557019613e-05,"GNAI1","In_VIP"
"PKD1L1",3.20577341810439,-1.91148112324997,0.411220484098326,-4.64831203008098,3.34662397603899e-06,8.11376774276576e-05,"PKD1L1","In_VIP"
"DGCR5",4.95716591738624,1.30469356052586,0.280845809281869,4.64558671486677,3.3911129080698e-06,8.11711729562979e-05,"DGCR5","In_VIP"
"ENSG00000287149",6.24216670948385,-1.30133952658483,0.280412034890988,-4.64081196476011,3.470428150254e-06,8.2719192492763e-05,"ENSG00000287149","In_VIP"
"NPIPB13",2.93702096530321,1.76216044625218,0.379995975633561,4.63731344342309,3.52966943572252e-06,8.37777421949433e-05,"NPIPB13","In_VIP"
"ESRRG",12.1488042285915,-1.03530866389359,0.223529126952872,-4.63164992413659,3.62763164811445e-06,8.54904677355445e-05,"ESRRG","In_VIP"
"RPL15",20.8360098298513,-1.28705527343935,0.277947311769035,-4.63057284219697,3.64655467148927e-06,8.54904677355445e-05,"RPL15","In_VIP"
"FSTL5",27.350447785207,-1.53359238585143,0.33125255880354,-4.62967710012764,3.66236381518884e-06,8.54904677355445e-05,"FSTL5","In_VIP"
"PPDPF",2.36126328473334,-2.43442134217527,0.525802239899996,-4.62991816588358,3.65810274367796e-06,8.54904677355445e-05,"PPDPF","In_VIP"
"AMBRA1",7.1561069574361,1.25476037924637,0.271525372190241,4.62115333504538,3.81612584260289e-06,8.85036622173016e-05,"AMBRA1","In_VIP"
"TTC28-AS1",2.59251861057651,-2.2523140950451,0.487430329726018,-4.62079185000882,3.82278165711127e-06,8.85036622173016e-05,"TTC28-AS1","In_VIP"
"RSRP1",7.55380696744967,-1.21639811649281,0.263417160648458,-4.61776337387583,3.87898204821035e-06,8.93173493428264e-05,"RSRP1","In_VIP"
"ITPR2",2.74338968636288,1.62176598577632,0.351603238570347,4.61248875968998,3.9787606717393e-06,9.09960284803857e-05,"ITPR2","In_VIP"
"MACIR",2.82546940714148,-2.10430814096168,0.45648035007054,-4.60985481770794,4.02950267360306e-06,9.17849217870309e-05,"MACIR","In_VIP"
"ZNF302",4.91875447359172,-1.48484414717479,0.322916563558891,-4.59822850463352,4.26098511974768e-06,9.66678913311431e-05,"ZNF302","In_VIP"
"ACADVL",6.3202021845044,-1.2977601017981,0.282674816619914,-4.59100006613986,4.41127197082354e-06,9.92799815266222e-05,"ACADVL","In_VIP"
"HRH3",9.82470174973236,1.48220207623926,0.323115961614148,4.58721404177873,4.4920008118382e-06,0.000100205013253072,"HRH3","In_VIP"
"MITF",6.68994134346661,-1.43106771064829,0.312552652184171,-4.57864523192412,4.67997172294621e-06,0.000103675138285973,"MITF","In_VIP"
"INA",2.87139901632078,-2.12363326745839,0.465545378966281,-4.5616031506398,5.07645264788328e-06,0.00011158319458324,"INA","In_VIP"
"SPRY4-AS1",4.34500157421727,-1.87214130633466,0.410773810431406,-4.55759656237208,5.17423040212917e-06,0.000112854160392385,"SPRY4-AS1","In_VIP"
"CHPT1",11.6209682102856,-1.13503726238657,0.249811873682788,-4.54356810848728,5.53099233049755e-06,0.000120171444903772,"CHPT1","In_VIP"
"SYN3",20.131154811039,1.01833611618205,0.224191048495377,4.54226929672909,5.56518855456905e-06,0.000120451149979926,"SYN3","In_VIP"
"GPATCH2",5.73439708849799,1.55454554273374,0.342962036988635,4.53270442519926,5.82332738434841e-06,0.000125557161809863,"GPATCH2","In_VIP"
"EIF3E",6.05620595922909,-1.27934012562403,0.282930164978419,-4.5217523049252,6.13298009320394e-06,0.000130736620930223,"EIF3E","In_VIP"
"PTPRR",8.55616191158068,-1.19224918819982,0.263662513074606,-4.52187599327957,6.12939663802047e-06,0.000130736620930223,"PTPRR","In_VIP"
"CEP95",2.86530410756112,1.62930295304979,0.360577161397721,4.51859720325616,6.22506933088363e-06,0.000132028314590239,"CEP95","In_VIP"
"SLC9A1",2.56916971136074,1.82983878967025,0.405959217244621,4.5074448662355,6.56129723424323e-06,0.000137787241919108,"SLC9A1","In_VIP"
"HACD2",4.11718016408633,-1.83268582069696,0.406529647414552,-4.50812341080775,6.54035316434234e-06,0.000137787241919108,"HACD2","In_VIP"
"PLPPR4",8.46259134472175,-1.12973617350355,0.251066309806905,-4.49975217452484,6.80327302505471e-06,0.000142339590068645,"PLPPR4","In_VIP"
"UQCRH",10.1989049993088,-1.06831048884694,0.237653096556822,-4.49525171068625,6.94876981682129e-06,0.000144314708438322,"UQCRH","In_VIP"
"AHDC1",6.7466743128517,1.32737271050191,0.295609938594629,4.49028444988158,7.11281222146859e-06,0.000146745243478513,"AHDC1","In_VIP"
"RIN1",1.51078524917527,2.57686411315239,0.573894383051379,4.49013649419476,7.11775477307709e-06,0.000146745243478513,"RIN1","In_VIP"
"ADAM7-AS1",1.68907891451849,2.09555307061559,0.468486662593896,4.47302610284148,7.7120359018238e-06,0.000158419239306919,"ADAM7-AS1","In_VIP"
"ENSG00000264112",3.0832395127628,1.81203992426333,0.405338727931332,4.47043373701589,7.80611267559244e-06,0.00015977076269718,"ENSG00000264112","In_VIP"
"PSRC1",3.6323472774743,1.73083666464055,0.387571031628505,4.46585663889244,7.97490012860121e-06,0.000162636140167755,"PSRC1","In_VIP"
"NAA35",6.18091201702425,1.08552040723032,0.243124157888658,4.4648808931914,8.01133067354417e-06,0.000162791391995867,"NAA35","In_VIP"
"ENSG00000224905",9.2187715654987,1.17026637251689,0.262244613712582,4.46249917567227,8.10092403180145e-06,0.000163436142341594,"LOC105377134","In_VIP"
"MICOS10",5.75904478805728,-1.57472344162082,0.353172184274667,-4.4587980360201,8.24205351439054e-06,0.000165691673675417,"MICOS10","In_VIP"
"NR6A1",8.87121321577815,1.11308724813602,0.249714544318989,4.45743859722544,8.2944784925319e-06,0.000166154287249336,"NR6A1","In_VIP"
"CASKIN1",5.96699592310331,1.54469420249142,0.346722003593868,4.45513750636026,8.38394417050661e-06,0.000166763734574619,"CASKIN1","In_VIP"
"CALB2",37.1718004640039,-1.021259229758,0.229195451019333,-4.45584423781543,8.35636900355224e-06,0.000166763734574619,"CALB2","In_VIP"
"TGFBR3",3.33885496169294,1.51258035931572,0.340250583920433,4.44548938575645,8.76920107578526e-06,0.000171651864588158,"TGFBR3","In_VIP"
"PER2",1.73231058906356,2.2944015344596,0.516094333346628,4.44570185373183,8.7605377817189e-06,0.000171651864588158,"PER2","In_VIP"
"POLR2B",5.48918273390632,1.12834464241847,0.253835244421493,4.44518508448283,8.78162309541115e-06,0.000171651864588158,"POLR2B","In_VIP"
"SWT1",2.6852818514723,1.68885396050967,0.380626440598415,4.43703794685015,9.12052201646201e-06,0.000177106241831794,"SWT1","In_VIP"
"DNAJB6",9.0740747134188,-1.62917309631461,0.367181394671354,-4.43697071790035,9.12336986600319e-06,0.000177106241831794,"DNAJB6","In_VIP"
"ZNF814",2.69058656445662,1.81462477652986,0.409156916427854,4.43503385540307,9.20578205706415e-06,0.000177486221298141,"ZNF814","In_VIP"
"HGFAC",3.21794671766001,-2.02454725972141,0.459132263796765,-4.40950771566247,1.03605867346044e-05,0.000197726197512771,"HGFAC","In_VIP"
"FDX2",3.42207819563513,-1.9075658420828,0.434013334610901,-4.39517795874395,1.10682041063219e-05,0.000210519478103072,"FDX2","In_VIP"
"PTS",7.1619309041023,1.21684232353849,0.277453337024129,4.38575486815163,1.15584231314367e-05,0.000219105812984852,"PTS","In_VIP"
"B2M",8.1042570629392,1.06946570150252,0.243953786645417,4.38388645738454,1.16580551860769e-05,0.000220255363699493,"B2M","In_VIP"
"ARL13B",4.14611022080285,1.31413973210818,0.300336298191552,4.37556079641773,1.2112067636613e-05,0.000225638476833693,"ARL13B","In_VIP"
"ANKLE2",2.82330822661528,1.58431377002715,0.362128043114067,4.37500988988058,1.21426972840224e-05,0.000225638476833693,"ANKLE2","In_VIP"
"PDE9A",2.53728050063298,1.63533256089684,0.373734922796139,4.37564825000008,1.21072121242677e-05,0.000225638476833693,"PDE9A","In_VIP"
"STAT2",3.50785643357888,1.46627791775613,0.335614140380021,4.36893962839541,1.24851272136018e-05,0.000230485240619728,"STAT2","In_VIP"
"ARFGEF2",6.54328655759418,1.03454600033412,0.23736354364777,4.35848734154942,1.30964495859463e-05,0.000240983204270393,"ARFGEF2","In_VIP"
"FOXN3",35.8401795002897,1.56948212976158,0.361314865119577,4.34380724757107,1.40034394333381e-05,0.000256004625757046,"FOXN3","In_VIP"
"EGLN1",4.48799450972916,1.20991009905465,0.278703767864943,4.34120467162455,1.41703648229442e-05,0.000258220615757457,"EGLN1","In_VIP"
"ATG4B",6.2615573426317,1.24467306611323,0.286851515132638,4.3390848590697,1.43077271173628e-05,0.00025905240540379,"ATG4B","In_VIP"
"PDCD7",4.42650467279914,1.2951871494667,0.298452461879935,4.33967654784413,1.42692588945329e-05,0.00025905240540379,"PDCD7","In_VIP"
"ORMDL1",3.87447525452876,-1.49593121543895,0.345199873227214,-4.3335219142862,1.4674266597035e-05,0.000264840038359907,"ORMDL1","In_VIP"
"ENSG00000262801",3.49944783820003,-1.72853204540219,0.399744182975603,-4.32409555665174,1.5315890373145e-05,0.0002746649673584,"ENSG00000262801","In_VIP"
"CFAP210",1.41181290401258,3.55046327893033,0.821392802596958,4.32249134361173,1.54277138236626e-05,0.000275794795537564,"CFAP210","In_VIP"
"SLC35F5",7.32034123480522,1.02938274743943,0.23855607721169,4.31505564423736,1.59562706189831e-05,0.000283663718331422,"SLC35F5","In_VIP"
"CDK5R1",6.55857003774746,-1.69979544613307,0.394053731785726,-4.31361337051711,1.60607720172518e-05,0.000283663718331422,"CDK5R1","In_VIP"
"FOXK2",3.70051979360118,1.34728765644044,0.31234184272054,4.31350357898059,1.60687537380165e-05,0.000283663718331422,"FOXK2","In_VIP"
"IL12RB2",4.77254504016454,1.19259231921706,0.276565253151035,4.31215528931891,1.61670817102372e-05,0.000284510419255856,"IL12RB2","In_VIP"
"HNRNPK",8.30936495013744,-1.13771403826725,0.264329535674454,-4.30415025458391,1.67627873328159e-05,0.00029316713821386,"HNRNPK","In_VIP"
"ZNF692",2.630691201981,-2.33863236705925,0.545544872338595,-4.28678278476746,1.81279394048854e-05,0.000315091475994455,"ZNF692","In_VIP"
"SERPINB9",3.74254776999958,1.39773748845896,0.327018560660221,4.27418396569617,1.91838596026534e-05,0.000332422156120826,"SERPINB9","In_VIP"
"ENSG00000258380",1.63157961221591,2.52218170609981,0.590593771001828,4.27058636568654,1.94959703133322e-05,0.000335726599319023,"ENSG00000258380","In_VIP"
"TOMM20",4.53629491189287,-1.85858632947267,0.436162428721781,-4.26122519291596,2.03309242177942e-05,0.000345959380435118,"TOMM20","In_VIP"
"SCG3",8.55196142712439,-1.25865338463847,0.295374820747848,-4.26120744297612,2.03325392643759e-05,0.000345959380435118,"SCG3","In_VIP"
"URI1",9.77964124749752,-1.06194491909394,0.24930569263392,-4.2596095896346,2.04784276334423e-05,0.000347395308412359,"URI1","In_VIP"
"ATP6V0E2",11.1407532204277,-1.03366882896733,0.243368867346336,-4.24733385267527,2.1632948138161e-05,0.000363703940572832,"ATP6V0E2","In_VIP"
"CWC27",7.07517334121659,-1.03370768436922,0.243642726237622,-4.24271924851579,2.20827626000961e-05,0.000369719144200904,"CWC27","In_VIP"
"DIPK1B",2.85774523240641,1.53035710426453,0.360735491439023,4.24232475202186,2.21216269675882e-05,0.000369719144200904,"DIPK1B","In_VIP"
"COX7A2",6.40959498630298,-1.68065358944123,0.397091326446105,-4.23241072647639,2.31199695026878e-05,0.000384228759131757,"COX7A2","In_VIP"
"PHPT1",2.32823951989646,-2.03184736234974,0.480216716403888,-4.23110502600839,2.32546052143074e-05,0.000384228759131757,"PHPT1","In_VIP"
"MAN2C1",4.69534539766423,1.11892469076215,0.264456502734191,4.23103489304929,2.32618579612429e-05,0.000384228759131757,"MAN2C1","In_VIP"
"TPD52L2",3.68267840386015,1.33927306597237,0.316492718997765,4.23160782407076,2.3202671710384e-05,0.000384228759131757,"TPD52L2","In_VIP"
"APRG1",1.61262940425299,2.25796847798579,0.534983861149872,4.22062914782627,2.43621437202511e-05,0.000400063226382844,"APRG1","In_VIP"
"TASP1",5.56056178617846,-1.3697076244748,0.324823011513921,-4.2167813730035,2.47814021651891e-05,0.000404595782748997,"TASP1","In_VIP"
"TSPAN13",4.25053273301747,-1.56646007775979,0.37161885699938,-4.21523302237165,2.49520416050145e-05,0.000406207732065495,"TSPAN13","In_VIP"
"PCDH17",5.28723730617521,-1.33095382253324,0.315834395722911,-4.21408763756345,2.50789899067616e-05,0.000407101189607173,"PCDH17","In_VIP"
"LSP1P5.1",4.50582372801094,1.15114595756497,0.274248875324576,4.19745005773526,2.69937159964402e-05,0.000434436942645664,"LSP1P5.1","In_VIP"
"NUP54",3.60033976226849,1.30882279602711,0.31177953291705,4.19791120918553,2.69388206139177e-05,0.000434436942645664,"NUP54","In_VIP"
"CYCS",3.91579403708886,-1.55611579106693,0.370785759145551,-4.19680570972544,2.7070597240445e-05,0.000434436942645664,"CYCS","In_VIP"
"USP20",3.67314604724341,1.27228642127717,0.303054743013005,4.19820659669586,2.69037135346331e-05,0.000434436942645664,"USP20","In_VIP"
"GOLGB1",8.05196180419054,1.13708959444534,0.271233024121628,4.19229774150009,2.76143244752679e-05,0.000441907419152376,"GOLGB1","In_VIP"
"CHCHD10",4.52697622148337,-1.42487346238368,0.340077831645299,-4.18984517600024,2.79144851729846e-05,0.000445448945599406,"CHCHD10","In_VIP"
"RARS1",5.7706020225905,1.53470008043607,0.366990396112797,4.18185352175912,2.89142234895838e-05,0.000460102671810306,"RARS1","In_VIP"
"FBXO22",4.72889979609708,1.14590284464941,0.274189923278882,4.17923033401888,2.92497324947189e-05,0.000462834002416435,"FBXO22","In_VIP"
"PCYT1A",3.0093957981818,1.38926438387893,0.332934654491599,4.17278395365714,3.00900238015207e-05,0.000474800403505001,"PCYT1A","In_VIP"
"ENSG00000287720",3.56984098337684,1.62695664956543,0.39055245552825,4.16578266641509,3.10286196966752e-05,0.000488246999071082,"ENSG00000287720","In_VIP"
"XIAP",4.35496400257823,-1.43659542912365,0.344913537188288,-4.16508856345471,3.11231724231372e-05,0.000488374447273062,"XIAP","In_VIP"
"INTS4P1",3.81197131106908,-1.46423448831875,0.351961409663897,-4.16021316006493,3.17950708142087e-05,0.000497535609499903,"INTS4P1","In_VIP"
"SH3PXD2A",5.2771991438884,1.32681665512961,0.319185270987512,4.15688559507973,3.22615442432256e-05,0.000502053618264412,"SH3PXD2A","In_VIP"
"FAT4",5.18001224819216,-1.528378391453,0.368175919834523,-4.15121769001062,3.30711019143448e-05,0.000510433482825502,"FAT4","In_VIP"
"TSNARE1",2.6010960417212,1.54463292272598,0.372635835777443,4.14515399331725,3.39585417926077e-05,0.0005227024593636,"TSNARE1","In_VIP"
"FBXO9",6.5872148865397,1.12340093056908,0.271406548814859,4.13918137006862,3.48547322058864e-05,0.000533589111737269,"FBXO9","In_VIP"
"GLCE",6.98746547285712,1.09727108724592,0.265133659636961,4.13855822285398,3.49495185530614e-05,0.000533594135962821,"GLCE","In_VIP"
"RFX2",3.89822785874203,1.86517147684498,0.451072418367729,4.13497123941734,3.54999091508495e-05,0.00054053635254218,"RFX2","In_VIP"
"EML1",3.5063268604724,1.37343383031695,0.332260610089575,4.13360413064516,3.57118381378902e-05,0.000542301542045542,"EML1","In_VIP"
"MAP3K9",4.2586577121088,1.21131142142659,0.293295830620933,4.12999877585079,3.62765165960602e-05,0.000549399577080816,"MAP3K9","In_VIP"
"ATP6V1G2",3.9016007776729,-2.10243859553858,0.50931457332259,-4.12797651130028,3.65969486993319e-05,0.000551296435206735,"ATP6V1G2","In_VIP"
"TMEM196",3.21748848479472,-1.69655941962009,0.411197620702874,-4.12589794833954,3.69291009375082e-05,0.000553006641274655,"TMEM196","In_VIP"
"PCP4",1.89966711896165,-3.07022221620823,0.744200511619464,-4.12553091306948,3.69880493196212e-05,0.000553006641274655,"PCP4","In_VIP"
"ZFP30",2.97566364774332,1.48348317530885,0.360003562947941,4.12074581473899,3.77647896200153e-05,0.00056288468750255,"ZFP30","In_VIP"
"ZNF680",4.2888276225213,1.17040066682414,0.284717627806012,4.11074184567727,3.94389950360874e-05,0.000586291797260152,"ZNF680","In_VIP"
"OSTM1",4.27963498947724,-1.59072527274646,0.387173583798582,-4.10855838133315,3.98136565909392e-05,0.000588762686079098,"OSTM1","In_VIP"
"URM1",2.97252260213756,1.3767442766898,0.335285957934004,4.10617934963083,4.02257199025644e-05,0.0005933031115655,"URM1","In_VIP"
"RAB27B",3.23626986561734,-1.83867395836885,0.447903766783655,-4.10506473649945,4.0420167211899e-05,0.000594618553593795,"RAB27B","In_VIP"
"RABL6",6.4402060159278,1.02708687618418,0.250313717591026,4.10319852251279,4.07477317376502e-05,0.000596331441932606,"RABL6","In_VIP"
"GOPC",4.04505566355416,-1.40020300932162,0.341336811273234,-4.10211545628104,4.09389888985771e-05,0.000597582295317989,"GOPC","In_VIP"
"ENSG00000283380",2.62873721349791,1.92712138084518,0.471105916519732,4.09063294106277,4.30197532247959e-05,0.000626070074056768,"LOC124905258","In_VIP"
"TMEM205",3.94499020308616,-1.46075592109457,0.358719615260321,-4.07213840267562,4.65834842291484e-05,0.000674743852334511,"TMEM205","In_VIP"
"MECP2",8.66396139673554,1.28639300654498,0.315955246437059,4.07144056334334,4.67232849993039e-05,0.000675037946191989,"MECP2","In_VIP"
"SAP30BP",3.3354480840965,1.2858187644196,0.31589612920665,4.07038467881463,4.6935570904594e-05,0.000676375102142989,"SAP30BP","In_VIP"
"STAT3",3.93101193370747,1.20568909697162,0.296849725424737,4.06161432437407,4.87345421181115e-05,0.000699643460507135,"STAT3","In_VIP"
"GPR149",4.41332465074923,-1.40282525584629,0.3456115313447,-4.05896542394926,4.92906105811086e-05,0.000704231347803328,"GPR149","In_VIP"
"KCNB2",12.909721462028,-1.00353310241911,0.247260747982787,-4.0586025505713,4.93672532713963e-05,0.000704231347803328,"KCNB2","In_VIP"
"CRYAB",13.2646864959331,2.15821593194704,0.532630382341057,4.05199553668171,5.0782634122925e-05,0.00071861763542793,"CRYAB","In_VIP"
"LINC02981",4.111666428643,-1.51026685303158,0.372832634497268,-4.05079039035315,5.10449183258219e-05,0.000719084148684708,"LINC02981","In_VIP"
"PHYHIP",6.01599993615319,1.72873688386551,0.426952617808613,4.04901343090121,5.14339933617581e-05,0.000720969301490251,"PHYHIP","In_VIP"
"GAPVD1",7.57316273520732,1.16618234746087,0.288005814930098,4.04916250647203,5.14012447485777e-05,0.000720969301490251,"GAPVD1","In_VIP"
"CCNI",18.0502524566465,-1.12923877207648,0.279100763986021,-4.04598954137235,5.21025591824347e-05,0.000727081827511041,"CCNI","In_VIP"
"ENSG00000247121",2.61631649756911,-1.87545601148307,0.463547400020156,-4.04587753356295,5.21274809952153e-05,0.000727081827511041,"ENSG00000247121","In_VIP"
"XYLT1",1.77214689501359,2.45653826731371,0.607343535311312,4.04472613025269,5.2384324782023e-05,0.000728864656880906,"XYLT1","In_VIP"
"ZNF804B",15.9029231668002,-1.09933736982685,0.272090838523179,-4.04033217653964,5.33755482525658e-05,0.000740831626729101,"ZNF804B","In_VIP"
"TET3",4.20322752110016,1.89168173547693,0.468361784920384,4.03893271479972,5.36949638277698e-05,0.000743438359468313,"TET3","In_VIP"
"PLPPR5-AS1",6.19460594114013,-1.10786631597093,0.274632895921432,-4.03398985490752,5.48376865088515e-05,0.000755556319728055,"PLPPR5-AS1","In_VIP"
"SYN1",8.54378840960771,1.57588273511356,0.390637248201635,4.03413331004251,5.48041994235191e-05,0.000755556319728055,"SYN1","In_VIP"
"BTG1",6.81173792613014,-1.58542166906481,0.393507773213787,-4.02894625464863,5.60274242754416e-05,0.000770070364311362,"BTG1","In_VIP"
"MTHFD2L",2.99068129827486,-1.77301540865897,0.440647110728052,-4.02366284832672,5.7299930643844e-05,0.000781853401466364,"MTHFD2L","In_VIP"
"COPG2IT1",7.70934507337408,-1.03523402230358,0.257342098548586,-4.02279311524355,5.75120118123882e-05,0.000782856276453448,"COPG2IT1","In_VIP"
"RAC1",6.52054468522814,-1.11608886389911,0.277610312329135,-4.02034367720418,5.81133006668989e-05,0.000789139508334884,"RAC1","In_VIP"
"RHBDD1",3.21099910110906,-1.59349023848238,0.396787698650235,-4.01597691637874,5.92000504365151e-05,0.000801969028575237,"RHBDD1","In_VIP"
"FOS",1.30677505677513,2.79659860142447,0.69699684421353,4.01235475403058,6.01160674813394e-05,0.000812429821057623,"FOS","In_VIP"
"SH3BGRL3",2.13319269658601,-1.96950649258711,0.491832434651261,-4.00442580405175,6.21682988950099e-05,0.000836163620137883,"SH3BGRL3","In_VIP"
"GRM1",12.1699639339947,-1.16441421198391,0.291079187731318,-4.00033482661331,6.32529238128422e-05,0.000844718124394198,"GRM1","In_VIP"
"BEX1",11.5139648085818,-1.18332086600828,0.296452010259413,-3.99161019340974,6.56261817665965e-05,0.000868435206236204,"BEX1","In_VIP"
"VPS13D",8.36520939583858,1.13750443195392,0.285041168330687,3.99066716788873,6.58876894960837e-05,0.00086962513542845,"VPS13D","In_VIP"
"NDUFAF7",3.50797639733988,1.22979410556518,0.308313001226234,3.98878445175518,6.64127328698535e-05,0.000874511720237301,"NDUFAF7","In_VIP"
"SNCB",5.7900916958786,-1.4640261889694,0.367152428380525,-3.98751601733124,6.67686978874616e-05,0.000875119198065593,"SNCB","In_VIP"
"PGAM1",5.17490587696305,-1.28988292126065,0.323453125283746,-3.98785116121267,6.66744702312923e-05,0.000875119198065593,"PGAM1","In_VIP"
"KIF27",2.93977626828069,1.31257975595448,0.329315074943149,3.98578703444133,6.72568168621286e-05,0.000879476292717973,"KIF27","In_VIP"
"C6orf62",3.12406353728027,-1.53098738045926,0.384246206189021,-3.98439166294885,6.76532123964093e-05,0.000882616620848305,"C6orf62","In_VIP"
"ENSG00000226939",3.11106969496386,-1.77281061960297,0.445237538728066,-3.98171866789906,6.84187351897655e-05,0.000890547085453883,"LOC105373643","In_VIP"
"SMPD4",6.10019927535919,1.22207532514092,0.307223271198615,3.9778084530285,6.95533653043032e-05,0.000903234392193123,"SMPD4","In_VIP"
"UBE2V2",4.00321989765171,-1.29999189488831,0.326983983017801,-3.97570511830707,7.01710318352013e-05,0.000909165501919845,"UBE2V2","In_VIP"
"HMGCLL1",4.19735696651942,-1.39946268658353,0.352089655139665,-3.97473389562781,7.04579896492712e-05,0.000910794470317467,"HMGCLL1","In_VIP"
"ILRUN",3.92308850382118,1.47731288576125,0.371920005600938,3.97212535898478,7.12342137649817e-05,0.000918726195338771,"ILRUN","In_VIP"
"ENSG00000289413",2.86022117873954,-1.98909375225723,0.501013569303979,-3.97013948149254,7.18305687849626e-05,0.000924307250720396,"ENSG00000289413","In_VIP"
"PEBP4",1.2552367294542,2.40888021339785,0.607463502746251,3.96547315601295,7.32504961769056e-05,0.000938303974837505,"PEBP4","In_VIP"
"RPS6KA5",7.07202017122627,1.11795739758403,0.28237931538501,3.95906263905961,7.52445019477493e-05,0.000961665591635376,"RPS6KA5","In_VIP"
"GRSF1",3.28214843811979,1.26127297045989,0.319093261638157,3.95267817309832,7.72813454715611e-05,0.000985467992254737,"GRSF1","In_VIP"
"RNASEK",9.12806846845112,-1.03353158924095,0.261772622899135,-3.94820351263083,7.87398551714109e-05,0.00100180504924167,"RNASEK","In_VIP"
"SAMD4B",3.84133262580258,1.1947174134625,0.303156222893413,3.94092986797289,8.11663562362326e-05,0.00101890832528551,"SAMD4B","In_VIP"
"ENSG00000280241",1.35266606354741,1.94168305529604,0.492985376275195,3.93862201342896,8.19509166046807e-05,0.00102647611507725,"ENSG00000280241","In_VIP"
"MYO9B",5.37976315378542,1.03031165234095,0.261655685267355,3.93766201291669,8.22793772546038e-05,0.00102831018166207,"MYO9B","In_VIP"
"MARCKS",3.92182768545295,-1.4024768694755,0.35630638342488,-3.93615420525068,8.27977811027542e-05,0.00103250478024163,"MARCKS","In_VIP"
"RPS6KB2",3.07527285545514,1.60019316121628,0.406780525249621,3.9337998303491,8.36134232738142e-05,0.0010403793569907,"RPS6KB2","In_VIP"
"BTBD8",8.54021712785528,-1.16124934908436,0.295516237092438,-3.9295619100656,8.51007645727173e-05,0.00104794331815687,"BTBD8","In_VIP"
"FZR1",2.82813837214177,1.48520421053963,0.377802489416171,3.93116576027531,8.45349604558395e-05,0.00104794331815687,"FZR1","In_VIP"
"ENSG00000289873",3.39517637959633,1.8165294543389,0.462270440565526,3.92958167975572,8.50937685161423e-05,0.00104794331815687,"ENSG00000289873","In_VIP"
"SNX3",6.92977492375224,-1.3675639547742,0.348557568542035,-3.92349522202177,8.7273497036204e-05,0.00106943163721804,"SNX3","In_VIP"
"PLET1",1.10067093425419,3.34292320078459,0.852867960584938,3.91962572786983,8.86865864849763e-05,0.00108439508020267,"PLET1","In_VIP"
"EYA3",3.75068976004435,-1.40539859031984,0.358688963207433,-3.91815398431171,8.92297005926654e-05,0.00108867943552477,"EYA3","In_VIP"
"MIR137HG",6.83899517495659,-1.1635198810146,0.297021964985982,-3.91728564946204,8.9551612364371e-05,0.0010902522807033,"MIR137HG","In_VIP"
"GLYR1",4.96804347071326,1.22871310176431,0.31387039551502,3.91471486104371,9.0511107055669e-05,0.00109956396506984,"GLYR1","In_VIP"
"NSUN2",2.70727979470117,1.46286605590188,0.374419295437875,3.90702635715151,9.343896443788e-05,0.00112785621818287,"NSUN2","In_VIP"
"DCP1A",4.20899328590442,1.17761345570685,0.301522739595725,3.9055543780405,9.40096144618258e-05,0.00113232475926408,"DCP1A","In_VIP"
"PLEC",7.44526250119531,1.40998440718322,0.361097467909599,3.90471972940063,9.43346477107632e-05,0.00113382218067681,"PLEC","In_VIP"
"CDC34",2.12628879730163,1.53738136194834,0.394881167731968,3.89327597154967,9.88995345156532e-05,0.00117963484125114,"CDC34","In_VIP"
"RIPK1",4.06027707873468,1.30540052986914,0.335906075175424,3.88620696778826,0.000101822704257196,0.00120839591669937,"RIPK1","In_VIP"
"IARS1",4.4062315337644,1.10807347883033,0.285912403227854,3.87556981201429,0.000106375475008455,0.0012545199547448,"IARS1","In_VIP"
"HCFC2",3.22520382531782,1.26700156477975,0.327253337229622,3.87162305358168,0.000108113054322616,0.0012697102783128,"HCFC2","In_VIP"
"LSM7",3.24349987239174,-1.64474325100614,0.425036749880842,-3.86964951022998,0.000108991926477921,0.00127737633334808,"LSM7","In_VIP"
"DUS1L",4.81776217209361,1.47411323299084,0.381287473436067,3.86614650543461,0.000110568532860499,0.00129317110171627,"DUS1L","In_VIP"
"NDST4",3.16411452360743,-1.9426174517682,0.502776581378419,-3.86377871149507,0.000111646371627282,0.00130039248107736,"NDST4","In_VIP"
"ENTR1",2.34509325820644,1.50695507122873,0.390873060820908,3.85535669320324,0.000115561010457864,0.00134046026299071,"ENTR1","In_VIP"
"GRIK5",4.59744455304809,1.1026337123863,0.28603815426794,3.85484836877193,0.000115801379688331,0.00134049588905611,"GRIK5","In_VIP"
"ATP8B2",2.76064896598158,1.39063005557954,0.360796467674112,3.8543338978463,0.000116045135443464,0.00134057049104321,"ATP8B2","In_VIP"
"SELENOH",6.02692740744349,-1.21810609903709,0.316981637504361,-3.84282858978015,0.000121624415841819,0.00139362337746539,"SELENOH","In_VIP"
"ARF3",6.14116505367388,-1.05844139369564,0.275909817635628,-3.83618605081114,0.000124959757845851,0.00142605590317417,"ARF3","In_VIP"
"PAXBP1",4.12542009223308,1.09729915863178,0.286006602062535,3.83662177977226,0.000124738354322204,0.00142605590317417,"PAXBP1","In_VIP"
"NAP1L3",10.3068788798934,-1.70121073529533,0.444450534530367,-3.82767170500297,0.000129361138509562,0.00147034420812981,"NAP1L3","In_VIP"
"NAPB",4.45493332944864,-1.34047246673231,0.350444891504191,-3.82505922965146,0.000130740650274667,0.00148304002691083,"NAPB","In_VIP"
"FAM27C",1.82741933721913,1.92562023554751,0.503959476152021,3.82098229454989,0.000132921195584475,0.00149874310096952,"FAM27C","In_VIP"
"CSAD",3.51947397789363,-1.35003130132859,0.353323228854689,-3.82095257564799,0.000132937215795717,0.00149874310096952,"CSAD","In_VIP"
"ENSG00000289427",4.8016546245865,-1.48004128700091,0.388355191351411,-3.81105060511903,0.000138377433300298,0.00154790914992749,"ENSG00000289427","In_VIP"
"BCL7C",4.46776727525524,1.11971233679754,0.294061546967928,3.80774823618698,0.000140237938683254,0.00156562078186107,"BCL7C","In_VIP"
"PRKCG",3.92948601477171,1.17903974525082,0.310113848105521,3.80195774053159,0.000143557217436512,0.0015995162155796,"PRKCG","In_VIP"
"TTC1",6.14155359403727,1.02175954799866,0.268836768019032,3.80066891715616,0.000144306007244736,0.0016046941632392,"TTC1","In_VIP"
"SRSF1",4.69969661095086,-1.19465112907877,0.314547046220118,-3.79800460196584,0.00014586561609706,0.00161567620653391,"SRSF1","In_VIP"
"ARHGEF40",1.68653661132135,1.96641880559054,0.518009410784232,3.79610633446507,0.000146986471845913,0.00162490524355687,"ARHGEF40","In_VIP"
"PPARA",1.92992688678982,1.62247686676166,0.429091275134194,3.78119286218123,0.000156078697905643,0.00171201663003684,"PPARA","In_VIP"
"FARS2",7.537262892574,-1.38033640454833,0.365392399470981,-3.77768231234912,0.000158294621262944,0.00172626701836751,"FARS2","In_VIP"
"PCDH8",7.45634494497624,-1.09296674784924,0.289320990621555,-3.77769599606718,0.00015828592665622,0.00172626701836751,"PCDH8","In_VIP"
"ENSG00000259221",2.30445629519359,-1.86325190908543,0.493463086323338,-3.77586887596401,0.000159450860151749,0.00173086001934582,"ENSG00000259221","In_VIP"
"PDLIM5",4.84839302782578,1.2074648018899,0.320544863491496,3.76691358812535,0.000165278175339369,0.00178861381703467,"PDLIM5","In_VIP"
"RFX3",17.2777942764218,1.0359257848627,0.275092455733847,3.76573680328393,0.000166058650750334,0.00179362393515992,"RFX3","In_VIP"
"NPC1",4.87483733553199,1.0397667335309,0.276666769729567,3.75819161277386,0.000171145802595394,0.00184152883592644,"NPC1","In_VIP"
"CD46",5.84014265390847,1.03037747968759,0.27426081519975,3.75692560724411,0.000172013604457577,0.00184734762657957,"CD46","In_VIP"
"GRHL1",1.70874491748312,2.05536855193557,0.547378799239999,3.75492904509512,0.000173390591541179,0.00185860237498315,"GRHL1","In_VIP"
"DOP1B",2.64397221862551,1.38415457637709,0.368710970538629,3.75403686620732,0.00017400925404003,0.00186170128043964,"DOP1B","In_VIP"
"CACNA1G",2.34215746382615,2.06943989173596,0.552658637866427,3.74451741082915,0.000180740843797352,0.00193006621287569,"CACNA1G","In_VIP"
"ABL1",4.20664758754809,-1.19363901658461,0.31909937762555,-3.74064977959717,0.000183545127899925,0.00195262980698056,"ABL1","In_VIP"
"ADAMTS6",15.2167006427145,-1.00860030705594,0.27011510584185,-3.73396483662957,0.000188488821743109,0.00200017146757343,"ADAMTS6","In_VIP"
"ACTR6",2.69184639687603,-1.50754884880431,0.40377310855226,-3.73365342285837,0.00018872214413465,0.00200017146757343,"ACTR6","In_VIP"
"CUEDC1",2.70192938956487,1.42613593036974,0.382229235650285,3.73110112297785,0.000190644674561483,0.0020129939562576,"CUEDC1","In_VIP"
"ZNF827",2.69458281667358,-1.57460351810237,0.422857096598069,-3.72372494341521,0.000196304794180073,0.0020688913849314,"ZNF827","In_VIP"
"ZDHHC13",3.61407494728863,1.19466158615626,0.320886119264633,3.72300799079139,0.000196863288830797,0.00207091381490721,"ZDHHC13","In_VIP"
"PRMT1",3.73835436555091,-1.38049899070056,0.371678224336904,-3.71423155920272,0.000203822098819392,0.00214013203760362,"PRMT1","In_VIP"
"SPCS1",5.8438849251087,-1.60261230475465,0.432313852060361,-3.7070574933391,0.000209681353854213,0.00218944541205628,"SPCS1","In_VIP"
"ATP5PF",5.42874248489776,-1.26718776660908,0.341963116031749,-3.70562703169258,0.000210868409211367,0.002197777940286,"ATP5PF","In_VIP"
"MRPS36",2.9723836085671,-1.4515156234751,0.391843023118772,-3.70432938150116,0.000211950708931178,0.00220498997191938,"MRPS36","In_VIP"
"RAMP1",5.11840471629158,-1.11681067662533,0.301685595098619,-3.70190255938554,0.000213988804303849,0.00221802340460999,"RAMP1","In_VIP"
"KIAA0586",4.92321647075102,-1.1957584442556,0.32319273732077,-3.69983080117547,0.000215743256603038,0.00222042253947208,"KIAA0586","In_VIP"
"SLC66A2",4.95868667297308,-1.16065469051105,0.313649659675514,-3.70048126853321,0.000215190964032273,0.00222042253947208,"SLC66A2","In_VIP"
"PLXNC1",3.86854822446194,-1.53585606457272,0.415305558419788,-3.69813510422676,0.000217189286557778,0.00223008343211853,"PLXNC1","In_VIP"
"RNF138",2.85897968271186,1.34973175368348,0.365809814325232,3.6897089712401,0.00022451074295808,0.00229341986793887,"RNF138","In_VIP"
"UBE2I",4.37700071420097,1.07754426701673,0.292436050111823,3.68471762152682,0.000228956332149054,0.00232621280631296,"UBE2I","In_VIP"
"SNX29",4.60914070784984,1.098758781577,0.298497862094914,3.68096030526217,0.000232357180258216,0.00234809608457721,"SNX29","In_VIP"
"TSTD3",6.29782516090649,-1.29480601215744,0.352099509333358,-3.67738658485762,0.000235635788977054,0.00237273898739996,"TSTD3","In_VIP"
"UVSSA",2.12687042227925,1.51910361099505,0.413486104953191,3.67389276881994,0.000238883015750797,0.00239657605581142,"UVSSA","In_VIP"
"FBN3",2.32931525378648,1.35341109979139,0.368396103956389,3.67379319503228,0.000238976174196194,0.00239657605581142,"FBN3","In_VIP"
"GET1",5.93890934283075,-1.11611920686744,0.303832135369591,-3.67347320094945,0.000239275782523923,0.00239657605581142,"GET1","In_VIP"
"DTWD2",3.69823696772793,1.27914839341252,0.348325067127536,3.67228349070891,0.000240392793976984,0.0024035024657982,"DTWD2","In_VIP"
"PER1",3.07316014635988,1.31610429076863,0.358450367678024,3.67164999521165,0.000240989573147539,0.00240521218853436,"PER1","In_VIP"
"WAPL",5.36091181882783,1.0124729944847,0.276809685284904,3.65765017738677,0.000254538124346296,0.0025359539055242,"WAPL","In_VIP"
"UQCR11",6.49040561930182,-1.08432334796181,0.29745001665883,-3.64539683050516,0.000266979507268617,0.00263665600797276,"UQCR11","In_VIP"
"ENSG00000289084",2.62204456593852,1.5267903055233,0.419343385118982,3.64090709357462,0.000271679167593467,0.00266443683634635,"ENSG00000289084","In_VIP"
"SH3BP5",3.08022804096977,-1.3628409399332,0.374823936764843,-3.63594959194995,0.000276958491096107,0.00270681404187181,"SH3BP5","In_VIP"
"C6orf136",2.37996859904973,1.3892178863745,0.382178186853755,3.63500046355628,0.000277980135868272,0.00271210671419666,"C6orf136","In_VIP"
"IQSEC2",3.41495749345794,1.18659212479112,0.326537757301926,3.63385886702825,0.000279213632392523,0.00271944449894028,"IQSEC2","In_VIP"
"SPEF2",2.70261644325719,-1.44910433378226,0.399628502155451,-3.62612858183618,0.000287702136426184,0.00278770046084307,"SPEF2","In_VIP"
"INPP5B",2.58362673831832,1.38583334474076,0.383024806706829,3.61812948006129,0.000296739939635881,0.00287034917637515,"INPP5B","In_VIP"
"FAM47E",1.52604006360504,1.82688751038645,0.505543497260267,3.61370983958265,0.000301846850091337,0.00290978303099994,"FAM47E","In_VIP"
"GAA",2.19104946007312,1.47862133953069,0.409381247138682,3.61184433792541,0.000304027049903315,0.00292083130085685,"GAA","In_VIP"
"GUCY1A1",3.69020461887906,-1.59639670425891,0.442179449930257,-3.61029148801625,0.000305853092835909,0.0029333856051444,"GUCY1A1","In_VIP"
"BCAT1",4.30692147402174,-1.27743040213259,0.353873654120108,-3.60984884650106,0.000306375486233855,0.00293341546056788,"BCAT1","In_VIP"
"NEAT1",20.1610853654356,1.53952797136998,0.426701029116345,3.60797810719649,0.000308592522172059,0.0029446607394425,"NEAT1","In_VIP"
"SPNS2",3.62204397250151,1.13734078439573,0.315214381819636,3.60815004007816,0.000308388137280565,0.0029446607394425,"SPNS2","In_VIP"
"RAB11B",4.40689819570133,-1.23662100575542,0.34306556587025,-3.60462001663879,0.000312609965174842,0.00297796575594044,"RAB11B","In_VIP"
"STK32B",4.35117964515328,-1.44197032795216,0.400343049132332,-3.60183680240574,0.000315976711403703,0.00300497044228875,"STK32B","In_VIP"
"ENSG00000251680",5.52570491639724,-1.04969238951826,0.292887430390165,-3.58394482180384,0.000338443612686675,0.00319176622381808,"ENSG00000251680","In_VIP"
"SRP9",3.82945874806107,-1.6466589002324,0.459589020795972,-3.58289433759867,0.00033980808495101,0.00319929311981376,"SRP9","In_VIP"
"HS3ST4",2.0042736541899,1.59701264137737,0.445880412293337,3.58170620943699,0.000341357544346243,0.00320320393357463,"HS3ST4","In_VIP"
"NOS1",1.96447846643028,1.69071216811394,0.472157684351695,3.58082103531875,0.000342516209758822,0.00320750415327141,"NOS1","In_VIP"
"NAP1L5",2.61966545425595,-1.54237915495704,0.431072712684715,-3.57800229420953,0.00034623041333267,0.00323281918167975,"NAP1L5","In_VIP"
"LGALS8",4.41895609527185,1.11629657682527,0.312068780745542,3.57708507130514,0.000347447122952994,0.00323882639861628,"LGALS8","In_VIP"
"SLC39A6",3.08907629114192,-1.33611700668216,0.373766288198594,-3.57473921236106,0.000350577158709494,0.00325557787818823,"SLC39A6","In_VIP"
"DNM2",3.55633429109354,1.14705311146568,0.321001735889097,3.57335485519609,0.000352436634579587,0.00326379434219686,"DNM2","In_VIP"
"RPS3A",12.1391618633196,-1.37543826103975,0.385028931616842,-3.57229846407622,0.000353861785616432,0.00327162884934079,"RPS3A","In_VIP"
"MAF",5.12808951624155,-1.08001044423776,0.302456454285668,-3.57079648635204,0.000355897347865022,0.00328507208838155,"MAF","In_VIP"
"ADAMTS17",4.52805387243459,1.03957815534076,0.291353009459171,3.56810508760659,0.000359572296103615,0.00331357895707883,"ADAMTS17","In_VIP"
"MMS19",4.01386572542339,1.06608469578441,0.299129077915626,3.56396209694168,0.000365298726820372,0.00334452594458392,"MMS19","In_VIP"
"OXR1-AS1",4.65925897393158,-1.20571321006484,0.338651446467521,-3.5603368083664,0.000370379430938498,0.00338555567212229,"OXR1-AS1","In_VIP"
"PTDSS1",3.98351075492299,1.03566682209494,0.291136337786616,3.55732585622486,0.000374649305549811,0.00341609697625598,"PTDSS1","In_VIP"
"PEG10",3.83097645044541,-1.16759386199931,0.328339216801179,-3.55605971584663,0.000376458544194071,0.00341899407741529,"PEG10","In_VIP"
"ENSG00000291015",3.13548960262506,1.64156520914312,0.462128521506262,3.55218328397606,0.000382048640418024,0.00345864225916893,"ENSG00000291015","In_VIP"
"GPR89B",3.12187967129045,1.33343672927865,0.375493964991094,3.55115355664979,0.000383546570471849,0.00346110954727712,"GPR89B","In_VIP"
"TUBGCP3",4.19656286426673,1.16312616616895,0.327603561994066,3.55040756910335,0.000384635174883879,0.00346539729333179,"TUBGCP3","In_VIP"
"TMEM243",2.08988230622642,1.67381001001558,0.473165426610227,3.53747318777453,0.000403975199932805,0.0036108479500323,"TMEM243","In_VIP"
"RCHY1",4.28333745033552,-1.48770828762547,0.42101167712878,-3.53365089009255,0.000409862062535699,0.00365767897514086,"RCHY1","In_VIP"
"PLEKHO1",3.28138259742865,1.14976729058911,0.326045243009898,3.52640412715422,0.000421243648427571,0.00371813339057399,"PLEKHO1","In_VIP"
"ENHO",3.82271870096699,-1.28669580136403,0.365212772259418,-3.52314020510231,0.000426465693708171,0.00375165240794262,"ENHO","In_VIP"
"ZNF33B",3.43781640894405,-1.26165377232642,0.3581407507154,-3.52278753480642,0.000427033545460632,0.00375165240794262,"ZNF33B","In_VIP"
"SCRN1",4.38676654915009,-1.09338719248471,0.31112829663628,-3.51426470785755,0.000440973141451543,0.00386210430396863,"SCRN1","In_VIP"
"SELENOM",7.36226043329038,-1.21687622648212,0.346571587058908,-3.51118288954045,0.000446117362489958,0.0038890694146694,"SELENOM","In_VIP"
"DTNBP1",4.35562860934405,-1.167849984369,0.333425958665563,-3.50257667112353,0.000460781148396368,0.00399839125543945,"DTNBP1","In_VIP"
"NPM2",2.41522753698114,-1.48882708307046,0.425157520896572,-3.50182464120786,0.000462083641629623,0.00399879627465465,"NPM2","In_VIP"
"AP1G2",6.07145454159788,1.03676367279014,0.296106121706997,3.50132468323649,0.000462951453996131,0.00399879627465465,"AP1G2","In_VIP"
"TRPM3",17.0319816281688,-1.0201065031775,0.291395519339922,-3.50076248766034,0.000463929112832014,0.00400112298990541,"TRPM3","In_VIP"
"UBN1",3.17783668041675,1.30623345536119,0.373176022287783,3.50031453616241,0.00046470947961733,0.00400174367432667,"UBN1","In_VIP"
"C19orf53",3.23314309237503,-1.43910799694323,0.411661747093618,-3.4958506762008,0.000472553065789131,0.00405076216789499,"C19orf53","In_VIP"
"VLDLR-AS1",4.05568328900404,-1.12729723127299,0.322930711621646,-3.49083314377902,0.000481516873387451,0.00409035912445972,"VLDLR-AS1","In_VIP"
"MAP3K3",3.97305963266928,1.12308124775515,0.32170490965266,3.49102924468179,0.000481163582069589,0.00409035912445972,"MAP3K3","In_VIP"
"EIF4ENIF1",1.56584574917364,1.95422513340464,0.560113474585741,3.48898075492646,0.000484866056084013,0.00411262515137927,"EIF4ENIF1","In_VIP"
"TAPT1-AS1",4.85740213982038,-1.3698161128375,0.392829442000028,-3.48705052722959,0.000488379079634949,0.00412384666794892,"TAPT1-AS1","In_VIP"
"ITGB3BP",3.16016952866293,-1.25675466695921,0.360499789061282,-3.48614536011718,0.000490034650692272,0.00413165036083679,"ITGB3BP","In_VIP"
"MED25",2.29492101904394,1.64874277376413,0.4734874185529,3.48212583726747,0.000497449867331911,0.00417547444362254,"MED25","In_VIP"
"UGCG",3.51643207939892,-1.2026077475666,0.345559887965385,-3.48017171393188,0.000501092508330428,0.00419980946522045,"UGCG","In_VIP"
"ENSG00000226994",5.30366708415749,-1.33250553147886,0.383103593841523,-3.47818593429868,0.000504819624184747,0.00422414041728628,"ENSG00000226994","In_VIP"
"VCAN",4.02554289986526,-1.15527523722728,0.332220665957535,-3.47743339174136,0.000506238814392426,0.00422414041728628,"VCAN","In_VIP"
"BTF3L4",3.27502204787312,-1.22872316484455,0.353658882899751,-3.47431727083989,0.000512155063657607,0.00426720347286405,"BTF3L4","In_VIP"
"TGOLN2",4.37937547277082,-1.29570706221911,0.373432163460806,-3.4697253986134,0.000520990720050743,0.00432805379053919,"TGOLN2","In_VIP"
"TPTE2",0.967499984359728,2.29462936943582,0.662004512257421,3.46618388084876,0.000527902107315818,0.00437902937478276,"TPTE2","In_VIP"
"ARPC5",2.12720418007533,-1.93784179836937,0.559340590252209,-3.46451130517024,0.000531195812082318,0.00439344823199563,"ARPC5","In_VIP"
"THY1",11.0016540660701,-1.15712671984077,0.33398810504842,-3.46457464307901,0.000531070736408709,0.00439344823199563,"THY1","In_VIP"
"DIRAS1",2.97667977390995,-1.36632291223876,0.394870609116543,-3.46017880463597,0.000539816809143107,0.00443875568391472,"DIRAS1","In_VIP"
"SVIL",3.1379418271043,-1.34411885166421,0.389418459614661,-3.45160538356156,0.000557262090503388,0.00456890210341602,"SVIL","In_VIP"
"KCNK2",3.40038739488202,-1.41824164457468,0.412059472625571,-3.44183725601038,0.000577777741279419,0.0046962107345143,"KCNK2","In_VIP"
"TM7SF2",2.50768702032296,-1.60428900714481,0.466637893172788,-3.43797413501258,0.000586083677536901,0.00475687743449131,"TM7SF2","In_VIP"
"NGEF",2.6350159241653,1.54342136971482,0.450081899742475,3.42920115338548,0.000605360687656985,0.00489224967750259,"NGEF","In_VIP"
"KCNK1",4.79536283585833,-1.28943040665883,0.376092997639217,-3.42848820571706,0.000606952907194429,0.00489810996105904,"KCNK1","In_VIP"
"EIF2AK3",4.73188818047859,1.5372770430357,0.448449886535607,3.4279795562255,0.000608091250710497,0.00490029597041882,"EIF2AK3","In_VIP"
"QRICH1",4.80812707093395,1.15592941951149,0.33730161976363,3.42699041979557,0.000610310601427834,0.00490549884543669,"QRICH1","In_VIP"
"ATP5F1D",4.38240096171684,-1.07122448942977,0.312591234141416,-3.4269178800617,0.00061047365699097,0.00490549884543669,"ATP5F1D","In_VIP"
"LINC02250",0.912125201716267,2.67617880694382,0.781560396998735,3.42414843078104,0.000616729257488447,0.00494872666981852,"LINC02250","In_VIP"
"OS9",4.08949602926948,1.01075638229886,0.295468234818887,3.42086310197921,0.000624227454722289,0.00499470381264336,"OS9","In_VIP"
"TCAF1",3.81642463519754,-1.14453780884453,0.334933929395688,-3.41720473321287,0.000632676815395138,0.005055150396276,"TCAF1","In_VIP"
"SUMO2",6.22713234405298,-1.16188966640076,0.340346712690197,-3.41384130675703,0.000640538732133946,0.00511073912122127,"SUMO2","In_VIP"
"TMEM132C",2.32062292983981,1.4446892791559,0.425197090810065,3.39769323539714,0.000679565757052853,0.00537656437197698,"TMEM132C","In_VIP"
"GDA",6.73227485422861,1.09105698935502,0.321510871036868,3.39353063190796,0.000689978413622372,0.00545131197000389,"GDA","In_VIP"
"MOK",3.74668156047594,1.53904651183582,0.453675054476332,3.39239836233074,0.000692836306343263,0.00546531931865,"MOK","In_VIP"
"TMEM208",2.12293860228639,-1.5697869507874,0.462848758432783,-3.39157645383501,0.000694917722953594,0.00546739584535495,"TMEM208","In_VIP"
"CRY1",6.02181623100614,1.23138845926832,0.363159512340327,3.39076471199343,0.000696979096096468,0.00547598736279408,"CRY1","In_VIP"
"GIPC1",3.66741590044315,1.03196527020917,0.304718221229166,3.386621469653,0.000707589443001044,0.00553625036497631,"GIPC1","In_VIP"
"KATNIP",2.76100878255852,1.22590400481275,0.362341880855139,3.3832799065887,0.000716255915908062,0.00558857689083514,"KATNIP","In_VIP"
"GPX1",4.87278626341374,-1.12793761794467,0.333636913870913,-3.380733878809,0.000722925222168765,0.00562507517910655,"GPX1","In_VIP"
"TOMM7",8.45275408257514,-1.04802954524643,0.31035768957758,-3.37684413965342,0.000733225851656884,0.00568955059891447,"TOMM7","In_VIP"
"MAP2K3",1.01598016316441,2.24686622987785,0.665837498031728,3.37449638465808,0.000739508873215962,0.00571475461668532,"MAP2K3","In_VIP"
"C1QTNF12",0.55461581303291,3.63339642179801,1.07793326350418,3.37070628100524,0.000749757499017502,0.0057860384043031,"C1QTNF12","In_VIP"
"TLCD3B",2.61836666261141,-1.84612940504743,0.548120478771179,-3.3681087945961,0.000756857234096739,0.00583286018473735,"TLCD3B","In_VIP"
"PXYLP1",3.34671931641162,1.08773940757619,0.323142535235128,3.36612884089902,0.000762310935352084,0.00585890404599173,"PXYLP1","In_VIP"
"TMEM178A",5.87049269545274,-1.04216436993127,0.309996582508279,-3.36185760984459,0.00077420035199837,0.00593413539815305,"TMEM178A","In_VIP"
"ENSG00000286861",3.16863918724549,1.22667685485317,0.36513753540125,3.35949261832305,0.000780857373424038,0.00596896252026034,"ENSG00000286861","In_VIP"
"PLEKHM2",5.03575343431942,1.17097390022073,0.348598776129777,3.35908781212932,0.000782002141154668,0.0059696352640307,"PLEKHM2","In_VIP"
"GADD45G",3.15783178439693,1.14472436647999,0.341065702602043,3.35631626911388,0.00078988184191274,0.0060216498312619,"GADD45G","In_VIP"
"SELENOT",5.33857254583209,-1.11484917967229,0.332552381374563,-3.35240173311705,0.000801136759148555,0.00608282466724487,"SELENOT","In_VIP"
"ANXA6",1.94063929622155,-1.98454852458812,0.594453849728604,-3.3384400243924,0.000842502158466905,0.00636269344007961,"ANXA6","In_VIP"
"SAMD5",3.35464400700898,-1.39826200923117,0.419390534635978,-3.33403330250366,0.000855964087946715,0.00644543489693422,"SAMD5","In_VIP"
"COPG2",3.86217090074139,-1.23567074222521,0.37066408613837,-3.3336672972518,0.000857091108503834,0.00644543489693422,"COPG2","In_VIP"
"ENSG00000253642",3.66161214868232,1.1944035079731,0.358296692938321,3.33355995607448,0.000857421899372866,0.00644543489693422,"ENSG00000253642","In_VIP"
"NOL4L",4.29701342930398,1.21798874911691,0.366173269870594,3.32626340952562,0.000880187065320091,0.00657695334919734,"NOL4L","In_VIP"
"HCG17",5.7548499954135,-1.08523409297016,0.326379771968509,-3.32506541819287,0.000883977910117793,0.00659655378369275,"HCG17","In_VIP"
"ULK1",1.72013374129103,1.48318947032379,0.446218299564825,3.32391000496904,0.000887648356419601,0.00661520523141732,"ULK1","In_VIP"
"PANK3",2.5569069171927,-1.54149244652557,0.465166932210392,-3.31384786790555,0.000920215602161437,0.00682191330263774,"PANK3","In_VIP"
"PCDH10-DT",1.67667004061264,-1.82818236527697,0.552179985097347,-3.310845040779,0.000930147011311754,0.00688650126723473,"PCDH10-DT","In_VIP"
"ZNF446",1.66056601397828,2.02004825500506,0.611156357516144,3.30528878602347,0.000948785852532836,0.00700299404658765,"ZNF446","In_VIP"
"PELI1",1.83593332318663,1.65825988924021,0.502294537893597,3.30136954344401,0.000962140666284501,0.00706779274881814,"PELI1","In_VIP"
"SCML1",2.85704963302978,1.14833275349786,0.348039808419382,3.29942933457238,0.000968816158105137,0.00710758763264405,"SCML1","In_VIP"
"SUMO1",4.56558377581929,-1.07131354988818,0.325021861633783,-3.29612766508389,0.000980274581657941,0.00717301957485195,"SUMO1","In_VIP"
"PARD3B",4.1743084598095,-1.5584289293551,0.474126390796158,-3.28694828975491,0.00101279429531837,0.00735403147991751,"PARD3B","In_VIP"
"RRP12",1.46417124660039,1.66793727812549,0.507443733597767,3.286940339769,0.00101282288748023,0.00735403147991751,"RRP12","In_VIP"
"NDUFA4",10.4477645700179,-1.18847132734586,0.361895124761465,-3.28402138086059,0.0010233715826978,0.00739261645864432,"NDUFA4","In_VIP"
"MOGS",1.12005479801985,1.96505997042657,0.599794356547889,3.27622284033557,0.00105205515973315,0.00756114452586841,"MOGS","In_VIP"
"SEM1",8.90931498448704,-1.04022002584111,0.317987600406222,-3.27125971110903,0.00107069533783279,0.00766585293208797,"SEM1","In_VIP"
"TSPAN3",5.48550559568403,-1.03843534890462,0.318390906101774,-3.26151070587639,0.00110820247745102,0.00790009451217398,"TSPAN3","In_VIP"
"MIR493HG",1.45222437490255,1.68815164611569,0.517713281064796,3.26078489360679,0.00111104291405041,0.00790463655097077,"MIR493HG","In_VIP"
"IRF1",1.01663633502043,2.71041823807786,0.831491837362621,3.25970516640902,0.0011152808399749,0.00792480687423673,"IRF1","In_VIP"
"CHD1",6.1590512098329,1.00431811235708,0.3085175957485,3.2553025376737,0.00113271633056673,0.00801843928743292,"CHD1","In_VIP"
"PIDD1",3.21635167457922,1.04437954932051,0.321064640357398,3.25286381009738,0.00114248239994298,0.0080572822437926,"PIDD1","In_VIP"
"BIRC6-AS2",7.863853371585,1.03720151045617,0.3189093954511,3.25233914475626,0.00114459360982215,0.008062106361453,"BIRC6-AS2","In_VIP"
"SMIM17",4.03854932808024,-1.12063358020068,0.345479571728671,-3.24370432264166,0.0011798615419677,0.00828984807285517,"SMIM17","In_VIP"
"MRAP2",3.30073974324168,-1.18577130369331,0.365984973869181,-3.23994532113539,0.00119552622676007,0.00838947534778589,"MRAP2","In_VIP"
"CLUAP1",3.22511597121209,1.16492480871297,0.359956095752143,3.2362969330435,0.00121091349487388,0.00847864425518299,"CLUAP1","In_VIP"
"SYTL5",3.09612740855671,-1.36805749348797,0.424712413329127,-3.22113847053442,0.00127682441363666,0.00888273536038605,"SYTL5","In_VIP"
"METTL24",2.56903750710429,1.35240875280912,0.419960496387831,3.2203237314973,0.00128045909829662,0.00889706450956653,"METTL24","In_VIP"
"ERCC8",2.19228053762626,-1.4607207014362,0.454310671724426,-3.21524628926666,0.00130332647792685,0.00900060057922834,"ERCC8","In_VIP"
"PLK2",5.78125874217336,-1.00777406484698,0.313830325486572,-3.21120676685562,0.00132178792057369,0.00909473807956248,"PLK2","In_VIP"
"APOE",3.59013027551378,-1.2055626450489,0.376100104806194,-3.20543022892835,0.00134860737629741,0.00922310298874588,"APOE","In_VIP"
"ZNF516",3.43140678056562,1.08160361430534,0.338583318763053,3.194497644647,0.00140074428171656,0.0095244202913424,"ZNF516","In_VIP"
"SNAP25-AS1",3.97848266574053,1.06616700584543,0.333790570904365,3.19411960306962,0.00140257995089983,0.0095244202913424,"SNAP25-AS1","In_VIP"
"FANCM",1.13455537381499,1.82271787537503,0.570770731914042,3.19343262269715,0.00140592142354174,0.00953427385544695,"FANCM","In_VIP"
"SAR1B",4.04663549847136,-1.11295641187115,0.348788382604362,-3.19092168024873,0.00141819718883588,0.00958300947336587,"SAR1B","In_VIP"
"MICALL2",2.56440726079914,1.24797507125632,0.391163088399466,3.19042135688901,0.00142065499950611,0.00958814825831544,"MICALL2","In_VIP"
"PGRMC2",1.67013046704566,-1.64115039494147,0.515479807140941,-3.18373362488038,0.00145388736714568,0.00976576663139828,"PGRMC2","In_VIP"
"ASL",1.57865875712284,1.40832718702073,0.442783711284496,3.18062103715431,0.00146959734077742,0.0098478711483412,"ASL","In_VIP"
"DPY19L2",3.88972401959125,-1.29300959112811,0.406672211361997,-3.179488430738,0.00147535258741663,0.00985093137790667,"DPY19L2","In_VIP"
"RFX4",1.56822839910732,1.66806379764285,0.524687090218536,3.17915921458652,0.00147702936397361,0.00985093137790667,"RFX4","In_VIP"
"RPS10",5.39286103610968,-1.0066105835229,0.316951578639708,-3.1759128250538,0.00149365829162152,0.00992667728161173,"RPS10","In_VIP"
"CD81",4.06994676586942,-1.10012215154511,0.346798262036992,-3.17222510021622,0.00151275702220669,0.010041791326023,"CD81","In_VIP"
"TRIT1",3.57836112321931,1.44653210597409,0.457046792601495,3.16495406901441,0.0015510743411898,0.0102599753552473,"TRIT1","In_VIP"
"ABCC4",2.78655947230353,1.09477794193434,0.346183719777085,3.16241891051171,0.0015646430510571,0.0103376240882123,"ABCC4","In_VIP"
"UTP23",3.59822985168482,-1.28818774415049,0.407642606497901,-3.16009102978083,0.00157719853779104,0.0104084048364271,"UTP23","In_VIP"
"SLC24A4",2.63085828270745,1.32022062166759,0.418013832459079,3.15831802479128,0.00158682344578717,0.0104232158665718,"SLC24A4","In_VIP"
"NLGN3",2.45945510268373,1.12601918652558,0.356505390904731,3.15849133071453,0.00158588026096368,0.0104232158665718,"NLGN3","In_VIP"
"ENSG00000254459",1.46771147367669,1.77166417430061,0.561777334137315,3.15367685138318,0.00161227506279729,0.010578097363231,"ENSG00000254459","In_VIP"
"CAMK2A",23.0537358382288,1.34448110978076,0.426752522282644,3.15049364580039,0.00162994802169905,0.0106480020121806,"CAMK2A","In_VIP"
"RAD23A",5.05886726372968,1.01511205460017,0.322874547683572,3.14398289330323,0.00166665182319528,0.0108341957988839,"RAD23A","In_VIP"
"PCDH11Y",10.1084231561277,-1.23231737945823,0.393362651404757,-3.13277677750403,0.00173161079816183,0.011187546862255,"PCDH11Y","In_VIP"
"OPTN",2.53610081478906,1.13980327074996,0.364759205773365,3.12481015615039,0.00177919845286542,0.0114472574717958,"OPTN","In_VIP"
"RPS27L",5.12419788625699,-1.01317206801198,0.324456417060102,-3.12267538793754,0.00179215290096464,0.0115043997017605,"RPS27L","In_VIP"
"RNF144A",4.19938175868349,1.09378855868313,0.350943179343904,3.11671126000509,0.00182880594561228,0.0116660222858726,"RNF144A","In_VIP"
"ENSG00000290823",8.91354271908147,1.03267654394515,0.331656840089921,3.11368987193259,0.00184763585078257,0.0117669615795611,"WASH3P","In_VIP"
"HSPA8",6.91152447104499,-1.54097533472437,0.495675508404536,-3.10883896540381,0.00187824059069196,0.0119349618636883,"HSPA8","In_VIP"
"GGH",3.43588232068228,-1.44851818263159,0.466094975573597,-3.10777472091172,0.00188501697566413,0.0119525580745228,"GGH","In_VIP"
"TACC2",3.89996570680457,1.04536130658452,0.336373528173442,3.10773951880515,0.00188524150192952,0.0119525580745228,"TACC2","In_VIP"
"GNAO1-DT",2.63559383986861,1.13818244218342,0.366452654752369,3.10594677763366,0.00189670850646296,0.0120042713951481,"GNAO1-DT","In_VIP"
"DAB2IP",2.66039864109454,1.25200340588195,0.403395316691485,3.1036637116922,0.00191140453441506,0.0120239690589206,"DAB2IP","In_VIP"
"SH3BGRL",6.19255503336929,-1.14254204168856,0.368100523752718,-3.10388594409091,0.00190996945060847,0.0120239690589206,"SH3BGRL","In_VIP"
"C1orf122",2.64566949367757,-1.29883672960217,0.418836150572791,-3.10106166295797,0.00192828130824413,0.0121166419469089,"C1orf122","In_VIP"
"SEC61G",3.40527233352238,-1.15548759063847,0.372792675143743,-3.09954478100443,0.00193818276209,0.0121249107674933,"SEC61G","In_VIP"
"ERP29",4.23498427972488,-1.16493065266425,0.375770239449607,-3.10011419310516,0.00193446046205723,0.0121249107674933,"ERP29","In_VIP"
"ENSG00000275443",1.70166770879412,-1.550784854255,0.501298419124857,-3.09353629513192,0.0019778635832102,0.0123321759178305,"LOC105370997","In_VIP"
"STK40",1.04768715128225,1.83051913679563,0.592498054806427,3.08949391807484,0.00200497811533847,0.0124599795088526,"STK40","In_VIP"
"EML4",4.20381648974543,1.02556827606824,0.332277397486199,3.0864822098254,0.00202540066065547,0.0125418926494609,"EML4","In_VIP"
"MRPS24",4.23685924903136,-1.25382386472648,0.406220595967258,-3.08655906956412,0.00202487710607552,0.0125418926494609,"MRPS24","In_VIP"
"RAB21",2.78381668215359,1.11103410742153,0.359921349535959,3.08688025551686,0.00202269058923506,0.0125418926494609,"RAB21","In_VIP"
"ENSG00000258603",1.79445110279457,-1.54033385729129,0.49951536639781,-3.08365660179628,0.00204473463183823,0.0126237223336111,"ENSG00000258603","In_VIP"
"KCNMB4",2.39401508237221,1.16405897500704,0.377708306765451,3.08189932325182,0.00205684390296597,0.0126707864862102,"KCNMB4","In_VIP"
"KIF9",1.65481498285082,1.5224824478749,0.494135002405359,3.08110625732591,0.00206233037537043,0.0126781286920606,"KIF9","In_VIP"
"TOPBP1",1.26678142759019,1.6946316658259,0.550027038533082,3.08099701852017,0.00206308714636979,0.0126781286920606,"TOPBP1","In_VIP"
"TSHZ1",3.36622982920728,-1.08033520491003,0.350672289202902,-3.08075441993347,0.00206476870184027,0.0126781286920606,"TSHZ1","In_VIP"
"ENSG00000286863",7.19114438649235,1.15228813476973,0.37417127244585,3.07957403367059,0.00207296842434961,0.012687105773728,"ENSG00000286863","In_VIP"
"PTMS",7.34658468350364,1.14683326253338,0.372348587397539,3.07999896158853,0.00207001316673764,0.012687105773728,"PTMS","In_VIP"
"JUND",8.54164386127889,1.1346745228093,0.368444406944288,3.07963562866858,0.00207253980825437,0.012687105773728,"JUND","In_VIP"
"FASTKD1",4.80467556378534,-1.08336158912665,0.352383797322668,-3.07437968873084,0.00210940782650517,0.0128682989329673,"FASTKD1","In_VIP"
"RNF216",5.38169712621271,1.10091714312338,0.35849259120437,3.0709620509166,0.00213370267938416,0.0129605230492915,"RNF216","In_VIP"
"SLC1A2",5.87142797358983,-1.00730843888968,0.329004648972023,-3.06168451429797,0.00220095293934727,0.0132975220902382,"SLC1A2","In_VIP"
"MED6",1.96923470302132,1.25592729815064,0.410437426245117,3.05997264830471,0.00221357205962138,0.0133594749623944,"MED6","In_VIP"
"ENSG00000290846",3.25290949753468,1.0627820677713,0.348090232001872,3.05317980817568,0.00226430218797386,0.0135498337498563,"LOC107985911","In_VIP"
"LINC01470",2.43889725762973,1.19252580619626,0.390728542178013,3.05205706127543,0.00227278891130532,0.0135862270475807,"LINC01470","In_VIP"
"WDR83OS",3.53824491680469,-1.15016773578178,0.377068928618017,-3.05028510303731,0.00228624225680855,0.0136233992707927,"WDR83OS","In_VIP"
"APTX",3.95748575962557,-1.07163109410813,0.351717087078686,-3.04685536608116,0.00231248950946626,0.0137614047151765,"APTX","In_VIP"
"SRPK1",2.74211707171579,1.07202034762435,0.352241678416662,3.043422778483,0.00233903464154391,0.0138737119662017,"SRPK1","In_VIP"
"ZC4H2",4.41534228125211,-1.40216877118429,0.461704608921781,-3.03693908202211,0.00238993750146502,0.0141221306964183,"ZC4H2","In_VIP"
"HSPE1",3.98292366255261,-1.15641452646319,0.380960010067748,-3.03552734119663,0.00240115451983173,0.0141587911091121,"HSPE1","In_VIP"
"VMA21",2.61477559608017,-1.36018148487753,0.448056763415437,-3.03573474599328,0.00239950356605283,0.0141587911091121,"VMA21","In_VIP"
"CSTB",3.6314910551948,-1.10812450500122,0.365450027066419,-3.03221897093969,0.00242763029586693,0.0142890512594336,"CSTB","In_VIP"
"CHD1-DT",4.12907319382986,-1.3186390143776,0.435741506312073,-3.02619556612356,0.00247652067502766,0.0144822622083139,"CHD1-DT","In_VIP"
"RNF213-AS1",2.21365624602934,1.31403505373743,0.434192916074122,3.02638528886801,0.00247496710496222,0.0144822622083139,"RNF213-AS1","In_VIP"
"CFTR",3.22398099274582,1.24909251548437,0.413033161964548,3.02419425487096,0.00249296311434414,0.0145332803229412,"CFTR","In_VIP"
"FIS1",2.93937873858084,-1.12579263231861,0.372453360949533,-3.02264055141967,0.00250579688145396,0.0145661060100692,"FIS1","In_VIP"
"ASGR1",1.27015672384349,1.53675795831734,0.510126652046807,3.01250278171377,0.00259103061416033,0.0149506965673051,"ASGR1","In_VIP"
"WDR91",1.70382080895013,1.38455081626687,0.459821165989975,3.01106368882779,0.00260334241806766,0.0150064095098614,"WDR91","In_VIP"
"AMZ1",1.93146612811837,1.26099554593355,0.418936127118033,3.00999475649965,0.00261252199884017,0.0150439722440858,"AMZ1","In_VIP"
"LAMP2",6.73348113171582,1.21229921322013,0.402963295767955,3.00846063637079,0.00262574815058657,0.0151047365607572,"LAMP2","In_VIP"
"ENSG00000286739",0.55421377548279,3.39619567960592,1.12943985392388,3.00697347256422,0.00263862787789141,0.015146203129229,"LOC102724497","In_VIP"
"ZNF461",3.28487402119568,1.14209603595709,0.380240986367344,3.00361107009576,0.00266796144896836,0.0152389425937535,"ZNF461","In_VIP"
"HAP1",2.8433758267816,1.27564859080609,0.424944951601965,3.001914920973,0.0026828714551487,0.0152623774925831,"HAP1","In_VIP"
"RNF14",2.40161477873888,1.13069018989253,0.377201477973232,2.99757624484379,0.00272135776850942,0.0154502010395073,"RNF14","In_VIP"
"THOC7",2.7264391012649,-1.32268432817185,0.442335964725993,-2.99022560598525,0.00278771466576124,0.0157478001468852,"THOC7","In_VIP"
"ENSG00000265643",1.61050011970018,1.44758189419968,0.484751120404777,2.9862373355443,0.00282433351754148,0.0158727629779885,"ENSG00000265643","In_VIP"
"EVC",0.581882800977829,2.83821295161172,0.950653357418946,2.98553929196396,0.00283078768367066,0.0158799599057155,"EVC","In_VIP"
"SIRT6",1.92564976946099,1.28860265804781,0.432516901711765,2.97931168226704,0.00288896749288952,0.0161422130240681,"SIRT6","In_VIP"
"CARS1",1.84997049112419,1.45935634143422,0.48993862581755,2.97865133413195,0.00289520019865435,0.0161582390041988,"CARS1","In_VIP"
"MCMDC2",2.12315189847077,1.28828077588326,0.432843570090262,2.97631954106334,0.00291730718033264,0.016236323410541,"MCMDC2","In_VIP"
"AKAP12",4.14810573309046,1.11484149503675,0.374935304343876,2.97342363367909,0.0029449767898635,0.016357906036806,"AKAP12","In_VIP"
"WBP4",4.02233252149584,1.02063483688804,0.34328684621202,2.97312538522867,0.00294784003283209,0.016357906036806,"WBP4","In_VIP"
"NORAD",11.8885519882667,-1.02491831410958,0.34498392522377,-2.97091614759957,0.00296912836832081,0.0164276260065076,"NORAD","In_VIP"
"PDE6B-AS1",1.2029680455106,1.8037117523159,0.607362625975174,2.96974439186125,0.00298047631335483,0.0164742766087489,"PDE6B-AS1","In_VIP"
"EXTL2",3.02364522476996,-1.26668879782723,0.427737657818134,-2.9613684338399,0.003062753161199,0.0168466335030313,"EXTL2","In_VIP"
"TMEM231",1.42773135371526,1.6044100586909,0.54237119425556,2.9581402472767,0.00309501273824146,0.016925195506608,"TMEM231","In_VIP"
"COG1",3.12790347713705,1.02566507930469,0.346810652211792,2.95742092338713,0.00310224308898685,0.0169483280557899,"COG1","In_VIP"
"PAAF1",3.04504540359256,1.00817846791085,0.34150110199125,2.95219682171532,0.00315521743903006,0.0171878720473296,"PAAF1","In_VIP"
"NCS1",3.62548168355666,1.06395785404094,0.36061716796665,2.95038048254911,0.00317382811997694,0.017255972136429,"NCS1","In_VIP"
"PRDX2",7.74025463682171,-1.13937337267281,0.386849499772119,-2.94526262369209,0.00322680642674563,0.017510306920928,"PRDX2","In_VIP"
"MROH8",2.10029696511284,1.31324675263067,0.446150121336977,2.94350867527564,0.00324514727958571,0.0175760661384273,"MROH8","In_VIP"
"PELP1",2.9252795307547,1.10928776209432,0.377815835706651,2.93605417575883,0.00332416262018264,0.0179010435094487,"PELP1","In_VIP"
"DDX55",2.29301201546782,1.09077152008165,0.371900110005598,2.93296907082182,0.00335737336236294,0.0180626686895126,"DDX55","In_VIP"
"POLR2L",3.09439743933586,-1.19882750560824,0.408876363349111,-2.93200491167703,0.00336781420544022,0.0181016008054536,"POLR2L","In_VIP"
"RAI1",3.63387136529827,1.26133954212698,0.430895085164657,2.92725441889174,0.00341969011050513,0.0182933990854579,"RAI1","In_VIP"
"ZNF512B",3.05111666292495,1.06708728491123,0.364502243758075,2.92751911184249,0.00341678060682435,0.0182933990854579,"ZNF512B","In_VIP"
"HSPA1A",6.36640299192758,2.31531801687294,0.791526812654545,2.92512897839562,0.00344313483483754,0.0183890428077923,"HSPA1A","In_VIP"
"GP6-AS1",1.27424418770123,1.63235252886425,0.558226554046897,2.92417570792792,0.00345369735539751,0.0184144082931564,"GP6-AS1","In_VIP"
"RANBP10",2.20214875379301,1.23557590521446,0.422817989542024,2.92224062309359,0.00347522942173666,0.0184727896177489,"RANBP10","In_VIP"
"ENSG00000228655",4.06838496099887,-1.65215942270438,0.565943178545128,-2.9193026532303,0.00350815441272213,0.0185953330806618,"ENSG00000228655","In_VIP"
"NAA60",3.90654651429525,1.04047011441251,0.356857471268879,2.91564615618922,0.00354952810623127,0.0187395790316955,"NAA60","In_VIP"
"KMT2D",2.69246857536905,1.02919775160041,0.353247851833631,2.91352869170492,0.00357368995218525,0.0188318792349762,"KMT2D","In_VIP"
"DNAJC27",1.62998653558307,1.48881581775188,0.511394059133145,2.91128884108577,0.00359941106731287,0.0189144866225585,"DNAJC27","In_VIP"
"LRRC49",8.36041198670434,1.20659277970651,0.414544182148515,2.91064941124717,0.00360678473364858,0.0189296563593072,"LRRC49","In_VIP"
"GABARAPL1",3.9723681038681,-1.23821717498673,0.425533936887206,-2.90979653478246,0.00361664117030987,0.0189521391197407,"GABARAPL1","In_VIP"
"RFFL",3.00687514084773,1.05918485663591,0.364239066886808,2.90793863955583,0.00363819716444588,0.0190297923906989,"RFFL","In_VIP"
"PFN2",4.70829787876541,-1.01320102179836,0.348854406952667,-2.90436641075838,0.00367997209238447,0.0191949790857617,"PFN2","In_VIP"
"ENSG00000258752",0.73472598397857,2.31245387516172,0.796121242490795,2.90465038707776,0.00367663528323831,0.0191949790857617,"ENSG00000258752","In_VIP"
"SLITRK1",2.83262139712472,-1.22824825378401,0.425975774627638,-2.88337583248171,0.00393437721147178,0.0202600700707421,"SLITRK1","In_VIP"
"AASDHPPT",2.77643859869255,-1.11835623707379,0.387907834434052,-2.88304627491074,0.0039384957845011,0.0202628075470371,"AASDHPPT","In_VIP"
"COX5B",6.60675637339521,-1.09346697002586,0.37946892686536,-2.88157183002716,0.00395697032176953,0.0203052124634113,"COX5B","In_VIP"
"GDI2",3.49029779236744,-1.03678165119727,0.359776972540401,-2.88173432523073,0.00395493043375739,0.0203052124634113,"GDI2","In_VIP"
"ARHGAP33",3.76588421411782,1.0598397574244,0.368678342361093,2.87470034349446,0.00404411110878241,0.0207118618798838,"ARHGAP33","In_VIP"
"FAM78B",2.41304662642054,1.07516251964193,0.37416601370362,2.87349059044569,0.00405963170979897,0.0207725176889985,"FAM78B","In_VIP"
"LCNL1",6.93347252039561,1.00236199188189,0.348987555426091,2.87219981428298,0.00407625140359525,0.0208221024884622,"LCNL1","In_VIP"
"PLA2G12A",2.8606629934911,-1.22900350414266,0.428150711494609,-2.87049272872253,0.00409832622522805,0.020841747542594,"PLA2G12A","In_VIP"
"ACOX1",2.64021921626494,1.09561087760561,0.383379567893677,2.85777065174598,0.00426628627667786,0.0215565752924448,"ACOX1","In_VIP"
"SYT12",2.97042572573263,1.088786543228,0.38123825756943,2.85592151787051,0.00429121192993839,0.0216438001716268,"SYT12","In_VIP"
"SLC25A29",4.25257797466321,-1.30768626563545,0.45808653985546,-2.85467079222206,0.00430814604496216,0.0217098278394213,"SLC25A29","In_VIP"
"DTWD1",4.74865545132077,-1.02207704584263,0.358991339550122,-2.84707995218901,0.00441222794671296,0.0220572351070633,"DTWD1","In_VIP"
"CCDC102B",2.03627565711082,-1.33447727734008,0.468828054238278,-2.8464108862006,0.00442151026871877,0.0220840950556962,"CCDC102B","In_VIP"
"PNMA8A",4.76079682575499,-1.19853901700649,0.421369112440451,-2.84439220061692,0.0044496239618617,0.0222048814139194,"PNMA8A","In_VIP"
"ENSG00000263300",1.07670298979836,2.01617268254371,0.710815067987919,2.83642366818535,0.00456218823197067,0.0226266912400372,"ENSG00000263300","In_VIP"
"CCZ1B",2.06696304881744,1.39184666075711,0.491296897856453,2.83300518857292,0.0046112637502622,0.0227249367776045,"CCZ1B","In_VIP"
"SALL1",3.27903780578649,-1.10312867232886,0.389162370148269,-2.83462317260677,0.00458797677415547,0.0227249367776045,"SALL1","In_VIP"
"ATOX1",3.2422504332033,-1.23130796707217,0.435445234681173,-2.82769879884831,0.00468838953448937,0.0230502284424112,"ATOX1","In_VIP"
"ENSG00000261063",1.26835505359524,1.77878883375605,0.630686618777545,2.82040046640575,0.00479637505328504,0.0234018654686261,"ENSG00000261063","In_VIP"
"STAU1",3.35172310362668,-1.01642083937751,0.361017426415553,-2.81543428379422,0.00487113582843347,0.0236400741364439,"STAU1","In_VIP"
"MVP",1.14867066190699,1.71360503888035,0.608911924841769,2.81420837558018,0.00488975211406742,0.0237100512380831,"MVP","In_VIP"
"COL7A1",4.41064823203393,1.04528440517907,0.371470605377286,2.81390879937166,0.00489431116577944,0.0237118042671424,"COL7A1","In_VIP"
"AKAP7",4.27806797790705,-1.13251923728608,0.403187226374861,-2.80891646163692,0.00497085433540485,0.0240414008053956,"AKAP7","In_VIP"
"LINC01102",6.28298323124434,-1.05204231728492,0.375431266223185,-2.8022235011708,0.00507517000519498,0.0244621462110465,"LINC01102","In_VIP"
"KLHL13",6.21499366400146,-1.01570247606381,0.36308558844492,-2.79741886868607,0.00515127026844608,0.024723471322389,"KLHL13","In_VIP"
"CCDC65",2.61371565566925,1.3946057099599,0.499255364732511,2.79337150579662,0.00521617476992738,0.0249290789131301,"CCDC65","In_VIP"
"TTC36-AS1",1.3465960817555,2.02478131227994,0.725311181921431,2.79160360786947,0.00524475635589348,0.0250233350121979,"TTC36-AS1","In_VIP"
"LDHA",4.53567480909632,-1.44536027204594,0.518065284903243,-2.78991917459956,0.00527212011086253,0.0251326637183649,"LDHA","In_VIP"
"FHIT",7.94401472948545,-1.00252489090514,0.359866494829975,-2.78582448021118,0.00533917731703159,0.0253664457613492,"FHIT","In_VIP"
"SEC16A",2.54991483131042,1.01600112601216,0.364696108974535,2.78588419511517,0.00533819388023775,0.0253664457613492,"SEC16A","In_VIP"
"CABIN1",2.93215953363608,1.01752719975718,0.365339970696417,2.78515158858079,0.00535027039460785,0.0253767233074221,"CABIN1","In_VIP"
"DUOX1",1.59598559532597,1.80797854500345,0.649381508103662,2.78415464937268,0.00536674388134066,0.0254121845647053,"DUOX1","In_VIP"
"POR",3.59847103537547,1.03618067448475,0.37224402570788,2.78360592225568,0.00537583061283964,0.0254338920702941,"POR","In_VIP"
"WAC-AS1",3.57841547715512,-1.11175412337754,0.399988424654208,-2.77946574163654,0.00544483964248307,0.0257173069735676,"WAC-AS1","In_VIP"
"CHRD",2.96579373675167,-1.1756694681422,0.423081090320875,-2.7788277354834,0.00545554482949939,0.0257248520382655,"CHRD","In_VIP"
"ENSG00000273748",3.88098264568205,-1.03023833472108,0.371180316149481,-2.77557373033269,0.0055104403375293,0.0259620329163495,"ENSG00000273748","In_VIP"
"TNS2-AS1",1.37409002435616,1.58610164480284,0.57206022003885,2.77261307331441,0.00556081964275117,0.0261524433115771,"TNS2-AS1","In_VIP"
"CYP20A1",2.4638568710921,-1.12449145042742,0.406169526937884,-2.76852736566666,0.0056310256473758,0.0263543197034183,"CYP20A1","In_VIP"
"PSMD4",3.75818456532916,1.02722520513607,0.371147499027223,2.76770073307357,0.00564532681911183,0.0263807214309213,"PSMD4","In_VIP"
"PLPP7",1.49384331991778,1.3306754348199,0.48138483133877,2.76426540304394,0.00570511147453873,0.0265920002681959,"PLPP7","In_VIP"
"NOL9",2.02458992815555,1.14176432621856,0.414347956140457,2.75556886259026,0.005859016975809,0.027192026839365,"NOL9","In_VIP"
"FAM174B",2.58420194713104,-1.15932801809925,0.421182645309204,-2.75255410214766,0.00591323749759454,0.02740268960124,"FAM174B","In_VIP"
"HACD1",2.9444960354517,-1.01545509905316,0.369523588689719,-2.74801157526594,0.0059957892305196,0.0277397324841976,"HACD1","In_VIP"
"SEMA6C",2.26153296894279,1.14508425957993,0.416745151681898,2.74768465801846,0.00600177019065904,0.0277446806931529,"SEMA6C","In_VIP"
"SCGB2B2",2.50319024823508,1.0197321068155,0.372698330100381,2.73607908718251,0.00621760808361751,0.028578737237067,"SCGB2B2","In_VIP"
"POLR3GL",2.12490319641958,-1.22830981948958,0.44906553459361,-2.73525738420599,0.00623315166016013,0.0286036342227819,"POLR3GL","In_VIP"
"FAM13C",2.98736383418123,1.01364395165503,0.370684099396775,2.734522342082,0.00624708556852997,0.0286411802598382,"FAM13C","In_VIP"
"OTUD4",3.47975791898929,-1.39470647643299,0.511471775044667,-2.72684934825814,0.0063942225560777,0.0291298090478088,"OTUD4","In_VIP"
"LRRN3",5.95852170165531,-1.20440609729924,0.441998069147426,-2.72491257625271,0.00643185152085636,0.0292540493086293,"LRRN3","In_VIP"
"ELAPOR1",5.89239251999203,1.05353971108307,0.3866863669821,2.7245328541201,0.0064392523460297,0.0292612752087627,"ELAPOR1","In_VIP"
"STUB1",4.42358987255677,-1.07986600264255,0.397050844806743,-2.71971717669598,0.00653377736458867,0.0295274466660491,"STUB1","In_VIP"
"ENSG00000283913",2.21973774821382,1.19316428120001,0.439525363845717,2.71466536256332,0.0066342769828427,0.0298621758375127,"ENSG00000283913","In_VIP"
"OGFR",4.69953661357739,1.04566311452364,0.38537314676474,2.71337824989137,0.00666010367803564,0.029920442650739,"OGFR","In_VIP"
"LINC02762",2.35851166539651,1.02822786354538,0.379200285034947,2.71156933189178,0.00669655350226632,0.0300166092754672,"LINC02762","In_VIP"
"LINC03000",3.50535784569921,-1.29635118733464,0.479417639063286,-2.70401228846633,0.00685077555895006,0.0304245527771296,"LINC03000","In_VIP"
"FSTL4",1.71162573220229,1.17390363135228,0.434563857449676,2.70133747026631,0.00690612250428198,0.0306222025327228,"FSTL4","In_VIP"
"BNIP3",3.55254145225697,-1.03660655951998,0.383864854843983,-2.70044664532077,0.00692464429360166,0.0306802475408281,"BNIP3","In_VIP"
"PKP2",6.83226623742403,-1.02107410805258,0.378192770177488,-2.6998773867977,0.00693650351750319,0.0307087056194166,"PKP2","In_VIP"
"ODF2",3.26647819441894,1.06990730305266,0.397494088701852,2.69163072725633,0.00711036257058242,0.0312822727112306,"ODF2","In_VIP"
"NFATC2",1.04794526648334,3.8657458451814,1.43833306411578,2.68765694234935,0.00719552795513661,0.0315586470641046,"NFATC2","In_VIP"
"ENSG00000277954",2.28305115554113,-1.20467033011391,0.450617113412062,-2.67337900461032,0.00750913592127307,0.0326552030941275,"ENSG00000277954","In_VIP"
"NDUFAF5",2.89070353644687,-1.00012228990032,0.374257941219612,-2.67228074477504,0.00753375893258372,0.0327370801616657,"NDUFAF5","In_VIP"
"TSPYL1",6.29005659999843,-1.09507944053732,0.410615135601036,-2.66692419638746,0.00765489354005075,0.0330877301854606,"TSPYL1","In_VIP"
"ZNF462",2.06938565679063,-1.46492538111727,0.550216020585253,-2.66245497460991,0.00775729469634379,0.0334589432635837,"ZNF462","In_VIP"
"CHUK",2.04070295306984,1.23063175670873,0.464932851381833,2.64690213447202,0.00812328580064466,0.0346066677887192,"CHUK","In_VIP"
"PEX11B",2.03080407754709,1.23445294841986,0.467705002691784,2.63938367414334,0.00830569220575289,0.0351452099402982,"PEX11B","In_VIP"
"ENSG00000290421",2.69726220639271,1.14134088777051,0.43462282357891,2.62604913007585,0.00863823481756367,0.0362267175088472,"ENSG00000290421","In_VIP"
"RAB30",2.83156481291508,-1.06813851883058,0.407444858586199,-2.62155355828255,0.00875300078636896,0.0366103903909078,"RAB30","In_VIP"
"CUTA",5.06185326887573,-1.13430734242222,0.433565391833712,-2.61623128549261,0.00889063127986218,0.0370650746125029,"CUTA","In_VIP"
"DDIT3",2.75083121832995,1.40718917894671,0.537825138841692,2.61644366787568,0.00888510239520293,0.0370650746125029,"DDIT3","In_VIP"
"ECD",1.93229306206319,1.13906805090214,0.437893930613962,2.60124192473979,0.0092886924166026,0.0383006010667066,"ECD","In_VIP"
"FNDC3B",3.55158425413145,1.06900659551519,0.411058874371128,2.60061675386682,0.00930563477730715,0.0383424732727995,"FNDC3B","In_VIP"
"IL13RA2",1.33804091752762,2.1780157834664,0.838004970332473,2.59904876531017,0.0093482492082843,0.0384007670577601,"IL13RA2","In_VIP"
"ODAD4",0.900072284940187,2.22628488342226,0.85697003468092,2.59785615987283,0.00938077804644666,0.0384278572765607,"ODAD4","In_VIP"
"VIRMA",2.38608999802394,1.10652274728667,0.425992458471834,2.59751722191541,0.00939004113636065,0.0384379292603633,"VIRMA","In_VIP"
"ZFAND6",2.89914696873367,-1.14596369241809,0.442506312905889,-2.58971151144189,0.00960563929564175,0.03912874188423,"ZFAND6","In_VIP"
"IQCK",4.4053743656666,1.04644735066461,0.404977581016658,2.58396365556236,0.00976720862176151,0.0395519437307031,"IQCK","In_VIP"
"LONRF1",6.35856789588376,1.08224652051091,0.419539531898433,2.57960558713908,0.00989132149646137,0.0400258417861821,"LONRF1","In_VIP"
"RAB5B",2.81417224130464,1.10595390990235,0.428812545796047,2.57910809920279,0.009905578370101,0.040026188993348,"RAB5B","In_VIP"
"CCDC47",3.7259269694696,1.00297174949026,0.391868639171417,2.55945908713437,0.0104835194919549,0.0417649206394058,"CCDC47","In_VIP"
"CFAP20",1.6238404880351,1.38444414526489,0.541673905255271,2.5558627281712,0.0105924896633691,0.0420855068249231,"CFAP20","In_VIP"
"SOX2",3.49465498518634,-1.08709417521161,0.425649382403426,-2.55396629280497,0.0106503566288695,0.0422795956405366,"SOX2","In_VIP"
"VWCE",1.6121232640812,1.32899176315815,0.521512482340793,2.54834123469684,0.0108236541172503,0.0428171023167694,"VWCE","In_VIP"
"SERP2",6.190012816865,-1.02326995751238,0.401907845051158,-2.54603131069047,0.0108955415038016,0.0430411985699127,"SERP2","In_VIP"
"RIPK2-DT",4.12635571574901,-1.05896794141536,0.416473041519515,-2.5427046551481,0.0109998163006427,0.0433319123307747,"RIPK2-DT","In_VIP"
"GLT1D1",2.29527130713421,1.04435489319817,0.411045793711803,2.54072638420039,0.011062245251867,0.0435171472338418,"GLT1D1","In_VIP"
"LINC02223",1.90245348894488,-1.58835106530519,0.627663714599715,-2.5305765306477,0.0113875239516183,0.0445794336816991,"LINC02223","In_VIP"
"ALKBH1",2.02194551865188,1.13945112055122,0.450564156517387,2.52894311291548,0.0114406568736415,0.0447228193984275,"ALKBH1","In_VIP"
"USP45",2.6316123805032,1.01819129259174,0.405216551028585,2.51270904410792,0.0119808100240689,0.0462292321215609,"USP45","In_VIP"
"RASL10A",1.11232697437641,1.58314834783312,0.633061385023679,2.50078173347108,0.0123919524977064,0.0473307232316049,"RASL10A","In_VIP"
"SLC25A51",1.93725801982462,1.19457110212713,0.478619413172466,2.49586846928977,0.0125649182421862,0.0478619171612337,"SLC25A51","In_VIP"
"ENSG00000271904",3.93068939330535,1.03375364513469,0.415782144946729,2.48628676747804,0.012908390109076,0.0490050374503833,"ENSG00000271904","In_VIP"
