"geneID","baseMean","log2FoldChange","lfcSE","stat","pvalue","padj","Symbol","celltype"
"APOE",19.2963853450977,-2.03779200088924,0.187651768230745,-10.8594340469176,1.79860419987082e-27,1.55147598280857e-23,"APOE","OPCs"
"DLG2",289.532058949245,-0.652337160900358,0.0623011755083929,-10.4707038924567,1.1776404160094e-25,5.07916311424853e-22,"DLG2","OPCs"
"NELL1",51.2153430729872,-1.08071261026957,0.104263601673337,-10.3651954557976,3.57027793473307e-25,1.02657391550025e-21,"NELL1","OPCs"
"PTPRT",54.8511765157786,-1.60389839341455,0.155498026925961,-10.3145899991273,6.05391456400957e-25,1.30552667572866e-21,"PTPRT","OPCs"
"KCTD16",35.7179395172155,-1.53972752372056,0.150460209942058,-10.2334532453032,1.40421029498665e-24,2.01878633409247e-21,"KCTD16","OPCs"
"ANKS1B",191.698449872839,-0.977879338492114,0.0954225623771938,-10.2478838770508,1.20962728869903e-24,2.01878633409247e-21,"ANKS1B","OPCs"
"ZDHHC14",67.1218257660832,0.758332648200788,0.0771925780704598,9.82390622461913,8.88330891967219e-23,1.09467746772989e-19,"ZDHHC14","OPCs"
"FKBP5",25.5264351521925,2.11244824783312,0.219428967468294,9.62702542059927,6.14835132114305e-22,6.62945981202249e-19,"FKBP5","OPCs"
"CACNG5",11.8958819485251,1.85694532248058,0.193347079762652,9.60420671861254,7.67466140885993e-22,7.35573659031397e-19,"CACNG5","OPCs"
"WSB1",67.5502071389757,-0.97759869545123,0.10415660361004,-9.38585420000197,6.24084965683406e-21,5.38335691398506e-18,"WSB1","OPCs"
"ENSG00000287292",18.6933519586122,-1.45469697302217,0.158608134493801,-9.1716416542244,4.65869401240358e-20,3.65326314099939e-17,"ENSG00000287292","OPCs"
"RBFOX1",181.070559720047,-2.00610099502699,0.221651081293118,-9.05071603225819,1.42033872435185e-19,1.02098681968826e-16,"RBFOX1","OPCs"
"MKLN1",86.6848468303521,0.616812167293766,0.0692942955095534,8.90134119638647,5.51758614493636e-19,3.661130622017e-16,"MKLN1","OPCs"
"LPL",9.58616746561472,2.38272669453451,0.270949349883528,8.79399303064861,1.44336533058873e-18,8.89319238689886e-16,"LPL","OPCs"
"DGKG",104.307332404287,0.856937342950173,0.102153816332742,8.38869631809841,4.91562662458939e-17,2.82681301758054e-14,"DGKG","OPCs"
"SEMA6D",12.4097970642443,-1.94979498100031,0.236453172433476,-8.24600897054519,1.63772382067452e-16,8.82937854821148e-14,"SEMA6D","OPCs"
"SORBS2",35.341138377126,-0.934035487192334,0.115215388780791,-8.10686399686964,5.19429457430055e-16,2.63564617634803e-13,"SORBS2","OPCs"
"UBALD2",5.00834458727868,3.33238030370776,0.413302292350478,8.06281592283527,7.45567496280963e-16,3.57292512384422e-13,"UBALD2","OPCs"
"HES5",3.89464950869589,-4.27778984053162,0.533472777561869,-8.01875938277938,1.06818518764257e-15,4.60708271430239e-13,"HES5","OPCs"
"NR2F2-AS1",15.8488531417162,-3.03325070079239,0.378255270265274,-8.0190573383555,1.06559759295585e-15,4.60708271430239e-13,"NR2F2-AS1","OPCs"
"TAFA2",46.5745934446684,-0.937773021928423,0.118410974812837,-7.91964615957846,2.38187429252569e-15,9.78383221301268e-13,"TAFA2","OPCs"
"NRXN3",72.6916680095429,-1.42620837534279,0.180434515057732,-7.90429910201195,2.6944534680595e-15,1.0564707097946e-12,"NRXN3","OPCs"
"CSPG4",24.5109836573364,1.75129126073091,0.221891121434361,7.89257023629479,2.96025627812032e-15,1.11022481108982e-12,"CSPG4","OPCs"
"DOCK5",29.2133420033083,2.43946975916433,0.31149916244113,7.83138464979134,4.82525932817897e-15,1.73427862353633e-12,"DOCK5","OPCs"
"BPTF",39.3195438840603,0.760824982144841,0.0973321888838629,7.81678693214903,5.41887114092133e-15,1.86972729846349e-12,"BPTF","OPCs"
"DAB1",129.02955864766,-0.670094245033241,0.0859616430881405,-7.79527032011431,6.42707404448225e-15,2.13230541183477e-12,"DAB1","OPCs"
"LINC02223",16.2615943148428,-1.6362268378162,0.213745562268267,-7.65502132747257,1.93280163127278e-14,6.17494328568852e-12,"LINC02223","OPCs"
"TLE1",10.1477106272119,1.46068528259354,0.192399465303966,7.59194044685028,3.15149866285599e-14,9.70886695206991e-12,"TLE1","OPCs"
"MAGI1",47.478901303308,-0.819149626842484,0.108788701119577,-7.52973073869226,5.08450623273717e-14,1.51237761253761e-11,"MAGI1","OPCs"
"GHR",22.057381194664,-1.33259836818186,0.178709565612042,-7.45678253773375,8.86608549083537e-14,2.5492951147982e-11,"GHR","OPCs"
"NRCAM",213.050762046103,0.659987256585741,0.0886373114543116,7.44593045250401,9.62635114387957e-14,2.67860983764855e-11,"NRCAM","OPCs"
"NTRK2",67.7947987396262,-0.714842958252575,0.0966908961428356,-7.3930740821409,1.43472486396375e-13,3.86748021142228e-11,"NTRK2","OPCs"
"MEF2C-AS1",19.506262807696,-1.11478842224572,0.151767128180975,-7.3453878689487,2.05163265902746e-13,5.36284342932451e-11,"MEF2C-AS1","OPCs"
"PPFIA2",74.3865405272946,-0.537710434361225,0.0733450376084823,-7.33124491982044,2.28024500134602e-13,5.78511570047375e-11,"PPFIA2","OPCs"
"SOX2-OT",183.811288177865,-1.42191353663509,0.1945142875854,-7.31007245938585,2.66998366993204e-13,6.53770780517369e-11,"SOX2-OT","OPCs"
"FOXN3",35.5750035896439,-0.841725540463241,0.115191878097182,-7.30716049054359,2.72846604435721e-13,6.53770780517369e-11,"FOXN3","OPCs"
"GALNTL6",8.84424471467024,-2.46079973389238,0.338682260799445,-7.26580638762647,3.70819400061978e-13,8.64510309441791e-11,"GALNTL6","OPCs"
"KAZN",127.461651391018,-0.807991069505962,0.111510228776077,-7.24589195425728,4.29602488856961e-13,9.75197649705302e-11,"KAZN","OPCs"
"ENSG00000251294",14.7983155134052,-1.87882317638345,0.261623494332119,-7.18140081868326,6.90007321975529e-13,1.52615465624639e-10,"ENSG00000251294","OPCs"
"RUNX1T1",39.5060451722566,-0.804733831509793,0.112417602279642,-7.15843262257091,8.1604678777366e-13,1.73441214792301e-10,"RUNX1T1","OPCs"
"PTPRD",153.749569562157,-0.919367606744612,0.128456408206854,-7.15703964931161,8.24378600334379e-13,1.73441214792301e-10,"PTPRD","OPCs"
"FHIP1A",2.54368549733718,-3.89034661092189,0.547858748940264,-7.10100298379296,1.23854703315834e-12,2.53054750419102e-10,"FHIP1A","OPCs"
"MDGA2",254.888143120699,-0.38279816232973,0.0539268586643304,-7.09846951613611,1.26146003570848e-12,2.53054750419102e-10,"MDGA2","OPCs"
"ENSG00000226994",29.6507222314345,-1.41242835359064,0.199313870860677,-7.08645287702003,1.37593037596357e-12,2.69744895978677e-10,"ENSG00000226994","OPCs"
"ALK",66.218983097549,2.31667699911105,0.330120646786747,7.01766769713011,2.256023106153e-12,4.18210623174316e-10,"ALK","OPCs"
"GPM6A",171.725277091264,-0.619800064361087,0.0882794454723341,-7.02088760350592,2.20463156794018e-12,4.18210623174316e-10,"GPM6A","OPCs"
"ANKRD10",16.6062694335829,1.1137842995196,0.158743058357716,7.01627089110108,2.27868065026581e-12,4.18210623174316e-10,"ANKRD10","OPCs"
"FAT3",18.4275018848304,-1.13801787167615,0.162311217178438,-7.01133225083919,2.36059404635086e-12,4.24218421746302e-10,"FAT3","OPCs"
"PDE8B",32.3858401933867,0.772831503418458,0.110321301641904,7.0052790523359,2.46494043028266e-12,4.32356351552317e-10,"PDE8B","OPCs"
"PYGL",9.13302438674962,1.2690934068986,0.18122245448299,7.00295893529972,2.50612306719405e-12,4.32356351552317e-10,"PYGL","OPCs"
"RAB27B",7.38785727298396,-1.87938291028056,0.268742141710375,-6.99325717328688,2.68576529503793e-12,4.5426296931367e-10,"RAB27B","OPCs"
"CBFB",16.5907766141145,1.08235577824401,0.154923136903811,6.98640499976463,2.82019211788631e-12,4.67826484786295e-10,"CBFB","OPCs"
"ADGRV1",4.81775556072405,-3.71499881240989,0.532231979751417,-6.98003681429479,2.95102724097895e-12,4.80293603409141e-10,"ADGRV1","OPCs"
"ENSG00000258526",15.0226448380808,-1.21221128441289,0.17495457266092,-6.9287202156315,4.24664722600181e-12,6.78362573546142e-10,"LOC105370460","OPCs"
"GNA12",12.6742581181612,1.13754610616382,0.164384319945069,6.9200402236901,4.51515423675883e-12,7.08140371750576e-10,"GNA12","OPCs"
"TOX",54.4127612118111,-0.687897685804443,0.0994930630410308,-6.91402661430532,4.71086733865091e-12,7.25641815414335e-10,"TOX","OPCs"
"CLSTN2",11.4817100823517,-3.35770590772416,0.489059590910089,-6.86563758309251,6.61949319619329e-12,1.00174997035725e-09,"CLSTN2","OPCs"
"CTNND2",155.936580136143,-0.526861845611433,0.0772557649578318,-6.81970912978478,9.12250252473395e-12,1.35673632376474e-09,"CTNND2","OPCs"
"GALNT13",149.816789065908,0.61847162504983,0.0909174419149388,6.80256298487219,1.02774058146799e-11,1.50259156876998e-09,"GALNT13","OPCs"
"CSMD1",560.323597475562,-0.370357878730316,0.0545284355581468,-6.7920136519483,1.10579081618276e-11,1.58975859673208e-09,"CSMD1","OPCs"
"CIT",13.3442003120075,1.15984373540977,0.171374533917952,6.76788848899256,1.30675406606875e-11,1.84787878260804e-09,"CIT","OPCs"
"NSG2",11.6134966645981,-1.56452662793971,0.231974259922991,-6.74439753987828,1.53663280268781e-11,2.13790234773952e-09,"NSG2","OPCs"
"LINC02930",44.0265799807528,1.4859043683473,0.220694604251748,6.73285318136877,1.66367918844085e-11,2.27792010785568e-09,"LINC02930","OPCs"
"ENSG00000251600",16.6042009642101,-1.40799930906927,0.209392917553486,-6.7241973869991,1.7656295040597e-11,2.37973751594047e-09,"GUSBP5","OPCs"
"CNTN4",32.5113426871142,-1.89249748419685,0.282521119669587,-6.69860535173494,2.10418000402556e-11,2.79240872534223e-09,"CNTN4","OPCs"
"GFAP",12.9894119818589,2.05655931616072,0.309662524114636,6.64129223269972,3.10944835108704e-11,4.06395476916316e-09,"GFAP","OPCs"
"GRIN2B",21.6145008558757,-1.49907587250383,0.226918864957925,-6.60621968465156,3.94257713732303e-11,5.07592095321619e-09,"GRIN2B","OPCs"
"ADGRG1",33.6338731146594,0.976275187888816,0.148276694907077,6.58414451779246,4.57511950875503e-11,5.80367365919425e-09,"ADGRG1","OPCs"
"SAMD4B",9.74173641606615,1.16762758613477,0.177415070399598,6.58133259764734,4.66250268152071e-11,5.8288040769272e-09,"SAMD4B","OPCs"
"KIZ",23.4694991960948,-0.956669763853882,0.145616596739502,-6.56978521181412,5.03878923006962e-11,6.20922798551151e-09,"KIZ","OPCs"
"RAPGEF4",40.6837748513095,-0.676195638818539,0.103003723993921,-6.56476885106061,5.21136385642847e-11,6.33144008810592e-09,"RAPGEF4","OPCs"
"PHLDB1",24.9672258036265,0.88094169375882,0.13468252202982,6.54087613212181,6.11594722734305e-11,7.32724455320294e-09,"PHLDB1","OPCs"
"LMNA",5.96851960038888,2.22484205451571,0.34247955870361,6.49627692507377,8.23320463297794e-11,9.72871550192709e-09,"LMNA","OPCs"
"ITPKB",4.4471620197019,1.7697166193578,0.272892669011359,6.48502807264542,8.87152652610866e-11,1.03413226775964e-08,"ITPKB","OPCs"
"PIEZO1",7.29290098271793,1.51083927580981,0.23360516691413,6.46749083407549,9.96435828878328e-11,1.14603406132059e-08,"PIEZO1","OPCs"
"GADD45B",4.05896040499924,4.11176560690428,0.6372167254044,6.45269567319472,1.09877871396853e-10,1.24711384035428e-08,"GADD45B","OPCs"
"LARP7",7.64246421431996,1.36188314969698,0.212531805405878,6.40790279410724,1.47534917684159e-10,1.65277428564098e-08,"LARP7","OPCs"
"KCTD3",11.6040021170539,1.17691910843622,0.184057215834619,6.39431115536225,1.61272725218053e-10,1.78351093298837e-08,"KCTD3","OPCs"
"KHDRBS2",38.2232969577554,-1.91842806588196,0.301805761509252,-6.35649914795663,2.06403586376638e-10,2.25371814694289e-08,"KHDRBS2","OPCs"
"ENSG00000286481",6.71567804012512,-2.04733938874142,0.323495023504689,-6.32881262456806,2.47054894153838e-10,2.64290670325606e-08,"ENSG00000286481","OPCs"
"BCL6",16.8992713856036,1.27615848783358,0.201664879300668,6.32811470325937,2.48174638260771e-10,2.64290670325606e-08,"BCL6","OPCs"
"SAMHD1",10.038103763897,1.58860766192069,0.252337804390105,6.29555950112319,3.06293039051195e-10,3.22205335958001e-08,"SAMHD1","OPCs"
"SORBS1",37.6896306602615,1.11511783647199,0.177548605365019,6.28063416313205,3.37194751476888e-10,3.50438786293932e-08,"SORBS1","OPCs"
"BEST3",16.18425463,1.18843099818261,0.189281030876963,6.27865873656995,3.415062491072e-10,3.50694393428418e-08,"BEST3","OPCs"
"ROBO2",10.2593385866907,-4.62660237879684,0.738077533180948,-6.26845036029918,3.64658830487008e-10,3.70064361385991e-08,"ROBO2","OPCs"
"CLASRP",8.52636539166808,1.22527877303217,0.195590093084359,6.26452369703458,3.73966690935959e-10,3.75097287908556e-08,"CLASRP","OPCs"
"ZNF197",8.69831105266817,1.37689758685113,0.220073338891405,6.25653972347174,3.93612882495975e-10,3.90264910851757e-08,"ZNF197","OPCs"
"ZFAND6",15.9646508104825,1.00158561646031,0.160284133474461,6.24881324650828,4.1358307181749e-10,4.05405406533826e-08,"ZFAND6","OPCs"
"SEMA6A",18.4521359504594,-0.995950682074306,0.159604874612234,-6.24010190474449,4.3728592042995e-10,4.23823410070646e-08,"SEMA6A","OPCs"
"ANK3",87.1735147427336,-0.875279487505072,0.14050734146139,-6.22942173982837,4.68159946763566e-10,4.48705300086947e-08,"ANK3","OPCs"
"DIRC3",11.710999875197,-1.21314792147312,0.195234012918882,-6.21381440321661,5.17136053419031e-10,4.9019951613105e-08,"DIRC3","OPCs"
"LDB2",17.7612491123345,-2.38411042977395,0.38396413039051,-6.20920091506777,5.32547004003174e-10,4.99320701796889e-08,"LDB2","OPCs"
"ELF2",21.1923252864705,0.861056870672494,0.138930882467317,6.19773556016285,5.72812727067404e-10,5.31299202546605e-08,"ELF2","OPCs"
"PTPRJ",39.813276556026,0.675913285193227,0.109130863407439,6.19360338669469,5.88040859006993e-10,5.39621324446205e-08,"PTPRJ","OPCs"
"ENSG00000225689",10.6074173185008,-1.34246681572405,0.218377371429747,-6.14746302208299,7.87320468696143e-10,7.14886985576098e-08,"ENSG00000225689","OPCs"
"CEBPD",8.41448223181418,1.69417931241755,0.276525838571565,6.12665825793743,8.97439398576627e-10,8.06386692929374e-08,"CEBPD","OPCs"
"RB1CC1",18.1591108649493,0.827433011002483,0.135210011539971,6.11961349295408,9.38026010470826e-10,8.34166223332098e-08,"RB1CC1","OPCs"
"ENSG00000289644",5.29113754349569,-3.91813521245402,0.640676782794052,-6.11561916660482,9.61827754610126e-10,8.46604715435403e-08,"ENSG00000289644","OPCs"
"ZNF131",14.1204269771988,0.961319949529638,0.157310263440247,6.11098048217804,9.90208772000099e-10,8.62781905785137e-08,"ZNF131","OPCs"
"KCNS3",1.79413698881771,-3.33923224793886,0.547799859006619,-6.09571578567804,1.0894883538727e-09,9.39340551025032e-08,"KCNS3","OPCs"
"STAT3",10.6124473385713,1.55495823303659,0.25515374864379,6.0942010113573,1.0998538795911e-09,9.39340551025032e-08,"STAT3","OPCs"
"CTNNA3",32.7048340459477,-0.774658594527405,0.127212761280917,-6.08947236682306,1.13283415267646e-09,9.58022294214429e-08,"CTNNA3","OPCs"
"CACNB2",23.2339157155242,-0.95316204623909,0.156826360657873,-6.07781779951187,1.21829066996544e-09,1.02028886593416e-07,"CACNB2","OPCs"
"WIPI2",6.05735187019349,1.45029044424361,0.23901061156289,6.06789144113797,1.29600454745794e-09,1.07493607945886e-07,"WIPI2","OPCs"
"IL6R",3.57471350673793,3.43306435008812,0.567822650411432,6.04601515561346,1.48472135977837e-09,1.21312430426863e-07,"IL6R","OPCs"
"LIFR",29.5285864794658,1.1601166632855,0.191901901397753,6.04536304661694,1.49073934908966e-09,1.21312430426863e-07,"LIFR","OPCs"
"NCALD",46.0130702803225,-1.38559944502509,0.229715408798262,-6.03180889028621,1.62134453601233e-09,1.30707644557405e-07,"NCALD","OPCs"
"ADD3-AS1",8.46459738866281,-1.61138399446233,0.267736627370569,-6.01854146848593,1.75995630019295e-09,1.40568361532078e-07,"ADD3-AS1","OPCs"
"GABRB2",7.69267819306961,-2.52299357679038,0.419979446636743,-6.00742154644683,1.88496965627312e-09,1.49172002339559e-07,"GABRB2","OPCs"
"ID2",4.32106367411673,-2.81211429271138,0.46875044900233,-5.99917141134813,1.98326917432442e-09,1.55478077385635e-07,"ID2","OPCs"
"HS6ST3",102.549200749769,-0.689693142704001,0.114991980920366,-5.99774990554885,2.00070329119007e-09,1.55478077385635e-07,"HS6ST3","OPCs"
"NEAT1",29.3882554071204,1.78838990838479,0.299028039101631,5.98067630633451,2.22213063960376e-09,1.71143740153768e-07,"NEAT1","OPCs"
"BTBD9",23.4053526081562,-0.900921119594139,0.150753435109985,-5.97612332307292,2.28510042403476e-09,1.74436073077202e-07,"BTBD9","OPCs"
"MYT1L",26.3223098130954,-1.32378612879238,0.221778625727642,-5.96895270880646,2.38781303560908e-09,1.76465788627285e-07,"MYT1L","OPCs"
"FBXW5",6.35205436012258,1.54435880991427,0.258748840746279,5.9685632038391,2.39351927537589e-09,1.76465788627285e-07,"FBXW5","OPCs"
"ATRNL1",173.266848481004,0.388623973553774,0.0650656876251044,5.97279438270057,2.33223775414647e-09,1.76465788627285e-07,"ATRNL1","OPCs"
"MT1X",18.8814620929672,1.59570467470995,0.267294113467585,5.96984592742801,2.37477738947961e-09,1.76465788627285e-07,"MT1X","OPCs"
"FUT9",24.3563542029918,-0.99650243049004,0.16709854586199,-5.96356135446605,2.46798721597668e-09,1.80414048517075e-07,"FUT9","OPCs"
"NCOA1",88.5893756471057,0.663663628230519,0.111477935048348,5.95331827722397,2.62759586610704e-09,1.90467579336465e-07,"NCOA1","OPCs"
"GNG7",24.7212632599246,0.84143470078775,0.141845207700395,5.93206294684995,2.99151883121652e-09,2.15040345317281e-07,"GNG7","OPCs"
"RC3H2",6.43460831210828,1.2814077782959,0.216470028412063,5.91956211072634,3.2279991712595e-09,2.30121659927971e-07,"RC3H2","OPCs"
"ANO3",2.23713610095169,-3.2775527993224,0.554755252008605,-5.90810593943067,3.46063456266978e-09,2.44683883094996e-07,"ANO3","OPCs"
"LINC01301",8.22235628386877,-1.80777671064919,0.307356345205922,-5.88169640499211,4.06082694685625e-09,2.84493533353117e-07,"LINC01301","OPCs"
"ARHGAP21",46.3560355403549,0.509375042723118,0.0866206528627409,5.88052647825541,4.08963576811808e-09,2.84493533353117e-07,"ARHGAP21","OPCs"
"CLCN3",11.5443938464648,-1.13092307075844,0.192657272142692,-5.87012915827449,4.3545576653016e-09,3.00499315367133e-07,"CLCN3","OPCs"
"PIP4K2A",39.9457511229349,0.55233457113592,0.0941192034303066,5.86845777487814,4.39867386891176e-09,3.01134609470102e-07,"PIP4K2A","OPCs"
"SLC25A12",18.5905236515185,-0.984304242600353,0.167892099746963,-5.86271923505537,4.553478032365e-09,3.09277964623468e-07,"SLC25A12","OPCs"
"PRICKLE1",15.0115302289352,-1.04782148310054,0.178884480414334,-5.8575315235484,4.69797662926851e-09,3.16599581281798e-07,"PRICKLE1","OPCs"
"ANKRD36BP2",3.02425621995055,-3.1210678801555,0.533284096761559,-5.85254257366498,4.8411426616392e-09,3.23718578289145e-07,"ANKRD36BP2","OPCs"
"SLC44A5",34.413818964005,-0.666820487117885,0.114084701381212,-5.84495974521348,5.0669078019032e-09,3.36208820763208e-07,"SLC44A5","OPCs"
"UPF2",11.475066942733,1.31281440340819,0.224878573659663,5.83788122649263,5.28688230674688e-09,3.48127074641211e-07,"UPF2","OPCs"
"MIR4458HG",8.00554878881592,1.36327308368636,0.233788633433217,5.8312205502317,5.50233999498782e-09,3.56866051103496e-07,"MIR4458HG","OPCs"
"ENSG00000242593",13.6794756510865,-1.30291495356158,0.223406942125589,-5.83202536664748,5.47585916358596e-09,3.56866051103496e-07,"LOC102724577","OPCs"
"KMT2C",51.3296220188583,0.504991861560475,0.0866738983316397,5.82634300845946,5.66551120421554e-09,3.62005182574542e-07,"KMT2C","OPCs"
"VPS13C",32.3682572538313,0.597776773734006,0.102587870200448,5.82697323344368,5.64416606174525e-09,3.62005182574542e-07,"VPS13C","OPCs"
"OSMR-DT",5.47055906517057,1.4161752947679,0.243442870838444,5.81727979911853,5.98129770040134e-09,3.79372602673985e-07,"OSMR-DT","OPCs"
"TENM2",13.3086583614356,-4.53505356917866,0.780421193531759,-5.81103333272574,6.20883984132278e-09,3.90930310009126e-07,"TENM2","OPCs"
"CNTN6",5.57208310645504,-2.51208916808086,0.436163800752887,-5.75950861521429,8.43591540089519e-09,5.27305842377695e-07,"CNTN6","OPCs"
"SFMBT1",10.6015085199946,1.1046892266618,0.192155529462642,5.74893280329238,8.98084992108159e-09,5.53348652994641e-07,"SFMBT1","OPCs"
"MGLL",16.4176810531422,1.47970702220906,0.257357662713532,5.74961322933734,8.94478326247399e-09,5.53348652994641e-07,"MGLL","OPCs"
"EPHA6",5.25372050054287,-2.09266216081281,0.364289320768049,-5.74450592293167,9.21897689692621e-09,5.63992161084294e-07,"EPHA6","OPCs"
"IFI16",10.4879239605268,1.15469215831553,0.201552446050377,5.72899104398326,1.01029727956002e-08,6.13720023484842e-07,"IFI16","OPCs"
"SLAIN1",48.2086305906473,0.989935486867807,0.173083227111588,5.71941893728149,1.06888953881866e-08,6.44772109220261e-07,"SLAIN1","OPCs"
"FRMPD4",15.8942436271851,-6.09778875817108,1.06871615388271,-5.70571403456141,1.15856369770844e-08,6.94011837252294e-07,"FRMPD4","OPCs"
"EXT1",18.285065136499,-0.817109232321338,0.143403585167546,-5.69796934551297,1.2124284402477e-08,7.21269498315632e-07,"EXT1","OPCs"
"HMGA1",4.30851605755164,2.14407527333314,0.376507068880311,5.69464812363118,1.23626617924541e-08,7.30413154943213e-07,"HMGA1","OPCs"
"SPP1",11.1612270594771,1.49399140012175,0.262581281824495,5.68963404299437,1.27311918969984e-08,7.47069804785771e-07,"SPP1","OPCs"
"CENPV",8.23390637180412,1.18082405914287,0.207766930539034,5.68340715280977,1.32037420550208e-08,7.69564047071686e-07,"CENPV","OPCs"
"GRIP1",16.8453761822226,-2.61728668402035,0.46099699414343,-5.67744848072921,1.36718684344659e-08,7.91500249098676e-07,"GRIP1","OPCs"
"ZFPM2",136.281723414851,1.12814200732529,0.198882005491745,5.67241870140995,1.40795342895326e-08,8.09667085210057e-07,"ZFPM2","OPCs"
"HMGN3",17.6313293590698,-1.04369370562596,0.184358051921784,-5.66123201425866,1.50290065495369e-08,8.58544440372883e-07,"HMGN3","OPCs"
"METTL25",8.55046141078079,-1.29373400455846,0.229635652264709,-5.6338551605529,1.76225041896976e-08,1.00007711276534e-06,"METTL25","OPCs"
"ANKRD18A",5.27969042630772,-2.88726831647767,0.514942463253154,-5.60697266688268,2.05896161495e-08,1.15893164070615e-06,"ANKRD18A","OPCs"
"SNRPN",12.0981485739695,-1.31648423881898,0.234876504150895,-5.60500610130512,2.08247628459834e-08,1.15893164070615e-06,"SNRPN","OPCs"
"BEX3",22.919098862242,-0.833685137583676,0.148711745369837,-5.60604769657132,2.06998940692341e-08,1.15893164070615e-06,"BEX3","OPCs"
"LINC02058",1.33918515210823,-3.39738800679162,0.607062114474267,-5.59644215276693,2.18795278453654e-08,1.20982568714181e-06,"LINC02058","OPCs"
"TMED10",16.3627964834571,1.14394330010839,0.204492925145213,5.59404829920673,2.21835199066899e-08,1.2188219281217e-06,"TMED10","OPCs"
"CCSER1",53.832518964258,-1.17481378795243,0.210135482639576,-5.59074447206741,2.26098104421844e-08,1.2343811700904e-06,"CCSER1","OPCs"
"ZNF385B",14.0841900663713,-4.63769248213194,0.829833005398207,-5.58870574195405,2.28768224036412e-08,1.24110358524408e-06,"ZNF385B","OPCs"
"PTPN7",6.95726806149335,3.68017939344582,0.659002838459641,5.58446668006454,2.34418453533076e-08,1.2638084876102e-06,"PTPN7","OPCs"
"NMT1",20.9898116186027,1.10381561212862,0.197760962091034,5.58156473581732,2.38364300517386e-08,1.27709966227514e-06,"NMT1","OPCs"
"INPP4B",13.8510924661284,-1.41192210832715,0.253034951038352,-5.57994894591912,2.40589191810171e-08,1.28106319046576e-06,"INPP4B","OPCs"
"MIEN1",4.27619099661506,1.54002693487704,0.276923747302575,5.56119491332162,2.6793374458607e-08,1.4179119514107e-06,"MIEN1","OPCs"
"LINGO2",16.2671125812317,-5.46778132451371,0.987737381005654,-5.53566305139403,3.10053135274381e-08,1.63080386882732e-06,"LINGO2","OPCs"
"TSBP1-AS1",18.6307083913171,-0.833142410482984,0.150850929543845,-5.52295178427011,3.33351237340657e-08,1.74271986260637e-06,"TSBP1-AS1","OPCs"
"SLC8A1-AS1",7.32122490997296,-1.77119008997699,0.321112521718593,-5.5157926589022,3.47211420046303e-08,1.80424440320446e-06,"SLC8A1-AS1","OPCs"
"KIAA0232",15.9585608022628,0.907395546473662,0.164660270248046,5.51071333179978,3.57382367786213e-08,1.84386786736442e-06,"KIAA0232","OPCs"
"ARFGAP1",8.44494718122468,1.11175362548341,0.201775160956863,5.50986365324269,3.59111757149573e-08,1.84386786736442e-06,"ARFGAP1","OPCs"
"TSHZ2",29.501724420016,-2.1726233876526,0.394921161280676,-5.5014104096298,3.76765048346421e-08,1.92306231185576e-06,"TSHZ2","OPCs"
"ZNF385D",56.7104261541178,-2.53738130191318,0.461574306386827,-5.49723255129956,3.85797790083809e-08,1.95758337486055e-06,"ZNF385D","OPCs"
"PRMT3",9.49208460260105,1.18047387914692,0.214838592949864,5.49470122168599,3.91372447083293e-08,1.97425656639794e-06,"PRMT3","OPCs"
"CAMK4",16.0739957561056,-1.01692248371473,0.185268625985922,-5.48890821801641,4.04425688102909e-08,2.01651791073739e-06,"CAMK4","OPCs"
"OXR1",46.7771439270786,-1.28111163020919,0.233389768387123,-5.48915078438318,4.0387074960803e-08,2.01651791073739e-06,"OXR1","OPCs"
"ENSG00000287042",26.626792910599,-0.7015964361662,0.128178048972986,-5.47360832675856,4.40963116158942e-08,2.18606197700404e-06,"ENSG00000287042","OPCs"
"PRRC2B",13.4828022379913,1.13809677934406,0.208190301732642,5.46661765640556,4.58703996008159e-08,2.2610175254665e-06,"PRRC2B","OPCs"
"DENND4B",5.22315473467366,1.29645733137733,0.237794199521119,5.45201411131218,4.9802502990453e-08,2.42237305388327e-06,"DENND4B","OPCs"
"MEF2C",21.5582116217206,-1.38342660386276,0.25376095017704,-5.45169224381292,4.98927461466156e-08,2.42237305388327e-06,"MEF2C","OPCs"
"COPS2",5.47793080908485,1.47584044000868,0.270728906410001,5.45135892424292,4.99863672143777e-08,2.42237305388327e-06,"COPS2","OPCs"
"TMEFF2",23.9331259446069,-1.00132811813356,0.184106017361941,-5.43886686856632,5.36205023202848e-08,2.58396901125573e-06,"TMEFF2","OPCs"
"L3MBTL1",12.5372133117467,0.868069745073377,0.159697650933522,5.43570766381988,5.45793769045433e-08,2.61556502876995e-06,"L3MBTL1","OPCs"
"ATOX1",5.8915172830125,1.27465081735979,0.234596220376178,5.43338172846891,5.52959391721965e-08,2.63526392983075e-06,"ATOX1","OPCs"
"HAGH",7.68690615753209,1.19294879354874,0.219609378442242,5.43213956530775,5.56823443641274e-08,2.63909836530199e-06,"HAGH","OPCs"
"ZNF521",15.0906015516815,-1.04442211327406,0.192725362702606,-5.41922504971861,5.98579294516748e-08,2.82149999699534e-06,"ZNF521","OPCs"
"GALNT10",16.1847962894015,-0.914275991120428,0.168762352104946,-5.41753524833476,6.04262395038632e-08,2.83280838021915e-06,"GALNT10","OPCs"
"PAK5",10.9118830359719,-1.93920071745545,0.35805485873706,-5.4159318610993,6.09703186537728e-08,2.84286469571591e-06,"PAK5","OPCs"
"TRIM47",4.11847180684249,1.80498131256366,0.333940540448427,5.40509789599032,6.47730058267404e-08,3.00393520570679e-06,"TRIM47","OPCs"
"FADS3",7.89190650787428,1.11977007645583,0.207382974286878,5.39952751814057,6.68166350137794e-08,3.06574624270671e-06,"FADS3","OPCs"
"MEG3",279.449057597274,-0.952945069966785,0.176461727541158,-5.40029321510818,6.65320618469971e-08,3.06574624270671e-06,"MEG3","OPCs"
"MIR219A2HG",21.1542538777673,-0.921969773207965,0.171173140449835,-5.38618249793789,7.19698887509897e-08,3.28472095431766e-06,"MIR219A2HG","OPCs"
"KYAT3",7.58063004005357,1.1103352240589,0.206222037690465,5.3841734690135,7.27782909611319e-08,3.30413440963539e-06,"KYAT3","OPCs"
"CRISPLD2",12.5996680482181,2.21553160159318,0.411627787002367,5.38236647658688,7.35129043148136e-08,3.32001210795593e-06,"CRISPLD2","OPCs"
"RNF157",15.6196615477259,1.12240146326479,0.208590069435892,5.38089596642927,7.41160200364121e-08,3.32981660851089e-06,"RNF157","OPCs"
"ENSG00000226939",4.3267355549814,-3.22434164023415,0.599870696582018,-5.37506109000825,7.65567212408787e-08,3.4216491058229e-06,"LOC105373643","OPCs"
"KCNJ6",5.05409248185089,-1.7278841928601,0.321532943048773,-5.37389474458299,7.70538479369404e-08,3.42611593971159e-06,"KCNJ6","OPCs"
"SLIT1",8.22019542095595,-1.64083983227035,0.3054012537048,-5.37273443499475,7.75515034333494e-08,3.43056035187729e-06,"SLIT1","OPCs"
"B3GAT1",10.9494513389116,0.968243882214137,0.180254841772418,5.37152773647322,7.80723565672587e-08,3.43598034565905e-06,"B3GAT1","OPCs"
"ENSG00000228566",19.9002278625968,-1.87418931321511,0.349411565811514,-5.36384452203886,8.14690363735325e-08,3.56726856729996e-06,"LOC124902438","OPCs"
"KCNJ3",3.82371528063175,-3.32923680763376,0.622486591722523,-5.34828677742473,8.87906984110221e-08,3.86005647671264e-06,"KCNJ3","OPCs"
"PITPNM2",5.52688818700723,1.384023331386,0.258804432053513,5.34775745687318,8.90506884843283e-08,3.86005647671264e-06,"PITPNM2","OPCs"
"ENSG00000290067",2.44840367708008,-3.14232330780605,0.589975951898994,-5.32618880090223,1.00294882642618e-07,4.32571828837611e-06,"ENSG00000290067","OPCs"
"MCCC1",10.7041161008687,0.985378344554473,0.185089804198425,5.32378511513309,1.01629955727704e-07,4.36149252789638e-06,"MCCC1","OPCs"
"CNTN5",31.378124436917,-1.93811805371818,0.365725337656396,-5.29938140501239,1.1619568080386e-07,4.9619007060104e-06,"CNTN5","OPCs"
"ENSG00000286364",5.21178737285389,-1.72013553526664,0.326006628895066,-5.2763820818512,1.31759228376295e-07,5.59879361563507e-06,"ENSG00000286364","OPCs"
"DNAJB1",8.31438344417017,1.53926850032945,0.292345355672611,5.26524013623542,1.40006230273653e-07,5.92006736441436e-06,"DNAJB1","OPCs"
"TLL1",8.06322457793661,-1.42619385459643,0.270917037586359,-5.26431953967386,1.40709533882142e-07,5.92078263057246e-06,"TLL1","OPCs"
"BEX5",2.12878182552702,-2.90121436088032,0.551269284122808,-5.26278979155677,1.41885771685462e-07,5.94129449785825e-06,"BEX5","OPCs"
"CTNNA2",158.726339976885,-0.582011152090229,0.111039483825185,-5.24147926521812,1.59294379525686e-07,6.63803535163558e-06,"CTNNA2","OPCs"
"CRPPA",11.5782353004422,-1.34158286723563,0.256975453270118,-5.22066543774294,1.7828136204663e-07,7.36385298855311e-06,"CRPPA","OPCs"
"SH3GL2",8.92478335509294,-2.57279776109627,0.492823835868713,-5.22052217007956,1.7841934553763e-07,7.36385298855311e-06,"SH3GL2","OPCs"
"ZNF804B",9.14159823704515,-2.75973827438569,0.530067990678435,-5.20638545039005,1.92554466147917e-07,7.909403928533e-06,"ZNF804B","OPCs"
"AHCTF1",9.56165930030066,0.943719530938987,0.181553588190466,5.19802191928555,2.01420382437668e-07,8.23437070572192e-06,"AHCTF1","OPCs"
"LINC02328",31.399571093395,-0.868243247435593,0.167434007497603,-5.18558481883093,2.15338053679369e-07,8.76182099546339e-06,"LINC02328","OPCs"
"PLPP4",51.441784506292,1.12432198320034,0.216859134136655,5.18457286881834,2.1651048327883e-07,8.76816633222155e-06,"PLPP4","OPCs"
"SPAG16",13.4152780587957,-1.16887650280196,0.225570492167516,-5.18186794544883,2.19674726058823e-07,8.85473919151125e-06,"SPAG16","OPCs"
"STXBP6",16.454496485626,-0.928083592387848,0.179148539420109,-5.18052558726959,2.21261573144243e-07,8.87722013926622e-06,"STXBP6","OPCs"
"EDIL3-DT",9.71011998715056,-1.23092236514637,0.237783554606327,-5.17665053491304,2.25904789840032e-07,8.99066452935117e-06,"EDIL3-DT","OPCs"
"C2CD5-AS1",1.98367689028394,-2.91951390153871,0.564001590551959,-5.17642848964581,2.26173684543149e-07,8.99066452935117e-06,"C2CD5-AS1","OPCs"
"UBE2J2",6.15645913720622,1.28380192438317,0.248131712302162,5.17387282936177,2.29290914165758e-07,9.0313398428942e-06,"UBE2J2","OPCs"
"SPOCK1",76.3397028243277,0.886254999483818,0.1712852468265,5.17414672836086,2.28954854032496e-07,9.0313398428942e-06,"SPOCK1","OPCs"
"SHOC2",9.33010379863441,0.949912400042855,0.183695130335928,5.17113544766118,2.32675831872106e-07,9.12300784422177e-06,"SHOC2","OPCs"
"CASC3",5.60298981743832,1.25058665913442,0.24227844687286,5.16177429431306,2.44620124383139e-07,9.54793299967855e-06,"CASC3","OPCs"
"MYO9B",13.9857056949316,1.59302330832077,0.308798313065919,5.15878241854486,2.48560960621397e-07,9.65804885729806e-06,"MYO9B","OPCs"
"FADS1",5.46520576325507,1.29234087599663,0.250760587704477,5.15368418867987,2.55417956100985e-07,9.87997887590624e-06,"FADS1","OPCs"
"C1orf21",36.9983500652573,-0.672488668077281,0.130638053943825,-5.14772417205829,2.63665813719406e-07,1.01534879872482e-05,"C1orf21","OPCs"
"CIRBP",36.5550855343509,-0.935930653562274,0.181866784527314,-5.14624292717788,2.65755229665646e-07,1.01884649382038e-05,"CIRBP","OPCs"
"ENSG00000259072",6.7593006992341,-2.63157859862848,0.512847053701136,-5.13131269768793,2.87728449937423e-07,1.09820602175231e-05,"LOC112268136","OPCs"
"TPST1",24.5618008743968,1.40670983272951,0.27485196306319,5.11806361887289,3.08688487158244e-07,1.17301625120133e-05,"TPST1","OPCs"
"HSPB1",16.3109723261837,1.92727840066683,0.376782936822118,5.11508938520937,3.13592419240891e-07,1.1864246527947e-05,"HSPB1","OPCs"
"FGF12",180.284546335742,-0.471754209791963,0.0922525620997257,-5.1137247470915,3.15867534277274e-07,1.18981369025143e-05,"FGF12","OPCs"
"COL8A1",3.8045189473698,-2.61020113116729,0.511195819533162,-5.10606900805839,3.28929609955946e-07,1.23362905020869e-05,"COL8A1","OPCs"
"SEPTIN7",32.6502278686061,-0.553795875196454,0.108724734473204,-5.09355923359778,3.51403192914436e-07,1.3122094987359e-05,"SEPTIN7","OPCs"
"ARHGEF4",21.041894892384,0.745794675883813,0.146558150196806,5.08872877340713,3.60471735274741e-07,1.340271201931e-05,"ARHGEF4","OPCs"
"UNC5D",21.512980305736,-1.7195844761085,0.338031663778687,-5.08705148176395,3.63673139464208e-07,1.34637103047994e-05,"UNC5D","OPCs"
"NONO",6.14553707428156,1.15472908982062,0.227113753689329,5.08436442559168,3.68859126696711e-07,1.3597345414042e-05,"NONO","OPCs"
"AP4E1",4.85858856215353,1.3210858046888,0.259966022977511,5.08176333798469,3.73947136037288e-07,1.37262467891815e-05,"AP4E1","OPCs"
"MGST1",4.46951917712931,-1.74468564739927,0.343400611468935,-5.08061310647114,3.76218650871687e-07,1.37511105187253e-05,"MGST1","OPCs"
"MACF1",86.2107341036271,0.730780179885305,0.143980121836142,5.07556300526663,3.86350305830408e-07,1.38892276663272e-05,"MACF1","OPCs"
"ENSG00000231533",13.518843390665,-1.19935865358671,0.236302623972186,-5.0755198288779,3.86438052390277e-07,1.38892276663272e-05,"ENSG00000231533","OPCs"
"FAXC",4.00424319733144,-1.83426397667976,0.361270286389146,-5.07726222107279,3.82912248680446e-07,1.38892276663272e-05,"FAXC","OPCs"
"MAPRE2",14.552004266414,-1.05954912194647,0.208712236394676,-5.07660279171586,3.84242965006558e-07,1.38892276663272e-05,"MAPRE2","OPCs"
"MATCAP1",4.64091813942879,-1.93786592527051,0.382010005684211,-5.07281457667487,3.91974402698267e-07,1.40297560069512e-05,"MATCAP1","OPCs"
"DACH1",2.73888914524942,-2.87153523772492,0.566227443425598,-5.07134592479751,3.95012001338588e-07,1.40800558824242e-05,"DACH1","OPCs"
"TSPYL2",16.42372188573,1.22135263207679,0.241313948700488,5.06125998374298,4.16494818737688e-07,1.47847090799642e-05,"TSPYL2","OPCs"
"SLC4A4",7.00602269366899,-1.35912559297056,0.269040854162931,-5.05174426835364,4.37793596814646e-07,1.54673778034735e-05,"SLC4A4","OPCs"
"DGKB",42.1066860073043,-0.636096757440267,0.125952148836591,-5.05030492386067,4.41105372090713e-07,1.54673778034735e-05,"DGKB","OPCs"
"RPL28",21.4849512702628,0.718753312745395,0.142299354424873,5.05099489488452,4.39514819079966e-07,1.54673778034735e-05,"RPL28","OPCs"
"ZNF638",54.9558681670536,0.446105696739881,0.0883612823145409,5.04865575798089,4.44929635046569e-07,1.54756573867407e-05,"ZNF638","OPCs"
"SCG2",7.11270942107465,1.0543578509493,0.208831318633342,5.04884927150461,4.44479244239489e-07,1.54756573867407e-05,"SCG2","OPCs"
"DGUOK",4.12555197202376,1.34445396065781,0.266423834203436,5.04629762077222,4.5045354757583e-07,1.55424492055564e-05,"DGUOK","OPCs"
"MORF4L2",10.9488142503535,-1.01031378722021,0.200202645291529,-5.0464557336344,4.50081109962684e-07,1.55424492055564e-05,"MORF4L2","OPCs"
"MICALL2",8.45627645334193,1.21777617481786,0.24143683511115,5.04387068467506,4.56207676948732e-07,1.56782765791226e-05,"MICALL2","OPCs"
"ANGEL1",7.38199810891675,-1.38155570105022,0.27425228760803,-5.03753574163358,4.71563525289785e-07,1.61416943220226e-05,"ANGEL1","OPCs"
"SLC4A10",25.7560832521408,-0.986899906989392,0.196058714674679,-5.03369568971704,4.81113201405522e-07,1.63438179735628e-05,"SLC4A10","OPCs"
"CTSV",3.29257438654775,-2.47242681036169,0.491180882530287,-5.03363811234904,4.81257797969504e-07,1.63438179735628e-05,"CTSV","OPCs"
"EEF2K",16.8163139502703,1.32472974697125,0.263272992657744,5.03177228168408,4.85966292785084e-07,1.64390009473103e-05,"EEF2K","OPCs"
"PDPR",6.07593787068915,1.19575669995581,0.237694031033871,5.03065514415639,4.88806662974159e-07,1.64704932609965e-05,"PDPR","OPCs"
"MROH9",6.27813110506963,-1.39960241894013,0.278428198836061,-5.02679838030421,4.98736224151105e-07,1.67396835390173e-05,"MROH9","OPCs"
"FAM13B",21.4504261988217,0.603415461761123,0.120213082760269,5.01954902000527,5.17929278978102e-07,1.7316503722733e-05,"FAM13B","OPCs"
"NRXN1",531.699035843496,-0.647698166384323,0.129120123805004,-5.01624492989543,5.26911492139883e-07,1.75487974177553e-05,"NRXN1","OPCs"
"ARHGDIA",5.68453337585072,1.24283780617705,0.248126701768635,5.00888375704092,5.4746624716061e-07,1.81632455692593e-05,"ARHGDIA","OPCs"
"SMPD4",6.96450246566919,1.16923132967721,0.234045335104856,4.99574720920364,5.86083922954549e-07,1.92960302267402e-05,"SMPD4","OPCs"
"C3orf14",2.78787787584857,-2.62943018024335,0.526265786988841,-4.99639202329356,5.84128570269341e-07,1.92960302267402e-05,"C3orf14","OPCs"
"RHBDF1",5.46343141388336,1.17818302809002,0.236142797973747,4.9892820708468,6.06041005000154e-07,1.98019307164065e-05,"RHBDF1","OPCs"
"MAP2K6",3.01618245087854,-2.39084279374151,0.4791402010451,-4.98986056383206,6.04228917102733e-07,1.98019307164065e-05,"MAP2K6","OPCs"
"ELAVL4",13.4129375735886,-1.21904289601958,0.244753337030646,-4.9806997968201,6.33547550945602e-07,2.06225704696482e-05,"ELAVL4","OPCs"
"LINC01411",2.91922093035135,-2.58652807080246,0.520050660679729,-4.97360789316517,6.57181699216804e-07,2.13114636746021e-05,"LINC01411","OPCs"
"GNG12",12.1355939633491,0.847856740069118,0.170496591534944,4.97286621648002,6.59701889688024e-07,2.13130655447524e-05,"GNG12","OPCs"
"PROM1",8.21453561264681,-2.08538032642272,0.419581222608396,-4.97014693235939,6.69021831238295e-07,2.14607598115848e-05,"PROM1","OPCs"
"ENSG00000275443",3.06463612194585,-3.63004580317299,0.730379602671883,-4.97008102347536,6.69249291597067e-07,2.14607598115848e-05,"LOC105370997","OPCs"
"PITPNC1",48.1574044106078,0.624642913581171,0.125890674161076,4.96178861336421,6.98469873981181e-07,2.23148190109691e-05,"PITPNC1","OPCs"
"CD81",35.9810650899749,1.38149021053384,0.278665788944594,4.95751637029442,7.14000279211955e-07,2.26432588547144e-05,"CD81","OPCs"
"ANKRD12",35.6136581101874,0.529050700157768,0.106701812146131,4.9582166367823,7.11432079289407e-07,2.26432588547144e-05,"ANKRD12","OPCs"
"EIF5B",10.7770608737467,1.10616978987507,0.223308944780566,4.9535399979703,7.2875369833009e-07,2.29548205282874e-05,"EIF5B","OPCs"
"ABCA10",2.66715620999624,-3.56083310821648,0.718861363689381,-4.95343509622129,7.29146861204583e-07,2.29548205282874e-05,"ABCA10","OPCs"
"RARB",4.01614034452369,-3.41526034399748,0.689794778323134,-4.95112524959939,7.37855940725054e-07,2.31445285261611e-05,"RARB","OPCs"
"CMTM3",5.94354688056159,1.76746788658581,0.357170498642396,4.94852708525468,7.47771859728685e-07,2.33705799348537e-05,"CMTM3","OPCs"
"ELOVL5",10.1406386594764,0.862547110816578,0.174810326998874,4.93418853236361,8.04846689723088e-07,2.50635651463948e-05,"ELOVL5","OPCs"
"COL20A1",21.604531815992,1.20456732400033,0.244275856079219,4.93117634847092,8.1735902973364e-07,2.53616510449006e-05,"COL20A1","OPCs"
"SAMD12",17.9171841377911,-1.34772033504514,0.273413689700206,-4.92923502302644,8.25522176860454e-07,2.55231336831479e-05,"SAMD12","OPCs"
"SPON1",9.8601704690376,-1.09566994089658,0.22263325959544,-4.9214117553127,8.59221427717093e-07,2.64701572695987e-05,"SPON1","OPCs"
"SCN7A",2.72073674680846,-2.53766840006542,0.516550769988876,-4.91271826024006,8.98223044400282e-07,2.75732098967859e-05,"SCN7A","OPCs"
"VSNL1",3.62494218650396,-3.20676478707801,0.653696834936485,-4.90558408071471,9.31497261512127e-07,2.84932460205802e-05,"VSNL1","OPCs"
"KIF19",5.37190185578999,2.32101746971588,0.473593605509667,4.9008631930705,9.54164857778973e-07,2.90834843222665e-05,"KIF19","OPCs"
"DENND4A",36.5409276823493,0.680352741079133,0.138932827063828,4.89699054901234,9.7315516734912e-07,2.95578749068785e-05,"DENND4A","OPCs"
"KCNIP4",494.900744078211,-0.512367508380364,0.10466938023292,-4.89510406233603,9.82537225890602e-07,2.97381267036222e-05,"KCNIP4","OPCs"
"IK",2.40217793328511,-2.65794065083747,0.54319956848659,-4.89311996002273,9.92498683008588e-07,2.99345931455667e-05,"IK","OPCs"
"UBASH3B",7.74921201860481,1.5566608888293,0.318512270082195,4.88728703741175,1.02234987403516e-06,3.07274913359835e-05,"UBASH3B","OPCs"
"TAGAP-AS1",3.36559983293706,-2.7657405497593,0.566220503553606,-4.88456446278699,1.03657726485388e-06,3.09394999537356e-05,"TAGAP-AS1","OPCs"
"MLLT6",8.051059635665,0.9780012731083,0.200208231406734,4.88492039631196,1.03470648808082e-06,3.09394999537356e-05,"MLLT6","OPCs"
"ENSG00000268403",1.88645539192142,-2.76379481780402,0.566013259243979,-4.88291532515617,1.04528765534245e-06,3.09915306331139e-05,"ZNF143-AS1","OPCs"
"IFT88",11.5037684341528,0.83165059599832,0.170319891903052,4.8828741417456,1.04550607630839e-06,3.09915306331139e-05,"IFT88","OPCs"
"TLE4",41.3487717004093,-0.767736581587403,0.157294246956508,-4.88089422494697,1.05605877015107e-06,3.11971333949422e-05,"TLE4","OPCs"
"PCDH10-DT",3.90163672210222,-1.81121313777491,0.371294346261004,-4.87810589095721,1.07109421596689e-06,3.1533306166998e-05,"PCDH10-DT","OPCs"
"MITF",16.142529611356,-1.11466835000796,0.228602166141325,-4.87601831961147,1.0824856002855e-06,3.17602747893289e-05,"MITF","OPCs"
"STIP1",6.16998707610579,1.90942861453218,0.392441488852018,4.86551159541694,1.14161117353277e-06,3.33814846877752e-05,"STIP1","OPCs"
"DCLK1",17.5467547453558,-4.69163814015105,0.966121026513671,-4.85615985098805,1.19684096952072e-06,3.48782101455599e-05,"DCLK1","OPCs"
"PYDC2-AS1",2.94678679493563,-2.1818039852674,0.449374377940345,-4.85520335019421,1.20263266167013e-06,3.49289876753081e-05,"PYDC2-AS1","OPCs"
"GON4L",5.27740142288055,1.19253646237534,0.24590463383904,4.84958922391,1.23717410719514e-06,3.5104815291662e-05,"GON4L","OPCs"
"ANKRD30BL",10.8530986589623,-1.49799518419964,0.308764439706442,-4.85157936459216,1.22482178279306e-06,3.5104815291662e-05,"ANKRD30BL","OPCs"
"DNAJB2",11.8916712961917,1.71373448213389,0.353279703842521,4.85092821210529,1.22885021195788e-06,3.5104815291662e-05,"DNAJB2","OPCs"
"TUBB2A",6.35160249551956,-1.32911732792706,0.274047520982113,-4.84995201986815,1.23491342395813e-06,3.5104815291662e-05,"TUBB2A","OPCs"
"PRPF4B",11.9657259230109,0.785038861254205,0.161843934204468,4.8505918069343,1.23093641147365e-06,3.5104815291662e-05,"PRPF4B","OPCs"
"MGAT4C",8.00309836184012,-4.53244766023655,0.934081958516114,-4.85230189804416,1.22036661737549e-06,3.5104815291662e-05,"MGAT4C","OPCs"
"GPC6",108.251670287591,-0.921046948716562,0.189908538450075,-4.84995017198078,1.23492492858641e-06,3.5104815291662e-05,"GPC6","OPCs"
"MSH2",5.75674095340485,-1.62997120649126,0.33626559674793,-4.84727317410682,1.251700174106e-06,3.5400543284716e-05,"MSH2","OPCs"
"KCNQ5",5.60848990186025,-3.54367899009324,0.73211472685642,-4.84033288786475,1.29621816529842e-06,3.65397970387718e-05,"KCNQ5","OPCs"
"ATP2B4",31.8604839968966,0.677774671053743,0.140230450219963,4.83329169941763,1.34293786236703e-06,3.77334918592118e-05,"ATP2B4","OPCs"
"CDKN2A",6.14436452210902,1.92722721040011,0.398825825699664,4.83225279360772,1.34996686252601e-06,3.78078381693162e-05,"CDKN2A","OPCs"
"ENSG00000232006",4.32496010593043,-2.06824920085909,0.428113146693716,-4.83108079448627,1.3579388148458e-06,3.79080265917794e-05,"ENSG00000232006","OPCs"
"RAD51B",14.9907413321717,-0.934102431255019,0.193381714498449,-4.83035551565817,1.36289482811128e-06,3.79236477009288e-05,"RAD51B","OPCs"
"ATE1",16.9860615786305,-0.793410776876489,0.164374696567799,-4.82684253381564,1.38714713188499e-06,3.84743767190996e-05,"ATE1","OPCs"
"RAD23B",7.84434957502674,1.04355219181079,0.216502509357711,4.82004663551777,1.43524666447309e-06,3.96808901530284e-05,"RAD23B","OPCs"
"ENSG00000260733",2.06857988583551,-3.66015778367797,0.760394876807013,-4.81349611276631,1.48312487562084e-06,4.0873594815033e-05,"ENSG00000260733","OPCs"
"NOVA1-DT",2.67595570873355,-2.41344905063111,0.501807692794412,-4.809509868594,1.51300826639782e-06,4.15643608469669e-05,"NOVA1-DT","OPCs"
"ENSG00000253853",6.43702941781807,1.77929436109687,0.370016220857164,4.80869286480208,1.51920412003599e-06,4.16020785378743e-05,"ENSG00000253853","OPCs"
"NKAIN2",37.1341851157904,-3.05398545368183,0.635195967143022,-4.80794213385519,1.52491888509216e-06,4.16264250088766e-05,"NKAIN2","OPCs"
"ENSG00000284052",9.06678938755216,0.913072075796985,0.18993590927725,4.80726408856247,1.53009810579569e-06,4.16360449860998e-05,"ENSG00000284052","OPCs"
"HIP1R",48.4681089030227,0.617965830312218,0.128666192439896,4.80286094267449,1.56414515674328e-06,4.2163487881461e-05,"HIP1R","OPCs"
"FANCI",4.43187830187946,2.75483493679942,0.573570494813702,4.80295789568849,1.56338769257107e-06,4.2163487881461e-05,"FANCI","OPCs"
"DOCK11",5.26165985873211,1.2430070443243,0.258767144072006,4.80357368699952,1.55858493008994e-06,4.2163487881461e-05,"DOCK11","OPCs"
"ZNRF2",8.19235476625028,1.13693000827725,0.236852730890165,4.80015579302934,1.58542247977354e-06,4.26039075094285e-05,"ZNRF2","OPCs"
"TTN-AS1",16.1549546643293,0.861041922095646,0.179446986165475,4.79830807134117,1.60011534666175e-06,4.27925659816578e-05,"TTN-AS1","OPCs"
"NELL2",12.2782058195351,-1.61971595150979,0.33757960866809,-4.79802662814951,1.60236480548058e-06,4.27925659816578e-05,"NELL2","OPCs"
"FAF2",5.79801487741076,1.10589781028938,0.230849690504731,4.79055357566838,1.66321804890334e-06,4.42806138575316e-05,"FAF2","OPCs"
"SMYD3",46.6776838046069,-0.47591497927541,0.099458653302627,-4.78505352196277,1.70941774793858e-06,4.52314033549639e-05,"SMYD3","OPCs"
"DNHD1",8.46825329922622,1.20619664837175,0.25205384570693,4.78547210810752,1.70585875831074e-06,4.52314033549639e-05,"DNHD1","OPCs"
"ARID1A",13.8016850721302,0.717684401138762,0.150032897373171,4.78351357405098,1.72257253104326e-06,4.54400937393859e-05,"ARID1A","OPCs"
"TNKS",57.7173015878103,0.527934112411389,0.110417635295401,4.78124813123378,1.74210173172934e-06,4.58151510301747e-05,"TNKS","OPCs"
"ADAMTSL1",2.55535523373906,-3.93159561199044,0.822471209991869,-4.78022277768155,1.75101055266332e-06,4.59094742470329e-05,"ADAMTSL1","OPCs"
"PLCG1",5.19146943375531,1.82082790636206,0.381122914987503,4.77753458204359,1.77457538072959e-06,4.63863249520408e-05,"PLCG1","OPCs"
"HAP1",7.73032739553545,1.98070235562445,0.414914624543364,4.77375883726519,1.80818892424464e-06,4.71221681587137e-05,"HAP1","OPCs"
"DPP7",10.4485315535039,1.0277355011237,0.215432608228607,4.77056611612441,1.83708872429744e-06,4.77311064331015e-05,"DPP7","OPCs"
"METAP2",8.23796446084306,1.02663669458128,0.215278718214758,4.76887220016392,1.85260135175298e-06,4.79896073880516e-05,"METAP2","OPCs"
"UBR2",23.6604098965425,0.60929778461195,0.127791060248495,4.7679218204086,1.86135982294027e-06,4.80721252475533e-05,"UBR2","OPCs"
"PPP4R3B",10.4998807107908,0.801645558056032,0.168185142022587,4.76644695491813,1.87503065442222e-06,4.82806400747644e-05,"PPP4R3B","OPCs"
"CLIC4",11.9277800385514,1.79421562777194,0.376699849284456,4.76298472425742,1.90750286322598e-06,4.89705943398431e-05,"CLIC4","OPCs"
"DCX",7.49896073678388,-1.12218358841663,0.235713841649718,-4.76078782884652,1.92838696723106e-06,4.93598397012913e-05,"DCX","OPCs"
"UCHL1",13.96604900348,-0.863583200310926,0.181499972183358,-4.75803489070787,1.95486714785322e-06,4.98895976845619e-05,"UCHL1","OPCs"
"RCOR1",7.48602559519984,1.01546799628136,0.213728255172352,4.75121080955102,2.02202189452925e-06,5.14512119829183e-05,"RCOR1","OPCs"
"LINC01122",9.89098343976061,-1.66928888103603,0.35163643968781,-4.74720106516282,2.06250896288703e-06,5.23270656290104e-05,"LINC01122","OPCs"
"EIF4B",6.3676791590056,1.14749162007498,0.242063041903869,4.74046600030203,2.13227232650514e-06,5.39383609631475e-05,"EIF4B","OPCs"
"HSPA9",10.0510589580706,0.950994645605219,0.200737916524161,4.73749385303975,2.16377418065914e-06,5.45751932232917e-05,"HSPA9","OPCs"
"GAS2",3.22133733491964,-2.50605425431549,0.529659377881931,-4.73144507388318,2.22927140474872e-06,5.60632511293365e-05,"GAS2","OPCs"
"CITED1",1.93643555654296,3.74696046508352,0.79553304093722,4.70999980172943,2.4771703245128e-06,6.21164861024635e-05,"CITED1","OPCs"
"RAB9B",5.95092747008321,-1.25731157497167,0.26701963549102,-4.70868583375756,2.49318999522345e-06,6.23369765182535e-05,"RAB9B","OPCs"
"CDH8",8.11772998962529,-3.16823240974879,0.673079323827746,-4.7070713623044,2.51300954249153e-06,6.26509257616531e-05,"CDH8","OPCs"
"DDX10",9.74400058413162,0.881348940211412,0.187341093543261,4.70451476257606,2.54470454234386e-06,6.32582748768246e-05,"DDX10","OPCs"
"ITGB1",8.55646035061466,0.98487146315529,0.209473999951777,4.70164060161174,2.58079460034215e-06,6.39710753521593e-05,"ITGB1","OPCs"
"CDIPT",4.83147647333302,1.4326809534514,0.304782502811181,4.70066667291257,2.59313502087279e-06,6.40927870775033e-05,"CDIPT","OPCs"
"STMN4",10.6550909546289,-1.03267036495126,0.219901690078663,-4.69605469872401,2.65234542794879e-06,6.53689476042464e-05,"STMN4","OPCs"
"CDC42BPA",72.6628098653568,0.418873266544445,0.0892938160132225,4.69095493110541,2.71932872182526e-06,6.68288591295291e-05,"CDC42BPA","OPCs"
"UHRF2",8.60631604096459,1.37382986393587,0.29304854648472,4.6880623719712,2.75803966969817e-06,6.75876425875466e-05,"UHRF2","OPCs"
"ZMIZ1",15.2991517255689,0.859759586117301,0.183588905221055,4.6830694103333,2.82610761211681e-06,6.90595021589791e-05,"ZMIZ1","OPCs"
"MYO9A",37.0238879344015,0.494803098493547,0.105785916422227,4.67740050120305,2.90534468507579e-06,7.07952069306886e-05,"MYO9A","OPCs"
"IREB2",8.40228593986691,0.897325764151157,0.191873134621575,4.67666182616405,2.91582514162088e-06,7.08504441454132e-05,"IREB2","OPCs"
"KCNB2",5.40785064918822,-3.76271264234626,0.805032956655255,-4.67398584274059,2.95409703981027e-06,7.15787670376501e-05,"KCNB2","OPCs"
"CDH18",21.9423810990093,-1.67269324172023,0.358195603812735,-4.66977602158042,3.01528307799581e-06,7.28566717949352e-05,"CDH18","OPCs"
"ABCB6",5.15173042786625,1.65877506941857,0.355489151941524,4.66617633860014,3.06856384391638e-06,7.39369601050913e-05,"ABCB6","OPCs"
"RALGDS",10.2996624729481,0.881943298749562,0.189082447691614,4.66433193306222,3.09621260988428e-06,7.42566845676396e-05,"RALGDS","OPCs"
"CD82",8.91724507675324,1.47982683396596,0.317277292369188,4.66414354117728,3.09905013266291e-06,7.42566845676396e-05,"CD82","OPCs"
"ATXN7L1",3.89127130999004,-1.68314764326447,0.360989956311935,-4.66258856745046,3.12256630729985e-06,7.46129001849543e-05,"ATXN7L1","OPCs"
"HAGHL",4.857209712029,1.27117263577541,0.272847226770462,4.65891719267797,3.17877032976416e-06,7.57460576368663e-05,"HAGHL","OPCs"
"CLNS1A",9.07188228686655,1.02743415050418,0.220691053171836,4.655531503147,3.23145989122988e-06,7.678945736019e-05,"CLNS1A","OPCs"
"TJP1",46.6285607932417,-0.427124920181255,0.0918091899514117,-4.65231117284994,3.28235262472934e-06,7.77845432442727e-05,"TJP1","OPCs"
"LINC-PINT",54.3224577691847,0.633236491837235,0.13622386212473,4.64849903651556,3.34359183197504e-06,7.90186935414156e-05,"LINC-PINT","OPCs"
"NSRP1",7.93293735871582,1.0066971981364,0.216670520041213,4.64621212865003,3.38085358328467e-06,7.96809918289988e-05,"NSRP1","OPCs"
"ENY2",6.03245701685719,-1.29008859551208,0.277920121010604,-4.64194024823003,3.45152683256571e-06,8.1124987623193e-05,"ENY2","OPCs"
"MIR9-3HG",8.39448195689245,-1.29309903451014,0.278651176038103,-4.64056550162674,3.47457015720466e-06,8.14446798262157e-05,"MIR9-3HG","OPCs"
"ZFHX3",30.5090469839469,-0.733673087259919,0.158166918199492,-4.63860012960837,3.50776981960071e-06,8.20000608777121e-05,"ZFHX3","OPCs"
"CEP44",4.45790865109285,1.19453621780971,0.2578576581525,4.63254117162286,3.61204472700334e-06,8.42094535544077e-05,"CEP44","OPCs"
"SYN2",16.8640663976712,-0.916417062170304,0.197984246167959,-4.62873728545486,3.67902143504066e-06,8.55397274896516e-05,"SYN2","OPCs"
"ANKDD1A",6.28499297916694,1.3275454074641,0.286915365126013,4.62695822121983,3.71075331965713e-06,8.60455863853828e-05,"ANKDD1A","OPCs"
"LINC01013",22.682123489929,-0.745228856122047,0.161131203521138,-4.62498162886424,3.74631604263641e-06,8.64056742881863e-05,"LINC01013","OPCs"
"ATP2C2",11.3220896464025,-0.926055518104561,0.200223029262175,-4.62511990512326,3.74381759347243e-06,8.64056742881863e-05,"ATP2C2","OPCs"
"TRABD",6.13324254176006,1.08514210923547,0.234767436330701,4.62220027698775,3.7969117237739e-06,8.73390947447297e-05,"TRABD","OPCs"
"KCNH7",5.75526109860033,-4.97556285282965,1.07860511527278,-4.61296055653447,3.9697365768734e-06,9.10716694471009e-05,"KCNH7","OPCs"
"PTPN12",13.4642939761579,0.771627603115497,0.167420695678539,4.60891408907464,4.0477753503492e-06,9.26156768491039e-05,"PTPN12","OPCs"
"ABCC8",14.4070187277776,1.2210499288155,0.265097656325071,4.60603818887862,4.10413050589413e-06,9.36566924440284e-05,"ABCC8","OPCs"
"LINC01135",3.62800823547092,-1.8950843797274,0.411552778599772,-4.60471773796561,4.13025676382461e-06,9.37568285388187e-05,"LINC01135","OPCs"
"CACNA1E",5.82752679092259,-1.55324897061922,0.337277107661679,-4.60526058642935,4.11949680432079e-06,9.37568285388187e-05,"CACNA1E","OPCs"
"ATF4",5.32005357557327,1.21935218615755,0.265038617318891,4.60065857003187,4.21157269489684e-06,9.53517744519163e-05,"ATF4","OPCs"
"CSNK1D",6.81638913555261,1.04162548270742,0.226505329931304,4.59867978834463,4.25176700961761e-06,9.60097964004229e-05,"CSNK1D","OPCs"
"HTR2C",15.5579232811658,-3.8843550306923,0.845049682785157,-4.59659959623918,4.29441745488933e-06,9.67196996498052e-05,"HTR2C","OPCs"
"YARS1",6.95132950072957,1.16552431145603,0.253784033123457,4.59258329655845,4.37792679166222e-06,9.81864329481812e-05,"YARS1","OPCs"
"GRAMD2B",18.0322930661767,-1.04097823905127,0.226675371748593,-4.59237468552968,4.3823065946035e-06,9.81864329481812e-05,"GRAMD2B","OPCs"
"DLGAP2",11.009239330311,-5.37633321458103,1.17191447383126,-4.58764981117143,4.48263738412152e-06,0.000100174171179876,"DLGAP2","OPCs"
"YY1AP1",8.41706972153484,0.909215693563026,0.198279139576383,4.58553378588155,4.52828038372662e-06,0.000100932678527199,"YY1AP1","OPCs"
"RAPGEF5",7.66567311803018,-2.24923345087734,0.490593492133815,-4.58471929803715,4.54596740803549e-06,0.000101065759952872,"RAPGEF5","OPCs"
"SQSTM1",8.95216855468059,0.951725778308005,0.207666369748599,4.5829557258605,4.58449135429038e-06,0.000101660211882028,"SQSTM1","OPCs"
"ENSG00000285519",5.58779489358527,-1.73729438673025,0.379366328994592,-4.57946384259898,4.66169363686077e-06,0.000103107100798874,"ENSG00000285519","OPCs"
"CA8",13.5712124217841,-1.43704952085046,0.313889974817199,-4.57819502418756,4.69005328053575e-06,0.000103205101015054,"CA8","OPCs"
"RBM17",7.31679244505399,0.937986010710072,0.204876676256633,4.57829572330201,4.68779650827459e-06,0.000103205101015054,"RBM17","OPCs"
"TMEM178A",7.4040794929448,-2.00438061777333,0.438118011842053,-4.57497880387518,4.76268202443435e-06,0.000104386751280132,"TMEM178A","OPCs"
"AKAP7",11.7225839229424,-0.832515510956685,0.181980661851022,-4.57474713240806,4.7679550202147e-06,0.000104386751280132,"AKAP7","OPCs"
"ATP1B3",11.8642780578728,0.931169525152755,0.203573554572324,4.57411831860477,4.78229543940803e-06,0.000104435646735022,"ATP1B3","OPCs"
"RGMB",4.2848996840495,1.21210287137038,0.265193114784731,4.57064231231758,4.86231590074553e-06,0.000105857925271773,"RGMB","OPCs"
"RPH3A",4.85539629559124,-2.28222782632789,0.499368621103898,-4.57022674208648,4.87196804230165e-06,0.000105857925271773,"RPH3A","OPCs"
"DTNBP1",4.21899265093702,-1.59916946796551,0.350051015882116,-4.56838973580938,4.91485511017911e-06,0.000106452418815547,"DTNBP1","OPCs"
"FAM149B1",3.86976977163094,-1.81268904549778,0.39682338406987,-4.56799956420566,4.9240105619526e-06,0.000106452418815547,"FAM149B1","OPCs"
"OTUD7B",8.55700779925655,0.867983585156725,0.190298669929425,4.56116474948894,5.08706466103669e-06,0.000109702549415256,"OTUD7B","OPCs"
"INPPL1",4.75392078429567,1.23902784759129,0.27183749497193,4.55797257740044,5.16497790882392e-06,0.000111104986138442,"INPPL1","OPCs"
"GUSBP1",31.8695973635839,-0.595761912697975,0.130749533070155,-4.55651273628881,5.20098868551444e-06,0.000111601314430964,"GUSBP1","OPCs"
"RBMX2",4.40532219909174,1.25356654421388,0.275449657208584,4.55098240788377,5.33960129793666e-06,0.000114291317111667,"RBMX2","OPCs"
"KANSL1L-AS1",7.05492440128601,-1.13591413357206,0.249690241858186,-4.5492932567914,5.38263874039629e-06,0.000114927331125392,"KANSL1L-AS1","OPCs"
"MAPKAP1",15.1492702881044,0.795755168880258,0.1751833134855,4.54241418915805,5.56136369678284e-06,0.000118450180860367,"MAPKAP1","OPCs"
"BRD4",8.02232560844891,0.951630466062752,0.209534062312583,4.54165043888239,5.58155347614235e-06,0.000118587389865034,"BRD4","OPCs"
"LINC02981",13.0780965614797,-1.33918775161781,0.295043985017884,-4.53894273267979,5.65369865851095e-06,0.000119791158687854,"LINC02981","OPCs"
"PABPC1",12.0150443248681,0.737361599316731,0.162468669284359,4.53848488182156,5.66598571118068e-06,0.000119791158687854,"PABPC1","OPCs"
"NDUFB3",3.11946835006807,-1.90680537328853,0.420257809004997,-4.53722770268823,5.69985541963585e-06,0.000120043605281155,"NDUFB3","OPCs"
"ATF7IP2",4.28487727491721,-1.59143178466019,0.350766700967964,-4.53700930067912,5.70575911955408e-06,0.000120043605281155,"ATF7IP2","OPCs"
"CAMK1D",13.8984978512488,-0.865063855100233,0.190875954029619,-4.53207351076814,5.8407515768969e-06,0.000122584727742853,"CAMK1D","OPCs"
"PBRM1",18.4500961693467,0.596889892861658,0.131840748350138,4.52735516394717,5.97265101638082e-06,0.000125048756474031,"PBRM1","OPCs"
"GRIA1",17.0866511916199,-1.20335551757217,0.265896411985873,-4.52565534293899,6.02086357807417e-06,0.000125752952117355,"GRIA1","OPCs"
"ZZZ3",20.1994807370857,-0.679982492412723,0.150463023793631,-4.51926643017198,6.20542644765817e-06,0.000128983153102408,"ZZZ3","OPCs"
"CRY1",6.59556012177473,1.20265973083632,0.26609971663879,4.51958290684254,6.19615801889371e-06,0.000128983153102408,"CRY1","OPCs"
"SYN3",15.725350387772,-0.834021165875531,0.184573411988039,-4.51864196956806,6.22375351313459e-06,0.000129053119721873,"SYN3","OPCs"
"CAPN7",16.7558148969829,0.727219390537989,0.160977268083832,4.51752846345533,6.2565619890405e-06,0.000129422311073054,"CAPN7","OPCs"
"PSMD2",5.43621570405752,1.15846562846578,0.256469889577055,4.51696544329709,6.27321381031479e-06,0.000129456321358314,"PSMD2","OPCs"
"RIGI",5.96319225436206,1.21173055283105,0.268373494659572,4.51509026391787,6.32898026863855e-06,0.000130295426723809,"RIGI","OPCs"
"THSD7A",22.2511244196567,-0.904882309902081,0.200488216831389,-4.51339397498402,6.37983501491502e-06,0.00013102965913966,"THSD7A","OPCs"
"HIP1",57.8519624285874,0.69023027911635,0.15299700379436,4.51139736072267,6.44019449174909e-06,0.000131955148897453,"HIP1","OPCs"
"THUMPD2",7.47375523474864,0.885985600825621,0.196857552177353,4.50064318603038,6.77481493948986e-06,0.000138482354663601,"THUMPD2","OPCs"
"NUP214",7.0284700809525,0.940276944390062,0.209017178796331,4.4985629880034,6.84143273885532e-06,0.000139513472353111,"NUP214","OPCs"
"ENSG00000237705",1.14593422073103,-2.70135848980476,0.600910754148486,-4.49544041466306,6.94260982549083e-06,0.000140910476128668,"ENSG00000237705","OPCs"
"LINC02253",1.14763638267425,-3.22760853969816,0.717949876874179,-4.49559035200419,6.93771904380598e-06,0.000140910476128668,"LINC02253","OPCs"
"FAM135A",27.8639837330257,0.675530397588374,0.150298592082326,4.49458899267899,6.97044481340572e-06,0.000141143326198211,"FAM135A","OPCs"
"SNX30",4.03225239047411,1.20378346876295,0.268207349647601,4.48825682944413,7.18083277759559e-06,0.000145062912270585,"SNX30","OPCs"
"HDHD2",4.36355511017329,-1.54052874290756,0.34341541285543,-4.48590449129343,7.26052619432882e-06,0.000146330137738973,"HDHD2","OPCs"
"CHKA",17.2826900020563,0.625894017775599,0.139564860984577,4.48461033357648,7.30473011921452e-06,0.000146877860159311,"CHKA","OPCs"
"LSAMP-AS1",42.5430324183666,-1.20674536313989,0.269297606413068,-4.48108462311728,7.42646557601533e-06,0.000148978353624903,"LSAMP-AS1","OPCs"
"ETNK1",16.9935923085386,0.670161108177505,0.149624547337765,4.47895161657313,7.50105316687536e-06,0.000150125486351431,"ETNK1","OPCs"
"RIMS1",32.4479577851778,-0.599056327954928,0.133780329814229,-4.47791038328873,7.53772297745637e-06,0.000150510181489673,"RIMS1","OPCs"
"KDM7A",7.37301132098021,1.51682593742837,0.338780762095004,4.47730835732345,7.55900306872807e-06,0.000150586513789488,"KDM7A","OPCs"
"KCNF1",7.53468455054233,1.23974199410308,0.276960092924912,4.47624775472325,7.59663249860391e-06,0.000150987446850132,"KCNF1","OPCs"
"NRG2",14.1558005988922,-0.747296102470272,0.167000806569503,-4.47480534867513,7.64809556965804e-06,0.000151660856054874,"NRG2","OPCs"
"WDFY1",7.73416614174063,1.04021846623397,0.232530848435188,4.47346437358357,7.69623859533802e-06,0.000152068277199884,"WDFY1","OPCs"
"DPY19L2P2",8.53421756416407,-1.33446816077202,0.298321722609095,-4.47325172669586,7.703899505721e-06,0.000152068277199884,"DPY19L2P2","OPCs"
"PHF20",4.62299189987203,-1.34598343641306,0.301185035874888,-4.46895853408925,7.8601364767595e-06,0.00015479803024778,"PHF20","OPCs"
"PLXNB2",5.11045929436935,1.39026495139232,0.311137994722698,4.46832265738356,7.88353316641288e-06,0.000154905141443001,"PLXNB2","OPCs"
"NAA16",12.4780974286079,0.699409888202192,0.156576356245062,4.46689337378325,7.93636603291106e-06,0.000155588848636116,"NAA16","OPCs"
"ATP8A2",21.4455574000382,-1.41499219730629,0.316824563459358,-4.46616948463909,7.96325325345136e-06,0.000155761955928053,"ATP8A2","OPCs"
"NUP42",21.8096691159229,-0.890124053287499,0.199375561182172,-4.46455948768055,8.02336549719318e-06,0.000156582694069657,"NUP42","OPCs"
"LINC01572",17.514920909034,-1.19789140331937,0.26863586435025,-4.45916410385752,8.22799080450408e-06,0.000160213653904407,"LINC01572","OPCs"
"METTL15",12.5434743016946,-0.805239796208798,0.180850632753393,-4.45251301557136,8.48710938999695e-06,0.000164886949545301,"METTL15","OPCs"
"MAGI2",141.516043280895,-0.248878238699473,0.0559123671660826,-4.45121985195517,8.53838702931056e-06,0.000165510396662546,"MAGI2","OPCs"
"TMEM255A",7.25799001916351,1.10266534749086,0.247891652819691,4.44817457525648,8.66031318620608e-06,0.000167497447408551,"TMEM255A","OPCs"
"CCDC7",12.8492323176495,-0.847610087140375,0.190586924285938,-4.44736746928506,8.69290580605615e-06,0.000167751690118659,"CCDC7","OPCs"
"PIK3C2A",11.5279743232657,0.726411544881525,0.16340345950591,4.44550896950412,8.76840221415e-06,0.000168830887275129,"PIK3C2A","OPCs"
"PGAP1",20.7605008149636,0.965505387607178,0.217237984864857,4.44445932513974,8.81131755843666e-06,0.000169279343561413,"PGAP1","OPCs"
"TMEM39A",4.17759145805557,1.43509704132579,0.32294702265588,4.44375374488272,8.84027836424186e-06,0.000169458313711001,"TMEM39A","OPCs"
"PTPRO",13.2347350663463,-0.900366956439449,0.202637250217595,-4.44324503748753,8.86121485692714e-06,0.000169483014092802,"PTPRO","OPCs"
"MPRIP",17.5820997982488,0.583220685873184,0.131284506510568,4.44241823635325,8.89534401801721e-06,0.000169759374998709,"MPRIP","OPCs"
"MICAL3",9.23906892836081,-0.923910968581264,0.208080958015258,-4.44015145544225,8.9895589231085e-06,0.000171178665056808,"MICAL3","OPCs"
"XACT",3.05322240725185,-1.94485258082858,0.438281465262198,-4.43745112439352,9.1030382658607e-06,0.000172957727051353,"XACT","OPCs"
"PHACTR1",29.4535979290543,-1.32997071567475,0.299825244121501,-4.43581967079395,9.17226075850951e-06,0.000173627231216626,"PHACTR1","OPCs"
"MATN2",30.4313888418982,1.64857727368269,0.371663438315322,4.43567244912594,9.17853204669386e-06,0.000173627231216626,"MATN2","OPCs"
"PTCH2",1.39829795981612,-2.47604218339049,0.558302932936693,-4.43494389392945,9.20962709043231e-06,0.000173834230376519,"PTCH2","OPCs"
"GALT",2.90256045944192,-1.99912758872042,0.450960164094393,-4.43304696931494,9.29106152479123e-06,0.000174988420770413,"GALT","OPCs"
"MMUT",4.58205169641823,1.23000448245187,0.277541142047724,4.43179152963336,9.34533502506677e-06,0.000175627145808771,"MMUT","OPCs"
"SH3GL3",10.1738887157414,-1.71397197050749,0.387177410508397,-4.42683876690247,9.56241534914917e-06,0.000179316075656002,"SH3GL3","OPCs"
"UNC80",46.7787781222492,-0.439758695855449,0.0993500590015804,-4.42635565871635,9.58384602360156e-06,0.00017932810368674,"UNC80","OPCs"
"PDE7B-AS1",8.7971549993927,-1.41020443451089,0.320102602796584,-4.40547631350263,1.05551686045215e-05,0.000197075507321651,"PDE7B-AS1","OPCs"
"ZMYND8",27.6109379813002,0.76444328656501,0.173955067241944,4.39448702866349,1.11034633102459e-05,0.000206864955754171,"ZMYND8","OPCs"
"CARS1",6.6879522964497,1.19333615026498,0.271896237238396,4.38893955424134,1.13904720312812e-05,0.000211754766684982,"CARS1","OPCs"
"GPRC5B",21.3089050880193,1.05484098018493,0.240446023860125,4.38701777326362,1.14915402767402e-05,0.000213174250380992,"GPRC5B","OPCs"
"PLCL1",21.7532333294439,-0.625007679108324,0.142490519862844,-4.38631061006679,1.15289456517346e-05,0.000213402167104699,"PLCL1","OPCs"
"ARL15",19.1404943035564,-0.663658489792555,0.15131805684255,-4.38585125688672,1.15533053602938e-05,0.000213402167104699,"ARL15","OPCs"
"SLC18B1",9.52071128499313,-0.913740121244714,0.208397972749561,-4.38459217807644,1.16203270305908e-05,0.000213922378143725,"SLC18B1","OPCs"
"HNRNPL",10.504611385879,0.771572981457614,0.175981789771148,4.38439103535082,1.16310683224446e-05,0.000213922378143725,"HNRNPL","OPCs"
"CENATAC",4.66799738556486,-1.59897097469647,0.364785763127348,-4.3833151847493,1.16886812883337e-05,0.000214524605942908,"CENATAC","OPCs"
"NSUN7",3.78976948825231,-1.58510823239513,0.361886447593109,-4.380125984097,1.18610713283947e-05,0.000216766104404095,"NSUN7","OPCs"
"SGK1",66.246800950119,0.743064415413663,0.169641950436961,4.38019259681754,1.18574459387044e-05,0.000216766104404095,"SGK1","OPCs"
"SPDYE18",3.36918029967317,-1.67753870012314,0.383092318340144,-4.37894110587117,1.19257352383087e-05,0.000217487087030974,"SPDYE18","OPCs"
"CRCP",3.47998077891706,1.63172908709768,0.373533253845612,4.36836364714158,1.25180933453896e-05,0.000227808171302385,"CRCP","OPCs"
"TUBGCP5",5.22688838100044,1.17984551546975,0.270336910006581,4.36435230187779,1.2749995839337e-05,0.00023153992444236,"TUBGCP5","OPCs"
"TRMT9B",10.5682932387522,-3.06043046465633,0.701825839204979,-4.36066940499534,1.29665148952271e-05,0.000234977221609725,"TRMT9B","OPCs"
"DNAJC21",4.33634363711415,1.16603708120289,0.26771536647485,4.35551046828846,1.32757171794266e-05,0.000239573925501535,"DNAJC21","OPCs"
"BCR",9.40875470234499,1.00136728225061,0.229904631352573,4.35557681617536,1.32716963201407e-05,0.000239573925501535,"BCR","OPCs"
"PISD",6.41752233902771,0.934515888215181,0.214631950664431,4.35403902038919,1.33651901138166e-05,0.000240685031151946,"PISD","OPCs"
"RANBP17",21.2540736966097,-1.25547482384588,0.288538428447092,-4.35115291437202,1.35423562297404e-05,0.000243367426745293,"RANBP17","OPCs"
"MINK1",4.96547364930019,1.15434050693041,0.265375992988332,4.34983019349893,1.36242991585099e-05,0.000244330986572363,"MINK1","OPCs"
"PACS2",8.23575482544483,0.863429130970945,0.198533098629713,4.34904374600699,1.36732437743437e-05,0.00024470000165454,"PACS2","OPCs"
"GNG4",5.27956718303618,1.38484034929897,0.318615532286954,4.34643075734218,1.38370705038954e-05,0.000245334682860467,"GNG4","OPCs"
"CDK2AP2",4.73030972691361,2.04438315542812,0.470316201060499,4.34682698749971,1.38121081707519e-05,0.000245334682860467,"CDK2AP2","OPCs"
"LINC00639",9.64512096898545,-1.24880064085893,0.287264667706293,-4.34721280145645,1.37878433321405e-05,0.000245334682860467,"LINC00639","OPCs"
"ADAL",2.61035770267317,-2.08695577903391,0.480178167840077,-4.34621129990435,1.38509147406733e-05,0.000245334682860467,"ADAL","OPCs"
"PTBP1",4.830651404547,1.12557006634769,0.258940679636517,4.34682595229026,1.38121733325125e-05,0.000245334682860467,"PTBP1","OPCs"
"STK3",10.7529282138349,0.885181389118413,0.203821559017313,4.34292325790336,1.40599257837386e-05,0.000248018240921327,"STK3","OPCs"
"LPAR4",1.52995441161772,-2.68398855910645,0.618012963118016,-4.34293246142462,1.40593365669581e-05,0.000248018240921327,"LPAR4","OPCs"
"ST8SIA1",24.9008861926236,-0.557450159799551,0.128464395189254,-4.33933588352098,1.42913948784838e-05,0.000251586882085308,"ST8SIA1","OPCs"
"ARHGEF10L",5.78526186118567,1.19828652557737,0.276199283539551,4.33848527853181,1.43468092956162e-05,0.000251593614807425,"ARHGEF10L","OPCs"
"HMGCS1",5.21377450690735,1.3315233238939,0.306913303420413,4.33843469492741,1.4350111115842e-05,0.000251593614807425,"HMGCS1","OPCs"
"ZNRF3",7.67549325154852,0.965125781068565,0.222507050768298,4.33750650928169,1.44108267880297e-05,0.000252145622461549,"ZNRF3","OPCs"
"ASAP3",3.17548673957719,1.4357648455745,0.331171015778217,4.33541818930199,1.45483275546515e-05,0.000253711646708139,"ASAP3","OPCs"
"DDHD1",15.9307689267386,0.722823726248759,0.166731553338688,4.33525455604951,1.45591543149234e-05,0.000253711646708139,"DDHD1","OPCs"
"NUDC",5.27549718140007,1.17476002530011,0.271329145650069,4.32964922542891,1.49347040143491e-05,0.000259731364572128,"NUDC","OPCs"
"CHASERR",11.3013036544619,0.7560715540141,0.174773097578719,4.32601793118394,1.51829068585551e-05,0.00026351660877645,"CHASERR","OPCs"
"BRINP3-DT",2.63741534146841,-2.03355408069935,0.470160929771915,-4.32522983499686,1.52372910516174e-05,0.000263929463074802,"BRINP3-DT","OPCs"
"CD27-AS1",6.41424309235396,-1.1802166491425,0.273105746769727,-4.3214639863936,1.54997352895355e-05,0.000267937307830727,"CD27-AS1","OPCs"
"NGLY1",8.22459997484611,-0.992961889477485,0.229880986808722,-4.31946070556806,1.56410954505693e-05,0.000269096075748557,"NGLY1","OPCs"
"TMEM259",14.2203797993727,0.904625178809953,0.209427299216753,4.31951890796092,1.56369711588453e-05,0.000269096075748557,"TMEM259","OPCs"
"CABIN1",6.24146087505793,1.02811457601624,0.238034166527638,4.31918909379283,1.56603559037533e-05,0.000269096075748557,"CABIN1","OPCs"
"TTC3",55.3288224160041,0.475601551416288,0.110269950925308,4.31306577562947,1.61006191625865e-05,0.000276111214505907,"TTC3","OPCs"
"TMEM108",48.4316267423498,-0.545326898544122,0.126488636299887,-4.31127186201317,1.6231818944544e-05,0.000277808869475469,"TMEM108","OPCs"
"SLC35B3",4.0445817406308,-1.85012620444598,0.429209766978892,-4.31054078165226,1.62855790171448e-05,0.000278177038815626,"SLC35B3","OPCs"
"SNHG14",118.519637252427,-1.162452283046,0.269829456690779,-4.30810000250697,1.64662937553608e-05,0.000280708003821625,"SNHG14","OPCs"
"PTGFRN",6.56113320002838,1.00240230586704,0.232890700018507,4.30417490173454,1.67609214813895e-05,0.000284605725784382,"PTGFRN","OPCs"
"ASIC2",41.3598919003271,-1.63889945145552,0.380761053123682,-4.30427281889874,1.67535108601673e-05,0.000284605725784382,"ASIC2","OPCs"
"APIP",4.64189776962378,1.13519753971407,0.264510958279013,4.29168434873172,1.77322899292906e-05,0.000300508316169079,"APIP","OPCs"
"ZNF274",3.54920986288397,1.36076394563599,0.317864733573444,4.28095287683615,1.86094764618586e-05,0.000314755576392141,"ZNF274","OPCs"
"RCC2",5.6858839628161,0.979774601507589,0.229093263434771,4.27674994374751,1.89641613957228e-05,0.000320050686960075,"RCC2","OPCs"
"SLC30A10",1.70927377909057,-2.60791940306227,0.609844539089155,-4.27636755911166,1.89967484029166e-05,0.000320050686960075,"SLC30A10","OPCs"
"RSRP1",18.210509249557,-0.828053489348961,0.193701026592161,-4.27490501169328,1.91218802108768e-05,0.000321495188085193,"RSRP1","OPCs"
"RAB5C",2.9936724595949,-1.8122134531797,0.42395957836684,-4.27449583793021,1.91570283649187e-05,0.000321495188085193,"RAB5C","OPCs"
"UBE2Z",4.8581577866236,1.27283649745808,0.297861285731298,4.27325254550306,1.92642055133285e-05,0.000322666090792178,"UBE2Z","OPCs"
"ENSG00000284977",5.5856236266127,-1.41591004363178,0.331447524583306,-4.27189807922642,1.93816162209254e-05,0.000324003530080819,"LOC105376244","OPCs"
"PDE4D",135.709750060249,-0.614340712379649,0.143898693226502,-4.26925845262997,1.96123910140578e-05,0.000326624491125505,"PDE4D","OPCs"
"FGF13",3.92819543693902,-1.68924746137431,0.39567885300534,-4.26923867309003,1.96141301185963e-05,0.000326624491125505,"FGF13","OPCs"
"ZNF730",4.22911342368585,1.77118147864344,0.414999058294379,4.26791686208372,1.97306830073598e-05,0.000327932315262978,"ZNF730","OPCs"
"GRM3",5.62231270432577,-2.27821968481039,0.534439825586573,-4.26281795580998,2.01864967762263e-05,0.000334838084583967,"GRM3","OPCs"
"ENSG00000290921",7.68781039743848,0.886512104757668,0.207983997701854,4.26240535114862,2.02238166088856e-05,0.000334838084583967,"PARGP1","OPCs"
"ENSG00000247134",2.06448350999855,-2.30074293950881,0.540231374418585,-4.25881029583843,2.05517787918608e-05,0.000339249114955242,"ENSG00000247134","OPCs"
"EXOSC8",4.39810194877914,-1.52373854123653,0.357800660081336,-4.25862417607096,2.05688948668666e-05,0.000339249114955242,"EXOSC8","OPCs"
"PSMD3",4.91873739193945,1.0630777873192,0.249988864372611,4.25250056632391,2.11396681857982e-05,0.000347997667501327,"PSMD3","OPCs"
"SPCS2",17.0258761022482,-0.693643216427659,0.163215728411992,-4.24985522643229,2.13908725958603e-05,0.000351462222879793,"SPCS2","OPCs"
"MIDN",10.5127068520556,0.97058952096593,0.228540268227235,4.24690812037064,2.16740789069509e-05,0.000355438411884712,"MIDN","OPCs"
"MAP1LC3B",6.56413385782744,0.939546155971236,0.221617329676803,4.23949768432563,2.24020504523539e-05,0.000366679482356746,"MAP1LC3B","OPCs"
"EEF1D",12.4633764653108,0.879111335982991,0.207443967863522,4.23782549590143,2.25695077445012e-05,0.000368720783719824,"EEF1D","OPCs"
"GOLGA2",5.20494872886736,1.16280947343985,0.274721816497121,4.23267976408432,2.3092320337734e-05,0.000376548875677303,"GOLGA2","OPCs"
"DDX46",9.07466318503854,0.896926564309531,0.21194980813973,4.23178757358546,2.31841323596695e-05,0.000377332690065112,"DDX46","OPCs"
"KLRC3",4.32401129834641,-1.82675668427231,0.431761964883247,-4.23093471136644,2.327222190775e-05,0.000378053081311207,"KLRC3","OPCs"
"RYR2",20.3131133704114,-4.09262119174931,0.967625397499917,-4.22955123162696,2.34157950531665e-05,0.0003796703912192,"RYR2","OPCs"
"TCERG1",17.8647691136198,0.747641854036402,0.176784372812863,4.2291173260423,2.34609977523418e-05,0.000379689618408444,"TCERG1","OPCs"
"TCF12-DT",3.67422593209877,-1.46670663506276,0.346863879640423,-4.22847901194909,2.35276459301951e-05,0.00038005519437053,"TCF12-DT","OPCs"
"WRNIP1",4.89429806941504,1.13771567436143,0.269167104530584,4.22680058302652,2.37037561852281e-05,0.000382184300661267,"WRNIP1","OPCs"
"PARP14",10.8716084559657,0.91843131390206,0.217688737866364,4.21901161678778,2.4537563166968e-05,0.000394889962459452,"PARP14","OPCs"
"ESD",4.28371717528809,-1.45876219085786,0.346075730848703,-4.21515310328306,2.49608795323298e-05,0.000400954463400143,"ESD","OPCs"
"LASP1NB",1.55282261173964,-2.37629385940567,0.564183157024926,-4.21191917875827,2.53210147346708e-05,0.000405983407251432,"LASP1NB","OPCs"
"ABCA2",13.2937250510819,0.956344978567288,0.227097809950996,4.21115896614614,2.54063878973379e-05,0.000406596478668714,"ABCA2","OPCs"
"CRYAB",16.3248556464587,1.6328284674985,0.388451015839676,4.20343466979736,2.62895053425198e-05,0.000419950505712177,"CRYAB","OPCs"
"SMOC1",117.909082138012,0.775491717813773,0.184510704972846,4.20296328024925,2.63443337304129e-05,0.000420048470903035,"SMOC1","OPCs"
"VASH1-DT",3.89334603262085,-1.49698375620061,0.356264842496809,-4.20188460278401,2.64702065768851e-05,0.000421276756332492,"VASH1-DT","OPCs"
"NAV3",144.731287270017,-0.531262725347677,0.126455441626689,-4.20118516462126,2.65521307387848e-05,0.000421802356819075,"NAV3","OPCs"
"RAB3IP",52.7993382788207,0.7530619875545,0.179452116958655,4.19645084336343,2.71130274603214e-05,0.000429920909692523,"RAB3IP","OPCs"
"FHIT",111.880363937112,-0.642882438343502,0.153298176536257,-4.19367309428793,2.74473455804603e-05,0.000433855761615637,"FHIT","OPCs"
"TNC",9.70585549544667,3.95577585886702,0.943299144821545,4.19355395431359,2.74617720660952e-05,0.000433855761615637,"TNC","OPCs"
"TOP1",17.6272058595804,0.587007107075431,0.140020204211348,4.19230289215545,2.76136973463105e-05,0.00043545841555626,"TOP1","OPCs"
"STAT1",13.0305114924471,1.30082939196553,0.310531564771735,4.18904079178471,2.80136045696068e-05,0.000440958673389467,"STAT1","OPCs"
"AKT3",92.4355275466531,0.380094403258621,0.0908211588306927,4.18508647271487,2.85057564961922e-05,0.000447073919156643,"AKT3","OPCs"
"PSAP",39.9723826722773,0.706740071988004,0.168862496920142,4.1852991924088,2.84790736807256e-05,0.000447073919156643,"PSAP","OPCs"
"SLC12A8",2.82449961006996,-1.80057534298477,0.430402207884978,-4.18347143671244,2.87091175649591e-05,0.000449093639404223,"SLC12A8","OPCs"
"MRPL27",3.17313430212781,-1.64453716319007,0.393125438810154,-4.18323771712022,2.87386609032148e-05,0.000449093639404223,"MRPL27","OPCs"
"ENSG00000286619",4.62761177651894,2.75159914932379,0.657837116102382,4.18279705107966,2.87944419502558e-05,0.000449151638811765,"ENSG00000286619","OPCs"
"GATB",1.84476481082884,-2.31568563679576,0.554340637750286,-4.17736943514307,2.94899839859608e-05,0.000459170761485375,"GATB","OPCs"
"HLA-C",16.4223524029144,0.816147996557819,0.195606915302464,4.1723882578273,3.01423434735263e-05,0.000468482621266014,"HLA-C","OPCs"
"FBLN2",3.2971434174381,-1.99129541881707,0.477454288941669,-4.17065144232131,3.0373012893799e-05,0.00047121872162214,"FBLN2","OPCs"
"MTSS2",28.3190995806632,0.535185888034211,0.128496338084991,4.16498941534212,3.11367009946898e-05,0.000482199610018302,"MTSS2","OPCs"
"GTF2IRD1",6.3728847273009,0.983081781048313,0.236094852839212,4.16392720648519,3.12819884207733e-05,0.000482716336525207,"GTF2IRD1","OPCs"
"ACSS1",7.59242291734454,0.933461757957588,0.224175161303777,4.16398387996548,3.1274220461974e-05,0.000482716336525207,"ACSS1","OPCs"
"PWRN1",6.23187374402784,-4.70737215662007,1.13068612310463,-4.16328816674127,3.13697054774864e-05,0.000483205499015711,"PWRN1","OPCs"
"ACTN2",7.68040199286702,1.70819620175889,0.410476056930285,4.16150022131257,3.1616369165549e-05,0.000485526313039693,"ACTN2","OPCs"
"TRHDE",13.3593383718054,-2.30214378805536,0.553216357921863,-4.16138054323499,3.16329455052524e-05,0.000485526313039693,"TRHDE","OPCs"
"TET3",7.51066473742279,0.965233703181064,0.232031797415127,4.15991995034272,3.18359154395207e-05,0.000487773723945481,"TET3","OPCs"
"RNFT1",3.06739667346601,-1.88295661583968,0.45283654159449,-4.15813752399391,3.20852852301823e-05,0.00049072281985027,"RNFT1","OPCs"
"ENSG00000239381",13.7881001285551,-1.17257600091875,0.282236208409485,-4.15459096310389,3.25869962233274e-05,0.000495008498254839,"ENSG00000239381","OPCs"
"NRSN1",5.59533120555221,-1.43970660697911,0.346448460054511,-4.15561554741095,3.24412939432688e-05,0.000495008498254839,"NRSN1","OPCs"
"ENSG00000257458",4.25349093654075,-1.44024647699896,0.346668554908802,-4.15453451605339,3.25950413875201e-05,0.000495008498254839,"ENSG00000257458","OPCs"
"WBP2NL",2.75601113702219,-1.75753472075201,0.422992791805884,-4.15499922173275,3.2528864950534e-05,0.000495008498254839,"WBP2NL","OPCs"
"SPG7",22.9441209884029,1.13828012307705,0.274049876064226,4.15355095001131,3.27355282323512e-05,0.000496268306735082,"SPG7","OPCs"
"UTRN",8.20837580472832,-1.25279659034176,0.301765332494762,-4.15155902762125,3.30218068776564e-05,0.000498854826841794,"UTRN","OPCs"
"HS3ST4",4.30234992756741,-4.93848429009416,1.18946092804596,-4.15186760123938,3.29773036056119e-05,0.000498854826841794,"HS3ST4","OPCs"
"SFT2D2",2.59508354144702,1.83612349760075,0.442356150763129,4.15078098141772,3.31342721003828e-05,0.000499388752256647,"SFT2D2","OPCs"
"EDC4",4.88975559318442,1.26027284692359,0.303642590985357,4.15051407259386,3.31729370557685e-05,0.000499388752256647,"EDC4","OPCs"
"FOXP2",5.29392332421725,-4.86209603600307,1.17183138611248,-4.1491430368092,3.33722245467476e-05,0.000501513604425514,"FOXP2","OPCs"
"FRAS1",3.62724729208399,-4.28075458775618,1.03322590687973,-4.14309645088531,3.4264775146723e-05,0.000514031218114144,"FRAS1","OPCs"
"ERGIC1",8.67080137256116,0.859342406589838,0.207685017750511,4.13771978305221,3.5077439181425e-05,0.000524398596843972,"ERGIC1","OPCs"
"GOLGA6L9",1.68590294311865,-2.33247606552836,0.563665996073502,-4.13804643490363,3.50275491797524e-05,0.000524398596843972,"GOLGA6L9","OPCs"
"SFRP4",1.53106734306198,-2.5026372894245,0.604921494969042,-4.13712739626252,3.51680874615557e-05,0.000524844156476435,"SFRP4","OPCs"
"LINC02283",4.66641784492066,-2.26292907051462,0.54706916961307,-4.13645878109918,3.5270667601907e-05,0.000525465939091623,"LINC02283","OPCs"
"DPP10",169.702187529995,-0.858967203172237,0.207882028769811,-4.13199355545724,3.59630506341154e-05,0.000534857370292895,"DPP10","OPCs"
"FTX",88.7493445288361,-0.540686887829646,0.131082944120601,-4.12476917921676,3.71106742171227e-05,0.00055097534560568,"FTX","OPCs"
"PRR16",4.49067949583987,-4.80654785986544,1.16546113015908,-4.12415972998547,3.72090619672044e-05,0.000551486887507054,"PRR16","OPCs"
"SERINC1",5.83878724105679,-1.3960958652767,0.338558044437256,-4.12365291038132,3.72910700291435e-05,0.000551754322592438,"SERINC1","OPCs"
"NCOR2",12.6405487207124,1.0911800762689,0.265095788983486,4.11617280098279,3.85215540613542e-05,0.000568984461187057,"NCOR2","OPCs"
"KTN1",24.8998824365561,0.593508286750422,0.144222794068157,4.11521833691519,3.86813087624122e-05,0.000570367469033449,"KTN1","OPCs"
"IL6ST",13.4402171279814,0.903374908101124,0.219605825860556,4.11361995776353,3.89502488216043e-05,0.000573352980094128,"IL6ST","OPCs"
"H2AC6",3.7146077056016,1.70984840273632,0.415829405758831,4.11189872350679,3.92418444760326e-05,0.000576661244378632,"H2AC6","OPCs"
"ENSG00000236501",0.988120240537259,-2.59328285411144,0.631653540944457,-4.10554629399201,4.03360490062372e-05,0.0005907279435107,"ENSG00000236501","OPCs"
"COL12A1",3.89440548151171,-2.91774490295104,0.710618905987453,-4.10592073805951,4.02707561516442e-05,0.0005907279435107,"COL12A1","OPCs"
"TMEM123",6.32518601873532,0.921051310446698,0.224372752543333,4.10500517556746,4.0430582844259e-05,0.000591108826465387,"TMEM123","OPCs"
"EIF4A1",14.1430713502298,0.837400209438598,0.204115503853712,4.10258012560748,4.08568294875894e-05,0.000596329968121736,"EIF4A1","OPCs"
"ENSG00000286778",15.9630026523299,-1.47993485359047,0.360893430982302,-4.10075309368279,4.1180776405543e-05,0.000600042867017253,"ENSG00000286778","OPCs"
"ATP6V0D1-DT",1.26380225879394,-2.39745022403742,0.584777237395838,-4.0997666645061,4.13566895823535e-05,0.000601589889270458,"ATP6V0D1-DT","OPCs"
"PARD3",65.0083730962643,0.575805111348033,0.140490896593759,4.09852257554466,4.15795688937999e-05,0.000603813739525114,"PARD3","OPCs"
"HSPA4",4.79211303377036,1.16894123176191,0.285538007475248,4.09382009105474,4.24323602619408e-05,0.000615162251461347,"HSPA4","OPCs"
"ADAMTSL3",2.18459572174505,-3.70275710381249,0.904996514066609,-4.09146007333677,4.28665755930899e-05,0.000620414565546969,"ADAMTSL3","OPCs"
"RBBP8",1.34386219318418,-2.35220510839363,0.575301479668752,-4.08864776386112,4.33895120102149e-05,0.000626931207035367,"RBBP8","OPCs"
"LGR4",4.76481717100724,-1.55204827002545,0.379670456119345,-4.08788264930886,4.35328253863529e-05,0.000627950086593111,"LGR4","OPCs"
"GADD45A",6.49497998970527,1.70262661508472,0.416609358632873,4.08686598081231,4.37239520918903e-05,0.000629501785336253,"GADD45A","OPCs"
"CUX2",2.60045278977575,-1.95225544586403,0.477728799901257,-4.08653496767946,4.37863518666534e-05,0.000629501785336253,"CUX2","OPCs"
"ACTG1",26.1609912285268,-0.830229084244016,0.203237144702266,-4.08502631475297,4.40718216313643e-05,0.000632551636259814,"ACTG1","OPCs"
"GUK1",11.7984378946784,0.685249269469375,0.167781144438783,4.08418521498045,4.42317414490226e-05,0.000633792361693138,"GUK1","OPCs"
"CD63",20.6317376000921,0.916714410805679,0.224545951900376,4.08252477075336,4.45490619097151e-05,0.000637280610336985,"CD63","OPCs"
"SF3B3",3.86219244891557,-1.45407596833915,0.356220989510021,-4.08194915841208,4.46595678458949e-05,0.00063780369575942,"SF3B3","OPCs"
"BOD1L1",9.90464332779001,0.799806192306273,0.195957386478159,4.08153122819597,4.47399648577064e-05,0.000637895763409216,"BOD1L1","OPCs"
"RASSF8-AS1",4.93232282210951,-1.17585917564011,0.288174536909444,-4.08037152848661,4.49637752223122e-05,0.000640028919253573,"RASSF8-AS1","OPCs"
"HNRNPM",9.93985108845828,0.906956109253468,0.222299786176957,4.07987845985378,4.50592538548912e-05,0.00064033134061333,"HNRNPM","OPCs"
"AQP4",1.9763963504375,-2.33298757559091,0.57189554995145,-4.07939452543208,4.51531506756698e-05,0.000640610325211065,"AQP4","OPCs"
"LRRC3B",5.79204242982814,-1.1049555060681,0.271268845776826,-4.07328568418488,4.63545067613606e-05,0.000656574672123968,"LRRC3B","OPCs"
"HDAC2-AS2",7.88427863153665,-0.908719619487391,0.223471507791239,-4.06637798468829,4.77494670492768e-05,0.000675224430765675,"HDAC2-AS2","OPCs"
"RNF19A",9.27777789713537,0.800712955362204,0.19707628964402,4.06295935857396,4.84544684629241e-05,0.000684072414011757,"RNF19A","OPCs"
"BTD",22.0784407204784,-0.892627674174502,0.219940620577846,-4.05849393272291,4.93902164674533e-05,0.000695513457932515,"BTD","OPCs"
"TIAM1",30.2014134175965,0.461233617431008,0.113651250340897,4.05832418075067,4.94261244739893e-05,0.000695513457932515,"TIAM1","OPCs"
"FOXG1",5.5535526995821,0.942554180902592,0.232369513997102,4.05627297957144,4.98619803348108e-05,0.000700503977798173,"FOXG1","OPCs"
"LINC01117",4.14741463509029,1.39530663277176,0.34402433086544,4.05583706612167,4.99550749727924e-05,0.000700670693846028,"LINC01117","OPCs"
"LMO2",3.02198765403312,2.88475626990076,0.711574842196631,4.05404477341486,5.0339575047372e-05,0.000704917490841934,"LMO2","OPCs"
"CPVL-AS2",1.49033687451044,-2.45988581702544,0.607007228222963,-4.05248191891692,5.06771416575848e-05,0.000708494366188536,"CPVL-AS2","OPCs"
"MID1",10.9075346138783,0.664313129327939,0.163984505770869,4.05107254618412,5.0983395970647e-05,0.000710656354994641,"MID1","OPCs"
"MAGED1",19.1321138762143,-0.737956794239029,0.182166027535492,-4.05101216852988,5.09965550361329e-05,0.000710656354994641,"MAGED1","OPCs"
"TEK",11.4329739846698,-0.800139656543912,0.197585368857897,-4.04958960862822,5.13075292068939e-05,0.000713836688610753,"TEK","OPCs"
"NUCB1",4.73006199173582,1.05783898517553,0.261326505063443,4.04795902703675,5.16661877950043e-05,0.000717669139967323,"NUCB1","OPCs"
"ZDBF2",3.37651328688263,-1.5665364810344,0.387189338106496,-4.04591843539742,5.21183790004761e-05,0.000722786394305637,"ZDBF2","OPCs"
"C1QL2",5.92713441468075,1.4306778354346,0.353939491101219,4.042153733632,5.2962489147393e-05,0.000733313694037579,"C1QL2","OPCs"
"OGG1",1.29798540260696,-2.35696840532648,0.583663309119189,-4.03823294783323,5.38553582580038e-05,0.000744481282585803,"OGG1","OPCs"
"MTMR6",5.26389750432054,1.1082759656603,0.274563975860904,4.03649445337927,5.42558078071737e-05,0.000748816957031488,"MTMR6","OPCs"
"NUP58",11.1169188909443,0.691247151656318,0.171266630292356,4.03608776838982,5.43498910516466e-05,0.000748917188836268,"NUP58","OPCs"
"LYRM4",10.0862092648054,-0.798442330267139,0.19794785740028,-4.03359925564928,5.49289633305533e-05,0.000755689374305189,"LYRM4","OPCs"
"BTBD8",7.16855776292521,-1.01769615583314,0.252465277172047,-4.03103415738082,5.5531971754788e-05,0.000762768771268792,"BTBD8","OPCs"
"TRAF4",13.0100650900704,0.958471685991785,0.237800884483284,4.03056400767576,5.56431733370064e-05,0.000763081102074749,"TRAF4","OPCs"
"TMEM232",14.9886954076536,-1.59731078779066,0.396436522306349,-4.02917162752307,5.59737431083808e-05,0.000766396044528401,"TMEM232","OPCs"
"WLS",11.6764351743295,1.03537993439683,0.257081386956251,4.02744028517721,5.63873821437613e-05,0.000767389367269388,"WLS","OPCs"
"ANO4",32.1434039736895,-0.475197511691089,0.11798011715935,-4.02777623155997,5.63068946811279e-05,0.000767389367269388,"ANO4","OPCs"
"MPHOSPH8",24.7586184974971,0.761060334932738,0.188971632572735,4.02737873706948,5.64021399082763e-05,0.000767389367269388,"MPHOSPH8","OPCs"
"CLUH",3.38372732064811,1.21640491496093,0.30199568231573,4.02788843083261,5.62800377534838e-05,0.000767389367269388,"CLUH","OPCs"
"OBSL1",6.3903838839898,-0.997890581804562,0.247942163185347,-4.02469095608639,5.70501857454436e-05,0.000774984098016058,"OBSL1","OPCs"
"ZSCAN26",2.82855379651722,-1.72855202090762,0.429828758660421,-4.0214899214625,5.78311828377379e-05,0.000783126818144941,"ZSCAN26","OPCs"
"RBL2",11.5096378061203,0.652107827887235,0.162147663766877,4.02169117172595,5.77817844436614e-05,0.000783126818144941,"RBL2","OPCs"
"XRCC5",17.6387068163963,0.568762989593492,0.141679207764005,4.01444219352836,5.95865445414718e-05,0.00080563249720178,"XRCC5","OPCs"
"ING2-DT",4.20207160030665,1.08507982802705,0.270327794559277,4.01394103701427,5.97132690337796e-05,0.000806082407958346,"ING2-DT","OPCs"
"ZBTB8A",5.24329769013096,1.02414116117804,0.255191275863297,4.01322951857749,5.98936249450967e-05,0.000807253763713132,"ZBTB8A","OPCs"
"CCNL1",11.0233055995418,0.769550904021865,0.191801481664883,4.01222606489782,6.0148857574905e-05,0.000809429088051686,"CCNL1","OPCs"
"OXSM",0.786053063169365,-2.67721814491762,0.667938251099935,-4.0081821044219,6.11879319888623e-05,0.000822129441333219,"OXSM","OPCs"
"GABRG3",5.75815870177822,-4.79305646454644,1.19646797639557,-4.00600480673607,6.17543926934229e-05,0.000828450064344426,"GABRG3","OPCs"
"MT2A",45.5740137049449,1.1588977918073,0.289916094239483,3.99735583789287,6.40539764346931e-05,0.000856702382116262,"MT2A","OPCs"
"KCTD1",7.35593697024195,-1.0417955368151,0.260622378980986,-3.99733722364303,6.40590118786215e-05,0.000856702382116262,"KCTD1","OPCs"
"PPM1H",6.48668506046663,-1.57210065906123,0.393354683780814,-3.99664914105164,6.42454120549573e-05,0.000857865208027959,"PPM1H","OPCs"
"FKBP10",5.15407547243166,0.968734252221707,0.242431147249635,3.99591497714684,6.44448616248418e-05,0.000859198417891631,"FKBP10","OPCs"
"ENSG00000259692",2.22605434769951,-3.11228197958724,0.779528618292504,-3.99251792243939,6.53753900885867e-05,0.000870259436580477,"ENSG00000259692","OPCs"
"PMP2",27.2950825085599,1.0653634467758,0.266960166795554,3.99072063657979,6.58728359105506e-05,0.00087553017344285,"PMP2","OPCs"
"ENSG00000231918",5.19247170155466,-1.10778372626877,0.277798654931473,-3.98772170636333,6.67108522908039e-05,0.000885304325939191,"NRXN1-DT","OPCs"
"SNAP47",2.7640126238727,1.85246079672007,0.464982023486144,3.98394067545124,6.77818004148335e-05,0.000896296405617364,"SNAP47","OPCs"
"ANXA4",4.19448842956807,1.20569266958305,0.302612612498799,3.98427765329124,6.76856976340964e-05,0.000896296405617364,"ANXA4","OPCs"
"ZNF506",6.26264803378421,0.896000580922279,0.224916749145835,3.98369878777376,6.78508640004798e-05,0.000896296405617364,"ZNF506","OPCs"
"CDIN1",11.1589266058241,-0.70677418786735,0.177462424850018,-3.98266950575413,6.81454890056708e-05,0.000896993492942149,"CDIN1","OPCs"
"NETO2",15.389982650562,0.931997835087754,0.234027706021482,3.98242520482684,6.82155960317702e-05,0.000896993492942149,"NETO2","OPCs"
"ENDOV",3.45223301491834,-1.38959923357621,0.34890209848945,-3.98277694399774,6.8114679046267e-05,0.000896993492942149,"ENDOV","OPCs"
"CTSD",14.1191083697109,1.30908984024153,0.328761018668882,3.98188886730516,6.83697482342275e-05,0.000897652128262475,"CTSD","OPCs"
"PON3",1.62260521503075,-2.63337036477744,0.662080865857216,-3.97741499653209,6.96685154638289e-05,0.000913314003633721,"PON3","OPCs"
"CDK19",22.6526816724588,0.522984826310345,0.131583337684582,3.97455206345341,7.05118370795407e-05,0.000922966777918236,"CDK19","OPCs"
"FDPS",6.20850601182876,0.859113024871821,0.216177036655236,3.97411787192713,7.06405752385436e-05,0.000923250912132844,"FDPS","OPCs"
"AKIRIN1",7.16561508279824,0.849728711597265,0.214012242090356,3.97046777930821,7.1731656870132e-05,0.000934678658854621,"AKIRIN1","OPCs"
"SRSF11",46.1977090404135,0.42839587247627,0.107887712007239,3.97075685920121,7.16446674956221e-05,0.000934678658854621,"SRSF11","OPCs"
"BDNF-AS",5.34740466756572,-1.10919640908254,0.279494591994801,-3.96857914554271,7.23024442817664e-05,0.000939972324688539,"BDNF-AS","OPCs"
"CREBL2",2.62764028574927,-1.75282331564294,0.441734801041423,-3.96804442735897,7.24648267931693e-05,0.000939972324688539,"CREBL2","OPCs"
"TAF1C",8.70215662259651,0.823856128578368,0.207609671702298,3.96829358585825,7.23891197975019e-05,0.000939972324688539,"TAF1C","OPCs"
"IST1",11.6498695640072,0.858445679781326,0.216402997547246,3.96688442170912,7.28182824112578e-05,0.000943138895014279,"IST1","OPCs"
"CALD1",21.8701184407797,0.598540785192069,0.15095205282324,3.96510530329084,7.33635526344624e-05,0.000948776619227695,"CALD1","OPCs"
"SNX22",17.6399131131212,1.02300051489895,0.258056802552496,3.96424548696343,7.3628454033864e-05,0.000950777012718729,"SNX22","OPCs"
"PRKAR2B",6.28617540727419,-1.06419357837672,0.268616439208305,-3.96175893595053,7.43996375314076e-05,0.000959299362251005,"PRKAR2B","OPCs"
"PUS10",1.74630044634905,-2.24411931701724,0.56658224124549,-3.96080066343785,7.46988721251652e-05,0.000961720105898023,"PUS10","OPCs"
"PGLS",2.98813149648219,1.50935563756934,0.381125469939932,3.96025917083743,7.4868464013646e-05,0.000962467020241,"PGLS","OPCs"
"RAB5B",5.16625947918456,0.996760842757581,0.251804987619907,3.95846346086745,7.54334780831852e-05,0.000968287473133267,"RAB5B","OPCs"
"CNPY2",15.4875515036128,1.08265422887705,0.273559546561891,3.95765471351264,7.56892625164738e-05,0.000970127159683659,"CNPY2","OPCs"
"LINC01182",4.53165711240122,-1.31972109498892,0.333898542656472,-3.95246138090128,7.73514157917097e-05,0.000989960404479656,"LINC01182","OPCs"
"RGS12",16.2914256336618,-0.617519442569589,0.156279536147312,-3.95137749825098,7.77026439139908e-05,0.000992982231706793,"RGS12","OPCs"
"TCP11L1",6.05775761680672,0.928069308920342,0.234964928611721,3.94982057281396,7.82097992370085e-05,0.000997984805056857,"TCP11L1","OPCs"
"ARL3",7.06088705833228,-0.939209084488914,0.237861349988103,-3.94855694099058,7.86237157242878e-05,0.00100178459651064,"ARL3","OPCs"
"ENSG00000251555",1.85282332735715,3.30120191836146,0.836433156915569,3.94676118595653,7.92154991242262e-05,0.00100783612897577,"ENSG00000251555","OPCs"
"VLDLR-AS1",10.1716691335306,-0.804153410882414,0.20392475104728,-3.94338307023835,8.0340171618848e-05,0.00102063964710484,"VLDLR-AS1","OPCs"
"RPRD1A",15.411279505474,0.631610914861368,0.160390052580164,3.93796812645651,8.21745067499777e-05,0.00104240778709604,"RPRD1A","OPCs"
"DCHS1",3.96032936029409,1.34850082049756,0.342541529257801,3.93675132886636,8.25921141551035e-05,0.00104616677929798,"DCHS1","OPCs"
"HARS1",7.99075523243389,0.83068648392652,0.211071442116416,3.93557022966829,8.29993875680938e-05,0.00104978404276008,"HARS1","OPCs"
"ANKH",15.4568231185413,0.74091758428212,0.188282052398268,3.93514716269863,8.31457331007778e-05,0.00105009530560367,"ANKH","OPCs"
"LINC01414",2.07606724199046,-3.65194460406142,0.928174712398994,-3.93454438617755,8.33546643041925e-05,0.00105119493316954,"LINC01414","OPCs"
"ENOPH1",4.31703791577679,-1.55143449179865,0.394809148045042,-3.92958091138672,8.50940404148053e-05,0.00107156378484396,"ENOPH1","OPCs"
"IFNG-AS1",6.49575871770543,-5.35284718276444,1.36352894840737,-3.92573050173718,8.64669231405594e-05,0.0010864784551822,"IFNG-AS1","OPCs"
"ELOB",10.9499924662239,0.666923516643349,0.169892837784006,3.92555404537561,8.6530338361949e-05,0.0010864784551822,"ELOB","OPCs"
"EML6",13.9801014765266,-1.34037848523125,0.341585389365264,-3.9239924392608,8.70934697766035e-05,0.00109195969519329,"EML6","OPCs"
"EPG5",5.90979629931179,0.904181396410175,0.230647497392709,3.92018732755067,8.84801650651332e-05,0.0011077357095092,"EPG5","OPCs"
"ENSG00000261227",5.11620819268973,-1.39126444891815,0.355079844454803,-3.9181735337705,8.92224657551049e-05,0.00111541012986019,"ENSG00000261227","OPCs"
"METRN",11.6316927123582,1.24357352353107,0.317506828028427,3.91668277262916,8.97757576430969e-05,0.00112070287326969,"METRN","OPCs"
"CTNNB1",14.1909863549969,0.794394933247104,0.203086685130586,3.9116051982251,9.16847039320821e-05,0.00114287898282968,"CTNNB1","OPCs"
"DIPK2A",3.3418402128113,-1.64062853823511,0.419568358403575,-3.91027708685557,9.21903049498862e-05,0.00114583983097746,"DIPK2A","OPCs"
"ATP6V0A4",1.25626735488238,-2.29333740201858,0.586509211948723,-3.9101472837891,9.22398609179019e-05,0.00114583983097746,"ATP6V0A4","OPCs"
"ENSG00000288061",2.21873266467325,-1.87866020850259,0.480483672579906,-3.90993558306637,9.2320737599042e-05,0.00114583983097746,"ENSG00000288061","OPCs"
"SOX2",14.9720713483963,-1.00198006432328,0.256344231886556,-3.90872873147658,9.27830755368502e-05,0.00114992357698401,"SOX2","OPCs"
"SMAP1",16.438067340776,-1.03500775556341,0.264845912590919,-3.90796197471274,9.30779507324013e-05,0.00115027278369297,"SMAP1","OPCs"
"ETFRF1",2.50398502375014,-1.81181262285526,0.463593220932858,-3.90819481615687,9.29883123762173e-05,0.00115027278369297,"ETFRF1","OPCs"
"CC2D1A",12.6634736917098,1.23086713732791,0.315021054041795,3.9072535677714,9.33511724675718e-05,0.00115199887511484,"CC2D1A","OPCs"
"PFN2",2.99304678808551,-1.63339213153893,0.418500497143679,-3.90296341984548,9.50220682747519e-05,0.00117094337276858,"PFN2","OPCs"
"ARID5A",5.10638043664521,1.60190029426683,0.410655063388338,3.90084145328553,9.58589174380964e-05,0.00117789034447439,"ARID5A","OPCs"
"BEX2",6.20009596132635,-0.968082061714823,0.248158802019321,-3.90105873270395,9.5772909266697e-05,0.00117789034447439,"BEX2","OPCs"
"ZFAND4",3.76200525923088,-1.38180471941068,0.354425814110353,-3.89871353721556,9.67050979937772e-05,0.00118659768889662,"ZFAND4","OPCs"
"TMEM43",6.33566504681637,0.864656047823758,0.221838944225225,3.89767473354861,9.71207426967077e-05,0.00119000500923551,"TMEM43","OPCs"
"PBX1",40.5674150542713,-0.486122004948801,0.124895176172581,-3.8922400355725,9.93229029253383e-05,0.00121526150444535,"PBX1","OPCs"
"IGFBP5",4.97088582992867,1.16128563045064,0.298483925946283,3.89061362942417,9.9991039183119e-05,0.00121927667540287,"IGFBP5","OPCs"
"CBR4",20.2411645357724,-0.709754719885032,0.182437011152065,-3.89040971129174,0.000100075108530632,0.00121927667540287,"CBR4","OPCs"
"ARL16",3.82481079898402,-1.36582278638472,0.351015538097409,-3.89106075983936,9.98069339864635e-05,0.00121927667540287,"ARL16","OPCs"
"PLEKHM2",4.52988989037765,1.22509781481019,0.315033909631377,3.88878078630863,0.000100749064947435,0.0012240301890656,"PLEKHM2","OPCs"
"WFDC1",8.17725947669558,-0.887315779159753,0.228158669965621,-3.88902941664874,0.000100645919538068,0.0012240301890656,"WFDC1","OPCs"
"SOX21",3.92054102736593,1.56636735054044,0.402964471398791,3.88711030802091,0.000101444661998463,0.00123074775583508,"SOX21","OPCs"
"FABP5",6.09877033335766,0.963890246906451,0.248176719340593,3.88388664926957,0.000102799846744887,0.00124459044952152,"FABP5","OPCs"
"ENSG00000230490",12.6267865110998,-0.947443235308928,0.243953079541606,-3.88371090493794,0.000102874216381734,0.00124459044952152,"ENSG00000230490","OPCs"
"PER1",6.1205625475316,1.153146067402,0.297079474051218,3.88160801443723,0.000103768043508542,0.00125364585897014,"PER1","OPCs"
"ENSG00000230333",4.28413602899375,-1.30279341635876,0.335696113364922,-3.88087131334329,0.000104082905940251,0.00125569111418266,"ENSG00000230333","OPCs"
"ENSG00000203279",3.61817828585691,-1.44447927491148,0.372331924057828,-3.87954720392747,0.000104651091685302,0.00126078256547125,"ENSG00000203279","OPCs"
"YWHAH",4.0641662256118,-1.85624204922672,0.478721965943218,-3.87749504155173,0.000105537477820677,0.00126968798281891,"YWHAH","OPCs"
"SLC4A8",4.3679461805023,-2.02334174663427,0.522198949987851,-3.87465686532181,0.000106775045504779,0.00128278766368277,"SLC4A8","OPCs"
"GALNT14",2.31462206751233,-3.15367115093027,0.81481615629427,-3.87040822223378,0.000108653256941674,0.00130353684892751,"GALNT14","OPCs"
"GNE",5.32446149425853,0.96007551789466,0.248182664635319,3.86842295897419,0.000109541534734008,0.0013123684425216,"GNE","OPCs"
"SAMD5",2.24393549322917,-3.77205150705028,0.975178389563878,-3.86806306150532,0.000109703297554397,0.00131248355714872,"SAMD5","OPCs"
"DDX60L",3.41994187514772,-1.38908636325948,0.359422760561442,-3.86477016950633,0.00011119385132928,0.00132847390798666,"DDX60L","OPCs"
"FARS2",20.2336120638015,-0.586433964265033,0.151959976103354,-3.85913435433931,0.000113789370346208,0.0013576031930932,"FARS2","OPCs"
"LRRC4",1.54172548344872,-2.14471052660103,0.555801503577452,-3.85877064526897,0.000113958820888064,0.00135774694610558,"LRRC4","OPCs"
"VWA1",7.68336926096467,1.02479888377176,0.265731306275463,3.85652295973523,0.000115011300017772,0.00136839651579766,"VWA1","OPCs"
"SERPINI1",6.33250553547618,-1.79260652856109,0.465208381138525,-3.85334099994924,0.00011651693809648,0.00138440097523449,"SERPINI1","OPCs"
"ASTN1",32.9667117709212,-0.443026926778029,0.115100829772558,-3.84903330109316,0.000118584886982857,0.00140703333578284,"ASTN1","OPCs"
"MTCH1",10.2224691400874,0.684701904909829,0.178049691159417,3.84556637223695,0.000120274301396465,0.00142511830198614,"MTCH1","OPCs"
"TVP23C",11.8005188977112,-0.825062992981437,0.214659191551045,-3.84359498896763,0.000121245039385387,0.00143464980759719,"TVP23C","OPCs"
"OSBPL5",4.68671832495077,1.15989688651163,0.30183217283136,3.84285371447029,0.000121611961106465,0.00143702024178681,"OSBPL5","OPCs"
"GSDME",1.60709157244646,-2.10844583743084,0.548814368793054,-3.84181967040642,0.000122125549205081,0.00144111489390291,"GSDME","OPCs"
"ERC2",42.7870497471108,-0.977023767432723,0.254395437360141,-3.84057111075296,0.000122748407909352,0.00144648601998097,"ERC2","OPCs"
"ATG13",7.13247092593454,0.877948243078124,0.228767090620332,3.83773837704302,0.000124172673301963,0.00146127350600646,"ATG13","OPCs"
"CHD2",24.4854513577409,0.4942471784281,0.128830202389962,3.8364232086824,0.000124839206786141,0.00146711580073195,"CHD2","OPCs"
"CPEB2",12.7625279890659,0.78635089213061,0.205013292393937,3.83560930585721,0.000125253384408522,0.00146998053592913,"CPEB2","OPCs"
"ROBO3",3.30246151836956,-2.56902797488997,0.670065083766564,-3.83399767743302,0.000126077331971111,0.00147764003475924,"ROBO3","OPCs"
"ZNF852",1.69909426007886,-2.15993135610505,0.563712670846937,-3.83161753816871,0.000127303530895381,0.00148796782859561,"ZNF852","OPCs"
"THUMPD1",3.88400966007577,1.14268773192207,0.298217459723677,3.8317264622295,0.000127247170893301,0.00148796782859561,"THUMPD1","OPCs"
"PIKFYVE",13.4868346418053,-0.612073711414931,0.159771607871143,-3.83092915925696,0.000127660259717166,0.00149011826836303,"PIKFYVE","OPCs"
"LINC01877",1.83869644606572,-2.09652468045189,0.54740595670356,-3.82992668380339,0.000128181443714605,0.00149417991011106,"LINC01877","OPCs"
"ZNF704",38.0746747754029,-0.423044417322899,0.110467737519505,-3.8295743791096,0.000128365081606352,0.00149430120639189,"ZNF704","OPCs"
"MT3",47.9947291512422,1.07605807498275,0.281042804967966,3.82880492210219,0.000128767021538182,0.00149696001049644,"MT3","OPCs"
"DUSP1",4.07837811669606,1.23272114599516,0.322107155832582,3.82705296567792,0.000129686617196746,0.00149802689629168,"DUSP1","OPCs"
"CILK1",5.7223974182051,1.40672440992411,0.367515773916314,3.82765723205239,0.000129368742990836,0.00149802689629168,"CILK1","OPCs"
"BMPER",15.6330391142764,-1.01713584005735,0.265780558417281,-3.82697608175097,0.000129727114714803,0.00149802689629168,"BMPER","OPCs"
"AASDHPPT",8.78973891273416,0.771243632196904,0.201489130236945,3.82771830564728,0.000129336656127286,0.00149802689629168,"AASDHPPT","OPCs"
"TSPAN3",14.9870884747946,-0.726176842110809,0.189737784331797,-3.82726532128642,0.000129574823781073,0.00149802689629168,"TSPAN3","OPCs"
"ENSG00000253500",8.97322431083755,3.39353035429338,0.886917045261068,3.82620942107893,0.000130131594803987,0.00150068868553368,"ENSG00000253500","OPCs"
"ARHGEF2",4.73286376983883,0.969699048678404,0.253581638697772,3.82401128748177,0.000131297899877553,0.00151211706854977,"ARHGEF2","OPCs"
"VWA5A",3.2479758024027,1.2408599010436,0.324622516943733,3.82247021163562,0.000132121443411021,0.00151957276115129,"VWA5A","OPCs"
"REPS2",6.15711872697695,-0.958720260669253,0.250855024530945,-3.82181007720253,0.000132475703030405,0.00152161839459424,"REPS2","OPCs"
"C5orf15",7.2285952412736,0.982006007367764,0.257141825239186,3.81892757607336,0.00013403310341658,0.0015374595080737,"C5orf15","OPCs"
"ASPHD1",2.98137826437911,1.74559242099401,0.457223805076222,3.81780738800993,0.000134642976811534,0.00154240414073877,"ASPHD1","OPCs"
"ANKRD28",37.1721759190011,-0.542288429949012,0.14214276406716,-3.81509698019374,0.000136129460739056,0.00155736436118713,"ANKRD28","OPCs"
"LINC00906",0.839191969087792,-2.57759628607484,0.675848335886917,-3.81386791859487,0.000136808604500423,0.00156306095684854,"LINC00906","OPCs"
"SHLD1",5.29049305997595,0.925897046334484,0.242897379167824,3.81188570048241,0.000137910649822367,0.00157356781133298,"SHLD1","OPCs"
"XKR6",32.2955702193739,-0.511719314577973,0.134259190235708,-3.8114285784056,0.000138165977939403,0.00157439858085243,"XKR6","OPCs"
"CYLD",8.57599199187637,0.721606601958765,0.189358226458295,3.81080143944892,0.000138516994526811,0.00157631608811117,"CYLD","OPCs"
"ENSG00000228999",1.2324064851414,-2.27453362998182,0.597026836536951,-3.80976782078212,0.000139097356058417,0.00158083503736482,"LINC01830","OPCs"
"NUP98",6.76955958387623,0.941023135180027,0.247376813662618,3.80400701766428,0.000142374143707349,0.00161594653107841,"NUP98","OPCs"
"SLC6A8",6.68296718938202,1.06229578241617,0.279323712137393,3.80309918655832,0.00014289710876118,0.00161975093321149,"SLC6A8","OPCs"
"PTDSS1",4.1027829793985,1.04641596776494,0.275188152001898,3.80254731227571,0.000143215904963828,0.00162123411577163,"PTDSS1","OPCs"
"TMTC4",5.59445822823024,1.41511364958072,0.372251993604066,3.80149381036186,0.000143826332398361,0.00162601041057439,"TMTC4","OPCs"
"ENSG00000260664",17.8684958803665,-0.898588298687463,0.236421825463857,-3.80078403051174,0.00014423897857644,0.00162854113769682,"ENSG00000260664","OPCs"
"SLC5A3",8.31664968087651,1.2122312742657,0.318980701819435,3.80032794257224,0.000144504723464238,0.00162940881647388,"SLC5A3","OPCs"
"MTUS2",5.25831603026392,-3.42231420035773,0.900715215285686,-3.79955189196204,0.000144957958264264,0.0016323855717853,"MTUS2","OPCs"
"GTF3C6",3.09997940316916,-1.49081349352413,0.39244581052101,-3.79877540683878,0.000145412786357295,0.00163537248385661,"GTF3C6","OPCs"
"C2orf27A",16.3840674355129,-0.614429462902868,0.161779763111264,-3.79793770918243,0.000145904976588964,0.00163877126049011,"C2orf27A","OPCs"
"LINC01376",1.82627971499306,-2.34074840757379,0.616558270925464,-3.79647556111815,0.000146767824046399,0.0016463189209678,"LINC01376","OPCs"
"TRIM23",5.42348217781885,0.919063741836478,0.242328894058656,3.79262962184781,0.000149060398394996,0.00166769779060342,"TRIM23","OPCs"
"SNHG32",2.23688636631057,-1.85043743135744,0.487874192815364,-3.79285778712575,0.000148923453061445,0.00166769779060342,"SNHG32","OPCs"
"NALF1",239.789124171208,-0.267879205130961,0.0706512210995973,-3.79157219028572,0.000149696620739767,0.0016726464384731,"NALF1","OPCs"
"CYRIB",28.663478367464,-0.440085400626354,0.116150591933492,-3.788920859554,0.000151303100270936,0.0016884094992718,"CYRIB","OPCs"
"GAD1",20.8369154505534,0.846708776368433,0.223510026097281,3.78823621988174,0.000151720562130297,0.00169088058002059,"GAD1","OPCs"
"CARMIL1",3.86526306586695,-3.20031639145899,0.845526893434654,-3.78499656995987,0.000153710698518815,0.00171084965861071,"CARMIL1","OPCs"
"STK32B",21.4574150339694,0.772694978158729,0.204211586151261,3.78379597711165,0.000154454450709868,0.00171691248946304,"STK32B","OPCs"
"PAK3",21.9501511442536,-0.95650072442157,0.252863471239285,-3.7826765555885,0.000155150968706533,0.00172243533598784,"PAK3","OPCs"
"SURF4",7.26296854409194,0.961580032287075,0.254322994400445,3.78094019596599,0.000156237205296683,0.00173226495229973,"SURF4","OPCs"
"ARHGAP1",5.12853270563343,0.95476539339069,0.252651581801677,3.77898047018819,0.000157471772600089,0.00174291084402966,"ARHGAP1","OPCs"
"YAF2",22.8049854849693,0.484653855810976,0.128256856963355,3.77877539872546,0.000157601490649564,0.00174291084402966,"YAF2","OPCs"
"MLH1",3.48255199669532,-1.38069434646446,0.365592243901311,-3.77659638435099,0.000158986052667401,0.00175597143445455,"MLH1","OPCs"
"PABPC4",3.57026590961862,1.30092404354655,0.345077453219594,3.76994796793834,0.000163281585220184,0.00179880837050997,"PABPC4","OPCs"
"ANTKMT",9.88452123626015,0.954128736589574,0.253087756684113,3.76995216635648,0.000163278838493262,0.00179880837050997,"ANTKMT","OPCs"
"CCDC26",2.0816785151334,-2.30327072610134,0.611205724197738,-3.76840503109585,0.000164293968399629,0.00180765276966224,"CCDC26","OPCs"
"CMAS",2.39752597578935,-1.75305771917489,0.465554161833462,-3.76552904665472,0.000166196800139529,0.00182625936051411,"CMAS","OPCs"
"EPHA5-AS1",3.40809590279835,-1.33205731485289,0.353900744238524,-3.76392911441605,0.000167264315744187,0.00183565138372692,"EPHA5-AS1","OPCs"
"RABEP1",16.5415254859826,0.630957468405756,0.167842615362771,3.75922090490559,0.000170443296041935,0.00186816247987005,"RABEP1","OPCs"
"HSD17B4",11.5192449671979,-0.748451549029529,0.199155101603219,-3.7581339519019,0.000171185237407948,0.00187153847640172,"HSD17B4","OPCs"
"RPL36A",9.49312934371112,-0.799299528503705,0.212670560110319,-3.75839292513775,0.000171008190157919,0.00187153847640172,"RPL36A","OPCs"
"USP22",8.91710805391854,0.744957349543143,0.198258606897491,3.75750319847815,0.000171617174059425,0.00187388575118557,"USP22","OPCs"
"PAXBP1",15.673011841711,0.786074215833898,0.20946271198509,3.75281217541885,0.000174861871174703,0.00190690075948545,"PAXBP1","OPCs"
"CALM3",9.37400591802082,-0.829603710116565,0.221192081215584,-3.75060312085944,0.000176409735411836,0.0019213514869476,"CALM3","OPCs"
"MAP3K2",15.3861815056326,0.649064266433965,0.173247449605045,3.74645784346983,0.000179349126922577,0.00195090235666349,"MAP3K2","OPCs"
"SDHAF2",2.55886466300233,-1.66164199359049,0.443603446640543,-3.74578242386141,0.000179832404066475,0.0019536956139514,"SDHAF2","OPCs"
"PET100",6.98206142662414,0.915708086296665,0.244487336208636,3.74542133959542,0.000180091269566992,0.00195404690727657,"PET100","OPCs"
"IVNS1ABP",6.28649777026614,1.00983982228527,0.269684480663561,3.7445233029374,0.000180736602532898,0.00195858534352862,"IVNS1ABP","OPCs"
"CECR2",16.9845285392291,0.592447457150431,0.158299616720859,3.74257038281486,0.000182147491901219,0.00197139807420316,"CECR2","OPCs"
"PIP5K1B",7.15892685249559,-0.854374306684338,0.228314264664784,-3.74209779638058,0.000182490465162328,0.00197263502818327,"PIP5K1B","OPCs"
"SHANK2",5.53354840706768,-1.54694524104529,0.413440671616852,-3.74163779048543,0.00018282489130438,0.00197377661125354,"SHANK2","OPCs"
"TIAM2",15.5065866488434,0.58297946314362,0.155874961461752,3.74004559601234,0.00018398687688391,0.00198383850000076,"TIAM2","OPCs"
"RORA",190.962879310314,-0.34266121006361,0.0917363681712352,-3.73528205764587,0.000187504908011515,0.00201924761112026,"RORA","OPCs"
"GATAD2A",3.32869695910207,1.78394987362417,0.477904811566213,3.73285606348621,0.000189320792424574,0.00203626079233713,"GATAD2A","OPCs"
"EPHA5",15.5094401882961,-0.775907138457652,0.207918796187149,-3.73177967882833,0.000190131761052718,0.00203989623238899,"EPHA5","OPCs"
"PLEKHA5",26.8238808401989,-0.731707208050358,0.196059257074906,-3.73207171631178,0.000189911412322619,0.00203989623238899,"PLEKHA5","OPCs"
"NIPSNAP2",7.34180448497148,-0.939678254781618,0.252061624313346,-3.72797032210454,0.000193028102323664,0.00206839802564463,"NIPSNAP2","OPCs"
"MIR9-1HG",57.2944017966647,-0.771359511171104,0.207045382561319,-3.72555766097637,0.00019488389601207,0.00208310841016123,"MIR9-1HG","OPCs"
"RSF1",22.0362655668078,0.491676207739416,0.131963484846683,3.72585043741951,0.000194657804923162,0.00208310841016123,"RSF1","OPCs"
"ATXN2L",5.70735766197424,0.900620060565107,0.241789497855226,3.72481050067924,0.000195461995372521,0.00208670194564773,"ATXN2L","OPCs"
"SETDB1",5.43944656110272,0.914711206901354,0.245594982614205,3.72447025246536,0.000195725788823202,0.00208693529590722,"SETDB1","OPCs"
"RNF144A",30.2028323973411,-0.918405889073344,0.246715759029674,-3.72252624917601,0.000197239396117058,0.00210047781593302,"RNF144A","OPCs"
"PNMA3",5.80873227076823,-2.19307863894152,0.58935878678857,-3.7211265668773,0.000198335995971304,0.00210955154284645,"PNMA3","OPCs"
"NDFIP2",5.38323127170346,-1.34015026204791,0.360429459953801,-3.7182040064641,0.000200644209031075,0.00213147407278578,"NDFIP2","OPCs"
"ENSG00000245768",6.13964006105463,-1.02818464983191,0.27661793070636,-3.71698482165051,0.000201614550787302,0.00213914774303969,"ENSG00000245768","OPCs"
"COX8A",5.47567682815567,-1.02516359514159,0.275854351727468,-3.71632199645126,0.000202143937496255,0.00213950135563521,"COX8A","OPCs"
"ZCCHC2",7.74310278637725,0.778298831458581,0.209411704073156,3.71659661957906,0.000201924442642724,0.00213950135563521,"ZCCHC2","OPCs"
"ASPH",19.4738383763754,-0.527487556027232,0.1420539979036,-3.71328905776514,0.00020458299279826,0.00216001578442814,"ASPH","OPCs"
"HS6ST2",10.1887420785926,-0.775797120176267,0.208910244678132,-3.71354272918275,0.000204377938470028,0.00216001578442814,"HS6ST2","OPCs"
"BAALC",27.2411312456082,0.616410392918861,0.166042681207969,3.7123611136272,0.000205334740572688,0.0021653025332274,"BAALC","OPCs"
"TH2LCRR",1.47935375131942,-2.15416895343231,0.580904632648811,-3.70830052363281,0.000208654935808545,0.00219762817617157,"TH2LCRR","OPCs"
"ERBB3",13.2892177633287,0.836174385375165,0.225631476147401,3.70592968522223,0.00021061672981556,0.00221558525779149,"ERBB3","OPCs"
"DLGAP1",142.33106153063,-0.437206639858527,0.118050149280113,-3.70356702236021,0.00021258898177785,0.00223360847358799,"DLGAP1","OPCs"
"KCNIP4-IT1",6.48089118745609,-1.10095301788765,0.297376293331317,-3.70222187368864,0.000213719590049634,0.00224275569801477,"KCNIP4-IT1","OPCs"
"SMAD3",7.36659418709388,-0.882840795754592,0.238594376714482,-3.70017436249581,0.000215451383231835,0.00225818181258543,"SMAD3","OPCs"
"NUP37",2.04568899823099,-1.96210879497136,0.53058728807479,-3.69799435280625,0.000217309722489917,0.00227489522596848,"NUP37","OPCs"
"GOLGB1",12.2617067223703,0.605250388282006,0.163703471364377,3.69723612601236,0.000217959589369855,0.00227893262776287,"GOLGB1","OPCs"
"HTRA1",52.69614666698,0.905491725380284,0.245059407993851,3.69498862660684,0.000219896630203044,0.0022964023391422,"HTRA1","OPCs"
"AEBP2",11.6210336220135,-1.14879441895137,0.310938218884988,-3.69460667482725,0.000220227423444675,0.00229707588226573,"AEBP2","OPCs"
"FBRSL1",4.99621486357871,0.960742658087049,0.260367558397034,3.68994764171815,0.000224300212289121,0.00233673143865453,"FBRSL1","OPCs"
"ATP1A1",18.7825259542344,0.7078173231735,0.191842028312625,3.68958423448298,0.000224620846749704,0.00233724900369475,"ATP1A1","OPCs"
"MFSD11",5.10201842469484,-1.05927170813199,0.287172392375463,-3.68862654021091,0.000225467883196625,0.00234323609693264,"MFSD11","OPCs"
"BCL11B",5.35908334242942,-1.39405607690942,0.378113490846389,-3.68687209173334,0.000227027394621897,0.00235660445969733,"BCL11B","OPCs"
"SPPL2B",9.74948594330006,0.695356065306738,0.188714270811214,3.68470313515589,0.000228969353975564,0.00237390582619377,"SPPL2B","OPCs"
"SSBP2",21.3154776041038,-0.801888829140353,0.217662126779367,-3.68409902542754,0.00022951300867858,0.0023766857297256,"SSBP2","OPCs"
"ASXL3",8.12929352082977,-1.42161794863162,0.385932027518258,-3.68359671461671,0.000229965973998887,0.00237852097327866,"ASXL3","OPCs"
"GTF3C1",6.90236237043465,0.785706209403739,0.213429161726516,3.68134421298307,0.000232007532850724,0.00239581906067134,"GTF3C1","OPCs"
"BTBD17",3.97822322588872,1.76117664575148,0.4784324655238,3.68113949755333,0.000232193917774314,0.00239581906067134,"BTBD17","OPCs"
"SLC25A4",5.00990059559673,-1.07081715653368,0.291084809005134,-3.67871191970996,0.000234414866333181,0.00241584544443252,"SLC25A4","OPCs"
"HLA-A",32.2218146148613,0.967540928936353,0.263104819632111,3.67739720727742,0.000235625979733205,0.0024227818415769,"HLA-A","OPCs"
"FRMD4A",65.3513444299485,-1.22997564274909,0.334471407373011,-3.67737156491044,0.000235649659759219,0.0024227818415769,"FRMD4A","OPCs"
"YES1",4.03612411429424,1.17983201564697,0.320870981349804,3.67696701859352,0.000236023542883149,0.00242373700108338,"YES1","OPCs"
"SSR2",6.83242367919935,0.79336629850433,0.215971873894667,3.6734704579693,0.000239278352280723,0.00245423908058683,"SSR2","OPCs"
"KCMF1",6.8672987700226,0.934929665429361,0.254582020898289,3.67241041661338,0.000240273391332658,0.0024590549698197,"KCMF1","OPCs"
"CARS2",3.17148830130466,-1.40413281894908,0.382351318602615,-3.67236295687637,0.000240318031481336,0.0024590549698197,"CARS2","OPCs"
"PLD1",3.15008799674405,-1.41267356819934,0.38543967245864,-3.66509643179226,0.000247245405074455,0.00252694178219461,"PLD1","OPCs"
"SUB1",13.8937753621362,-0.696236102151115,0.189990630638256,-3.66458124704451,0.000247743588221316,0.002529036913606,"SUB1","OPCs"
"TCF25",18.7860025796965,0.901739264056039,0.246103328147831,3.66406773464834,0.000248241091051497,0.00253112015533122,"TCF25","OPCs"
"RAB30",4.53912890110222,-1.13626328460049,0.310181546467936,-3.66322012878978,0.000249064321858502,0.00253651575011976,"RAB30","OPCs"
"PLAAT1",9.56649512524066,-0.833774340246964,0.227659907424561,-3.66236791396064,0.000249894610102539,0.00254197040889682,"PLAAT1","OPCs"
"UNC5C",51.1179298821364,-0.375467655698976,0.102574107532815,-3.66045257160884,0.000251770155920761,0.00255803223200528,"UNC5C","OPCs"
"FARP2",18.7345442750067,0.837682917165717,0.22911087597336,3.65623374973748,0.000255947984700793,0.00259436817394716,"FARP2","OPCs"
"ENSG00000259048",37.7179163598609,-0.582575683386093,0.159334591311679,-3.6563038734414,0.000255878014181612,0.00259436817394716,"ENSG00000259048","OPCs"
"FAM184B",10.9872504599627,1.13265774362325,0.309886754678882,3.65506988124405,0.000257111934116287,0.00260190207250082,"FAM184B","OPCs"
"NAPRT",1.53971709456361,-2.13911759277739,0.585275863750871,-3.65488776364085,0.000257294512849896,0.00260190207250082,"NAPRT","OPCs"
"GREB1",4.70829056410829,1.00379690986004,0.274703041516902,3.65411647543872,0.000258069102548856,0.00260667924893025,"GREB1","OPCs"
"PAK2",9.831583872279,0.672638097073313,0.184249764069083,3.6506863412922,0.000261540479468988,0.00263865283730935,"PAK2","OPCs"
"SHC2",12.9873046484149,0.937856392129554,0.256925327253933,3.65030727859157,0.000261926774786744,0.00263946303657764,"SHC2","OPCs"
"HNRNPDL",32.8956643478545,-0.561516263872067,0.153866640854067,-3.64936974483396,0.000262884495842571,0.00264293899899536,"HNRNPDL","OPCs"
"FKBP4",4.5039831929964,1.18068651451206,0.323516082506193,3.64954504074603,0.000262705176225615,0.00264293899899536,"FKBP4","OPCs"
"LYST",23.3206722204691,0.992909622140469,0.272263139249514,3.64687494927663,0.000265449026734535,0.00266251547047918,"LYST","OPCs"
"PCSK6",10.3142680930041,1.11937707098724,0.306919386305954,3.64713706898719,0.000265178481622766,0.00266251547047918,"PCSK6","OPCs"
"IARS1",9.78041204029149,0.949235994556012,0.260360931382592,3.64584651589351,0.000266513018688948,0.00267008280976872,"IARS1","OPCs"
"MYRFL",9.48674816523984,1.68776638226864,0.463091935880514,3.64456007867973,0.000267849563496399,0.00268036001707649,"MYRFL","OPCs"
"INTU",4.45315429605176,-1.18376529838966,0.32489825251304,-3.64349543044141,0.000268960429417381,0.00268835766414175,"INTU","OPCs"
"FYTTD1",4.35768239243293,1.04526140837109,0.28693100435701,3.642901577379,0.00026958193715222,0.00269145114568872,"FYTTD1","OPCs"
"TMEM170B",2.91381601072431,-1.56091448941945,0.42856357713695,-3.64220053380936,0.000270317359619798,0.0026956734613646,"TMEM170B","OPCs"
"SPATA7",7.20754554076879,-0.827917185363454,0.227491560407145,-3.6393314278636,0.000273346806727649,0.00272273620650428,"SPATA7","OPCs"
"GDI1",17.1733271297214,0.760688110713923,0.209156545455535,3.6369318926031,0.000275904845730369,0.00274504636594021,"GDI1","OPCs"
"PDE10A",14.7198018981887,-1.23239408119474,0.33888604079423,-3.63660326139855,0.00027625692661672,0.00274538277534082,"PDE10A","OPCs"
"CDKL5",6.28483562976605,-1.2689932461642,0.348990652057665,-3.63618119477458,0.000276709727726178,0.0027467181948976,"CDKL5","OPCs"
"SH3BGRL2",3.47802754845595,-1.47399929027578,0.405407788047902,-3.63584354748907,0.000277072462827523,0.00274715754523013,"SH3BGRL2","OPCs"
"LINC01876",2.93947887547859,-1.54217032003251,0.424241075782561,-3.63512730866006,0.000277843395241894,0.00274820041714683,"LINC01876","OPCs"
"EIF3B",5.07893823674741,0.904126311766069,0.248723040640131,3.63507260702163,0.000277902356567924,0.00274820041714683,"EIF3B","OPCs"
"PPP1R14A",5.5338606634067,-1.00067466339611,0.275299495002001,-3.63485833269996,0.00027813342965096,0.00274820041714683,"PPP1R14A","OPCs"
"UST",32.3412100441669,-0.525964775417357,0.144767702152603,-3.63316380378079,0.000279967159282866,0.00275999624682743,"UST","OPCs"
"ENSG00000267345",1.07766335854484,-2.23575946293858,0.615372158529912,-3.63318267157175,0.000279946679333541,0.00275999624682743,"ENSG00000267345","OPCs"
"SLC6A1",21.3466795285339,0.660451348661345,0.18189413972812,3.63096551460389,0.000282362915544562,0.00278043665466598,"SLC6A1","OPCs"
"APOOL",3.92404275548582,-1.17760872092125,0.324580029609028,-3.62809973965353,0.000285514966534003,0.00280826921473467,"APOOL","OPCs"
"CCND2",9.06013487853928,-0.808526480440849,0.222886301026369,-3.6275288194818,0.000286146843855369,0.00281127867323054,"CCND2","OPCs"
"ENSG00000291181",12.6816591208296,0.714837030976232,0.197119578128751,3.62641315369155,0.000287385412799645,0.00282023500660949,"FGF7P3","OPCs"
"IFNAR2",11.0435571978846,0.62628079123201,0.172745070551269,3.62546259197675,0.000288444650463614,0.0028274131305672,"IFNAR2","OPCs"
"CCDC126",2.96626921035188,-1.45820096106697,0.402448929922266,-3.62331926525094,0.000290846455647023,0.00284772023429197,"CCDC126","OPCs"
"CCK",3.97701337572463,-1.41514057557537,0.390925331184255,-3.61997666226539,0.00029462958833841,0.00287822743941917,"CCK","OPCs"
"NUDT5",4.81395797400189,-1.06556301806204,0.294339948782565,-3.62017803722997,0.000294400375131873,0.00287822743941917,"NUDT5","OPCs"
"CDON",2.55222005336416,-1.83350686714716,0.506674011022136,-3.61871109877601,0.000296073935084092,0.00288906534393142,"CDON","OPCs"
"NVL",3.9199948849773,-1.17942950273457,0.325980362736495,-3.61809985372634,0.0002967739019233,0.00289262336496089,"NVL","OPCs"
"LAMA4",14.9376934845632,-0.826999766541095,0.228740020778659,-3.6154572502262,0.00029981795081061,0.00291242076992378,"LAMA4","OPCs"
"PRDX5",4.46440103490765,-1.14136894799867,0.315668318453385,-3.61572220357999,0.00029951143381266,0.00291242076992378,"PRDX5","OPCs"
"GLYR1",6.37298537050436,0.913733898685742,0.252691240158087,3.61600939594938,0.000299179520610749,0.00291242076992378,"GLYR1","OPCs"
"BASP1-AS1",14.7125417559637,-0.889287805013394,0.246311290829653,-3.61042241310983,0.000305698738532001,0.00296620620762321,"BASP1-AS1","OPCs"
"PXDC1",4.4923860841805,1.39065047296619,0.385649433868939,3.60599640718982,0.000310957437975853,0.00301384141570754,"PXDC1","OPCs"
"RELCH",15.1976424966678,-0.653658933511885,0.181294553130582,-3.60550784469002,0.000311543079140162,0.00301612862027277,"RELCH","OPCs"
"PTOV1",13.1452697269294,0.961763609460687,0.266864838240835,3.60393529473798,0.000313435117678808,0.00303104408643206,"PTOV1","OPCs"
"ZMPSTE24-DT",1.90379580100229,-2.03896297315512,0.566028536150701,-3.60222646550855,0.00031550331619171,0.00304762777768163,"ZMPSTE24-DT","OPCs"
"EIF2B4",3.76460448271499,1.2199680087348,0.338742623283623,3.60146000201853,0.000316435112226757,0.00305320948329754,"EIF2B4","OPCs"
"CTDSP2",5.24347929446346,0.875559745167022,0.24336295285019,3.59775280055055,0.00032097846357453,0.00309358684557977,"CTDSP2","OPCs"
"DIRC3-AS1",19.1729443317484,-0.852136684916267,0.236958034757776,-3.59615020350477,0.000322961363965647,0.00310922402407106,"DIRC3-AS1","OPCs"
"CORO6",3.03555263934593,-3.41117624505578,0.948964012808351,-3.59463182904144,0.000324850627564068,0.0031239258788937,"CORO6","OPCs"
"DCC",143.536656687813,-0.460956465929111,0.128246767522607,-3.59429305575172,0.000325273561074174,0.00312450973031829,"DCC","OPCs"
"NDUFB1",6.59918309700515,-0.94882211391294,0.264063624575249,-3.59315720004653,0.000326695356861447,0.00313467647195422,"NDUFB1","OPCs"
"TIMM23B",8.54653013235062,1.21690704951785,0.338824984393216,3.59155052186352,0.000328716434559197,0.00315056440500849,"TIMM23B","OPCs"
"EPB41L5",12.9906147966317,-0.67640293963751,0.188481682106785,-3.58869324635109,0.000332339603177772,0.00318175517981294,"EPB41L5","OPCs"
"GRM5",100.949060308334,-0.271593255200156,0.0757442279352299,-3.58566273105852,0.000336223263826671,0.00321536793100761,"GRM5","OPCs"
"GABRG2",2.64400402658701,-2.55754628807002,0.71340624353994,-3.58497884091876,0.000337105534485614,0.00322023515002537,"GABRG2","OPCs"
"PLXNB1",9.9890282748296,0.820172743550117,0.228838197812697,3.58407272644852,0.00033827782806092,0.00322697365732973,"PLXNB1","OPCs"
"WNK2",4.25194179609936,-2.29897579164472,0.641532732143585,-3.58356741044692,0.000338933240614507,0.00322697365732973,"WNK2","OPCs"
"LRCH1",8.09725607995659,-0.749404344190133,0.209119295849473,-3.58362121078279,0.000338863403224043,0.00322697365732973,"LRCH1","OPCs"
"PDK4",6.25393364684709,0.954235043943577,0.266379642664966,3.58223711991291,0.000340664359308158,0.00323987956272566,"PDK4","OPCs"
"SULT4A1",1.94711239635968,-2.85676995114615,0.797809815476758,-3.58076561071011,0.000342588881108064,0.00325459437052661,"SULT4A1","OPCs"
"ENSG00000254787",21.2869781500557,-0.821180659386663,0.229352646842024,-3.58042809051288,0.0003430317405493,0.00325521649502559,"LOC124902727","OPCs"
"LIMS1",9.39961363804827,0.756577053970022,0.211349297853164,3.57974718466138,0.000343926785959325,0.00326012357767597,"LIMS1","OPCs"
"MAT2A",14.7561101884514,0.787229297577668,0.219993691264086,3.57841760395146,0.000345680810772436,0.00327315331912517,"MAT2A","OPCs"
"NPTX1",4.05598587310497,-4.25761943218494,1.19009976187104,-3.57753153860921,0.000346854378812019,0.00328066433293034,"NPTX1","OPCs"
"ZMYM5",7.77321465172037,0.773297626280894,0.216296692233158,3.5751708373206,0.000349999276900571,0.00330678396773749,"ZMYM5","OPCs"
"NEK1",18.388433040172,0.490218452895936,0.137144007248009,3.57447957612492,0.000350925202866022,0.003311904595101,"NEK1","OPCs"
"SCAF11",20.3639987857245,0.466793266210348,0.13064358790429,3.57302852515289,0.000352876304305827,0.00332667868955417,"SCAF11","OPCs"
"FNBP1L",8.12012284968555,-0.844841626919945,0.236474783307473,-3.57264996759275,0.000353386983703776,0.00332785602776067,"FNBP1L","OPCs"
"CSPP1",16.9375709002944,0.548453673259068,0.153541096270609,3.57203176596085,0.000354222432573442,0.00333208582702128,"CSPP1","OPCs"
"IRS2",7.2406140419791,0.824209709290546,0.230774311318462,3.57149677787646,0.000354946915745083,0.00333526372028005,"IRS2","OPCs"
"LINC00486",106.781911512439,0.99040480880378,0.27749805402716,3.56905136605694,0.000358276181950197,0.00335922863641565,"LINC00486","OPCs"
"TOB2",5.25631657747059,1.11296495584272,0.311831137319398,3.56912707759118,0.000358172669126128,0.00335922863641565,"TOB2","OPCs"
"LINC01619",6.79919127247112,2.1426982858396,0.600450341546215,3.5684854143341,0.000359050837865709,0.00336283662044474,"LINC01619","OPCs"
"COPA",14.3677586526883,0.62190464020105,0.174390850412039,3.5661540656041,0.000362258455438492,0.0033891989551111,"COPA","OPCs"
"ST6GAL1",23.0345189827618,0.625920230653644,0.175676160980352,3.56292070113969,0.000366751492468589,0.00342736791370262,"ST6GAL1","OPCs"
"RPS28",24.0994658783559,0.606327814688308,0.170190212383263,3.56264797015986,0.000367132848627547,0.00342736791370262,"RPS28","OPCs"
"GRIN2A",7.74746963949869,-2.95717822986478,0.830248948596293,-3.56179701867073,0.000368325107324321,0.00343478094678875,"GRIN2A","OPCs"
"SLC25A16",3.40527465781756,-1.32735565552939,0.372857669161744,-3.55995267178906,0.000370921637409914,0.00345153187087154,"SLC25A16","OPCs"
"MGA",11.9471682549024,0.766043529275663,0.215173866847703,3.56011415558124,0.000370693613665574,0.00345153187087154,"MGA","OPCs"
"ZSCAN16-AS1",3.91832447850149,-1.11613628580676,0.313829094001647,-3.55650991937957,0.000375814296707224,0.00349329108124625,"ZSCAN16-AS1","OPCs"
"DNAJB9",2.20477074872878,-1.95803191318523,0.550740994260599,-3.55526814526309,0.000377593796599748,0.00350605391762048,"DNAJB9","OPCs"
"MARCHF3",7.75481584356415,1.31992892230192,0.371405926835156,3.55387145689721,0.000379604703105393,0.00352093566557755,"MARCHF3","OPCs"
"CCP110",6.74410005342684,0.748976819800803,0.210857887890166,3.55204553785031,0.000382248700526517,0.0035416512252865,"CCP110","OPCs"
"SPECC1",13.1178255452019,0.701833281943598,0.197700134975249,3.54998888610504,0.000385247414876078,0.00356560536558052,"SPECC1","OPCs"
"ARID2",21.5332251597978,0.494822344184367,0.139432223160488,3.54883780067697,0.000386935343942889,0.00357738936425655,"ARID2","OPCs"
"SLC7A6OS",3.08241832957998,1.35925508610075,0.383209054442862,3.54703280191783,0.000389596080412176,0.0035981325370829,"SLC7A6OS","OPCs"
"JARID2",12.4680117663564,-0.77873622438717,0.219595952567927,-3.54622303043717,0.000390795306307052,0.00360534792749158,"JARID2","OPCs"
"PHF10",4.49921325569979,0.934063556874402,0.263432280085494,3.54574449483284,0.000391505611147526,0.0036080420958959,"PHF10","OPCs"
"IFFO1",5.01054076518445,0.863313060226311,0.243637608364206,3.54343102455584,0.000394956610973753,0.0036359612873635,"IFFO1","OPCs"
"LRRN1",27.6365383236537,-0.881673911058328,0.248923420605884,-3.54194839887833,0.000397183163439772,0.00364867089225929,"LRRN1","OPCs"
"PRKCA",111.619332735806,0.421680144308583,0.11905024148992,3.54203518641569,0.000397052506640448,0.00364867089225929,"PRKCA","OPCs"
"STAT5B",9.93110674283677,0.701500709805836,0.198085519823828,3.5414032809149,0.00039800474598186,0.00365232865833992,"STAT5B","OPCs"
"GNAS",25.9379805327352,0.473334383852926,0.133685728980472,3.54065005638761,0.000399142592374449,0.00365887779152178,"GNAS","OPCs"
"GIN1",1.69998515405162,-1.9358007584417,0.54690520330298,-3.53955447260444,0.000400803044347235,0.00366591292500022,"GIN1","OPCs"
"CCDC90B",8.00259868552531,-0.827845055502077,0.233893673447352,-3.53940764322734,0.00040102606671486,0.00366591292500022,"CCDC90B","OPCs"
"LMO7",3.91642487198984,-2.18733600912577,0.618013200683984,-3.53930305486184,0.000401184998979852,0.00366591292500022,"LMO7","OPCs"
"FRYL",25.6561186359079,0.402788856656385,0.11383052388246,3.53849602829113,0.000402413335179425,0.00367324595688648,"FRYL","OPCs"
"SETDB2",2.43593082908374,-1.85005489927677,0.522941998758019,-3.53778220848704,0.000403502733164755,0.00367929659226129,"SETDB2","OPCs"
"C8orf34",2.36262574541399,-4.06458743631459,1.14905420078524,-3.53733308101299,0.000404189581656706,0.00368110408508315,"C8orf34","OPCs"
"ARFGAP3",6.65748211976961,0.800164957297514,0.226220954122405,3.53709478594347,0.000404554448488155,0.00368110408508315,"ARFGAP3","OPCs"
"LINC03009",20.3618226092538,0.515380249723779,0.145721197518972,3.53675552012039,0.000405074448144883,0.0036819517278164,"LINC03009","OPCs"
"YPEL3",9.90888483764335,0.927702905468946,0.262511591553968,3.53395025330996,0.000409398125734307,0.00371733498166751,"YPEL3","OPCs"
"FN1",6.21919169310565,1.29938982952445,0.367780953237125,3.53305362359719,0.000410789141195607,0.00372604325126531,"FN1","OPCs"
"FMN1",4.32658328145012,-3.95291570739997,1.11895213201558,-3.53269420049234,0.000411347982314252,0.00372719295739784,"FMN1","OPCs"
"KCNN2",8.47803950064381,-0.856553758993946,0.242602215959744,-3.53069223051151,0.000414473716028611,0.00375157426491374,"KCNN2","OPCs"
"RPL35A",12.4656859651921,-0.647854015254615,0.183556511412248,-3.52945264796195,0.000416420217446243,0.00376195430913307,"RPL35A","OPCs"
"AMZ2",5.97446301683546,-0.954312735390244,0.270389006397143,-3.52940656909906,0.000416492738838637,0.00376195430913307,"AMZ2","OPCs"
"H3-3B",34.275013653314,-0.727325246208888,0.206092145220962,-3.52912647606771,0.000416933818136434,0.00376199907452393,"H3-3B","OPCs"
"FLRT3",2.74075012563417,-1.76557266605837,0.500415965484815,-3.52821010486315,0.000418379933097942,0.00377110271985668,"FLRT3","OPCs"
"PIK3R3",4.69430087258481,-1.40064439790524,0.397556753910393,-3.52313068292367,0.000426481016569519,0.00384010986318233,"PIK3R3","OPCs"
"CTDSPL",13.7752089151069,-0.651185994254973,0.184868381760081,-3.52243032613371,0.000427609424292309,0.00384625536386388,"CTDSPL","OPCs"
"RTRAF",2.98947450708969,-1.76542356833612,0.501477547249366,-3.52044389229303,0.000430825130953741,0.00387114331209059,"RTRAF","OPCs"
"ZBTB16",17.1919504990318,0.786739838112757,0.223570183813636,3.51898372445124,0.000433203282871403,0.00388846151722032,"ZBTB16","OPCs"
"HP1BP3",23.6452289219872,0.820753712242258,0.233327819508055,3.51759903286597,0.00043546982449407,0.00390474293771918,"HP1BP3","OPCs"
"BAZ2A",8.41933510479651,0.673048198166184,0.191435042146636,3.51580458112074,0.00043842355571761,0.00392714599337498,"BAZ2A","OPCs"
"RPS29",12.6431368483498,0.633808196819513,0.180332173785841,3.51467064092628,0.00044029969345591,0.00393986012007332,"RPS29","OPCs"
"NFXL1",4.17342602050463,1.22881217781724,0.349875137846991,3.51214489082854,0.000444505592036846,0.00397337330249724,"NFXL1","OPCs"
"VEGFA",12.0056801281914,-1.18668120039479,0.337969711007398,-3.51120577301916,0.0004460789594621,0.00398330963180132,"VEGFA","OPCs"
"ABL1",11.6734197756378,0.623513035766519,0.17763644286698,3.51005134815398,0.000448020167302927,0.00399650668371773,"ABL1","OPCs"
"ENSG00000291136",9.4118262623548,0.767891540528423,0.218835077202915,3.50899659388882,0.00044980066515097,0.00400410788193217,"RABGEF1P1","OPCs"
"ENSG00000258162",10.8776881660548,-0.666716623394136,0.1899900369508,-3.50921887323382,0.000449424894003235,0.00400410788193217,"PPFIA2-AS2","OPCs"
"ENSG00000229618",4.22478908247509,-1.7274355385279,0.49235478393697,-3.50851783081089,0.000450611027347309,0.00400718631123493,"ENSG00000229618","OPCs"
"FAAP20",6.40014447268523,0.915997569137139,0.261158207191904,3.50744316629516,0.000452434986351745,0.00401512776982526,"FAAP20","OPCs"
"POLDIP3",3.82451202300631,1.00309482095934,0.285981782799015,3.50754796736233,0.000452256811512591,0.00401512776982526,"POLDIP3","OPCs"
"ERCC1",5.00451630640693,0.869040106746478,0.247890495792417,3.50574193644846,0.00045533646665637,0.00403672390686315,"ERCC1","OPCs"
"CPNE4",7.02377488387178,-3.71250976798322,1.05999138078058,-3.50239618481549,0.000461093432471791,0.00408356462885182,"CPNE4","OPCs"
"TRIM44",13.9094998457447,-0.595438971483133,0.170068643101417,-3.50116847306211,0.00046322291066007,0.00409401724114115,"TRIM44","OPCs"
"AGBL1",1.46571081513952,-2.00052469710039,0.571354554344879,-3.50137175224622,0.000462869688195314,0.00409401724114115,"AGBL1","OPCs"
"ITGA9-AS1",6.22249733160896,-0.905288221476397,0.258680769344855,-3.49963479608154,0.000465895979885944,0.00411342755629084,"ITGA9-AS1","OPCs"
"ARL6",2.6487627888323,-1.45258512910037,0.415196660545558,-3.49854723588505,0.00046780021868262,0.00412180253968977,"ARL6","OPCs"
"LGR5",2.9622726114797,-1.45897350459439,0.417013241649331,-3.49862632376851,0.000467661497105187,0.00412180253968977,"LGR5","OPCs"
"CNTN3",35.4911685734245,0.751669313234583,0.214979093055465,3.49647634358867,0.000471446293328024,0.00414968951657912,"CNTN3","OPCs"
"FNDC3B",18.652671716915,0.649157947735569,0.185696572228116,3.495799302844,0.000472644050132121,0.00415599141329223,"FNDC3B","OPCs"
"PLPP5",4.48341024943113,-1.05073732755651,0.30070245497947,-3.49427585361167,0.000475349581061646,0.004175524935069,"PLPP5","OPCs"
"RPS8",17.836760585471,-0.571350707007077,0.163566713239667,-3.49307445072826,0.000477493362955205,0.0041858310455809,"RPS8","OPCs"
"DGLUCY",3.45101258840984,-1.29825105495659,0.371638069078569,-3.49332095653023,0.000477052764297878,0.0041858310455809,"DGLUCY","OPCs"
"ARHGAP31",37.4002025990906,0.707698678859973,0.202734871688013,3.49075949770025,0.000481649615116376,0.00421791906247022,"ARHGAP31","OPCs"
"ZNF536",6.01428813656778,-1.02986114947727,0.295047545021212,-3.49049218288947,0.000482131717551082,0.00421791906247022,"ZNF536","OPCs"
"MIR124-2HG",2.5420440356348,-2.15926801934724,0.618868737851715,-3.48905654346466,0.00048472860261785,0.00423634136391243,"MIR124-2HG","OPCs"
"HECW2",25.3632919408065,-0.658005295710794,0.188623825031627,-3.48845272117913,0.000485824730979736,0.00424162361278462,"HECW2","OPCs"
"SV2B",4.34059088735833,-4.16856365827176,1.19520808829518,-3.48773046224756,0.000487138895502177,0.00424879687826267,"SV2B","OPCs"
"DNAJB14",14.1412089371596,0.512950524705781,0.147105223004647,3.48696337375851,0.000488538258067999,0.00425240263783507,"DNAJB14","OPCs"
"AKAP12",16.7546001542146,0.959172044806552,0.275064296620454,3.48708304418752,0.000488319702555824,0.00425240263783507,"AKAP12","OPCs"
"ZNF652",13.2321173669055,0.627024504940294,0.179988277998688,3.48369633796299,0.000494540240807046,0.00430030656975966,"ZNF652","OPCs"
"TRPC4AP",14.1484894792688,0.60589871829133,0.173985738049036,3.48246198272046,0.000496825759910639,0.00431582981368497,"TRPC4AP","OPCs"
"PRANCR",16.5120330683089,0.691768076134055,0.198676867360968,3.48187529490895,0.000497915514401809,0.00432094489660966,"PRANCR","OPCs"
"VPS54",14.9062386814547,0.507792634147489,0.145868063087858,3.481177602541,0.000499214357492937,0.004322135375618,"VPS54","OPCs"
"AIG1",16.0631031045866,-0.54176876868288,0.155636206580943,-3.48099443300886,0.000499555874042563,0.004322135375618,"AIG1","OPCs"
"RPL23",6.35553051802925,-0.983295079197308,0.282433063559404,-3.48151546708161,0.000498584985692811,0.004322135375618,"RPL23","OPCs"
"RYBP",9.24760354534095,0.753059972453511,0.216469096941236,3.47883362149351,0.000503601147377926,0.0043527690353527,"RYBP","OPCs"
"IPO9",7.59055475286982,0.693476074946958,0.199417566121473,3.47750746553859,0.000506098956690062,0.00436997957998846,"IPO9","OPCs"
"ANKRD7",2.66645068840572,-1.69201124210169,0.486689125867756,-3.47657498836629,0.000507862184078608,0.00438081919986207,"ANKRD7","OPCs"
"XRN1",25.4703708876944,0.419457823393211,0.120665931284324,3.47619099217696,0.000508589948410495,0.00438271418080812,"XRN1","OPCs"
"IQCB1",10.2457276686073,0.619016827018021,0.178229572510388,3.47314319559365,0.000514400824813419,0.00442836478527001,"IQCB1","OPCs"
"IL17D",5.7791820919684,0.917584305922301,0.264229054973857,3.4726851141071,0.000515279525871012,0.00443150667015289,"IL17D","OPCs"
"DTNB",21.1336838997979,-0.562452562595185,0.162260970921701,-3.46634535341587,0.000527585138306879,0.00453281813051309,"DTNB","OPCs"
"SMARCAD1",14.9526659647455,-0.652320481525639,0.18822047254458,-3.46572544796441,0.00052880297379513,0.00453876064871323,"SMARCAD1","OPCs"
"VSTM4",2.95081960245703,-1.33914796473043,0.386519292677341,-3.464634211282,0.000530953129952428,0.0045526855854569,"VSTM4","OPCs"
"SDAD1",4.79890129163679,0.97992637202179,0.283052697745446,3.46199269544873,0.00053619170757983,0.00458848181506311,"SDAD1","OPCs"
"TYRO3",11.2875889984128,0.761477243135293,0.219949991187926,3.46204716364223,0.000536083203273999,0.00458848181506311,"TYRO3","OPCs"
"COPS4",5.14002593336188,-1.04028137240407,0.300541051878745,-3.46136198666056,0.000537449613122555,0.00459468816927171,"COPS4","OPCs"
"UBE2L3",5.83467207097345,-1.29418497397719,0.374140424472104,-3.45908885895777,0.000542006059544396,0.00462905373230689,"UBE2L3","OPCs"
"NOS1",12.0759982536838,0.791827331584773,0.229017985379975,3.45748972628073,0.000545233031052504,0.00465200803744698,"NOS1","OPCs"
"TRAPPC3",3.47089494974529,-1.21105021223243,0.350581550491373,-3.45440372014737,0.000551511098070482,0.00469721539541131,"TRAPPC3","OPCs"
"ENSG00000286863",18.79872215833,-1.03002124024384,0.298180897531595,-3.45435019067478,0.000551620588401537,0.00469721539541131,"ENSG00000286863","OPCs"
"AUTS2",40.9004563194401,-0.896901495367786,0.259672421691342,-3.45397285366669,0.000552392976227687,0.00469915366167656,"AUTS2","OPCs"
"PPP2R5C",12.9291266659779,0.615780138764417,0.178313720770676,3.45335253004087,0.000553664933847998,0.00470533371366781,"PPP2R5C","OPCs"
"ARHGEF38",2.20966093998516,-1.68448589274605,0.487928696536591,-3.45231978504819,0.000555788604317259,0.00471873277641799,"ARHGEF38","OPCs"
"SNAP23",9.24195627137537,0.828162162792617,0.239906746300253,3.45201698394984,0.000556412701962855,0.00471938639835947,"SNAP23","OPCs"
"SENP1",3.69511394875317,1.03216738553988,0.299033143553374,3.45168222249467,0.000557103432191067,0.00472060334585476,"SENP1","OPCs"
"STAG3L4",5.32996909281961,-0.901664841849009,0.261331462168979,-3.45027282350713,0.000560020285089862,0.00473669597488694,"STAG3L4","OPCs"
"DAPK1",2.00902272936722,-3.38536725134492,0.981199320627801,-3.45023399443333,0.000560100845627716,0.00473669597488694,"DAPK1","OPCs"
"DST-AS1",4.37660182093839,-1.08529054478391,0.314663059657449,-3.4490560981813,0.000562549819462269,0.00475274705453627,"DST-AS1","OPCs"
"ENSG00000288830",1.14328267409022,-2.14644802368745,0.62249163083518,-3.44815563352655,0.000564428704845055,0.00476395499803664,"ENSG00000288830","OPCs"
"ARHGEF28",6.09723110760343,-0.887576538935868,0.257528289484108,-3.44652053843831,0.00056785539957113,0.00478288681189508,"ARHGEF28","OPCs"
"PRUNE2",20.5922968168056,0.456918566369672,0.132570661066644,3.44660396722302,0.000567680088553809,0.00478288681189508,"PRUNE2","OPCs"
"ROGDI",3.99416577783146,-1.20377670190878,0.349296164794084,-3.44629235370627,0.000568335147483475,0.00478288681189508,"ROGDI","OPCs"
"ENSG00000291189",1.30854315997333,-2.11623465910376,0.614227572155361,-3.44535926916756,0.000570300844870566,0.0047947515476155,"ENSG00000291189","OPCs"
"POM121C",5.06972449505636,0.84908335609678,0.246474316477251,3.44491616097107,0.000571236541259867,0.00479794197167246,"POM121C","OPCs"
"TRIM62",7.31532151355103,0.836587262314311,0.243116257627587,3.44109962237006,0.000579355181884197,0.00486139863709444,"TRIM62","OPCs"
"TMEM41B",6.50048923786418,0.797288589431739,0.231734611827476,3.44052441344115,0.000580588056409089,0.00486700930474714,"TMEM41B","OPCs"
"CBS",6.54711482385876,0.789999271820761,0.229658430971159,3.43988796091692,0.000581955043824205,0.00487373224080348,"CBS","OPCs"
"LAMP1",9.60734873116338,0.915972076550124,0.266300301604486,3.43962087549771,0.000582529588155403,0.00487381205376189,"LAMP1","OPCs"
"FBXO2",2.40069717208887,-1.57031730995444,0.456580516075729,-3.4392998708118,0.00058322082039854,0.0048748670511219,"FBXO2","OPCs"
"KBTBD7",2.36688742029617,-1.79843740558329,0.523031882688637,-3.43848523409023,0.000584978439704877,0.00488482480241459,"KBTBD7","OPCs"
"SNRNP35",2.49726005762971,-1.72898025030237,0.502911024783765,-3.43794461663626,0.000586147569564323,0.0048898539023809,"SNRNP35","OPCs"
"SMIM29",6.58716934044589,0.728002689458956,0.211780272675452,3.43753778509201,0.000587028810371461,0.00489247393069007,"SMIM29","OPCs"
"EVC",1.71472812105637,3.37061116425708,0.981318146700749,3.43477920548935,0.000593036802841677,0.00493777554180724,"EVC","OPCs"
"TMEM145",4.02400378795903,-1.28041111246821,0.372839046555394,-3.43421946895785,0.000594262833854524,0.0049432123479548,"TMEM145","OPCs"
"BLTP3A",4.75855503869324,1.03146347327027,0.300434494427585,3.4332391666127,0.000596415746415802,0.00495634126067698,"BLTP3A","OPCs"
"MSRA",39.0998933988089,-0.455491576466087,0.132706128951797,-3.43233262897403,0.000598413117897042,0.00496815356590941,"MSRA","OPCs"
"ENSG00000247121",2.64136423021763,-1.49223533960997,0.434804273262009,-3.43197027116328,0.000599213240002893,0.00497001289256246,"ENSG00000247121","OPCs"
"NSUN2",5.17502957753831,1.02995590814506,0.300233749851479,3.43051342047507,0.000602440171290438,0.00499197782665833,"NSUN2","OPCs"
"TMEM229B",5.75219489892829,0.836856607392273,0.244223300510992,3.42660428239774,0.000611179031623831,0.00505953006409517,"TMEM229B","OPCs"
"DLEU2",35.1935883345564,0.55470383294271,0.16197724176703,3.42457882904645,0.000615753180121341,0.00509250904288273,"DLEU2","OPCs"
"NREP",5.25278442084205,-1.58035471215776,0.461718958976511,-3.42276330965686,0.000619880281004291,0.00512173113404503,"NREP","OPCs"
"DYM",24.2856077545458,-0.506234881063542,0.148010174750751,-3.42027081527361,0.000625588237984668,0.00516394654627344,"DYM","OPCs"
"CNTNAP2",108.141871105285,-1.02389871263496,0.299528209930124,-3.41837155463195,0.000629970440804408,0.00519514820495107,"CNTNAP2","OPCs"
"ENOX1",24.358371891786,-0.729851314357234,0.213558522550082,-3.41757053589878,0.000631827195606466,0.00520548365740342,"ENOX1","OPCs"
"ANXA5",7.06250651806373,0.807044363342352,0.236330544387106,3.41489656123512,0.000638062374557367,0.00525183782722504,"ANXA5","OPCs"
"STAT4",4.10704293568257,-3.72274144220305,1.09043618079781,-3.41399295782659,0.000640182304535116,0.00526426364053376,"STAT4","OPCs"
"LINC01170",13.0006453061054,-0.94568153482235,0.277063352888253,-3.41323211808445,0.000641972377482641,0.00527395593158596,"LINC01170","OPCs"
"MED12L",18.5287021752406,-0.498379322663892,0.146043666113352,-3.41253637303979,0.000643613372381241,0.00528240623231264,"MED12L","OPCs"
"ZKSCAN8",3.27506430917615,1.07786944033294,0.315925724867572,3.41178117351716,0.000645399012812598,0.00528917300676743,"ZKSCAN8","OPCs"
"ERGIC2",7.60815022008239,-0.7989903670862,0.234193387922649,-3.41166919430746,0.000645664175298644,0.00528917300676743,"ERGIC2","OPCs"
"PPP2R2D",7.09898744520454,0.753580957487272,0.220935123409122,3.41086987826653,0.00064755987009612,0.00529689791192703,"PPP2R2D","OPCs"
"ADARB1",2.98035700352634,-1.6706991645894,0.489832805696755,-3.41075392492942,0.000647835299916881,0.00529689791192703,"ADARB1","OPCs"
"SPRY4",11.2609933434299,0.630874149845309,0.184985411044854,3.41039948113713,0.000648677903866435,0.00529876477154533,"SPRY4","OPCs"
"EPAS1",3.4797058700603,-1.2179285120636,0.357184159623986,-3.40980550018157,0.000650092234774392,0.00530519591507525,"EPAS1","OPCs"
"WDR83OS",8.39762953657889,0.757141388492008,0.222064732375216,3.40955261285115,0.000650695255987667,0.00530519591507525,"WDR83OS","OPCs"
"SNHG25",21.7066002781346,1.16612966846257,0.342149867545028,3.40824234955784,0.000653827976410227,0.00532570361143968,"SNHG25","OPCs"
"SYNDIG1",5.52575005958154,-1.248326958433,0.366479582913227,-3.40626604218923,0.000658579689547092,0.00535934754908794,"SYNDIG1","OPCs"
"EP300",10.1949320780872,0.591923450852457,0.173858323583699,3.40463107345845,0.000662534959464055,0.00538645293151455,"EP300","OPCs"
"SPRY3",3.94016701685856,-1.0515781781732,0.309002925433008,-3.40313340626021,0.000666177445628355,0.00541096670997193,"SPRY3","OPCs"
"TPR",9.73122771861314,0.587389735756342,0.172662532118487,3.40195251714051,0.000669062612916675,0.00541400947375163,"TPR","OPCs"
"SLC2A9",1.6765223043271,-1.88483841275443,0.554021327195445,-3.40210443214492,0.000668690801698163,0.00541400947375163,"SLC2A9","OPCs"
"HIBADH",17.4554559997966,-0.532993500716186,0.156653394408481,-3.40237441217764,0.000668030500944256,0.00541400947375163,"HIBADH","OPCs"
"JPH3",1.61463921051073,-1.87618513511604,0.551486953492726,-3.40204808696491,0.000668828683828207,0.00541400947375163,"JPH3","OPCs"
"FBXO17",4.02553177934514,0.940410777228578,0.276897629817962,3.39623989503566,0.000683184542782791,0.0055231020300322,"FBXO17","OPCs"
"LUC7L3",60.9282780683302,0.538218845997633,0.158489295151534,3.39593185447026,0.000683953854171068,0.00552414414426932,"LUC7L3","OPCs"
"ZNF433-AS1",3.49699822698327,1.38544667204216,0.408125347125909,3.39465970883388,0.00068713949307339,0.00554468219574468,"ZNF433-AS1","OPCs"
"ENSG00000286746",7.13740016136115,-0.856047629669581,0.252200335928836,-3.39431597708551,0.00068800261129607,0.00554645843461673,"ENSG00000286746","OPCs"
"MYRF",4.23469572612806,0.934608429803465,0.27542769411298,3.39329867613127,0.00069056298516822,0.00556190131658363,"MYRF","OPCs"
"ENSG00000290461",6.80984921498894,-1.04620263498231,0.30835031191828,-3.39290279446702,0.000691561743694504,0.00556474962789999,"CYP4F35P","OPCs"
"CASD1",14.7549262863497,-0.654626762815007,0.19296666703529,-3.39243441819559,0.000692745130591534,0.00556907688395393,"CASD1","OPCs"
"ZMIZ2",4.65134670455412,0.962665689624305,0.283803116098983,3.39201944945718,0.000693795151551364,0.00557232493229243,"ZMIZ2","OPCs"
"CLASP2",107.248968919962,-0.254283561574619,0.0749756510399249,-3.39154856340243,0.000694988455054489,0.0055767166635349,"CLASP2","OPCs"
"GARS1",4.29872472097101,0.916036909264464,0.270188960658503,3.39035653800179,0.000698017777033025,0.00559581909357517,"GARS1","OPCs"
"ENSG00000234173",10.1615592335907,-1.83852453859963,0.542531724253281,-3.38878715549787,0.000702024800078826,0.00562271673675018,"LOC105378311","OPCs"
"ENSG00000236924",2.56021404203413,1.80534972451037,0.533040037208797,3.38689328847392,0.00070688877306346,0.00565642166646141,"LINC02851","OPCs"
"BASP1",16.1155824268271,-0.856950258060306,0.253043524727875,-3.38657256288963,0.000707715578907611,0.00565778923415853,"BASP1","OPCs"
"TTC6",4.12556570647348,-1.39482624127688,0.411931250584789,-3.3860656099695,0.000709024297417193,0.00566300332363029,"TTC6","OPCs"
"PHF2",3.2470196167151,1.13608711551543,0.335581862983374,3.38542466334575,0.000710682144702052,0.00567099369121175,"PHF2","OPCs"
"RABGEF1",19.3619300902899,0.557450255620036,0.164717157045053,3.38428774282186,0.000713631722510283,0.00568926731827514,"RABGEF1","OPCs"
"PDZRN3",2.56809265786815,-2.71082403500368,0.801237506322231,-3.3832964802742,0.000716212689108914,0.00570457124307802,"PDZRN3","OPCs"
"ENSG00000259124",4.09595231863846,-1.17272967505798,0.346726009459393,-3.38229507756418,0.000718828861810656,0.0057129801600635,"ENSG00000259124","OPCs"
"NEDD4L",2.96627159621289,-3.14981561285727,0.931310624491197,-3.38213215872857,0.000719255327362504,0.0057129801600635,"NEDD4L","OPCs"
"ANKRD54",5.37583603852773,0.800819155609075,0.236772276005938,3.38223363443528,0.000718989671217421,0.0057129801600635,"ANKRD54","OPCs"
"PPFIA4",3.53532235651443,-1.99364866761699,0.589573933775781,-3.38150748091789,0.000720892698816526,0.00571871187453536,"PPFIA4","OPCs"
"SMDT1",3.49406696443554,-1.17663419810649,0.347977517646663,-3.38135120356035,0.00072130286569609,0.00571871187453536,"SMDT1","OPCs"
"MTHFD2L",9.46638490566811,-0.698486666412025,0.206617162186325,-3.38058396999054,0.000723319700332443,0.00572943593670124,"MTHFD2L","OPCs"
"GTF2IRD2B",4.32725839515405,1.08538869768094,0.321143763274286,3.37975954013441,0.000725492725883637,0.00574137637933235,"GTF2IRD2B","OPCs"
"DOK6",17.2553359326408,-0.555251970456342,0.164668858177974,-3.37193065282705,0.00074643240355221,0.00590167361415341,"DOK6","OPCs"
"ORMDL1",11.5390869418457,-0.800789304389878,0.237627096575738,-3.3699410375729,0.000751842693465555,0.00593900647786985,"ORMDL1","OPCs"
"NACA",10.6249060991396,-0.69871044973623,0.207466949198318,-3.36781570479611,0.000757662246876161,0.00597950095293117,"NACA","OPCs"
"MIB1",22.360632283877,0.428662158518036,0.12733261192742,3.36647581502824,0.000761352580117144,0.0060031328666275,"MIB1","OPCs"
"OSTM1",5.66456230694783,0.764843543802665,0.227214296844984,3.36617701624857,0.000762177806346073,0.00600415137674998,"OSTM1","OPCs"
"LMBRD1",25.4509575311687,-0.452446659015998,0.134496680836926,-3.36399869647772,0.000768219060666064,0.00604070885807244,"LMBRD1","OPCs"
"DMPK",3.59500125183448,0.969733431977379,0.288247759125576,3.36423580505585,0.000767559324712984,0.00604070885807244,"DMPK","OPCs"
"TMEM196",7.54148324317592,-0.815789766415519,0.242679984927969,-3.36158652168062,0.000774960733611966,0.00608817057207361,"TMEM196","OPCs"
"ZNF862",8.403538712992,0.657806181633403,0.195708770164795,3.36114820546623,0.000776191644006682,0.00609229219399603,"ZNF862","OPCs"
"NEGR1",91.7140157466437,-0.621962195426548,0.185075673902827,-3.36058317287612,0.000777781086155831,0.00609921786289109,"NEGR1","OPCs"
"USP7",5.98152661080763,0.791590700446809,0.235740904949126,3.35788437147825,0.000785414605784748,0.00615348445912737,"USP7","OPCs"
"HSD11B1L",2.64432816887927,-1.43180461806406,0.426452650167822,-3.35747618756878,0.000786575183742252,0.00615698505894797,"HSD11B1L","OPCs"
"RMND1",4.01226870990626,0.965827169044901,0.287798811108557,3.35591090638868,0.000791040475993509,0.00618632379503174,"RMND1","OPCs"
"TXLNG",3.69385711891524,-1.27555960519004,0.380446652158358,-3.35279492657778,0.000799999577810848,0.00625072133894599,"TXLNG","OPCs"
"KNOP1",6.11702603093385,0.897973908297273,0.267867197177667,3.35231009156256,0.0008014020173426,0.00625601249013327,"KNOP1","OPCs"
"GSG1L",17.819263142132,0.788799951143382,0.235410940642728,3.35073615945703,0.00080597053307087,0.0062859871774587,"GSG1L","OPCs"
"TPM4",3.83005728465168,0.954775842898431,0.285010523375156,3.34996698224251,0.00080821193709552,0.00629777431742182,"TPM4","OPCs"
"SLC48A1",4.23055143060029,0.911575545143483,0.272294569217341,3.34775514533262,0.000814689563499139,0.00634252001330647,"SLC48A1","OPCs"
"ENSG00000227681",2.50027967418714,-3.07783570238085,0.919617419731702,-3.34686537721177,0.000817308915297009,0.00635717466488007,"ENSG00000227681","OPCs"
"RAB2A",24.9514686706438,-0.501770712192648,0.149995681864945,-3.34523438244333,0.000822130633187426,0.00638891787556283,"RAB2A","OPCs"
"SORBS3",4.8515392134983,0.850699547632137,0.254327370421085,3.34489971025788,0.00082312328375205,0.00639087438851952,"SORBS3","OPCs"
"ZBTB44",10.6623252310856,0.758118740986235,0.226752292425777,3.34337850733919,0.000827649259253933,0.00642023607043563,"ZBTB44","OPCs"
"RPS5",10.8214940352844,0.909527630895663,0.272275508879385,3.34046802313966,0.000836373115924663,0.00648207951299743,"RPS5","OPCs"
"KCTD8",33.3726876554274,-0.495254917717497,0.148288337167617,-3.33981031264574,0.000838356310280267,0.00649161717457593,"KCTD8","OPCs"
"LINC00461",29.4963949806303,-0.469190954284722,0.140543028123155,-3.33841500749208,0.000842578024297708,0.00651845563909599,"LINC00461","OPCs"
"MAPK9",4.28979416656532,0.890355591082211,0.266896117015708,3.33596307446395,0.000850044535303464,0.00657032630961262,"MAPK9","OPCs"
"PPP1R3E",2.71408461024413,-1.58413017290396,0.47503243273704,-3.33478319317383,0.000853659280523372,0.00659235895594862,"PPP1R3E","OPCs"
"ENSG00000282890",4.09204478108461,1.58248267126381,0.474992084574279,3.33159798374775,0.000863488961616704,0.00666144063403886,"ENSG00000282890","OPCs"
"TYK2",4.25947541066542,1.16948150445137,0.351049618027179,3.33138520709295,0.000864149324077149,0.00666144063403886,"TYK2","OPCs"
"GDNF-AS1",5.5113215166949,-0.917742370744911,0.275518128153413,-3.33096909773536,0.000865442092798963,0.00666544954686059,"GDNF-AS1","OPCs"
"TMEM45A",2.15151014837901,-1.60410369179167,0.481814300086407,-3.32929863539541,0.000870649956602774,0.00669957763216372,"TMEM45A","OPCs"
"CACNB4",28.7892848805451,-0.579013310779635,0.173928013221647,-3.32903998645557,0.00087145891824462,0.00669982587235124,"CACNB4","OPCs"
"UFL1-AS1",2.58781714668334,-1.57456723571462,0.473051232108549,-3.32853426614332,0.000873042644820967,0.00670602480340664,"UFL1-AS1","OPCs"
"F3",3.60462150361236,1.02208638716722,0.307208433966638,3.32701278402473,0.000877823462137938,0.00673076016391276,"F3","OPCs"
"PTMS",6.01250935352751,0.814779629377886,0.244888353488968,3.32714732150213,0.000877399740850644,0.00673076016391276,"PTMS","OPCs"
"EIF4A2",17.6314276777745,0.543534944467504,0.163385874121776,3.32669484059797,0.000878825568362112,0.00673134167821433,"EIF4A2","OPCs"
"PPP2R5E",14.0977266011415,0.524991226899599,0.157821198824315,3.32649372080878,0.000879460012908364,0.00673134167821433,"PPP2R5E","OPCs"
"PALS1",8.1568485570974,0.72094656595366,0.216788294236147,3.32557884868237,0.000882351394992189,0.00674748504716545,"PALS1","OPCs"
"ENSG00000273319",2.55310995138953,-1.97596342399691,0.594628629494441,-3.32302100165762,0.000890482099448144,0.00680363028329468,"ENSG00000273319","OPCs"
"BTAF1",11.9319086708375,0.608799440641103,0.183221690499805,3.32274764510892,0.000891355121509752,0.00680427369747179,"BTAF1","OPCs"
"LINC00667",4.67165960700877,-1.00861611837477,0.303601815036499,-3.32216761699371,0.00089321019258325,0.00681240594272601,"LINC00667","OPCs"
"SENP6",32.7755316684234,0.424031998728238,0.127670440301876,3.32130129515977,0.000895987565633575,0.00682755189147987,"SENP6","OPCs"
"SLC8A3",12.0832278547469,-0.634006901959007,0.191006247648551,-3.31929928871002,0.000902436523125929,0.00687062440289873,"SLC8A3","OPCs"
"CCND3",4.79744821381384,0.942638040484165,0.284038814962974,3.31869445592161,0.000904393284444081,0.00687945015133566,"CCND3","OPCs"
"HERC2",15.581006175109,0.514734672751341,0.15514605934775,3.3177424867595,0.000907481071759049,0.00689078496918447,"HERC2","OPCs"
"PSMG2",7.89659701829828,0.667252882358624,0.201105451651483,3.31792538133167,0.000906887081564472,0.00689078496918447,"PSMG2","OPCs"
"SEC24C",3.65404506163575,1.00129715746129,0.301884052938227,3.31682693310793,0.000910459956669504,0.00690732417434577,"SEC24C","OPCs"
"KAT2A",20.9380967669801,0.632313001644262,0.190669133455119,3.31628402660728,0.000912230658105239,0.00691467632409121,"KAT2A","OPCs"
"ZNF528-AS1",22.8214479354515,0.522252621246671,0.157564013638275,3.31454250997708,0.000917932213303151,0.00695178513779893,"ZNF528-AS1","OPCs"
"TMEM181",7.77114740333341,0.775985127417807,0.234175912087715,3.31368465910852,0.000920752856095038,0.00696702994445246,"TMEM181","OPCs"
"MMADHC-DT",11.8579211451305,-0.611171282643844,0.184454335882832,-3.31340155122224,0.000921685485630041,0.00696797458286129,"MMADHC-DT","OPCs"
"ZNF684",1.14494222289761,-2.15744447599118,0.652048191468112,-3.30871936188276,0.000937237313222994,0.00706696596491394,"ZNF684","OPCs"
"DDAH2",1.85265133754822,-1.66854789834283,0.504252646112527,-3.30895219133958,0.000936458264888252,0.00706696596491394,"DDAH2","OPCs"
"NEK9",9.2534167957074,0.671143000150123,0.202812991368555,3.30917164438698,0.00093572452333397,0.00706696596491394,"NEK9","OPCs"
"COPS5",2.01506038698576,-1.6268655529084,0.492010604791947,-3.30656603143004,0.000944470874134928,0.00710908007005924,"COPS5","OPCs"
"NACC2",7.87882857123234,0.798171821703289,0.24138209633584,3.30667366726643,0.000944108074699779,0.00710908007005924,"NACC2","OPCs"
"NDUFA6",3.5971651269213,-1.10574014736336,0.334443794685473,-3.30620619946992,0.000945684668477818,0.00711201041873553,"NDUFA6","OPCs"
"SLC8A1",101.861690623415,-0.369640641155676,0.111898200222137,-3.30336538408908,0.000955318237910114,0.0071719539775567,"SLC8A1","OPCs"
"ZHX3",21.4447375974652,0.499685936125438,0.151261441400156,3.30345877640778,0.000955000092881075,0.0071719539775567,"ZHX3","OPCs"
"CBR1",5.37106102888628,-0.999461861966929,0.302597267513839,-3.30294410844678,0.000956754552375223,0.0071764911032945,"CBR1","OPCs"
"MLIP",2.58831784652818,-3.11423402531468,0.943118658667097,-3.30205960479671,0.000959776726115683,0.00718666149259886,"MLIP","OPCs"
"CACNA1B",7.62070771914341,-3.49882230057568,1.0595800432263,-3.30208399350575,0.000959693276326482,0.00718666149259886,"CACNA1B","OPCs"
"MIIP",3.43822451360561,0.964445019673492,0.292113606165612,3.30160937154946,0.000961318477469593,0.00719196286786879,"MIIP","OPCs"
"RUNDC3B",5.20627503902753,-1.36751291258703,0.414407940988416,-3.29991966207339,0.000967125096693155,0.00722913438828003,"RUNDC3B","OPCs"
"NRGN",3.52407839448367,-3.65723407414018,1.10847059866368,-3.29935144743502,0.00096908503033226,0.00723751296246413,"NRGN","OPCs"
"NEXMIF",6.61978087255674,-0.899411701926098,0.272759201080475,-3.29745687171424,0.000975646570278919,0.00728021394050688,"NEXMIF","OPCs"
"TRAPPC9",14.6722518159256,-0.57673552256872,0.174945847599764,-3.29665168097136,0.000978447649167874,0.00729480503173905,"TRAPPC9","OPCs"
"MAP4K5",54.6964528481091,0.467125345558615,0.141738535052923,3.29568345957715,0.00098182573585786,0.00731366908247832,"MAP4K5","OPCs"
"CPNE5",8.11126557682702,0.840266718684493,0.254994760734634,3.29523130696374,0.000983406975008146,0.00731912732219178,"CPNE5","OPCs"
"ENSG00000282917",1.43093832058553,-2.04743637976782,0.621621321952417,-3.29370359005244,0.000988767068438802,0.00735267649340785,"LOC101927179","OPCs"
"TSPAN5",15.4589258944327,-0.788785613323997,0.239661041905613,-3.2912550452595,0.000997414395318824,0.00741059136435846,"TSPAN5","OPCs"
"PIK3C2B",2.43101708640606,-1.48218389873576,0.450434713271614,-3.29056321607699,0.000999870327679108,0.00742244530685024,"PIK3C2B","OPCs"
"CDH13",52.6271342559056,-0.351829452862331,0.106962494192767,-3.28927869079292,0.00100444513180199,0.00744999458892857,"CDH13","OPCs"
"CPEB3",16.3645319861854,-0.758317333768041,0.230581503727971,-3.28871709789293,0.00100645131179339,0.00745846135354794,"CPEB3","OPCs"
"ENSG00000259986",1.83965758846173,-1.67735225844628,0.510325141902536,-3.28683053355547,0.00101321788248212,0.00750216090497062,"ENSG00000259986","OPCs"
"RASSF8",12.3603423894549,0.760058318749721,0.231289613116757,3.28617575388496,0.00101557621819473,0.00751191153295649,"RASSF8","OPCs"
"COMMD7",3.54953072730382,-1.13135052142315,0.344296060391785,-3.28598160587652,0.00101627646173896,0.00751191153295649,"COMMD7","OPCs"
"ATP5F1A",9.33534573488951,-0.660846218088971,0.201226706707545,-3.28408802639413,0.00102312960530326,0.00755609244464547,"ATP5F1A","OPCs"
"ZNF493",9.82207736087743,-0.666041520019348,0.202825411335144,-3.28381693218311,0.00102411422789861,0.0075568942086,"ZNF493","OPCs"
"ASB3",58.4690692197684,-0.307059721065469,0.0935213015571034,-3.28331316986624,0.00102594623765533,0.00756389013432965,"ASB3","OPCs"
"CDADC1",2.48627319813499,-1.38840492572128,0.422897810950942,-3.28307427886484,0.00102681606159286,0.00756389013432965,"CDADC1","OPCs"
"LINC01748",12.9821056852397,-1.03893080215812,0.316759004602067,-3.27987772111889,0.00103852087596841,0.0076175859490676,"LINC01748","OPCs"
"ATP11B",10.8013594590629,0.569578255512572,0.17364887231643,3.28005732438425,0.00103785996390104,0.0076175859490676,"ATP11B","OPCs"
"CDH6",7.38551679841136,-1.23586751988651,0.376755939740346,-3.28028675735875,0.00103701625243133,0.0076175859490676,"CDH6","OPCs"
"FNBP1",11.9512536962373,0.570322594608693,0.173870049898309,3.28016581891047,0.00103746090952354,0.0076175859490676,"FNBP1","OPCs"
"NCOR1",26.7352421897933,0.433775667245425,0.132222244111046,3.28065576379964,0.00103566060797352,0.0076175859490676,"NCOR1","OPCs"
"CNTNAP5",104.483481651962,-0.289429594324856,0.0882508227008392,-3.27962488583242,0.00103945193053016,0.00761793742799759,"CNTNAP5","OPCs"
"LRRTM3",72.4675436163481,-0.400785166000945,0.122278000157054,-3.27765555117173,0.00104673039860385,0.00766020590218771,"LRRTM3","OPCs"
"TERF2IP",15.9444145034824,0.520360860058179,0.158763542929569,3.27758407538828,0.0010469954508091,0.00766020590218771,"TERF2IP","OPCs"
"NPEPL1",4.65291034208887,0.907571528597696,0.276963409304796,3.27686437308014,0.00104966777136022,0.00767324931843495,"NPEPL1","OPCs"
"CLK1",19.5990468918729,0.810303952626299,0.247309187041778,3.27648140499291,0.00105109233814743,0.00767715707778134,"CLK1","OPCs"
"SLC44A2",6.9473429571136,1.0060016125356,0.307066327137791,3.27617040237751,0.00105225052334456,0.00767911422535547,"SLC44A2","OPCs"
"ENSG00000253642",4.64524777842046,-1.3905393027786,0.424572280563638,-3.27515329293896,0.00105604652681927,0.00770030206284279,"ENSG00000253642","OPCs"
"MAPK6",6.44069495583227,0.790261521642629,0.241442228626729,3.27308742193719,0.00106379569516513,0.00775025478589055,"MAPK6","OPCs"
"PDE5A",9.86649160474642,-1.06119637824053,0.324338676435111,-3.27187737800624,0.00106835901619802,0.0077703751043205,"PDE5A","OPCs"
"SNHG9",9.07696777329904,0.807988981841237,0.246937502881917,3.27203835955047,0.00106775087960545,0.0077703751043205,"SNHG9","OPCs"
"CRACD",20.4234994763899,-0.528778318286147,0.161664921554645,-3.2708290283456,0.00107232718867931,0.00779266582101749,"CRACD","OPCs"
"GABARAPL2",9.37003143142361,-1.26492102984188,0.386927127346984,-3.26914537761923,0.00107872861868952,0.00783258675489544,"GABARAPL2","OPCs"
"NAA20",3.44846191092776,-1.29849276142035,0.397246895537649,-3.26872978997838,0.00108031415984863,0.00783750205454523,"NAA20","OPCs"
"AGO4",11.9444494538045,0.528832156929257,0.161817515062246,3.26807735692784,0.00108280765746237,0.00784899063300034,"AGO4","OPCs"
"FBN2",4.84032324145724,-0.979550345550252,0.299889557066978,-3.2663703102255,0.00108935693087693,0.00788983449684666,"FBN2","OPCs"
"UBA3",10.9823441563043,0.562488277250982,0.172305070239564,3.26449057168734,0.0010966111268644,0.00793571105732577,"UBA3","OPCs"
"ARF1",10.3162340907913,0.661847829539429,0.202780363209634,3.26386549004853,0.00109903329232682,0.00793991723585524,"ARF1","OPCs"
"PPP4C",5.13352877449897,0.830640736031468,0.254485869145553,3.2639955170021,0.001098529036097,0.00793991723585524,"PPP4C","OPCs"
"ZNF585A",4.05716285071746,1.00000433174704,0.306417596416709,3.26353428602416,0.00110031869853689,0.00794255154274412,"ZNF585A","OPCs"
"ANKRD52",4.08526137207903,1.17895818956732,0.361514742275716,3.26116213725017,0.00110956574741414,0.0080026037936408,"ANKRD52","OPCs"
"CCT5",4.13740860738544,0.942057048624232,0.288921239550816,3.26060157463274,0.00111176138941628,0.00801174080626969,"CCT5","OPCs"
"NAA30",3.95091682681473,-1.31015193249011,0.401866541683901,-3.26016673844086,0.00111346734547,0.00801733666279148,"NAA30","OPCs"
"SYT6",3.11840832199856,1.8689705110351,0.573446769730117,3.25918744282874,0.00111731820051969,0.00803835429331348,"SYT6","OPCs"
"LUZP2",231.572966302964,-0.503310577868341,0.154491954044918,-3.25784330310177,0.00112262377275098,0.0080697938864583,"LUZP2","OPCs"
"PNKD",11.1488178480593,-0.585150841330094,0.179632437030924,-3.25748985540601,0.00112402275980223,0.00807312266948714,"PNKD","OPCs"
"LINC00882",14.3081857373786,-1.26204643381926,0.387463300250661,-3.25720250925134,0.00112516129691902,0.00807457682797293,"LINC00882","OPCs"
"ZNF667-AS1",2.69348676157711,-1.32309188080235,0.406335092487546,-3.25615952267991,0.0011293028342001,0.00809756130325026,"ZNF667-AS1","OPCs"
"FLVCR1",4.45749927914819,0.932038705838246,0.286281355542928,3.25567379010991,0.00113123640859864,0.00810468875462779,"FLVCR1","OPCs"
"SCRN2",2.41663933754438,-1.57317700125605,0.483255076422124,-3.25537604882164,0.00113242315136304,0.0081064581773092,"SCRN2","OPCs"
"B3GNT7",6.75967720008057,0.903333279078597,0.2775581458775,3.2545731137622,0.00113562924410348,0.00812266820865393,"B3GNT7","OPCs"
"TRIM26",5.34071428810786,0.81293406305,0.249926174936697,3.2526967743811,0.00114315414694339,0.00816971638072386,"TRIM26","OPCs"
"DPYSL5",3.35145198359211,-1.16584974571743,0.358513083953991,-3.25190292320559,0.00114635167411727,0.00818578604382087,"DPYSL5","OPCs"
"HDAC2",6.07632034463278,0.775364419078203,0.238498833868528,3.25101974924381,0.00114991869493076,0.00820180623425043,"HDAC2","OPCs"
"DCAF13",4.08131302135752,0.921535613821463,0.283513892008433,3.25040726326755,0.00115239846463152,0.00820180623425043,"DCAF13","OPCs"
"SPESP1",4.32325640564846,0.878466090674714,0.270252160182327,3.25054234564509,0.00115185113266574,0.00820180623425043,"SPESP1","OPCs"
"IQCK",7.18411707156934,-0.840212695016887,0.258478802637656,-3.25060579994533,0.00115159410904453,0.00820180623425043,"IQCK","OPCs"
"CBLB",13.0313818755189,-0.589465018938915,0.18142829463434,-3.24902474626106,0.00115801403626393,0.00821467210424843,"CBLB","OPCs"
"YTHDC1",11.1552355121808,0.60693925961068,0.186785331823428,3.2493946590219,0.00115650903452698,0.00821467210424843,"YTHDC1","OPCs"
"CHSY3",14.0361570381293,-1.36828117523437,0.421136011088359,-3.2490243987881,0.00115801545081916,0.00821467210424843,"CHSY3","OPCs"
"PCED1A",4.74415973536794,1.19435247221265,0.367533849623725,3.24963938270014,0.00115551436231681,0.00821467210424843,"PCED1A","OPCs"
"LIMD1",12.5915276137059,0.827162809299368,0.254614732146492,3.24868401103932,0.00115940192959256,0.00821774942043172,"LIMD1","OPCs"
"ENSG00000290999",1.73589466602899,-1.717063188949,0.529053603348984,-3.24553727274467,0.0011722921711659,0.00830229250285473,"ENSG00000290999","OPCs"
"UBE3B",6.81960213293706,0.717969881836197,0.221263706131007,3.24486059819995,0.00117508133315823,0.00831521868730341,"UBE3B","OPCs"
"DNAJC9",4.76243236554112,0.796610521670218,0.245526442141661,3.24449991911909,0.00117657050819316,0.0083189321341592,"DNAJC9","OPCs"
"RARS1",9.27295927602034,0.862120615784166,0.265743894122006,3.24417845472061,0.00117789924285906,0.00832150603513696,"RARS1","OPCs"
"FRZB",1.47618864124793,-1.91116672808574,0.589325158760169,-3.24297495139437,0.00118288610223809,0.00834989813249241,"FRZB","OPCs"
"EMILIN3",4.17601325087032,1.57273618378358,0.485582830608227,3.23886283584949,0.00120007271257455,0.00846429044862472,"EMILIN3","OPCs"
"TBC1D32",18.6916472170983,0.505240499310268,0.15610275930298,3.23658916451083,0.00120967428613555,0.00852252375071016,"TBC1D32","OPCs"
"ANKFN1",10.1853678174689,-0.680012766798981,0.210111322240291,-3.23644037621777,0.00121030507704845,0.00852252375071016,"ANKFN1","OPCs"
"DNAJC16",3.78792217433147,0.890724046279562,0.275255695989193,3.23598769892317,0.00121222608030197,0.00852474168523984,"DNAJC16","OPCs"
"SUSD6",4.68099119394494,0.817771389425618,0.252718338246108,3.23590046967322,0.00121259657405394,0.00852474168523984,"SUSD6","OPCs"
"SUGT1",8.82011286942649,0.727067604582894,0.224713850782002,3.23552643529851,0.00121418641763299,0.00852896745806363,"SUGT1","OPCs"
"HMGXB3",3.50519671479791,1.29126136520919,0.39935363465073,3.23337827221359,0.00122335458879286,0.00858637647105552,"HMGXB3","OPCs"
"REV3L",96.1991375032341,-0.553849646999668,0.17131732668049,-3.23288751775008,0.00122545803807442,0.0085871657485215,"REV3L","OPCs"
"KDM4B",8.06757755009905,0.670865002450358,0.207507754369877,3.23296353183294,0.00122513201152172,0.0085871657485215,"KDM4B","OPCs"
"SUN2",7.16579188716229,1.17812920124655,0.36446645582087,3.23247635668722,0.00122722290886014,0.00859255260700292,"SUN2","OPCs"
"CHSY1",3.31875004817156,1.01162754858518,0.313024927158367,3.23177951918625,0.00123021938080376,0.00860654694145439,"CHSY1","OPCs"
"GLDC",11.5345349947839,1.57566789703395,0.487745161839247,3.23051466280513,0.0012356756615565,0.00863771333596953,"GLDC","OPCs"
"S100A16",5.3755517256457,1.0326862727968,0.319698469679672,3.23018835164122,0.00123708690991844,0.00864057626312266,"S100A16","OPCs"
"LDAH",5.53372794983456,-0.856264948452236,0.265231347944419,-3.22837008177356,0.00124497795452363,0.00868865682501683,"LDAH","OPCs"
"ABR",11.2863947316392,0.826434992760979,0.256139861401944,3.22649894568385,0.00125314693662075,0.00873859779732464,"ABR","OPCs"
"CIBAR1-DT",2.1449846282196,-1.49145227215757,0.462752119347626,-3.22300473579716,0.00126853456402532,0.00883875537098742,"CIBAR1-DT","OPCs"
"OLFM3",9.08046339451365,-5.46730646332946,1.69710383207266,-3.22155095051095,0.00127498790644051,0.00887655018640501,"OLFM3","OPCs"
"NEK11",4.48798996110506,-1.23283503323871,0.382770886102695,-3.22081714675641,0.00127825675286931,0.00888324385023411,"NEK11","OPCs"
"SHOC1",2.43890956623762,-1.4907775416296,0.462882125604006,-3.22064184199014,0.00127903882007776,0.00888324385023411,"SHOC1","OPCs"
"RNF114",5.66128781581256,0.801614096330096,0.248893057882933,3.22071697438478,0.00127870358640392,0.00888324385023411,"RNF114","OPCs"
"LINC00609",4.04456331737255,-1.31325108866986,0.407950258617667,-3.21914513087894,0.00128573393321019,0.0089225590570162,"LINC00609","OPCs"
"ANKRD26",21.0765256301543,0.407084810135496,0.126473950727875,3.21872454993828,0.0012876210967148,0.00892847233140022,"ANKRD26","OPCs"
"MYO6",28.526234573848,0.368063770918558,0.114433083753231,3.21641048940243,0.00129805019102765,0.00899355899422046,"MYO6","OPCs"
"COP1",24.2061434011647,0.425543483483285,0.132348810317242,3.21531778384142,0.00130300188683525,0.0090061652851289,"COP1","OPCs"
"SCN1A-AS1",8.57392483435226,-1.21426781065297,0.377621328628376,-3.21556998664117,0.00130185746162944,0.0090061652851289,"SCN1A-AS1","OPCs"
"TMEM176B",2.39309899200247,-1.90403812534818,0.592140738142533,-3.21551618171196,0.00130210153535858,0.0090061652851289,"TMEM176B","OPCs"
"ENSG00000286125",3.09820572464831,-1.25189032582692,0.389469857097963,-3.2143445840843,0.00130742670244026,0.00902951379923911,"ZIM2-AS1","OPCs"
"ELFN2.1",2.01425044512333,-1.55744444848681,0.484572648924077,-3.21405768968779,0.00130873375990008,0.00903130993031848,"ELFN2.1","OPCs"
"RSU1",5.62859525008334,-0.806684452325171,0.251145354549154,-3.21202219238058,0.00131804193326495,0.00908827315455113,"RSU1","OPCs"
"AP2A1",5.35200942825415,0.91754510843496,0.285704886897588,3.21151352501666,0.00132037755156489,0.00909710603817794,"AP2A1","OPCs"
"MXI1",25.4564134124054,0.465584313160684,0.144997850301198,3.21097390198231,0.00132285948155128,0.00910693207331311,"MXI1","OPCs"
"TEFM",5.56426892614655,-0.823775200346191,0.256689666093085,-3.20922619474467,0.00133092742595673,0.00915516744521747,"TEFM","OPCs"
"ENSG00000223774",1.92721995509838,-1.68161562539507,0.524038763884658,-3.20895273649107,0.00133219389158342,0.00915657729784745,"ENSG00000223774","OPCs"
"CDK18",4.39526298961343,1.13203461622094,0.352933736113081,3.20749902995455,0.0013389451209225,0.00918833779878874,"CDK18","OPCs"
"CEND1",4.97522561826044,-0.996970913507577,0.310804205800462,-3.20771371461955,0.00133794611080972,0.00918833779878874,"CEND1","OPCs"
"DPY19L2",9.44013297743879,-0.693900370463219,0.21638922573228,-3.2067232927841,0.00134256066244959,0.00920582533727358,"DPY19L2","OPCs"
"GTPBP6",4.8765990681742,0.846997696511817,0.26421133046286,3.20575841705198,0.00134707030600226,0.0092294110083999,"GTPBP6","OPCs"
"SRRT",2.9519954408049,1.15915606491649,0.361711462305636,3.20464288725537,0.00135230149316275,0.00925789895239835,"SRRT","OPCs"
"RPS20",8.98488861633933,-1.04931024177135,0.327473507697833,-3.2042599389126,0.00135410161505296,0.00926287115895866,"RPS20","OPCs"
"SRP9",5.0242339419255,-0.971583804098603,0.303322828070659,-3.20313446329952,0.00135940493086883,0.00929178045457569,"SRP9","OPCs"
"PGM2L1",2.54185712086634,-2.17653586983005,0.67970788416872,-3.20216363606248,0.00136399491732306,0.009315772095668,"PGM2L1","OPCs"
"CD9",11.4753053094789,-0.661137816696623,0.206493689005266,-3.20173376669038,0.00136603186479958,0.00932230290012751,"CD9","OPCs"
"ST7",8.0461350976633,-0.723101840982178,0.225876505790713,-3.20131497718568,0.00136801900790369,0.00932848376456698,"ST7","OPCs"
"PDE3A",4.68713165222629,-1.16023135158909,0.362497710387852,-3.20065842718761,0.00137113968416579,0.00933527960217941,"PDE3A","OPCs"
"MIRLET7BHG",7.10457043281218,0.703096975592698,0.21967318785847,3.20064994024526,0.00137118006677038,0.00933527960217941,"MIRLET7BHG","OPCs"
"PRPSAP1",4.31324839273381,-1.22595205210375,0.383127671682692,-3.19985253667371,0.00137497917290565,0.00935376210211682,"PRPSAP1","OPCs"
"KCNC2",3.44691776199561,-3.82918163888528,1.1972496954708,-3.19831498255635,0.00138233203254235,0.00939637203523269,"KCNC2","OPCs"
"MLLT11",3.85334980711809,-1.02656652853721,0.321274227727205,-3.19529685216105,0.00139687083278199,0.00948772267998226,"MLLT11","OPCs"
"SPDYE3",4.47114320386386,-1.02211992609693,0.320179909380475,-3.19232998745815,0.0014112999899109,0.00957818545473752,"SPDYE3","OPCs"
"GOPC",11.4410142107617,0.563704164366321,0.176752622328879,3.18922659782354,0.00142654008056825,0.00967400529479693,"GOPC","OPCs"
"CD200",5.61417025807282,-0.910362027890233,0.285595777168983,-3.18758924559163,0.00143464177198707,0.0097213039474945,"CD200","OPCs"
"ZNF92",1.13037353982757,-1.89023727225516,0.593402030649975,-3.18542434070324,0.0014454189351301,0.0097713038671099,"ZNF92","OPCs"
"EXOC4",52.1792886166135,-0.279310456385234,0.0876813129779275,-3.18551863446144,0.00144494797915088,0.0097713038671099,"EXOC4","OPCs"
"ZNF708",8.74562629211828,0.599094290957831,0.188071004219312,3.18546866618109,0.00144519753118332,0.0097713038671099,"ZNF708","OPCs"
"VRK2",5.28895141901022,-0.849956133621098,0.266958004309059,-3.18385708576506,0.0014532674338513,0.00981666788128531,"VRK2","OPCs"
"AKAP6",52.1097222573413,-0.321390323605885,0.100959941807987,-3.18334497673473,0.0014558404750274,0.00982635362878432,"AKAP6","OPCs"
"MTSS1",39.0553729213256,-0.559374390127768,0.175741937575362,-3.18293059610713,0.00145792556200616,0.00983273330560216,"MTSS1","OPCs"
"RAB12",6.296340355946,0.771295711900452,0.242397246191812,3.18194915172475,0.00146287499282723,0.00985840600634977,"RAB12","OPCs"
"SYNPR",1.92923539155493,-2.90800798977769,0.914076139528425,-3.18136297844723,0.00146583845003098,0.0098706654722617,"SYNPR","OPCs"
"LINC01811",2.6938419779617,-2.73433029512926,0.859718417912827,-3.18049519256259,0.00147023578653438,0.00989255373997314,"LINC01811","OPCs"
"AK5",15.9823158619795,-1.15134318439902,0.362041555427701,-3.18014097315119,0.00147203421582618,0.00989693464202384,"AK5","OPCs"
"PIGK",5.62683725846797,-0.873036845667502,0.274775573219734,-3.17727240248298,0.00148667326888887,0.00998757291077521,"PIGK","OPCs"
"UXS1",4.29056270672869,-1.03091373427579,0.324557621801004,-3.17636581311862,0.00149132764903889,0.0100032599538176,"UXS1","OPCs"
"HNRNPUL1",5.39564685572026,0.770030295430725,0.242411004041679,3.17654843465081,0.00149038900165071,0.0100032599538176,"HNRNPUL1","OPCs"
"POT1-AS1",11.6664235473224,-0.636623148990617,0.200533054148457,-3.17465443138027,0.00150015040108732,0.0100546211031696,"POT1-AS1","OPCs"
"CENPT",7.08311381313104,0.735443952516843,0.231742195865685,3.17354355675087,0.00150590304661261,0.010085341366522,"CENPT","OPCs"
"ATP5PO",6.81903634666544,-0.985817932380264,0.310662628343968,-3.17327493698005,0.00150729713740194,0.0100868464757402,"ATP5PO","OPCs"
"ZBED5",7.87160304409717,0.655832621606258,0.206949396542743,3.16904824349562,0.00152939006981527,0.0102267587149043,"ZBED5","OPCs"
"AASS",22.8448146586558,0.619188150936968,0.19544603554473,3.16807731203767,0.00153450707754682,0.0102530271502083,"AASS","OPCs"
"PTPRG-AS1",2.06850376584757,-1.59835575940304,0.504731033719008,-3.1667475400232,0.00154154083719458,0.0102920520600932,"PTPRG-AS1","OPCs"
"EPS8",15.5747770322749,-0.499896113274691,0.157932193520218,-3.16525783712804,0.00154945579964756,0.0103368953810981,"EPS8","OPCs"
"CELF2",64.0764182235954,-0.923540464205841,0.292033298078088,-3.16244918056876,0.00156448039654594,0.0104290632925852,"CELF2","OPCs"
"COX7A2L",4.00198667816242,-1.27637829362112,0.403682838929913,-3.16183441685199,0.00156778685084037,0.0104349763698681,"COX7A2L","OPCs"
"OTUD4",7.26145335888559,0.744017332696307,0.23530102272906,3.16198087057621,0.00156699857863882,0.0104349763698681,"OTUD4","OPCs"
"GRM8",13.5661678799942,-1.39274806209338,0.440593857977241,-3.16107008047608,0.00157190674173405,0.0104462770063158,"GRM8","OPCs"
"KATNIP",5.01103437619279,0.836197616830441,0.26452512579934,3.16112737609944,0.00157159756422274,0.0104462770063158,"KATNIP","OPCs"
"KIAA1549L",8.17368622383675,-0.751010572494923,0.237626118646998,-3.16047148676689,0.00157514021183251,0.0104597070571726,"KIAA1549L","OPCs"
"RCL1",4.66209808065907,0.846385181190334,0.267823850078559,3.16023080447118,0.00157644204939497,0.0104602993216008,"RCL1","OPCs"
"PIK3C3",12.3791606420972,0.497325547717615,0.157382836011479,3.15997322402642,0.00157783638548397,0.0104615039670905,"PIK3C3","OPCs"
"SYNJ2BP",1.65573101616132,-1.7390031832123,0.550508695431034,-3.15890229826561,0.0015836457102434,0.0104800586836041,"SYNJ2BP","OPCs"
"ALDOC",24.5681728541939,0.795942470352818,0.251977360671506,3.15878564737591,0.00158427968043355,0.0104800586836041,"ALDOC","OPCs"
"PREX1",9.55151965873806,0.601084159087134,0.190268074912446,3.15914353663235,0.0015823353772597,0.0104800586836041,"PREX1","OPCs"
"FOXK2",8.71272821802716,0.760050590497153,0.24066308113283,3.15815199788644,0.00158772750024158,0.0104948179441256,"FOXK2","OPCs"
"AKAP9",35.4267624280493,0.398420003189871,0.126198256060231,3.15709595067396,0.00159348902788138,0.0105248364123314,"AKAP9","OPCs"
"GRAMD1C",25.1530082476559,0.368350102848074,0.116699132420984,3.15640823720331,0.00159725136078028,0.0105416145662515,"GRAMD1C","OPCs"
"ENSG00000289731",4.06172311952749,-3.87908754712895,1.22923082908717,-3.15570310745426,0.00160111746352395,0.0105590514070012,"ENSG00000289731","OPCs"
"ARL4A",7.27147539612552,-0.880280691772269,0.279097416633625,-3.15402665631916,0.00161034376169184,0.0106036834262243,"ARL4A","OPCs"
"DYNC2H1",15.0168652285027,-0.676110839108011,0.214353385185808,-3.15418783109928,0.00160945461960492,0.0106036834262243,"DYNC2H1","OPCs"
"RPS27",41.4443453444669,0.485214377502028,0.15386363024569,3.15353522289339,0.00161305761119856,0.0106134515287557,"RPS27","OPCs"
"FAM153CP",2.55930035236328,-2.91751048015682,0.925514739754997,-3.15231120028315,0.00161983535823855,0.0106424694481401,"FAM153CP","OPCs"
"PTGES3",10.9497469513808,0.876136492603113,0.277936233578222,3.15229317647256,0.0016199353565277,0.0106424694481401,"PTGES3","OPCs"
"ENSG00000264151",1.03795492536331,-2.17051941113918,0.688710111767,-3.1515718646418,0.00162394194881092,0.0106606721845076,"LOC107985126","OPCs"
"ADGRL2",3.30019206731159,-3.31395806153562,1.05213609042745,-3.1497427867808,0.00163414264852556,0.0107170474503756,"ADGRL2","OPCs"
"ATP1B2",20.5681279210377,0.474030974530165,0.150516365453682,3.1493650082591,0.00163625683887603,0.0107170474503756,"ATP1B2","OPCs"
"PIAS2",17.8778466821504,0.475639570284447,0.151026179076601,3.14938491586416,0.00163614536565151,0.0107170474503756,"PIAS2","OPCs"
"PCMTD2",19.6112945047262,0.647137361878021,0.205497857240648,3.14911975515244,0.00163763071446897,0.0107179078475033,"PCMTD2","OPCs"
"FMNL3",10.8701668269614,0.591872770789439,0.187970178033217,3.14875889879109,0.00163965411442169,0.01072301470129,"FMNL3","OPCs"
"WASHC5",4.80310329906343,0.862746656553141,0.274086280029023,3.1477192381238,0.00164549658697739,0.0107449307791574,"WASHC5","OPCs"
"RANGAP1",5.21838612719839,1.38889259977563,0.441230373053654,3.14777196810687,0.0016451998052426,0.0107449307791574,"RANGAP1","OPCs"
"RNF112",4.43358007521411,0.970394309491566,0.308358136060853,3.14697164111818,0.00164970961345132,0.0107642928333064,"RNF112","OPCs"
"SPEN",8.77329955686892,0.624624763189696,0.198520501186702,3.14639928599746,0.00165294178334288,0.0107772304029597,"SPEN","OPCs"
"SUPV3L1",2.55984817183304,-1.43812565661373,0.457371678940523,-3.14432598875617,0.00166469882873898,0.0108456888947904,"SUPV3L1","OPCs"
"ENSG00000287117",1.91623863448471,-1.5080177274353,0.480350764065106,-3.13940944878127,0.00169288725581125,0.011021015448021,"ENSG00000287117","OPCs"
"ENSG00000259481",11.2664089654402,-1.03816350451141,0.331126456131065,-3.13524783444209,0.00171708980258246,0.011170148293421,"ENSG00000259481","OPCs"
"FAM171A1",8.25797486880909,-0.873172955852125,0.278605089315691,-3.13408831833191,0.00172388961630397,0.0112059320499157,"FAM171A1","OPCs"
"LINC00174",6.75862917389672,1.27271840606487,0.406209525993445,3.13315745846247,0.00172936641917059,0.0112330683221126,"LINC00174","OPCs"
"HIKESHI",5.90214720392964,-0.824982532775173,0.263399102152824,-3.13206281279014,0.0017358273407013,0.0112665512723021,"HIKESHI","OPCs"
"RAB31",35.0472945305769,0.545226444224657,0.174152394513499,3.13074331103955,0.00174364492974614,0.0113087828300678,"RAB31","OPCs"
"CSTF3",17.5271502282547,-0.50234552959023,0.160486841339031,-3.13013531451477,0.00174725798159795,0.0113237019904312,"CSTF3","OPCs"
"HAPLN1",2.1603132866927,-1.71290905105798,0.547363219479529,-3.12938281217859,0.00175173929896683,0.0113442216162822,"HAPLN1","OPCs"
"MIR100HG",56.9369744046509,0.552053044939782,0.1764365381109,3.12890431228471,0.0017545943650914,0.0113541867916567,"MIR100HG","OPCs"
"CNDP1",4.25842038258503,1.25645798296545,0.401728452239839,3.12763005945947,0.00176221833115491,0.0113900636318714,"CNDP1","OPCs"
"DDT",2.52501448993697,-1.31344769479695,0.419962389009478,-3.12753648700506,0.00176277938193233,0.0113900636318714,"DDT","OPCs"
"DDX50",6.63825849584196,0.842585787740736,0.269587188595713,3.12546672610738,0.00177523152120129,0.0114567986059558,"DDX50","OPCs"
"KLF12",76.8245734017991,-0.452648101239875,0.144829849356868,-3.12537852693976,0.00177576393880859,0.0114567986059558,"KLF12","OPCs"
"DHX30",9.9670688442181,0.554918449830374,0.17759272535208,3.1246688102243,0.00178005351640118,0.0114698083779835,"DHX30","OPCs"
"ENTPD1-AS1",19.3127576708968,-0.631453448425435,0.202090648923278,-3.12460498192157,0.00178043976560629,0.0114698083779835,"ENTPD1-AS1","OPCs"
"MFF",17.6583366667819,-0.566901321344638,0.181470893004277,-3.12392423908597,0.00178456399317224,0.0114710389933293,"MFF","OPCs"
"ELMOD1",10.0129853214837,-0.686503091380508,0.219743887809506,-3.12410551312185,0.00178346490150352,0.0114710389933293,"ELMOD1","OPCs"
"ENSG00000291255",0.964935140339098,-1.89254931400491,0.605836943739557,-3.12385920594915,0.00178495845055977,0.0114710389933293,"ENSG00000291255","OPCs"
"ZNF790-AS1",5.20066813058558,0.896087091976525,0.286867593976239,3.12369577740018,0.00178595007744508,0.0114710389933293,"ZNF790-AS1","OPCs"
"RAB10",20.6722948443712,0.599857806372902,0.192065887725123,3.12318763877215,0.00178903651950266,0.0114823132568675,"RAB10","OPCs"
"UNC13B",6.20929773630177,-0.844783013390179,0.270606612643141,-3.12181215802079,0.00179741582567775,0.0115275159199229,"UNC13B","OPCs"
"INTS11",7.5908415306202,0.643192809483422,0.206263273868976,3.11830990277016,0.00181891436710128,0.0116567275858957,"INTS11","OPCs"
"ENSG00000269707",5.97621941891093,0.707876318641275,0.227024704445411,3.1180585406796,0.00182046640174191,0.0116580127553272,"POU3F3","OPCs"
"HOOK3",22.0609377733677,0.388739231966351,0.124734606971039,3.1165306999092,0.00182992625978394,0.0117098990481426,"HOOK3","OPCs"
"CPLX2",2.02222237911069,-2.94521205654195,0.945128929328537,-3.1162013616855,0.00183197131609694,0.0117142954578593,"CPLX2","OPCs"
"SMIM10L1",1.58752432689029,-1.73211266731806,0.556139750706979,-3.11452771558975,0.00184239646838407,0.0117722310639118,"SMIM10L1","OPCs"
"HLF",3.76432900251297,-1.46766711525826,0.471361230731636,-3.11367804471356,0.00184770990915528,0.0117974431357316,"HLF","OPCs"
"BTBD3",9.69668796148846,-0.715740251508088,0.229906269227582,-3.11318283713083,0.00185081319411441,0.0118085167251708,"BTBD3","OPCs"
"ABI2",21.871307510671,0.470128131232607,0.15112903250757,3.11077311508005,0.00186598249906363,0.0118965003968388,"ABI2","OPCs"
"RGS7BP",6.75190711733319,-0.741421840380197,0.238434538486717,-3.1095404427807,0.00187378630296497,0.0119286204054434,"RGS7BP","OPCs"
"TMEM276",3.75099017658315,-1.04091824000973,0.334748067368738,-3.10955713110397,0.00187368045260831,0.0119286204054434,"TMEM276","OPCs"
"LINC01106",1.77547811462162,-2.93982384750175,0.945675899155464,-3.10870124757029,0.00187911622194038,0.0119537290047623,"LINC01106","OPCs"
"PRKN",66.9972905121342,-0.32017429907171,0.103059996876107,-3.10667871896606,0.00189201903557489,0.0120269389836912,"PRKN","OPCs"
"SOX13",9.59084061914674,0.701448719072979,0.225858153179842,3.10570466107745,0.00189826206979511,0.0120566815160512,"SOX13","OPCs"
"KLHL5",14.2061755440262,-0.768634558590435,0.247506478220443,-3.10551289047814,0.00189949341297399,0.0120566815160512,"KLHL5","OPCs"
"KANSL1",41.5978195292399,-0.392630438741205,0.126577405692009,-3.10189987379392,0.00192282982850043,0.0121958309563564,"KANSL1","OPCs"
"UNC13A",7.82975167937024,1.28472501336653,0.41449315216402,3.09950841566171,0.00193842070899437,0.0122856848168886,"UNC13A","OPCs"
"ENSG00000176593",3.30829015019855,-1.04888494700438,0.338486604738178,-3.09874876087253,0.00194339744351033,0.0123081838088987,"ZNF606-AS1","OPCs"
"ENSG00000289612",8.84190705110259,-0.635760135658561,0.205226080002077,-3.09785255193749,0.00194928386954742,0.0123276525488729,"ENSG00000289612","OPCs"
"CDK8",13.10514809802,-0.510774327556196,0.164880499673625,-3.09784558251131,0.00194932970979164,0.0123276525488729,"CDK8","OPCs"
"LRMDA",68.4666522779955,-0.352085884233086,0.113664798074985,-3.09758069513145,0.00195107269639626,0.012329635955395,"LRMDA","OPCs"
"STOX2",14.4152330027239,-0.720046656259975,0.23254761166545,-3.09634079276572,0.00195925042300325,0.012363199816259,"STOX2","OPCs"
"RIT2",20.487759590624,-0.726444975891776,0.234611250526377,-3.09637740842314,0.00195900847567893,0.012363199816259,"RIT2","OPCs"
"SOX11",1.50289265651273,-1.71807565893479,0.555146263687534,-3.0948162156808,0.0019693488399121,0.012399710286921,"SOX11","OPCs"
"GRINA",7.15358752081533,0.684424369019048,0.221151140722582,3.09482631101418,0.00196928181409495,0.012399710286921,"GRINA","OPCs"
"NELFB",3.60296227001393,0.976467239958085,0.315509139860106,3.09489367056385,0.00196883464830032,0.012399710286921,"NELFB","OPCs"
"ADD1",16.4710628676318,0.450945175801807,0.145753385542528,3.09389160411803,0.00197549648816099,0.012420286229502,"ADD1","OPCs"
"LMAN2",4.96031264452479,0.794992196741331,0.256945166969939,3.09401498427227,0.0019746751288104,0.012420286229502,"LMAN2","OPCs"
"VAMP2",21.4054731985389,-0.491789138344202,0.159017803038066,-3.09266716649629,0.00198366476062745,0.0124625580664038,"VAMP2","OPCs"
"ANKRD46",3.02636966101915,-1.35867970256929,0.439377593533789,-3.0922826347193,0.00198623637696203,0.0124696324510003,"ANKRD46","OPCs"
"DCUN1D1",6.27266074414622,0.73633490215149,0.238170195457454,3.09163327819927,0.00199058599789238,0.0124878507765961,"DCUN1D1","OPCs"
"PGM3",5.87601621289002,0.710820503192414,0.23011498194647,3.08897967954893,0.00200845175854266,0.0125816302608489,"PGM3","OPCs"
"EPHA7",2.11318795150442,-3.02037841676764,0.977781226279786,-3.08901248621783,0.00200822998709389,0.0125816302608489,"EPHA7","OPCs"
"TUBGCP2",5.67486232081727,0.812418918280949,0.26303973871574,3.08857863928655,0.00201116458803675,0.0125894816664768,"TUBGCP2","OPCs"
"HMGXB4",4.10786216358448,0.842981359125987,0.273071942378829,3.08703029605484,0.00202166991060585,0.0126460657352328,"HMGXB4","OPCs"
"RPS6KA3",21.9689969018617,0.647132226902538,0.20969196829983,3.08610879162158,0.00202794608588271,0.0126761325629161,"RPS6KA3","OPCs"
"AFDN-DT",1.58576757136646,-1.72382901313507,0.558621081434214,-3.08586458769025,0.00202961230224482,0.0126773611290107,"AFDN-DT","OPCs"
"SYNGR1",8.10405733884988,0.628929964560959,0.203999426034015,3.08299869655559,0.00204926052533057,0.0127908258259779,"SYNGR1","OPCs"
"LINC01550",5.51188221373987,-0.811315434898311,0.263241507252689,-3.08201941010586,0.00205601430398617,0.012823701653062,"LINC01550","OPCs"
"KIAA0825",8.88698842139247,-0.886338002773657,0.287646738939339,-3.08134208662305,0.00206069749477076,0.0128436247036796,"KIAA0825","OPCs"
"COL19A1",5.79834203954012,0.997122846542028,0.323659918959863,3.08077333068133,0.00206463757811712,0.0128588907933851,"COL19A1","OPCs"
"GARNL3",8.52470724875216,-1.02818966227729,0.333971112992924,-3.07867843138601,0.00207920977237336,0.012940305553025,"GARNL3","OPCs"
"CDK14",45.5646533723872,-0.330998601521224,0.107523495847593,-3.07838392820106,0.0020812658937544,0.0129437632296506,"CDK14","OPCs"
"ADGRB2",4.85795606797248,0.858628912849191,0.278957081357972,3.07799647411479,0.00208397380775722,0.0129512666179494,"ADGRB2","OPCs"
"MDM4",15.8718750467807,0.465563714901196,0.15131213421091,3.07684322429991,0.00209205299932898,0.0129921160347097,"MDM4","OPCs"
"ALOX12P2",19.5244737797912,-0.443244010385298,0.144117635569816,-3.07557092948958,0.00210099949324553,0.0130382889415366,"ALOX12P2","OPCs"
"DDX3X",7.81395578308356,0.707276789327969,0.230033799685913,3.0746646375171,0.00210739372160793,0.0130685681111359,"DDX3X","OPCs"
"CALY",2.63853980549931,-2.23692311794126,0.727670607407053,-3.07408749944183,0.00211147494255705,0.0130844704414491,"CALY","OPCs"
"CSMD2",56.4236265406021,0.584535687694445,0.19020655790931,3.07316264023425,0.00211803018387816,0.0131156700402965,"CSMD2","OPCs"
"COX20",6.87887318487618,-0.781627735721692,0.254379620390251,-3.07268221614048,0.00212144270669321,0.013127377896654,"COX20","OPCs"
"ZNF431",6.62522786523859,0.715635236059523,0.233203983574759,3.0687093122923,0.00214985666479646,0.0132936656562969,"ZNF431","OPCs"
"ATP6V0E1",7.62072892617491,-0.705176142888654,0.229892672544037,-3.06741461171875,0.00215919139489442,0.0133418230461026,"ATP6V0E1","OPCs"
"LRRC28",8.63759028724317,-0.640286162072833,0.208790344225334,-3.06664642202905,0.00216474755617576,0.0133665801142249,"LRRC28","OPCs"
"MIR3681HG",50.1118005988307,-0.895769838825444,0.292176341462246,-3.06585343064538,0.00217049684933371,0.0133876312076587,"MIR3681HG","OPCs"
"ZBTB25",2.01956301239471,-1.42949889892391,0.466280596540587,-3.06574819868036,0.00217126084622242,0.0133876312076587,"ZBTB25","OPCs"
"ACTR3",8.21222733086656,0.605740058060578,0.197616399521545,3.0652317293866,0.00217501405150558,0.0133939737510723,"ACTR3","OPCs"
"IDI1",6.35087744928104,0.696248839465369,0.227147830180366,3.06517935439892,0.00217539499481246,0.0133939737510723,"IDI1","OPCs"
"HMGN1",16.9669056146454,-0.61347048496346,0.200156149071561,-3.06495947193772,0.00217699495148112,0.0133942642307248,"HMGN1","OPCs"
"RALYL",52.2482227956253,-1.11801845642594,0.364834954938997,-3.06444994179046,0.00218070665258169,0.0134075378368993,"RALYL","OPCs"
"MGST3",10.8674509650165,-0.557641412714753,0.18207502584843,-3.06270126897561,0.00219348911820343,0.013476522174945,"MGST3","OPCs"
"LINC02018",4.58270916557173,-1.03601359370828,0.338419893154155,-3.0613259287224,0.00220359080181427,0.0135289496487188,"LINC02018","OPCs"
"CDH12",4.75302334231485,-2.24867393307059,0.734804066301689,-3.0602361040111,0.00221162567320872,0.0135686223734697,"CDH12","OPCs"
"SLC1A2",67.4686800014559,0.417002058607478,0.136274723411637,3.06001030982,0.00221329372369308,0.0135692051603245,"SLC1A2","OPCs"
"TANC1",32.9493413538776,0.444912243055344,0.145476037909647,3.05831977175287,0.00222581922172813,0.0136286035124369,"TANC1","OPCs"
"PALM2AKAP2",7.27051312083311,-1.61712504495394,0.528770093504391,-3.05827629969869,0.00222614216891069,0.0136286035124369,"PALM2AKAP2","OPCs"
"INTS10",16.9371030558906,0.42921809625662,0.140361549766629,3.05794640320129,0.00222859431875519,0.0136339394280725,"INTS10","OPCs"
"SOX4",11.6982101699753,-0.860176857863378,0.281338390077253,-3.05744572444302,0.00223232063751841,0.0136373922232534,"SOX4","OPCs"
"BCL2L14",2.2198516464211,-1.49216063681151,0.488029503148622,-3.0575213735738,0.00223175725036559,0.0136373922232534,"BCL2L14","OPCs"
"CSDE1",8.36212825193144,-0.626813183029269,0.205027347364198,-3.05721744483108,0.00223402151060911,0.0136381242395713,"CSDE1","OPCs"
"RPS19",31.1713780677166,0.500648969737984,0.163855323560708,3.05543304214034,0.00224735777230032,0.0137098360281913,"RPS19","OPCs"
"MED6",4.29047387763704,-1.00198242565599,0.327963193791946,-3.05516730115644,0.00224935009509602,0.013712292523179,"MED6","OPCs"
"IFT52",2.12247131111818,-1.48909761724635,0.48752924536664,-3.05437598133521,0.00225529239463303,0.0137388080480964,"IFT52","OPCs"
"EHBP1",37.5061436304155,0.640487761312145,0.209720772986699,3.05400248239962,0.00225810212329891,0.0137462165953256,"EHBP1","OPCs"
"KLHL18",3.08324885191982,0.935234562443496,0.306280034069963,3.05352768189213,0.00226167854533244,0.0137582786544694,"KLHL18","OPCs"
"TIMM44",4.66044778315954,0.815234045612205,0.267000582989758,3.0533043654196,0.00226336246444647,0.01375881932228,"TIMM44","OPCs"
"GAN",5.31605663792072,0.793103558562925,0.259799418628721,3.05275340010036,0.00226752193559655,0.0137743973355323,"GAN","OPCs"
"GGPS1",3.45716738095528,-1.06358016086182,0.348433582536304,-3.05246168615508,0.00226972704241909,0.0137780897029606,"GGPS1","OPCs"
"GTPBP8",1.89651173704137,-1.55043693795135,0.508033533013479,-3.05183976489641,0.00227443479317126,0.0137969581757351,"GTPBP8","OPCs"
"CYRIA",13.894605300967,-0.605405886640732,0.198594536009454,-3.0484518799244,0.00230023748840733,0.0139436743323975,"CYRIA","OPCs"
"ORC5",5.04022547514271,-0.804637078448988,0.263976646722697,-3.04813735774985,0.00230264649201417,0.0139484751686195,"ORC5","OPCs"
"FAM135B",6.21614179911844,-1.32094598100172,0.433419561591796,-3.04773041657455,0.00230576678485569,0.0139575749376598,"FAM135B","OPCs"
"PLGRKT",3.30566886504556,-1.10056773180388,0.36116533303958,-3.04726846993166,0.00230931353483561,0.0139692416209621,"PLGRKT","OPCs"
"UQCRC1",6.41927854135636,0.686942853669216,0.225489249294145,3.04645501202196,0.00231557127940012,0.0139972795067312,"UQCRC1","OPCs"
"RNMT",14.5425623416745,0.540311636220951,0.17738118108842,3.04604824990775,0.00231870622785914,0.0140064145108634,"RNMT","OPCs"
"ATP8A1",26.0337880065079,-0.490383857980573,0.161004205614216,-3.04578291051346,0.00232075331433404,0.0140089699716203,"ATP8A1","OPCs"
"TTLL11",9.16435037084924,-0.650858459305085,0.213718139317917,-3.04540579186356,0.00232366562287452,0.0140120573447909,"TTLL11","OPCs"
"ENSG00000285664",3.24978399459307,-1.08499858423622,0.356286731671355,-3.04529607135929,0.00232451357064639,0.0140120573447909,"LOC105370500","OPCs"
"PRCC",4.52357757407558,0.826944382779925,0.271655825628189,3.04408852954897,0.00233386449835034,0.0140563488355478,"PRCC","OPCs"
"EPB41L4A",12.4106648568648,-0.677201037621608,0.222478387355125,-3.04389583937717,0.00233535983000099,0.0140563488355478,"EPB41L4A","OPCs"
"TTI1",3.14064591539892,-1.10358316404814,0.362577476502324,-3.04371682073049,0.00233674985279105,0.0140563488355478,"TTI1","OPCs"
"HCFC2",5.89998184990504,0.672401377935314,0.221058251894702,3.04173842040334,0.00235216203407539,0.014139198401348,"HCFC2","OPCs"
"SGSM3",5.57644121991991,0.842926833125311,0.277263211584351,3.04016832348085,0.00236445962544814,0.0142032233489664,"SGSM3","OPCs"
"WDR26",9.8758106982304,0.627426336009745,0.206434403422259,3.03934967044399,0.00237089494725945,0.0142319692519555,"WDR26","OPCs"
"MCC",3.80414242272656,-0.943947102611906,0.310598265367955,-3.03912548092838,0.00237266006587052,0.0142326604507643,"MCC","OPCs"
"ZNHIT6",5.86273097328921,-0.803655864729393,0.264478903197228,-3.03863882908682,0.00237649577878962,0.0142457627434602,"ZNHIT6","OPCs"
"HABP4",4.574726619017,0.884548963250647,0.291176858141659,3.03784088095459,0.00238279736735938,0.0142736181186403,"HABP4","OPCs"
"MOV10",4.80283756851265,0.866345116980983,0.285305674613772,3.03655059841969,0.00239301941304788,0.0143149691102295,"MOV10","OPCs"
"ZNF529",5.93803260615105,0.742267318552118,0.244431116212898,3.0367136968994,0.00239172508012528,0.0143149691102295,"ZNF529","OPCs"
"TRIM24",12.930038757948,0.575566086094409,0.189602520876663,3.0356457468665,0.00240021187676127,0.0143381077901266,"TRIM24","OPCs"
"PSMC6",6.78298652776847,0.679714163942249,0.223900890890069,3.03578141757362,0.00239913220091303,0.0143381077901266,"PSMC6","OPCs"
"GRM5P1",3.29729771490136,-4.35715662593237,1.43613412840406,-3.03394825020583,0.00241375830771162,0.0144090513234052,"GRM5P1","OPCs"
"XPO6",10.8074380365482,0.590230871848638,0.19460272600954,3.03300413078337,0.00242132285662843,0.0144442122830407,"XPO6","OPCs"
"DHRS4L2",3.08488031573525,-1.35854212864415,0.448043588562832,-3.03216509135168,0.00242806367865539,0.0144744141617702,"DHRS4L2","OPCs"
"AMFR",6.57540591775614,0.673633656083844,0.222239315330429,3.03111830182826,0.00243649763935442,0.0145146606609608,"AMFR","OPCs"
"MSMO1",5.7831492723858,0.928267648910006,0.306450804577318,3.02909189679025,0.00245290057260574,0.0145922209236532,"MSMO1","OPCs"
"CALCOCO1",6.82253679380028,0.919320040318369,0.30347952533328,3.02926544816747,0.00245149179748164,0.0145922209236532,"CALCOCO1","OPCs"
"TUBB3",3.25648144826134,-1.56822152146146,0.517777982252109,-3.02875281532903,0.00245565514919893,0.014598539846306,"TUBB3","OPCs"
"HSPE1",11.7613736566402,0.790369797162643,0.260990251738602,3.02834987857802,0.00245893214364962,0.0146079536302491,"HSPE1","OPCs"
"PSMD5",6.19239567535881,0.961748343788369,0.317833367421117,3.0259514650458,0.0024785208418723,0.0147141918664766,"PSMD5","OPCs"
"TRPC3",8.4917650420903,0.625387851313642,0.206810351530156,3.02396783665083,0.00249482960385523,0.014800825421496,"TRPC3","OPCs"
"AP1S1",2.8773638955074,-1.17422151761253,0.388335052479349,-3.02373301126345,0.0024967667487365,0.0148021374395884,"AP1S1","OPCs"
"ADAMTS9-AS2",20.1097205831636,0.582885896593306,0.192858100720878,3.02235630452938,0.00250815132283471,0.0148467337832692,"ADAMTS9-AS2","OPCs"
"ANKRD13D",5.09614127789103,0.945747308007675,0.312925504602199,3.02227620982809,0.00250881511948302,0.0148467337832692,"ANKRD13D","OPCs"
"NFKBIA",9.99398922045141,1.20608791203947,0.399076231354131,3.02219931251485,0.00250945256851455,0.0148467337832692,"NFKBIA","OPCs"
"CADPS",40.3191686813839,-0.895419046328105,0.296560702251169,-3.01934490824661,0.00253321956157607,0.0149770746663161,"CADPS","OPCs"
"RILPL1",3.99137167006722,0.935481312290873,0.309861060427831,3.01903476028655,0.00253581434882002,0.0149821469677545,"RILPL1","OPCs"
"EWSR1",12.8378235524352,0.49783950602694,0.165009591047974,3.01703375461492,0.00255261385983175,0.015071079503702,"EWSR1","OPCs"
"TBC1D17",3.38906556033041,1.60394700412337,0.531797212743765,3.01608764710883,0.00256059232392844,0.0151078449974054,"TBC1D17","OPCs"
"RWDD1",5.64370591838257,0.839969149660105,0.27851706761076,3.01586239172243,0.00256249524633801,0.0151087382056812,"RWDD1","OPCs"
"TJP2",6.15616934267263,0.678817270962842,0.225219759627337,3.01402182511009,0.00257809258927826,0.0151903187671546,"TJP2","OPCs"
"WASF2",6.27032014352456,0.674232894950125,0.223798043027217,3.01268449817556,0.00258947977526273,0.0152469983217859,"WASF2","OPCs"
"SAP30-DT",1.74733316092971,-1.61081186757469,0.534832271851877,-3.01180753733726,0.00259697194325743,0.0152806821163292,"SAP30-DT","OPCs"
"POLR3A",4.01677731405549,0.830694961445972,0.275924165592074,3.01059155026701,0.00260739332078086,0.0153315438207605,"POLR3A","OPCs"
"NUDT3",18.1434554586456,0.542015346133919,0.180157421220462,3.00856518961074,0.00262484482290284,0.0154236453967029,"NUDT3","OPCs"
"ENSG00000291178",3.39511529346323,1.17028615720108,0.389254614700016,3.00647985407437,0.00264291565758958,0.0155009926246158,"PMS2P1","OPCs"
"SDR39U1",8.23003063051634,0.849903343767763,0.282695745063867,3.00642425154207,0.00264339904368304,0.0155009926246158,"SDR39U1","OPCs"
"ABCA3",8.01173267602637,0.711358068690058,0.236603189149859,3.00654471837867,0.00264235185547698,0.0155009926246158,"ABCA3","OPCs"
"LINC01965",13.8277234256173,-0.95789150368182,0.31876163347189,-3.0050401400214,0.00265545802818284,0.0155611283635225,"LINC01965","OPCs"
"DROSHA",8.88169523468578,-0.598415606534142,0.199153926998557,-3.00478938855409,0.00265764805672477,0.0155633890952531,"DROSHA","OPCs"
"SAMD3",2.06176472042566,-3.65799685340025,1.21778505253983,-3.00381158872912,0.0026662038037616,0.0155952412023175,"SAMD3","OPCs"
"ZNF577",9.72107758038852,0.69076567761828,0.229967412678935,3.00375461710603,0.00266670308061886,0.0155952412023175,"ZNF577","OPCs"
"ERGIC3",5.3933542768799,0.700402413585468,0.233228736331917,3.00307082480907,0.00267270223803967,0.0156197354372156,"ERGIC3","OPCs"
"FGF1",4.0930446454581,0.978666363409189,0.326005476719641,3.00199362678445,0.00268217791010214,0.0156645001032776,"FGF1","OPCs"
"NSUN6",13.4683244853346,0.490750662482816,0.163493764483524,3.00164757985172,0.00268522845316958,0.0156717054377813,"NSUN6","OPCs"
"ATP5F1B",10.9465806235968,0.663525844707837,0.221084803447679,3.00122773868021,0.00268893377890108,0.0156721234978383,"ATP5F1B","OPCs"
"LINC02389",2.38460026905248,-2.59314896734444,0.863972234928349,-3.00142627564819,0.00268718100069052,0.0156721234978383,"LINC02389","OPCs"
"CFLAR",5.604543817434,0.714120544720747,0.238025570862026,3.00018414884801,0.00269816427448973,0.0157046997515171,"CFLAR","OPCs"
"GSTK1",4.75199655324091,-0.894807456051962,0.298232887126994,-3.00036479769896,0.00269656437581699,0.0157046997515171,"GSTK1","OPCs"
"ENSG00000236449",3.94380501179482,-1.10715825936571,0.369127123242613,-2.99939557310184,0.00270515837993468,0.0157347917635311,"ENSG00000236449","OPCs"
"ADH5",3.9033410080539,-0.939137088314708,0.313236129540289,-2.99817613534237,0.00271600654580457,0.0157872455957616,"ADH5","OPCs"
"ITGB8",26.2704471826159,0.455388424668744,0.151936484478496,2.9972289159632,0.00272446045915967,0.0158257211587281,"ITGB8","OPCs"
"RNASEH2C",2.89976378724983,-1.10022077653062,0.367222554140479,-2.99605992095391,0.00273492685688242,0.0158758270978922,"RNASEH2C","OPCs"
"UGDH",7.09273495527258,-0.798197995876124,0.266462147370964,-2.99553990595477,0.00273959451668038,0.0158922275056389,"UGDH","OPCs"
"ENSG00000227227",1.9418662712413,-1.65358492553186,0.552116692833088,-2.99499172366405,0.00274452288505813,0.015910117208677,"ENSG00000227227","OPCs"
"ZC2HC1A",12.699333402087,-0.499265279420747,0.16671986153127,-2.99463588102311,0.00274772638020559,0.0159179904336155,"ZC2HC1A","OPCs"
"ZEB1-AS1",10.1943879945756,-0.81690245034996,0.27284591360796,-2.99400654218238,0.00275340040569589,0.0159401556372703,"ZEB1-AS1","OPCs"
"ITPKC",3.53011280252937,1.68092700484383,0.561485799868419,2.99371240597313,0.00275605596251551,0.015944828123849,"ITPKC","OPCs"
"GRID1",40.9241901304212,-0.407260394167218,0.136165039372887,-2.99093215147494,0.00278127281821473,0.0160799325267562,"GRID1","OPCs"
"FAM66C",10.3048944557763,-0.565417773711942,0.189059905769764,-2.99068050102862,0.00278356565181933,0.0160824094525074,"FAM66C","OPCs"
"CAMK2A",3.47564797788164,-1.87663584702348,0.628058798034548,-2.98799388352848,0.00280815174231489,0.0162027537988015,"CAMK2A","OPCs"
"APBB1",15.845578180225,0.451141645390115,0.15098310091861,2.98802741926271,0.0028078436277543,0.0162027537988015,"APBB1","OPCs"
"ATP5IF1",9.5372596889633,-0.632394831632756,0.211691170452712,-2.98734628506398,0.00281410770810067,0.016226265434543,"ATP5IF1","OPCs"
"FASTK",4.80388029496831,-1.05672148962845,0.353915856983154,-2.98579865461848,0.00282838802536797,0.0162977121622071,"FASTK","OPCs"
"RASA3",5.37292326077527,0.790358122137771,0.264946679754907,2.98308370147874,0.00285359943047103,0.0164320084694547,"RASA3","OPCs"
"BMPR2",24.6825269586399,0.374640509644236,0.125619046677213,2.98235434477466,0.00286040720556561,0.0164352728923189,"BMPR2","OPCs"
"SERPINB6",6.21263639615694,0.952495596348245,0.319392345870291,2.98221171754399,0.00286174021225999,0.0164352728923189,"SERPINB6","OPCs"
"RPS26",13.624459189308,-0.609673889122344,0.204396328517344,-2.9828025461358,0.00285622196485368,0.0164352728923189,"RPS26","OPCs"
"MBD3",2.92387945467178,1.39961947414375,0.469323437126087,2.9822066477531,0.00286178760540957,0.0164352728923189,"MBD3","OPCs"
"KIAA1328",17.3504242445232,0.486062197732633,0.16299975948742,2.98198107323064,0.0028638970345231,0.0164364443245484,"KIAA1328","OPCs"
"MMD2",16.6610304558943,-0.520885645142711,0.174737553798196,-2.98095992430042,0.002873463937136,0.0164694351639436,"MMD2","OPCs"
"CRISPLD1",6.84615519823178,-0.754282728777956,0.253018866993836,-2.98113234692626,0.00287184650592939,0.0164694351639436,"CRISPLD1","OPCs"
"RNF115",14.5720915088435,0.519612384910994,0.174356864577785,2.98016591528682,0.0028809229718307,0.0165012228120927,"RNF115","OPCs"
"CNPY2-AS1",1.77911724231583,2.62577675306914,0.881286430669833,2.97948165509979,0.00288736518500286,0.0165271480330688,"CNPY2-AS1","OPCs"
"RAB30-DT",3.89368685980773,-1.08339164150227,0.364077658646234,-2.97571580066376,0.00292305610303731,0.0167203461172413,"RAB30-DT","OPCs"
"CYCS",4.50968259882674,-0.918432169195464,0.308912533167392,-2.97311397429702,0.00294794963042629,0.0168515662770425,"CYCS","OPCs"
"GNG12-AS1",4.79207389754318,1.61631134466949,0.543750460735441,2.97252409217892,0.0029536202873801,0.0168616337517808,"GNG12-AS1","OPCs"
"GCDH",3.78650291258672,0.87731380798003,0.295134973806163,2.97258504021359,0.00295303392076711,0.0168616337517808,"GCDH","OPCs"
"CHN1",27.6210002431467,-0.994099934731362,0.334463300346258,-2.9722242580941,0.0029565064673824,0.0168669476108734,"CHN1","OPCs"
"PTPN14",1.95881745266036,-1.40727574152908,0.473743548336879,-2.97054333820365,0.0029727345819875,0.0169370628993015,"PTPN14","OPCs"
"KIT",3.36366218937891,-1.05377437984185,0.354765376488109,-2.97034166714171,0.0029746870267148,0.0169370628993015,"KIT","OPCs"
"ENSG00000228010",3.14153804558543,0.956445245446065,0.321956592801705,2.97072731799949,0.00297095443225795,0.0169370628993015,"ENSG00000228010","OPCs"
"MRPS30-DT",4.17956228534792,-1.06898920374525,0.360204225408057,-2.96773088248548,0.00300006873468805,0.0170703119428886,"MRPS30-DT","OPCs"
"NPIPA1",5.71420701197932,0.966963753458712,0.326078286559465,2.96543435523228,0.0030225584366817,0.0171869407216983,"NPIPA1","OPCs"
"RAB28",13.3709595201348,0.537342664364399,0.181249430177669,2.96465850313388,0.00303019097591824,0.0172189903545921,"RAB28","OPCs"
"PLCL2",12.4977453992158,-0.494002648842406,0.166666127774884,-2.96402547678827,0.0030364314683972,0.0172430927231035,"PLCL2","OPCs"
"TNFSF13B",4.5958447141471,1.0948770317743,0.369495890439881,2.96316430061201,0.00304493992579986,0.0172800340789142,"TNFSF13B","OPCs"
"CTDNEP1",4.33337795121388,0.834903619138057,0.28184715557168,2.9622566793147,0.00305393079391908,0.0173196627405299,"CTDNEP1","OPCs"
"SHC3",32.5451905069315,-0.566295911208277,0.191318984524689,-2.95995670589188,0.0030768227774154,0.0174265747064906,"SHC3","OPCs"
"VSTM2B",14.9061300277605,0.668106517736304,0.225699536062427,2.96015902111341,0.00307480284436665,0.0174265747064906,"VSTM2B","OPCs"
"PUM1",19.7316703875012,0.386125715138029,0.130463423447785,2.95964727073535,0.00307991454614966,0.0174326396818156,"PUM1","OPCs"
"MPDZ",28.1360899113485,0.501260850947942,0.16940900850441,2.95887955058124,0.00308759757733672,0.017464666689906,"MPDZ","OPCs"
"SMARCC2",5.96305005834013,0.67607574388842,0.228566545484546,2.95789457050761,0.00309748045145261,0.0175090867458913,"SMARCC2","OPCs"
"CACNG2",8.43365089519421,0.726586056624314,0.245704439825054,2.95715477156886,0.00310492223972393,0.0175396589651988,"CACNG2","OPCs"
"WDR11",20.1501827624979,0.41538638733259,0.140501062769742,2.95646437930039,0.0031118817374748,0.0175674684996451,"WDR11","OPCs"
"ODR4",5.68540894347094,-0.753022000360883,0.254771962006626,-2.95567061002301,0.00311990090142141,0.0176012198663578,"ODR4","OPCs"
"UBR5",27.5562113062531,0.316567487981271,0.107129924160229,2.95498657786593,0.00312682653942867,0.0176287619144521,"UBR5","OPCs"
"CD47",18.8632132664998,-0.658840249351829,0.223100886059581,-2.95310458415606,0.00314595360003718,0.0177250135557941,"CD47","OPCs"
"ATP1B1",15.6891898595849,-0.614697483320157,0.208217046902023,-2.95219576142295,0.00315522827398143,0.0177540763805374,"ATP1B1","OPCs"
"BDP1",9.47292787765644,0.525076518198937,0.177859260177072,2.9522023069037,0.00315516138734403,0.0177540763805374,"BDP1","OPCs"
"MAP3K1",21.297111023096,-0.587262833431023,0.19894956754205,-2.95181759219908,0.00315909488632782,0.0177642454298981,"MAP3K1","OPCs"
"PRKRA",8.7379707383984,0.578088879414646,0.195894429711043,2.95102254958124,0.00316723793267049,0.017798432838577,"PRKRA","OPCs"
"ENSG00000279317",3.86847669633285,1.04805631281226,0.35522829653054,2.95037395119833,0.00317389522204369,0.0178206995925538,"ENSG00000279317","OPCs"
"ENSG00000227757",3.16015360413114,-1.08587404603561,0.368063686807906,-2.95023411696229,0.00317533216714063,0.0178206995925538,"ENSG00000227757","OPCs"
"DLG3",2.61694915743034,-1.27854573953223,0.433419077313034,-2.94990646802749,0.00317870143015704,0.017828009451583,"DLG3","OPCs"
"LRP4-AS1",14.8193978801009,-1.09296841849433,0.370814123406017,-2.9474832524046,0.00320372105592426,0.0179566587578965,"LRP4-AS1","OPCs"
"CLPX",2.9587771258556,-1.12576412633941,0.381977850093908,-2.94719739917549,0.00320668428527249,0.0179615965225717,"CLPX","OPCs"
"LINC02822",2.65100176722154,-3.62786500137946,1.23113827413464,-2.94675673528992,0.00321125721561738,0.0179643025906895,"LINC02822","OPCs"
"SAP30BP",8.68892056452113,0.801728339768929,0.27207210694578,2.94674948038206,0.00321133255214969,0.0179643025906895,"SAP30BP","OPCs"
"NOL4L",2.29411960986982,-1.33269380393002,0.452330599534058,-2.94628266427877,0.00321618345882996,0.0179797786881836,"NOL4L","OPCs"
"COL9A1",30.7504765191814,-0.634095827308926,0.215341619495658,-2.94460415406002,0.0032336808713592,0.018065888080534,"COL9A1","OPCs"
"MIR4300HG",11.4768850423812,-0.989156559839869,0.336036834425125,-2.9435956374606,0.00324423569202783,0.018113124323257,"MIR4300HG","OPCs"
"APC2",7.91058174505742,0.89322401179794,0.303500939224365,2.94306836110849,0.00324976648890288,0.0181322676153145,"APC2","OPCs"
"GRM7-AS1",2.92301832333718,-1.28944518423804,0.438165708407854,-2.94282541854643,0.00325231769318016,0.018134772088799,"GRM7-AS1","OPCs"
"CYP46A1",6.23016898027068,-0.783001838976998,0.266164055098053,-2.94180158432192,0.00326308930904517,0.0181830803487233,"CYP46A1","OPCs"
"SEMA3E",21.1867741551798,1.06932030169424,0.363528854742654,2.94150048268168,0.00326626333613752,0.018189017132035,"SEMA3E","OPCs"
"C5orf24",5.64018113737164,0.659340327386871,0.224307488699381,2.93944857218087,0.00328796830806276,0.0182980739518383,"C5orf24","OPCs"
"PLPPR1",66.136959834078,-0.54729920634148,0.186218709018345,-2.93901299835326,0.00329259265061007,0.0183119949736702,"PLPPR1","OPCs"
"ARPP21",70.9143952632917,-0.228139428652567,0.0776448331761111,-2.93824352916194,0.00330077632887066,0.0183456808072412,"ARPP21","OPCs"
"DPYD",12.0304375447496,-0.705761785429612,0.240325614026232,-2.93668982513273,0.00331735722555264,0.0184259648600239,"DPYD","OPCs"
"SCARB2",18.6325672361618,0.451339332782219,0.153734515696154,2.93583604656654,0.00332650088547641,0.0184648627014926,"SCARB2","OPCs"
"TXNIP",21.934061327136,0.898373832560987,0.306150124680794,2.93442255983947,0.00334168928663673,0.0185340570337722,"TXNIP","OPCs"
"TAF5L",2.77655581836799,-1.21849055624633,0.415261005157964,-2.9342763734409,0.00334326370792367,0.0185340570337722,"TAF5L","OPCs"
"TPK1",5.58829525110607,-0.791536893796167,0.269813681054486,-2.93364254437611,0.00335009783689577,0.0185600153764052,"TPK1","OPCs"
"RTCA",3.8291440825064,0.828775564596141,0.282611735838693,2.93255891209409,0.00336181134810327,0.0186010164777029,"RTCA","OPCs"
"SCG5",9.97343546695853,-0.699252089515552,0.238437402583403,-2.93264429967509,0.0033608870002107,0.0186010164777029,"SCG5","OPCs"
"LSM7",8.05115481404271,0.59263438476715,0.202152653542245,2.93161813304274,0.00337201091935726,0.0186454911476767,"LSM7","OPCs"
"PVT1",5.67134637159171,0.901007916359627,0.307389347894138,2.93116180678429,0.00337696837764846,0.0186609412079408,"PVT1","OPCs"
"NHLRC2",8.9020684974794,-0.616596718607968,0.210381559611886,-2.93084964169612,0.00338036351282656,0.0186677437014353,"NHLRC2","OPCs"
"KIF3C",7.54432488131123,0.660244907619992,0.225354024009251,2.92981192824358,0.00339167212643335,0.0187182109805592,"KIF3C","OPCs"
"NOTCH2",11.0087294367272,0.564354547186326,0.192669431744415,2.92913381264844,0.00339908057399122,0.0187471029611562,"NOTCH2","OPCs"
"ENSG00000231424",50.0821430440729,-0.788556850476727,0.269270207661211,-2.92849646207006,0.0034060570895179,0.0187735772870169,"ENSG00000231424","OPCs"
"LRRC8C",2.14393029416134,-1.37528033362701,0.469723978912293,-2.92784783270304,0.00341317044583408,0.0188007715617911,"LRRC8C","OPCs"
"ENSG00000250243",6.14348581883321,-0.835847154275696,0.285584256077111,-2.9267970362134,0.00342472297507752,0.0188523678257937,"ENSG00000250243","OPCs"
"ZNF573",4.93393559222947,0.725526565112873,0.247975902343819,2.92579463671809,0.00343577658652997,0.0189011535940099,"ZNF573","OPCs"
"RMST",1.84943409525318,-3.70862312094458,1.26855232303109,-2.92350820191884,0.00346111106764113,0.0190283901016395,"RMST","OPCs"
"SYT16",13.0197643422236,-0.560646451068614,0.191807771903886,-2.92296003182578,0.00346721019386175,0.0190497803390137,"SYT16","OPCs"
"FKBP7",1.30846894468752,-1.77758683061571,0.608435090450536,-2.92157184638945,0.00348269939182084,0.0191105375024469,"FKBP7","OPCs"
"STX7",5.84510610860268,-0.723260456093541,0.247549372701613,-2.92168163546644,0.00348147208979214,0.0191105375024469,"STX7","OPCs"
"RBBP6",19.4118713729029,0.512541191232935,0.175451413520714,2.92127137050636,0.00348606034313593,0.019116819148055,"RBBP6","OPCs"
"STX18-AS1",8.96831215577562,-0.965299541714613,0.330495234710974,-2.92076689867795,0.00349170971481939,0.0191234844444648,"STX18-AS1","OPCs"
"GABRA1",2.23785405920387,-2.41975966376452,0.828438817918925,-2.92086707120155,0.00349058726160919,0.0191234844444648,"GABRA1","OPCs"
"CHORDC1",7.48844703108678,0.940211316634065,0.322084077359673,2.91914870285291,0.00350988749190494,0.0192108435946523,"CHORDC1","OPCs"
"USP34",31.393532112132,0.337371107641044,0.115605504273666,2.91829623304445,0.00351949818406924,0.0192189786164165,"USP34","OPCs"
"GAK",5.04619255151955,0.756074800857513,0.259114762060505,2.91791480672555,0.00352380610961834,0.0192189786164165,"GAK","OPCs"
"LATS1",6.83699643377754,0.641425145119857,0.219829361224169,2.91783200182149,0.00352474196280673,0.0192189786164165,"LATS1","OPCs"
"VAV2",6.45701547203921,0.635188246809735,0.217649616109264,2.9183981950644,0.00351834741116158,0.0192189786164165,"VAV2","OPCs"
"NGRN",3.87188414107683,-0.929053009101179,0.318380969957273,-2.91805445917782,0.00352222828299261,0.0192189786164165,"NGRN","OPCs"
"ENSG00000257060",3.28893467932865,-1.03872112761928,0.355947664296536,-2.91818498000857,0.00352075420877981,0.0192189786164165,"ENSG00000257060","OPCs"
"TMEM41A",3.84267622248276,-0.921347116002053,0.315840244361708,-2.91713020253019,0.00353268271705354,0.0192501080968439,"TMEM41A","OPCs"
"FAM151B-DT",5.45840854046602,-0.996244725937541,0.341690350383014,-2.91563611562578,0.00354964232498955,0.0193303123076767,"FAM151B-DT","OPCs"
"POMGNT1",5.5995895371778,0.931362418808233,0.3196187482085,2.91397930824968,0.00356853558543014,0.019420938775975,"POMGNT1","OPCs"
"ENSG00000291034",6.69854320611604,-1.61363568110322,0.55380600837868,-2.91372006928435,0.00357150005745178,0.0194248168320171,"GYG2P1","OPCs"
"TGFB1",3.18830331282319,1.45726494610498,0.50021645500421,2.91326870902861,0.00357666683784682,0.0194406604557446,"TGFB1","OPCs"
"ENSG00000268205",5.45619833323211,0.855918994449103,0.293844726080812,2.91282748499529,0.00358172415865655,0.0194558895419216,"ENSG00000268205","OPCs"
"SCUBE2",4.07183773285448,-1.01980145126797,0.350399907190959,-2.9103930404645,0.00360974496235527,0.0195957583670715,"SCUBE2","OPCs"
"IMMP1L",8.4893242841406,-0.624808039610625,0.214785804097607,-2.90898200761298,0.00362607727893025,0.0196720393761336,"IMMP1L","OPCs"
"NECTIN3-AS1",3.77855190721745,-1.1132756599944,0.382893671075662,-2.90753215342233,0.00364292891839326,0.0197510401320303,"NECTIN3-AS1","OPCs"
"GRK4",7.58122790945593,0.653631011151826,0.224842652963244,2.90705968168183,0.00364843581853554,0.0197636231317689,"GRK4","OPCs"
"SOX21-AS1",2.45641941193688,-1.40534871951305,0.4834460720347,-2.90693998939385,0.00364983209470297,0.0197636231317689,"SOX21-AS1","OPCs"
"RPS12",8.95732722444173,-0.749430599416982,0.257844115381954,-2.90652589959955,0.00365466642853962,0.0197773855787847,"RPS12","OPCs"
"GRIK3",12.7316281779985,0.670743291041089,0.230803277240338,2.90612550679961,0.00365934639159462,0.0197778959736185,"GRIK3","OPCs"
"STX17",9.36361528297871,-0.575716278486859,0.198093525650872,-2.9062851831994,0.00365747937235883,0.0197778959736185,"STX17","OPCs"
"CRMP1",10.5645128863433,0.509878769805441,0.175466446595005,2.9058476973794,0.00366259674894848,0.019783067975222,"CRMP1","OPCs"
"SNX19",6.24180126391017,0.67485788455931,0.232303083428857,2.90507501923015,0.00367165085693855,0.0198195621351389,"SNX19","OPCs"
"INO80D-AS1",1.65568777003352,-1.5218870419252,0.523964411513102,-2.90456185283711,0.00367767529255454,0.0198396667126801,"INO80D-AS1","OPCs"
"EPHX1",3.23991409698482,1.16568518177317,0.40159158450122,2.9026633693556,0.00370004118957876,0.0199478470633165,"EPHX1","OPCs"
"FAM20C",4.97480399201982,0.826328604424009,0.284751769556178,2.90192614329297,0.00370875967879492,0.0199823616422767,"FAM20C","OPCs"
"DMD",144.593505283062,-0.379809946081394,0.13096788619084,-2.90002348765065,0.00373134698828714,0.0200915100630243,"DMD","OPCs"
"CYP27A1",6.47475999965599,0.650212941926086,0.224247016569511,2.89953887401902,0.00373712000752883,0.0201100419120048,"CYP27A1","OPCs"
"DPH5",2.35272055798028,-1.2181241609039,0.420341616674076,-2.89793851615794,0.00375624218857403,0.0201764212436756,"DPH5","OPCs"
"MFSD4B",9.05294280028474,-0.597457601671251,0.20616044916567,-2.89802240967731,0.00375523756628807,0.0201764212436756,"MFSD4B","OPCs"
"TXN",3.00925677950457,-1.32402130747779,0.456886883281472,-2.89791927920615,0.00375647258489949,0.0201764212436756,"TXN","OPCs"
"PPP1R7",4.0922271148685,0.945442688543779,0.326302967259554,2.89743821971358,0.00376223829660425,0.0201948149013741,"PPP1R7","OPCs"
"SLITRK3",4.08652944203492,0.82220938366254,0.283905836890031,2.89606368318879,0.00377875707919353,0.02027086975443,"SLITRK3","OPCs"
"MRPL13",1.66682724294181,-1.58987043081684,0.549075456378472,-2.89554088121717,0.00378505724565617,0.0202920471106464,"MRPL13","OPCs"
"PPARGC1A",8.78998226030872,-0.624714765619327,0.215863620023656,-2.89402524404467,0.00380337582975899,0.0203523076349262,"PPARGC1A","OPCs"
"GHITM",2.48549102544095,-1.31384540678935,0.453977716688463,-2.8940746615785,0.00380277728179649,0.0203523076349262,"GHITM","OPCs"
"ZNF98",3.74273567996699,-0.954977090214218,0.329966303892804,-2.89416549189356,0.00380167736313086,0.0203523076349262,"ZNF98","OPCs"
"FMN2",28.6323886457033,-0.846848789002409,0.29274071034974,-2.89282890647724,0.00381789208552432,0.0204173199812354,"FMN2","OPCs"
"RBM27",5.02067665602159,-0.829671645657008,0.286924428572365,-2.89160337370074,0.00383281477675328,0.02048442395556,"RBM27","OPCs"
"HCN1",6.61772621280681,-2.62416459428017,0.907748381379867,-2.89085020486754,0.00384201200411123,0.0205208641160765,"HCN1","OPCs"
"TBC1D1",6.45159354172278,-1.10539947113624,0.382452923302625,-2.89028898404202,0.00384887831456524,0.0205448170429702,"TBC1D1","OPCs"
"HDAC9",43.0215665106698,-0.555341414702494,0.192154377381848,-2.89007943648831,0.00385144490150284,0.0205458031665822,"HDAC9","OPCs"
"NR2C2",9.0205502222033,0.557622823598869,0.193055263265711,2.88841036585149,0.00387194364715113,0.0205578286670692,"NR2C2","OPCs"
"HARS2",3.31169662678513,0.868057839825199,0.300582692672385,2.88791690601869,0.00387802304462231,0.0205578286670692,"HARS2","OPCs"
"KHDRBS2-OT1",3.44144990084799,-1.63242321027417,0.565241630228014,-2.88800952190245,0.00387688136155872,0.0205578286670692,"KHDRBS2-OT1","OPCs"
"TFB1M",5.54208467272392,-0.873075839070486,0.302217668231778,-2.88889741019676,0.00386595177892381,0.0205578286670692,"TFB1M","OPCs"
"TRIM4",2.7277375240863,-1.27796898349579,0.442605473725346,-2.88737726792964,0.00388468128070053,0.0205578286670692,"TRIM4","OPCs"
"KIF13B",9.2174393614846,0.71932934533611,0.24911317823801,2.88756038690511,0.00388242073414283,0.0205578286670692,"KIF13B","OPCs"
"CCAR1",14.4287741832023,0.58440428274645,0.202395871346014,2.88743183771451,0.00388400750872362,0.0205578286670692,"CCAR1","OPCs"
"FRMD5",77.4663962629202,0.947063940424443,0.327827194306168,2.88891207585406,0.00386577148523218,0.0205578286670692,"FRMD5","OPCs"
"ARHGAP17",5.85940918169987,-0.774318402010349,0.268114159565672,-2.8880175641029,0.00387678223914901,0.0205578286670692,"ARHGAP17","OPCs"
"EFTUD2",3.77705793836448,1.03773318354515,0.359252832816495,2.88858733669395,0.00386976548638123,0.0205578286670692,"EFTUD2","OPCs"
"BRSK1",5.76818808904284,0.724884803843287,0.251050682907558,2.88740423028526,0.00388434836379881,0.0205578286670692,"BRSK1","OPCs"
"ZNF135",3.14109955281193,-1.22534870407221,0.424165754250986,-2.88884402333703,0.00386660816002109,0.0205578286670692,"ZNF135","OPCs"
"KRBOX4",8.20792610828449,-0.660772662711413,0.228729521498284,-2.88888228499342,0.00386613773009127,0.0205578286670692,"KRBOX4","OPCs"
"BCL11A",4.02505499337003,-3.39397682005096,1.17572387283805,-2.88671251682448,0.00389289747704161,0.0205886778890012,"BCL11A","OPCs"
"RUFY3",23.7265774156013,0.434180731603985,0.150480041248172,2.8853044430519,0.00391035315028982,0.0206683249230392,"RUFY3","OPCs"
"ENSG00000257176",3.38247013733688,1.06452473807136,0.369195256060717,2.88336515866904,0.00393451054377687,0.020783274923833,"FAR2-AS1","OPCs"
"MED21",2.9730617302603,-1.04590315581618,0.363168226475428,-2.87994124917464,0.00397749282324779,0.0209974621134244,"MED21","OPCs"
"SFPQ",38.597869401714,0.295487589695958,0.102626159759903,2.87926188008262,0.00398607185247761,0.0210298812229186,"SFPQ","OPCs"
"PLPPR5-AS1",5.04580306064195,-0.845808466037995,0.293786701489421,-2.87898826512558,0.00398953178791793,0.0210352696837287,"PLPPR5-AS1","OPCs"
"AGL",5.97096979538299,-0.721881212234863,0.250765901287803,-2.87870563153785,0.00399310862928554,0.0210412675847386,"AGL","OPCs"
"STEAP1B",3.23128280767983,-1.0472911960015,0.364001952293725,-2.87715818391107,0.0040127438612432,0.0211318245098192,"STEAP1B","OPCs"
"GLRX3",4.60096482238025,-0.814486134204444,0.283234722601086,-2.8756577820848,0.00403186579657331,0.0212195694699459,"GLRX3","OPCs"
"KSR1",5.39258929787404,-0.932842028676445,0.324435670793346,-2.87527578701613,0.0040367473416133,0.0212323064443636,"KSR1","OPCs"
"BIVM",7.76346797743975,-0.645301740571354,0.224460700237249,-2.87489854522099,0.00404157340900946,0.0212447362742935,"BIVM","OPCs"
"CYREN",3.34650733732351,0.891780968992534,0.310223348860931,2.87464168079852,0.00404486248105729,0.0212490765904995,"CYREN","OPCs"
"FREM2",6.67447283596546,0.949911094809762,0.330525325054711,2.87394345547508,0.00405381532978158,0.0212831473126573,"FREM2","OPCs"
"PID1",72.7710108710493,-0.483566661570989,0.16841841614473,-2.87122199959081,0.00408888257077426,0.0214073508724547,"PID1","OPCs"
"KIAA0319",2.48204155875696,-2.86216796181938,0.996845301992601,-2.87122581216782,0.00408883325194658,0.0214073508724547,"KIAA0319","OPCs"
"ENSG00000253108",0.620117585098619,-2.28596133647747,0.796393088995037,-2.87039323678977,0.00409961612401408,0.0214073508724547,"ENSG00000253108","OPCs"
"RIPK2",3.68355775982074,0.862367185777155,0.300360136063144,2.87111065096822,0.00409032319518901,0.0214073508724547,"RIPK2","OPCs"
"ZNF251",7.13798653690614,0.598279671766905,0.208432331855354,2.8703784410093,0.00409980798067415,0.0214073508724547,"ZNF251","OPCs"
"POLR2A",4.89844020076024,0.89781352111071,0.312757119790912,2.87064135170104,0.00409640003545355,0.0214073508724547,"POLR2A","OPCs"
"RRP7BP",5.00395751028864,-1.08501647711297,0.377870636582698,-2.87139664231494,0.00408662397708334,0.0214073508724547,"RRP7BP","OPCs"
"TCEAL1",4.54194768265664,-1.03301382276259,0.359718590844358,-2.87172764781998,0.00408234630433752,0.0214073508724547,"TCEAL1","OPCs"
"ARHGEF6",7.92135081556319,0.804530433604708,0.280276148103965,2.87049197388812,0.00409833601016231,0.0214073508724547,"ARHGEF6","OPCs"
"IFT74",5.24356605837047,0.764084082150468,0.266312484497721,2.86912603286913,0.00411607750457822,0.0214793010009024,"IFT74","OPCs"
"PDE2A",3.59251899573258,-1.71176093481541,0.596662898906529,-2.8688911912446,0.00411913475147704,0.0214822589880538,"PDE2A","OPCs"
"ARHGEF26-AS1",7.0938412916185,-0.946835219634361,0.330075397583339,-2.86854223782401,0.00412368134982646,0.0214929760263462,"ARHGEF26-AS1","OPCs"
"OCRL",2.02567828584384,-1.46918063604239,0.512363333827047,-2.86745857684329,0.00413782967447003,0.021553694910615,"OCRL","OPCs"
"ACSL3",30.1524899591021,0.335952138156623,0.117219218399358,2.86601585255462,0.00415673429976406,0.0216391008266534,"ACSL3","OPCs"
"EPB41L3",8.02691311520653,-1.10607295112893,0.386006620684066,-2.86542481879918,0.00416450146577234,0.0216664593750013,"EPB41L3","OPCs"
"SPTLC1",7.18422484815987,0.638801597047629,0.223006222628504,2.86450122116897,0.00417666544256903,0.0217166462372516,"SPTLC1","OPCs"
"MEAF6",4.91871751472155,-0.823353858689319,0.287484423637629,-2.86399467585467,0.00418335043016015,0.0217383016931093,"MEAF6","OPCs"
"ADCY2",20.666611098354,-0.913994372159461,0.319216420306923,-2.86324359906256,0.00419328041979338,0.0217767832035747,"ADCY2","OPCs"
"CACNA2D1",42.3948853584861,-0.421652095128403,0.14729825332534,-2.8625736260232,0.00420215617470196,0.0218097467887961,"CACNA2D1","OPCs"
"SGPP1",4.9549594757721,0.696238246623264,0.24325175599574,2.8622126231864,0.00420694577662918,0.0218214758083003,"SGPP1","OPCs"
"SREBF2",19.0731517400299,0.690717508172444,0.241359250537524,2.86178179056393,0.00421266832579592,0.0218380270302378,"SREBF2","OPCs"
"CSRNP3",40.2314160962334,-0.434645511898917,0.151958838712146,-2.86028450587372,0.00423261101302314,0.0219282297887914,"CSRNP3","OPCs"
"GOLM1",12.8842447345208,0.459136224262105,0.16053296808925,2.86007434938127,0.00423541697922543,0.0219295959560615,"GOLM1","OPCs"
"SF1",14.3435218464718,-0.558254051164959,0.195224953897363,-2.85954249198314,0.00424252576914551,0.0219532257256444,"SF1","OPCs"
"PDE1A",8.01787863740242,-1.82476375975986,0.638268864362423,-2.85892648325035,0.00425077284728946,0.0219827137774094,"PDE1A","OPCs"
"PNMA2",2.75214640791353,-1.18159057131323,0.413341716647073,-2.85862888676712,0.00425476225283398,0.0219901612899616,"PNMA2","OPCs"
"LAPTM4B",4.33478698974793,1.11844910264425,0.391345300912246,2.8579597098447,0.00426374525475825,0.0220233931542184,"LAPTM4B","OPCs"
"POLR2K",2.03227085166827,-1.27940260312906,0.447710044512171,-2.8576589219103,0.00426778861913119,0.0220310859536958,"POLR2K","OPCs"
"ENSG00000248458",1.75007176452907,-1.65905257496347,0.580797853138309,-2.85650603906139,0.00428331855959527,0.0220980298415483,"ENSG00000248458","OPCs"
"KCNT2",33.9759784276246,-0.512591662259855,0.179459851591514,-2.85630272015724,0.00428606268215239,0.0220989699320063,"KCNT2","OPCs"
"MIR31HG",2.29295179331282,-2.92594707855966,1.02564853941464,-2.85277750234944,0.00433389541669529,0.0223322472308325,"MIR31HG","OPCs"
"ENSG00000226310",2.18730198980934,-1.2860058192707,0.450934028718624,-2.85187131014491,0.00434626923807779,0.0223826378791994,"ENSG00000226310","OPCs"
"TET2",11.6515894999885,-0.617506210212822,0.216561431369459,-2.85141359801663,0.00435253134571852,0.0223955535939759,"TET2","OPCs"
"FGF2",4.51452957058382,0.893508202004649,0.313388963771685,2.85111572293784,0.00435661106340526,0.0223955535939759,"FGF2","OPCs"
"PLAT",17.2202334142587,1.20378423559768,0.422242712455489,2.85092957222933,0.00435916235616573,0.0223955535939759,"PLAT","OPCs"
"STX8",14.3997653607352,0.464363586144439,0.162862760961649,2.85125699332696,0.00435467578240401,0.0223955535939759,"STX8","OPCs"
"GAA",4.36749678172042,0.757380515122092,0.265709716880237,2.85040578874828,0.00436634835129837,0.0224191195704165,"GAA","OPCs"
"NEDD4",10.2450490137035,0.568209826468878,0.199375368813147,2.84994997050713,0.00437261064091904,0.022437917542277,"NEDD4","OPCs"
"ARHGEF40",6.48330182782577,0.746997487674746,0.26218150858998,2.84916160446295,0.00438346088139925,0.0224802220945005,"ARHGEF40","OPCs"
"PCNX2",22.3184599574013,0.36141475498289,0.1269095276762,2.84781419961639,0.00440206165566329,0.0225622007378203,"PCNX2","OPCs"
"TMEM63B",5.87495406287531,0.642930277732323,0.225780957588879,2.84758415677829,0.00440524451164904,0.022565106388055,"TMEM63B","OPCs"
"PRDM4",1.9479459015006,-1.33109660448247,0.467682455232503,-2.84615467095238,0.004425069568175,0.0226532048042003,"PRDM4","OPCs"
"AXL",3.12204253261102,1.04985516644173,0.369068634616202,2.8446068507921,0.00444662690879179,0.0227500615155623,"AXL","OPCs"
"LINGO3",7.25577388824791,1.3850699012625,0.487012559577081,2.84401269335906,0.00445492731151846,0.0227790177766202,"LINGO3","OPCs"
"SLC12A5",2.22640807341796,-2.71147691953667,0.953961440392088,-2.84233387716618,0.00447845637712276,0.0228857610835669,"SLC12A5","OPCs"
"ZNF621",3.92234043150288,1.23502525657899,0.434684516719581,2.8411990974496,0.00449442434122685,0.0229537622068815,"ZNF621","OPCs"
"ATRAID",3.17205186580833,-1.06690553648384,0.375569500716752,-2.84076724666864,0.00450051463381413,0.0229712658173258,"ATRAID","OPCs"
"FHIP1B",2.4906015489443,-1.17711969494841,0.414439721000963,-2.84026755955103,0.00450757093709663,0.022993676465639,"FHIP1B","OPCs"
"SLC27A1",11.4856841643821,0.709334983994632,0.249877142431932,2.83873497628082,0.00452927578444779,0.023090740494472,"SLC27A1","OPCs"
"RAD51D",1.61929378390187,-1.50053393372436,0.529258585895135,-2.83516219427315,0.00458024254179544,0.0233367821414811,"RAD51D","OPCs"
"EPS8L2",1.84551919328079,-2.78019447214028,0.980939386913821,-2.83421637384465,0.00459382161632339,0.0233921518668273,"EPS8L2","OPCs"
"PRELID1",3.00959940689323,-1.01379212431132,0.358114927931353,-2.83091277475497,0.00464153770327915,0.0236211824356849,"PRELID1","OPCs"
"GAL3ST4",4.93730816605408,0.748631415469019,0.264539676864487,2.82994000878179,0.00465567329251469,0.0236791496587451,"GAL3ST4","OPCs"
"CXXC5",4.51862405092146,1.26592457009514,0.447388817469237,2.82958473851927,0.00466084555360557,0.0236914871805549,"CXXC5","OPCs"
"EIF1B-AS1",8.09004788743968,-0.65678716775206,0.232153868607365,-2.82910283465,0.00466786974592729,0.0237061280008151,"EIF1B-AS1","OPCs"
"EVL",19.9403633983087,-0.554436928912383,0.195982660359534,-2.8290101169933,0.00466922228998201,0.0237061280008151,"EVL","OPCs"
"GOSR1",8.86307328111027,0.517768010411759,0.183053214989552,2.82851088106435,0.00467651113082669,0.0237291676555947,"GOSR1","OPCs"
"EDNRB",5.48653320144535,-0.813683729148304,0.287697706015361,-2.82825935742727,0.00468018727507381,0.0237338597500216,"EDNRB","OPCs"
"NXPH1",147.029225084064,-0.520721074740738,0.184154800611387,-2.82762693675084,0.00468944198258646,0.0237668193547537,"NXPH1","OPCs"
"RRBP1",6.03524443791461,0.642885370473447,0.227667112062748,2.82379551727375,0.00474586524820928,0.0240386574463026,"RRBP1","OPCs"
"HLTF",8.76625711887265,-0.578353848828929,0.204854641743184,-2.82324014680605,0.00475409468569788,0.0240662093655105,"HLTF","OPCs"
"ING5",7.00702198887899,0.58603517400255,0.207620090229115,2.82263230574576,0.00476311643020433,0.0240977374351569,"ING5","OPCs"
"RCAN2",13.0175878819707,0.581735429484047,0.206154937524968,2.8218360252157,0.00477495848945353,0.0241434888218207,"RCAN2","OPCs"
"PCBD2",5.2599909393825,1.07039056261152,0.379375502650412,2.82145408739759,0.00478064801063286,0.0241580959225068,"PCBD2","OPCs"
"RBFOX3",2.21899148405297,-2.87770909456886,1.02037642319277,-2.82024263708925,0.00479873494562834,0.0242352972136944,"RBFOX3","OPCs"
"DLL1",6.47744143875028,0.826426890939762,0.293205189696967,2.81859571378627,0.00482342279886002,0.0243457256073531,"DLL1","OPCs"
"RTKN",15.9613110325311,0.788884988543161,0.279934440321784,2.81810622385849,0.00483078251607528,0.0243686140255353,"RTKN","OPCs"
"ENSG00000288075",2.60106272748178,-1.70103526636716,0.603891104486187,-2.81679139455856,0.00485060193829502,0.0244003987623172,"LOC105369250","OPCs"
"AIMP1",4.40456564369274,-0.826694518760356,0.293473535935325,-2.81693037883504,0.00484850345082403,0.0244003987623172,"AIMP1","OPCs"
"MEF2C-AS2",4.71295912079784,-1.07920900544094,0.383075679970194,-2.81722140524532,0.00484411197916348,0.0244003987623172,"MEF2C-AS2","OPCs"
"PCDH15",341.133669636139,-0.62001227773311,0.220116189173966,-2.81675000852887,0.00485122697395943,0.0244003987623172,"PCDH15","OPCs"
"TANC2",94.3414638591212,-0.260284153392947,0.0923881870452977,-2.81728824557765,0.00484310389370254,0.0244003987623172,"TANC2","OPCs"
"NDUFB8",11.4207513802676,-0.487617750886777,0.173221970985722,-2.81498789161664,0.0048779071742492,0.0245202956206723,"NDUFB8","OPCs"
"JDP2",3.74698635845512,1.14719141480626,0.407571820400995,2.81469757569986,0.004882315559924,0.0245281619219012,"JDP2","OPCs"
"NKAIN3",55.519317044059,-0.555638516779129,0.197432164570233,-2.81432621674707,0.00488795982050644,0.0245422243374206,"NKAIN3","OPCs"
"PJA1",1.76521278292893,-1.45688128574802,0.518154549662227,-2.81167324825716,0.00492845412781843,0.0247311491021302,"PJA1","OPCs"
"ENSG00000291041",4.21364890222478,-0.942730355058235,0.335322302192749,-2.811415610872,0.00493240276593621,0.0247365734063754,"ENSG00000291041","OPCs"
"DELEC1",4.77427089470887,4.57882287889302,1.6288612318144,2.81105768217753,0.00493789325169321,0.0247497194590968,"DELEC1","OPCs"
"CKLF",7.1334000005691,0.649216792323198,0.231101858496808,2.80922358887982,0.00496611435214156,0.0248767145189158,"CKLF","OPCs"
"PSME4",9.92383987708766,0.496433923626563,0.1767445590984,2.80876495524924,0.00497319408374862,0.0248859967589339,"PSME4","OPCs"
"TLCD5",3.18157795690249,-1.00541242036325,0.357959824183987,-2.80872978596191,0.00497373735362881,0.0248859967589339,"TLCD5","OPCs"
"ENSG00000285783",8.39219320859178,-0.652879440086228,0.232495873386408,-2.80813345448563,0.00498295722740623,0.0248863551499095,"ENSG00000285783","OPCs"
"MLYCD",3.01039904237207,1.05769217583511,0.37667383172856,2.80797891104183,0.00498534914201758,0.0248863551499095,"MLYCD","OPCs"
"TMX4",6.23126698003981,-0.788883352336271,0.280898651188474,-2.80842698602691,0.00497841701010841,0.0248863551499095,"TMX4","OPCs"
"TPTEP1",3.75962605276412,1.16073777214679,0.41336509730806,2.80802075382226,0.004984701426445,0.0248863551499095,"TPTEP1","OPCs"
"LHFPL2",11.073240959773,0.467978746922874,0.166766697785938,2.80618824463126,0.0050131396239624,0.0250106086733949,"LHFPL2","OPCs"
"ENSG00000286478",0.871798395293285,-2.00951350618942,0.716249248824634,-2.80560644145461,0.0050221990974149,0.0250413233608676,"ENSG00000286478","OPCs"
"PI4KB",5.99883852667272,0.707715950640605,0.252576760901403,2.80198363505372,0.00507894499387034,0.0252978532568564,"PI4KB","OPCs"
"SLC25A23",4.17199450127102,0.924155728339014,0.329826206941271,2.80194753749077,0.00507951331334052,0.0252978532568564,"SLC25A23","OPCs"
"ANXA2R-OT1",2.15545173167428,-1.30556255615498,0.466012558293537,-2.8015608869764,0.00508560433957238,0.0253047197173873,"ANXA2R-OT1","OPCs"
"NRG1",2.5587781128498,-2.28151825969446,0.814395264152131,-2.80148763152467,0.00508675909922903,0.0253047197173873,"NRG1","OPCs"
"PRPF40A",10.5540571545636,0.500433372300882,0.178712787999712,2.80021020265034,0.00510693394217277,0.0253320369092481,"PRPF40A","OPCs"
"ARF5",3.90336324989492,-0.991126284267204,0.353891653417002,-2.80064894070651,0.00509999667192362,0.0253320369092481,"ARF5","OPCs"
"FAM91A1",3.4851385403449,0.821234981030626,0.293273643775793,2.80023451973904,0.00510654922031258,0.0253320369092481,"FAM91A1","OPCs"
"MMS19",6.66332680233985,0.802102632937435,0.286426898436234,2.80037467610956,0.00510433231002535,0.0253320369092481,"MMS19","OPCs"
"CHADL",4.79997287871876,0.828140642734011,0.295715236581913,2.80046659856371,0.00510287880760135,0.0253320369092481,"CHADL","OPCs"
"ANAPC11",3.10490505826845,-0.999786907606168,0.357141384049422,-2.79941488793641,0.00511953110462131,0.0253799283381973,"ANAPC11","OPCs"
"CRTAC1",8.68494704772003,-0.636917209898037,0.227559928601589,-2.79889879475726,0.00512772063488142,0.0254059265918938,"CRTAC1","OPCs"
"NFRKB",3.50732745371288,0.828720477261381,0.29636253438226,2.79630648654282,0.00516903557792749,0.0255959247389222,"NFRKB","OPCs"
"CDKN2B-AS1",8.09603928266745,1.06756501912628,0.381839417987948,2.79584812053107,0.00517637200963193,0.0256175473064171,"CDKN2B-AS1","OPCs"
"PPP2R5A",4.72035754387791,-0.831464706735055,0.29774492100598,-2.79254035274831,0.00522959443780927,0.0258661018466415,"PPP2R5A","OPCs"
"IP6K2",10.577632689892,-0.572527834374185,0.205086837860933,-2.79163616907687,0.00524422866285479,0.0259236197397051,"IP6K2","OPCs"
"TAF12",3.36225561318766,0.833676582061726,0.298703088273943,2.79098748820821,0.0052547503521314,0.0259607540306331,"TAF12","OPCs"
"LRP4",22.3217631385775,0.538606117892778,0.193135344492733,2.78874961653145,0.00529119546391288,0.0261108993545266,"LRP4","OPCs"
"TUBG2",4.69120013253945,-0.81135483287898,0.290938085002565,-2.78875429070012,0.00529111910486572,0.0261108993545266,"TUBG2","OPCs"
"SACM1L",5.21727611868477,0.711019709081734,0.255001004402168,2.78830160198259,0.00529851902629846,0.0261320898346772,"SACM1L","OPCs"
"EPS15L1",9.29953426532234,-0.643505676127675,0.230807183796801,-2.78806606251133,0.00530237299183401,0.0261361539586058,"EPS15L1","OPCs"
"MIGA1",7.15593881835787,-0.692077837490286,0.248351256998526,-2.78668948913109,0.00532494756928874,0.0262324373116417,"MIGA1","OPCs"
"WWC1",4.1887998735868,0.815368095490495,0.292656960121551,2.78608817351155,0.00533483582087113,0.0262511658818222,"WWC1","OPCs"
"AQP4-AS1",6.4864933124884,-0.886275266675195,0.318104982545708,-2.78610935164414,0.00533448727845382,0.0262511658818222,"AQP4-AS1","OPCs"
"ENSG00000261448",0.846775940337591,-1.93409632381867,0.694286877147017,-2.7857307800002,0.00534072078311133,0.0262651410918576,"LOC102723692","OPCs"
"SERTAD2",3.75812342540731,0.901156955912592,0.323572497802348,2.78502333181313,0.00535238715504318,0.0262925350793864,"SERTAD2","OPCs"
"CLMN",4.86788122286087,0.922701338073708,0.331303340024761,2.78506500418845,0.00535169930774379,0.0262925350793864,"CLMN","OPCs"
"ENSG00000287811",1.6750874929703,-1.56952540056706,0.563620446343066,-2.78472048122207,0.00535738842809512,0.0263021244056622,"ENSG00000287811","OPCs"
"TUBB",5.58321024926992,-0.818387064297273,0.29393543359995,-2.78424092758789,0.00536531640637955,0.0263260633227702,"TUBB","OPCs"
"MSANTD2",5.10554229383133,-0.752579099494892,0.270336136912814,-2.78386422210956,0.00537155152731436,0.0263416733795416,"MSANTD2","OPCs"
"SLC39A6",8.66503365400435,0.566204509882491,0.203427033623394,2.78332972662183,0.00538040957118555,0.0263701210005946,"SLC39A6","OPCs"
"ENSG00000253809",2.11882340078169,-1.26736391323168,0.45570719656789,-2.78109260239185,0.00541762811270999,0.0265374560478344,"ENSG00000253809","OPCs"
"UNK",7.28094336647113,0.578083152341705,0.207880234788273,2.78084712060522,0.00542172625894875,0.0265424578375096,"UNK","OPCs"
"SBDS",2.26926587611324,-1.23323270218349,0.443684710690164,-2.77952490241361,0.0054438479375886,0.0266356394269082,"SBDS","OPCs"
"VCP",4.93078078973934,-0.753769264475798,0.271291399845783,-2.77844880045693,0.00546191201879738,0.0267088736247994,"VCP","OPCs"
"BTF3L4",6.36820879745092,-0.674309612394219,0.242810777659472,-2.77709918354571,0.00548464396014907,0.0268038077361302,"BTF3L4","OPCs"
"IDI2-AS1",3.50091355210655,-1.08286516713118,0.389950813540313,-2.77692757530106,0.00548754051263691,0.0268038077361302,"IDI2-AS1","OPCs"
"ATP11A",5.16572539546382,0.781700119890326,0.28158868849461,2.77603523092259,0.00550262454178252,0.0268622746448308,"ATP11A","OPCs"
"PCP4",3.36657704873151,-3.7726917100651,1.35930844623556,-2.7754493253633,0.00551254892579984,0.0268955017160348,"PCP4","OPCs"
"PHC2",16.2542319368761,0.426821327265394,0.153820724483063,2.77479727585336,0.00552361268238847,0.026934247031251,"PHC2","OPCs"
"SH3KBP1",18.1543852884092,0.416535451308566,0.150124769385967,2.77459511186767,0.00552704700035926,0.0269357669068356,"SH3KBP1","OPCs"
"APLP2",14.5167276594575,0.450113291745924,0.162272835116227,2.77380555669427,0.00554047825986507,0.0269859771143964,"APLP2","OPCs"
"ENSG00000288002",1.08011958818736,-1.70198461281562,0.613747804209147,-2.77310094006567,0.00555248947960161,0.0270139730688345,"ENSG00000288002","OPCs"
"GNB2",6.16067039583789,0.841136468799977,0.3032999838366,2.77328227374101,0.00554939613884929,0.0270139730688345,"GNB2","OPCs"
"SIPA1L2",14.1482251463954,-0.514764503383915,0.185648491130069,-2.77279120476805,0.00555777680101151,0.0270244547269026,"SIPA1L2","OPCs"
"P2RY14",8.30083134705741,-0.790003411059222,0.285101531849149,-2.7709546347763,0.00558922132408798,0.0271467472644048,"P2RY14","OPCs"
"NOL4",36.3096044337237,-0.311466155327981,0.112397781488176,-2.77110589910306,0.00558662542455246,0.0271467472644048,"NOL4","OPCs"
"CLPB",1.93778413554234,-1.31447039176196,0.474461671550851,-2.77044589811736,0.00559795991758251,0.0271738898419059,"CLPB","OPCs"
"BTG1",5.0516112523512,-0.755803035572617,0.272851426662673,-2.77001679931481,0.00560534014930796,0.0271791254232324,"BTG1","OPCs"
"CPB2",0.902887578995299,-2.11788740320817,0.764532677465852,-2.77017250620103,0.00560266107382264,0.0271791254232324,"CPB2","OPCs"
"U2SURP",23.5923541807822,0.351056642575796,0.126766099032311,2.76932591012614,0.00561724145981438,0.027206246396608,"U2SURP","OPCs"
"AADAT",2.09224223537828,-1.26346510903726,0.456211513221475,-2.769472212824,0.00561471933728411,0.027206246396608,"AADAT","OPCs"
"ENSG00000249112",6.52070020879323,-1.19122153523161,0.430261939951377,-2.76859611465106,0.00562983772775656,0.027236668670571,"ENSG00000249112","OPCs"
"RAP2A",5.83213681404415,-0.751080300753234,0.271277324685099,-2.76868072783118,0.0056283759996894,0.027236668670571,"RAP2A","OPCs"
"ELAPOR1",2.28238357180265,-2.10783274704395,0.761411389577092,-2.76832311139277,0.00563455630859142,0.0272442167701287,"ELAPOR1","OPCs"
"ELAVL3",10.8165474588906,0.531446584355912,0.192048040059064,2.76725856818151,0.00565298994335122,0.0273180343144805,"ELAVL3","OPCs"
"PPP2CB",6.52782933984018,0.598290495706493,0.21624246794014,2.76675761891559,0.00566168319152522,0.0273447252016218,"PPP2CB","OPCs"
"CCDC136",3.58902230996994,-0.898849203227361,0.324947386035604,-2.76613766367973,0.00567245831131269,0.0273814355866722,"CCDC136","OPCs"
"RBFOX2",29.903143071264,-0.359317220378232,0.129907340302242,-2.7659500959857,0.00567572197077286,0.0273818667337174,"RBFOX2","OPCs"
"PYGO1",7.89326098700223,0.561931587527487,0.203194431944566,2.7654871353994,0.00568378469021848,0.0274054369691585,"PYGO1","OPCs"
"LNX1",6.13029332964945,-1.16898292983306,0.422765839587281,-2.76508369496992,0.0056908192549798,0.0274240261974613,"LNX1","OPCs"
"SUPT5H",5.53603541792581,0.640403770534328,0.23162650981971,2.76481207195496,0.00569555981558176,0.0274315460464591,"SUPT5H","OPCs"
"CHCHD10",6.89791188255025,-0.63624897160201,0.230293745331899,-2.76277139305303,0.00573128926475169,0.0275882261148148,"CHCHD10","OPCs"
"TRMT1L",4.63652805688364,0.743864615069732,0.269333986898292,2.76186686885022,0.00574719078067017,0.0276493405878756,"TRMT1L","OPCs"
"VASH1-AS1",2.51805013187879,-1.27761936414954,0.462632466441869,-2.76162927771971,0.00575137421998209,0.0276540434902818,"VASH1-AS1","OPCs"
"SEPTIN3",3.3583337045678,0.855828204461995,0.310069958835941,2.76011325855278,0.00577813259237815,0.0277672265971331,"SEPTIN3","OPCs"
"TBC1D16",1.44690675719741,-1.5193621491612,0.551800659304011,-2.75346200397365,0.00589686147128735,0.0283220083804703,"TBC1D16","OPCs"
"GANAB",4.06688389126167,0.881226093223718,0.32013169610671,2.75269866726966,0.00591062720394729,0.0283723262444348,"GANAB","OPCs"
"SNCAIP",4.34865350045371,-1.06593535143344,0.387411103552915,-2.75143211347799,0.00593353167356994,0.0284552630892475,"SNCAIP","OPCs"
"ZNF446",1.05803123189534,-1.74159497571663,0.632989956718752,-2.75137852857032,0.00593450246899563,0.0284552630892475,"ZNF446","OPCs"
"ENSG00000283294",3.98086146265261,-1.27339842274734,0.462932311412166,-2.75072271119478,0.00594639548536013,0.0284964485870647,"ENSG00000283294","OPCs"
"ABCB7",9.0141598811971,0.504959835121101,0.183613047213832,2.7501304661266,0.0059571540919713,0.0285321550235116,"ABCB7","OPCs"
"RAB40B",4.43464773928666,0.731387172671523,0.265971344039698,2.74987207855881,0.0059618534026091,0.0285388165654307,"RAB40B","OPCs"
"CGGBP1",10.7554791923684,-0.520091843919451,0.18921062659803,-2.74874542339719,0.00598238301146051,0.0286212067980357,"CGGBP1","OPCs"
"SRSF4",9.68413837679059,0.653453109838865,0.237826849750244,2.74760024162576,0.00600331546388849,0.0286260913164744,"SRSF4","OPCs"
"VTA1",6.10428217508334,0.756876645517488,0.275460780256339,2.74767480442461,0.0060019505458554,0.0286260913164744,"VTA1","OPCs"
"PPFIA1",10.4978377960323,0.641659669942442,0.233513945427671,2.74784304109662,0.00599887189688048,0.0286260913164744,"PPFIA1","OPCs"
"NDRG2",19.956634147982,0.933508228808746,0.339652139541626,2.74842440288629,0.00598824421040732,0.0286260913164744,"NDRG2","OPCs"
"SMARCD2",5.03028622402381,0.79764126212902,0.290247109742415,2.74814540905128,0.00599334228731288,0.0286260913164744,"SMARCD2","OPCs"
"TMEM94",6.67161556921542,0.705961313452286,0.256917088738447,2.74781765945895,0.00599933627730454,0.0286260913164744,"TMEM94","OPCs"
"SRGAP3",22.590081806011,-0.5029901400268,0.183154382836195,-2.74626319194693,0.0060278385003603,0.0287234218953995,"SRGAP3","OPCs"
"NPSR1-AS1",4.85025353135273,-4.73428838066408,1.72398896232406,-2.7461245310306,0.00603038685979231,0.0287234218953995,"NPSR1-AS1","OPCs"
"PMPCB",7.6420154962523,0.578332106279508,0.210723746399339,2.74450372187063,0.00606024672629735,0.0288497175833559,"PMPCB","OPCs"
"REV1",10.5252687694195,0.509346409442642,0.185649022893642,2.74359865462068,0.00607697850217481,0.0288926214759458,"REV1","OPCs"
"ORC4",11.4190538128089,-0.586407690701494,0.21372303819991,-2.74377388437172,0.00607373582441046,0.0288926214759458,"ORC4","OPCs"
"DOCK4",58.8270826980519,-0.401175129857972,0.146228941575902,-2.74347284152185,0.00607930767201966,0.0288926214759458,"DOCK4","OPCs"
"TRIM8",3.47676860416746,0.802083035555612,0.292520654834036,2.74197060036899,0.0061071807538829,0.0290091085809438,"TRIM8","OPCs"
"TNFAIP6",1.90992778803307,-1.45403036293507,0.53038222002749,-2.74147644477921,0.0061163746077531,0.0290231324622292,"TNFAIP6","OPCs"
"CCDC148",2.43365730685554,-1.08287952829633,0.39501053513064,-2.74139404392897,0.00611790890246602,0.0290231324622292,"CCDC148","OPCs"
"ABHD14A",2.39034865822603,-1.18974220489837,0.434011383509073,-2.74126958440366,0.00612022698223916,0.0290231324622292,"ABHD14A","OPCs"
"KIDINS220",23.9255532267303,-0.4113565409936,0.150073260421235,-2.74103820919849,0.006124538487004,0.0290273017492428,"KIDINS220","OPCs"
"AUP1",12.255495677292,0.747524125920636,0.2727332893672,2.74086132886474,0.00612783636510214,0.0290273017492428,"AUP1","OPCs"
"GALNT17",4.21930384924647,-1.88518435147002,0.688132788871769,-2.73956477871209,0.00615205900189264,0.0291260488201569,"GALNT17","OPCs"
"VWC2",21.0404724949495,-0.463548297016773,0.169220287659534,-2.73931869179551,0.00615666621409769,0.0291318720585884,"VWC2","OPCs"
"HES4",1.39817418111835,-1.53119809934195,0.559070240539134,-2.73882955720439,0.00616583296469003,0.0291592517288466,"HES4","OPCs"
"ENSG00000290767",0.77079653861223,-1.87191815236274,0.683576936085659,-2.73841619508381,0.00617358926207211,0.0291799347806214,"DNM1P46","OPCs"
"IFT20",5.92621190539321,-0.710132648694573,0.259505644388848,-2.73648247754679,0.00620999021081967,0.0293293853923929,"IFT20","OPCs"
"CRTC1",5.0136343682652,0.721820635590255,0.263787123813603,2.73637554841497,0.00621200870761673,0.0293293853923929,"CRTC1","OPCs"
"SILC1",12.7112500094428,-0.459477866003902,0.167939207205291,-2.73597734352903,0.00621953080179309,0.0293460392086539,"SILC1","OPCs"
"RAD23A",6.44408897766896,0.778119734483153,0.284418291342767,2.73582873594231,0.00622234010116252,0.0293460392086539,"RAD23A","OPCs"
"ABCD4",5.57512975776024,0.734719128773091,0.268574916364412,2.7356208044991,0.00622627278489054,0.0293485404603638,"ABCD4","OPCs"
"WBP1L",1.9790316781752,-1.20186131225907,0.439421218263653,-2.73510076961725,0.0062361181942582,0.0293788943438947,"WBP1L","OPCs"
"PCCB",4.32700783537304,-0.796047300825678,0.291128285735602,-2.73435231074948,0.00625031277740457,0.0294136377620796,"PCCB","OPCs"
"RAPGEF2",25.8445917901144,-0.388174237596732,0.141956469145382,-2.73445965466492,0.0062482752063184,0.0294136377620796,"RAPGEF2","OPCs"
"RAB11B",6.10978339275797,-0.71523544831044,0.261621162864893,-2.73385929669536,0.006259678711938,0.0294416513463344,"RAB11B","OPCs"
"PRKCA-AS1",6.7764589644602,-0.78446813856195,0.286979642639339,-2.73353235563063,0.0062658966737225,0.0294548363528775,"PRKCA-AS1","OPCs"
"DNAH11",6.12310295265393,-0.790963259580872,0.289442232905518,-2.73271544252861,0.00628145752817017,0.0295119023082766,"DNAH11","OPCs"
"MTX3",3.62091040137446,-0.910339534947568,0.3331888333182,-2.73220301497374,0.00629123617725745,0.0295394408379999,"MTX3","OPCs"
"RNFT2",2.59019904605738,-1.09594026638467,0.401142166878363,-2.73204952476858,0.0062941678947651,0.0295394408379999,"RNFT2","OPCs"
"C12orf57",3.02495167583505,0.992102929655312,0.363189201579854,2.73164214502996,0.00630195495668606,0.0295599040002033,"C12orf57","OPCs"
"SLC43A2",2.5605547175127,-1.20040822349887,0.439554484858951,-2.73096570470455,0.00631490426582615,0.029604545759248,"SLC43A2","OPCs"
"RXRA",12.2913634585132,0.638575301824012,0.233963969918351,2.72937453594612,0.00634545897984059,0.0297316290929413,"RXRA","OPCs"
"KRIT1",11.5687002518097,0.528513796000298,0.193750238262895,2.72780978613905,0.00637563606711018,0.0298568060341435,"KRIT1","OPCs"
"ACADL",0.867751440275539,-1.94765560158263,0.714360911573134,-2.72643081393352,0.00640233731532721,0.0299655787748305,"ACADL","OPCs"
"MFSD6",5.66166748565972,0.640589008931919,0.23497616117797,2.72618722563409,0.00640706439558551,0.0299714411476793,"MFSD6","OPCs"
"LRPAP1",7.00770617053415,-0.825761606083793,0.303125258033394,-2.7241596805266,0.00644653300300489,0.0301397255739405,"LRPAP1","OPCs"
"SPATA13",10.2068311014335,0.882986635850296,0.324160452803095,2.72391844290349,0.00645124351541372,0.030145409839631,"SPATA13","OPCs"
"CARM1",2.99828449710504,-1.04202384989671,0.382633410845501,-2.72329551043169,0.00646342149526155,0.030185963085071,"CARM1","OPCs"
"CRIM1",11.0092374327861,0.492622385189187,0.180925302476093,2.7227943159265,0.00647323457511354,0.0302068057293443,"CRIM1","OPCs"
"DGCR5",2.6653093702691,-2.11880960793911,0.778198800945705,-2.72270993654094,0.00647488798905144,0.0302068057293443,"DGCR5","OPCs"
"RP9P",5.67430642720125,0.637057839688569,0.234052401002108,2.72185987821945,0.00649156608506496,0.03025189035644,"RP9P","OPCs"
"PAXIP1-DT",2.6129377880164,-1.03912350397129,0.38175678602736,-2.72195162471013,0.00648976416567022,0.03025189035644,"PAXIP1-DT","OPCs"
"UBE2Q2P2",5.34662928793775,-0.724183476776733,0.266079940594849,-2.72167633214945,0.00649517231737471,0.0302523522730423,"UBE2Q2P2","OPCs"
"EDA",3.47522466484284,-0.933278123311796,0.342978744641968,-2.72109609674511,0.00650658438277158,0.0302891510446776,"EDA","OPCs"
"PPM1L",15.6122154234019,-0.437706951430816,0.160869408393412,-2.72088370189307,0.00651076627025329,0.0302922706834978,"PPM1L","OPCs"
"RNF13",15.8535046337351,-0.407451008043229,0.149801628671654,-2.7199371038636,0.00652943345287354,0.0303627455334162,"RNF13","OPCs"
"STMN1",10.073600395457,-0.581947605821629,0.213995748820579,-2.71943535808065,0.00653934753020641,0.0303924632519184,"STMN1","OPCs"
"RPL26",15.5815702452742,-0.503408955346287,0.185149046146549,-2.71893896200701,0.00654916922261907,0.0304217198246161,"RPL26","OPCs"
"KAT2B",87.9116329212326,0.480440444012726,0.176907794947948,2.71576752259043,0.00661223308108842,0.0306816151465673,"KAT2B","OPCs"
"SPOCK3",40.2071521704034,-0.333827747018905,0.122915213955567,-2.71591885394741,0.00660921150556617,0.0306816151465673,"SPOCK3","OPCs"
"RAF1",11.7288072031112,0.494610946522568,0.182196542518226,2.7147109362577,0.00663336417195621,0.0306855021129882,"RAF1","OPCs"
"PRICKLE2",10.4640533584574,-0.624873349928484,0.230111577150575,-2.71552330250466,0.00661711195027754,0.0306855021129882,"PRICKLE2","OPCs"
"C2CD3",3.75686021471453,-0.916304775191374,0.337468860377728,-2.71522763364228,0.00662302296093126,0.0306855021129882,"C2CD3","OPCs"
"ZMYM2",35.6959670084381,0.266543746378396,0.0981868429354217,2.71465848590023,0.00663441472765164,0.0306855021129882,"ZMYM2","OPCs"
"FBXL3",5.71308064167324,0.77562757061529,0.285670704828841,2.71511064139393,0.00662536318014831,0.0306855021129882,"FBXL3","OPCs"
"NOMO1",4.02642886778854,0.757235059323753,0.278923520738619,2.71484834738395,0.00663061260169126,0.0306855021129882,"NOMO1","OPCs"
"ENDOD1",3.88139602308401,1.29528562943895,0.477249681282752,2.71406284852299,0.00664635556075992,0.0307242567347883,"ENDOD1","OPCs"
"SLC24A3",50.1092435829783,-0.397519732496361,0.146520695272458,-2.71306201323414,0.00666646297468343,0.0308007014566788,"SLC24A3","OPCs"
"GIT1",5.67045685353548,0.873315778878331,0.322093797277365,2.71137099273692,0.00670056093935059,0.0309416695197206,"GIT1","OPCs"
"SYT1",11.8144372254051,-2.14790424912263,0.792263734080164,-2.71109752564453,0.00670608986963024,0.0309420757279137,"SYT1","OPCs"
"SLC23A2",12.3080419896663,0.444704362840056,0.164036304039856,2.71101184242731,0.00670782304790152,0.0309420757279137,"SLC23A2","OPCs"
"PUM3",18.3256273136423,0.720557303811322,0.265849556082922,2.71039498590161,0.00672031255312752,0.0309831192321101,"PUM3","OPCs"
"IMMP2L",37.3088381090558,-0.378460566273339,0.139686236815839,-2.7093618877592,0.00674127653528924,0.031063168479383,"IMMP2L","OPCs"
"TMEM65",4.77131924956724,-0.75668417639218,0.279307955334721,-2.70913936370116,0.006745799756538,0.0310653942752073,"TMEM65","OPCs"
"MIR181A2HG",4.59600094888417,-0.885326561325637,0.326811309150902,-2.7089838586854,0.00674896230833974,0.0310653942752073,"MIR181A2HG","OPCs"
"ENSG00000291042",4.31112239465836,-0.918579399290678,0.339164711343903,-2.70835782310874,0.00676170766586833,0.0311074615070828,"ENSG00000291042","OPCs"
"PRRC2C",10.6753226173967,0.457827703269779,0.169144582636429,2.7067240116928,0.00679507212708345,0.0312106200552134,"PRRC2C","OPCs"
"HS3ST1",5.30665391891141,0.95569129136248,0.35305698596755,2.70690378422456,0.00679139371832486,0.0312106200552134,"HS3ST1","OPCs"
"MAP3K3",5.29692239311767,0.753026101286481,0.278223451968484,2.70655150009346,0.00679860364986621,0.0312106200552134,"MAP3K3","OPCs"
"PLA2G4C",6.4865616411631,0.840533826572655,0.3105439818736,2.70664986486447,0.00679658980101075,0.0312106200552134,"PLA2G4C","OPCs"
"NFASC",18.460707746093,0.480688287240687,0.177624320404872,2.70620760797293,0.00680564846242234,0.0312263423600293,"NFASC","OPCs"
"UVSSA",4.82363839349828,0.780088896880073,0.288382276993609,2.70505145119359,0.00682938107323516,0.0313185758307956,"UVSSA","OPCs"
"CAPZA2",11.9835112507348,0.510730127063781,0.188858039105182,2.70430705244873,0.0068447007904289,0.0313554907160062,"CAPZA2","OPCs"
"FIBP",3.60241651192772,0.797127829881859,0.294753483839632,2.70438815344268,0.00684303023546125,0.0313554907160062,"FIBP","OPCs"
"FAM110B",32.258512330906,-0.32726089723476,0.121094575976098,-2.70252316915793,0.00688153882075041,0.03150751266868,"FAM110B","OPCs"
"STUB1",5.84225366677199,0.688098161754742,0.254655340379522,2.70207630725217,0.00689079458364772,0.0315331533573184,"STUB1","OPCs"
"CGRRF1",2.94317213309634,-1.17437124042378,0.434823137191859,-2.70080209624541,0.00691724851130253,0.0316374261179722,"CGRRF1","OPCs"
"CHD5",3.12474586902352,-2.47893094704632,0.918055814499053,-2.70019633653644,0.00692985667002788,0.0316782955143935,"CHD5","OPCs"
"PFKFB3",3.86082322429509,1.15624122592497,0.428414159598132,2.69888657977497,0.00695718827640594,0.0317863909281132,"PFKFB3","OPCs"
"RAB26",6.62104687768606,-1.11036316494992,0.411535350406043,-2.6980991155544,0.00697366740951807,0.0318123693992575,"RAB26","OPCs"
"NARS1",3.52626886829921,1.12608068700786,0.41735263541125,2.69815161439737,0.00697256768519153,0.0318123693992575,"NARS1","OPCs"
"NAPA",4.93067803790361,0.666917369743022,0.247181640002032,2.69808619174765,0.0069739381560394,0.0318123693992575,"NAPA","OPCs"
"CLTA",9.17073841128189,0.570064974574979,0.211426916202826,2.69627436663791,0.00701198844735978,0.0319690340100029,"CLTA","OPCs"
"COPG2IT1",3.32129066983025,-0.913959141096923,0.339112239817673,-2.69515232357382,0.00703564594816635,0.032059948203319,"COPG2IT1","OPCs"
"COX7C",14.1656405599738,-0.682489985045674,0.253339191994187,-2.69397711295035,0.00706050127680551,0.0321562217601501,"COX7C","OPCs"
"HSP90AB1",26.7215538487069,0.596230945140452,0.221406483600662,2.69292450448668,0.00708283051434675,0.0322408949956491,"HSP90AB1","OPCs"
"MVD",5.0590891229888,0.884479248884665,0.328540719273977,2.69214498233042,0.00709940754837438,0.0322993088144923,"MVD","OPCs"
"SEPTIN10",5.59271649733487,0.693103704019029,0.257485710016636,2.69181425242686,0.00710645124827775,0.0323143112639135,"SEPTIN10","OPCs"
"DCTN2",4.52373678547789,-0.839487065384343,0.311942801549005,-2.69115703653274,0.00712046688819425,0.032360983865945,"DCTN2","OPCs"
"TAP1",3.93443475040511,0.783472706287124,0.291360903374176,2.68901111032375,0.00716640339793918,0.0325354714266439,"TAP1","OPCs"
"STARD13",8.72268310902987,-0.676493006729003,0.251576368359576,-2.68901650477003,0.00716628758963711,0.0325354714266439,"STARD13","OPCs"
"ADD2",5.25138783677794,-1.23607887643145,0.45973563087487,-2.68867321438456,0.00717366071758446,0.0325501317144411,"ADD2","OPCs"
"IFTAP",2.89763708943172,-1.16640394471018,0.433847806098078,-2.68850949184354,0.00717717951783757,0.0325501317144411,"IFTAP","OPCs"
"DPF1",6.62299607572097,0.584963373350544,0.217628753812632,2.68789561628502,0.00719038701312805,0.0325928945744837,"DPF1","OPCs"
"GRIN1",6.04295237586001,-2.25647564465004,0.839733636771622,-2.68713261662962,0.00720683330962438,0.0326016398123027,"GRIN1","OPCs"
"ENSG00000272368",9.39482988425071,0.879911282292949,0.327469871189549,2.68699920116813,0.00720971251712411,0.0326016398123027,"ENSG00000272368","OPCs"
"WIPF2",7.79623219841906,0.584852971919342,0.217665903254161,2.68692966227434,0.00721121362878199,0.0326016398123027,"WIPF2","OPCs"
"CELF4",4.85210794882321,-1.88753430569143,0.702384850907799,-2.68732206176128,0.00720274671215072,0.0326016398123027,"CELF4","OPCs"
"DOP1B",2.95484769531838,-1.34034208333627,0.498831072708832,-2.68696590221963,0.00721043129482369,0.0326016398123027,"DOP1B","OPCs"
"GABPB1",2.73832756015941,0.954183352118657,0.355228992082144,2.68610775974617,0.00722897701241341,0.032664827506065,"GABPB1","OPCs"
"OST4",4.19404031633522,-0.831772979435658,0.309759302919021,-2.68522356422369,0.00724813054261208,0.0327170978862228,"OST4","OPCs"
"PDE9A",8.32526133047001,0.73829379216523,0.274940015417201,2.68529042978674,0.00724668050403554,0.0327170978862228,"PDE9A","OPCs"
"FBXL2",9.97194169871131,-0.577076383524484,0.214947309360388,-2.68473415760203,0.00725875168573407,0.0327479037872082,"FBXL2","OPCs"
"UGT8",11.0169728932798,-0.646890217045606,0.2410131293426,-2.68404554892963,0.00727371957922091,0.0327843898827719,"UGT8","OPCs"
"CTSB",6.55978890207752,0.69053183928134,0.257275947553584,2.68401242264405,0.0072744403240929,0.0327843898827719,"CTSB","OPCs"
"INO80D",8.44901667776929,0.559282339917687,0.208412078378349,2.68354091696342,0.00728470605496283,0.0328135114517542,"INO80D","OPCs"
"RALY",5.24003495423677,0.637781332239517,0.237681473287805,2.68334474461642,0.0072889809927028,0.0328156315464793,"RALY","OPCs"
"MEGF11",77.7304720780627,0.522041251560431,0.194570131758585,2.68304927812949,0.00729542397155579,0.0328275050488473,"MEGF11","OPCs"
"DRAM2",4.18334673814118,-0.815823406571335,0.304171511444424,-2.68211642404387,0.00731579945307078,0.0328677531678065,"DRAM2","OPCs"
"PTPN5",2.68138170413388,-1.52256505886958,0.567646543006231,-2.68224140114752,0.00731306673336754,0.0328677531678065,"PTPN5","OPCs"
"TSC22D3",7.68998572300852,-0.631199633169891,0.235316000006498,-2.68234898244259,0.00731071511984632,0.0328677531678065,"TSC22D3","OPCs"
"SGCE",22.4070129080062,0.43812188203761,0.163423730513898,2.68089512251313,0.00734255240510224,0.0329707741001624,"SGCE","OPCs"
"ME1",13.0955188074704,-0.467683397774325,0.174528213614425,-2.67970082365909,0.00736879870339712,0.0330714139518749,"ME1","OPCs"
"PACRGL",5.73842141532206,0.662109005907632,0.247108433694041,2.67942698680785,0.00737482847902767,0.0330781872142119,"PACRGL","OPCs"
"DYNC1I1",14.6029268806203,-0.724897077158516,0.270556260323615,-2.67928406569288,0.00737797730119913,0.0330781872142119,"DYNC1I1","OPCs"
"ST3GAL6",25.7115371847926,0.620860606976158,0.231836666230304,2.67800869065035,0.00740612966778408,0.033187155591847,"ST3GAL6","OPCs"
"PPID",3.07649952887119,0.853545191654349,0.318777248914968,2.67755994055281,0.00741605817797672,0.0332143914035447,"PPID","OPCs"
"TMSB10",7.77905821690264,0.59620411372707,0.22275650549128,2.67648351015458,0.0074399226766905,0.0332999306873216,"TMSB10","OPCs"
"DCBLD2",8.89080404538361,0.756866857947546,0.282798116605652,2.6763504192744,0.00744287808545745,0.0332999306873216,"DCBLD2","OPCs"
"RPL22",6.88140426854442,-0.613362927072965,0.229207555279354,-2.67601530990289,0.0074503241695906,0.0333159648972983,"RPL22","OPCs"
"RHOQ",6.72490073393655,0.743991248294422,0.278327875589255,2.6730748643818,0.00751594751705861,0.0335920017005946,"RHOQ","OPCs"
"PLPP3",22.9178715196503,0.537293828393862,0.201124887175251,2.67144377774437,0.00755257233546028,0.0337218721108065,"PLPP3","OPCs"
"ZNF514",2.49616936882139,-1.09042520398166,0.408179940661909,-2.67143260938647,0.00755282366312058,0.0337218721108065,"ZNF514","OPCs"
"MICAL2",2.32512789593413,-3.43476120098168,1.28623588749493,-2.67039757977148,0.0075761480746849,0.0338085117911184,"MICAL2","OPCs"
"SPCS3",4.50654465951787,-0.758393864385262,0.284058423944771,-2.66985169407514,0.0075884756116978,0.0338110488773271,"SPCS3","OPCs"
"RNF34",6.30374197675152,0.62207790972519,0.232987761470939,2.67000251771929,0.00758506781990818,0.0338110488773271,"RNF34","OPCs"
"VSTM2B-DT",8.67695384796068,0.533704260569711,0.199896221720033,2.66990669447069,0.00758723274375143,0.0338110488773271,"VSTM2B-DT","OPCs"
"PUS7L",14.8021482752314,-0.639081825521466,0.239511335045651,-2.66827382261326,0.00762420927951117,0.033952725474994,"PUS7L","OPCs"
"COL9A3",13.3154779441603,-0.682714956129842,0.255907414634002,-2.66782014544697,0.00763451147681519,0.0339810608870009,"COL9A3","OPCs"
"SNAPC3",6.38345313640739,-0.656173887793145,0.246017740420063,-2.66718118243327,0.00764904234789909,0.0340281791093232,"SNAPC3","OPCs"
"SUSD4",15.1580258977112,-0.443511624335584,0.166355797555662,-2.66604248756155,0.00767499925319895,0.0341260533804609,"SUSD4","OPCs"
"PRXL2A",4.61847881340061,0.845513069091512,0.317252370568521,2.66511190310836,0.00769627080978053,0.0341898951403016,"PRXL2A","OPCs"
"MCRIP1",6.8743376132036,0.783644136762255,0.294042872706962,2.66506761258322,0.00769728453077506,0.0341898951403016,"MCRIP1","OPCs"
"RPRM",2.34287376784719,-1.09726697102503,0.412007832672003,-2.66321871579214,0.00773970896721167,0.0343586466298162,"RPRM","OPCs"
"NCKAP1",22.5041070327381,-0.448354929930554,0.168371423231886,-2.66289208301736,0.00774722556167314,0.0343586466298162,"NCKAP1","OPCs"
"PTPRM",25.1283343563393,-0.441911357918581,0.165950918169306,-2.66290396457906,0.00774695202416739,0.0343586466298162,"PTPRM","OPCs"
"CLDN16",2.03427885075802,-1.26098160043541,0.47357348028212,-2.66269470934946,0.00775177076764681,0.034361138048161,"CLDN16","OPCs"
"NUP43",2.2595578785116,1.25764602331188,0.472372545032784,2.66240287784846,0.00775849556784119,0.0343732833940411,"NUP43","OPCs"
"C11orf58",19.0702769593002,-0.462387410948886,0.173783315873408,-2.66071232802182,0.00779755459548303,0.0345285964787662,"C11orf58","OPCs"
"PAN2",3.52455189247613,0.791111750189056,0.297397294433337,2.66011750946304,0.00781133932444977,0.034571889693537,"PAN2","OPCs"
"CHD8",7.61163776027742,0.55850919082954,0.209985299103603,2.65975376949593,0.0078197796350933,0.0345914969909307,"CHD8","OPCs"
"C11orf80",5.72746366831891,-1.70956390511983,0.643439618193235,-2.65691427257814,0.00788594935635796,0.0348484626782499,"C11orf80","OPCs"
"GPC5",66.425853880805,-0.980038322546794,0.368859799699435,-2.65693990872786,0.00788534971208678,0.0348484626782499,"GPC5","OPCs"
"AFAP1L2",12.9366062497616,0.737308789072214,0.277597715824174,2.65603334264902,0.00790657964637654,0.034903866954782,"AFAP1L2","OPCs"
"DGCR2",12.4087445708524,-0.47652799075227,0.179402393082822,-2.6561964005256,0.00790275739063222,0.034903866954782,"DGCR2","OPCs"
"SLC4A7",10.1087912298476,0.836310609284489,0.314957615593876,2.65531159710986,0.00792351804721104,0.0349428766233346,"SLC4A7","OPCs"
"STIMATE",2.25175151321249,-1.18153175379019,0.44494593035799,-2.65545018658687,0.00792026301890352,0.0349428766233346,"STIMATE","OPCs"
"FABP7",14.1622782717856,-0.764644015212559,0.288058937912376,-2.65447071614614,0.00794329338128738,0.0349764414022384,"FABP7","OPCs"
"ENSG00000284634",4.84292673100581,-0.823286455880262,0.310124773212811,-2.65469426176836,0.00793803186062601,0.0349764414022384,"LOC374443","OPCs"
"KSR2",15.0781385566319,-0.692272707735832,0.260791650843736,-2.6545048719778,0.00794248926448128,0.0349764414022384,"KSR2","OPCs"
"NFIX",9.70923049204682,0.685419306752937,0.258239864473587,2.65419635403751,0.00794975522193237,0.0349870349716269,"NFIX","OPCs"
"SPANXA2-OT1",3.2966324436015,-1.10570746964721,0.416667230922503,-2.65369433348326,0.00796159111654546,0.0350212569971041,"SPANXA2-OT1","OPCs"
"KCNK1",5.94114766291411,-0.674187444803318,0.254073413037246,-2.65351433959162,0.00796583858684899,0.0350220813711312,"KCNK1","OPCs"
"SDHA",4.89411299019018,0.675466544650738,0.254623366115599,2.65280659412882,0.00798255954739909,0.0350420145831372,"SDHA","OPCs"
"M6PR",3.93413999854793,0.910166284889928,0.343084904212142,2.6528893393897,0.00798060301401829,0.0350420145831372,"M6PR","OPCs"
"PYGB",5.7537633563899,0.691867334980869,0.260784010661636,2.65302820224878,0.00797732053034557,0.0350420145831372,"PYGB","OPCs"
"GRIPAP1",4.36815363216276,0.77746070919169,0.293174888770682,2.65186664673662,0.00800481502145707,0.035121838441042,"GRIPAP1","OPCs"
"DPYSL3",14.8239116791977,0.468772644191586,0.176811428607915,2.65125760185505,0.00801926524454733,0.0351673523128954,"DPYSL3","OPCs"
"ATP6V1G2",3.13017005983714,-1.07405638156572,0.405212657214027,-2.65059929013624,0.0080349106375879,0.0352001722497883,"ATP6V1G2","OPCs"
"SNTG1",295.30046758876,-0.259099602169468,0.0977461615719804,-2.65073940503195,0.00803157838866966,0.0352001722497883,"SNTG1","OPCs"
"NLGN3",23.8261065852652,0.683895697841421,0.258161263474845,2.64910269122563,0.00807058044116419,0.0353384908048134,"NLGN3","OPCs"
"NBPF11",7.50811741509903,0.608679570632468,0.229934728632255,2.64718415636099,0.00811651394837729,0.0355215876807217,"NBPF11","OPCs"
"ABCD3",11.4543150843547,0.499621048956603,0.188764565468466,2.6467946868983,0.00812586714011279,0.0355444878045705,"ABCD3","OPCs"
"ENSG00000229195",3.27507997059088,-1.27671497183983,0.48245367329851,-2.64629547353427,0.00813786996304509,0.0355609251779265,"ENSG00000229195","OPCs"
"C6orf62",9.24714498551582,0.71278746319488,0.269341208227544,2.64641072892457,0.00813509741509837,0.0355609251779265,"C6orf62","OPCs"
"APTR",2.60798072605761,0.897673828833292,0.339330191663795,2.64542870303359,0.00815874783785566,0.0356341057465027,"APTR","OPCs"
"ZC3H6",7.18105622628898,0.748095380111945,0.282824720849714,2.64508483510345,0.00816704384763221,0.0356342540362547,"ZC3H6","OPCs"
"SLC15A2",1.5666448661957,-1.38083563403723,0.522029374762861,-2.64513014169844,0.00816595036853898,0.0356342540362547,"SLC15A2","OPCs"
"ZNF26",2.51670156771469,1.17236267990827,0.443391466446873,2.64408038635255,0.00819131999965671,0.0356860233924438,"ZNF26","OPCs"
"SLC7A6",3.50257169570429,-1.12438515962645,0.425202089085026,-2.64435473975672,0.00818468285083233,0.0356860233924438,"SLC7A6","OPCs"
"CXXC1",3.28730493489776,0.831561060670854,0.314487399357425,2.644179265592,0.00818892736127235,0.0356860233924438,"CXXC1","OPCs"
"SYVN1",3.70740380618203,0.842023052067968,0.318477904522909,2.64389786578553,0.00819573819919546,0.0356872477063403,"SYVN1","OPCs"
"LMCD1-AS1",33.2041317546806,-0.279061204234747,0.105610593626126,-2.64235996270088,0.00823305035411854,0.0358316308550084,"LMCD1-AS1","OPCs"
"MFN2",3.20701255585777,0.85732335542423,0.324487273069009,2.64208622826912,0.00823970753185952,0.0358425200049522,"MFN2","OPCs"
"EHD3",9.10024474899011,0.661112519912005,0.250246186826039,2.64184852643363,0.00824549230963597,0.0358496051728427,"EHD3","OPCs"
"ZNF37A",12.6563865794254,0.43232536696582,0.163727849626775,2.64051209339965,0.00827808381902072,0.0359731743188276,"ZNF37A","OPCs"
"XPO4",12.9013636652504,0.560187341513326,0.212188414006196,2.64004679113614,0.00828945813873883,0.0359930028740909,"XPO4","OPCs"
"ENSG00000262801",19.4771460144054,0.546079502399084,0.206862904789546,2.63981356616181,0.00829516458540375,0.0359930028740909,"ENSG00000262801","OPCs"
"GADD45GIP1",6.74364374692487,0.932868883811815,0.353366428412424,2.63994768264471,0.0082918826526799,0.0359930028740909,"GADD45GIP1","OPCs"
"FADS2",7.01469218477766,0.589016617335827,0.223186939877774,2.63911776225972,0.00831221010079484,0.0360349419947016,"FADS2","OPCs"
"MTERF2",4.11706440390342,-1.01202796737187,0.383477853545148,-2.63907800154808,0.00831318508804268,0.0360349419947016,"MTERF2","OPCs"
"SGCZ",151.149853210912,-0.384122505259714,0.145563414511921,-2.63886709821757,0.00831835843819995,0.0360392565986503,"SGCZ","OPCs"
"NAT8L",7.44052352051234,0.627707576223371,0.237956617554747,2.63790762649815,0.00834193016035437,0.0361232377325386,"NAT8L","OPCs"
"PEX7",3.87374437741964,0.820653366060029,0.311221127567529,2.6368819253184,0.00836719503411064,0.0361781575760593,"PEX7","OPCs"
"LHFPL3-AS1",4.18756171464463,-1.82959635375644,0.693847594543051,-2.63688505681333,0.00836711779567861,0.0361781575760593,"LHFPL3-AS1","OPCs"
"SLK",5.04997963000898,0.754487310207545,0.286126855516727,2.63689792013752,0.008366800528028,0.0361781575760593,"SLK","OPCs"
"PRKAA1",6.07022667617525,-0.659706408612635,0.250236958248578,-2.63632683689075,0.00838089639033881,0.0362192446207728,"PRKAA1","OPCs"
"P4HB",8.13688446375173,0.702129920653733,0.266396204870281,2.63566037284813,0.00839737336289664,0.0362722797337739,"P4HB","OPCs"
"USP8",9.23642443407088,0.504603648680608,0.191658458625994,2.63282743844508,0.00846773572571672,0.0365579020871033,"USP8","OPCs"
"CACNA1C",24.3853427044227,-0.472599447413454,0.179588826947947,-2.63156375285215,0.00849929192369039,0.0366757839588561,"CACNA1C","OPCs"
"USP30",4.26803135419708,0.944012129850989,0.358805057529844,2.63098891735234,0.00851368122643627,0.0367195071296196,"USP30","OPCs"
"KIAA1586",2.01482312845969,-1.16437971427339,0.442598490804668,-2.63078103171224,0.00851889038794871,0.0367236124370043,"KIAA1586","OPCs"
"LINC00938",7.28933299127049,0.629644132111207,0.239366572705273,2.63045973794542,0.00852694691626986,0.0367399820678041,"LINC00938","OPCs"
"PPM1B",26.0500301809576,0.306598763093001,0.116611460523709,2.62923353944841,0.00855775682517855,0.0368543237014429,"PPM1B","OPCs"
"STOML2",1.85091532552305,-1.25459514456946,0.477490331994801,-2.62747758541659,0.0086020508824731,0.0370127293276813,"STOML2","OPCs"
"TMTC1",3.8118345030755,-1.39332373022893,0.530298025359287,-2.62743526017267,0.00860312106445641,0.0370127293276813,"TMTC1","OPCs"
"POLR1A",4.49833966664925,0.68910832297954,0.26231636232477,2.62701234826658,0.00861382081181824,0.0370341198491366,"POLR1A","OPCs"
"ZNF44",5.53470064327318,-0.792470405659971,0.301675197814356,-2.62689943157886,0.00861667963566161,0.0370341198491366,"ZNF44","OPCs"
"KCNA2",3.13304347678856,-1.00049260316684,0.380932688929715,-2.62642884751599,0.00862860301426025,0.0370484467899497,"KCNA2","OPCs"
"SET",6.43624753903863,-0.816032852567425,0.310699293106934,-2.62643936008753,0.00862833649201646,0.0370484467899497,"SET","OPCs"
"EYA3",8.42319271622098,-0.640137760160058,0.243755583607845,-2.62614603811462,0.00863577576321738,0.0370607968823448,"EYA3","OPCs"
"DPF3",12.5750263461541,-0.494263908074104,0.188260313879745,-2.6254280463477,0.00865400976499568,0.0371205809213589,"DPF3","OPCs"
"TBCB",8.86772390467227,-0.650440481168485,0.247850934567553,-2.62432127723611,0.00868218450388971,0.0372229242199566,"TBCB","OPCs"
"TNS2-AS1",3.61514986572884,0.810185882954655,0.30882989952494,2.62340493650689,0.00870557356226181,0.0372943803852559,"TNS2-AS1","OPCs"
"EOLA2-DT",7.91357240444722,0.543672519719522,0.207245218374195,2.62332961881844,0.00870749850404654,0.0372943803852559,"EOLA2-DT","OPCs"
"LAMC1",6.91603230291705,0.571986716002294,0.218112524009585,2.62243866371084,0.00873029808768871,0.0373632479253286,"LAMC1","OPCs"
"AARS1",4.15301438716285,0.717235359397455,0.273507291193243,2.62236284915235,0.00873224064658734,0.0373632479253286,"AARS1","OPCs"
"XPNPEP3",3.90162114986122,0.732181843828105,0.279269089565397,2.62177903386135,0.00874721240074734,0.0374087526865873,"XPNPEP3","OPCs"
"ENSG00000286068",1.96690397697345,-1.15591596013676,0.441137102560303,-2.62030999756758,0.00878498688597756,0.0375516832896147,"ENSG00000286068","OPCs"
"SPRED2",17.7589773168094,0.427391895695197,0.163149562585154,2.61963249501282,0.00880245710074256,0.0376077240965851,"SPRED2","OPCs"
"PLCD1",2.70591411080823,1.17272150212401,0.44781221102005,2.61877964303994,0.00882449303738255,0.0376409029708425,"PLCD1","OPCs"
"CDKAL1",28.7149317180119,-0.322610076983252,0.123212651337407,-2.61831941348143,0.00883640488244333,0.0376409029708425,"CDKAL1","OPCs"
"CIBAR1",4.40018013375257,-0.828348864263254,0.316336989811373,-2.6185646666145,0.00883005535636441,0.0376409029708425,"CIBAR1","OPCs"
"ALG8",2.71899861270297,-0.972116092979437,0.371189970223486,-2.61891799607125,0.0088209149346441,0.0376409029708425,"ALG8","OPCs"
"NUP107",8.09401461752529,0.728051671288327,0.278044166984439,2.61847489621702,0.00883237901048372,0.0376409029708425,"NUP107","OPCs"
"CERS4",9.79302781029297,0.5060865926443,0.193242050694749,2.61892580225062,0.00882071308892951,0.0376409029708425,"CERS4","OPCs"
"COQ3",1.14985288637643,-1.59011752560865,0.607638536727018,-2.61688064449245,0.00887373637796839,0.0377812685075791,"COQ3","OPCs"
"ECHDC2",13.4061792404654,-0.460163424416821,0.175897833578746,-2.61608352447851,0.00889447970907294,0.037814388204541,"ECHDC2","OPCs"
"DCLK2",30.7659747867988,-0.345583498413687,0.132099928250958,-2.61607635211702,0.00889466655077832,0.037814388204541,"DCLK2","OPCs"
"ILF3",9.13285465101955,0.569556532231839,0.217699340202895,2.61625290963681,0.00889006820474213,0.037814388204541,"ILF3","OPCs"
"CLCN7",6.78318253112902,0.581957376664581,0.222477732550501,2.61580055672529,0.00890185374544217,0.0378263006936868,"CLCN7","OPCs"
"TRAM1L1",2.32357131748092,-1.34927680910215,0.516168095492792,-2.61402597503432,0.00894822332941202,0.0379672279584398,"TRAM1L1","OPCs"
"C18orf32",7.8750836251848,-0.69858761900486,0.267235686692374,-2.61412548470381,0.00894561745702313,0.0379672279584398,"C18orf32","OPCs"
"LINC00320",10.0848183734351,-0.754248776608934,0.288534900269611,-2.61406428097312,0.00894722012666772,0.0379672279584398,"LINC00320","OPCs"
"AKNA",4.51918039754027,0.792118796679569,0.303060973851542,2.61372748398677,0.00895604401976744,0.0379817284732124,"AKNA","OPCs"
"NECTIN1",3.76182892846363,-0.886834292089323,0.339323288262578,-2.61353795264139,0.00896101305192763,0.0379841270692519,"NECTIN1","OPCs"
"MTMR9",7.11973804032226,0.622290043954138,0.238118661856506,2.61336108267372,0.00896565235558397,0.037985126335593,"MTMR9","OPCs"
"BMP1",3.34167141385373,0.797097363061582,0.305045652587888,2.6130428553868,0.00897400486708936,0.038001848789157,"BMP1","OPCs"
"ENSG00000262877",3.40277657725259,0.902757615331227,0.345568595895019,2.61238326067533,0.00899133938145421,0.0380565718863709,"ENSG00000262877","OPCs"
"POLR3GL",2.1689326413646,-1.27407565031838,0.487775059664699,-2.61201474957369,0.00900103707129969,0.038078933681722,"POLR3GL","OPCs"
"DNAJB12",2.5310945417716,0.917262743518801,0.351434594547706,2.61005250407778,0.00905283271452453,0.0382792818605336,"DNAJB12","OPCs"
"VWC2L",5.76457169216283,-2.27212779664668,0.870839386936227,-2.60912383010195,0.00907743874099659,0.0383597652860544,"VWC2L","OPCs"
"HNRNPD-DT",0.604477176055718,-2.34051006876533,0.897091336618426,-2.60899863060528,0.00908076057432449,0.0383597652860544,"HNRNPD-DT","OPCs"
"NXPH2",2.70719012514448,-4.07421058436617,1.56257519801362,-2.60736928983986,0.00912408983953516,0.0385239348780374,"NXPH2","OPCs"
"FRS2",10.3507787332401,-0.468901893332708,0.180009434924808,-2.60487398079202,0.00919080572105683,0.0387676724449077,"FRS2","OPCs"
"HIF3A",46.123444492537,1.04378734429032,0.400690206654969,2.60497343572242,0.00918813833372076,0.0387676724449077,"HIF3A","OPCs"
"C2orf68",2.28409305232439,-1.07250503041388,0.411905372189809,-2.60376558021599,0.00922057989931512,0.0388580766222019,"C2orf68","OPCs"
"URGCP",9.82716494320891,0.525784108264396,0.201934123845162,2.60374075590886,0.00922124772149865,0.0388580766222019,"URGCP","OPCs"
"AHI1-DT",5.18605034089253,0.794397345020354,0.305454150599375,2.6007089557027,0.00930313434147504,0.0391840023581854,"AHI1-DT","OPCs"
"LETM1",1.59480503158001,-1.34208811611001,0.516239519802276,-2.59973919978859,0.0093294633324562,0.0392757202077927,"LETM1","OPCs"
"NUBPL",12.6426487050533,0.578358537508265,0.222556207613359,2.59870773190488,0.00935754075503158,0.0393747056355622,"NUBPL","OPCs"
"DYNC2LI1",7.30011066124224,-0.763786360976431,0.293984559631341,-2.59804923746412,0.00937550492928465,0.0394310607118524,"DYNC2LI1","OPCs"
"THOC1",10.555376337564,0.489315031561528,0.188356640515905,2.59781141891947,0.00938200033836017,0.039439149570514,"THOC1","OPCs"
"NAA10",4.83280338369594,0.82359083427799,0.317058855182276,2.59759606400051,0.00938788567385276,0.0394446672297389,"NAA10","OPCs"
"OSBPL8",17.5599454458841,-0.507371689318309,0.19534671841061,-2.59728800896382,0.00939631009326376,0.0394608426798896,"OSBPL8","OPCs"
"FAM234A",2.57188453840204,-1.10966013438351,0.427693597887075,-2.59452126444149,0.00947227539512897,0.0397605097607701,"FAM234A","OPCs"
"UBE2D3",20.8567295881476,0.422605254031825,0.162907738865443,2.59413860246925,0.00948282498306518,0.0397854320544359,"UBE2D3","OPCs"
"EZH1",7.82997093168,0.78465577954809,0.302529104716167,2.59365385781396,0.00949620392730097,0.039822194981477,"EZH1","OPCs"
"ZNF559",4.93969902915151,-0.711829537489544,0.274570118253545,-2.59252369492089,0.00952746180108095,0.0399338607852888,"ZNF559","OPCs"
"PRPF40B",7.81094422327463,0.587126573545242,0.226535092712654,2.59176874767909,0.00954839310084922,0.0400021558464912,"PRPF40B","OPCs"
"NPEPPS",17.9844496856461,0.420944847460833,0.1624372514373,2.59143049846122,0.00955778452854781,0.0400220627879871,"NPEPPS","OPCs"
"PRKG1",7.44384082517731,-1.91578977252357,0.739620363395652,-2.59023394613966,0.00959107272327099,0.0401419666719726,"PRKG1","OPCs"
"COQ5",1.71881526347138,-1.47505388097234,0.569605452606026,-2.58960632175088,0.00960857458870381,0.0401957150349947,"COQ5","OPCs"
"DPH5-DT",3.64287349156129,-0.840677798727518,0.324696529728419,-2.589118520702,0.00962219701552696,0.040233190235548,"DPH5-DT","OPCs"
"ENSG00000226824",6.2261011996766,0.635721107803275,0.245585656038687,2.58859217617795,0.00963691512529593,0.0402752082707377,"LOC100996437","OPCs"
"AP3B1",15.1659726069906,0.374940616706438,0.144883869668013,2.58786997866345,0.00965714251037804,0.0403072358905953,"AP3B1","OPCs"
"TMED7",3.52247197812133,-0.965085100657956,0.372933900974515,-2.58781810432382,0.00965859686828894,0.0403072358905953,"TMED7","OPCs"
"CBFA2T2",13.4145804484144,-0.481573777366712,0.186089397713244,-2.58786251814731,0.00965735166267193,0.0403072358905953,"CBFA2T2","OPCs"
"TM2D1",6.37348592765703,-0.658012820436587,0.254447277466126,-2.5860477934341,0.00970834678570983,0.0404952608189231,"TM2D1","OPCs"
"SCFD1",24.7721835764292,0.468831820394641,0.181427187766091,2.58413210372358,0.00976243939119161,0.0406676446589137,"SCFD1","OPCs"
"ST8SIA3",4.63866143344746,0.847363042751606,0.327882639780027,2.58434860509874,0.00975631269006404,0.0406676446589137,"ST8SIA3","OPCs"
"CHST8",3.39543639617754,0.927779283469151,0.359036120548958,2.58408341213858,0.00976381777053214,0.0406676446589137,"CHST8","OPCs"
"NPC2",2.99614628275279,0.821439360034044,0.317913937586123,2.58384192360712,0.00977065648048074,0.0406764878381404,"NPC2","OPCs"
"LYPLAL1",14.8883788421769,-0.401990081228119,0.155608363297699,-2.58334496108709,0.00978474338740326,0.0407154830968358,"LYPLAL1","OPCs"
"MRPS21",9.18629553720792,-0.497911437712555,0.1927892539756,-2.58267215337413,0.00980384364312511,0.0407556410918541,"MRPS21","OPCs"
"RAB11FIP3",7.80768902968903,0.69797399394242,0.270238366802129,2.58280865963597,0.00979996569904891,0.0407556410918541,"RAB11FIP3","OPCs"
"PDK4-AS1",2.56372843086091,-1.17106749948863,0.453598112482909,-2.58172921637268,0.00983066847826489,0.0408474693128675,"PDK4-AS1","OPCs"
"B4GALT6",11.6649091206473,-0.483694055147314,0.187410230774406,-2.58093730074724,0.00985324753880618,0.0409215759603958,"B4GALT6","OPCs"
"ENSG00000255910",3.35060561627612,-2.09308190149857,0.811086117066751,-2.58059145318389,0.00986312281619578,0.0409428765218984,"ENSG00000255910","OPCs"
"TXLNGY",3.43980129905369,-1.15602551252248,0.448116378298823,-2.57974394265856,0.00988735979218294,0.0410237448616498,"TXLNGY","OPCs"
"AKAP13",17.7374752776655,0.415246027245159,0.160997576295896,2.57920669862744,0.00990275128089869,0.0410678521870347,"AKAP13","OPCs"
"SHC4",3.66581128838349,-0.840556094359064,0.325967143041507,-2.57865282530035,0.00991864152544156,0.0411139845259293,"SHC4","OPCs"
"HDGFL3",7.25407181247775,-0.600258565050571,0.23288620398464,-2.57747584348174,0.00995248376715555,0.0412344500362554,"HDGFL3","OPCs"
"DNMT1",5.23871406919151,0.727064653955408,0.282154675113102,2.57683007968577,0.00997109534492296,0.0412917275301514,"DNMT1","OPCs"
"ASCC3",20.7663063850835,0.33452343828574,0.129851936214164,2.57619137641516,0.00998953392031228,0.0413482339715037,"ASCC3","OPCs"
"PRPF31",3.81404993078515,-0.94611488408748,0.367394471637648,-2.57520174397346,0.0100181633756675,0.0414468476155912,"PRPF31","OPCs"
"ACTN4",9.09865498474669,0.532847031964589,0.206948297603013,2.57478335476209,0.0100302890797131,0.041477120614384,"ACTN4","OPCs"
"CHN2",4.16474053358238,-1.73135740219452,0.672563313653956,-2.57426678952836,0.0100452781399357,0.0414781815283785,"CHN2","OPCs"
"AHCYL2",16.6066532977627,-0.409788539007154,0.15919609275217,-2.57411178831567,0.0100497796654662,0.0414781815283785,"AHCYL2","OPCs"
"HEATR5A",5.10608227032541,-0.698084061507913,0.271160883151647,-2.5744275995646,0.0100406098133081,0.0414781815283785,"HEATR5A","OPCs"
"PPM1D",4.35851430106862,0.733974947948279,0.285098563146375,2.5744603545106,0.0100396591718226,0.0414781815283785,"PPM1D","OPCs"
"ZC3H15",7.37953839595917,0.631265904266733,0.245325498421292,2.57317689489689,0.0100769688369219,0.04157050845877,"ZC3H15","OPCs"
"RBMS1",16.7556779475029,0.40766168942808,0.158486095656247,2.57222368776305,0.0101047580435597,0.0416652212637407,"RBMS1","OPCs"
"ENSG00000233635",7.81422487680002,-1.02756232748416,0.399665367565486,-2.57105671613087,0.0101388721038792,0.0417859105437467,"ENSG00000233635","OPCs"
"SFXN4",3.86224878217621,0.697850763137234,0.271455480149826,2.57077426748601,0.0101471443178056,0.0417955704787826,"SFXN4","OPCs"
"HERC2P3",2.43640365897972,1.23315889377368,0.479707806294674,2.57064587566077,0.0101509065793009,0.0417955704787826,"HERC2P3","OPCs"
"RANBP2",8.47378738016166,0.68954039785845,0.268326469250583,2.56978150453919,0.0101762675607863,0.041877642506004,"RANBP2","OPCs"
"SHARPIN",3.97309567081203,-0.821327027380184,0.319627800006828,-2.56963576811103,0.0101805490766393,0.041877642506004,"SHARPIN","OPCs"
"VPS39",4.5844111949337,-0.77315580151305,0.30093871890328,-2.56914698225169,0.0101949205778323,0.0419167706884564,"VPS39","OPCs"
"COPB1",7.91896174725155,0.634948207479802,0.247168945370233,2.56888342719882,0.0102026772343326,0.0419286773813019,"COPB1","OPCs"
"AGK",5.99387291214785,-0.608417341623681,0.236880142601952,-2.56846072001084,0.0102151288487988,0.0419598578332089,"AGK","OPCs"
"WDR43",5.93393293777126,0.638502595351279,0.248676823594554,2.5675999319997,0.01024052676685,0.0420241597958362,"WDR43","OPCs"
"AP3M2",2.27729924363858,-1.08321902447583,0.421855066997048,-2.56775160290634,0.0102360475764534,0.0420241597958362,"AP3M2","OPCs"
"ANO5",13.4268536335284,-0.437559309853396,0.170466704105105,-2.566831523789,0.0102632464490121,0.0420973675079306,"ANO5","OPCs"
"JAG1",5.18839185967003,1.18021340050028,0.45991245836999,2.56616966777364,0.0102828516351101,0.0421377093607886,"JAG1","OPCs"
"MORC4",2.3948501142896,-1.0791027199065,0.420494304612799,-2.5662719044439,0.0102798210536248,0.0421377093607886,"MORC4","OPCs"
"SF3B1",17.4211829953728,0.536924620501121,0.20929651897322,2.56537769063337,0.0103063550102764,0.0422139688122718,"SF3B1","OPCs"
"DGKH",12.857822050791,0.833919985009988,0.325100588027296,2.56511373932049,0.0103141988661939,0.0422260462362546,"DGKH","OPCs"
"KANSL3",5.82826282476082,0.77918126865716,0.303825202144587,2.56457088864655,0.010330347491864,0.042272095571546,"KANSL3","OPCs"
"BMP8B",1.75870875724093,-1.37426686600054,0.536011256680513,-2.56387687548074,0.0103510256427858,0.0423366274038266,"BMP8B","OPCs"
"SS18L1",3.30448308805173,-1.00303189471628,0.391414984341887,-2.56257919303407,0.0103897889953808,0.0424750331157131,"SS18L1","OPCs"
"SETBP1",19.305697705248,-0.617520331264357,0.241026501716834,-2.56204328928875,0.0104058347423961,0.0425204786773607,"SETBP1","OPCs"
"RBBP4",9.32365123324935,0.520604168840948,0.203220274201926,2.56177279006946,0.0104139422579246,0.0425334592409362,"RBBP4","OPCs"
"CISD1",7.81119704396109,0.550335991230668,0.214980196943333,2.55993807362513,0.0104690816498549,0.0427354165331572,"CISD1","OPCs"
"KDM2A",17.1403663785019,0.669386913628616,0.261499884389077,2.55979812454776,0.0104732982322159,0.0427354165331572,"KDM2A","OPCs"
"THRB",51.4753467797026,-0.394511660253318,0.154140548584245,-2.55942815746305,0.010484452397594,0.04276070278092,"THRB","OPCs"
"DNM3",137.110164225764,0.27069156642262,0.105793435943058,2.55868016772151,0.0105070358837139,0.0428325574352157,"DNM3","OPCs"
"DAAM1",14.796684883099,-0.700244363540312,0.273817410923041,-2.5573405328017,0.0105475906369881,0.0429775705406987,"DAAM1","OPCs"
"CEP57",8.40692182756429,0.509603500425817,0.199439914642853,2.55517307725683,0.0106135009222194,0.0432257124433734,"CEP57","OPCs"
"ENSG00000271774",3.89702919306904,-1.01805576086996,0.398755969118231,-2.55307967707965,0.0106775067272419,0.0434658674040533,"ENSG00000271774","OPCs"
"BCLAF3",7.98809826398028,0.516499185214412,0.202372232767498,2.55222358399242,0.010703780540758,0.0435522693134803,"BCLAF3","OPCs"
"SWT1",4.26796686745057,-0.814154581083984,0.319211694016435,-2.55051615070864,0.0107563540168003,0.0437455491508344,"SWT1","OPCs"
"NR3C1",25.6874723528744,-0.309393195624951,0.121442538129694,-2.547650933436,0.0108450927560722,0.044085659808614,"NR3C1","OPCs"
"ENSG00000283674",48.8881678356724,-0.805558307420582,0.316283661920143,-2.54694884500222,0.0108669361768454,0.0441536464726653,"LOC729732","OPCs"
"PLEKHA3",3.80945017038295,0.739131502465253,0.29024698566539,2.54656047769384,0.010879035876038,0.0441819978656799,"PLEKHA3","OPCs"
"ZFHX2",3.17389548585846,-0.854110966231774,0.335442715997116,-2.54622004145447,0.0108896521154523,0.0442043007754784,"ZFHX2","OPCs"
"LRRC4C",687.848329335139,-0.248381088271064,0.0975553658252151,-2.54605255354252,0.0108948784742039,0.0442047138845168,"LRRC4C","OPCs"
"ITM2C",33.2464193884439,-0.548843405390051,0.21567718065278,-2.54474489943207,0.0109357597336923,0.044349724242045,"ITM2C","OPCs"
"COPS6",6.8938240638146,-0.598502072810983,0.235212766882346,-2.54451355147043,0.0109430065527118,0.0443582587047424,"COPS6","OPCs"
"MCMBP",4.43322070609295,-0.707237837636423,0.277997810132536,-2.5440410386659,0.0109578209584385,0.0443974464948287,"MCMBP","OPCs"
"ETV5",18.3121571183489,0.340439670137626,0.133839499996083,2.54364122809476,0.0109703698920482,0.0444274228585952,"ETV5","OPCs"
"NEK7",14.1041396035425,-0.453290016551181,0.178242618781221,-2.54310680380857,0.0109871639156787,0.0444745546394391,"NEK7","OPCs"
"G3BP1",7.73418715839089,0.501469951560092,0.197264570166989,2.54211869437875,0.011018274948964,0.0445795683441667,"G3BP1","OPCs"
"RAMP1",34.7032176650068,0.536017764559506,0.210905923742934,2.54150170392009,0.0110377408203999,0.0446373897406326,"RAMP1","OPCs"
"PCYT1B",3.42522479206194,-0.881868929414616,0.34711684801858,-2.54055351806897,0.0110677153713615,0.0447376348609953,"PCYT1B","OPCs"
"CALCRL-AS1",12.0082254558445,-0.864755400935345,0.340450625975875,-2.54003175484431,0.0110842404519448,0.0447834464348835,"CALCRL-AS1","OPCs"
"NYAP2",3.17919152714748,-4.50906585574689,1.77682655004096,-2.53770738378654,0.0111581236393147,0.044997650543585,"NYAP2","OPCs"
"ISCA1",3.38927023717385,-0.896243581086741,0.353130895219767,-2.53799254955864,0.0111490357915845,0.044997650543585,"ISCA1","OPCs"
"NRG3",185.182574492524,-0.374627059060381,0.147620664508495,-2.5377684100509,0.0111561782615801,0.044997650543585,"NRG3","OPCs"
"S100B",30.5163393341157,-0.743283148358861,0.292866124267052,-2.53796218398101,0.0111500031886447,0.044997650543585,"S100B","OPCs"
"DLG2-AS2",4.56321591728282,-0.790346725082526,0.311466581093108,-2.53750088471374,0.0111647085923838,0.0450031665036927,"DLG2-AS2","OPCs"
"PCBP1-AS1",13.8632163398525,0.50241887094171,0.198023060230925,2.53717355118042,0.0111751538517205,0.045024230324587,"PCBP1-AS1","OPCs"
"KPNB1",11.8332346064515,0.527860339582233,0.208091618514173,2.53667275669866,0.011191151071775,0.0450676326541228,"KPNB1","OPCs"
"TNFRSF12A",1.62440019968089,3.84378598191626,1.515460855907,2.53638090811376,0.011200483167425,0.0450841660299619,"TNFRSF12A","OPCs"
"PPP1R13B",6.48243609383001,0.581476564483971,0.229486409581507,2.53381699397519,0.0112827639123383,0.0453941798077565,"PPP1R13B","OPCs"
"ZNF594-DT",3.82561201545205,-1.24322398661241,0.490730838158749,-2.53341320728295,0.011295770977634,0.0454253242205458,"ZNF594-DT","OPCs"
"ARL6IP6",6.55971777255863,-0.65919488346152,0.260411558643334,-2.53135800459752,0.0113621811952143,0.0456710973857963,"ARL6IP6","OPCs"
"NSMCE1",1.9661758681929,-1.14232503682886,0.451396616511866,-2.53064598856786,0.0113852694406616,0.0457425869562865,"NSMCE1","OPCs"
"PPP2R3A",8.86024148818375,-0.628660285249556,0.248508537353445,-2.5297331510001,0.0114149305625127,0.0458204566431325,"PPP2R3A","OPCs"
"PSMA1",10.052248358532,-0.463981138154363,0.183419353189179,-2.52961931272221,0.0114186343522821,0.0458204566431325,"PSMA1","OPCs"
"ADNP",15.0070847824303,0.436830541564321,0.17269037290059,2.52955931605859,0.0114205868053252,0.0458204566431325,"ADNP","OPCs"
"LIAS",1.43970274771043,-1.37291134346107,0.542807011554854,-2.52928078347479,0.0114296548877364,0.0458355197868965,"LIAS","OPCs"
"LINC01102",6.6071862459772,-0.926153835164783,0.366506222861204,-2.52697983661663,0.0115048107709247,0.0461154729135672,"LINC01102","OPCs"
"SYTL4",2.73071645036864,1.21653529470331,0.481569051055075,2.52619077583575,0.0115306846902475,0.0461977176674755,"SYTL4","OPCs"
"CXXC4",7.2800598496104,-0.709909509287644,0.281143580707725,-2.52507813801255,0.0115672566972654,0.0463227280736357,"CXXC4","OPCs"
"SETD6",3.56846980337957,0.83411272851886,0.330377317271391,2.52472759149404,0.0115788003397913,0.0463474393183481,"SETD6","OPCs"
"DDHD2",6.61511111193124,0.55173870765098,0.21864136363685,2.52348731490434,0.0116197252718822,0.0464896800534584,"DDHD2","OPCs"
"CDH4",13.2658657250592,-0.589508297715729,0.233764200561274,-2.52180742945371,0.011675360426669,0.04669061615227,"CDH4","OPCs"
"ZBTB38",6.85320249308326,-0.575759173756988,0.228386383514353,-2.52098730623669,0.0117026073619449,0.0467778920779132,"ZBTB38","OPCs"
"ZMYM1",2.25905504098893,-1.03592476378084,0.411310377285975,-2.5185962255958,0.0117823684162167,0.047068985242938,"ZMYM1","OPCs"
"BLTP1",23.598717811214,0.336119496971124,0.133478665681722,2.51815146079297,0.0117972578362198,0.047068985242938,"BLTP1","OPCs"
"FBXO8",1.18275966907401,-1.52079001286688,0.603870438505715,-2.51840447204221,0.0117887857172182,0.047068985242938,"FBXO8","OPCs"
"CDKL3",4.81356062097619,-0.695182058004568,0.276056193909508,-2.51826285133979,0.0117935272422,0.047068985242938,"CDKL3","OPCs"
"CPNE1",7.92032641481306,0.600090292951526,0.23850705027093,2.51602748124158,0.0118685928085493,0.0473317066881861,"CPNE1","OPCs"
"AGBL5",2.63918554505414,-0.96463132097807,0.383622950843844,-2.51452974556449,0.0119191247475419,0.0475112615860889,"AGBL5","OPCs"
"TMEM161B-DT",59.3559914977953,0.225661074197519,0.0897756203649326,2.51361197260704,0.0119501835645233,0.0476130639388352,"TMEM161B-DT","OPCs"
"NHLRC3",7.10073349380846,-0.572715539025693,0.228026401825348,-2.51161941968611,0.0120178616670146,0.0478606069896896,"NHLRC3","OPCs"
"RPS6",17.0657274743776,-0.509946060656631,0.203053685826372,-2.51138539338152,0.0120258327471781,0.0478656978803267,"RPS6","OPCs"
"TAB3",3.45859613088918,0.885164103269483,0.352478625101153,2.51125611663817,0.0120302380019184,0.0478656978803267,"TAB3","OPCs"
"PHIP",30.389644742728,0.280423697663266,0.111682215027289,2.51090737764063,0.0120421288220892,0.0478909189577417,"PHIP","OPCs"
"HAPLN2",3.03345056658141,0.92321382834699,0.367734656653625,2.51054343571588,0.012054549118605,0.0479182215193949,"HAPLN2","OPCs"
"RANBP9",13.4207497924242,0.430819208907025,0.171704490803257,2.50907362347713,0.0121048252097829,0.0480959107598284,"RANBP9","OPCs"
"NFIB-AS1",1.99394810446471,-1.16921238899293,0.466040964190844,-2.5088189211499,0.01211355637193,0.0481084425710258,"NFIB-AS1","OPCs"
"NEU4",8.93129010915513,-0.688142535548062,0.274413356591336,-2.50768601097236,0.0121524600459134,0.0482185466219175,"NEU4","OPCs"
"TSHZ3",9.10262394381698,-0.559122725052281,0.222955470222476,-2.50777755977173,0.0121493121903353,0.0482185466219175,"TSHZ3","OPCs"
"GTF3C3",4.451589066924,0.694771702771377,0.277162619299284,2.50672945914526,0.0121853938136716,0.0483047826455565,"GTF3C3","OPCs"
"ALDH6A1",3.23360338980953,0.77043093623227,0.307338415387017,2.5067837200309,0.0121835235152952,0.0483047826455565,"ALDH6A1","OPCs"
"VSIG10",3.18329255586296,-0.892906758890793,0.356300306427933,-2.50605105519716,0.0122087989521698,0.048375332917509,"VSIG10","OPCs"
"LDLRAD4",22.2836062257009,-0.53137423553634,0.21206817080054,-2.50567651680328,0.0122217376977006,0.0484043661066873,"LDLRAD4","OPCs"
"ACADSB",4.49570119774575,0.680436142628946,0.271681629965759,2.50453496879677,0.0122612484191124,0.0485385630395885,"ACADSB","OPCs"
"CRACDL",8.55901626111898,1.95420866656569,0.780459077434967,2.50392201598619,0.0122825103142657,0.0486004284269982,"CRACDL","OPCs"
"SPART-AS1",1.95295322486643,-1.13247577125514,0.452472817347807,-2.50285923891121,0.0123194529831631,0.0487106216844495,"SPART-AS1","OPCs"
"NAA60",4.51801156401879,0.65393417485746,0.261281448083459,2.50279604485573,0.0123216527377079,0.0487106216844495,"NAA60","OPCs"
"MRRF",4.21398761187545,-0.711255969951054,0.284255271914504,-2.50217336396484,0.0123433465713972,0.0487740300159743,"MRRF","OPCs"
"SH3PXD2A",2.71752982387543,-1.80085404650334,0.719814071358509,-2.50183223440545,0.0123552456624367,0.048798694635613,"SH3PXD2A","OPCs"
"SEC24B",8.50654925994926,-0.574324995181704,0.229739865688107,-2.49989262186391,0.012423095469318,0.0490442203745249,"SEC24B","OPCs"
"KLF7",8.2874735516788,-0.535357691531909,0.214283346902814,-2.49836349520299,0.0124768184402153,0.0491484492717122,"KLF7","OPCs"
"GNAI2",7.79111898835347,0.63296975460889,0.253341910337039,2.49848023079484,0.0124727099146281,0.0491484492717122,"GNAI2","OPCs"
"PEG10",2.74451165914369,-1.02462656038697,0.41004596131805,-2.49880905324227,0.0124611434020195,0.0491484492717122,"PEG10","OPCs"
"ENSG00000290737",2.32653711775138,-1.02257548360734,0.409303552797811,-2.49833033849203,0.0124779856138476,0.0491484492717122,"ENSG00000290737","OPCs"
"CALM1",23.5476475620775,-0.43337799872086,0.173424627946908,-2.498941493209,0.0124564874365358,0.0491484492717122,"CALM1","OPCs"
"ACAP2",21.8816091050244,0.329732525155967,0.132116552217405,2.49576998204869,0.0125684071155075,0.0494820081142711,"ACAP2","OPCs"
"CTBP2",6.68318575068731,-0.653027724840368,0.261780897218176,-2.49455835693051,0.0126113987117774,0.0496286155509998,"CTBP2","OPCs"
"PLEKHH1",7.38060137035393,0.639118064286144,0.256319359049758,2.49344437601404,0.0126510404595244,0.0497619129064556,"PLEKHH1","OPCs"
"SQLE",3.80382516267392,0.95578671726323,0.383402227588482,2.49290861786308,0.0126701450192499,0.0498143440911804,"SQLE","OPCs"
"EFNA5",3.80179037809323,-2.75417116572548,1.10512518520428,-2.49218025486984,0.0126961586177354,0.0498893451842971,"EFNA5","OPCs"
"BAIAP3",3.21266633615837,-3.28699893882642,1.31899357494343,-2.49205075844845,0.0127007885491209,0.0498893451842971,"BAIAP3","OPCs"
"ENSG00000285667",2.16705612783533,-1.019500804094,0.409254022969316,-2.49111981037371,0.0127341170769818,0.0499974938124921,"ENSG00000285667","OPCs"
