"ID","Description","setSize","enrichmentScore","NES","pvalue","p.adjust","qvalue","rank","leading_edge","core_enrichment"
"GOBP_REGULATION_OF_MEMBRANE_POTENTIAL","GOBP_REGULATION_OF_MEMBRANE_POTENTIAL",35,-0.66060384986834,-2.53407535205395,1.26740610495831e-08,3.8148923759245e-06,3.14183302860717e-06,114,"tags=63%, list=20%, signal=54%","UNC79/GRIA2/KCNK2/RYR2/KCNJ13/ASIC2/NRCAM/NALF1/GRM1/GABRB1/GRIA1/CELF4/KCND2/SLC4A4/RIMS2/GRM5/KCNMA1/GABRB2/KCNMB2/SLC8A1/SYT1/NRXN1"
"GOBP_CELL_CELL_SIGNALING","GOBP_CELL_CELL_SIGNALING",71,-0.55283793216114,-2.38997932675646,7.10471693041983e-09,3.8148923759245e-06,3.14183302860717e-06,108,"tags=46%, list=19%, signal=43%","GRIA2/DLGAP1/PRKCB/KCNK2/RYR2/BMP6/EPHA4/PCLO/CADPS2/DLGAP2/GRM1/GABRB1/NNAT/GRIA1/TENM2/SNTG1/CELF4/IL18/DSCAM/KCND2/NPTX1/ERC2/RIMS2/GRM5/CLSTN2/CHRM3/GABRB2/NRG3/CADPS/SNAP25/SYT1/FGF14/NRXN1"
"GOBP_SYNAPTIC_SIGNALING","GOBP_SYNAPTIC_SIGNALING",60,-0.552960280996406,-2.32818804843219,1.04856265139173e-07,2.10411572045941e-05,1.73288775019476e-05,108,"tags=47%, list=19%, signal=42%","GRIA2/DLGAP1/PRKCB/KCNK2/EPHA4/PCLO/CADPS2/DLGAP2/GRM1/GABRB1/GRIA1/TENM2/SNTG1/CELF4/DSCAM/KCND2/NPTX1/ERC2/RIMS2/GRM5/CLSTN2/CHRM3/GABRB2/NRG3/CADPS/SNAP25/SYT1/NRXN1"
"GOBP_REGULATION_OF_POSTSYNAPTIC_MEMBRANE_POTENTIAL","GOBP_REGULATION_OF_POSTSYNAPTIC_MEMBRANE_POTENTIAL",14,-0.779993494097071,-2.38974739314691,5.88751526292403e-07,8.86071047070067e-05,7.29742023378216e-05,56,"tags=71%, list=10%, signal=66%","GRM1/GABRB1/GRIA1/CELF4/KCND2/RIMS2/GRM5/GABRB2/SYT1/NRXN1"
"GOBP_SYNAPSE_ORGANIZATION","GOBP_SYNAPSE_ORGANIZATION",55,-0.528048469283677,-2.19517686767378,3.20133523768624e-06,0.00032120063551452,0.000264531385429863,158,"tags=56%, list=27%, signal=45%","ITSN1/EPHA7/GPM6A/CACNA2D3/LRRTM4/PDZRN3/OPCML/ARHGAP44/TLN2/CTNNA2/LSAMP/EPHA4/LRFN5/PCLO/ASIC2/NRCAM/SRGAP3/GRIA1/NLGN4Y/DSCAM/NPTX1/CNTN5/ERC2/RIMS2/GRM5/CLSTN2/GABRB2/NRG3/LINGO2/ROBO2/NRXN1"
"GOBP_CELL_JUNCTION_ORGANIZATION","GOBP_CELL_JUNCTION_ORGANIZATION",64,-0.499892258973469,-2.12976833565623,2.7535540016354e-06,0.00032120063551452,0.000264531385429863,158,"tags=53%, list=27%, signal=44%","ITSN1/EXT1/EPHA7/GPM6A/CACNA2D3/LRRTM4/PDZRN3/OPCML/ARHGAP44/TLN2/CTNNA2/LSAMP/BMP6/PATJ/EPHA4/LRFN5/PCLO/ASIC2/NRCAM/SRGAP3/GRIA1/NLGN4Y/DSCAM/NPTX1/CNTN5/ERC2/RIMS2/GRM5/CLSTN2/GABRB2/NRG3/LINGO2/ROBO2/NRXN1"
"GOBP_SYNAPSE_ASSEMBLY","GOBP_SYNAPSE_ASSEMBLY",31,-0.611704799869505,-2.28661806630423,3.85487064249214e-06,0.000331518875254324,0.000273029183851699,151,"tags=68%, list=26%, signal=53%","EPHA7/GPM6A/LRRTM4/OPCML/LSAMP/LRFN5/PCLO/ASIC2/NRCAM/SRGAP3/GRIA1/NLGN4Y/DSCAM/NPTX1/CNTN5/CLSTN2/GABRB2/NRG3/LINGO2/ROBO2/NRXN1"
"GOBP_SYNAPTIC_VESICLE_EXOCYTOSIS","GOBP_SYNAPTIC_VESICLE_EXOCYTOSIS",10,-0.780807071097042,-2.1489445768281,1.64243085664749e-05,0.00123592921962724,0.00101787491247496,104,"tags=80%, list=18%, signal=67%","PRKCB/PCLO/CADPS2/ERC2/RIMS2/CADPS/SNAP25/SYT1"
"GOBP_CELL_JUNCTION_ASSEMBLY","GOBP_CELL_JUNCTION_ASSEMBLY",40,-0.545944723147932,-2.1586048556242,2.79211117934593e-05,0.00168085092996625,0.00138429933207572,151,"tags=57%, list=26%, signal=46%","EPHA7/GPM6A/LRRTM4/OPCML/TLN2/LSAMP/PATJ/LRFN5/PCLO/ASIC2/NRCAM/SRGAP3/GRIA1/NLGN4Y/DSCAM/NPTX1/CNTN5/CLSTN2/GABRB2/NRG3/LINGO2/ROBO2/NRXN1"
"GOBP_NERVOUS_SYSTEM_PROCESS","GOBP_NERVOUS_SYSTEM_PROCESS",57,-0.495956922250959,-2.07314478778371,2.75177098133992e-05,0.00168085092996625,0.00138429933207572,103,"tags=44%, list=18%, signal=40%","UNC79/KCNK2/CTNNA2/EYS/EYA1/ASIC2/NRCAM/NALF1/ITGA8/GRM1/GRIA1/NLGN4Y/CELF4/KCND2/CNTN5/THRB/RIMS2/GRM5/CLSTN2/KCNMB2/SNAP25/CSMD1/SYT1/NRXN1/KCTD16"
"GOBP_VESICLE_MEDIATED_TRANSPORT_IN_SYNAPSE","GOBP_VESICLE_MEDIATED_TRANSPORT_IN_SYNAPSE",18,-0.663141702580686,-2.15276699764002,4.66960964016453e-05,0.00255555000307186,0.00210467573255263,104,"tags=56%, list=18%, signal=47%","PRKCB/PCLO/CADPS2/ERC2/RIMS2/CADPS/SNAP25/SYT1/NRG1/NRXN1"
"GOBP_DEFENSE_RESPONSE_TO_OTHER_ORGANISM","GOBP_DEFENSE_RESPONSE_TO_OTHER_ORGANISM",25,0.518514676336519,2.54096332610591,6.36791712180411e-05,0.0029488354671739,0.00242857406021841,175,"tags=76%, list=30%, signal=56%","HSPA1A/IFITM2/HSPA1B/GBP2/IFIT2/CD74/CYBA/ERBIN/A2M/HSP90AA1/LAMP1/IFITM3/TF/PRDX1/MIF/NFKBIA/RPS19/LAMP2/FAU"
"GOBP_PROTEIN_FOLDING","GOBP_PROTEIN_FOLDING",10,0.737410949738278,2.53332107127585,5.88224019830947e-05,0.0029488354671739,0.00242857406021841,73,"tags=70%, list=13%, signal=62%","HSPA1A/HSPB1/HSPA1B/CD74/HSPA2/CRYAB/HSP90AA1"
"GOBP_NEUROTRANSMITTER_SECRETION","GOBP_NEUROTRANSMITTER_SECRETION",14,-0.698201296603217,-2.13915210969911,8.9890081467996e-05,0.00382303856393816,0.00314854198918495,104,"tags=64%, list=18%, signal=54%","PRKCB/PCLO/CADPS2/ERC2/RIMS2/CADPS/SNAP25/SYT1/NRXN1"
"GOBP_SIGNAL_RELEASE","GOBP_SIGNAL_RELEASE",23,-0.612758382511451,-2.12352765745978,9.52584359785256e-05,0.00382303856393816,0.00314854198918495,104,"tags=52%, list=18%, signal=45%","PRKCB/BMP6/PCLO/CADPS2/NNAT/ERC2/RIMS2/GRM5/CADPS/SNAP25/SYT1/NRXN1"
"GOBP_REGULATION_OF_TRANS_SYNAPTIC_SIGNALING","GOBP_REGULATION_OF_TRANS_SYNAPTIC_SIGNALING",42,-0.512792876882102,-2.05590433838753,0.000119704408138696,0.00450387835621845,0.00370926159429776,108,"tags=43%, list=19%, signal=38%","GRIA2/DLGAP1/PRKCB/KCNK2/EPHA4/DLGAP2/GRM1/GABRB1/GRIA1/CELF4/RIMS2/GRM5/CLSTN2/GABRB2/NRG3/SNAP25/SYT1/NRXN1"
"GOBP_REGULATED_EXOCYTOSIS","GOBP_REGULATED_EXOCYTOSIS",11,-0.7341233162693,-2.11912604515327,0.000174231178166536,0.00616983348566202,0.00508129318368039,104,"tags=73%, list=18%, signal=61%","PRKCB/PCLO/CADPS2/ERC2/RIMS2/CADPS/SNAP25/SYT1"
"GOBP_NEUROTRANSMITTER_TRANSPORT","GOBP_NEUROTRANSMITTER_TRANSPORT",15,-0.672054709537614,-2.10048036605289,0.000204020510544073,0.00682335263041843,0.00561951230796832,104,"tags=60%, list=18%, signal=51%","PRKCB/PCLO/CADPS2/ERC2/RIMS2/CADPS/SNAP25/SYT1/NRXN1"
"GOBP_LEARNING_OR_MEMORY","GOBP_LEARNING_OR_MEMORY",23,-0.58424763980384,-2.02472305126869,0.000356718704846377,0.0108436645249685,0.00893052280339247,61,"tags=39%, list=10%, signal=36%","ITGA8/GRIA1/NLGN4Y/GRM5/CLSTN2/SNAP25/CSMD1/NRXN1/KCTD16"
"GOBP_BEHAVIOR","GOBP_BEHAVIOR",41,-0.492354604724779,-1.96020754232448,0.000360254635381013,0.0108436645249685,0.00893052280339247,103,"tags=63%, list=18%, signal=56%","PTN/NTRK2/NR4A2/FOXP2/ADGRB3/NEGR1/GRIK2/FGF12/EXT1/KCNQ3/KCNK2/EPHA4/ASTN1/ITGA8/GRM1/GRIA1/NLGN4Y/DSCAM/KCND2/THRB/GRM5/CLSTN2/SNAP25/CSMD1/NRXN1/KCTD16"
"GOBP_VIRAL_LIFE_CYCLE","GOBP_VIRAL_LIFE_CYCLE",12,0.660087166274828,2.42422901716579,0.000434829222454225,0.0109069663298935,0.00898265630596229,135,"tags=75%, list=23%, signal=59%","HSPA1A/IFITM2/MOG/HSPA1B/ITGA2/LAMP1/IFITM3/BSG/LGALS1"
"GOBP_LEARNING","GOBP_LEARNING",16,-0.65037803926232,-2.04508568456699,0.000381627916120235,0.0109069663298935,0.00898265630596229,51,"tags=44%, list=9%, signal=41%","GRIA1/NLGN4Y/GRM5/CLSTN2/SNAP25/CSMD1/NRXN1"
"GOBP_COGNITION","GOBP_COGNITION",24,-0.572517239912483,-2.00960485360792,0.000406275602666431,0.0109069663298935,0.00898265630596229,61,"tags=38%, list=10%, signal=35%","ITGA8/GRIA1/NLGN4Y/GRM5/CLSTN2/SNAP25/CSMD1/NRXN1/KCTD16"
"GOBP_CHEMICAL_SYNAPTIC_TRANSMISSION_POSTSYNAPTIC","GOBP_CHEMICAL_SYNAPTIC_TRANSMISSION_POSTSYNAPTIC",10,-0.712999208472959,-1.96232313851608,0.000418977662856387,0.0109069663298935,0.00898265630596229,51,"tags=70%, list=9%, signal=65%","KCNK2/GRIA1/CELF4/RIMS2/GRM5/SYT1/NRXN1"
"GOBP_VESICLE_LOCALIZATION","GOBP_VESICLE_LOCALIZATION",11,-0.706363789949542,-2.03899518168436,0.000514613440117338,0.0123918916380255,0.0102055970650638,74,"tags=55%, list=13%, signal=49%","PCLO/CADPS2/CADPS/SNAP25/SYT1/NRXN1"
"GOBP_ACTIVATION_OF_IMMUNE_RESPONSE","GOBP_ACTIVATION_OF_IMMUNE_RESPONSE",21,0.513477170304546,2.35340623912051,0.000580962621428336,0.0134515191576869,0.0110782750887752,73,"tags=48%, list=13%, signal=43%","HSPA1A/MOG/HSPA1B/GBP2/CYBA/CD22/ERBIN/A2M/CD59/HSP90AA1"
"GOBP_REGULATION_OF_INNATE_IMMUNE_RESPONSE","GOBP_REGULATION_OF_INNATE_IMMUNE_RESPONSE",12,0.644836519560722,2.36821965630588,0.00070923050656949,0.014722647067408,0.0121251386059612,81,"tags=67%, list=14%, signal=59%","HSPA1A/HSPA1B/GBP2/CYBA/ERBIN/A2M/HSP90AA1/LAMP1"
"GOBP_REGULATION_OF_PROTEIN_STABILITY","GOBP_REGULATION_OF_PROTEIN_STABILITY",23,0.486536072240863,2.2731753440701,0.000686837644456501,0.014722647067408,0.0121251386059612,202,"tags=83%, list=35%, signal=56%","CAPN3/HSPA1A/HSPA1B/LMNA/CD74/CRYAB/HSP90AA1/MDM4/LAMP1/LSS/SERF2/USP9X/TF/PFN1/HIP1/LAMP2/UFL1/USP34/HSP90AB1"
"GOBP_BIOLOGICAL_PROCESS_INVOLVED_IN_INTERSPECIES_INTERACTION_BETWEEN_ORGANISMS","GOBP_BIOLOGICAL_PROCESS_INVOLVED_IN_INTERSPECIES_INTERACTION_BETWEEN_ORGANISMS",51,0.333966951632111,2.02030604756201,0.000670130652070758,0.014722647067408,0.0121251386059612,175,"tags=59%, list=30%, signal=45%","HSPA1A/IFITM2/MOG/HSPB1/ADAMTS9/HSPA1B/GBP2/IFIT2/ITGA2/CD74/CYBA/SAP30BP/ERBIN/A2M/HSP90AA1/LAMP1/IFITM3/CDK19/TF/BSG/PRDX1/LGALS1/MIF/NFKBIA/RBPJ/GSTP1/RPS19/BNIP3L/LAMP2/FAU"
"GOBP_POSITIVE_REGULATION_OF_IMMUNE_RESPONSE","GOBP_POSITIVE_REGULATION_OF_IMMUNE_RESPONSE",27,0.434163617408646,2.2002491657866,0.000844631401276906,0.0158896282365218,0.0130862299342573,81,"tags=44%, list=14%, signal=40%","HSPA1A/MOG/HSPA1B/GBP2/CD74/CYBA/CD22/ERBIN/A2M/CD59/HSP90AA1/LAMP1"
"GOBP_POSITIVE_REGULATION_OF_IMMUNE_SYSTEM_PROCESS","GOBP_POSITIVE_REGULATION_OF_IMMUNE_SYSTEM_PROCESS",37,0.371095850932946,2.08288597528039,0.000830527008921447,0.0158896282365218,0.0130862299342573,81,"tags=38%, list=14%, signal=35%","HSPA1A/MOG/HSPA1B/GBP2/ITGA2/CD74/CYBA/CD22/ERBIN/A2M/CBFB/CD59/HSP90AA1/LAMP1"
"GOBP_CELL_CELL_ADHESION","GOBP_CELL_CELL_ADHESION",46,-0.466831109241797,-1.90262356050419,0.000796549712546509,0.0158896282365218,0.0130862299342573,133,"tags=52%, list=23%, signal=44%","EXT1/EPHA7/OPCML/TLN2/CYP1B1/CTNNA2/LSAMP/BMP6/TENM3/EPHA4/LRFN5/ASTN1/NRCAM/ITGA8/TENM2/NLGN4Y/IL18/DSCAM/CNTN5/CLSTN2/BMP5/UNC5D/ROBO2/NRXN1"
"GOBP_GENERATION_OF_NEURONS","GOBP_GENERATION_OF_NEURONS",101,-0.380488490042283,-1.72854772943365,0.000914904590856641,0.0166900776877484,0.0137454565324873,207,"tags=51%, list=36%, signal=40%","NTRK2/RTN3/NR4A2/PHACTR1/FOXP2/FLRT2/ADGRB3/MAP2/NEGR1/EVL/CSMD3/ALDH1A2/ITSN1/EXT1/EPHA7/GPM6A/KCNQ3/SATB2/OPCML/STK24/ARHGAP44/CAMK1D/KALRN/CTNNA2/BMP6/EYA1/TENM3/EPHA4/ASTN1/RSPO2/NRCAM/GRIP1/NELL2/OLFM3/GABRB1/TENM2/DSCAM/NPTX1/CNTN5/RIMS2/GRM5/BMP5/DCLK1/GABRB2/TAFA1/NRG3/UNC5D/AGBL4/SNAP25/SYT1/ROBO2/NRXN1"
"GOBP_SYNAPTIC_TRANSMISSION_GLUTAMATERGIC","GOBP_SYNAPTIC_TRANSMISSION_GLUTAMATERGIC",10,-0.688220803935846,-1.89412778011894,0.000943395914551611,0.0167036570752962,0.013756640116217,56,"tags=90%, list=10%, signal=83%","GRIK2/EXT1/GRIA2/GRM1/GRIA1/DSCAM/GRM5/SYT1/NRXN1"
"GOBP_ORGANELLE_LOCALIZATION","GOBP_ORGANELLE_LOCALIZATION",23,-0.562882064998347,-1.95068018166153,0.00103309497839128,0.0177692336283301,0.0146342175886404,74,"tags=39%, list=13%, signal=36%","PCLO/CADPS2/FMN2/RIMS2/CADPS/AGBL4/SNAP25/SYT1/NRXN1"
"GOBP_MONOATOMIC_ION_TRANSMEMBRANE_TRANSPORT","GOBP_MONOATOMIC_ION_TRANSMEMBRANE_TRANSPORT",57,-0.438084655769172,-1.83123348010519,0.00107608982861905,0.0179946132452408,0.0148198336046659,228,"tags=67%, list=39%, signal=45%","ANO10/ATP2B1/PDE4D/CACNB2/PLCB4/KCNT2/ATP6V1H/NDUFA4/MICU3/GRIK2/FGF12/CEMIP/GPM6A/KCNQ3/CACHD1/CACNA2D3/DPP10/SLC6A20/UNC79/GRIA2/KCNK2/RYR2/SLC5A5/KCNJ13/ASIC2/NALF1/GABRB1/GRIA1/KCNQ5/SLC24A3/KCND2/SLC4A4/KCNMA1/GABRB2/KCNMB2/SLC8A1/SNAP25/KCNIP4"
"GOBP_REGULATION_OF_SYNAPSE_STRUCTURE_OR_ACTIVITY","GOBP_REGULATION_OF_SYNAPSE_STRUCTURE_OR_ACTIVITY",33,-0.512749286051614,-1.93749245518935,0.00112039971798045,0.0182292062222765,0.0150130374727963,195,"tags=70%, list=33%, signal=49%","NTRK2/FLRT2/ADGRB3/NEGR1/ITSN1/EPHA7/GPM6A/CACNA2D3/LRRTM4/OPCML/ARHGAP44/CTNNA2/LSAMP/EPHA4/LRFN5/ASIC2/NRCAM/SRGAP3/GRM5/CLSTN2/LINGO2/ROBO2/NRXN1"
"GOBP_EXOCYTOSIS","GOBP_EXOCYTOSIS",16,-0.61882275202939,-1.94586144528354,0.00139596294865881,0.0221149919761211,0.0182132561999529,158,"tags=69%, list=27%, signal=52%","ITSN1/KCNQ3/ARHGAP44/PRKCB/PCLO/CADPS2/ERC2/RIMS2/CADPS/SNAP25/SYT1"
"GOBP_PROTEIN_MATURATION","GOBP_PROTEIN_MATURATION",22,0.458078658616201,2.12762677405638,0.0015243207432564,0.0235292586523168,0.019378004590385,73,"tags=50%, list=13%, signal=45%","MYRF/HSPA1A/HSPB1/HSPA1B/PCSK6/CPM/CD74/ATG4C/HSPA2/CRYAB/HSP90AA1"
"GOBP_PROTEOLYSIS","GOBP_PROTEOLYSIS",49,0.326867998016971,1.95637937776092,0.00161952567493962,0.0243738614078413,0.0200735945499095,50,"tags=27%, list=9%, signal=26%","ADAMTS1/MYRF/ADAMTS18/CAPN3/HSPA1A/CNDP1/ADAMTS9/HSPA1B/CSNK1E/PCSK6/CPM/ATG4C/HTRA1"
"GOBP_NEURONAL_ACTION_POTENTIAL","GOBP_NEURONAL_ACTION_POTENTIAL",10,-0.653213444091803,-1.79778019456208,0.00294134811077217,0.0431875990898743,0.0355680349210191,179,"tags=90%, list=31%, signal=63%","GRIK2/FGF12/KCNQ3/UNC79/KCNK2/NALF1/GRIA1/KCND2/KCNMB2"
"GOBP_VIRAL_PROCESS","GOBP_VIRAL_PROCESS",13,0.584328330529208,2.24390792396606,0.00337483845054984,0.048372684457881,0.0398383185516034,135,"tags=69%, list=23%, signal=54%","HSPA1A/IFITM2/MOG/HSPA1B/ITGA2/LAMP1/IFITM3/BSG/LGALS1"
"GOBP_RESPONSE_TO_TEMPERATURE_STIMULUS","GOBP_RESPONSE_TO_TEMPERATURE_STIMULUS",11,0.583199046030486,2.04635262065476,0.00418788884597643,0.0539522017297827,0.0444334446839092,73,"tags=55%, list=13%, signal=49%","HSPA1A/HSPB1/HSPA1B/HSPA2/CRYAB/HSP90AA1"
"GOBP_CYTOPLASMIC_TRANSLATION","GOBP_CYTOPLASMIC_TRANSLATION",28,0.398171912545007,2.02595294082489,0.0047487037757702,0.0539522017297827,0.0444334446839092,328,"tags=96%, list=56%, signal=44%","YBX1/EEF2/RPS19/RPL27/FAU/RPL7A/PABPC1/EIF4A1/RPS2/RPS28/RPL18A/RPL18/RPL30/RPL28/RPS16/RPL3/RPS18/RPS3A/RPS12/RPL38/RPS24/RPS27A/RPL23/RPL26/RPL12/RPL36A/RPL39"
"GOBP_REGULATION_OF_RESPONSE_TO_BIOTIC_STIMULUS","GOBP_REGULATION_OF_RESPONSE_TO_BIOTIC_STIMULUS",18,0.463475180677027,2.01758838197028,0.00445183142030267,0.0539522017297827,0.0444334446839092,182,"tags=72%, list=31%, signal=51%","HSPA1A/HSPA1B/GBP2/CYBA/ERBIN/A2M/HSP90AA1/LAMP1/MIF/NFKBIA/RPS19/LAMP2/UFL1"
"GOBP_ADENYLATE_CYCLASE_MODULATING_G_PROTEIN_COUPLED_RECEPTOR_SIGNALING_PATHWAY","GOBP_ADENYLATE_CYCLASE_MODULATING_G_PROTEIN_COUPLED_RECEPTOR_SIGNALING_PATHWAY",13,-0.637455611465774,-1.9018996595052,0.00393622639368294,0.0539522017297827,0.0444334446839092,84,"tags=54%, list=14%, signal=47%","ADCY2/RXFP1/GRM1/RIMS2/GRM5/CHRM3/NRXN1"
"GOBP_RESPONSE_TO_PEPTIDE","GOBP_RESPONSE_TO_PEPTIDE",36,0.335783335393515,1.88666011935835,0.00445211084415464,0.0539522017297827,0.0444334446839092,87,"tags=36%, list=15%, signal=33%","HSPA1A/IFITM2/HSPA1B/GBP2/IFIT2/YBX1/CD74/CYBA/ERBIN/ST18/NRP2/SPP1/IFITM3"
"GOBP_POTASSIUM_ION_TRANSPORT","GOBP_POTASSIUM_ION_TRANSPORT",19,-0.57020076994989,-1.87529263014884,0.004038026976458,0.0539522017297827,0.0444334446839092,145,"tags=58%, list=25%, signal=45%","KCNQ3/DPP10/KCNK2/KCNJ13/KCNQ5/SLC24A3/KCND2/KCNMA1/KCNMB2/SNAP25/KCNIP4"
"GOBP_REGULATION_OF_SYNAPSE_ASSEMBLY","GOBP_REGULATION_OF_SYNAPSE_ASSEMBLY",19,-0.568975187294376,-1.87126189879482,0.0042291740020741,0.0539522017297827,0.0444334446839092,207,"tags=79%, list=36%, signal=53%","NTRK2/FLRT2/ADGRB3/NEGR1/EPHA7/LRRTM4/OPCML/LSAMP/LRFN5/ASIC2/SRGAP3/CLSTN2/LINGO2/ROBO2/NRXN1"
"GOBP_LOCOMOTORY_BEHAVIOR","GOBP_LOCOMOTORY_BEHAVIOR",15,-0.595513842236313,-1.86125491805677,0.00464153959508509,0.0539522017297827,0.0444334446839092,87,"tags=53%, list=15%, signal=47%","EPHA4/ASTN1/GRM1/GRIA1/DSCAM/KCND2/GRM5/SNAP25"
"GOBP_ACTION_POTENTIAL","GOBP_ACTION_POTENTIAL",17,-0.570442289682283,-1.83081406804685,0.00474994467056227,0.0539522017297827,0.0444334446839092,218,"tags=82%, list=37%, signal=53%","CACNB2/NTRK2/GRIK2/FGF12/KCNQ3/UNC79/KCNK2/RYR2/NRCAM/NALF1/GRIA1/KCND2/KCNMB2/SLC8A1"
"GOBP_EXPORT_FROM_CELL","GOBP_EXPORT_FROM_CELL",42,-0.44251320972617,-1.77413702234205,0.00434636772331449,0.0539522017297827,0.0444334446839092,104,"tags=36%, list=18%, signal=32%","PRKCB/KCNK2/BMP6/PCLO/CADPS2/NNAT/SLC4A4/ERC2/RIMS2/GRM5/CADPS/SLC8A1/SNAP25/SYT1/NRXN1"
"GOBP_NEURON_DEVELOPMENT","GOBP_NEURON_DEVELOPMENT",80,-0.375325144959204,-1.65436418519392,0.00462756503250113,0.0539522017297827,0.0444334446839092,212,"tags=54%, list=36%, signal=40%","PTN/NTRK2/NR4A2/PHACTR1/FLRT2/ADGRB3/MAP2/NEGR1/EVL/CSMD3/ITSN1/EXT1/EPHA7/GPM6A/KCNQ3/OPCML/STK24/ARHGAP44/CAMK1D/KALRN/CTNNA2/TENM3/EPHA4/NRCAM/GRIP1/NELL2/OLFM3/GABRB1/TENM2/DSCAM/NPTX1/CNTN5/RIMS2/GRM5/BMP5/DCLK1/GABRB2/UNC5D/AGBL4/SNAP25/SYT1/ROBO2/NRXN1"
"GOBP_REGULATION_OF_IMMUNE_RESPONSE","GOBP_REGULATION_OF_IMMUNE_RESPONSE",33,0.355575387143713,1.90995269565191,0.00487975405220431,0.0544002211004999,0.0448024202453846,81,"tags=36%, list=14%, signal=33%","HSPA1A/MOG/HSPA1B/GBP2/CD74/CYBA/CD22/ERBIN/A2M/CD59/HSP90AA1/LAMP1"
"GOBP_NEGATIVE_REGULATION_OF_VASCULATURE_DEVELOPMENT","GOBP_NEGATIVE_REGULATION_OF_VASCULATURE_DEVELOPMENT",10,0.606471215840366,2.08348724785817,0.00546832302197688,0.0598532810769106,0.0492933998727485,158,"tags=80%, list=27%, signal=59%","ADAMTS1/ADAMTS9/SEMA6A/SPARC/EPN2/SLC12A2/QKI/RGCC"
"GOBP_METAL_ION_TRANSPORT","GOBP_METAL_ION_TRANSPORT",51,-0.413727859319337,-1.70547456101791,0.00627925458621463,0.0675019868018073,0.0555926486862235,147,"tags=45%, list=25%, signal=37%","GPM6A/KCNQ3/CACHD1/CACNA2D3/DPP10/SLC6A20/UNC79/PRKCB/KCNK2/RYR2/SLC5A5/KCNJ13/ASIC2/NALF1/KCNQ5/SLC24A3/KCND2/SLC4A4/KCNMA1/KCNMB2/SLC8A1/SNAP25/KCNIP4"
"GOBP_SODIUM_ION_TRANSMEMBRANE_TRANSPORT","GOBP_SODIUM_ION_TRANSMEMBRANE_TRANSPORT",13,-0.617379807589807,-1.84200189741915,0.00651815855485196,0.0688409026319453,0.0566953403386015,115,"tags=62%, list=20%, signal=51%","SLC6A20/UNC79/SLC5A5/ASIC2/NALF1/SLC24A3/SLC4A4/SLC8A1"
"GOBP_REGULATION_OF_PROTEIN_CATABOLIC_PROCESS","GOBP_REGULATION_OF_PROTEIN_CATABOLIC_PROCESS",17,0.466961109327755,1.97230683826448,0.00681153540448596,0.0706990398879405,0.0582256474684735,110,"tags=53%, list=19%, signal=44%","HSPA1A/HSPA1B/CSNK1E/LRP2/HSP90AA1/MDM4/SNX9/USP9X/TF"
"GOBP_SECRETION","GOBP_SECRETION",43,-0.429088231224028,-1.72700832594354,0.00798433824811332,0.0814673156841393,0.0670940823347257,104,"tags=35%, list=18%, signal=31%","PRKCB/KCNK2/BMP6/PCLO/CADPS2/NNAT/ERC2/RIMS2/GRM5/CHRM3/CADPS/SNAP25/SYT1/NRG1/NRXN1"
"GOBP_PROCESS_UTILIZING_AUTOPHAGIC_MECHANISM","GOBP_PROCESS_UTILIZING_AUTOPHAGIC_MECHANISM",18,0.436800145339111,1.90146729581458,0.00863641644562196,0.0841557777354989,0.0693082205165588,230,"tags=78%, list=39%, signal=49%","DEPP1/HSPB1/ATG4C/ATG13/HSP90AA1/PIP4K2A/BNIP3L/LAMP2/UFL1/TMBIM6/MTDH/PSAP/VPS13C/RAB1A"
"GOBP_REGULATION_OF_CELL_JUNCTION_ASSEMBLY","GOBP_REGULATION_OF_CELL_JUNCTION_ASSEMBLY",22,-0.50887380664047,-1.73540994298253,0.00866720634485205,0.0841557777354989,0.0693082205165588,207,"tags=68%, list=36%, signal=46%","NTRK2/FLRT2/ADGRB3/NEGR1/EPHA7/LRRTM4/OPCML/LSAMP/LRFN5/ASIC2/SRGAP3/CLSTN2/LINGO2/ROBO2/NRXN1"
"GOBP_MONOATOMIC_ION_TRANSPORT","GOBP_MONOATOMIC_ION_TRANSPORT",67,-0.380043678604074,-1.62378894503321,0.00861234375677391,0.0841557777354989,0.0693082205165588,147,"tags=42%, list=25%, signal=35%","GPM6A/SLC22A6/KCNQ3/CACHD1/CACNA2D3/DPP10/SLC6A20/UNC79/GRIA2/PRKCB/KCNK2/RYR2/SLC5A5/KCNJ13/ASIC2/NALF1/GABRB1/GRIA1/KCNQ5/SLC24A3/KCND2/SLC4A4/KCNMA1/GABRB2/KCNMB2/SLC8A1/SNAP25/KCNIP4"
"GOBP_POSITIVE_REGULATION_OF_RESPONSE_TO_BIOTIC_STIMULUS","GOBP_POSITIVE_REGULATION_OF_RESPONSE_TO_BIOTIC_STIMULUS",14,0.50878868547504,1.97260451812539,0.00941187626913632,0.089935706571747,0.0740683997120001,174,"tags=79%, list=30%, signal=56%","HSPA1A/HSPA1B/GBP2/CYBA/ERBIN/HSP90AA1/LAMP1/MIF/NFKBIA/RPS19/LAMP2"
"GOBP_CENTRAL_NERVOUS_SYSTEM_DEVELOPMENT","GOBP_CENTRAL_NERVOUS_SYSTEM_DEVELOPMENT",66,-0.375025999172167,-1.60373131700293,0.00956511917756693,0.0899719022639889,0.0740982094183227,70,"tags=26%, list=12%, signal=26%","NRCAM/MACROD2/GABRB1/ADAM23/NNAT/GRIA1/DSCAM/NPTX1/CNTN5/BMP5/DCLK1/NRG3/UNC5D/AGBL4/NRG1/ROBO2/NRXN1"
"GOBP_NEUROGENESIS","GOBP_NEUROGENESIS",114,-0.338763397804004,-1.55219329107716,0.00986511726138012,0.091366162943859,0.0752464814592718,207,"tags=48%, list=36%, signal=39%","NTRK2/RTN3/NR4A2/PHACTR1/FOXP2/FLRT2/ADGRB3/MAP2/NEGR1/EVL/CSMD3/FGF12/ALDH1A2/ITSN1/EXT1/EPHA7/GPM6A/KCNQ3/SATB2/OPCML/STK24/ARHGAP44/CAMK1D/NAV3/KALRN/CTNNA2/BMP6/EYA1/TENM3/EPHA4/ASTN1/RSPO2/NRCAM/GRIP1/NELL2/OLFM3/GABRB1/TENM2/DSCAM/NPTX1/CNTN5/RIMS2/GRM5/BMP5/DCLK1/GABRB2/TAFA1/NRG3/UNC5D/AGBL4/SNAP25/SYT1/ROBO2/FGF14/NRXN1"
"GOBP_PROTEIN_STABILIZATION","GOBP_PROTEIN_STABILIZATION",16,0.454777170868846,1.88200640617609,0.0115068255167265,0.104956196379839,0.0864388328289984,202,"tags=81%, list=35%, signal=55%","HSPA1A/HSPA1B/CD74/CRYAB/HSP90AA1/MDM4/LAMP1/USP9X/PFN1/HIP1/LAMP2/UFL1/HSP90AB1"
"GOBP_IMMUNE_RESPONSE_REGULATING_SIGNALING_PATHWAY","GOBP_IMMUNE_RESPONSE_REGULATING_SIGNALING_PATHWAY",20,0.411168463148919,1.85037917323549,0.0121383545031839,0.109064021058458,0.0898219162765059,60,"tags=35%, list=10%, signal=33%","HSPA1A/MOG/HSPA1B/GBP2/CYBA/CD22/ERBIN"
"GOBP_MONOATOMIC_CATION_TRANSPORT","GOBP_MONOATOMIC_CATION_TRANSPORT",57,-0.388024536629131,-1.62197765482105,0.0125643712529461,0.11123163962167,0.0916071030981053,228,"tags=61%, list=39%, signal=41%","ANO10/ATP2B1/PDE4D/CACNB2/PLCB4/KCNT2/ATP6V1H/NDUFA4/MICU3/FGF12/CEMIP/GPM6A/KCNQ3/CACHD1/CACNA2D3/DPP10/SLC6A20/UNC79/GRIA2/PRKCB/KCNK2/RYR2/SLC5A5/KCNJ13/ASIC2/NALF1/KCNQ5/SLC24A3/KCND2/SLC4A4/KCNMA1/KCNMB2/SLC8A1/SNAP25/KCNIP4"
"GOBP_TRANSMEMBRANE_TRANSPORT","GOBP_TRANSMEMBRANE_TRANSPORT",81,-0.36378752876886,-1.609805354043,0.0133775862850377,0.116714593385401,0.0961227023684632,228,"tags=58%, list=39%, signal=41%","ANO10/ATP2B1/PDE4D/SORBS1/CACNB2/PLCB4/KCNT2/ATP6V1H/NDUFA4/MICU3/ABCA5/GRIK2/FGF12/ARPP19/CEMIP/GPM6A/SLC22A6/KCNQ3/CACHD1/CACNA2D3/DPP10/PRKAG2/SLC6A20/UNC79/GRIA2/PRKCB/KCNK2/RYR2/SLC5A5/KCNJ13/ASIC2/NALF1/GRM1/GABRB1/GRIA1/KCNQ5/SLC24A3/KCND2/SLC16A12/SLC4A4/KCNMA1/GABRB2/KCNMB2/SLC8A1/SNAP25/SYT1/KCNIP4"
"GOBP_EAR_DEVELOPMENT","GOBP_EAR_DEVELOPMENT",11,-0.600753522715885,-1.73413976710938,0.013882160435496,0.119386579745266,0.0983232716559191,103,"tags=55%, list=18%, signal=46%","KCNK2/EYA1/EPHA4/ITGA8/BMP5/GABRB2"
"GOBP_G_PROTEIN_COUPLED_RECEPTOR_SIGNALING_PATHWAY","GOBP_G_PROTEIN_COUPLED_RECEPTOR_SIGNALING_PATHWAY",32,-0.449491368906132,-1.68850398626647,0.014092169921995,0.119485722437197,0.0984049226576672,104,"tags=38%, list=18%, signal=33%","PRKCB/KCNK2/ATRNL1/ADCY2/RGS12/RXFP1/GRM1/RIMS2/GRM5/CHRM3/NRXN1/KCTD16"
"GOBP_POSITIVE_REGULATION_OF_DEFENSE_RESPONSE","GOBP_POSITIVE_REGULATION_OF_DEFENSE_RESPONSE",15,0.451418492235234,1.78550494425305,0.0144282651332219,0.120636327919439,0.099352527452449,174,"tags=73%, list=30%, signal=53%","HSPA1A/HSPA1B/GBP2/CYBA/ERBIN/HSP90AA1/LAMP1/LGALS1/NFKBIA/RPS19/LAMP2"
"GOBP_REGULATION_OF_NERVOUS_SYSTEM_PROCESS","GOBP_REGULATION_OF_NERVOUS_SYSTEM_PROCESS",14,-0.559865514481287,-1.71531835056307,0.0152560270153778,0.125809976209006,0.103613391842004,65,"tags=50%, list=11%, signal=46%","NALF1/GRM1/GRIA1/CELF4/RIMS2/GRM5/NRXN1"
"GOBP_POSITIVE_REGULATION_OF_PROTEOLYSIS","GOBP_POSITIVE_REGULATION_OF_PROTEOLYSIS",11,0.517871533161391,1.81712877663369,0.0169174069755736,0.134379694310002,0.110671159328573,111,"tags=64%, list=19%, signal=53%","CAPN3/HSPA1A/HSPA1B/CSNK1E/SNX9/TF/CNTN2"
"GOBP_REGULATION_OF_HORMONE_LEVELS","GOBP_REGULATION_OF_HORMONE_LEVELS",15,-0.545073796828251,-1.70360655470351,0.0165903136999483,0.134379694310002,0.110671159328573,170,"tags=67%, list=29%, signal=48%","ALDH1A2/ITSN1/CYP1B1/BMP6/SLC5A5/PCLO/NNAT/RIMS2/BMP5/SNAP25"
"GOBP_REGULATION_OF_NEURON_PROJECTION_DEVELOPMENT","GOBP_REGULATION_OF_NEURON_PROJECTION_DEVELOPMENT",30,-0.456640485720684,-1.693594534345,0.0179918440566199,0.134379694310002,0.110671159328573,212,"tags=63%, list=36%, signal=42%","PTN/NTRK2/ADGRB3/MAP2/NEGR1/CSMD3/EPHA7/STK24/ARHGAP44/CAMK1D/CTNNA2/TENM3/EPHA4/NRCAM/DSCAM/GRM5/BMP5/SNAP25/ROBO2"
"GOBP_POSITIVE_REGULATION_OF_SYNAPTIC_TRANSMISSION","GOBP_POSITIVE_REGULATION_OF_SYNAPTIC_TRANSMISSION",16,-0.534750915564331,-1.68150118271231,0.0180356502851081,0.134379694310002,0.110671159328573,87,"tags=81%, list=15%, signal=71%","PPP3CA/MAPK1/SLC1A3/PTN/NTRK2/MICU3/GRIK2/EPHA4/GRIA1/CLSTN2/SNAP25/SYT1/NRXN1"
"GOBP_REGULATION_OF_SYSTEM_PROCESS","GOBP_REGULATION_OF_SYSTEM_PROCESS",45,-0.411429937085917,-1.66893590310003,0.0172166852423891,0.134379694310002,0.110671159328573,97,"tags=36%, list=17%, signal=32%","RYR2/BMP6/CELF2/ASIC2/NALF1/GRM1/GRIA1/CELF4/KCND2/THRB/RIMS2/GRM5/CHRM3/KCNMB2/SLC8A1/NRXN1"
"GOBP_POSITIVE_REGULATION_OF_CELL_JUNCTION_ASSEMBLY","GOBP_POSITIVE_REGULATION_OF_CELL_JUNCTION_ASSEMBLY",10,-0.587521187156257,-1.61698134615655,0.0174610760212163,0.134379694310002,0.110671159328573,207,"tags=80%, list=36%, signal=52%","NTRK2/FLRT2/ADGRB3/LRRTM4/ASIC2/CLSTN2/LINGO2/NRXN1"
"GOBP_HORMONE_TRANSPORT","GOBP_HORMONE_TRANSPORT",10,-0.584944532673706,-1.60988985341576,0.018080988769286,0.134379694310002,0.110671159328573,95,"tags=60%, list=16%, signal=51%","ITSN1/BMP6/PCLO/NNAT/RIMS2/SNAP25"
"GOBP_NEURON_PROJECTION_EXTENSION","GOBP_NEURON_PROJECTION_EXTENSION",10,-0.58485668515002,-1.60964807863349,0.018080988769286,0.134379694310002,0.110671159328573,70,"tags=50%, list=12%, signal=45%","NRCAM/DSCAM/RIMS2/DCLK1/SYT1"
"GOBP_REGULATION_OF_POST_TRANSLATIONAL_PROTEIN_MODIFICATION","GOBP_REGULATION_OF_POST_TRANSLATIONAL_PROTEIN_MODIFICATION",10,0.546147397211213,1.87624920659055,0.018609073686146,0.134972259861974,0.111159178868666,73,"tags=40%, list=13%, signal=36%","CAPN3/HSPA1A/HSPA1B/HSP90AA1"
"GOBP_REGULATION_OF_CELL_CYCLE_PROCESS","GOBP_REGULATION_OF_CELL_CYCLE_PROCESS",18,0.412356502500131,1.79505985079688,0.0186091321736609,0.134972259861974,0.111159178868666,55,"tags=28%, list=9%, signal=26%","ADAMTS1/HSPA1A/CCP110/HSPA1B/HSPA2"
"GOBP_RESPONSE_TO_OSMOTIC_STRESS","GOBP_RESPONSE_TO_OSMOTIC_STRESS",11,0.51022387585385,1.79029436447257,0.018976868301988,0.136000889497581,0.112006327947824,141,"tags=73%, list=24%, signal=56%","CAPN3/EFHD1/SLC2A1/ITGA2/TSC22D4/HSP90AA1/SLC12A2/MAP7"
"GOBP_RESPONSE_TO_TUMOR_NECROSIS_FACTOR","GOBP_RESPONSE_TO_TUMOR_NECROSIS_FACTOR",13,0.512529289124104,1.9681888983351,0.0206604626160968,0.144659546239369,0.119137342680089,65,"tags=46%, list=11%, signal=42%","HSPA1A/HSPA1B/GBP2/CYBA/ERBIN/ST18"
"GOBP_VASCULAR_PROCESS_IN_CIRCULATORY_SYSTEM","GOBP_VASCULAR_PROCESS_IN_CIRCULATORY_SYSTEM",21,-0.488381587532113,-1.64994385829912,0.020665649462767,0.144659546239369,0.119137342680089,115,"tags=48%, list=20%, signal=40%","SLC6A20/BMP6/SLC5A5/ASIC2/SLC24A3/SLC16A12/SLC4A4/KCNMA1/KCNMB2/SLC8A1"
"GOBP_IMMUNE_EFFECTOR_PROCESS","GOBP_IMMUNE_EFFECTOR_PROCESS",17,0.419572595255397,1.77215164655128,0.0224263141217461,0.148112715205868,0.121981270959895,188,"tags=76%, list=32%, signal=53%","EMP2/CD74/CD22/A2M/CD59/LAMP1/PRDX1/LGALS1/MIF/RPS19/UFL1/RIF1/TMBIM6"
"GOBP_REGULATION_OF_MYELOID_CELL_DIFFERENTIATION","GOBP_REGULATION_OF_MYELOID_CELL_DIFFERENTIATION",11,0.502099185166627,1.76178611811487,0.0225073832821733,0.148112715205868,0.121981270959895,150,"tags=64%, list=26%, signal=48%","HSPA1A/HSPA1B/CD74/QKI/MEIS2/NFKBIA/MITF"
"GOBP_MYELOID_CELL_DIFFERENTIATION","GOBP_MYELOID_CELL_DIFFERENTIATION",21,0.382656720461881,1.75382035552285,0.0222597029359345,0.148112715205868,0.121981270959895,213,"tags=71%, list=37%, signal=47%","HSPA1A/HSPA1B/CD74/CBFB/TF/PIP4K2A/QKI/MEIS2/NFKBIA/RBPJ/MITF/RPS19/UFL1/NF1/RAC1"
"GOBP_SENSORY_PERCEPTION","GOBP_SENSORY_PERCEPTION",19,-0.514823333753482,-1.69316573125884,0.0215336081858004,0.148112715205868,0.121981270959895,179,"tags=68%, list=31%, signal=49%","GRIK2/CDC14A/CEMIP/KCNQ3/KCNK2/EYS/EYA1/ASIC2/GRM1/KCND2/CNTN5/THRB/GRM5"
"GOBP_PROTEIN_LOCALIZATION_TO_CELL_JUNCTION","GOBP_PROTEIN_LOCALIZATION_TO_CELL_JUNCTION",10,-0.574408935690129,-1.58089368414479,0.0226351657789699,0.148112715205868,0.121981270959895,74,"tags=60%, list=13%, signal=53%","ARHGAP44/PCLO/ASIC2/GRIP1/NPTX1/NRXN1"
"GOBP_PROTEIN_LOCALIZATION_TO_SYNAPSE","GOBP_PROTEIN_LOCALIZATION_TO_SYNAPSE",10,-0.574408935690129,-1.58089368414479,0.0226351657789699,0.148112715205868,0.121981270959895,74,"tags=60%, list=13%, signal=53%","ARHGAP44/PCLO/ASIC2/GRIP1/NPTX1/NRXN1"
"GOBP_OLIGODENDROCYTE_DIFFERENTIATION","GOBP_OLIGODENDROCYTE_DIFFERENTIATION",11,0.50052406448778,1.75625927037576,0.0230958033315507,0.149501866726812,0.123125335247995,179,"tags=73%, list=31%, signal=51%","MYRF/FA2H/NKX6-2/DAAM2/CNTN2/QKI/GSTP1/CNP"
"GOBP_CELLULAR_RESPONSE_TO_NITROGEN_COMPOUND","GOBP_CELLULAR_RESPONSE_TO_NITROGEN_COMPOUND",34,-0.414873766348777,-1.58036401983821,0.0240063863712953,0.153743027611913,0.126618230468982,104,"tags=32%, list=18%, signal=28%","PRKCB/RYR2/EPHA4/ADCY2/SLC5A5/GABRB1/GRIA1/GRM5/CHRM3/GABRB2/SLC8A1"
"GOBP_REGULATION_OF_SECRETION","GOBP_REGULATION_OF_SECRETION",30,-0.444338862620644,-1.64797010484896,0.0251171270631644,0.158500284857657,0.130536167455772,104,"tags=37%, list=18%, signal=32%","PRKCB/BMP6/PCLO/CADPS2/NNAT/RIMS2/GRM5/CADPS/SNAP25/SYT1/NRG1"
"GOBP_NEGATIVE_REGULATION_OF_INTRACELLULAR_SIGNAL_TRANSDUCTION","GOBP_NEGATIVE_REGULATION_OF_INTRACELLULAR_SIGNAL_TRANSDUCTION",38,0.277491494453322,1.54485321243477,0.0252757929341114,0.158500284857657,0.130536167455772,190,"tags=58%, list=33%, signal=42%","HSPA1A/HSPB1/CSNK1E/CD74/SEMA6A/PREX1/CD22/ERBIN/MDM4/STAMBP/MIF/PDE8A/PDE1C/NFKBIA/FNIP2/TAOK3/GSTP1/LAMP2/DLG1/UFL1/TMBIM6/DDIT4"
"GOBP_REGULATION_OF_BLOOD_CIRCULATION","GOBP_REGULATION_OF_BLOOD_CIRCULATION",17,-0.509386454088382,-1.63485755366583,0.0264281142636507,0.164017781306368,0.135080215064346,97,"tags=41%, list=17%, signal=35%","RYR2/CELF2/ASIC2/KCND2/THRB/KCNMB2/SLC8A1"
"GOBP_ESTABLISHMENT_OF_ORGANELLE_LOCALIZATION","GOBP_ESTABLISHMENT_OF_ORGANELLE_LOCALIZATION",18,-0.505532635096749,-1.64111828411796,0.026960051710172,0.165611746219628,0.136392957631482,68,"tags=33%, list=12%, signal=30%","CADPS2/FMN2/CADPS/AGBL4/SNAP25/SYT1"
"GOBP_ANIMAL_ORGAN_MORPHOGENESIS","GOBP_ANIMAL_ORGAN_MORPHOGENESIS",52,-0.372419128650084,-1.54235981724794,0.0277777777777778,0.167222222222222,0.137719298245614,100,"tags=33%, list=17%, signal=30%","CTNNA2/RYR2/BMP6/EYA1/TENM3/MMP16/RSPO2/RXFP1/ITGA8/OLFM3/DSCAM/THRB/BMP5/NRG3/CSMD1/NRG1/ROBO2"
"GOBP_CELL_CYCLE","GOBP_CELL_CYCLE",42,0.27412674785773,1.53763144251186,0.0276220383278915,0.167222222222222,0.137719298245614,106,"tags=31%, list=18%, signal=27%","ADAMTS1/CAPN3/HSPA1A/CCP110/HSPA1B/LMNA/HSPA2/MDM4/SNX9/CDK19/USP9X/CCDC102B/SUN2"
"GOBP_SENSORY_ORGAN_DEVELOPMENT","GOBP_SENSORY_ORGAN_DEVELOPMENT",34,-0.409563080807715,-1.56013421253169,0.0282118155963721,0.168153593950654,0.138486348576251,147,"tags=47%, list=25%, signal=37%","GPM6A/SGCD/BNC2/CYP1B1/KCNK2/NHS/BMP6/EYA1/TENM3/EPHA4/ITGA8/OLFM3/CELF4/DSCAM/BMP5/GABRB2"
"GOBP_SODIUM_ION_TRANSPORT","GOBP_SODIUM_ION_TRANSPORT",15,-0.519859489743712,-1.62480023696914,0.0301876431405034,0.173075820672219,0.142540149565685,115,"tags=53%, list=20%, signal=44%","SLC6A20/UNC79/SLC5A5/ASIC2/NALF1/SLC24A3/SLC4A4/SLC8A1"
"GOBP_CENTRAL_NERVOUS_SYSTEM_NEURON_DIFFERENTIATION","GOBP_CENTRAL_NERVOUS_SYSTEM_NEURON_DIFFERENTIATION",15,-0.518232206035688,-1.61971422621705,0.0301876431405034,0.173075820672219,0.142540149565685,87,"tags=80%, list=15%, signal=70%","RORA/MDGA2/NTRK2/NR4A2/FOXP2/MAP2/EPHA4/GABRB1/UNC5D/AGBL4/ROBO2/NRXN1"
"GOBP_CELL_CYCLE_PROCESS","GOBP_CELL_CYCLE_PROCESS",36,0.285346288134966,1.60327033919139,0.0297211122513968,0.173075820672219,0.142540149565685,106,"tags=31%, list=18%, signal=27%","ADAMTS1/CAPN3/HSPA1A/CCP110/HSPA1B/LMNA/HSPA2/SNX9/USP9X/CCDC102B/SUN2"
"GOBP_POSITIVE_REGULATION_OF_DEVELOPMENTAL_PROCESS","GOBP_POSITIVE_REGULATION_OF_DEVELOPMENTAL_PROCESS",64,-0.351002966806112,-1.49543224766104,0.029379760609358,0.173075820672219,0.142540149565685,113,"tags=31%, list=19%, signal=28%","CYP1B1/PRKCB/BMP6/EPHA4/ASIC2/NRCAM/GRIP1/F3/IL18/DSCAM/RIMS2/GRM5/CLSTN2/BMP5/LINGO2/SLC8A1/SYT1/NRG1/ROBO2/NRXN1"
"GOBP_REGULATION_OF_CATABOLIC_PROCESS","GOBP_REGULATION_OF_CATABOLIC_PROCESS",42,0.27068291562737,1.51831430267957,0.0319458027663615,0.181428049673109,0.149418799433528,202,"tags=57%, list=35%, signal=40%","DEPP1/HSPA1A/HSPB1/HSPA1B/CSNK1E/YBX1/LRP2/ATG13/ADARB2/HSP90AA1/MDM4/SNX9/USP9X/TF/PIP4K2A/QKI/TIMP2/BNIP3L/PABPC1/UFL1/DDIT4/MTDH/PSAP/HSP90AB1"
"GOBP_CELL_MORPHOGENESIS","GOBP_CELL_MORPHOGENESIS",63,-0.358728176434603,-1.52541076655623,0.0325558507418856,0.18316469295902,0.150849047707114,212,"tags=52%, list=36%, signal=37%","PTN/TPM1/NTRK2/NR4A2/PHACTR1/FLRT2/ADGRB3/MAP2/NEGR1/EVL/FGD6/EXT1/EPHA7/GPM6A/FGD4/ARHGAP44/FRMD6/KALRN/CTNNA2/EPHA4/NRCAM/GRIP1/NELL2/DSCAM/NPTX1/CNTN5/RIMS2/GRM5/DCLK1/UNC5D/SYT1/ROBO2/NRXN1"
"GOBP_CHROMOSOME_ORGANIZATION","GOBP_CHROMOSOME_ORGANIZATION",14,0.444540078463514,1.72350878134447,0.0361656365598088,0.189895303036834,0.156392179979627,73,"tags=36%, list=13%, signal=32%","HSPA1A/HSPA1B/LMNA/HSPA2/HSP90AA1"
"GOBP_PROTEIN_POLYMERIZATION","GOBP_PROTEIN_POLYMERIZATION",17,0.394521780360595,1.66634434796866,0.0354840617426943,0.189895303036834,0.156392179979627,88,"tags=41%, list=15%, signal=36%","HSPA1A/HSPA1B/PREX1/SLAIN1/DAAM2/HSP90AA1/SNX9"
"GOBP_REGULATION_OF_PROTEIN_POLYMERIZATION","GOBP_REGULATION_OF_PROTEIN_POLYMERIZATION",17,0.394521780360595,1.66634434796866,0.0354840617426943,0.189895303036834,0.156392179979627,88,"tags=41%, list=15%, signal=36%","HSPA1A/HSPA1B/PREX1/SLAIN1/DAAM2/HSP90AA1/SNX9"
"GOBP_TRANSMISSION_OF_NERVE_IMPULSE","GOBP_TRANSMISSION_OF_NERVE_IMPULSE",13,-0.553795805094098,-1.65229395458922,0.0359785244455991,0.189895303036834,0.156392179979627,179,"tags=85%, list=31%, signal=60%","NTRK2/GRIK2/FGF12/KCNQ3/UNC79/KCNK2/NRCAM/NALF1/GRIA1/KCND2/KCNMB2"
"GOBP_RESPONSE_TO_METAL_ION","GOBP_RESPONSE_TO_METAL_ION",21,-0.472356078220904,-1.59580342520507,0.0343160469105412,0.189895303036834,0.156392179979627,97,"tags=38%, list=17%, signal=33%","RYR2/BMP6/GRIA1/NPTX1/KCNMA1/KCNMB2/SYT1/NRXN1"
"GOBP_NEURON_PROJECTION_GUIDANCE","GOBP_NEURON_PROJECTION_GUIDANCE",21,-0.468488502272082,-1.58273724223223,0.0365911215154032,0.189895303036834,0.156392179979627,109,"tags=62%, list=19%, signal=52%","FLRT2/EVL/EXT1/EPHA7/KALRN/EPHA4/NRCAM/NELL2/DSCAM/CNTN5/UNC5D/ROBO2/NRXN1"
"GOBP_ORGAN_GROWTH","GOBP_ORGAN_GROWTH",11,-0.543053725044628,-1.56758308468903,0.0347129506008011,0.189895303036834,0.156392179979627,164,"tags=64%, list=28%, signal=47%","TGFBR3/EXT1/SORBS2/BNC2/KCNK2/RSPO2/NRG1"
"GOBP_RESPONSE_TO_CALCIUM_ION","GOBP_RESPONSE_TO_CALCIUM_ION",13,-0.517176804942588,-1.54303824694954,0.036096256684492,0.189895303036834,0.156392179979627,24,"tags=31%, list=4%, signal=30%","KCNMA1/KCNMB2/SYT1/NRXN1"
"GOBP_POSITIVE_REGULATION_OF_NERVOUS_SYSTEM_DEVELOPMENT","GOBP_POSITIVE_REGULATION_OF_NERVOUS_SYSTEM_DEVELOPMENT",21,-0.455523376023721,-1.53893597909769,0.0365699873896595,0.189895303036834,0.156392179979627,87,"tags=38%, list=15%, signal=34%","EPHA4/ASIC2/DSCAM/GRM5/CLSTN2/LINGO2/ROBO2/NRXN1"
"GOBP_ENSHEATHMENT_OF_NEURONS","GOBP_ENSHEATHMENT_OF_NEURONS",14,0.437186575282915,1.69499880458555,0.0386384423152561,0.197121544693086,0.16234349982592,185,"tags=64%, list=32%, signal=45%","MYRF/FA2H/NKX6-2/HYCC1/NFASC/CNTN2/QKI/DLG1/ACER3"
"GOBP_REGULATION_OF_ENDOTHELIAL_CELL_MIGRATION","GOBP_REGULATION_OF_ENDOTHELIAL_CELL_MIGRATION",15,0.391273492758686,1.54761217781868,0.0383370758705898,0.197121544693086,0.16234349982592,69,"tags=33%, list=12%, signal=30%","EMP2/HSPB1/ADAMTS9/SPARC/NRP2"
"GOBP_PROTEIN_LOCALIZATION_TO_EXTRACELLULAR_REGION","GOBP_PROTEIN_LOCALIZATION_TO_EXTRACELLULAR_REGION",11,-0.536003395510781,-1.54723154890344,0.0400534045393858,0.202623105316893,0.166874423158344,95,"tags=45%, list=16%, signal=39%","BMP6/PCLO/NNAT/RIMS2/SNAP25"
"GOBP_NUCLEIC_ACID_CATABOLIC_PROCESS","GOBP_NUCLEIC_ACID_CATABOLIC_PROCESS",13,0.478890414890714,1.83901060506761,0.0415249738070214,0.205601092896175,0.169327006039689,68,"tags=38%, list=12%, signal=35%","HSPA1A/HSPA1B/PABPC4/YBX1/ADARB2"
"GOBP_REGULATION_OF_CELL_SUBSTRATE_ADHESION","GOBP_REGULATION_OF_CELL_SUBSTRATE_ADHESION",10,0.495051322587092,1.70071240102683,0.0411689752881976,0.205601092896175,0.169327006039689,248,"tags=90%, list=43%, signal=53%","EMP2/PREX1/DOCK1/DOCK5/APOD/NF1/RAC1/CFL1/BRAF"
"GOBP_HEART_PROCESS","GOBP_HEART_PROCESS",17,-0.478910211276556,-1.53704514548659,0.0416666666666667,0.205601092896175,0.169327006039689,226,"tags=71%, list=39%, signal=45%","ATP2B1/PDE4D/CACNB2/TPM1/FGF12/EXT1/SGCD/RYR2/CELF2/KCND2/THRB/SLC8A1"
"GOBP_VESICLE_ORGANIZATION","GOBP_VESICLE_ORGANIZATION",12,-0.515567457769725,-1.51871254620051,0.0424403183023873,0.207716029414936,0.171068805480739,31,"tags=25%, list=5%, signal=24%","ERC2/SNAP25/SYT1"
"GOBP_REGULATION_OF_VASCULATURE_DEVELOPMENT","GOBP_REGULATION_OF_VASCULATURE_DEVELOPMENT",18,0.377187769710119,1.64196421667448,0.0443165686848043,0.210876744690712,0.173671877512372,64,"tags=33%, list=11%, signal=31%","ADAMTS1/EMP2/HSPB1/ADAMTS9/SEMA6A/SPARC"
"GOBP_POSITIVE_REGULATION_OF_PHOSPHORUS_METABOLIC_PROCESS","GOBP_POSITIVE_REGULATION_OF_PHOSPHORUS_METABOLIC_PROCESS",13,-0.54237613959042,-1.61822247174013,0.0440341860837055,0.210876744690712,0.173671877512372,41,"tags=31%, list=7%, signal=29%","IL18/DSCAM/SLC4A4/NRG1"
"GOBP_CELL_PROJECTION_MORPHOGENESIS","GOBP_CELL_PROJECTION_MORPHOGENESIS",53,-0.376771185807061,-1.56545424494657,0.0438861978971655,0.210876744690712,0.173671877512372,212,"tags=55%, list=36%, signal=38%","PTN/NTRK2/NR4A2/PHACTR1/FLRT2/ADGRB3/MAP2/NEGR1/EVL/EXT1/EPHA7/GPM6A/ARHGAP44/KALRN/CTNNA2/EPHA4/NRCAM/GRIP1/NELL2/DSCAM/NPTX1/CNTN5/RIMS2/GRM5/DCLK1/UNC5D/SYT1/ROBO2/NRXN1"
"GOBP_REGULATION_OF_CELL_POPULATION_PROLIFERATION","GOBP_REGULATION_OF_CELL_POPULATION_PROLIFERATION",72,0.206792303675682,1.39408944239718,0.044487286670632,0.210876744690712,0.173671877512372,82,"tags=26%, list=14%, signal=26%","ADAMTS1/HSPA1A/EMP2/FA2H/HSPA1B/LMNA/ITGA2/LRP2/CD74/CLMN/CYBA/ATG13/CD22/SPARC/ST18/NRP2/MDM4/IGFBP7/SGK1"
"GOBP_DETECTION_OF_STIMULUS","GOBP_DETECTION_OF_STIMULUS",11,-0.530681285914714,-1.53186870616267,0.0453938584779706,0.213492990654206,0.175826540650692,103,"tags=55%, list=18%, signal=46%","KCNK2/EYS/RYR2/ASIC2/KCNMB2/SYT1"
"GOBP_CIRCULATORY_SYSTEM_PROCESS","GOBP_CIRCULATORY_SYSTEM_PROCESS",39,-0.384361586825227,-1.50947133498062,0.0459770114942529,0.21455938697318,0.176704793258206,97,"tags=36%, list=17%, signal=32%","SLC6A20/RYR2/BMP6/SLC5A5/CELF2/ASIC2/SLC24A3/KCND2/SLC16A12/SLC4A4/THRB/KCNMA1/KCNMB2/SLC8A1"
"GOBP_CELL_MORPHOGENESIS_INVOLVED_IN_NEURON_DIFFERENTIATION","GOBP_CELL_MORPHOGENESIS_INVOLVED_IN_NEURON_DIFFERENTIATION",45,-0.370969036318519,-1.50480917367252,0.0476190476190476,0.220512820512821,0.181607865818392,212,"tags=53%, list=36%, signal=37%","PTN/NTRK2/NR4A2/PHACTR1/FLRT2/ADGRB3/MAP2/EVL/EXT1/EPHA7/ARHGAP44/KALRN/CTNNA2/EPHA4/NRCAM/NELL2/DSCAM/NPTX1/CNTN5/GRM5/DCLK1/UNC5D/ROBO2/NRXN1"
"GOBP_CELL_ADHESION","GOBP_CELL_ADHESION",81,-0.323343340351751,-1.43083475745844,0.0486772486772487,0.223692394684761,0.184226469481592,100,"tags=28%, list=17%, signal=27%","CTNNA2/LSAMP/BMP6/TENM3/EPHA4/LRFN5/ASTN1/NRCAM/ITGA8/ADAM23/TENM2/CNTNAP5/NLGN4Y/COL6A3/IL18/DSCAM/CNTN5/CLSTN2/BMP5/UNC5D/NRG1/ROBO2/NRXN1"
"GOBP_CELLULAR_RESPONSE_TO_ABIOTIC_STIMULUS","GOBP_CELLULAR_RESPONSE_TO_ABIOTIC_STIMULUS",14,0.41970232723109,1.6272113169946,0.0534753315686141,0.2364095371669,0.194699933564627,72,"tags=50%, list=12%, signal=45%","CAPN3/EFHD1/SLC2A1/ITGA2/CYBA/ADSS2/CRYAB"
"GOBP_CALCIUM_MEDIATED_SIGNALING","GOBP_CALCIUM_MEDIATED_SIGNALING",12,-0.530928185308316,-1.56396080475535,0.0533019832224456,0.2364095371669,0.194699933564627,187,"tags=67%, list=32%, signal=46%","NEGR1/GRIK2/SGCD/RYR2/GRIA1/GRM5/CHRM3/SLC8A1"
"GOBP_MRNA_CATABOLIC_PROCESS","GOBP_MRNA_CATABOLIC_PROCESS",11,0.443607378278258,1.55654767829309,0.0523329704226549,0.2364095371669,0.194699933564627,68,"tags=36%, list=12%, signal=33%","HSPA1A/HSPA1B/YBX1/ADARB2"
"GOBP_POSTSYNAPSE_ORGANIZATION","GOBP_POSTSYNAPSE_ORGANIZATION",19,-0.456665286271843,-1.50189387830124,0.0541935483870968,0.2364095371669,0.194699933564627,158,"tags=47%, list=27%, signal=36%","ITSN1/EPHA7/ARHGAP44/EPHA4/ASIC2/NRCAM/NPTX1/GRM5/NRXN1"
"GOBP_REGULATION_OF_IMMUNE_SYSTEM_PROCESS","GOBP_REGULATION_OF_IMMUNE_SYSTEM_PROCESS",53,0.251179947690757,1.49847120843122,0.0532219254193129,0.2364095371669,0.194699933564627,213,"tags=60%, list=37%, signal=42%","HSPA1A/MOG/HSPA1B/GBP2/ITGA2/CD74/CYBA/CD22/ERBIN/A2M/CBFB/CD59/HSP90AA1/LAMP1/LGALS1/QKI/MIF/APOD/MEIS2/NFKBIA/MITF/RGCC/RPS19/LAMP2/DLG1/UFL1/RIF1/TMBIM6/SOS2/PPP2R3C/NF1/RAC1"
"GOBP_REGULATION_OF_CELL_PROJECTION_ORGANIZATION","GOBP_REGULATION_OF_CELL_PROJECTION_ORGANIZATION",46,-0.360811501811215,-1.47052852874753,0.0538116591928251,0.2364095371669,0.194699933564627,191,"tags=48%, list=33%, signal=35%","ADGRB3/MAP2/NEGR1/EVL/CSMD3/EPHA7/GPM6A/STK24/ARHGAP44/CAMK1D/CTNNA2/TENM3/EPHA4/NRCAM/GRIP1/TENM2/DSCAM/GRM5/BMP5/SNAP25/ROBO2/NRXN1"
"GOBP_REGULATION_OF_VESICLE_MEDIATED_TRANSPORT","GOBP_REGULATION_OF_VESICLE_MEDIATED_TRANSPORT",26,-0.411842523148859,-1.46811065497309,0.0534629404617254,0.2364095371669,0.194699933564627,128,"tags=38%, list=22%, signal=31%","ARHGAP44/CAMK1D/PRKCB/PCLO/CADPS2/ERC2/RIMS2/CADPS/SYT1/NRG1"
"GOBP_PEPTIDYL_AMINO_ACID_MODIFICATION","GOBP_PEPTIDYL_AMINO_ACID_MODIFICATION",13,-0.491811334848053,-1.46735834380294,0.0588235294117647,0.254760897164621,0.209813573289975,159,"tags=54%, list=27%, signal=40%","CEMIP/EPHA7/EYA1/NNAT/IL18/AGBL4/NRG1"
"GOBP_POSITIVE_REGULATION_OF_PROTEIN_POLYMERIZATION","GOBP_POSITIVE_REGULATION_OF_PROTEIN_POLYMERIZATION",11,0.438074545853704,1.53713385001492,0.060020222860819,0.258086958301522,0.212552819304104,88,"tags=45%, list=15%, signal=39%","HSPA1A/HSPA1B/SLAIN1/HSP90AA1/SNX9"
"GOBP_TISSUE_MORPHOGENESIS","GOBP_TISSUE_MORPHOGENESIS",27,-0.401519549304049,-1.44725120656829,0.0605326876513317,0.258444524582282,0.212847300364145,170,"tags=48%, list=29%, signal=36%","ALDH1A2/TGFBR3/EXT1/EPHA7/RYR2/EYA1/EPHA4/RSPO2/ITGA8/BMP5/CSMD1/NRG1/ROBO2"
"GOBP_AXON_DEVELOPMENT","GOBP_AXON_DEVELOPMENT",38,-0.37899713652236,-1.47760980890177,0.061271676300578,0.259757388260197,0.213928536231077,212,"tags=55%, list=36%, signal=38%","PTN/NTRK2/NR4A2/FLRT2/MAP2/EVL/EXT1/EPHA7/STK24/KALRN/CTNNA2/EPHA4/NRCAM/NELL2/DSCAM/NPTX1/CNTN5/DCLK1/UNC5D/ROBO2/NRXN1"
"GOBP_REGULATION_OF_HEART_CONTRACTION","GOBP_REGULATION_OF_HEART_CONTRACTION",13,-0.488079611432831,-1.45622444935583,0.0628342245989305,0.262681966726084,0.2163371329393,97,"tags=69%, list=17%, signal=59%","ATP2B1/PDE4D/CACNB2/TPM1/RYR2/CELF2/KCND2/THRB/SLC8A1"
"GOBP_REGULATION_OF_RESPONSE_TO_EXTERNAL_STIMULUS","GOBP_REGULATION_OF_RESPONSE_TO_EXTERNAL_STIMULUS",46,0.241782215752873,1.39157921733013,0.0625939218257571,0.262681966726084,0.2163371329393,81,"tags=30%, list=14%, signal=28%","ADAMTS18/CAPN3/HSPA1A/HSPB1/HSPA1B/GBP2/ITGA2/CD74/CYBA/ERBIN/A2M/HSP90AA1/SPP1/LAMP1"
"GOBP_GLIOGENESIS","GOBP_GLIOGENESIS",19,0.370388968103118,1.65369308373829,0.064917616279673,0.269520034485263,0.221968764194018,182,"tags=63%, list=31%, signal=45%","MYRF/FA2H/NKX6-2/LRP2/DAAM2/SUN2/CNTN2/QKI/EEF2/GSTP1/CNP/UFL1"
"GOBP_DEVELOPMENTAL_GROWTH_INVOLVED_IN_MORPHOGENESIS","GOBP_DEVELOPMENTAL_GROWTH_INVOLVED_IN_MORPHOGENESIS",13,-0.486480269826199,-1.45145268611087,0.0655080213903743,0.27010841696579,0.222453338679642,70,"tags=38%, list=12%, signal=35%","NRCAM/DSCAM/RIMS2/DCLK1/SYT1"
"GOBP_REGULATION_OF_BODY_FLUID_LEVELS","GOBP_REGULATION_OF_BODY_FLUID_LEVELS",17,0.364281385782229,1.53861778610446,0.0661786411484959,0.271017292322412,0.223201861660878,71,"tags=41%, list=12%, signal=37%","ADAMTS18/EMP2/HSPB1/PABPC4/ITGA2/CYBA/CD59"
"GOBP_RIBOSOME_BIOGENESIS","GOBP_RIBOSOME_BIOGENESIS",15,0.358918644295582,1.41963837325569,0.0670298910781213,0.272648611006953,0.224545367694133,313,"tags=93%, list=54%, signal=44%","MTG1/RPS19/RPL27/FAU/RPL7A/EIF5B/RPS28/RPS16/RPS3A/RPS12/RPL38/RPS24/RPS27A/RPL26"
"GOBP_TISSUE_HOMEOSTASIS","GOBP_TISSUE_HOMEOSTASIS",11,0.428719052635968,1.5043069134931,0.0683396024352833,0.27426960444027,0.225880370154515,116,"tags=45%, list=20%, signal=37%","HSPB1/SLC2A1/SPP1/BSG/SLC12A2"
"GOBP_AMEBOIDAL_TYPE_CELL_MIGRATION","GOBP_AMEBOIDAL_TYPE_CELL_MIGRATION",15,0.358231948768896,1.41692227216727,0.0682827500998925,0.27426960444027,0.225880370154515,134,"tags=47%, list=23%, signal=37%","ITGA2/SEMA6A/DAAM2/NRP2/DOCK1/DOCK5/PFN1"
"GOBP_REGULATION_OF_AUTOPHAGY","GOBP_REGULATION_OF_AUTOPHAGY",12,0.440410621710428,1.61744730570012,0.0709298635220461,0.280919591054419,0.231357103316369,200,"tags=67%, list=34%, signal=45%","DEPP1/HSPB1/ATG13/PIP4K2A/BNIP3L/UFL1/MTDH/PSAP"
"GOBP_MALE_GAMETE_GENERATION","GOBP_MALE_GAMETE_GENERATION",21,0.327683830994338,1.50186457532981,0.0705086071554343,0.280919591054419,0.231357103316369,317,"tags=90%, list=54%, signal=43%","HSPA2/QKI/RPL27/RPL7A/SELENOF/PSME4/RPL18A/RPL18/RPL30/RPL28/ARID4B/RPL3/SPATA6/PIAS1/SYNE1/RPL38/CCNY/RPL23/RPL12"
"GOBP_REGULATION_OF_IMMUNE_EFFECTOR_PROCESS","GOBP_REGULATION_OF_IMMUNE_EFFECTOR_PROCESS",13,0.446594865747989,1.71499088046422,0.0728057759529805,0.281515390081254,0.231847785851146,188,"tags=85%, list=32%, signal=59%","CD74/CD22/A2M/CD59/LAMP1/LGALS1/MIF/RPS19/UFL1/RIF1/TMBIM6"
"GOBP_POSITIVE_REGULATION_OF_RESPONSE_TO_EXTERNAL_STIMULUS","GOBP_POSITIVE_REGULATION_OF_RESPONSE_TO_EXTERNAL_STIMULUS",28,0.304543038470844,1.54955647286651,0.073011990394839,0.281515390081254,0.231847785851146,81,"tags=36%, list=14%, signal=32%","HSPA1A/HSPB1/HSPA1B/GBP2/ITGA2/CD74/CYBA/ERBIN/HSP90AA1/LAMP1"
"GOBP_CELLULAR_RESPONSE_TO_CHEMICAL_STRESS","GOBP_CELLULAR_RESPONSE_TO_CHEMICAL_STRESS",20,0.332322175538429,1.4955476587656,0.0726560592525704,0.281515390081254,0.231847785851146,53,"tags=30%, list=9%, signal=28%","CAPN3/HSPA1A/HSPA1B/EFHD1/SLC2A1/GPR37"
"GOBP_JNK_CASCADE","GOBP_JNK_CASCADE",10,-0.530305339111696,-1.45951135015455,0.0732044198895028,0.281515390081254,0.231847785851146,179,"tags=70%, list=31%, signal=49%","GRIK2/FGF12/TGFBR3/MAPK10/MDFIC/EPHA4/FGF14"
"GOBP_CYTOKINE_PRODUCTION","GOBP_CYTOKINE_PRODUCTION",29,0.280087289492667,1.43350873323395,0.0734184655195296,0.281515390081254,0.231847785851146,159,"tags=52%, list=27%, signal=40%","HSPA1A/MOG/HSPB1/HSPA1B/CD74/CYBA/ERBIN/HSP90AA1/BSG/QKI/MIF/APOD/NFKBIA/RGCC/GSTP1"
"GOBP_EPITHELIAL_TUBE_MORPHOGENESIS","GOBP_EPITHELIAL_TUBE_MORPHOGENESIS",15,-0.47140895613441,-1.47337001391313,0.0748031496062992,0.28321695637102,0.233249145743575,155,"tags=53%, list=27%, signal=40%","EXT1/EPHA7/RYR2/EYA1/EPHA4/RSPO2/BMP5/CSMD1"
"GOBP_REGULATION_OF_CELL_GROWTH","GOBP_REGULATION_OF_CELL_GROWTH",21,-0.429628218019142,-1.45145201573773,0.0744010088272383,0.28321695637102,0.233249145743575,72,"tags=33%, list=12%, signal=30%","MEG3/NRCAM/DSCAM/RIMS2/NRG3/SYT1/NRG1"
"GOBP_REACTIVE_OXYGEN_SPECIES_METABOLIC_PROCESS","GOBP_REACTIVE_OXYGEN_SPECIES_METABOLIC_PROCESS",10,0.45404576114753,1.55984081121492,0.0762548749687436,0.283685407864803,0.233634948599969,213,"tags=80%, list=37%, signal=52%","CBR1/PREX1/CYBA/CRYAB/PRDX1/GSTP1/DDIT4/RAC1"
"GOBP_REGULATION_OF_PROTEIN_CONTAINING_COMPLEX_ASSEMBLY","GOBP_REGULATION_OF_PROTEIN_CONTAINING_COMPLEX_ASSEMBLY",23,0.329877396261998,1.54124063257037,0.0775594678709777,0.283685407864803,0.233634948599969,88,"tags=39%, list=15%, signal=35%","HSPA1A/HSPA1B/GBP2/PREX1/SLAIN1/DAAM2/CRYAB/HSP90AA1/SNX9"
"GOBP_POSITIVE_REGULATION_OF_CATABOLIC_PROCESS","GOBP_POSITIVE_REGULATION_OF_CATABOLIC_PROCESS",24,0.317952519352195,1.53161368857185,0.0767930175596992,0.283685407864803,0.233634948599969,182,"tags=58%, list=31%, signal=42%","HSPA1A/HSPA1B/CSNK1E/YBX1/LRP2/ATG13/HSP90AA1/SNX9/TF/PIP4K2A/QKI/BNIP3L/PABPC1/UFL1"
"GOBP_REGULATION_OF_CELL_CYCLE","GOBP_REGULATION_OF_CELL_CYCLE",26,0.300638782875681,1.52205159338029,0.0781467598604972,0.283685407864803,0.233634948599969,91,"tags=27%, list=16%, signal=24%","ADAMTS1/HSPA1A/CCP110/HSPA1B/HSPA2/MDM4/CDK19"
"GOBP_NEGATIVE_REGULATION_OF_CELL_POPULATION_PROLIFERATION","GOBP_NEGATIVE_REGULATION_OF_CELL_POPULATION_PROLIFERATION",30,0.295551095892396,1.51359444735519,0.0800115129073458,0.283685407864803,0.233634948599969,78,"tags=33%, list=13%, signal=30%","ADAMTS1/HSPA1A/HSPA1B/LMNA/CLMN/ATG13/SPARC/ST18/MDM4/IGFBP7"
"GOBP_NEGATIVE_REGULATION_OF_IMMUNE_SYSTEM_PROCESS","GOBP_NEGATIVE_REGULATION_OF_IMMUNE_SYSTEM_PROCESS",20,0.329235763101636,1.48165789385192,0.0769721237260723,0.283685407864803,0.233634948599969,188,"tags=75%, list=32%, signal=53%","CD74/CD22/ERBIN/A2M/CBFB/CD59/LGALS1/QKI/MIF/APOD/RPS19/LAMP2/DLG1/UFL1/TMBIM6"
"GOBP_POSITIVE_REGULATION_OF_LOCOMOTION","GOBP_POSITIVE_REGULATION_OF_LOCOMOTION",33,0.270614950861798,1.45359260952811,0.0786645315866975,0.283685407864803,0.233634948599969,112,"tags=39%, list=19%, signal=34%","ADAMTS1/HSPB1/ITGA2/CD74/SEMA6A/PREX1/DAAM2/SPARC/NRP2/DOCK1/DOCK5/SUN2/BSG"
"GOBP_REGULATION_OF_MRNA_PROCESSING","GOBP_REGULATION_OF_MRNA_PROCESSING",10,-0.518873567322516,-1.428048720141,0.0801104972375691,0.283685407864803,0.233634948599969,88,"tags=40%, list=15%, signal=35%","RBFOX1/CELF2/CELF4/KHDRBS2"
"GOBP_REGULATION_OF_MRNA_SPLICING_VIA_SPLICEOSOME","GOBP_REGULATION_OF_MRNA_SPLICING_VIA_SPLICEOSOME",10,-0.518873567322516,-1.428048720141,0.0801104972375691,0.283685407864803,0.233634948599969,88,"tags=40%, list=15%, signal=35%","RBFOX1/CELF2/CELF4/KHDRBS2"
"GOBP_VESICLE_MEDIATED_TRANSPORT","GOBP_VESICLE_MEDIATED_TRANSPORT",58,-0.329380795414767,-1.38610458735997,0.0773480662983425,0.283685407864803,0.233634948599969,128,"tags=31%, list=22%, signal=27%","ARHGAP44/EHBP1/CAMK1D/KALRN/PRKCB/PCLO/GRIP1/CADPS2/GRIA1/FMN2/ERC2/RIMS2/DCLK1/CADPS/SNAP25/SYT1/NRG1/NRXN1"
"GOBP_TRANSLATION","GOBP_TRANSLATION",43,0.23086107229083,1.31505953774751,0.0797496930067599,0.283685407864803,0.233634948599969,328,"tags=86%, list=56%, signal=41%","HSPB1/PABPC4/YBX1/ITGA2/TARS3/MTG1/QKI/EEF2/EIF1/RPS19/RPL27/FAU/RPL7A/PABPC1/UFL1/EIF4A1/EIF5B/RPS2/RPS28/RPL18A/RPL18/RPL30/RPL28/RPS16/RPL3/RPS18/RPS3A/RPS12/RPL38/RPS24/RPS27A/RPL23/TNRC6A/RPL26/RPL12/RPL36A/RPL39"
"GOBP_ESTABLISHMENT_OF_PROTEIN_LOCALIZATION_TO_ORGANELLE","GOBP_ESTABLISHMENT_OF_PROTEIN_LOCALIZATION_TO_ORGANELLE",22,0.314820581236184,1.46223947582615,0.0823510553968552,0.289914241806473,0.238764832821907,174,"tags=59%, list=30%, signal=43%","LMNA/ATG13/HSP90AA1/LAMP1/USP9X/UBL5/MTCH1/APOD/NFKBIA/WBP2/SORT1/BNIP3L/LAMP2"
"GOBP_POSITIVE_REGULATION_OF_SIGNALING","GOBP_POSITIVE_REGULATION_OF_SIGNALING",89,-0.297947754558287,-1.33434113467232,0.0844629822732012,0.295620437956204,0.243464287947844,113,"tags=25%, list=19%, signal=24%","CYP1B1/FRMD6/PRKCB/BMP6/EPHA4/RSPO2/F3/ITGA8/GRM1/NNAT/GRIA1/IL18/THRB/RIMS2/GRM5/CLSTN2/BMP5/SNAP25/SYT1/NRG1/ROBO2/NRXN1"
"GOBP_MICROTUBULE_BASED_PROCESS","GOBP_MICROTUBULE_BASED_PROCESS",32,0.27437119475843,1.44532318336123,0.085692739659695,0.298190920665528,0.245581261817562,111,"tags=34%, list=19%, signal=29%","HSPA1A/CCP110/HSPB1/HSPA1B/LMNA/SLAIN1/CRYAB/LAMP1/CCDC102B/SUN2/CNTN2"
"GOBP_REGULATION_OF_DEFENSE_RESPONSE","GOBP_REGULATION_OF_DEFENSE_RESPONSE",24,0.313146792215858,1.50846395074133,0.0871694682126287,0.301586321057485,0.248377613600412,182,"tags=58%, list=31%, signal=42%","HSPA1A/HSPA1B/GBP2/CYBA/ERBIN/A2M/HSP90AA1/LAMP1/LGALS1/NFKBIA/GSTP1/RPS19/LAMP2/UFL1"
"GOBP_CYTOKINE_MEDIATED_SIGNALING_PATHWAY","GOBP_CYTOKINE_MEDIATED_SIGNALING_PATHWAY",16,0.36463404163913,1.50896669013456,0.0884754864918263,0.304355673531883,0.250658370752783,159,"tags=62%, list=27%, signal=47%","HSPA1A/IFITM2/HSPA1B/CD74/ST18/IFITM3/VRK2/NFKBIA/ADIPOR2/GSTP1"
"GOBP_PROTEASOMAL_PROTEIN_CATABOLIC_PROCESS","GOBP_PROTEASOMAL_PROTEIN_CATABOLIC_PROCESS",17,0.344505913274654,1.45509198732273,0.091878389818435,0.312659927541739,0.257497509830668,296,"tags=88%, list=51%, signal=45%","HSPA1A/HSPA1B/CSNK1E/USP9X/TF/UFL1/HSP90AB1/PSME4/SEM1/TRIP12/PIAS1/WWTR1/FHIT/TBL1XR1/KDM2A"
"GOBP_EPITHELIUM_DEVELOPMENT","GOBP_EPITHELIUM_DEVELOPMENT",46,-0.339553610701589,-1.38388956302501,0.0919282511210762,0.312659927541739,0.257497509830668,111,"tags=28%, list=19%, signal=25%","FRMD6/RYR2/BMP6/EYA1/EPHA4/RSPO2/IL18/THRB/BMP5/GABRB2/CSMD1/NRG1/ROBO2"
"GOBP_MEMBRANELESS_ORGANELLE_ASSEMBLY","GOBP_MEMBRANELESS_ORGANELLE_ASSEMBLY",20,0.318595252393459,1.43377246203594,0.094236442576412,0.318709766466292,0.262479979027144,21,"tags=20%, list=4%, signal=20%","CAPN3/HSPA1A/CCP110/HSPA1B"
"GOBP_SUPRAMOLECULAR_FIBER_ORGANIZATION","GOBP_SUPRAMOLECULAR_FIBER_ORGANIZATION",37,0.240383579201353,1.34922442422206,0.0959437791082007,0.322671257112496,0.265742546074464,102,"tags=30%, list=17%, signal=26%","CAPN3/HSPA1A/EMP2/HSPA1B/PREX1/SLAIN1/DAAM2/CRYAB/SNX9/USP9X/CALD1"
"GOBP_REGULATION_OF_PROTEOLYSIS","GOBP_REGULATION_OF_PROTEOLYSIS",19,0.348566293447951,1.55626035961927,0.0986854957991208,0.328224687685474,0.270316187969677,111,"tags=42%, list=19%, signal=35%","CAPN3/HSPA1A/HSPA1B/CSNK1E/SNX9/USP9X/TF/CNTN2"
"GOBP_EMBRYONIC_ORGAN_DEVELOPMENT","GOBP_EMBRYONIC_ORGAN_DEVELOPMENT",15,-0.460318412718941,-1.4387069599051,0.0984251968503937,0.328224687685474,0.270316187969677,170,"tags=53%, list=29%, signal=39%","ALDH1A2/SATB2/ZNF568/RYR2/EYA1/MMP16/ITGA8/BMP5"
"GOBP_VACUOLE_ORGANIZATION","GOBP_VACUOLE_ORGANIZATION",10,0.428473441922803,1.47198898970835,0.10113198612522,0.33087747634447,0.272500946595988,174,"tags=70%, list=30%, signal=50%","ATG4C/ATG13/LAMP1/LAMTOR1/PIP4K2A/TMEM165/LAMP2"
"GOBP_SKELETAL_SYSTEM_DEVELOPMENT","GOBP_SKELETAL_SYSTEM_DEVELOPMENT",20,-0.421882913203521,-1.41183823956379,0.100882723833544,0.33087747634447,0.272500946595988,194,"tags=55%, list=33%, signal=38%","AKAP13/KIAA1217/CCSER1/EXT1/SATB2/BNC2/BMP6/EYA1/MMP16/RSPO2/BMP5"
"GOBP_HEAD_DEVELOPMENT","GOBP_HEAD_DEVELOPMENT",49,-0.330416648730712,-1.36011195139064,0.100111234705228,0.33087747634447,0.272500946595988,70,"tags=20%, list=12%, signal=20%","NRCAM/MACROD2/NNAT/GRIA1/CNTN5/BMP5/NRG3/NRG1/ROBO2/NRXN1"
"GOBP_SENSORY_PERCEPTION_OF_MECHANICAL_STIMULUS","GOBP_SENSORY_PERCEPTION_OF_MECHANICAL_STIMULUS",12,-0.475906827314262,-1.40188380506255,0.103448275862069,0.336626281453868,0.277235493206455,177,"tags=67%, list=30%, signal=47%","CDC14A/CEMIP/KCNQ3/KCNK2/EYA1/ASIC2/CNTN5/THRB"
"GOBP_FATTY_ACID_METABOLIC_PROCESS","GOBP_FATTY_ACID_METABOLIC_PROCESS",12,0.38383219834562,1.40965799744783,0.104838709677419,0.339316684009712,0.279451229530642,159,"tags=67%, list=27%, signal=50%","CBR1/FA2H/CD74/DBI/QKI/MIF/ADIPOR2/GSTP1"
"GOBP_POSITIVE_REGULATION_OF_PHOSPHORYLATION","GOBP_POSITIVE_REGULATION_OF_PHOSPHORYLATION",12,-0.474214694523904,-1.39689927149701,0.106100795755968,0.341128176744615,0.280943121606424,41,"tags=25%, list=7%, signal=24%","IL18/DSCAM/NRG1"
"GOBP_PEPTIDE_TRANSPORT","GOBP_PEPTIDE_TRANSPORT",11,-0.482092457625013,-1.39161181845688,0.106809078771696,0.341128176744615,0.280943121606424,74,"tags=36%, list=13%, signal=32%","PCLO/NNAT/RIMS2/SNAP25"
"GOBP_CALCIUM_ION_HOMEOSTASIS","GOBP_CALCIUM_ION_HOMEOSTASIS",22,-0.404313704594792,-1.37882912007226,0.107098381070984,0.341128176744615,0.280943121606424,226,"tags=68%, list=39%, signal=43%","ATP2B1/PDE4D/CACNB2/PLCB4/MICU3/GRIK2/CEMIP/SGCD/PRKCB/RYR2/GRM1/SLC24A3/ERC2/GRM5/SLC8A1"
"GOBP_CELL_ACTIVATION","GOBP_CELL_ACTIVATION",33,0.253904233253984,1.36383195315169,0.107668040929002,0.341137687575048,0.280950954446315,81,"tags=27%, list=14%, signal=25%","ADAMTS18/CAPN3/EMP2/HSPB1/CD74/PREX1/CD22/CBFB/LAMP1"
"GOBP_CELLULAR_HOMEOSTASIS","GOBP_CELLULAR_HOMEOSTASIS",41,-0.342704545192765,-1.36440692913038,0.111363636363636,0.350999524036173,0.289072872566948,104,"tags=29%, list=18%, signal=26%","PRKCB/RYR2/BMP6/NELL2/GRM1/SLC24A3/NPTX1/SLC4A4/ERC2/GRM5/KCNMA1/SLC8A1"
"GOBP_POSITIVE_REGULATION_OF_PROTEIN_METABOLIC_PROCESS","GOBP_POSITIVE_REGULATION_OF_PROTEIN_METABOLIC_PROCESS",33,0.252859841220063,1.35822206154325,0.113487781635274,0.35398779556702,0.291533925007984,37,"tags=21%, list=6%, signal=21%","CAPN3/HSPA1A/HSPA1B/CSNK1E/YBX1/ITGA2/LRP2"
"GOBP_POSITIVE_REGULATION_OF_CELLULAR_COMPONENT_ORGANIZATION","GOBP_POSITIVE_REGULATION_OF_CELLULAR_COMPONENT_ORGANIZATION",53,-0.323065927763656,-1.34231317857253,0.113082039911308,0.35398779556702,0.291533925007984,92,"tags=51%, list=16%, signal=47%","PTN/TPM1/NTRK2/FLRT2/ADGRB3/STMP1/NEGR1/EVL/ITSN1/GPM6A/LRRTM4/CAMK1D/NAV3/TENM3/EPHA4/ASIC2/GRIP1/TENM2/DSCAM/ERC2/CLSTN2/BMP5/LINGO2/SYT1/NRG1/ROBO2/NRXN1"
"GOBP_MICROTUBULE_CYTOSKELETON_ORGANIZATION","GOBP_MICROTUBULE_CYTOSKELETON_ORGANIZATION",25,0.301454876131959,1.47726924556708,0.11571617700321,0.358181045473863,0.294987362158051,111,"tags=36%, list=19%, signal=30%","HSPA1A/CCP110/HSPA1B/LMNA/SLAIN1/CRYAB/CCDC102B/SUN2/CNTN2"
"GOBP_CENTRAL_NERVOUS_SYSTEM_NEURON_DEVELOPMENT","GOBP_CENTRAL_NERVOUS_SYSTEM_NEURON_DEVELOPMENT",10,-0.499350529737045,-1.37431723217744,0.116022099447514,0.358181045473863,0.294987362158051,87,"tags=70%, list=15%, signal=61%","NTRK2/NR4A2/MAP2/EPHA4/GABRB1/AGBL4/ROBO2"
"GOBP_INORGANIC_ION_HOMEOSTASIS","GOBP_INORGANIC_ION_HOMEOSTASIS",31,-0.36250328212854,-1.35507609910292,0.117298578199052,0.360274204468517,0.296711226271501,235,"tags=61%, list=40%, signal=39%","SLC1A3/ATP2B1/PDE4D/CACNB2/PLCB4/MICU3/GRIK2/CEMIP/EXT1/SGCD/PRKCB/RYR2/BMP6/GRM1/SLC24A3/ERC2/GRM5/KCNMA1/SLC8A1"
"GOBP_NEGATIVE_REGULATION_OF_APOPTOTIC_SIGNALING_PATHWAY","GOBP_NEGATIVE_REGULATION_OF_APOPTOTIC_SIGNALING_PATHWAY",12,0.375581560325698,1.37935679312219,0.120967741935484,0.360507824976046,0.296903629242381,41,"tags=42%, list=7%, signal=40%","HSPA1A/HSPB1/HSPA1B/LMNA/CD74"
"GOBP_SENSORY_ORGAN_MORPHOGENESIS","GOBP_SENSORY_ORGAN_MORPHOGENESIS",12,-0.467254755811026,-1.3763973059739,0.119363395225464,0.360507824976046,0.296903629242381,94,"tags=42%, list=16%, signal=36%","EYA1/TENM3/ITGA8/OLFM3/DSCAM"
"GOBP_DENDRITE_DEVELOPMENT","GOBP_DENDRITE_DEVELOPMENT",22,-0.398908124756542,-1.36039449664211,0.12079701120797,0.360507824976046,0.296903629242381,212,"tags=59%, list=36%, signal=39%","PTN/PHACTR1/ADGRB3/MAP2/CSMD3/ITSN1/ARHGAP44/CAMK1D/CTNNA2/EPHA4/DSCAM/GRM5/BMP5"
"GOBP_REGULATION_OF_APOPTOTIC_SIGNALING_PATHWAY","GOBP_REGULATION_OF_APOPTOTIC_SIGNALING_PATHWAY",15,0.336103714511077,1.32939800731208,0.120833333333333,0.360507824976046,0.296903629242381,41,"tags=33%, list=7%, signal=32%","HSPA1A/HSPB1/HSPA1B/LMNA/CD74"
"GOBP_ESTABLISHMENT_OF_LOCALIZATION_IN_CELL","GOBP_ESTABLISHMENT_OF_LOCALIZATION_IN_CELL",72,-0.29809097003813,-1.29122910997538,0.119565217391304,0.360507824976046,0.296903629242381,35,"tags=19%, list=6%, signal=21%","PCLO/GRIP1/CADPS2/NPTX1/FMN2/ERC2/RIMS2/DCLK1/CADPS/AGBL4/SNAP25/SYT1/NRG1/NRXN1"
"GOBP_CELL_PROJECTION_ORGANIZATION","GOBP_CELL_PROJECTION_ORGANIZATION",90,-0.287355712543436,-1.28285396977135,0.119246861924686,0.360507824976046,0.296903629242381,212,"tags=47%, list=36%, signal=35%","PTN/TPM1/NTRK2/NR4A2/PHACTR1/FLRT2/ADGRB3/MAP2/NEGR1/EVL/CDC14A/FGD6/CSMD3/ITSN1/EXT1/EPHA7/GPM6A/FGD4/STK24/ARHGAP44/CAMK1D/KALRN/CTNNA2/TENM3/EPHA4/NRCAM/GRIP1/NELL2/ITGA8/TENM2/DSCAM/NPTX1/CNTN5/RIMS2/GRM5/BMP5/DCLK1/UNC5D/SNAP25/SYT1/ROBO2/NRXN1"
"GOBP_DENDRITIC_SPINE_DEVELOPMENT","GOBP_DENDRITIC_SPINE_DEVELOPMENT",10,-0.497230113927159,-1.36848140380966,0.12292817679558,0.362169114596299,0.298271818455773,158,"tags=50%, list=27%, signal=37%","ITSN1/ARHGAP44/EPHA4/DSCAM/GRM5"
"GOBP_MUSCLE_TISSUE_DEVELOPMENT","GOBP_MUSCLE_TISSUE_DEVELOPMENT",27,-0.369777752762732,-1.33283995704708,0.123486682808717,0.362169114596299,0.298271818455773,210,"tags=59%, list=36%, signal=40%","TPM1/FOXP2/AKAP13/ALDH1A2/HDAC9/TGFBR3/SORBS2/SGCD/GPCPD1/KCNK2/RYR2/EYA1/ITGA8/BMP5/SLC8A1/NRG1"
"GOBP_CELL_SUBSTRATE_ADHESION","GOBP_CELL_SUBSTRATE_ADHESION",17,0.314902316725658,1.33005507366013,0.123931623931624,0.362169114596299,0.298271818455773,103,"tags=35%, list=18%, signal=30%","EMP2/ADAMTS9/ITGA2/PREX1/DOCK1/DOCK5"
"GOBP_CELL_GROWTH","GOBP_CELL_GROWTH",29,-0.359918404281725,-1.31517263445488,0.122619047619048,0.362169114596299,0.298271818455773,72,"tags=28%, list=12%, signal=25%","MEG3/NRCAM/DSCAM/RIMS2/DCLK1/NRG3/SYT1/NRG1"
"GOBP_DEVELOPMENTAL_GROWTH","GOBP_DEVELOPMENTAL_GROWTH",34,-0.349678880008712,-1.33201943648207,0.127039627039627,0.369458239023456,0.304274926700556,164,"tags=41%, list=28%, signal=31%","TGFBR3/EXT1/EPHA7/SORBS2/BNC2/KCNK2/EYS/RSPO2/NRCAM/DSCAM/RIMS2/DCLK1/SYT1/NRG1"
"GOBP_RESPONSE_TO_VIRUS","GOBP_RESPONSE_TO_VIRUS",13,0.410730535311355,1.57726650351741,0.129675477128393,0.373913043478261,0.307943772474665,87,"tags=54%, list=15%, signal=47%","IFITM2/HSPB1/GBP2/IFIT2/SAP30BP/HSP90AA1/IFITM3"
"GOBP_DENDRITE_MORPHOGENESIS","GOBP_DENDRITE_MORPHOGENESIS",15,-0.442450877356735,-1.38286268609012,0.12992125984252,0.373913043478261,0.307943772474665,212,"tags=60%, list=36%, signal=39%","PTN/PHACTR1/ADGRB3/MAP2/ARHGAP44/CTNNA2/EPHA4/DSCAM/GRM5"
"GOBP_REGULATION_OF_DEVELOPMENTAL_GROWTH","GOBP_REGULATION_OF_DEVELOPMENTAL_GROWTH",16,-0.433495796449749,-1.36310882920476,0.130434782608696,0.373913043478261,0.307943772474665,103,"tags=56%, list=18%, signal=48%","MAP2/TGFBR3/EPHA7/KCNK2/NRCAM/DSCAM/RIMS2/SYT1/NRG1"
"GOBP_REGULATION_OF_PROTEIN_METABOLIC_PROCESS","GOBP_REGULATION_OF_PROTEIN_METABOLIC_PROCESS",61,0.19615868416149,1.23264156234735,0.135319066214621,0.386076198394321,0.317960988710833,113,"tags=30%, list=19%, signal=27%","CAPN3/HSPA1A/CNDP1/HSPB1/HSPA1B/CSNK1E/YBX1/ITGA2/LRP2/ATG13/CRYAB/HSP90AA1/MDM4/SNX9/USP9X/TF/CNTN2/MTG1"
"GOBP_REGULATION_OF_UBIQUITIN_DEPENDENT_PROTEIN_CATABOLIC_PROCESS","GOBP_REGULATION_OF_UBIQUITIN_DEPENDENT_PROTEIN_CATABOLIC_PROCESS",11,0.375977763258524,1.31924612426711,0.138339920948617,0.392833171750317,0.323525833002971,110,"tags=45%, list=19%, signal=38%","HSPA1A/HSPA1B/CSNK1E/USP9X/TF"
"GOBP_EMBRYONIC_ORGAN_MORPHOGENESIS","GOBP_EMBRYONIC_ORGAN_MORPHOGENESIS",10,-0.486193363433506,-1.33810595512703,0.139502762430939,0.393388429752066,0.323983127143247,134,"tags=50%, list=23%, signal=39%","SATB2/RYR2/EYA1/MMP16/ITGA8"
"GOBP_GLIAL_CELL_DIFFERENTIATION","GOBP_GLIAL_CELL_DIFFERENTIATION",14,0.33619216751136,1.30343737493315,0.140495867768595,0.393388429752066,0.323983127143247,179,"tags=57%, list=31%, signal=41%","MYRF/FA2H/NKX6-2/DAAM2/CNTN2/QKI/GSTP1/CNP"
"GOBP_NEGATIVE_REGULATION_OF_CELL_DEVELOPMENT","GOBP_NEGATIVE_REGULATION_OF_CELL_DEVELOPMENT",14,0.336165122897234,1.30333252132784,0.140495867768595,0.393388429752066,0.323983127143247,137,"tags=50%, list=23%, signal=39%","NKX6-2/CD74/DAAM2/CBFB/SPP1/LGALS1/QKI"
"GOBP_IN_UTERO_EMBRYONIC_DEVELOPMENT","GOBP_IN_UTERO_EMBRYONIC_DEVELOPMENT",11,-0.467117895102682,-1.34838613041156,0.141522029372497,0.394427137417792,0.324838576191257,44,"tags=36%, list=8%, signal=34%","ZNF568/CELF4/BMP5/AGBL4"
"GOBP_ENDOTHELIAL_CELL_MIGRATION","GOBP_ENDOTHELIAL_CELL_MIGRATION",16,0.344563585671439,1.4259090321745,0.143006580118181,0.396727931940761,0.326733442811852,69,"tags=31%, list=12%, signal=28%","EMP2/HSPB1/ADAMTS9/SPARC/NRP2"
"GOBP_REGULATION_OF_PROTEIN_MODIFICATION_PROCESS","GOBP_REGULATION_OF_PROTEIN_MODIFICATION_PROCESS",23,0.276288138267079,1.29086293823006,0.147368421052632,0.406953162723322,0.335154641795217,88,"tags=30%, list=15%, signal=27%","CAPN3/HSPA1A/HSPB1/HSPA1B/ATG13/HSP90AA1/SNX9"
"GOBP_ORGANIC_ACID_BIOSYNTHETIC_PROCESS","GOBP_ORGANIC_ACID_BIOSYNTHETIC_PROCESS",10,0.385053061414976,1.32282146663003,0.151079136690647,0.412030875698696,0.339336496684885,159,"tags=60%, list=27%, signal=44%","CBR1/FA2H/CD74/QKI/MIF/GSTP1"
"GOBP_MORPHOGENESIS_OF_AN_EPITHELIUM","GOBP_MORPHOGENESIS_OF_AN_EPITHELIUM",19,-0.400583757639557,-1.3174513400338,0.150967741935484,0.412030875698696,0.339336496684885,170,"tags=47%, list=29%, signal=35%","ALDH1A2/EXT1/EPHA7/RYR2/EYA1/EPHA4/RSPO2/BMP5/CSMD1"
"GOBP_POSITIVE_REGULATION_OF_CYTOKINE_PRODUCTION","GOBP_POSITIVE_REGULATION_OF_CYTOKINE_PRODUCTION",18,0.2922416735331,1.27217902884602,0.151260504201681,0.412030875698696,0.339336496684885,73,"tags=33%, list=13%, signal=30%","HSPA1A/HSPB1/HSPA1B/CD74/CYBA/HSP90AA1"
"GOBP_CELLULAR_RESPONSE_TO_OXYGEN_LEVELS","GOBP_CELLULAR_RESPONSE_TO_OXYGEN_LEVELS",13,-0.441978817614409,-1.3186790540544,0.156417112299465,0.422256061005731,0.347757658215946,103,"tags=38%, list=18%, signal=32%","KCNK2/EPHA4/KCND2/FMN2/GRM5"
"GOBP_POSITIVE_REGULATION_OF_MAPK_CASCADE","GOBP_POSITIVE_REGULATION_OF_MAPK_CASCADE",19,-0.396025956084481,-1.30246151168498,0.156129032258065,0.422256061005731,0.347757658215946,87,"tags=26%, list=15%, signal=23%","EPHA4/GRM1/GRM5/NRG1/NRXN1"
"GOBP_NEGATIVE_REGULATION_OF_CELL_GROWTH","GOBP_NEGATIVE_REGULATION_OF_CELL_GROWTH",10,0.377240343416356,1.29598144867686,0.161870503597122,0.426623252250527,0.351354348330124,74,"tags=40%, list=13%, signal=36%","HSPA1A/HSPA1B/CRYAB/SPP1"
"GOBP_ORGANIC_ACID_METABOLIC_PROCESS","GOBP_ORGANIC_ACID_METABOLIC_PROCESS",19,0.286228665971009,1.27793861601222,0.162995594713656,0.426623252250527,0.351354348330124,66,"tags=32%, list=11%, signal=29%","CBR1/FA2H/SLC2A1/CD74/ADSS2/DBI"
"GOBP_MYOBLAST_FUSION","GOBP_MYOBLAST_FUSION",15,0.322183098591549,1.27433750585081,0.1625,0.426623252250527,0.351354348330124,400,"tags=100%, list=69%, signal=32%","DOCK1/DOCK5/RPL27/RPL7A/RPL18A/RPL18/RPL30/RPL28/RPL38/RPL23/RPL12/RPL36A/RPL39/ADGRB3/RPL31"
"GOBP_SYNCYTIUM_FORMATION","GOBP_SYNCYTIUM_FORMATION",15,0.322183098591549,1.27433750585081,0.1625,0.426623252250527,0.351354348330124,400,"tags=100%, list=69%, signal=32%","DOCK1/DOCK5/RPL27/RPL7A/RPL18A/RPL18/RPL30/RPL28/RPL38/RPL23/RPL12/RPL36A/RPL39/ADGRB3/RPL31"
"GOBP_POSITIVE_REGULATION_OF_PROTEIN_CONTAINING_COMPLEX_ASSEMBLY","GOBP_POSITIVE_REGULATION_OF_PROTEIN_CONTAINING_COMPLEX_ASSEMBLY",15,0.321322551961257,1.27093376787911,0.1625,0.426623252250527,0.351354348330124,88,"tags=40%, list=15%, signal=35%","HSPA1A/HSPA1B/GBP2/SLAIN1/HSP90AA1/SNX9"
"GOBP_MYOTUBE_DIFFERENTIATION","GOBP_MYOTUBE_DIFFERENTIATION",18,0.288495575221239,1.25587160884418,0.159663865546218,0.426623252250527,0.351354348330124,420,"tags=100%, list=72%, signal=29%","DOCK1/DOCK5/RPL27/SORT1/RPL7A/RPL18A/RPL18/RPL30/RPL28/RPL38/RPL23/RPL12/RPL36A/RPL39/PPP3CA/ADGRB3/RPL31/HDAC9"
"GOBP_REGULATION_OF_CELL_DIFFERENTIATION","GOBP_REGULATION_OF_CELL_DIFFERENTIATION",67,0.184423883332353,1.19922357655415,0.162041618773437,0.426623252250527,0.351354348330124,41,"tags=16%, list=7%, signal=17%","MYRF/CAPN3/HSPA1A/EMP2/ADAMTS9/PLEKHB1/HSPA1B/YBX1/NKX6-2/LRP2/CD74"
"GOBP_TUBE_DEVELOPMENT","GOBP_TUBE_DEVELOPMENT",57,-0.299839441465535,-1.25335598185625,0.165739710789766,0.431927731149088,0.355722960956847,170,"tags=40%, list=29%, signal=32%","ALDH1A2/HDAC9/TGFBR3/EXT1/EPHA7/SLC22A6/SGCD/AMOTL1/CYP1B1/PRKCB/RYR2/EYA1/EPHA4/RSPO2/NRCAM/F3/RXFP1/IL18/THRB/BMP5/CSMD1/ROBO2/NRXN1"
"GOBP_PROTEASOME_MEDIATED_UBIQUITIN_DEPENDENT_PROTEIN_CATABOLIC_PROCESS","GOBP_PROTEASOME_MEDIATED_UBIQUITIN_DEPENDENT_PROTEIN_CATABOLIC_PROCESS",16,0.337168811007301,1.39530720301155,0.167876709331121,0.433859216467912,0.357313675391479,296,"tags=88%, list=51%, signal=44%","HSPA1A/HSPA1B/CSNK1E/USP9X/TF/UFL1/HSP90AB1/SEM1/TRIP12/PIAS1/WWTR1/FHIT/TBL1XR1/KDM2A"
"GOBP_DEVELOPMENTAL_CELL_GROWTH","GOBP_DEVELOPMENTAL_CELL_GROWTH",16,-0.415916882244265,-1.30783269190983,0.168642951251647,0.433859216467912,0.357313675391479,155,"tags=50%, list=27%, signal=38%","EXT1/EPHA7/SORBS2/NRCAM/DSCAM/RIMS2/DCLK1/SYT1"
"GOBP_POSITIVE_REGULATION_OF_CELL_PROJECTION_ORGANIZATION","GOBP_POSITIVE_REGULATION_OF_CELL_PROJECTION_ORGANIZATION",22,-0.376705951918358,-1.28467853131552,0.168119551681196,0.433859216467912,0.357313675391479,92,"tags=41%, list=16%, signal=36%","GPM6A/CAMK1D/TENM3/EPHA4/GRIP1/TENM2/DSCAM/BMP5/ROBO2"
"GOBP_CELL_CHEMOTAXIS","GOBP_CELL_CHEMOTAXIS",13,0.392295480355995,1.50647314346311,0.172503022744186,0.441901360391489,0.36393694832032,165,"tags=62%, list=28%, signal=45%","HSPB1/CD74/PREX1/BSG/SLC12A2/MIF/GSTP1/RPS19"
"GOBP_CALCIUM_ION_TRANSPORT","GOBP_CALCIUM_ION_TRANSPORT",21,-0.379407680690235,-1.28178741485663,0.17906683480454,0.456610407876231,0.376050886710447,226,"tags=67%, list=39%, signal=42%","ATP2B1/PDE4D/CACNB2/PLCB4/MICU3/CEMIP/GPM6A/CACHD1/CACNA2D3/PRKCB/RYR2/NALF1/SLC24A3/SLC8A1"
"GOBP_REGULATION_OF_NERVOUS_SYSTEM_DEVELOPMENT","GOBP_REGULATION_OF_NERVOUS_SYSTEM_DEVELOPMENT",29,-0.344863996423399,-1.26016254047898,0.179761904761905,0.456610407876231,0.376050886710447,87,"tags=55%, list=15%, signal=49%","PTN/NTRK2/FLRT2/ADGRB3/MAP2/NEGR1/EPHA7/LRRTM4/EPHA4/ASIC2/DSCAM/GRM5/CLSTN2/LINGO2/ROBO2/NRXN1"
"GOBP_REGULATION_OF_CELL_ACTIVATION","GOBP_REGULATION_OF_CELL_ACTIVATION",19,0.278761310634012,1.24459876267412,0.180616740088106,0.456854107281679,0.376251590364873,207,"tags=63%, list=36%, signal=42%","ADAMTS18/CAPN3/CD74/CD22/CBFB/LGALS1/MIF/DLG1/UFL1/RIF1/SOS2/PPP2R3C"
"GOBP_MACROMOLECULE_CATABOLIC_PROCESS","GOBP_MACROMOLECULE_CATABOLIC_PROCESS",49,0.213320747703545,1.27677323625327,0.182459750431108,0.459584810709317,0.378500517300382,110,"tags=29%, list=19%, signal=25%","CAPN3/HSPA1A/HSPA1B/PABPC4/CSNK1E/YBX1/LRP2/ADARB2/HSP90AA1/MDM4/SNX9/USP9X/HERC3/TF"
"GOBP_CHEMICAL_HOMEOSTASIS","GOBP_CHEMICAL_HOMEOSTASIS",54,-0.29782884659539,-1.23799470710403,0.187986651835373,0.471533185020393,0.388340846554651,235,"tags=54%, list=40%, signal=35%","SLC1A3/RORA/ATP2B1/PDE4D/CACNB2/PLCB4/ATP6V1H/MICU3/NEGR1/ABCA5/GRIK2/HDAC9/CEMIP/EXT1/SGCD/PRKCB/RYR2/BMP6/ADCY2/GRM1/IL18/SLC24A3/NPTX1/SLC4A4/ERC2/GRM5/KCNMA1/SLC8A1/CSMD1"
"GOBP_PROTEIN_MODIFICATION_BY_SMALL_PROTEIN_CONJUGATION","GOBP_PROTEIN_MODIFICATION_BY_SMALL_PROTEIN_CONJUGATION",23,0.266478891445595,1.24503254806845,0.189473684210526,0.473291111596418,0.389788623119275,107,"tags=30%, list=18%, signal=26%","CAPN3/HSPA1A/HSPA1B/CBFB/HSP90AA1/USP9X/HERC3"
"GOBP_POSITIVE_REGULATION_OF_SECRETION","GOBP_POSITIVE_REGULATION_OF_SECRETION",19,-0.38392302237293,-1.26265703650961,0.190967741935484,0.47505198613703,0.391238827540726,95,"tags=32%, list=16%, signal=27%","BMP6/CADPS2/NNAT/GRM5/CADPS/SYT1"
"GOBP_CYTOSKELETON_ORGANIZATION","GOBP_CYTOSKELETON_ORGANIZATION",62,0.189731224436472,1.19659044203374,0.193303364323818,0.47888323178164,0.394394128639889,111,"tags=29%, list=19%, signal=26%","CAPN3/HSPA1A/CCP110/EMP2/HSPA1B/LMNA/SEMA6A/PREX1/SLAIN1/DAAM2/ERBIN/CRYAB/SNX9/PLXNB1/CALD1/CCDC102B/SUN2/CNTN2"
"GOBP_REGULATION_OF_HEMOPOIESIS","GOBP_REGULATION_OF_HEMOPOIESIS",19,0.315020218561515,1.40648561791902,0.206332592536287,0.49096365890259,0.404343212699982,150,"tags=47%, list=26%, signal=36%","HSPA1A/HSPA1B/CD74/CBFB/LGALS1/QKI/MEIS2/NFKBIA/MITF"
"GOBP_CELLULAR_RESPONSE_TO_METAL_ION","GOBP_CELLULAR_RESPONSE_TO_METAL_ION",11,-0.440602829534458,-1.27184753697727,0.20694259012016,0.49096365890259,0.404343212699982,95,"tags=45%, list=16%, signal=39%","KCNQ3/BMP6/NPTX1/SYT1/NRXN1"
"GOBP_RENAL_SYSTEM_DEVELOPMENT","GOBP_RENAL_SYSTEM_DEVELOPMENT",16,-0.403608158827092,-1.26912844217178,0.205533596837945,0.49096365890259,0.404343212699982,170,"tags=56%, list=29%, signal=41%","ALDH1A2/EXT1/EPHA7/SLC22A6/BMP6/EYA1/EPHA4/ITGA8/ROBO2"
"GOBP_MONOATOMIC_ANION_TRANSPORT","GOBP_MONOATOMIC_ANION_TRANSPORT",11,-0.437154972942569,-1.26189492746072,0.212283044058745,0.49096365890259,0.404343212699982,146,"tags=55%, list=25%, signal=42%","SLC22A6/KCNK2/SLC5A5/GABRB1/SLC4A4/GABRB2"
"GOBP_POSITIVE_REGULATION_OF_EPITHELIAL_CELL_PROLIFERATION","GOBP_POSITIVE_REGULATION_OF_EPITHELIAL_CELL_PROLIFERATION",11,-0.435641407930289,-1.25752585898479,0.213618157543391,0.49096365890259,0.404343212699982,95,"tags=55%, list=16%, signal=47%","PTN/FOXP2/BMP6/EYA1/F3/BMP5"
"GOBP_REPRODUCTIVE_SYSTEM_DEVELOPMENT","GOBP_REPRODUCTIVE_SYSTEM_DEVELOPMENT",12,-0.42660846393948,-1.25666509151475,0.213527851458886,0.49096365890259,0.404343212699982,26,"tags=33%, list=4%, signal=33%","BMP6/BMP5/CSMD1/ROBO2"
"GOBP_RESPIRATORY_SYSTEM_DEVELOPMENT","GOBP_RESPIRATORY_SYSTEM_DEVELOPMENT",10,-0.455606682444335,-1.25392500356047,0.204419889502762,0.49096365890259,0.404343212699982,262,"tags=80%, list=45%, signal=45%","SMCHD1/MAPK1/FOXP2/ALDH1A2/EXT1/RSPO2/RXFP1/THRB"
"GOBP_POSITIVE_REGULATION_OF_CYTOSKELETON_ORGANIZATION","GOBP_POSITIVE_REGULATION_OF_CYTOSKELETON_ORGANIZATION",14,0.319171979226268,1.23744907513602,0.206611570247934,0.49096365890259,0.404343212699982,248,"tags=79%, list=43%, signal=46%","HSPA1A/HSPA1B/SLAIN1/SNX9/PFN1/RGCC/DLG1/RAC1/CFL1/AKAP9/BRAF"
"GOBP_LIPID_BIOSYNTHETIC_PROCESS","GOBP_LIPID_BIOSYNTHETIC_PROCESS",22,0.265790129340216,1.23450893165917,0.21105527638191,0.49096365890259,0.404343212699982,160,"tags=55%, list=27%, signal=41%","CBR1/FA2H/CD74/HYCC1/IGFBP7/LSS/SLC44A1/PIP4K2A/QKI/MIF/GSTP1/PIGU"
"GOBP_MACROAUTOPHAGY","GOBP_MACROAUTOPHAGY",11,0.34965034965035,1.22686742063437,0.209486166007905,0.49096365890259,0.404343212699982,383,"tags=100%, list=66%, signal=35%","ATG4C/ATG13/PIP4K2A/BNIP3L/LAMP2/UFL1/VPS13C/RAB1A/SESN1/RTN3/ATP6V1H"
"GOBP_SMOOTH_MUSCLE_CELL_PROLIFERATION","GOBP_SMOOTH_MUSCLE_CELL_PROLIFERATION",11,0.349293709865037,1.22561602839655,0.209486166007905,0.49096365890259,0.404343212699982,48,"tags=27%, list=8%, signal=26%","ADAMTS1/ITGA2/CYBA"
"GOBP_MULTI_MULTICELLULAR_ORGANISM_PROCESS","GOBP_MULTI_MULTICELLULAR_ORGANISM_PROCESS",10,0.356143296237288,1.22350409506637,0.205035971223022,0.49096365890259,0.404343212699982,112,"tags=60%, list=19%, signal=49%","EMP2/SLC2A1/ITGA2/SPP1/IGFBP7/BSG"
"GOBP_REGULATION_OF_SUPRAMOLECULAR_FIBER_ORGANIZATION","GOBP_REGULATION_OF_SUPRAMOLECULAR_FIBER_ORGANIZATION",24,0.253554273829636,1.22139996683969,0.207446808510638,0.49096365890259,0.404343212699982,88,"tags=29%, list=15%, signal=26%","HSPA1A/HSPA1B/PREX1/SLAIN1/DAAM2/CRYAB/SNX9"
"GOBP_RESPONSE_TO_STEROID_HORMONE","GOBP_RESPONSE_TO_STEROID_HORMONE",16,0.294914858407466,1.22044748143137,0.201646090534979,0.49096365890259,0.404343212699982,82,"tags=38%, list=14%, signal=33%","HSPA1A/HSPA1B/CYBA/SPP1/IGFBP7/SGK1"
"GOBP_PROTEIN_CATABOLIC_PROCESS","GOBP_PROTEIN_CATABOLIC_PROCESS",37,0.214234075739501,1.20245254875024,0.202898550724638,0.49096365890259,0.404343212699982,110,"tags=30%, list=19%, signal=26%","CAPN3/HSPA1A/HSPA1B/CSNK1E/LRP2/HSP90AA1/MDM4/SNX9/USP9X/HERC3/TF"
"GOBP_ERYTHROCYTE_HOMEOSTASIS","GOBP_ERYTHROCYTE_HOMEOSTASIS",10,0.349714391652877,1.20141806629951,0.212230215827338,0.49096365890259,0.404343212699982,21,"tags=20%, list=4%, signal=20%","HSPA1A/HSPA1B"
"GOBP_MYELOID_CELL_HOMEOSTASIS","GOBP_MYELOID_CELL_HOMEOSTASIS",10,0.349714391652877,1.20141806629951,0.212230215827338,0.49096365890259,0.404343212699982,21,"tags=20%, list=4%, signal=20%","HSPA1A/HSPA1B"
"GOBP_CELLULAR_RESPONSE_TO_LIPID","GOBP_CELLULAR_RESPONSE_TO_LIPID",28,0.235903330499397,1.20030828674189,0.209580838323353,0.49096365890259,0.404343212699982,91,"tags=32%, list=16%, signal=28%","HSPA1A/HSPA1B/GBP2/ITGA2/CYBA/SPP1/IGFBP7/SGK1/CDK19"
"GOBP_EXTERNAL_ENCAPSULATING_STRUCTURE_ORGANIZATION","GOBP_EXTERNAL_ENCAPSULATING_STRUCTURE_ORGANIZATION",17,0.283762589874337,1.19852999591015,0.213675213675214,0.49096365890259,0.404343212699982,61,"tags=29%, list=10%, signal=27%","ADAMTS1/ADAMTS18/ADAMTS9/ITGA2/COLGALT2"
"GOBP_POSITIVE_REGULATION_OF_MULTICELLULAR_ORGANISMAL_PROCESS","GOBP_POSITIVE_REGULATION_OF_MULTICELLULAR_ORGANISMAL_PROCESS",74,-0.270842645222543,-1.18393172417778,0.216361679224973,0.49524612507009,0.40787012573529,113,"tags=26%, list=19%, signal=24%","CYP1B1/PRKCB/RYR2/BMP6/EPHA4/ASIC2/F3/GRIA1/IL18/DSCAM/RIMS2/GRM5/CLSTN2/CHRM3/LINGO2/SLC8A1/NRG1/ROBO2/NRXN1"
"GOBP_NEGATIVE_REGULATION_OF_MULTICELLULAR_ORGANISMAL_PROCESS","GOBP_NEGATIVE_REGULATION_OF_MULTICELLULAR_ORGANISMAL_PROCESS",52,0.205996268201645,1.24030790351738,0.219623603396083,0.500808368350158,0.412451025516567,165,"tags=46%, list=28%, signal=36%","ADAMTS1/ADAMTS18/ADAMTS9/NKX6-2/LMNA/CD74/SEMA6A/CYBA/DAAM2/ERBIN/SPARC/CBFB/SPP1/DOCK5/EPN2/SLC12A2/LGALS1/QKI/APOD/NFKBIA/RBPJ/RGCC/GSTP1/RPS19"
"GOBP_CANONICAL_NF_KAPPAB_SIGNAL_TRANSDUCTION","GOBP_CANONICAL_NF_KAPPAB_SIGNAL_TRANSDUCTION",13,0.320406196447061,1.23040757316053,0.220472440944882,0.500846828108751,0.412482699841269,204,"tags=69%, list=35%, signal=46%","CAPN3/HSPB1/CD74/LGALS1/NFKBIA/GSTP1/UFL1/MTDH/SLCO3A1"
"GOBP_CELL_MATRIX_ADHESION","GOBP_CELL_MATRIX_ADHESION",12,0.328696361059122,1.20716671528888,0.221774193548387,0.501910016977929,0.413358310887575,36,"tags=25%, list=6%, signal=24%","EMP2/ADAMTS9/ITGA2"
"GOBP_REGULATION_OF_POSTSYNAPSE_ORGANIZATION","GOBP_REGULATION_OF_POSTSYNAPSE_ORGANIZATION",16,-0.395032513236996,-1.24216269460115,0.227931488801054,0.508202800956424,0.418540862476789,158,"tags=44%, list=27%, signal=33%","ITSN1/EPHA7/ARHGAP44/EPHA4/ASIC2/NRCAM/GRM5"
"GOBP_NUCLEOBASE_CONTAINING_COMPOUND_CATABOLIC_PROCESS","GOBP_NUCLEOBASE_CONTAINING_COMPOUND_CATABOLIC_PROCESS",22,0.258097372267835,1.19877857049598,0.226130653266332,0.508202800956424,0.418540862476789,33,"tags=18%, list=6%, signal=18%","HSPA1A/HSPA1B/PABPC4/YBX1"
"GOBP_POSITIVE_REGULATION_OF_ENDOTHELIAL_CELL_MIGRATION","GOBP_POSITIVE_REGULATION_OF_ENDOTHELIAL_CELL_MIGRATION",10,0.345610251671042,1.18731859530693,0.226618705035971,0.508202800956424,0.418540862476789,112,"tags=40%, list=19%, signal=33%","HSPB1/SPARC/NRP2/BSG"
"GOBP_NEGATIVE_REGULATION_OF_PROGRAMMED_CELL_DEATH","GOBP_NEGATIVE_REGULATION_OF_PROGRAMMED_CELL_DEATH",39,0.214787381533861,1.18567422641737,0.227272727272727,0.508202800956424,0.418540862476789,76,"tags=26%, list=13%, signal=24%","CAPN3/HSPA1A/HSPB1/HSPA1B/LMNA/LRP2/CD74/CRYAB/PTMA/MDM4"
"GOBP_MITOTIC_CELL_CYCLE_PROCESS","GOBP_MITOTIC_CELL_CYCLE_PROCESS",26,0.231620115640114,1.17262903573802,0.229050279329609,0.508812797625183,0.419043237771396,21,"tags=12%, list=4%, signal=12%","ADAMTS1/HSPA1A/HSPA1B"
"GOBP_CARDIAC_MUSCLE_TISSUE_DEVELOPMENT","GOBP_CARDIAC_MUSCLE_TISSUE_DEVELOPMENT",17,-0.385465590792181,-1.23713798772419,0.231770833333333,0.511084401709402,0.420914064006169,210,"tags=65%, list=36%, signal=43%","TPM1/AKAP13/ALDH1A2/TGFBR3/SORBS2/SGCD/KCNK2/RYR2/BMP5/SLC8A1/NRG1"
"GOBP_MONOATOMIC_ION_HOMEOSTASIS","GOBP_MONOATOMIC_ION_HOMEOSTASIS",38,-0.30893941286922,-1.20447323428519,0.23121387283237,0.511084401709402,0.420914064006169,235,"tags=55%, list=40%, signal=35%","SLC1A3/ATP2B1/PDE4D/CACNB2/PLCB4/ATP6V1H/MICU3/GRIK2/CEMIP/EXT1/SGCD/PRKCB/RYR2/BMP6/GRM1/SLC24A3/SLC4A4/ERC2/GRM5/KCNMA1/SLC8A1"
"GOBP_HEMOPOIESIS","GOBP_HEMOPOIESIS",38,0.207331481805776,1.15425774162023,0.233576642335766,0.513186637540625,0.422645403534944,433,"tags=97%, list=74%, signal=27%","HSPA1A/HSPA1B/CD74/PREX1/CBFB/TF/PIP4K2A/LGALS1/QKI/MEIS2/NFKBIA/RBPJ/MITF/EEF2/RPS19/UFL1/SOS2/PPP2R3C/NF1/RAC1/ASXL1/PICALM/BRAF/SOS1/GPATCH8/TMOD3/MLLT3/FOXP1/PPP3CA/SMAP1/RORA/PTN/HDAC9/TGFBR3/CCSER1/EXT1/KLF6"
"GOBP_CELL_CYCLE_PHASE_TRANSITION","GOBP_CELL_CYCLE_PHASE_TRANSITION",17,0.273851590106007,1.15666883825345,0.235042735042735,0.514529914529914,0.423751686909582,428,"tags=100%, list=73%, signal=27%","ADAMTS1/HSPA2/TAOK3/RGCC/DLG1/UFL1/CALM2/PIAS1/RAB11A/CCNY/TMOD3/PPP3CA/DYNC1I1/MNAT1/CDC14A/ARPP19/CDK14"
"GOBP_MULTICELLULAR_ORGANISMAL_REPRODUCTIVE_PROCESS","GOBP_MULTICELLULAR_ORGANISMAL_REPRODUCTIVE_PROCESS",36,-0.309793097776688,-1.1919071977543,0.236384704519119,0.515592725074311,0.424626986378738,55,"tags=17%, list=9%, signal=16%","GABRB1/CELF4/FMN2/THRB/CSMD1/ROBO2"
"GOBP_VASCULAR_TRANSPORT","GOBP_VASCULAR_TRANSPORT",12,-0.416474766824779,-1.2268141520973,0.237400530503979,0.515939059073629,0.424912216862527,115,"tags=42%, list=20%, signal=34%","SLC6A20/SLC5A5/SLC24A3/SLC16A12/SLC4A4"
"GOBP_AMIDE_TRANSPORT","GOBP_AMIDE_TRANSPORT",13,-0.414621101747596,-1.23705512674707,0.240641711229947,0.51694726325437,0.4257425441385,74,"tags=31%, list=13%, signal=27%","PCLO/NNAT/RIMS2/SNAP25"
"GOBP_RESPONSE_TO_MECHANICAL_STIMULUS","GOBP_RESPONSE_TO_MECHANICAL_STIMULUS",16,-0.389343374508099,-1.22427344332019,0.241106719367589,0.51694726325437,0.4257425441385,103,"tags=69%, list=18%, signal=58%","MAP2K4/SLC1A3/PTN/FOXP2/KCNQ3/KCNK2/RYR2/BMP6/ASIC2/SLC8A1/NRXN1"
"GOBP_INTRINSIC_APOPTOTIC_SIGNALING_PATHWAY","GOBP_INTRINSIC_APOPTOTIC_SIGNALING_PATHWAY",13,0.312312040317838,1.199324806628,0.240157480314961,0.51694726325437,0.4257425441385,41,"tags=23%, list=7%, signal=22%","HSPA1A/HSPB1/CD74"
"GOBP_HEART_DEVELOPMENT","GOBP_HEART_DEVELOPMENT",35,-0.311432264045282,-1.19465368587966,0.241299303944316,0.51694726325437,0.4257425441385,195,"tags=51%, list=33%, signal=36%","FLRT2/AKAP13/FGF12/ALDH1A2/HDAC9/TGFBR3/EXT1/SORBS2/SGCD/KCNK2/RYR2/BMP6/EYA1/UTY/BMP5/SLC8A1/NRG1/ROBO2"
"GOBP_REPRODUCTIVE_PROCESS","GOBP_REPRODUCTIVE_PROCESS",49,-0.289387013911657,-1.19121944281711,0.243604004449388,0.520034080420325,0.428284755862866,66,"tags=18%, list=11%, signal=18%","RXFP1/NELL2/GABRB1/CELF4/FMN2/THRB/BMP5/CSMD1/ROBO2"
"GOBP_PROTEIN_LOCALIZATION_TO_ORGANELLE","GOBP_PROTEIN_LOCALIZATION_TO_ORGANELLE",28,0.230313262224944,1.17186525773049,0.245508982035928,0.520409884456439,0.428594257001194,183,"tags=54%, list=31%, signal=39%","GBP2/YBX1/LMNA/HSP90AA1/LAMTOR1/USP9X/SUN2/MTCH1/APOD/NFKBIA/ABHD17B/SORT1/LAMP2/DLG1/ZMYND8"
"GOBP_CELLULAR_RESPONSE_TO_STRESS","GOBP_CELLULAR_RESPONSE_TO_STRESS",81,0.172506919190575,1.14748115283299,0.245304839914821,0.520409884456439,0.428594257001194,192,"tags=48%, list=33%, signal=38%","CAPN3/HSPA1A/HSPA1B/OMG/EFHD1/CSNK1E/SLC2A1/YBX1/LMNA/CD74/ATG13/GPR37/CRYAB/HSP90AA1/SPP1/MDM4/TMEM258/SGK1/USP9X/ZBTB38/PRDX1/VRK2/MIF/APOD/CHCHD2/NFKBIA/EEF2/FNIP2/TAOK3/RGCC/GSTP1/BNIP3L/LAMP2/UFL1/ZMYND8/RIF1/TMBIM6/DDIT4/HP1BP3"
"GOBP_REGULATION_OF_SYNAPTIC_PLASTICITY","GOBP_REGULATION_OF_SYNAPTIC_PLASTICITY",16,-0.388069116476261,-1.22026659391564,0.246376811594203,0.520416984490211,0.428600104379943,212,"tags=50%, list=36%, signal=33%","PTN/NTRK2/GRIK2/KCNQ3/EPHA4/GRIA1/GRM5/SNAP25"
"GOBP_LEUKOCYTE_MIGRATION","GOBP_LEUKOCYTE_MIGRATION",17,0.272004112038623,1.14886563247666,0.247863247863248,0.521726137110753,0.429678283929296,139,"tags=47%, list=24%, signal=37%","EMP2/ITGA2/CD74/PREX1/BSG/SLC12A2/MIF/APOD"
"GOBP_NEGATIVE_REGULATION_OF_SYNCYTIUM_FORMATION_BY_PLASMA_MEMBRANE_FUSION","GOBP_NEGATIVE_REGULATION_OF_SYNCYTIUM_FORMATION_BY_PLASMA_MEMBRANE_FUSION",12,0.320490367775832,1.17702947274213,0.25,0.522569444444444,0.430372807017544,400,"tags=100%, list=69%, signal=32%","RPL27/RPL7A/RPL18A/RPL18/RPL30/RPL28/RPL38/RPL23/RPL12/RPL36A/RPL39/RPL31"
"GOBP_REGULATION_OF_SYNCYTIUM_FORMATION_BY_PLASMA_MEMBRANE_FUSION","GOBP_REGULATION_OF_SYNCYTIUM_FORMATION_BY_PLASMA_MEMBRANE_FUSION",12,0.320490367775832,1.17702947274213,0.25,0.522569444444444,0.430372807017544,400,"tags=100%, list=69%, signal=32%","RPL27/RPL7A/RPL18A/RPL18/RPL30/RPL28/RPL38/RPL23/RPL12/RPL36A/RPL39/RPL31"
"GOBP_BLOOD_VESSEL_MORPHOGENESIS","GOBP_BLOOD_VESSEL_MORPHOGENESIS",36,0.198600803840179,1.11587496097346,0.251798561151079,0.524507729456573,0.43196912147936,158,"tags=47%, list=27%, signal=37%","ADAMTS1/EMP2/HSPB1/ADAMTS9/LRP2/SEMA6A/SPARC/NRP2/IGFBP7/EPN2/BSG/SLC12A2/QKI/APOD/RBPJ/ADIPOR2/RGCC"
"GOBP_CALCIUM_ION_TRANSMEMBRANE_TRANSPORT","GOBP_CALCIUM_ION_TRANSMEMBRANE_TRANSPORT",20,-0.361517362642994,-1.20982391291918,0.253467843631778,0.525801832760596,0.433034906854766,226,"tags=65%, list=39%, signal=41%","ATP2B1/PDE4D/CACNB2/PLCB4/MICU3/CEMIP/GPM6A/CACHD1/CACNA2D3/RYR2/NALF1/SLC24A3/SLC8A1"
"GOBP_REGULATION_OF_LYMPHOCYTE_ACTIVATION","GOBP_REGULATION_OF_LYMPHOCYTE_ACTIVATION",15,0.291573679525283,1.15326743445672,0.254166666666667,0.525801832760596,0.433034906854766,207,"tags=67%, list=36%, signal=44%","CD74/CD22/CBFB/LGALS1/MIF/DLG1/UFL1/RIF1/SOS2/PPP2R3C"
"GOBP_EMBRYONIC_MORPHOGENESIS","GOBP_EMBRYONIC_MORPHOGENESIS",22,-0.348759350690328,-1.18937236894125,0.257783312577833,0.528098770780311,0.434926597372839,170,"tags=45%, list=29%, signal=33%","ALDH1A2/EXT1/SATB2/ZNF568/RYR2/EYA1/MMP16/RSPO2/ITGA8/BMP5"
"GOBP_REGULATION_OF_GROWTH","GOBP_REGULATION_OF_GROWTH",28,-0.325481752668062,-1.18792521012803,0.256287425149701,0.528098770780311,0.434926597372839,72,"tags=25%, list=12%, signal=23%","MEG3/NRCAM/DSCAM/RIMS2/NRG3/SYT1/NRG1"
"GOBP_REGULATION_OF_MITOTIC_CELL_CYCLE","GOBP_REGULATION_OF_MITOTIC_CELL_CYCLE",12,0.319123737449496,1.17201040092539,0.258064516129032,0.528098770780311,0.434926597372839,345,"tags=92%, list=59%, signal=38%","ADAMTS1/HSPA2/MEIS2/TAOK3/RGCC/DLG1/RAB11A/TMOD3/DYNC1I1/TTC28/MNAT1"
"GOBP_REGULATION_OF_TRANSPORT","GOBP_REGULATION_OF_TRANSPORT",79,-0.260460239776472,-1.14639777061415,0.258785942492013,0.528098770780311,0.434926597372839,128,"tags=27%, list=22%, signal=24%","ARHGAP44/DPP10/CAMK1D/PRKAG2/PRKCB/RYR2/BMP6/PCLO/ASIC2/CADPS2/NNAT/GRIA1/ERC2/RIMS2/GRM5/CADPS/SLC8A1/SNAP25/SYT1/NRG1/KCNIP4"
"GOBP_REGULATION_OF_CELLULAR_RESPONSE_TO_GROWTH_FACTOR_STIMULUS","GOBP_REGULATION_OF_CELLULAR_RESPONSE_TO_GROWTH_FACTOR_STIMULUS",16,0.279129380989089,1.15512236942283,0.263374485596708,0.53564675786898,0.441142897283248,50,"tags=31%, list=9%, signal=29%","HSPA1A/PCSK6/LRP2/SEMA6A/HTRA1"
"GOBP_CARDIAC_CHAMBER_MORPHOGENESIS","GOBP_CARDIAC_CHAMBER_MORPHOGENESIS",11,-0.414750916661518,-1.19722320524445,0.269692923898531,0.537945503522586,0.443036076515366,26,"tags=36%, list=4%, signal=35%","RYR2/BMP5/NRG1/ROBO2"
"GOBP_CARDIAC_MUSCLE_CONTRACTION","GOBP_CARDIAC_MUSCLE_CONTRACTION",11,-0.413159100350613,-1.19262825596443,0.271028037383178,0.537945503522586,0.443036076515366,222,"tags=64%, list=38%, signal=40%","PDE4D/CACNB2/TPM1/FGF12/SGCD/RYR2/SLC8A1"
"GOBP_BONE_DEVELOPMENT","GOBP_BONE_DEVELOPMENT",10,-0.43055283957098,-1.1849715811795,0.270718232044199,0.537945503522586,0.443036076515366,194,"tags=80%, list=33%, signal=54%","GNAS/FOXP1/AKAP13/CCSER1/EXT1/BNC2/BMP6/MMP16"
"GOBP_NEGATIVE_REGULATION_OF_ORGANELLE_ORGANIZATION","GOBP_NEGATIVE_REGULATION_OF_ORGANELLE_ORGANIZATION",13,0.30323781592668,1.16447843182237,0.271653543307087,0.537945503522586,0.443036076515366,35,"tags=23%, list=6%, signal=22%","HSPA1A/CCP110/LMNA"
"GOBP_MITOCHONDRION_ORGANIZATION","GOBP_MITOCHONDRION_ORGANIZATION",12,0.314588568502317,1.15535458829757,0.266129032258065,0.537945503522586,0.443036076515366,35,"tags=25%, list=6%, signal=24%","HSPA1A/IFIT2/LMNA"
"GOBP_WOUND_HEALING","GOBP_WOUND_HEALING",16,0.278171182376292,1.15115705180535,0.267489711934156,0.537945503522586,0.443036076515366,36,"tags=25%, list=6%, signal=24%","ADAMTS18/HSPB1/PABPC4/ITGA2"
"GOBP_MITOTIC_CELL_CYCLE","GOBP_MITOTIC_CELL_CYCLE",28,0.22330724095195,1.13621766694294,0.269461077844311,0.537945503522586,0.443036076515366,345,"tags=86%, list=59%, signal=37%","ADAMTS1/HSPA1A/HSPA1B/HSPA2/SNX9/SUN2/STAMBP/MEIS2/TAOK3/RGCC/DLG1/EXOC6B/CFL1/DIS3L2/SON/CALM2/PIAS1/RAB11A/CCNY/TMOD3/PPP3CA/DYNC1I1/TTC28/MNAT1"
"GOBP_ACTOMYOSIN_STRUCTURE_ORGANIZATION","GOBP_ACTOMYOSIN_STRUCTURE_ORGANIZATION",12,0.308231173380035,1.13200648744598,0.270161290322581,0.537945503522586,0.443036076515366,407,"tags=100%, list=70%, signal=31%","CAPN3/PFN1/RGCC/RAC1/BRAF/TMOD3/PHLDB2/SORBS1/TPM1/PHACTR1/AKAP13/EVL"
"GOBP_IMPORT_ACROSS_PLASMA_MEMBRANE","GOBP_IMPORT_ACROSS_PLASMA_MEMBRANE",13,-0.404194702830413,-1.20594713398055,0.275401069518717,0.543578504427106,0.447675250192633,115,"tags=38%, list=20%, signal=32%","SLC6A20/KCNJ13/NALF1/GRM1/SLC8A1"
"GOBP_REGULATION_OF_RNA_SPLICING","GOBP_REGULATION_OF_RNA_SPLICING",12,-0.404788247721402,-1.19238904842515,0.281167108753316,0.546758534293768,0.450294229152587,88,"tags=33%, list=15%, signal=29%","RBFOX1/CELF2/CELF4/KHDRBS2"
"GOBP_CELL_SURFACE_RECEPTOR_PROTEIN_TYROSINE_KINASE_SIGNALING_PATHWAY","GOBP_CELL_SURFACE_RECEPTOR_PROTEIN_TYROSINE_KINASE_SIGNALING_PATHWAY",37,-0.296492974215085,-1.14742137991824,0.278935185185185,0.546758534293768,0.450294229152587,109,"tags=24%, list=19%, signal=21%","KALRN/PRKCB/EPHA4/F3/BMP5/NRG3/NRG1/FGF14/NRXN1"
"GOBP_NITROGEN_COMPOUND_TRANSPORT","GOBP_NITROGEN_COMPOUND_TRANSPORT",70,-0.262569972546521,-1.13339785086128,0.278563656147987,0.546758534293768,0.450294229152587,145,"tags=30%, list=25%, signal=26%","KCNQ3/MDFIC/ARHGAP44/EHBP1/SLC6A20/PRKCB/KCNK2/BMP6/RBFOX1/PCLO/GRIP1/CADPS2/GRM1/NNAT/SLC16A12/FMN2/RIMS2/GRM5/CADPS/SNAP25/SYT1"
"GOBP_LYMPHOCYTE_ACTIVATION","GOBP_LYMPHOCYTE_ACTIVATION",25,0.231279369728472,1.13337659160786,0.280898876404494,0.546758534293768,0.450294229152587,207,"tags=60%, list=36%, signal=40%","EMP2/CD74/PREX1/CD22/CBFB/LAMP1/PRDX1/LGALS1/MIF/RBPJ/DLG1/UFL1/RIF1/SOS2/PPP2R3C"
"GOBP_REGULATION_OF_RESPONSE_TO_STRESS","GOBP_REGULATION_OF_RESPONSE_TO_STRESS",54,0.187821026997043,1.11664227974646,0.281553398058252,0.546758534293768,0.450294229152587,81,"tags=24%, list=14%, signal=23%","ADAMTS18/HSPA1A/HSPA1B/GBP2/EFHD1/LMNA/CD74/CYBA/ERBIN/A2M/HSP90AA1/SPP1/LAMP1"
"GOBP_GLAND_DEVELOPMENT","GOBP_GLAND_DEVELOPMENT",17,-0.368378643572278,-1.18229804349846,0.282552083333333,0.546933614683816,0.450438420206465,66,"tags=41%, list=11%, signal=38%","ALDH1A2/TGFBR3/EXT1/RXFP1/NRG3/CSMD1/NRG1"
"GOBP_FAT_CELL_DIFFERENTIATION","GOBP_FAT_CELL_DIFFERENTIATION",11,0.323426573426573,1.13485236408679,0.284584980237154,0.547348747932162,0.450780311725911,398,"tags=100%, list=68%, signal=32%","CNTN2/SORT1/ASXL1/PIAS1/RUNX1T1/WWTR1/TBL1XR1/TRIO/RORA/NR4A2/NEGR1"
"GOBP_MITOTIC_CELL_CYCLE_PHASE_TRANSITION","GOBP_MITOTIC_CELL_CYCLE_PHASE_TRANSITION",16,0.27336860670194,1.13128253134953,0.283950617283951,0.547348747932162,0.450780311725911,428,"tags=100%, list=73%, signal=27%","ADAMTS1/HSPA2/TAOK3/RGCC/DLG1/CALM2/PIAS1/RAB11A/CCNY/TMOD3/PPP3CA/DYNC1I1/MNAT1/CDC14A/ARPP19/CDK14"
"GOBP_RESPONSE_TO_ALCOHOL","GOBP_RESPONSE_TO_ALCOHOL",12,-0.401246892384771,-1.18195724032856,0.286472148541114,0.547480106100796,0.450888494445663,84,"tags=33%, list=14%, signal=29%","ADCY2/SLC5A5/GRIA1/GRM5"
"GOBP_REGULATION_OF_TRANSMEMBRANE_TRANSPORT","GOBP_REGULATION_OF_TRANSMEMBRANE_TRANSPORT",27,-0.32252384661258,-1.16251631325587,0.285714285714286,0.547480106100796,0.450888494445663,174,"tags=52%, list=30%, signal=38%","PDE4D/SORBS1/CACNB2/FGF12/ARPP19/CEMIP/DPP10/PRKAG2/PRKCB/RYR2/ASIC2/GRIA1/SLC8A1/KCNIP4"
"GOBP_REGULATION_OF_PROTEOLYSIS_INVOLVED_IN_PROTEIN_CATABOLIC_PROCESS","GOBP_REGULATION_OF_PROTEOLYSIS_INVOLVED_IN_PROTEIN_CATABOLIC_PROCESS",13,0.298105289088218,1.14476876340298,0.291338582677165,0.555018439150802,0.4570968435741,29,"tags=23%, list=5%, signal=22%","HSPA1A/HSPA1B/CSNK1E"
"GOBP_NEURON_APOPTOTIC_PROCESS","GOBP_NEURON_APOPTOTIC_PROCESS",10,-0.421159418198195,-1.15911891838465,0.292817679558011,0.555555555555556,0.457539196829283,237,"tags=70%, list=41%, signal=42%","MAP2K4/NTRK2/NR4A2/GRIK2/EPHA7/KCNQ3/EPHA4"
"GOBP_CIRCULATORY_SYSTEM_DEVELOPMENT","GOBP_CIRCULATORY_SYSTEM_DEVELOPMENT",59,-0.268964660631562,-1.13050257389843,0.293466223698782,0.555555555555556,0.457539196829283,195,"tags=44%, list=33%, signal=33%","FLRT2/AKAP13/ADGRB3/FGF12/ALDH1A2/HDAC9/TGFBR3/EXT1/SORBS2/SGCD/AMOTL1/CYP1B1/PRKCB/KCNK2/RYR2/BMP6/EYA1/UTY/NRCAM/F3/IL18/BMP5/SLC8A1/NRG1/ROBO2/NRXN1"
"GOBP_REGULATION_OF_POSTSYNAPTIC_MEMBRANE_NEUROTRANSMITTER_RECEPTOR_LEVELS","GOBP_REGULATION_OF_POSTSYNAPTIC_MEMBRANE_NEUROTRANSMITTER_RECEPTOR_LEVELS",10,-0.420156778952726,-1.1563594452077,0.295580110497238,0.557803217928956,0.459390305376007,128,"tags=40%, list=22%, signal=32%","ARHGAP44/GRIP1/NPTX1/NRG1"
"GOBP_EMBRYO_DEVELOPMENT_ENDING_IN_BIRTH_OR_EGG_HATCHING","GOBP_EMBRYO_DEVELOPMENT_ENDING_IN_BIRTH_OR_EGG_HATCHING",23,-0.333465572637055,-1.15563227940373,0.299261083743842,0.560208449655686,0.461371183402392,173,"tags=43%, list=30%, signal=32%","KIAA1217/ALDH1A2/EXT1/SATB2/ZNF568/EYA1/MMP16/CELF4/BMP5/AGBL4"
"GOBP_EPITHELIAL_CELL_DIFFERENTIATION","GOBP_EPITHELIAL_CELL_DIFFERENTIATION",23,-0.332967433531025,-1.15390596737095,0.300492610837438,0.560208449655686,0.461371183402392,30,"tags=26%, list=5%, signal=26%","FRMD6/BMP6/THRB/BMP5/GABRB2/NRG1"
"GOBP_MESENCHYME_DEVELOPMENT","GOBP_MESENCHYME_DEVELOPMENT",19,-0.350507225656052,-1.15275820680578,0.300645161290323,0.560208449655686,0.461371183402392,174,"tags=47%, list=30%, signal=34%","FGF12/ALDH1A2/TGFBR3/EXT1/BNC2/EPHA4/BMP5/NRG1/ROBO2"
"GOBP_POSITIVE_REGULATION_OF_INTRACELLULAR_SIGNAL_TRANSDUCTION","GOBP_POSITIVE_REGULATION_OF_INTRACELLULAR_SIGNAL_TRANSDUCTION",51,-0.273840130288667,-1.12882747795013,0.300558659217877,0.560208449655686,0.461371183402392,111,"tags=24%, list=19%, signal=21%","FRMD6/PRKCB/BMP6/EPHA4/F3/GRM1/IL18/THRB/GRM5/BMP5/NRG1/NRXN1"
"GOBP_MODIFICATION_DEPENDENT_MACROMOLECULE_CATABOLIC_PROCESS","GOBP_MODIFICATION_DEPENDENT_MACROMOLECULE_CATABOLIC_PROCESS",22,0.242257884604136,1.12520928843768,0.301507537688442,0.560208449655686,0.461371183402392,305,"tags=86%, list=52%, signal=43%","HSPA1A/HSPA1B/CSNK1E/USP9X/HERC3/TF/FAU/UFL1/HSP90AB1/SEM1/DIS3L2/TRIP12/PIAS1/WWTR1/FHIT/TBL1XR1/KDM2A/RPS27A/RPL23"
"GOBP_NEURON_MIGRATION","GOBP_NEURON_MIGRATION",20,-0.341453011805968,-1.14267822657546,0.310214375788146,0.572849859584246,0.471782276384297,207,"tags=55%, list=36%, signal=37%","NTRK2/NR4A2/PHACTR1/FLRT2/GPM6A/SATB2/CTNNA2/ASTN1/NRCAM/NRG3/UNC5D"
"GOBP_NEGATIVE_REGULATION_OF_LOCOMOTION","GOBP_NEGATIVE_REGULATION_OF_LOCOMOTION",26,-0.319121284393436,-1.13758374017479,0.309842041312272,0.572849859584246,0.471782276384297,129,"tags=31%, list=22%, signal=25%","STK24/NAV3/CYP1B1/EPHA4/SRGAP3/BMP5/NRG3/ROBO2"
"GOBP_REGULATION_OF_PHOSPHORUS_METABOLIC_PROCESS","GOBP_REGULATION_OF_PHOSPHORUS_METABOLIC_PROCESS",20,-0.340953665339817,-1.14100715525772,0.311475409836066,0.573419561838873,0.472251466385923,41,"tags=35%, list=7%, signal=34%","CEMIP/EPHA7/PRKAG2/IL18/DSCAM/SLC4A4/NRG1"
"GOBP_NEGATIVE_REGULATION_OF_CELL_PROJECTION_ORGANIZATION","GOBP_NEGATIVE_REGULATION_OF_CELL_PROJECTION_ORGANIZATION",13,-0.392874680957286,-1.17217294585067,0.316844919786096,0.579758789395836,0.477472267538798,190,"tags=54%, list=33%, signal=37%","MAP2/EVL/EPHA7/ARHGAP44/EPHA4/GRM5/NRXN1"
"GOBP_SENSORY_SYSTEM_DEVELOPMENT","GOBP_SENSORY_SYSTEM_DEVELOPMENT",21,-0.336603757738379,-1.13717903569475,0.316519546027743,0.579758789395836,0.477472267538798,207,"tags=57%, list=36%, signal=38%","NTRK2/FOXP2/ALDH1A2/GPM6A/SGCD/CYP1B1/NHS/BMP6/TENM3/OLFM3/CELF4/DSCAM"
"GOBP_REGULATION_OF_AXONOGENESIS","GOBP_REGULATION_OF_AXONOGENESIS",10,-0.410780539138839,-1.13055406966111,0.319060773480663,0.582044198895028,0.479354463506833,207,"tags=60%, list=36%, signal=39%","NTRK2/MAP2/EPHA7/EPHA4/DSCAM/ROBO2"
"GOBP_REGULATION_OF_CELL_MORPHOGENESIS","GOBP_REGULATION_OF_CELL_MORPHOGENESIS",13,-0.390661508121214,-1.16556976817423,0.322192513368984,0.582681855409128,0.479879618635599,87,"tags=54%, list=15%, signal=47%","TPM1/FGD6/FGD4/EPHA4/GRIP1/RIMS2/SYT1"
"GOBP_CARDIOCYTE_DIFFERENTIATION","GOBP_CARDIOCYTE_DIFFERENTIATION",11,-0.398009586672581,-1.14889755255935,0.321762349799733,0.582681855409128,0.479879618635599,269,"tags=82%, list=46%, signal=45%","PDLIM5/FOXP1/MAPK1/AKAP13/TGFBR3/SORBS2/SGCD/SLC8A1/NRG1"
"GOBP_NEGATIVE_REGULATION_OF_CATABOLIC_PROCESS","GOBP_NEGATIVE_REGULATION_OF_CATABOLIC_PROCESS",14,0.285123146050326,1.10543968876955,0.322314049586777,0.582681855409128,0.479879618635599,202,"tags=64%, list=35%, signal=43%","YBX1/ADARB2/MDM4/USP9X/QKI/TIMP2/PABPC1/DDIT4/HSP90AB1"
"GOBP_DNA_DAMAGE_RESPONSE","GOBP_DNA_DAMAGE_RESPONSE",29,0.212896707584096,1.08962206086309,0.327160493827161,0.587912290399853,0.484187250880102,221,"tags=62%, list=38%, signal=41%","CSNK1E/LMNA/CD74/MDM4/SGK1/USP9X/ZBTB38/VRK2/MIF/FNIP2/TAOK3/UFL1/ZMYND8/RIF1/DDIT4/PSME4/PPP4R2/SEM1"
"GOBP_NEGATIVE_REGULATION_OF_GROWTH","GOBP_NEGATIVE_REGULATION_OF_GROWTH",12,0.293985897860865,1.0796894420079,0.326612903225806,0.587912290399853,0.484187250880102,74,"tags=33%, list=13%, signal=30%","HSPA1A/HSPA1B/CRYAB/SPP1"
"GOBP_INTRACELLULAR_RECEPTOR_SIGNALING_PATHWAY","GOBP_INTRACELLULAR_RECEPTOR_SIGNALING_PATHWAY",17,0.25929525438827,1.09518714330567,0.329059829059829,0.589565527065527,0.485548807917229,60,"tags=24%, list=10%, signal=22%","HSPA1A/HSPA1B/GBP2/ERBIN"
"GOBP_REGULATION_OF_MONOATOMIC_ION_TRANSMEMBRANE_TRANSPORT","GOBP_REGULATION_OF_MONOATOMIC_ION_TRANSMEMBRANE_TRANSPORT",19,-0.342621095499345,-1.12682207598546,0.331612903225806,0.592376758878147,0.487864055659394,174,"tags=42%, list=30%, signal=31%","FGF12/CEMIP/DPP10/RYR2/ASIC2/GRIA1/SLC8A1/KCNIP4"
"GOBP_CARDIAC_CHAMBER_DEVELOPMENT","GOBP_CARDIAC_CHAMBER_DEVELOPMENT",13,-0.384764376733696,-1.14797520633142,0.336898395721925,0.594759044646918,0.489826036070464,103,"tags=38%, list=18%, signal=32%","KCNK2/RYR2/BMP5/NRG1/ROBO2"
"GOBP_NEGATIVE_REGULATION_OF_RESPONSE_TO_STIMULUS","GOBP_NEGATIVE_REGULATION_OF_RESPONSE_TO_STIMULUS",74,0.165198413004048,1.11450813822132,0.335704470323822,0.594759044646918,0.489826036070464,76,"tags=23%, list=13%, signal=23%","ADAMTS18/HSPA1A/HSPB1/HSPA1B/CSNK1E/LMNA/LRP2/CD74/SEMA6A/PREX1/HTRA1/CD22/ERBIN/A2M/CD59/SPP1/MDM4"
"GOBP_REGULATION_OF_MITOTIC_CELL_CYCLE_PHASE_TRANSITION","GOBP_REGULATION_OF_MITOTIC_CELL_CYCLE_PHASE_TRANSITION",10,0.318270196688018,1.09339384764361,0.334532374100719,0.594759044646918,0.489826036070464,178,"tags=50%, list=31%, signal=35%","ADAMTS1/HSPA2/TAOK3/RGCC/DLG1"
"GOBP_LEUKOCYTE_CHEMOTAXIS","GOBP_LEUKOCYTE_CHEMOTAXIS",11,0.30776250144755,1.07988962887216,0.33596837944664,0.594759044646918,0.489826036070464,165,"tags=55%, list=28%, signal=40%","CD74/PREX1/BSG/SLC12A2/MIF/RPS19"
"GOBP_REGULATION_OF_CELL_SIZE","GOBP_REGULATION_OF_CELL_SIZE",11,-0.387640267115515,-1.11896539449146,0.344459279038718,0.606328906378095,0.499354633509499,70,"tags=45%, list=12%, signal=41%","MAP2/EPHA7/NRCAM/DSCAM/KCNMA1"
"GOBP_RESPONSE_TO_OXYGEN_LEVELS","GOBP_RESPONSE_TO_OXYGEN_LEVELS",24,-0.315843031577675,-1.10864729476751,0.347665847665848,0.610189038760467,0.502533724875293,103,"tags=29%, list=18%, signal=25%","KCNK2/RYR2/EPHA4/KCND2/FMN2/GRM5/KCNMA1"
"GOBP_REGULATION_OF_SMALL_MOLECULE_METABOLIC_PROCESS","GOBP_REGULATION_OF_SMALL_MOLECULE_METABOLIC_PROCESS",11,-0.385682134408284,-1.11331303346737,0.349799732977303,0.61214953271028,0.504148329964228,251,"tags=73%, list=43%, signal=42%","MAPK1/RORA/SORBS1/ARPP19/PRKAG2/BMP6/SLC4A4/BMP5"
"GOBP_PROTEIN_LOCALIZATION_TO_CELL_PERIPHERY","GOBP_PROTEIN_LOCALIZATION_TO_CELL_PERIPHERY",21,-0.324377087110369,-1.09587256422831,0.355611601513241,0.617925719651588,0.508905427445179,128,"tags=29%, list=22%, signal=23%","ARHGAP44/DPP10/GRIP1/NPTX1/NRXN1/KCNIP4"
"GOBP_TUBE_MORPHOGENESIS","GOBP_TUBE_MORPHOGENESIS",47,-0.266045456722152,-1.08683546539295,0.356179775280899,0.617925719651588,0.508905427445179,165,"tags=38%, list=28%, signal=30%","HDAC9/TGFBR3/EXT1/EPHA7/SGCD/AMOTL1/CYP1B1/PRKCB/RYR2/EYA1/EPHA4/RSPO2/NRCAM/F3/IL18/BMP5/CSMD1/NRXN1"
"GOBP_ORGANELLE_ASSEMBLY","GOBP_ORGANELLE_ASSEMBLY",33,0.195227832646468,1.04865504956533,0.354838709677419,0.617925719651588,0.508905427445179,52,"tags=18%, list=9%, signal=18%","CAPN3/HSPA1A/CCP110/HSPA1B/ATG4C/ATG13"
"GOBP_POSITIVE_REGULATION_OF_PROTEIN_MODIFICATION_PROCESS","GOBP_POSITIVE_REGULATION_OF_PROTEIN_MODIFICATION_PROCESS",12,-0.373549591511892,-1.10036900643674,0.362068965517241,0.624581005586592,0.514386524971647,41,"tags=17%, list=7%, signal=16%","IL18/NRG1"
"GOBP_EMBRYO_DEVELOPMENT","GOBP_EMBRYO_DEVELOPMENT",36,-0.282164956628054,-1.08560986404363,0.362688296639629,0.624581005586592,0.514386524971647,173,"tags=39%, list=30%, signal=29%","KIAA1217/ALDH1A2/LAMA4/EXT1/SATB2/ZNF568/RYR2/EYA1/MMP16/RSPO2/ITGA8/CELF4/BMP5/AGBL4"
"GOBP_NEGATIVE_REGULATION_OF_PROTEIN_METABOLIC_PROCESS","GOBP_NEGATIVE_REGULATION_OF_PROTEIN_METABOLIC_PROCESS",26,0.213397730727281,1.08037410533127,0.363128491620112,0.624581005586592,0.514386524971647,139,"tags=38%, list=24%, signal=31%","CAPN3/HSPA1A/HSPA1B/YBX1/CRYAB/MDM4/USP9X/QKI/MIF/APOD"
"GOBP_OSSIFICATION","GOBP_OSSIFICATION",23,-0.316489703081041,-1.09680202992778,0.36576354679803,0.626224586537449,0.515740129846369,95,"tags=57%, list=16%, signal=49%","PPP3CA/MAPK1/ATP2B1/PTN/CRIM1/EXT1/SATB2/BMP6/MMP16/RSPO2/SLC24A3/BMP5/SLC8A1"
"GOBP_DEVELOPMENTAL_PROCESS_INVOLVED_IN_REPRODUCTION","GOBP_DEVELOPMENTAL_PROCESS_INVOLVED_IN_REPRODUCTION",36,-0.281917691079457,-1.08465852720223,0.366164542294322,0.626224586537449,0.515740129846369,44,"tags=14%, list=8%, signal=14%","CELF4/FMN2/BMP5/CSMD1/ROBO2"
"GOBP_ORGANELLE_FISSION","GOBP_ORGANELLE_FISSION",11,0.301775777423919,1.05888316722192,0.367588932806324,0.626523936961047,0.515986666040659,55,"tags=27%, list=9%, signal=25%","HSPA1A/HSPA1B/HSPA2"
"GOBP_POSITIVE_REGULATION_OF_ORGANELLE_ORGANIZATION","GOBP_POSITIVE_REGULATION_OF_ORGANELLE_ORGANIZATION",20,0.232200655737515,1.04497133388537,0.368421052631579,0.626523936961047,0.515986666040659,88,"tags=30%, list=15%, signal=26%","HSPA1A/CCP110/HSPA1B/SLAIN1/HSP90AA1/SNX9"
"GOBP_REGULATION_OF_CELLULAR_COMPONENT_BIOGENESIS","GOBP_REGULATION_OF_CELLULAR_COMPONENT_BIOGENESIS",57,-0.257231489316785,-1.07525088854611,0.370411568409344,0.626525745695578,0.51598815566116,210,"tags=46%, list=36%, signal=32%","TPM1/NTRK2/CYRIB/FLRT2/ADGRB3/MAP2/STMP1/NEGR1/EVL/TGFBR3/EPHA7/GPM6A/LRRTM4/OPCML/ARHGAP44/NAV3/LSAMP/LRFN5/ASIC2/SRGAP3/TENM2/CLSTN2/LINGO2/NRG1/ROBO2/NRXN1"
"GOBP_POSITIVE_REGULATION_OF_CELL_ACTIVATION","GOBP_POSITIVE_REGULATION_OF_CELL_ACTIVATION",10,0.309815791012409,1.06434935888095,0.370503597122302,0.626525745695578,0.51598815566116,138,"tags=50%, list=24%, signal=39%","CAPN3/CD74/CBFB/LGALS1/MIF"
"GOBP_GROWTH","GOBP_GROWTH",46,-0.264095377542425,-1.07635090632362,0.373318385650224,0.627179610905183,0.516526659794267,164,"tags=35%, list=28%, signal=27%","TGFBR3/EXT1/EPHA7/SORBS2/BNC2/KCNK2/EYS/RSPO2/MEG3/NRCAM/DSCAM/RIMS2/DCLK1/NRG3/SYT1/NRG1"
"GOBP_NEGATIVE_REGULATION_OF_RNA_BIOSYNTHETIC_PROCESS","GOBP_NEGATIVE_REGULATION_OF_RNA_BIOSYNTHETIC_PROCESS",50,0.179212110750872,1.06314381190552,0.372549019607843,0.627179610905183,0.516526659794267,188,"tags=48%, list=32%, signal=36%","CAPN3/HSPA1A/RALY/YBX1/NKX6-2/TSC22D4/CBFB/CRYAB/MDM4/ZNF397/USP9X/ZBTB38/ZNF536/MEIS2/NFKBIA/RBPJ/MITF/FNIP2/ZNF652/GSTP1/DLG1/ZMYND8/RIF1/TMBIM6"
"GOBP_REGULATION_OF_TRANSMEMBRANE_RECEPTOR_PROTEIN_SERINE_THREONINE_KINASE_SIGNALING_PATHWAY","GOBP_REGULATION_OF_TRANSMEMBRANE_RECEPTOR_PROTEIN_SERINE_THREONINE_KINASE_SIGNALING_PATHWAY",13,0.275303352013251,1.05720592482221,0.374015748031496,0.627179610905183,0.516526659794267,50,"tags=31%, list=9%, signal=29%","HSPA1A/PCSK6/LRP2/HTRA1"
"GOBP_PATTERN_SPECIFICATION_PROCESS","GOBP_PATTERN_SPECIFICATION_PROCESS",15,-0.35090359982531,-1.09673529751389,0.375328083989501,0.627631962671333,0.51689920338905,170,"tags=47%, list=29%, signal=34%","ALDH1A2/EXT1/SATB2/EYA1/BMP5/NRG3/ROBO2"
"GOBP_REGULATION_OF_PROTEIN_TRANSPORT","GOBP_REGULATION_OF_PROTEIN_TRANSPORT",14,-0.354005684636723,-1.08460412608841,0.386842105263158,0.6308495995996,0.519549154417576,139,"tags=36%, list=24%, signal=28%","MDFIC/ARHGAP44/BMP6/NNAT/SNAP25"
"GOBP_NEGATIVE_REGULATION_OF_TRANSCRIPTION_BY_RNA_POLYMERASE_II","GOBP_NEGATIVE_REGULATION_OF_TRANSCRIPTION_BY_RNA_POLYMERASE_II",41,0.188687178913673,1.07612409519894,0.385245901639344,0.6308495995996,0.519549154417576,197,"tags=51%, list=34%, signal=36%","HSPA1A/RALY/YBX1/NKX6-2/TSC22D4/CBFB/MDM4/USP9X/ZNF536/MEIS2/NFKBIA/RBPJ/MITF/FNIP2/ZNF652/GSTP1/DLG1/ZMYND8/RIF1/TMBIM6/MTDH"
"GOBP_LOCALIZATION_WITHIN_MEMBRANE","GOBP_LOCALIZATION_WITHIN_MEMBRANE",37,-0.27753794260041,-1.07406581866327,0.387731481481481,0.6308495995996,0.519549154417576,35,"tags=14%, list=6%, signal=14%","NPTX1/GRM5/SYT1/NRXN1/KCNIP4"
"GOBP_CARBOHYDRATE_METABOLIC_PROCESS","GOBP_CARBOHYDRATE_METABOLIC_PROCESS",10,-0.389301954281788,-1.07144050607407,0.382596685082873,0.6308495995996,0.519549154417576,230,"tags=70%, list=39%, signal=43%","RORA/SORBS1/ARPP19/EXT1/PRKAG2/B3GALT1/SLC4A4"
"GOBP_ESTABLISHMENT_OF_PROTEIN_LOCALIZATION","GOBP_ESTABLISHMENT_OF_PROTEIN_LOCALIZATION",64,-0.250466827751813,-1.06710257921075,0.38411316648531,0.6308495995996,0.519549154417576,159,"tags=31%, list=27%, signal=26%","CEMIP/ITSN1/KCNQ3/MDFIC/ARHGAP44/EHBP1/PRKCB/RYR2/BMP6/PCLO/GRIP1/CADPS2/ITGA8/NNAT/FMN2/RIMS2/CADPS/SNAP25/SYT1/NRXN1"
"GOBP_ACTIN_FILAMENT_POLYMERIZATION","GOBP_ACTIN_FILAMENT_POLYMERIZATION",10,0.307155322862129,1.05520951626409,0.384892086330935,0.6308495995996,0.519549154417576,407,"tags=100%, list=70%, signal=31%","PREX1/DAAM2/SNX9/PFN1/DLG1/RAC1/CFL1/TMOD3/CYRIB/EVL"
"GOBP_ACTIN_POLYMERIZATION_OR_DEPOLYMERIZATION","GOBP_ACTIN_POLYMERIZATION_OR_DEPOLYMERIZATION",10,0.307155322862129,1.05520951626409,0.384892086330935,0.6308495995996,0.519549154417576,407,"tags=100%, list=70%, signal=31%","PREX1/DAAM2/SNX9/PFN1/DLG1/RAC1/CFL1/TMOD3/CYRIB/EVL"
"GOBP_REGULATION_OF_ACTIN_FILAMENT_LENGTH","GOBP_REGULATION_OF_ACTIN_FILAMENT_LENGTH",10,0.307155322862129,1.05520951626409,0.384892086330935,0.6308495995996,0.519549154417576,407,"tags=100%, list=70%, signal=31%","PREX1/DAAM2/SNX9/PFN1/DLG1/RAC1/CFL1/TMOD3/CYRIB/EVL"
"GOBP_REGULATION_OF_ACTIN_FILAMENT_POLYMERIZATION","GOBP_REGULATION_OF_ACTIN_FILAMENT_POLYMERIZATION",10,0.307155322862129,1.05520951626409,0.384892086330935,0.6308495995996,0.519549154417576,407,"tags=100%, list=70%, signal=31%","PREX1/DAAM2/SNX9/PFN1/DLG1/RAC1/CFL1/TMOD3/CYRIB/EVL"
"GOBP_POST_TRANSLATIONAL_PROTEIN_MODIFICATION","GOBP_POST_TRANSLATIONAL_PROTEIN_MODIFICATION",27,0.205701716244819,1.04245268700749,0.386363636363636,0.6308495995996,0.519549154417576,132,"tags=33%, list=23%, signal=27%","CAPN3/HSPA1A/HSPA1B/CBFB/HSP90AA1/USP9X/HERC3/STAMBP/USP32"
"GOBP_CELLULAR_RESPONSE_TO_OXYGEN_CONTAINING_COMPOUND","GOBP_CELLULAR_RESPONSE_TO_OXYGEN_CONTAINING_COMPOUND",54,-0.255238117336375,-1.06095645846859,0.395995550611791,0.642558817973849,0.529192521884391,113,"tags=24%, list=19%, signal=21%","CYP1B1/PRKCB/KCNK2/BMP6/EPHA4/ADCY2/SLC5A5/GRIA1/IL18/NPTX1/GRM5/CHRM3/SLC8A1"
"GOBP_TELENCEPHALON_DEVELOPMENT","GOBP_TELENCEPHALON_DEVELOPMENT",16,-0.337802732366325,-1.06220611777352,0.408432147562582,0.660957400087835,0.544345052354206,51,"tags=50%, list=9%, signal=47%","NUMB/NTRK2/PHACTR1/FOXP2/EXT1/GRIA1/NRG3/ROBO2"
"GOBP_RESPONSE_TO_KETONE","GOBP_RESPONSE_TO_KETONE",15,-0.338097887625918,-1.05671155143129,0.41994750656168,0.674155730533683,0.555214808675231,84,"tags=27%, list=14%, signal=23%","ADCY2/SLC5A5/GABRB1/GRM5"
"GOBP_APOPTOTIC_SIGNALING_PATHWAY","GOBP_APOPTOTIC_SIGNALING_PATHWAY",26,0.206649930891175,1.04621184790687,0.418994413407821,0.674155730533683,0.555214808675231,41,"tags=19%, list=7%, signal=19%","HSPA1A/HSPB1/HSPA1B/LMNA/CD74"
"GOBP_POSITIVE_REGULATION_OF_CELL_ADHESION","GOBP_POSITIVE_REGULATION_OF_CELL_ADHESION",19,0.232570428288615,1.03836815311373,0.418502202643172,0.674155730533683,0.555214808675231,103,"tags=37%, list=18%, signal=31%","EMP2/ITGA2/CD74/PREX1/CBFB/DOCK1/DOCK5"
"GOBP_POSITIVE_REGULATION_OF_NEUROGENESIS","GOBP_POSITIVE_REGULATION_OF_NEUROGENESIS",14,-0.342903529046787,-1.0505892944518,0.423684210526316,0.674208917826161,0.555258612163179,87,"tags=29%, list=15%, signal=25%","EPHA4/DSCAM/GRM5/ROBO2"
"GOBP_IMPORT_INTO_CELL","GOBP_IMPORT_INTO_CELL",43,-0.258450558363107,-1.04022024762736,0.423382519863791,0.674208917826161,0.555258612163179,76,"tags=26%, list=13%, signal=24%","EHBP1/CAMK1D/SLC6A20/KCNJ13/NALF1/GRM1/GRIA1/SLC8A1/SNAP25/SYT1/NRG1"
"GOBP_REGULATION_OF_ORGANELLE_ORGANIZATION","GOBP_REGULATION_OF_ORGANELLE_ORGANIZATION",38,0.183489789025001,1.02152604923152,0.423357664233577,0.674208917826161,0.555258612163179,98,"tags=26%, list=17%, signal=23%","HSPA1A/CCP110/HSPA1B/LMNA/PREX1/SLAIN1/DAAM2/HSP90AA1/SNX9/PLXNB1"
"GOBP_TOR_SIGNALING","GOBP_TOR_SIGNALING",10,0.295395138300207,1.01480826732225,0.424460431654676,0.674208917826161,0.555258612163179,190,"tags=60%, list=33%, signal=41%","PREX1/LAMTOR1/USP9X/USP32/FNIP2/DDIT4"
"GOBP_POSITIVE_REGULATION_OF_CELL_DEVELOPMENT","GOBP_POSITIVE_REGULATION_OF_CELL_DEVELOPMENT",20,-0.31321620564608,-1.04818328152789,0.427490542244641,0.675457497194944,0.556286905366006,41,"tags=25%, list=7%, signal=24%","EPHA4/IL18/DSCAM/GRM5/ROBO2"
"GOBP_REGULATION_OF_CELL_CYCLE_PHASE_TRANSITION","GOBP_REGULATION_OF_CELL_CYCLE_PHASE_TRANSITION",12,0.271453590192644,0.996937531557541,0.42741935483871,0.675457497194944,0.556286905366006,428,"tags=100%, list=73%, signal=27%","ADAMTS1/HSPA2/TAOK3/RGCC/DLG1/UFL1/RAB11A/TMOD3/DYNC1I1/MNAT1/CDC14A/CDK14"
"GOBP_PROTEIN_LOCALIZATION_TO_MEMBRANE","GOBP_PROTEIN_LOCALIZATION_TO_MEMBRANE",27,-0.288996484670541,-1.04166910890985,0.434624697336562,0.683143780147807,0.562617101677946,35,"tags=19%, list=6%, signal=18%","GRIP1/NPTX1/GRM5/NRXN1/KCNIP4"
"GOBP_ALCOHOL_METABOLIC_PROCESS","GOBP_ALCOHOL_METABOLIC_PROCESS",10,-0.371020053540864,-1.02112488662647,0.433701657458564,0.683143780147807,0.562617101677946,251,"tags=70%, list=43%, signal=41%","MAPK1/INPP4B/ABCA5/ALDH1A2/CYP1B1/BMP6/BMP5"
"GOBP_REGULATION_OF_ANATOMICAL_STRUCTURE_SIZE","GOBP_REGULATION_OF_ANATOMICAL_STRUCTURE_SIZE",31,-0.276172232509164,-1.03236138804493,0.437203791469194,0.685408027251185,0.56448186891993,73,"tags=19%, list=13%, signal=18%","ASIC2/NRCAM/DSCAM/KCNMA1/KCNMB2/SLC8A1"
"GOBP_RESPONSE_TO_TOXIC_SUBSTANCE","GOBP_RESPONSE_TO_TOXIC_SUBSTANCE",10,-0.36906277714565,-1.01573805209263,0.441988950276243,0.691109994977398,0.569177841640767,113,"tags=30%, list=19%, signal=25%","CYP1B1/GABRB1/GRIA1"
"GOBP_RESPONSE_TO_NITROGEN_COMPOUND","GOBP_RESPONSE_TO_NITROGEN_COMPOUND",49,-0.247333049063458,-1.01811042905184,0.448275862068966,0.695019465700094,0.572397566610848,104,"tags=22%, list=18%, signal=20%","PRKCB/RYR2/EPHA4/ADCY2/SLC5A5/GABRB1/GRIA1/GRM5/CHRM3/GABRB2/SLC8A1"
"GOBP_PROTEIN_LOCALIZATION_TO_PLASMA_MEMBRANE","GOBP_PROTEIN_LOCALIZATION_TO_PLASMA_MEMBRANE",18,-0.313227481758063,-1.01683513924478,0.450261780104712,0.695019465700094,0.572397566610848,128,"tags=28%, list=22%, signal=22%","ARHGAP44/DPP10/GRIP1/NRXN1/KCNIP4"
"GOBP_RESPONSE_TO_OXIDATIVE_STRESS","GOBP_RESPONSE_TO_OXIDATIVE_STRESS",23,0.217048711574693,1.01408674045759,0.447368421052632,0.695019465700094,0.572397566610848,168,"tags=48%, list=29%, signal=35%","HSPA1A/HSPA1B/GPR37/CRYAB/PRDX1/VRK2/APOD/CHCHD2/EEF2/GSTP1/SELENOP"
"GOBP_TAXIS","GOBP_TAXIS",24,-0.288145350662954,-1.0114250800995,0.44963144963145,0.695019465700094,0.572397566610848,67,"tags=21%, list=11%, signal=19%","F3/DSCAM/NRG3/NRG1/ROBO2"
"GOBP_LEUKOCYTE_PROLIFERATION","GOBP_LEUKOCYTE_PROLIFERATION",11,0.28667053234452,1.00588126664569,0.446640316205534,0.695019465700094,0.572397566610848,57,"tags=27%, list=10%, signal=25%","EMP2/CD74/CD22"
"GOBP_NEGATIVE_REGULATION_OF_NUCLEOBASE_CONTAINING_COMPOUND_METABOLIC_PROCESS","GOBP_NEGATIVE_REGULATION_OF_NUCLEOBASE_CONTAINING_COMPOUND_METABOLIC_PROCESS",60,0.161690937554995,1.02124864161031,0.458333333333333,0.700317784587448,0.576761106033726,197,"tags=50%, list=34%, signal=37%","CAPN3/HSPA1A/RALY/YBX1/NKX6-2/TSC22D4/CBFB/ADARB2/CRYAB/MDM4/ZNF397/USP9X/ZBTB38/ZNF536/QKI/MEIS2/NFKBIA/RBPJ/MITF/FNIP2/ZNF652/GSTP1/DLG1/PABPC1/ZMYND8/RIF1/TMBIM6/DDIT4/SRSF10/MTDH"
"GOBP_ERK1_AND_ERK2_CASCADE","GOBP_ERK1_AND_ERK2_CASCADE",16,-0.324166869943503,-1.01932873669026,0.457180500658762,0.700317784587448,0.576761106033726,7,"tags=31%, list=1%, signal=32%","TGFBR3/EPHA7/EPHA4/NRG1/NRXN1"
"GOBP_REGULATION_OF_PHOSPHORYLATION","GOBP_REGULATION_OF_PHOSPHORYLATION",16,-0.323438768217006,-1.01703925222449,0.457180500658762,0.700317784587448,0.576761106033726,41,"tags=19%, list=7%, signal=18%","IL18/DSCAM/NRG1"
"GOBP_REGULATION_OF_PROGRAMMED_CELL_DEATH","GOBP_REGULATION_OF_PROGRAMMED_CELL_DEATH",61,0.161238764890839,1.01320828040618,0.460674157303371,0.700317784587448,0.576761106033726,82,"tags=23%, list=14%, signal=22%","CAPN3/HSPA1A/HSPB1/HSPA1B/IFIT2/LMNA/LRP2/CD74/HTRA1/CRYAB/HSP90AA1/PTMA/MDM4/SGK1"
"GOBP_REGULATION_OF_PROTEIN_LOCALIZATION_TO_MEMBRANE","GOBP_REGULATION_OF_PROTEIN_LOCALIZATION_TO_MEMBRANE",10,-0.363438533318097,-1.00025895524609,0.459944751381215,0.700317784587448,0.576761106033726,128,"tags=50%, list=22%, signal=40%","NUMB/SORBS1/ARHGAP44/DPP10/NRXN1"
"GOBP_MICROTUBULE_BASED_MOVEMENT","GOBP_MICROTUBULE_BASED_MOVEMENT",10,-0.363159655602478,-0.999491425369934,0.459944751381215,0.700317784587448,0.576761106033726,33,"tags=20%, list=6%, signal=19%","FMN2/AGBL4"
"GOBP_REGULATION_OF_ENDOCYTOSIS","GOBP_REGULATION_OF_ENDOCYTOSIS",15,-0.321357315443181,-1.00438955638044,0.464566929133858,0.7044566532458,0.58016975638883,9,"tags=13%, list=2%, signal=13%","SYT1/NRG1"
"GOBP_NEGATIVE_REGULATION_OF_TRANSPORT","GOBP_NEGATIVE_REGULATION_OF_TRANSPORT",18,-0.310201897048839,-1.00701313757419,0.467277486910995,0.706233669279582,0.581633254468759,9,"tags=22%, list=2%, signal=23%","MDFIC/PRKCB/SYT1/NRG1"
"GOBP_RESPONSE_TO_BACTERIUM","GOBP_RESPONSE_TO_BACTERIUM",24,0.201511270347789,0.970702860587492,0.468085106382979,0.706233669279582,0.581633254468759,175,"tags=50%, list=30%, signal=36%","ADAMTS9/GBP2/CYBA/ERBIN/CDK19/TF/MIF/NFKBIA/RBPJ/GSTP1/RPS19/FAU"
"GOBP_RESPONSE_TO_ABIOTIC_STIMULUS","GOBP_RESPONSE_TO_ABIOTIC_STIMULUS",63,-0.238413428255649,-1.01379940089275,0.471164309031556,0.709102285092492,0.58399576198385,103,"tags=24%, list=18%, signal=22%","KCNK2/EYS/RYR2/BMP6/EYA1/EPHA4/ASIC2/GRM1/GRIA1/KCND2/FMN2/GRM5/KCNMA1/SLC8A1/NRXN1"
"GOBP_REGULATION_OF_ANATOMICAL_STRUCTURE_MORPHOGENESIS","GOBP_REGULATION_OF_ANATOMICAL_STRUCTURE_MORPHOGENESIS",45,-0.243330947152284,-0.987054459172663,0.480725623582766,0.721687843882358,0.594360857612503,210,"tags=44%, list=36%, signal=31%","TPM1/NTRK2/CYRIB/ADGRB3/MAP2/FGD6/EPHA7/FGD4/ARHGAP44/CYP1B1/PRKCB/EPHA4/RSPO2/GRIP1/F3/DSCAM/RIMS2/GRM5/SYT1/ROBO2"
"GOBP_REGULATION_OF_CYTOSKELETON_ORGANIZATION","GOBP_REGULATION_OF_CYTOSKELETON_ORGANIZATION",26,0.198286100675033,1.00386807247818,0.486033519553073,0.726035183054466,0.597941198144174,98,"tags=27%, list=17%, signal=23%","HSPA1A/HSPA1B/PREX1/SLAIN1/DAAM2/SNX9/PLXNB1"
"GOBP_POSITIVE_REGULATION_OF_CHEMOTAXIS","GOBP_POSITIVE_REGULATION_OF_CHEMOTAXIS",10,0.279260984085084,0.959380567401482,0.485611510791367,0.726035183054466,0.597941198144174,41,"tags=30%, list=7%, signal=28%","HSPB1/ITGA2/CD74"
"GOBP_REGULATION_OF_CELL_DEVELOPMENT","GOBP_REGULATION_OF_CELL_DEVELOPMENT",39,0.179175325854506,0.989087740436609,0.492424242424242,0.733760876087609,0.604303851437775,74,"tags=23%, list=13%, signal=22%","MYRF/HSPA1A/HSPA1B/NKX6-2/LRP2/CD74/DAAM2/CBFB/SPP1"
"GOBP_PROTEIN_CONTAINING_COMPLEX_ORGANIZATION","GOBP_PROTEIN_CONTAINING_COMPLEX_ORGANIZATION",70,-0.231121696217308,-0.997649621697319,0.50272034820457,0.745412930096432,0.61390014001647,44,"tags=13%, list=8%, signal=14%","CELF4/KCND2/ERC2/RIMS2/SNAP25/SYT1/NRG1/NRXN1/KCTD16"
"GOBP_HOMEOSTASIS_OF_NUMBER_OF_CELLS","GOBP_HOMEOSTASIS_OF_NUMBER_OF_CELLS",19,0.221020933186801,0.986802577960795,0.502202643171806,0.745412930096432,0.61390014001647,41,"tags=16%, list=7%, signal=15%","HSPA1A/HSPA1B/CD74"
"GOBP_POSITIVE_REGULATION_OF_CELL_DIFFERENTIATION","GOBP_POSITIVE_REGULATION_OF_CELL_DIFFERENTIATION",35,-0.256762196656453,-0.984939391461346,0.513921113689095,0.757269060879585,0.623664500217319,95,"tags=23%, list=16%, signal=20%","BMP6/EPHA4/NRCAM/IL18/DSCAM/GRM5/NRG1/ROBO2"
"GOBP_REGULATION_OF_MRNA_METABOLIC_PROCESS","GOBP_REGULATION_OF_MRNA_METABOLIC_PROCESS",17,-0.300763302934324,-0.965289032955616,0.515625,0.757269060879585,0.623664500217319,88,"tags=24%, list=15%, signal=21%","RBFOX1/CELF2/CELF4/KHDRBS2"
"GOBP_T_CELL_DIFFERENTIATION","GOBP_T_CELL_DIFFERENTIATION",10,0.275044523773557,0.944895228178921,0.514388489208633,0.757269060879585,0.623664500217319,67,"tags=30%, list=11%, signal=27%","CD74/PREX1/CBFB"
"GOBP_REGULATION_OF_LEUKOCYTE_DIFFERENTIATION","GOBP_REGULATION_OF_LEUKOCYTE_DIFFERENTIATION",13,0.243352566167006,0.934510142688219,0.515748031496063,0.757269060879585,0.623664500217319,210,"tags=62%, list=36%, signal=40%","CD74/CBFB/LGALS1/QKI/MITF/SOS2/PPP2R3C/NF1"
"GOBP_POSITIVE_REGULATION_OF_TRANSMEMBRANE_TRANSPORT","GOBP_POSITIVE_REGULATION_OF_TRANSMEMBRANE_TRANSPORT",10,0.273996509598604,0.941294852576487,0.517985611510791,0.758703985716536,0.624846262060655,426,"tags=100%, list=73%, signal=27%","CAPN3/CA2/BRAF/STK39/STIM2/PPP3CA/SORBS1/CACNB2/ARPP19/CEMIP"
"GOBP_LIPID_LOCALIZATION","GOBP_LIPID_LOCALIZATION",19,0.217754813040956,0.97222017740091,0.519823788546256,0.759548351225354,0.625541656630778,147,"tags=47%, list=25%, signal=37%","SLC2A1/DBI/ABCA6/SPP1/LAMTOR1/PIP4K2A/MIF/APOD/NFKBIA"
"GOBP_REGULATION_OF_EPITHELIAL_CELL_PROLIFERATION","GOBP_REGULATION_OF_EPITHELIAL_CELL_PROLIFERATION",16,-0.30685287645547,-0.964885631161624,0.525691699604743,0.762569646173627,0.628029906186009,212,"tags=50%, list=36%, signal=33%","PTN/FOXP2/ALDH1A2/TGFBR3/BMP6/EYA1/F3/BMP5"
"GOBP_NEGATIVE_REGULATION_OF_CELL_ADHESION","GOBP_NEGATIVE_REGULATION_OF_CELL_ADHESION",17,0.226138342816083,0.95514206862333,0.525641025641026,0.762569646173627,0.628029906186009,182,"tags=59%, list=31%, signal=42%","ADAMTS18/CD74/SEMA6A/CBFB/PLXNB1/LGALS1/APOD/RGCC/DLG1/UFL1"
"GOBP_DEFENSE_RESPONSE_TO_BACTERIUM","GOBP_DEFENSE_RESPONSE_TO_BACTERIUM",11,0.267234641955002,0.937683821015318,0.525691699604743,0.762569646173627,0.628029906186009,175,"tags=55%, list=30%, signal=39%","GBP2/CYBA/TF/RBPJ/RPS19/FAU"
"GOBP_NUCLEAR_TRANSPORT","GOBP_NUCLEAR_TRANSPORT",13,0.240350877192982,0.922983209417686,0.531496062992126,0.767291678468249,0.631918832940279,446,"tags=100%, list=77%, signal=24%","LMNA/HSP90AA1/APOD/NFKBIA/NF1/NEAT1/SEM1/CFL1/THOC2/RPL23/PPP3CA/KCNQ3/MDFIC"
"GOBP_STEROID_METABOLIC_PROCESS","GOBP_STEROID_METABOLIC_PROCESS",13,0.239972759569589,0.921531181359154,0.531496062992126,0.767291678468249,0.631918832940279,86,"tags=38%, list=15%, signal=34%","CBR1/LRP2/SPP1/IGFBP7/LSS"
"GOBP_POSITIVE_REGULATION_OF_CELLULAR_COMPONENT_BIOGENESIS","GOBP_POSITIVE_REGULATION_OF_CELLULAR_COMPONENT_BIOGENESIS",32,-0.255355681681503,-0.959237743506156,0.536729857819905,0.76804183006536,0.632536635706914,210,"tags=47%, list=36%, signal=32%","TPM1/NTRK2/FLRT2/ADGRB3/STMP1/EVL/GPM6A/LRRTM4/NAV3/ASIC2/TENM2/CLSTN2/LINGO2/NRG1/NRXN1"
"GOBP_PROTEIN_TRANSPORT","GOBP_PROTEIN_TRANSPORT",49,-0.232771389152146,-0.958169479485458,0.53615127919911,0.76804183006536,0.632536635706914,145,"tags=31%, list=25%, signal=25%","ITSN1/KCNQ3/MDFIC/ARHGAP44/EHBP1/PRKCB/BMP6/PCLO/GRIP1/CADPS2/NNAT/FMN2/RIMS2/CADPS/SNAP25"
"GOBP_ENZYME_LINKED_RECEPTOR_PROTEIN_SIGNALING_PATHWAY","GOBP_ENZYME_LINKED_RECEPTOR_PROTEIN_SIGNALING_PATHWAY",52,-0.231256295921168,-0.95773925363951,0.542222222222222,0.76804183006536,0.632536635706914,109,"tags=21%, list=19%, signal=19%","KALRN/PRKCB/BMP6/EPHA4/F3/ITGA8/BMP5/NRG3/NRG1/FGF14/NRXN1"
"GOBP_REGULATION_OF_MONOATOMIC_ION_TRANSPORT","GOBP_REGULATION_OF_MONOATOMIC_ION_TRANSPORT",22,-0.278371540945035,-0.949329153309502,0.541718555417185,0.76804183006536,0.632536635706914,226,"tags=50%, list=39%, signal=32%","ATP2B1/PDE4D/CACNB2/FGF12/CEMIP/DPP10/RYR2/ASIC2/GRIA1/SLC8A1/KCNIP4"
"GOBP_MESENCHYMAL_CELL_DIFFERENTIATION","GOBP_MESENCHYMAL_CELL_DIFFERENTIATION",16,-0.300658151404275,-0.9454065855032,0.541501976284585,0.76804183006536,0.632536635706914,174,"tags=44%, list=30%, signal=32%","FGF12/ALDH1A2/TGFBR3/EXT1/EPHA4/BMP5/NRG1"
"GOBP_RHYTHMIC_PROCESS","GOBP_RHYTHMIC_PROCESS",13,-0.315612778361021,-0.94165589713778,0.54144385026738,0.76804183006536,0.632536635706914,55,"tags=23%, list=9%, signal=21%","GABRB1/KCND2/ROBO2"
"GOBP_NEGATIVE_REGULATION_OF_RESPONSE_TO_EXTERNAL_STIMULUS","GOBP_NEGATIVE_REGULATION_OF_RESPONSE_TO_EXTERNAL_STIMULUS",14,-0.306820685244563,-0.940038523751446,0.539473684210526,0.76804183006536,0.632536635706914,100,"tags=29%, list=17%, signal=24%","CTNNA2/EPHA4/LRFN5/ROBO2"
"GOBP_NEGATIVE_REGULATION_OF_CYTOKINE_PRODUCTION","GOBP_NEGATIVE_REGULATION_OF_CYTOKINE_PRODUCTION",11,0.261019002414413,0.915874131254158,0.541501976284585,0.76804183006536,0.632536635706914,159,"tags=55%, list=27%, signal=40%","ERBIN/QKI/APOD/NFKBIA/RGCC/GSTP1"
"GOBP_MULTICELLULAR_ORGANISMAL_LEVEL_HOMEOSTASIS","GOBP_MULTICELLULAR_ORGANISMAL_LEVEL_HOMEOSTASIS",40,0.167086797056182,0.946292947601264,0.547619047619048,0.773865414710485,0.637332768541071,151,"tags=38%, list=26%, signal=30%","HSPA1A/HSPB1/HSPA1B/SLC2A1/CD74/SPP1/TF/CNTN2/BSG/SLC12A2/PRDX1/QKI/MIF/RBPJ/ADIPOR2"
"GOBP_PHOSPHORYLATION","GOBP_PHOSPHORYLATION",29,-0.259289868671977,-0.947467358190045,0.552380952380952,0.778766588602654,0.64136923104013,159,"tags=34%, list=27%, signal=26%","CEMIP/MAPK10/EPHA7/STK24/KALRN/PRKCB/IL18/DSCAM/DCLK1/NRG1"
"GOBP_MEMBRANE_ORGANIZATION","GOBP_MEMBRANE_ORGANIZATION",30,-0.255600245185865,-0.947973716217549,0.554502369668246,0.779930903131505,0.642328126202027,31,"tags=13%, list=5%, signal=13%","ERC2/SNAP25/SYT1/NRXN1"
"GOBP_REGULATION_OF_MUSCLE_CONTRACTION","GOBP_REGULATION_OF_MUSCLE_CONTRACTION",15,-0.296904844255143,-0.927964326554601,0.565616797900262,0.793709352764471,0.653675651603542,226,"tags=53%, list=39%, signal=34%","ATP2B1/PDE4D/CACNB2/TPM1/CACNA2D3/RYR2/CHRM3/SLC8A1"
"GOBP_ORGANIC_HYDROXY_COMPOUND_TRANSPORT","GOBP_ORGANIC_HYDROXY_COMPOUND_TRANSPORT",10,-0.335848054713637,-0.924324180109071,0.569060773480663,0.794959766994126,0.654705455943754,95,"tags=30%, list=16%, signal=26%","BMP6/GRM5/SYT1"
"GOBP_INTRACELLULAR_PROTEIN_TRANSPORT","GOBP_INTRACELLULAR_PROTEIN_TRANSPORT",24,0.190140800611162,0.915930006044328,0.569148936170213,0.794959766994126,0.654705455943754,230,"tags=67%, list=39%, signal=42%","HSPB1/LMNA/CD74/HSP90AA1/SNX9/USP9X/APOD/SCFD2/NFKBIA/SORT1/LAMP2/EXOC6B/NF1/CFL1/VPS13C/RAB1A"
"GOBP_PHOSPHATIDYLINOSITOL_3_KINASE_PROTEIN_KINASE_B_SIGNAL_TRANSDUCTION","GOBP_PHOSPHATIDYLINOSITOL_3_KINASE_PROTEIN_KINASE_B_SIGNAL_TRANSDUCTION",14,-0.296043125178398,-0.907018189264661,0.573684210526316,0.799439571150098,0.658394890735611,41,"tags=14%, list=7%, signal=14%","IL18/NRXN1"
"GOBP_ENDOMEMBRANE_SYSTEM_ORGANIZATION","GOBP_ENDOMEMBRANE_SYSTEM_ORGANIZATION",20,-0.277109786556991,-0.927352544922298,0.577553593947037,0.802972895048767,0.661304832257334,31,"tags=15%, list=5%, signal=15%","ERC2/SNAP25/SYT1"
"GOBP_POSITIVE_REGULATION_OF_MOLECULAR_FUNCTION","GOBP_POSITIVE_REGULATION_OF_MOLECULAR_FUNCTION",18,0.209382752238365,0.911479677690594,0.579831932773109,0.80428300352399,0.662383799020457,99,"tags=33%, list=17%, signal=29%","HSPA1A/HSPA1B/SGK1/SNX9/PLXNB1/USP9X"
"GOBP_IMMUNE_RESPONSE_REGULATING_CELL_SURFACE_RECEPTOR_SIGNALING_PATHWAY","GOBP_IMMUNE_RESPONSE_REGULATING_CELL_SURFACE_RECEPTOR_SIGNALING_PATHWAY",14,0.233243659128173,0.904299778975535,0.582644628099174,0.80632658877173,0.664066835655682,57,"tags=21%, list=10%, signal=20%","MOG/CYBA/CD22"
"GOBP_LIPID_METABOLIC_PROCESS","GOBP_LIPID_METABOLIC_PROCESS",39,0.170216511476442,0.939633087972988,0.590909090909091,0.81262127731376,0.669250955787342,160,"tags=44%, list=27%, signal=34%","CBR1/FA2H/LRP2/CD74/HYCC1/DBI/SPP1/IGFBP7/LSS/SLC44A1/PIP4K2A/QKI/MIF/APOD/ADIPOR2/GSTP1/PIGU"
"GOBP_HEART_MORPHOGENESIS","GOBP_HEART_MORPHOGENESIS",19,-0.276295116325763,-0.908687295244012,0.592258064516129,0.81262127731376,0.669250955787342,170,"tags=53%, list=29%, signal=39%","TPM1/FLRT2/ALDH1A2/TGFBR3/EXT1/RYR2/EYA1/BMP5/NRG1/ROBO2"
"GOBP_EXTRINSIC_APOPTOTIC_SIGNALING_PATHWAY","GOBP_EXTRINSIC_APOPTOTIC_SIGNALING_PATHWAY",10,-0.329753447887881,-0.907550545787717,0.592541436464088,0.81262127731376,0.669250955787342,94,"tags=30%, list=16%, signal=26%","EYA1/BMP5/NRG1"
"GOBP_MONOCARBOXYLIC_ACID_METABOLIC_PROCESS","GOBP_MONOCARBOXYLIC_ACID_METABOLIC_PROCESS",16,0.217297080561459,0.899241483205338,0.592592592592593,0.81262127731376,0.669250955787342,159,"tags=50%, list=27%, signal=37%","CBR1/FA2H/CD74/DBI/QKI/MIF/ADIPOR2/GSTP1"
"GOBP_EPITHELIAL_CELL_PROLIFERATION","GOBP_EPITHELIAL_CELL_PROLIFERATION",17,-0.281225195912946,-0.90258217926553,0.595052083333333,0.814139441287879,0.670501270933014,212,"tags=47%, list=36%, signal=31%","PTN/FOXP2/ALDH1A2/TGFBR3/BMP6/EYA1/F3/BMP5"
"GOBP_RESPONSE_TO_OXYGEN_CONTAINING_COMPOUND","GOBP_RESPONSE_TO_OXYGEN_CONTAINING_COMPOUND",75,-0.211783566248677,-0.926392152127404,0.601075268817204,0.816811087647758,0.672701560206495,113,"tags=21%, list=19%, signal=20%","CYP1B1/PRKCB/KCNK2/BMP6/EPHA4/ADCY2/SLC5A5/GABRB1/GRIA1/COL6A3/IL18/NPTX1/GRM5/KCNMA1/CHRM3/SLC8A1"
"GOBP_MAPK_CASCADE","GOBP_MAPK_CASCADE",38,-0.233522134543165,-0.910441170513439,0.6,0.816811087647758,0.672701560206495,56,"tags=32%, list=10%, signal=31%","GRIK2/FGF12/TGFBR3/MAPK10/EPHA7/MDFIC/EPHA4/GRM1/GRM5/NRG1/FGF14/NRXN1"
"GOBP_REGULATION_OF_CHEMOTAXIS","GOBP_REGULATION_OF_CHEMOTAXIS",14,-0.288404820892894,-0.883615920024614,0.598684210526316,0.816811087647758,0.672701560206495,67,"tags=29%, list=11%, signal=26%","CAMK1D/F3/DSCAM/ROBO2"
"GOBP_RNA_PROCESSING","GOBP_RNA_PROCESSING",38,0.162022667094373,0.902014089624989,0.605839416058394,0.81884765625,0.674378818139098,249,"tags=66%, list=43%, signal=40%","HSPA1A/RALY/PABPC4/YBX1/SAP30BP/ADARB2/U2AF1/UBL5/QKI/RPS19/RPL27/TIAL1/RPL7A/PABPC1/TMBIM6/SRSF10/SRSF7/RPS28/PPP4R2/SF3B1/THOC2/SRSF11/RPS16/SON/ZRANB2"
"GOBP_GLYCOPROTEIN_BIOSYNTHETIC_PROCESS","GOBP_GLYCOPROTEIN_BIOSYNTHETIC_PROCESS",10,-0.327586122679511,-0.901585612931505,0.609116022099447,0.81884765625,0.674378818139098,192,"tags=50%, list=33%, signal=34%","CHSY3/NDST4/EXT1/GALNT17/GALNTL6"
"GOBP_POSITIVE_REGULATION_OF_PROTEIN_LOCALIZATION","GOBP_POSITIVE_REGULATION_OF_PROTEIN_LOCALIZATION",17,-0.27859581941309,-0.894143289700016,0.609375,0.81884765625,0.674378818139098,125,"tags=24%, list=21%, signal=19%","DPP10/BMP6/NNAT/NRXN1"
"GOBP_REGULATION_OF_TRANSLATION","GOBP_REGULATION_OF_TRANSLATION",16,0.213471716402335,0.883410961546403,0.609053497942387,0.81884765625,0.674378818139098,36,"tags=19%, list=6%, signal=18%","HSPB1/YBX1/ITGA2"
"GOBP_EPIDERMIS_DEVELOPMENT","GOBP_EPIDERMIS_DEVELOPMENT",11,-0.304971786321709,-0.880333918169922,0.608811748998665,0.81884765625,0.674378818139098,41,"tags=18%, list=7%, signal=17%","IL18/GABRB2"
"GOBP_RNA_SPLICING_VIA_TRANSESTERIFICATION_REACTIONS","GOBP_RNA_SPLICING_VIA_TRANSESTERIFICATION_REACTIONS",19,-0.271406266303877,-0.892608705212028,0.614193548387097,0.823484445721675,0.678197541414424,88,"tags=21%, list=15%, signal=18%","RBFOX1/CELF2/CELF4/KHDRBS2"
"GOBP_REGULATION_OF_DNA_METABOLIC_PROCESS","GOBP_REGULATION_OF_DNA_METABOLIC_PROCESS",10,-0.324640949739943,-0.893479880221615,0.61878453038674,0.827796193984039,0.68174857032083,103,"tags=30%, list=18%, signal=25%","KCNK2/EYA1/FMN2"
"GOBP_MUSCLE_CELL_DEVELOPMENT","GOBP_MUSCLE_CELL_DEVELOPMENT",12,-0.297248157362793,-0.875607059985325,0.620689655172414,0.828503708234575,0.682331258224313,277,"tags=83%, list=48%, signal=45%","TMOD3/PDLIM5/FOXP1/PPP3CA/TPM1/AKAP13/HDAC9/SORBS2/SGCD/SLC8A1"
"GOBP_CELL_SURFACE_RECEPTOR_PROTEIN_SERINE_THREONINE_KINASE_SIGNALING_PATHWAY","GOBP_CELL_SURFACE_RECEPTOR_PROTEIN_SERINE_THREONINE_KINASE_SIGNALING_PATHWAY",17,0.21396787462418,0.903737578698408,0.623931623931624,0.830988578776189,0.684377724433616,50,"tags=24%, list=9%, signal=22%","HSPA1A/PCSK6/LRP2/HTRA1"
"GOBP_ORGANOPHOSPHATE_CATABOLIC_PROCESS","GOBP_ORGANOPHOSPHATE_CATABOLIC_PROCESS",10,-0.322303502086775,-0.887046734770155,0.63121546961326,0.838833802885612,0.690838820001964,127,"tags=30%, list=22%, signal=24%","GPCPD1/PRKAG2/SLC4A4"
"GOBP_RESPONSE_TO_XENOBIOTIC_STIMULUS","GOBP_RESPONSE_TO_XENOBIOTIC_STIMULUS",14,0.22456832067101,0.870664966871,0.636363636363636,0.842591093117409,0.693933213600804,73,"tags=29%, list=13%, signal=26%","CBR1/ITGA2/CYBA/HSP90AA1"
"GOBP_PROTEOLYSIS_INVOLVED_IN_PROTEIN_CATABOLIC_PROCESS","GOBP_PROTEOLYSIS_INVOLVED_IN_PROTEIN_CATABOLIC_PROCESS",23,0.185243553975254,0.865487891997452,0.636842105263158,0.842591093117409,0.693933213600804,29,"tags=13%, list=5%, signal=13%","HSPA1A/HSPA1B/CSNK1E"
"GOBP_REGULATION_OF_MULTICELLULAR_ORGANISMAL_DEVELOPMENT","GOBP_REGULATION_OF_MULTICELLULAR_ORGANISMAL_DEVELOPMENT",72,-0.206682978057566,-0.895280651306531,0.641304347826087,0.846301480385805,0.696988979300077,113,"tags=22%, list=19%, signal=20%","CYP1B1/PRKCB/KCNK2/BMP6/EPHA4/ASIC2/F3/IL18/DSCAM/GRM5/CLSTN2/LINGO2/SLC8A1/NRG1/ROBO2/NRXN1"
"GOBP_RESPONSE_TO_WOUNDING","GOBP_RESPONSE_TO_WOUNDING",26,0.172245683870912,0.872032593669088,0.642458100558659,0.846301480385805,0.696988979300077,74,"tags=23%, list=13%, signal=21%","ADAMTS18/HSPB1/PABPC4/ITGA2/CD59/SPP1"
"GOBP_REGULATION_OF_INTRACELLULAR_TRANSPORT","GOBP_REGULATION_OF_INTRACELLULAR_TRANSPORT",14,0.221441124780316,0.858540639190078,0.648760330578512,0.852737377747302,0.702289394857456,457,"tags=100%, list=78%, signal=22%","CRYAB/HSP90AA1/LAMP1/APOD/NFKBIA/NF1/NEAT1/THOC2/RAB11A/MAPK1/DYNC1I1/MAP2/MDFIC/ARHGAP44"
"GOBP_REGULATION_OF_ESTABLISHMENT_OF_PROTEIN_LOCALIZATION","GOBP_REGULATION_OF_ESTABLISHMENT_OF_PROTEIN_LOCALIZATION",18,-0.263445238247114,-0.855226284784578,0.653141361256545,0.856625489055424,0.705491528842638,159,"tags=33%, list=27%, signal=25%","CEMIP/MDFIC/ARHGAP44/BMP6/NNAT/SNAP25"
"GOBP_MUSCLE_ORGAN_DEVELOPMENT","GOBP_MUSCLE_ORGAN_DEVELOPMENT",19,-0.257968087215528,-0.84841283678271,0.660645161290323,0.864583450210379,0.712045471322064,210,"tags=53%, list=36%, signal=35%","TPM1/FOXP2/NEGR1/HDAC9/TGFBR3/SGCD/GPCPD1/RYR2/COL6A3/NRG1"
"GOBP_B_CELL_ACTIVATION","GOBP_B_CELL_ACTIVATION",10,0.246946297739896,0.848365839644875,0.665467625899281,0.869005446402097,0.715687297176758,207,"tags=70%, list=36%, signal=46%","CD74/CD22/LGALS1/MIF/RBPJ/RIF1/PPP2R3C"
"GOBP_ORGANIC_ANION_TRANSPORT","GOBP_ORGANIC_ANION_TRANSPORT",18,-0.259355224563217,-0.841948811140069,0.667539267015707,0.869823893384103,0.716361346011387,146,"tags=33%, list=25%, signal=26%","SLC22A6/SLC6A20/KCNK2/GRM1/SLC16A12/SLC4A4"
"GOBP_POSITIVE_REGULATION_OF_CELL_POPULATION_PROLIFERATION","GOBP_POSITIVE_REGULATION_OF_CELL_POPULATION_PROLIFERATION",40,-0.216077634271191,-0.854346989270558,0.679223744292237,0.8827231775359,0.726984816610263,95,"tags=20%, list=16%, signal=18%","BMP6/EYA1/EPHA4/F3/IL18/GRM5/BMP5/NRG1"
"GOBP_ACTIN_MEDIATED_CELL_CONTRACTION","GOBP_ACTIN_MEDIATED_CELL_CONTRACTION",12,-0.277242521416499,-0.816676245310195,0.680371352785146,0.8827231775359,0.726984816610263,222,"tags=58%, list=38%, signal=37%","PDE4D/CACNB2/TPM1/FGF12/SGCD/FRMD6/RYR2"
"GOBP_RESPONSE_TO_TRANSFORMING_GROWTH_FACTOR_BETA","GOBP_RESPONSE_TO_TRANSFORMING_GROWTH_FACTOR_BETA",10,0.242367704142979,0.832636418160159,0.683453237410072,0.884814728862072,0.728707356695289,99,"tags=30%, list=17%, signal=25%","HSPA1A/HTRA1/USP9X"
"GOBP_POSITIVE_REGULATION_OF_PROGRAMMED_CELL_DEATH","GOBP_POSITIVE_REGULATION_OF_PROGRAMMED_CELL_DEATH",21,-0.247944241727706,-0.837652543181434,0.688524590163934,0.889467389010061,0.732539150592304,179,"tags=38%, list=31%, signal=27%","GRIK2/ALDH1A2/EPHA7/CAMK1D/CYP1B1/PRKCB/F3/KCNMA1"
"GOBP_REGULATION_OF_CELL_CELL_ADHESION","GOBP_REGULATION_OF_CELL_CELL_ADHESION",15,-0.259324587441777,-0.810508722914816,0.690288713910761,0.889836843199739,0.732843422184083,95,"tags=33%, list=16%, signal=29%","EPHA7/BMP6/TENM3/EPHA4/IL18"
"GOBP_ANTIGEN_RECEPTOR_MEDIATED_SIGNALING_PATHWAY","GOBP_ANTIGEN_RECEPTOR_MEDIATED_SIGNALING_PATHWAY",10,0.24076503820322,0.827130577221876,0.694244604316547,0.893024042304618,0.735468305517529,57,"tags=20%, list=10%, signal=18%","MOG/CD22"
"GOBP_POSITIVE_REGULATION_OF_CATALYTIC_ACTIVITY","GOBP_POSITIVE_REGULATION_OF_CATALYTIC_ACTIVITY",10,-0.301486156393403,-0.829753039838738,0.700276243093923,0.8973185088293,0.739005101693653,7,"tags=100%, list=1%, signal=101%","PLXNB1/TAOK3/RPS2/NF1/SASH1/CCNY/GNAS/CEMIP/NRG1"
"GOBP_IMPORT_INTO_NUCLEUS","GOBP_IMPORT_INTO_NUCLEUS",10,0.239092495636998,0.82138468027375,0.705035971223022,0.8973185088293,0.739005101693653,446,"tags=100%, list=77%, signal=24%","LMNA/HSP90AA1/APOD/NFKBIA/NF1/CFL1/RPL23/PPP3CA/KCNQ3/MDFIC"
"GOBP_FOREBRAIN_DEVELOPMENT","GOBP_FOREBRAIN_DEVELOPMENT",21,-0.243077078249068,-0.821209362902061,0.702395964691047,0.8973185088293,0.739005101693653,51,"tags=43%, list=9%, signal=41%","NTRK2/NR4A2/PHACTR1/FOXP2/ALDH1A2/EXT1/GRIA1/NRG3/ROBO2"
"GOBP_CALCIUM_ION_TRANSMEMBRANE_IMPORT_INTO_CYTOSOL","GOBP_CALCIUM_ION_TRANSMEMBRANE_IMPORT_INTO_CYTOSOL",11,-0.281129760665948,-0.811511342430069,0.703604806408545,0.8973185088293,0.739005101693653,97,"tags=64%, list=17%, signal=54%","PPP3CA/PDE4D/PLCB4/CEMIP/RYR2/NALF1/SLC8A1"
"GOBP_ENDOSOMAL_TRANSPORT","GOBP_ENDOSOMAL_TRANSPORT",15,-0.256646116557818,-0.802137268295189,0.700787401574803,0.8973185088293,0.739005101693653,158,"tags=33%, list=27%, signal=25%","ITSN1/ARHGAP44/EHBP1/GRIP1/DCLK1"
"GOBP_HOMEOSTATIC_PROCESS","GOBP_HOMEOSTATIC_PROCESS",83,-0.194917595237271,-0.864573172448802,0.711275026343519,0.903349295060757,0.743971879653115,104,"tags=19%, list=18%, signal=18%","PRKCB/RYR2/BMP6/ADCY2/CADPS2/NELL2/GRM1/IL18/SLC24A3/NPTX1/SLC4A4/ERC2/GRM5/KCNMA1/SLC8A1/CSMD1"
"GOBP_RECEPTOR_MEDIATED_ENDOCYTOSIS","GOBP_RECEPTOR_MEDIATED_ENDOCYTOSIS",13,-0.272063886688917,-0.811724305426548,0.71524064171123,0.906473402758232,0.746544802761195,51,"tags=15%, list=9%, signal=14%","GRIA1/NRG1"
"GOBP_RESPONSE_TO_HORMONE","GOBP_RESPONSE_TO_HORMONE",51,-0.200003748516268,-0.82445814928658,0.721787709497207,0.912849162011173,0.751795690343177,104,"tags=20%, list=18%, signal=18%","PRKCB/BMP6/ADCY2/SLC5A5/RXFP1/GABRB1/GRIA1/THRB/GRM5/ROBO2"
"GOBP_REGULATION_OF_HYDROLASE_ACTIVITY","GOBP_REGULATION_OF_HYDROLASE_ACTIVITY",10,-0.292834674492495,-0.805942349847981,0.732044198895028,0.921963524253769,0.759302010707335,207,"tags=50%, list=36%, signal=33%","NTRK2/FGD6/FGD4/ARHGAP44/EPHA4"
"GOBP_POST_TRANSCRIPTIONAL_REGULATION_OF_GENE_EXPRESSION","GOBP_POST_TRANSCRIPTIONAL_REGULATION_OF_GENE_EXPRESSION",21,0.175560325493562,0.804640964102703,0.732057416267943,0.921963524253769,0.759302010707335,195,"tags=52%, list=33%, signal=36%","HSPB1/YBX1/ITGA2/ADARB2/MTG1/QKI/EEF2/EIF1/TIAL1/PABPC1/EIF5B"
"GOBP_SMALL_MOLECULE_BIOSYNTHETIC_PROCESS","GOBP_SMALL_MOLECULE_BIOSYNTHETIC_PROCESS",17,0.188985740429178,0.798220367258301,0.739316239316239,0.925298079144233,0.762048251926794,41,"tags=18%, list=7%, signal=17%","CBR1/FA2H/CD74"
"GOBP_GLYCEROLIPID_METABOLIC_PROCESS","GOBP_GLYCEROLIPID_METABOLIC_PROCESS",10,0.232312559475277,0.798092708346172,0.737410071942446,0.925298079144233,0.762048251926794,160,"tags=50%, list=27%, signal=37%","HYCC1/DBI/SLC44A1/PIP4K2A/PIGU"
"GOBP_CHROMATIN_REMODELING","GOBP_CHROMATIN_REMODELING",19,-0.240869610228807,-0.792178875746873,0.738064516129032,0.925298079144233,0.762048251926794,165,"tags=32%, list=28%, signal=23%","HDAC9/SETBP1/SATB2/PRKCB/EYA1/UTY"
"GOBP_ACTIN_FILAMENT_BASED_PROCESS","GOBP_ACTIN_FILAMENT_BASED_PROCESS",46,-0.199096366063916,-0.811440003429097,0.744394618834081,0.929357414801746,0.765391401244312,222,"tags=46%, list=38%, signal=31%","PDE4D/SORBS1/CACNB2/TPM1/PHACTR1/CYRIB/AKAP13/EVL/FGD6/FGF12/SGCD/FGD4/ARHGAP44/EHBP1/TLN2/AMOTL1/FRMD6/CTNNA2/RYR2/PCLO/FMN2"
"GOBP_CELL_DIVISION","GOBP_CELL_DIVISION",25,0.164368105773982,0.805480245427278,0.747191011235955,0.929357414801746,0.765391401244312,430,"tags=96%, list=74%, signal=26%","CCP110/YBX1/SNX9/USP9X/STAMBP/EXOC6B/CFL1/DIS3L2/THOC2/SON/CALM2/SOX5/WWTR1/RAB11A/CCNY/PARD3B/MLLT3/TTC28/NUMB/PTN/CDC14A/ARPP19/CDK14/EXT1"
"GOBP_POSITIVE_REGULATION_OF_TRANSPORT","GOBP_POSITIVE_REGULATION_OF_TRANSPORT",43,-0.197435933023781,-0.794646590981605,0.746878547105562,0.929357414801746,0.765391401244312,193,"tags=37%, list=33%, signal=27%","MICU3/MAP2/NEGR1/ABCA5/FGF12/ARPP19/CEMIP/ITSN1/CAMK1D/BMP6/CADPS2/NNAT/ERC2/GRM5/CADPS/SYT1"
"GOBP_MUSCLE_CONTRACTION","GOBP_MUSCLE_CONTRACTION",37,-0.204296616875331,-0.790623476553851,0.752314814814815,0.931933393223819,0.767512901221226,37,"tags=54%, list=6%, signal=54%","RPL23/TMOD3/GNAS/RPL12/RPL36A/RPL39/ATP2B1/PDE4D/CACNB2/TPM1/RPL31/FGF12/DTNA/SGCD/CACNA2D3/RYR2/KCND2/KCNMA1/CHRM3/SLC8A1"
"GOBP_REGULATION_OF_NEUROGENESIS","GOBP_REGULATION_OF_NEUROGENESIS",21,-0.230578282834854,-0.778983547563632,0.752837326607818,0.931933393223819,0.767512901221226,39,"tags=43%, list=7%, signal=41%","PTN/NTRK2/MAP2/NEGR1/EPHA7/EPHA4/DSCAM/GRM5/ROBO2"
"GOBP_DEVELOPMENTAL_MATURATION","GOBP_DEVELOPMENTAL_MATURATION",17,-0.240734859466151,-0.7726298967515,0.75390625,0.931933393223819,0.767512901221226,204,"tags=41%, list=35%, signal=28%","NR4A2/ADGRB3/ALDH1A2/EXT1/KCNQ3/NRCAM/NRXN1"
"GOBP_RESPONSE_TO_ENDOGENOUS_STIMULUS","GOBP_RESPONSE_TO_ENDOGENOUS_STIMULUS",78,-0.187462281276953,-0.823370985371213,0.756929637526652,0.933753364325911,0.769011775830572,104,"tags=18%, list=18%, signal=17%","PRKCB/BMP6/ADCY2/SLC5A5/RXFP1/ITGA8/GABRB1/GRIA1/THRB/GRM5/BMP5/ROBO2/FGF14/NRXN1"
"GOBP_CELLULAR_RESPONSE_TO_ENDOGENOUS_STIMULUS","GOBP_CELLULAR_RESPONSE_TO_ENDOGENOUS_STIMULUS",67,-0.189109201580155,-0.807995102188816,0.765350877192982,0.940288220551379,0.774393690994403,104,"tags=18%, list=18%, signal=17%","PRKCB/BMP6/ADCY2/SLC5A5/RXFP1/ITGA8/GRIA1/THRB/BMP5/ROBO2/FGF14/NRXN1"
"GOBP_STRIATED_MUSCLE_CONTRACTION","GOBP_STRIATED_MUSCLE_CONTRACTION",26,-0.219398609263819,-0.78209853971312,0.764277035236938,0.940288220551379,0.774393690994403,433,"tags=96%, list=74%, signal=26%","EEF2/RPL27/RPL7A/DLG1/RPL18A/RPL18/RPL30/RPL28/AKAP9/CALM2/RPL38/RPL23/GNAS/RPL12/RPL36A/RPL39/PDE4D/CACNB2/TPM1/RPL31/FGF12/DTNA/SGCD/RYR2/SLC8A1"
"GOBP_SMALL_MOLECULE_METABOLIC_PROCESS","GOBP_SMALL_MOLECULE_METABOLIC_PROCESS",47,0.147206690494806,0.857728934360652,0.767857142857143,0.941446028513238,0.775347227539317,41,"tags=15%, list=7%, signal=15%","CBR1/HSPA1A/FA2H/HSPA1B/SLC2A1/LRP2/CD74"
"GOBP_CELLULAR_RESPONSE_TO_HORMONE_STIMULUS","GOBP_CELLULAR_RESPONSE_TO_HORMONE_STIMULUS",37,-0.200921102898989,-0.777560310673035,0.775462962962963,0.948838828666064,0.781435720058955,104,"tags=19%, list=18%, signal=17%","PRKCB/ADCY2/SLC5A5/RXFP1/GRIA1/THRB/ROBO2"
"GOBP_PROTEIN_RNA_COMPLEX_ORGANIZATION","GOBP_PROTEIN_RNA_COMPLEX_ORGANIZATION",12,-0.254041609871443,-0.748333073304753,0.777188328912467,0.94902104260711,0.781585786095381,75,"tags=17%, list=13%, signal=15%","CELF2/CELF4"
"GOBP_RESPONSE_TO_LIPID","GOBP_RESPONSE_TO_LIPID",38,-0.199732367438646,-0.778703786499729,0.780346820809249,0.950948959771594,0.783173561903167,103,"tags=21%, list=18%, signal=19%","KCNK2/BMP6/ADCY2/SLC5A5/GABRB1/GRIA1/IL18/GRM5"
"GOBP_LEUKOCYTE_DIFFERENTIATION","GOBP_LEUKOCYTE_DIFFERENTIATION",20,0.172648767164983,0.776970297284598,0.784688995215311,0.951949264648665,0.783997383545238,150,"tags=40%, list=26%, signal=31%","CD74/PREX1/CBFB/TF/LGALS1/QKI/RBPJ/MITF"
"GOBP_AMINO_ACID_TRANSPORT","GOBP_AMINO_ACID_TRANSPORT",10,-0.27409401522154,-0.754364130852195,0.785911602209945,0.951949264648665,0.783997383545238,115,"tags=50%, list=20%, signal=41%","SLC1A3/NTRK2/SLC6A20/KCNK2/GRM1"
"GOBP_REGULATION_OF_CELL_PROJECTION_ASSEMBLY","GOBP_REGULATION_OF_CELL_PROJECTION_ASSEMBLY",15,-0.232173574885521,-0.725649308966048,0.783464566929134,0.951949264648665,0.783997383545238,49,"tags=33%, list=8%, signal=31%","EVL/GPM6A/ARHGAP44/TENM2/NRXN1"
"GOBP_REGENERATION","GOBP_REGENERATION",12,0.212404096810954,0.780072998176759,0.790322580645161,0.955369866563026,0.786814490559863,23,"tags=17%, list=4%, signal=16%","CAPN3/OMG"
"GOBP_CARBOHYDRATE_DERIVATIVE_BIOSYNTHETIC_PROCESS","GOBP_CARBOHYDRATE_DERIVATIVE_BIOSYNTHETIC_PROCESS",19,-0.226940777462163,-0.7463693314417,0.793548387096774,0.957346951968453,0.788442759883094,163,"tags=58%, list=28%, signal=43%","ADK/DSE/GMDS/CHSY3/NDST4/EXT1/AK5/PRKAG2/GALNT17/ADCY2/GALNTL6"
"GOBP_RESPONSE_TO_BMP","GOBP_RESPONSE_TO_BMP",10,-0.270657175716963,-0.744905228790238,0.795580110497238,0.957878453038674,0.788880488514103,180,"tags=50%, list=31%, signal=35%","CRIM1/TGFBR3/EXT1/BMP6/BMP5"
"GOBP_CELLULAR_RESPONSE_TO_OXIDATIVE_STRESS","GOBP_CELLULAR_RESPONSE_TO_OXIDATIVE_STRESS",16,0.182772775957875,0.756369398600507,0.802469135802469,0.962442014579192,0.792638903421576,53,"tags=19%, list=9%, signal=18%","HSPA1A/HSPA1B/GPR37"
"GOBP_PROTEIN_LOCALIZATION_TO_NUCLEUS","GOBP_PROTEIN_LOCALIZATION_TO_NUCLEUS",15,0.189589437105185,0.7498870408549,0.804166666666667,0.962442014579192,0.792638903421576,147,"tags=40%, list=25%, signal=31%","GBP2/LMNA/HSP90AA1/SUN2/APOD/NFKBIA"
"GOBP_SMALL_GTPASE_MEDIATED_SIGNAL_TRANSDUCTION","GOBP_SMALL_GTPASE_MEDIATED_SIGNAL_TRANSDUCTION",25,0.152958675303293,0.749568724074389,0.803370786516854,0.962442014579192,0.792638903421576,122,"tags=32%, list=21%, signal=26%","CSNK1E/PREX1/RALGDS/SPATA13/DOCK1/PLXNB1/DOCK5/STAMBP"
"GOBP_LOCOMOTION","GOBP_LOCOMOTION",71,-0.1758799210947,-0.760348288267179,0.825897714907508,0.966858237547893,0.796275974619789,165,"tags=30%, list=28%, signal=24%","HDAC9/TGFBR3/CEMIP/LAMA4/EPHA7/STK24/CAMK1D/AMOTL1/NAV3/CYP1B1/CTNNA2/EPHA4/F3/SRGAP3/GRIA1/DSCAM/BMP5/NRG3/UNC5D/NRG1/ROBO2"
"GOBP_VASCULATURE_DEVELOPMENT","GOBP_VASCULATURE_DEVELOPMENT",39,-0.188623519922521,-0.740765482778741,0.822988505747126,0.966858237547893,0.796275974619789,170,"tags=33%, list=29%, signal=25%","ALDH1A2/HDAC9/TGFBR3/SGCD/AMOTL1/CYP1B1/PRKCB/EYA1/NRCAM/F3/IL18/ROBO2/NRXN1"
"GOBP_RESPONSE_TO_GROWTH_FACTOR","GOBP_RESPONSE_TO_GROWTH_FACTOR",39,-0.186910362571219,-0.734037542207305,0.828735632183908,0.966858237547893,0.796275974619789,104,"tags=18%, list=18%, signal=16%","PRKCB/BMP6/ITGA8/GRIA1/BMP5/FGF14/NRXN1"
"GOBP_REGULATION_OF_LEUKOCYTE_PROLIFERATION","GOBP_REGULATION_OF_LEUKOCYTE_PROLIFERATION",10,0.21262782277205,0.730467243480884,0.820143884892086,0.966858237547893,0.796275974619789,206,"tags=60%, list=35%, signal=39%","CD74/CD22/MIF/GSTP1/DLG1/SOS2"
"GOBP_CARBOHYDRATE_DERIVATIVE_METABOLIC_PROCESS","GOBP_CARBOHYDRATE_DERIVATIVE_METABOLIC_PROCESS",34,-0.191345823711591,-0.728886904085148,0.827505827505827,0.966858237547893,0.796275974619789,163,"tags=32%, list=28%, signal=25%","NDST4/CEMIP/EXT1/AK5/PRKAG2/GALNT17/ADCY2/B3GALT1/MACROD2/GALNTL6/SLC4A4"
"GOBP_ENDOTHELIAL_CELL_PROLIFERATION","GOBP_ENDOTHELIAL_CELL_PROLIFERATION",10,0.212144528499021,0.728806921558726,0.820143884892086,0.966858237547893,0.796275974619789,69,"tags=30%, list=12%, signal=27%","CYBA/SPARC/NRP2"
"GOBP_CELLULAR_RESPONSE_TO_NUTRIENT_LEVELS","GOBP_CELLULAR_RESPONSE_TO_NUTRIENT_LEVELS",10,-0.264272973537006,-0.727334567406861,0.810773480662983,0.966858237547893,0.796275974619789,129,"tags=30%, list=22%, signal=24%","STK24/PRKAG2/CADPS2"
"GOBP_NEGATIVE_REGULATION_OF_SUPRAMOLECULAR_FIBER_ORGANIZATION","GOBP_NEGATIVE_REGULATION_OF_SUPRAMOLECULAR_FIBER_ORGANIZATION",10,-0.261002910521726,-0.718334669169901,0.820441988950276,0.966858237547893,0.796275974619789,287,"tags=70%, list=49%, signal=36%","MID1/TMOD3/PHLDB2/CYRIB/MAP2/NAV3/CTNNA2"
"GOBP_REGULATION_OF_MUSCLE_SYSTEM_PROCESS","GOBP_REGULATION_OF_MUSCLE_SYSTEM_PROCESS",18,-0.219427738340278,-0.712331605187,0.825916230366492,0.966858237547893,0.796275974619789,23,"tags=61%, list=4%, signal=61%","GNAS/FOXP1/PPP3CA/ATP2B1/PDE4D/CACNB2/TPM1/CACNA2D3/RYR2/CHRM3/SLC8A1"
"GOBP_RESPONSE_TO_LIGHT_STIMULUS","GOBP_RESPONSE_TO_LIGHT_STIMULUS",12,-0.241390170710447,-0.711065594351729,0.818302387267904,0.966858237547893,0.796275974619789,155,"tags=58%, list=27%, signal=44%","RPL26/CIRBP/SLC1A3/EXT1/MAPK10/EYS/ASIC2"
"GOBP_AMIDE_METABOLIC_PROCESS","GOBP_AMIDE_METABOLIC_PROCESS",15,-0.22547277296615,-0.704706218070766,0.81496062992126,0.966858237547893,0.796275974619789,87,"tags=20%, list=15%, signal=17%","EPHA4/B3GALT1/SLC16A12"
"GOBP_RESPONSE_TO_RADIATION","GOBP_RESPONSE_TO_RADIATION",15,-0.224568212176217,-0.701879049162952,0.818897637795276,0.966858237547893,0.796275974619789,155,"tags=33%, list=27%, signal=25%","EXT1/MAPK10/EYS/EYA1/ASIC2"
"GOBP_ACTIN_FILAMENT_BASED_MOVEMENT","GOBP_ACTIN_FILAMENT_BASED_MOVEMENT",13,-0.232474869883915,-0.6936073162162,0.824866310160428,0.966858237547893,0.796275974619789,222,"tags=54%, list=38%, signal=34%","PDE4D/CACNB2/TPM1/FGF12/SGCD/FRMD6/RYR2"
"GOBP_DNA_REPAIR","GOBP_DNA_REPAIR",16,0.177503800222604,0.73456477268047,0.831275720164609,0.967706333973129,0.796974441862815,221,"tags=62%, list=38%, signal=40%","CSNK1E/LMNA/USP9X/TAOK3/UFL1/ZMYND8/RIF1/PSME4/PPP4R2/SEM1"
"GOBP_RIBOSE_PHOSPHATE_METABOLIC_PROCESS","GOBP_RIBOSE_PHOSPHATE_METABOLIC_PROCESS",16,0.175042728801873,0.724380109780565,0.835390946502058,0.967706333973129,0.796974441862815,54,"tags=19%, list=9%, signal=17%","HSPA1A/HSPA1B/ADSS2"
"GOBP_POSITIVE_REGULATION_OF_TRANSCRIPTION_BY_RNA_POLYMERASE_II","GOBP_POSITIVE_REGULATION_OF_TRANSCRIPTION_BY_RNA_POLYMERASE_II",38,-0.185482275197348,-0.723146437790694,0.835838150289017,0.967706333973129,0.796974441862815,95,"tags=16%, list=16%, signal=14%","BMP6/EYA1/ITGA8/IL18/THRB/BMP5"
"GOBP_MONONUCLEAR_CELL_DIFFERENTIATION","GOBP_MONONUCLEAR_CELL_DIFFERENTIATION",15,0.181358680769465,0.717331759258878,0.8375,0.967706333973129,0.796974441862815,148,"tags=40%, list=25%, signal=31%","CD74/PREX1/CBFB/LGALS1/QKI/RBPJ"
"GOBP_REGULATION_OF_LIPID_METABOLIC_PROCESS","GOBP_REGULATION_OF_LIPID_METABOLIC_PROCESS",12,-0.237693487317152,-0.700176234745878,0.836870026525199,0.967706333973129,0.796974441862815,116,"tags=50%, list=20%, signal=41%","MAPK1/RORA/SORBS1/PRKAG2/BMP6/BMP5"
"GOBP_ANATOMICAL_STRUCTURE_FORMATION_INVOLVED_IN_MORPHOGENESIS","GOBP_ANATOMICAL_STRUCTURE_FORMATION_INVOLVED_IN_MORPHOGENESIS",64,-0.172386685911671,-0.734445670147653,0.840043525571273,0.967929775769164,0.797158461946627,70,"tags=14%, list=12%, signal=14%","NRCAM/F3/ITGA8/IL18/DSCAM/BMP5/NRG3/ROBO2/NRXN1"
"GOBP_ANATOMICAL_STRUCTURE_MATURATION","GOBP_ANATOMICAL_STRUCTURE_MATURATION",13,-0.226432267728736,-0.675578730735505,0.840909090909091,0.967929775769164,0.797158461946627,204,"tags=46%, list=35%, signal=31%","NR4A2/ADGRB3/ALDH1A2/EXT1/KCNQ3/NRCAM"
"GOBP_ACTIN_FILAMENT_ORGANIZATION","GOBP_ACTIN_FILAMENT_ORGANIZATION",22,0.154004599065752,0.715301405417893,0.85427135678392,0.968882724770682,0.79794328268402,180,"tags=45%, list=31%, signal=33%","EMP2/PREX1/DAAM2/SNX9/CALD1/PFN1/HIP1/RGCC/DLG1/MARCKSL1"
"GOBP_PROTEIN_MODIFICATION_PROCESS","GOBP_PROTEIN_MODIFICATION_PROCESS",61,-0.168682439720078,-0.714449720623253,0.859802847754655,0.968882724770682,0.79794328268402,159,"tags=26%, list=27%, signal=21%","CEMIP/MAPK10/EPHA7/KLHL2/PDZRN3/STK24/KALRN/PRKCB/EYA1/MACROD2/NNAT/IL18/DCLK1/CHRM3/AGBL4/NRG1"
"GOBP_MUSCLE_SYSTEM_PROCESS","GOBP_MUSCLE_SYSTEM_PROCESS",43,-0.177108678744889,-0.712832794124314,0.852440408626561,0.968882724770682,0.79794328268402,280,"tags=56%, list=48%, signal=31%","RPL23/TMOD3/GNAS/PDLIM5/RPL12/RPL36A/FOXP1/RPL39/PPP3CA/ATP2B1/PDE4D/CACNB2/TPM1/RPL31/FGF12/DTNA/SORBS2/SGCD/CACNA2D3/RYR2/KCND2/KCNMA1/CHRM3/SLC8A1"
"GOBP_T_CELL_ACTIVATION","GOBP_T_CELL_ACTIVATION",14,0.183039352939247,0.709654646241971,0.851239669421488,0.968882724770682,0.79794328268402,67,"tags=21%, list=11%, signal=19%","CD74/PREX1/CBFB"
"GOBP_CHROMATIN_ORGANIZATION","GOBP_CHROMATIN_ORGANIZATION",30,-0.18933239145958,-0.702198585927724,0.84478672985782,0.968882724770682,0.79794328268402,424,"tags=93%, list=73%, signal=27%","NAP1L4/WBP2/ZMYND8/RIF1/HP1BP3/SELENOF/PSME4/NEAT1/ASXL1/SF3B1/TRIP12/BAZ2B/ARID4B/PHF21A/CENPP/TBL1XR1/KDM2A/MLLT3/SMCHD1/SCMH1/TDRD3/HDAC9/SETBP1/SATB2/PRKCB/EYA1/UTY/MEG3"
"GOBP_REGULATION_OF_MOLECULAR_FUNCTION","GOBP_REGULATION_OF_MOLECULAR_FUNCTION",35,-0.181301177887218,-0.695471039525297,0.864269141531323,0.968882724770682,0.79794328268402,176,"tags=31%, list=30%, signal=23%","FGD6/FGF12/CEMIP/FGD4/ARHGAP44/CAMK1D/CYP1B1/EPHA4/IL18/TAFA1/NRG1"
"GOBP_REGULATION_OF_ACTIN_FILAMENT_ORGANIZATION","GOBP_REGULATION_OF_ACTIN_FILAMENT_ORGANIZATION",15,0.175821161568503,0.695429094476015,0.858333333333333,0.968882724770682,0.79794328268402,407,"tags=93%, list=70%, signal=29%","PREX1/DAAM2/SNX9/PFN1/RGCC/DLG1/RAC1/CFL1/BRAF/TMOD3/PHLDB2/TPM1/CYRIB/EVL"
"GOBP_MRNA_PROCESSING","GOBP_MRNA_PROCESSING",25,-0.196322210542182,-0.695312806178231,0.859223300970874,0.968882724770682,0.79794328268402,88,"tags=16%, list=15%, signal=14%","RBFOX1/CELF2/CELF4/KHDRBS2"
"GOBP_RESPONSE_TO_INSULIN","GOBP_RESPONSE_TO_INSULIN",14,0.179261862917399,0.695009088868158,0.863636363636364,0.968882724770682,0.79794328268402,481,"tags=100%, list=83%, signal=18%","SLC2A1/PIP4K2A/GSTP1/SORT1/SOS2/VPS13C/AKT3/NCOA1/SOS1/MAPK1/ATP2B1/SORBS1/HDAC9/PRKCB"
"GOBP_NEGATIVE_REGULATION_OF_NERVOUS_SYSTEM_DEVELOPMENT","GOBP_NEGATIVE_REGULATION_OF_NERVOUS_SYSTEM_DEVELOPMENT",10,-0.249507492421448,-0.686696871179348,0.849447513812155,0.968882724770682,0.79794328268402,6,"tags=60%, list=1%, signal=60%","PPP3CA/PTN/MAP2/NEGR1/EPHA7/ROBO2"
"GOBP_PURINE_CONTAINING_COMPOUND_METABOLIC_PROCESS","GOBP_PURINE_CONTAINING_COMPOUND_METABOLIC_PROCESS",19,-0.207469622522448,-0.682332039169816,0.851612903225806,0.968882724770682,0.79794328268402,131,"tags=26%, list=22%, signal=21%","AK5/PRKAG2/ADCY2/MACROD2/SLC4A4"
"GOBP_GLYCOPROTEIN_METABOLIC_PROCESS","GOBP_GLYCOPROTEIN_METABOLIC_PROCESS",12,-0.231525093443827,-0.682005931278996,0.856763925729443,0.968882724770682,0.79794328268402,192,"tags=42%, list=33%, signal=29%","CHSY3/NDST4/EXT1/GALNT17/GALNTL6"
"GOBP_OSTEOBLAST_DIFFERENTIATION","GOBP_OSTEOBLAST_DIFFERENTIATION",11,-0.233872743985129,-0.675098872419608,0.857142857142857,0.968882724770682,0.79794328268402,180,"tags=36%, list=31%, signal=26%","CRIM1/SATB2/BMP6/RSPO2"
"GOBP_CELLULAR_COMPONENT_DISASSEMBLY","GOBP_CELLULAR_COMPONENT_DISASSEMBLY",13,-0.221242045757758,-0.660093289519195,0.863636363636364,0.968882724770682,0.79794328268402,117,"tags=92%, list=20%, signal=75%","LAMP2/UFL1/DDIT4/RAC1/CFL1/MID1/RPL23/TMOD3/ADGRB3/NAV3/PRKCB/EPHA4"
"GOBP_NEGATIVE_REGULATION_OF_GENE_EXPRESSION","GOBP_NEGATIVE_REGULATION_OF_GENE_EXPRESSION",43,0.130784869130909,0.744993029084588,0.867768595041322,0.970997572890104,0.799685009321978,72,"tags=19%, list=12%, signal=18%","HSPA1A/HSPA1B/YBX1/LMNA/CD22/ERBIN/ADARB2/CRYAB"
"GOBP_NEGATIVE_REGULATION_OF_CELL_DIFFERENTIATION","GOBP_NEGATIVE_REGULATION_OF_CELL_DIFFERENTIATION",32,0.137445141567197,0.724028809665457,0.892405063291139,0.974095895977245,0.802236696984232,148,"tags=38%, list=25%, signal=30%","YBX1/NKX6-2/CD74/DAAM2/CBFB/SPP1/CNTN2/LGALS1/QKI/MEIS2/NFKBIA/RBPJ"
"GOBP_NEGATIVE_REGULATION_OF_CELL_COMMUNICATION","GOBP_NEGATIVE_REGULATION_OF_CELL_COMMUNICATION",63,-0.163735621110665,-0.69624884722852,0.882480957562568,0.974095895977245,0.802236696984232,104,"tags=17%, list=18%, signal=16%","PRKCB/EYA1/EPHA4/RGS12/GABRB1/GRIA1/GRM5/BMP5/GABRB2/SLC8A1/NRG1"
"GOBP_REGULATION_OF_LOCOMOTION","GOBP_REGULATION_OF_LOCOMOTION",66,-0.162457598684714,-0.694720737417893,0.888524590163934,0.974095895977245,0.802236696984232,129,"tags=29%, list=22%, signal=25%","HDAC9/TGFBR3/CEMIP/LAMA4/STK24/CAMK1D/AMOTL1/NAV3/CYP1B1/CTNNA2/EPHA4/F3/SRGAP3/GRIA1/DSCAM/BMP5/NRG3/UNC5D/ROBO2"
"GOBP_NUCLEOTIDE_METABOLIC_PROCESS","GOBP_NUCLEOTIDE_METABOLIC_PROCESS",18,0.158666285825711,0.690702044551135,0.886554621848739,0.974095895977245,0.802236696984232,54,"tags=17%, list=9%, signal=16%","HSPA1A/HSPA1B/ADSS2"
"GOBP_RESPONSE_TO_MOLECULE_OF_BACTERIAL_ORIGIN","GOBP_RESPONSE_TO_MOLECULE_OF_BACTERIAL_ORIGIN",13,0.179837418374717,0.690602503820334,0.877952755905512,0.974095895977245,0.802236696984232,159,"tags=46%, list=27%, signal=34%","GBP2/ERBIN/CDK19/MIF/NFKBIA/GSTP1"
"GOBP_RESPONSE_TO_NUTRIENT_LEVELS","GOBP_RESPONSE_TO_NUTRIENT_LEVELS",20,0.152835857648827,0.687806369562314,0.889952153110048,0.974095895977245,0.802236696984232,111,"tags=30%, list=19%, signal=25%","SLC2A1/ITGA2/CYBA/SPP1/LAMTOR1/CNTN2"
"GOBP_REGULATION_OF_CELLULAR_RESPONSE_TO_STRESS","GOBP_REGULATION_OF_CELLULAR_RESPONSE_TO_STRESS",27,-0.187260915081062,-0.674969838365016,0.876513317191283,0.974095895977245,0.802236696984232,129,"tags=22%, list=22%, signal=18%","STK24/KCNK2/EYA1/EPHA4/FMN2/GRM5"
"GOBP_CELL_PROJECTION_ASSEMBLY","GOBP_CELL_PROJECTION_ASSEMBLY",24,-0.187747804235391,-0.659017532298845,0.891891891891892,0.974095895977245,0.802236696984232,178,"tags=33%, list=31%, signal=24%","EVL/CDC14A/FGD6/GPM6A/FGD4/ARHGAP44/TENM2/NRXN1"
"GOBP_ACTIN_FILAMENT_BUNDLE_ORGANIZATION","GOBP_ACTIN_FILAMENT_BUNDLE_ORGANIZATION",12,-0.223196996060637,-0.657473766202978,0.884615384615385,0.974095895977245,0.802236696984232,244,"tags=50%, list=42%, signal=30%","PHLDB2/SORBS1/TPM1/PHACTR1/EVL/FMN2"
"GOBP_REGULATION_OF_CALCIUM_ION_TRANSPORT","GOBP_REGULATION_OF_CALCIUM_ION_TRANSPORT",12,-0.22210191012642,-0.654247959914393,0.885941644562334,0.974095895977245,0.802236696984232,274,"tags=67%, list=47%, signal=36%","STIM2/PPP3CA/ATP2B1/PDE4D/CACNB2/CEMIP/RYR2/SLC8A1"
"GOBP_MRNA_METABOLIC_PROCESS","GOBP_MRNA_METABOLIC_PROCESS",33,-0.172809008062113,-0.652982185284598,0.880755608028335,0.974095895977245,0.802236696984232,88,"tags=15%, list=15%, signal=14%","RBFOX1/CELF2/CELF4/KHDRBS2/THRB"
"GOBP_ORGANIC_ACID_TRANSPORT","GOBP_ORGANIC_ACID_TRANSPORT",17,-0.19990985700642,-0.641603515672789,0.876302083333333,0.974095895977245,0.802236696984232,146,"tags=29%, list=25%, signal=23%","SLC22A6/SLC6A20/KCNK2/GRM1/SLC16A12"
"GOBP_CELLULAR_RESPONSE_TO_INSULIN_STIMULUS","GOBP_CELLULAR_RESPONSE_TO_INSULIN_STIMULUS",11,-0.22027972027972,-0.635861145013128,0.893190921228304,0.974095895977245,0.802236696984232,458,"tags=73%, list=79%, signal=16%","AKT3/NCOA1/SOS1/MAPK1/ATP2B1/SORBS1/HDAC9/PRKCB"
"GOBP_MUSCLE_CELL_PROLIFERATION","GOBP_MUSCLE_CELL_PROLIFERATION",15,-0.202503010091251,-0.632915134328772,0.876640419947507,0.974095895977245,0.802236696984232,41,"tags=20%, list=7%, signal=19%","KCNK2/IL18/NRG1"
"GOBP_INTRACELLULAR_TRANSPORT","GOBP_INTRACELLULAR_TRANSPORT",54,-0.161580169106982,-0.671645464883971,0.898776418242492,0.976648743288772,0.804339146859612,35,"tags=9%, list=6%, signal=10%","NPTX1/FMN2/RIMS2/DCLK1/AGBL4"
"GOBP_DICARBOXYLIC_ACID_TRANSPORT","GOBP_DICARBOXYLIC_ACID_TRANSPORT",11,0.186981371983579,0.656087871159201,0.897233201581028,0.976648743288772,0.804339146859612,37,"tags=18%, list=6%, signal=17%","TTYH2/LRP2"
"GOBP_NEGATIVE_REGULATION_OF_DEVELOPMENTAL_PROCESS","GOBP_NEGATIVE_REGULATION_OF_DEVELOPMENTAL_PROCESS",58,0.117963416467972,0.72038696813485,0.907216494845361,0.980671624041322,0.807652272990843,74,"tags=17%, list=13%, signal=17%","ADAMTS1/ADAMTS9/YBX1/NKX6-2/CD74/SEMA6A/DAAM2/SPARC/CBFB/SPP1"
"GOBP_ORGANOPHOSPHATE_METABOLIC_PROCESS","GOBP_ORGANOPHOSPHATE_METABOLIC_PROCESS",29,0.129992309210417,0.665310842358876,0.91358024691358,0.980671624041322,0.807652272990843,66,"tags=17%, list=11%, signal=16%","HSPA1A/HSPA1B/ADSS2/HYCC1/DBI"
"GOBP_POSITIVE_REGULATION_OF_GENE_EXPRESSION","GOBP_POSITIVE_REGULATION_OF_GENE_EXPRESSION",44,-0.158895378658136,-0.64482664234894,0.909604519774011,0.980671624041322,0.807652272990843,67,"tags=14%, list=11%, signal=13%","F3/GRIA1/CELF4/IL18/SLC24A3/NRXN1"
"GOBP_LYMPHOCYTE_DIFFERENTIATION","GOBP_LYMPHOCYTE_DIFFERENTIATION",14,0.165321026549029,0.640959622770032,0.909090909090909,0.980671624041322,0.807652272990843,67,"tags=21%, list=11%, signal=19%","CD74/PREX1/CBFB"
"GOBP_REGULATION_OF_ACTIN_FILAMENT_BASED_PROCESS","GOBP_REGULATION_OF_ACTIN_FILAMENT_BASED_PROCESS",21,-0.186187456447071,-0.629013988446032,0.906683480453972,0.980671624041322,0.807652272990843,244,"tags=48%, list=42%, signal=29%","PHLDB2/PDE4D/TPM1/CYRIB/AKAP13/EVL/ARHGAP44/FRMD6/CTNNA2/RYR2"
"GOBP_ENDOCYTOSIS","GOBP_ENDOCYTOSIS",31,-0.166415113996141,-0.622077522116604,0.912322274881517,0.980671624041322,0.807652272990843,9,"tags=23%, list=2%, signal=23%","ITSN1/KCNQ3/EHBP1/CAMK1D/GRIA1/SYT1/NRG1"
"GOBP_STRIATED_MUSCLE_CELL_DIFFERENTIATION","GOBP_STRIATED_MUSCLE_CELL_DIFFERENTIATION",30,-0.165143197732417,-0.61248537046046,0.914691943127962,0.980671624041322,0.807652272990843,15,"tags=60%, list=3%, signal=62%","RPL38/RPL23/TMOD3/PDLIM5/RPL12/RPL36A/FOXP1/RPL39/PPP3CA/TPM1/AKAP13/ADGRB3/RPL31/HDAC9/SORBS2/SGCD/SLC8A1/NRG1"
"GOBP_REGULATION_OF_CATALYTIC_ACTIVITY","GOBP_REGULATION_OF_CATALYTIC_ACTIVITY",20,-0.175839920571544,-0.58845124117412,0.915510718789407,0.980671624041322,0.807652272990843,176,"tags=35%, list=30%, signal=25%","NTRK2/FGD6/CEMIP/FGD4/ARHGAP44/EPHA4/NRG1"
"GOBP_NEGATIVE_REGULATION_OF_CELLULAR_COMPONENT_ORGANIZATION","GOBP_NEGATIVE_REGULATION_OF_CELLULAR_COMPONENT_ORGANIZATION",46,-0.157624230792482,-0.642415574444487,0.920403587443946,0.980677804674789,0.807657363178572,199,"tags=33%, list=34%, signal=23%","CYRIB/MAP2/NEGR1/RPL31/EVL/TGFBR3/EPHA7/ARHGAP44/NAV3/CTNNA2/BMP6/EPHA4/GRM5/ROBO2/NRXN1"
"GOBP_RNA_SPLICING","GOBP_RNA_SPLICING",26,-0.176247677931666,-0.628276778967331,0.917375455650061,0.980677804674789,0.807657363178572,88,"tags=15%, list=15%, signal=14%","RBFOX1/CELF2/CELF4/KHDRBS2"
"GOBP_REGULATION_OF_CELL_ADHESION","GOBP_REGULATION_OF_CELL_ADHESION",35,-0.162784512310934,-0.624441138854208,0.919953596287703,0.980677804674789,0.807657363178572,113,"tags=20%, list=19%, signal=17%","CYP1B1/BMP6/TENM3/EPHA4/IL18/DSCAM/NRG1"
"GOBP_CELLULAR_RESPONSE_TO_PEPTIDE_HORMONE_STIMULUS","GOBP_CELLULAR_RESPONSE_TO_PEPTIDE_HORMONE_STIMULUS",22,-0.177108376294512,-0.603991860449875,0.925280199252802,0.984131943374888,0.810502090102417,254,"tags=45%, list=44%, signal=27%","PPP3CA/MAPK1/ATP2B1/SORBS1/NR4A2/HDAC9/CACNA2D3/PRKCB/ADCY2/GRIA1"
"GOBP_MUSCLE_STRUCTURE_DEVELOPMENT","GOBP_MUSCLE_STRUCTURE_DEVELOPMENT",49,-0.150137321681558,-0.618018390881061,0.943270300333704,0.987008626386383,0.812871241524719,198,"tags=53%, list=34%, signal=38%","RPL23/TMOD3/PDLIM5/RPL12/RPL36A/FOXP1/RPL39/PPP3CA/RORA/TPM1/FOXP2/AKAP13/ADGRB3/NEGR1/RPL31/HDAC9/TGFBR3/SORBS2/SGCD/GPCPD1/RYR2/ITGA8/COL6A3/IL18/SLC8A1/NRG1"
"GOBP_DNA_METABOLIC_PROCESS","GOBP_DNA_METABOLIC_PROCESS",23,0.13116294348827,0.612814519219431,0.952631578947368,0.987008626386383,0.812871241524719,221,"tags=57%, list=38%, signal=37%","CSNK1E/LMNA/HSP90AA1/USP9X/ZBTB38/TAOK3/UFL1/ZMYND8/RIF1/HSP90AB1/PSME4/PPP4R2/SEM1"
"GOBP_REGULATION_OF_CANONICAL_WNT_SIGNALING_PATHWAY","GOBP_REGULATION_OF_CANONICAL_WNT_SIGNALING_PATHWAY",12,0.166477848260907,0.611404752416263,0.951612903225806,0.987008626386383,0.812871241524719,312,"tags=83%, list=54%, signal=40%","CSNK1E/DAAM2/RBPJ/USP34/GPC5/WWTR1/TBL1XR1/RPS12/CCNY/MLLT3"
"GOBP_ESTABLISHMENT_OR_MAINTENANCE_OF_CELL_POLARITY","GOBP_ESTABLISHMENT_OR_MAINTENANCE_OF_CELL_POLARITY",13,0.159100802777933,0.610970807695453,0.948818897637795,0.987008626386383,0.812871241524719,227,"tags=62%, list=39%, signal=38%","LMNA/ERBIN/FRMD4B/MAP7/PLEKHG3/DLG1/RAC1/CFL1"
"GOBP_REGULATION_OF_T_CELL_ACTIVATION","GOBP_REGULATION_OF_T_CELL_ACTIVATION",11,0.172045561691914,0.603680490283012,0.964426877470356,0.987008626386383,0.812871241524719,206,"tags=55%, list=35%, signal=36%","CD74/CBFB/LGALS1/DLG1/UFL1/SOS2"
"GOBP_REGULATION_OF_CALCIUM_ION_TRANSMEMBRANE_TRANSPORT","GOBP_REGULATION_OF_CALCIUM_ION_TRANSMEMBRANE_TRANSPORT",10,-0.218178370614441,-0.600472566999619,0.93232044198895,0.987008626386383,0.812871241524719,254,"tags=60%, list=44%, signal=34%","PPP3CA/PDE4D/CACNB2/CEMIP/RYR2/SLC8A1"
"GOBP_PHOSPHORUS_METABOLIC_PROCESS","GOBP_PHOSPHORUS_METABOLIC_PROCESS",59,-0.142450850460731,-0.598744283809376,0.950166112956811,0.987008626386383,0.812871241524719,159,"tags=25%, list=27%, signal=21%","CEMIP/MAPK10/EPHA7/AK5/STK24/GPCPD1/PRKAG2/KALRN/PRKCB/ADCY2/IL18/DSCAM/SLC4A4/DCLK1/NRG1"
"GOBP_RIBONUCLEOPROTEIN_COMPLEX_BIOGENESIS","GOBP_RIBONUCLEOPROTEIN_COMPLEX_BIOGENESIS",22,-0.174252812554568,-0.594253544894127,0.933997509339975,0.987008626386383,0.812871241524719,420,"tags=91%, list=72%, signal=26%","RPS19/RPL27/FAU/RPL7A/SRSF10/EIF5B/HSP90AB1/RPS28/SF3B1/RPS16/RPS3A/RPS12/RPL38/RPS24/RPS27A/RPL26/RSRP1/FGF12/CELF2/CELF4"
"GOBP_CELL_MIGRATION","GOBP_CELL_MIGRATION",82,-0.133470850357728,-0.590751589712066,0.963983050847458,0.987008626386383,0.812871241524719,212,"tags=37%, list=36%, signal=27%","PTN/TPM1/NTRK2/NR4A2/PHACTR1/CYRIB/FLRT2/EVL/HDAC9/TGFBR3/CEMIP/LAMA4/EXT1/GPM6A/SATB2/STK24/CAMK1D/AMOTL1/NAV3/CYP1B1/CTNNA2/EPHA4/ASTN1/NRCAM/F3/SRGAP3/FMN2/BMP5/NRG3/UNC5D"
"GOBP_REGULATION_OF_CELLULAR_COMPONENT_SIZE","GOBP_REGULATION_OF_CELLULAR_COMPONENT_SIZE",23,-0.168127979959214,-0.582651213962892,0.938423645320197,0.987008626386383,0.812871241524719,70,"tags=30%, list=12%, signal=28%","CYRIB/MAP2/EVL/EPHA7/NRCAM/DSCAM/KCNMA1"
"GOBP_CELL_MOTILITY","GOBP_CELL_MOTILITY",83,-0.129670706441534,-0.575165181498183,0.967334035827186,0.987008626386383,0.812871241524719,212,"tags=36%, list=36%, signal=27%","PTN/TPM1/NTRK2/NR4A2/PHACTR1/CYRIB/FLRT2/EVL/HDAC9/TGFBR3/CEMIP/LAMA4/EXT1/GPM6A/SATB2/STK24/CAMK1D/AMOTL1/NAV3/CYP1B1/CTNNA2/EPHA4/ASTN1/NRCAM/F3/SRGAP3/FMN2/BMP5/NRG3/UNC5D"
"GOBP_LEUKOCYTE_CELL_CELL_ADHESION","GOBP_LEUKOCYTE_CELL_CELL_ADHESION",10,-0.208128001932092,-0.572811847630477,0.94475138121547,0.987008626386383,0.812871241524719,87,"tags=40%, list=15%, signal=35%","CYRIB/EXT1/EPHA4/IL18"
"GOBP_REGULATION_OF_PROTEIN_LOCALIZATION","GOBP_REGULATION_OF_PROTEIN_LOCALIZATION",38,-0.145740014441209,-0.568201852034601,0.95606936416185,0.987008626386383,0.812871241524719,11,"tags=18%, list=2%, signal=19%","MDFIC/ARHGAP44/DPP10/BMP6/NNAT/SNAP25/NRXN1"
"GOBP_NUCLEOBASE_CONTAINING_SMALL_MOLECULE_METABOLIC_PROCESS","GOBP_NUCLEOBASE_CONTAINING_SMALL_MOLECULE_METABOLIC_PROCESS",22,-0.166190535449449,-0.56675879930352,0.942714819427148,0.987008626386383,0.812871241524719,131,"tags=23%, list=22%, signal=18%","AK5/PRKAG2/ADCY2/MACROD2/SLC4A4"
"GOBP_STEM_CELL_DIFFERENTIATION","GOBP_STEM_CELL_DIFFERENTIATION",16,-0.179907406943661,-0.56571107921381,0.940711462450593,0.987008626386383,0.812871241524719,273,"tags=56%, list=47%, signal=31%","MLLT3/NR6A1/MAPK1/PTN/FGF12/ALDH1A2/EXT1/GPM6A/NRG1"
"GOBP_MUSCLE_CELL_DIFFERENTIATION","GOBP_MUSCLE_CELL_DIFFERENTIATION",35,-0.144479057146606,-0.554221440998532,0.953596287703016,0.987008626386383,0.812871241524719,280,"tags=54%, list=48%, signal=30%","RPL23/TMOD3/PDLIM5/RPL12/RPL36A/FOXP1/RPL39/PPP3CA/RORA/TPM1/AKAP13/ADGRB3/RPL31/HDAC9/SORBS2/SGCD/ITGA8/SLC8A1/NRG1"
"GOBP_CELLULAR_RESPONSE_TO_BIOTIC_STIMULUS","GOBP_CELLULAR_RESPONSE_TO_BIOTIC_STIMULUS",11,-0.186646489187006,-0.538775199897766,0.958611481975968,0.987008626386383,0.812871241524719,95,"tags=18%, list=16%, signal=16%","BMP6/IL18"
"GOBP_CELLULAR_RESPONSE_TO_MOLECULE_OF_BACTERIAL_ORIGIN","GOBP_CELLULAR_RESPONSE_TO_MOLECULE_OF_BACTERIAL_ORIGIN",11,-0.186646489187006,-0.538775199897766,0.958611481975968,0.987008626386383,0.812871241524719,95,"tags=18%, list=16%, signal=16%","BMP6/IL18"
"GOBP_SEXUAL_REPRODUCTION","GOBP_SEXUAL_REPRODUCTION",30,-0.144246594551208,-0.534983760242485,0.956161137440758,0.987008626386383,0.812871241524719,63,"tags=10%, list=11%, signal=9%","NELL2/CELF4/FMN2"
"GOBP_RESPONSE_TO_REACTIVE_OXYGEN_SPECIES","GOBP_RESPONSE_TO_REACTIVE_OXYGEN_SPECIES",13,-0.178172430176411,-0.531591656251228,0.96524064171123,0.987008626386383,0.812871241524719,15,"tags=15%, list=3%, signal=15%","CYP1B1/SLC8A1"
"GOBP_PLACENTA_DEVELOPMENT","GOBP_PLACENTA_DEVELOPMENT",10,-0.19133732169848,-0.526600379311446,0.959944751381215,0.987008626386383,0.812871241524719,26,"tags=20%, list=4%, signal=19%","ZNF568/BMP5"
"GOBP_CYTOKINESIS","GOBP_CYTOKINESIS",10,-0.190506112267061,-0.524312716883715,0.961325966850829,0.987008626386383,0.812871241524719,33,"tags=10%, list=6%, signal=10%","FMN2"
"GOBP_REGULATION_OF_INFLAMMATORY_RESPONSE","GOBP_REGULATION_OF_INFLAMMATORY_RESPONSE",14,-0.166347159824829,-0.509655137584143,0.964473684210526,0.987008626386383,0.812871241524719,85,"tags=93%, list=15%, signal=81%","LGALS1/NFKBIA/GSTP1/RPS19/UFL1/NEAT1/STK39/GNAS/FOXP1/MAPK1/RORA/LRFN5/IL18"
"GOBP_PALLIUM_DEVELOPMENT","GOBP_PALLIUM_DEVELOPMENT",10,-0.183197888647794,-0.504198954990134,0.966850828729282,0.987008626386383,0.812871241524719,207,"tags=40%, list=36%, signal=26%","NTRK2/PHACTR1/FOXP2/GRIA1"
"GOBP_ORGANOPHOSPHATE_BIOSYNTHETIC_PROCESS","GOBP_ORGANOPHOSPHATE_BIOSYNTHETIC_PROCESS",14,0.144112478031634,0.558732796933225,0.971074380165289,0.987477663614027,0.813257526774273,501,"tags=100%, list=86%, signal=14%","ADSS2/HYCC1/SLC44A1/PIP4K2A/NDUFB2/PIGU/PCCA/ADK/INPP4B/GMDS/DGKI/AK5/PRKAG2/ADCY2"
"GOBP_REGULATION_OF_LEUKOCYTE_MIGRATION","GOBP_REGULATION_OF_LEUKOCYTE_MIGRATION",10,-0.182121891943353,-0.501237586723521,0.969613259668508,0.987477663614027,0.813257526774273,26,"tags=20%, list=4%, signal=19%","CAMK1D/BMP5"
"GOBP_WNT_SIGNALING_PATHWAY","GOBP_WNT_SIGNALING_PATHWAY",19,-0.152738043863765,-0.502329255055619,0.975483870967742,0.990288853832345,0.815572740260595,157,"tags=63%, list=27%, signal=48%","GPC5/WWTR1/TBL1XR1/RPS12/CCNY/MLLT3/NR4A2/CDK14/EXT1/MDFIC/AMOTL1/RSPO2"
"GOBP_REGULATION_OF_WNT_SIGNALING_PATHWAY","GOBP_REGULATION_OF_WNT_SIGNALING_PATHWAY",13,0.135087719298246,0.51875698631505,0.980314960629921,0.991848077813803,0.816856871219271,506,"tags=100%, list=87%, signal=14%","CSNK1E/DAAM2/RBPJ/USP34/GPC5/WWTR1/TBL1XR1/RPS12/CCNY/MLLT3/CDK14/MDFIC/RSPO2"
"GOBP_MAINTENANCE_OF_LOCATION","GOBP_MAINTENANCE_OF_LOCATION",12,-0.173493105186599,-0.511060485985632,0.980106100795756,0.991848077813803,0.816856871219271,222,"tags=42%, list=38%, signal=26%","PDE4D/PLCB4/CEMIP/RYR2/SLC8A1"
"GOBP_POSITIVE_REGULATION_OF_RNA_METABOLIC_PROCESS","GOBP_POSITIVE_REGULATION_OF_RNA_METABOLIC_PROCESS",55,-0.123442575965188,-0.513169345254307,0.982182628062361,0.99207037264017,0.817039946692639,104,"tags=15%, list=18%, signal=13%","PRKCB/BMP6/EYA1/ITGA8/CELF4/IL18/THRB/BMP5"
"GOBP_REGULATION_OF_CELLULAR_LOCALIZATION","GOBP_REGULATION_OF_CELLULAR_LOCALIZATION",26,-0.134259361359037,-0.47859943512885,0.987849331713244,0.992796824192609,0.817638230800348,4,"tags=100%, list=1%, signal=104%","HSP90AA1/LAMP1/APOD/NFKBIA/DLG1/ZMYND8/TMBIM6/NF1/RAC1/NEAT1/PICALM/THOC2/GPC5/RAB11A/GNAS/MAPK1/DYNC1I1/NUMB/SORBS1/MAP2/CEMIP/MDFIC/ARHGAP44/DPP10/NRXN1"
"GOBP_REGULATION_OF_SMALL_GTPASE_MEDIATED_SIGNAL_TRANSDUCTION","GOBP_REGULATION_OF_SMALL_GTPASE_MEDIATED_SIGNAL_TRANSDUCTION",20,-0.142690072485073,-0.477514718979315,0.987389659520807,0.992796824192609,0.817638230800348,199,"tags=45%, list=34%, signal=31%","TRIO/CHN2/CYRIB/AKAP13/ITSN1/FGD4/ARHGAP44/KALRN/SRGAP3"
"GOBP_GENERATION_OF_PRECURSOR_METABOLITES_AND_ENERGY","GOBP_GENERATION_OF_PRECURSOR_METABOLITES_AND_ENERGY",11,-0.161536658183827,-0.466292967432184,0.985313751668892,0.992796824192609,0.817638230800348,32,"tags=45%, list=5%, signal=44%","UQCRB/SORBS1/NDUFA4/PRKAG2/SLC4A4"
"GOBP_CANONICAL_WNT_SIGNALING_PATHWAY","GOBP_CANONICAL_WNT_SIGNALING_PATHWAY",14,0.135325131810193,0.524663723949492,0.991735537190083,0.99504132231405,0.819486733362331,506,"tags=100%, list=87%, signal=14%","CSNK1E/DAAM2/RBPJ/USP34/GPC5/WWTR1/TBL1XR1/RPS12/CCNY/MLLT3/NR4A2/CDK14/EXT1/RSPO2"
"GOBP_INFLAMMATORY_RESPONSE","GOBP_INFLAMMATORY_RESPONSE",30,-0.108815123258998,-0.403575030616628,0.994075829383886,0.995729865705656,0.820053797425012,450,"tags=90%, list=77%, signal=22%","LGALS1/MIF/APOD/NFKBIA/RBPJ/PXK/GSTP1/RPS19/LAMP2/UFL1/ACER3/RAC1/NEAT1/STK39/GNAS/FOXP1/MAPK1/RORA/PTN/STMP1/HDAC9/EXT1/CAMK1D/BMP6/LRFN5/F3/IL18"
"GOBP_RESPONSE_TO_PEPTIDE_HORMONE","GOBP_RESPONSE_TO_PEPTIDE_HORMONE",27,-0.107938699003561,-0.389058048702935,0.998789346246973,0.998789346246973,0.822573495510272,254,"tags=41%, list=44%, signal=24%","PPP3CA/MAPK1/ATP2B1/SORBS1/NR4A2/HDAC9/TGFBR3/CACNA2D3/PRKCB/ADCY2/GRIA1"
