"geneID","baseMean","log2FoldChange","lfcSE","stat","pvalue","padj","Symbol","celltype"
"GPC5",991.435247659057,-1.21282289953491,0.0801528122193014,-15.131382991486,1.00559653828132e-51,1.24523019335376e-47,"GPC5","Astrocytes"
"F11-AS1",50.1208130984757,-1.66494692797572,0.1109504345533,-15.0062226856433,6.6847664816151e-51,4.13887316709199e-47,"F11-AS1","Astrocytes"
"LRRC4C",152.05280331762,-1.63511912955203,0.124663485633161,-13.1162635253405,2.65716378782045e-39,1.09678863948602e-35,"LRRC4C","Astrocytes"
"PDE7B",73.1643612344139,-1.1174925485344,0.0859831330057192,-12.9966484061481,1.27823565083504e-38,3.95709801607258e-35,"PDE7B","Astrocytes"
"DLC1",267.174312309436,-1.29773978247433,0.100833776049837,-12.8700900959309,6.63247421971101e-38,1.64259856525363e-34,"DLC1","Astrocytes"
"ENSG00000287277",52.2191722774828,-1.81856890091273,0.141916732324106,-12.8143374719164,1.36297551340629e-37,2.81295429708502e-34,"LOC105376387","Astrocytes"
"S100A10",13.8039790967899,3.47104032947076,0.271690208656964,12.7757284542164,2.24040254759268e-37,3.96327210669146e-34,"S100A10","Astrocytes"
"C2CD5-AS1",111.727925078666,-1.29782990242344,0.102393648038011,-12.6749063764351,8.14558878940751e-37,1.26083532474042e-33,"C2CD5-AS1","Astrocytes"
"SYNM",16.5489242293544,3.05930006980973,0.248980097266709,12.2873277960551,1.05950725218245e-34,1.45776425597503e-31,"SYNM","Astrocytes"
"KLF6",18.6440715687732,1.67490728335465,0.139772750879428,11.9830744749345,4.35854282183428e-33,5.39718357627739e-30,"KLF6","Astrocytes"
"ATP8A1",44.638466917419,-1.15401640034714,0.0992286632262965,-11.6298694633761,2.90541529362901e-31,2.998146465084e-28,"ATP8A1","Astrocytes"
"NKAIN3",354.000436665578,-1.89163557985959,0.162568770619814,-11.6359099761135,2.70687778939058e-31,2.998146465084e-28,"NKAIN3","Astrocytes"
"PTPRE",12.9647450064043,1.90549272214443,0.165815811460411,11.4916225742403,1.45355786493081e-30,1.38456977241832e-27,"PTPRE","Astrocytes"
"ENSG00000234418",21.901484232517,-1.86737022695511,0.163005440478118,-11.455876696372,2.19728680334201e-30,1.81393349905228e-27,"ENSG00000234418","Astrocytes"
"TMEM132C",33.2034186586737,-2.07600490545478,0.181163169069498,-11.4593099475886,2.1119069005871e-30,1.81393349905228e-27,"TMEM132C","Astrocytes"
"RHOJ",38.1281546120154,-1.40338765135995,0.128073064312916,-10.9577112009369,6.10231825647739e-28,4.72281293562247e-25,"RHOJ","Astrocytes"
"NHS",23.4294909759711,1.43769054058036,0.13177142753862,10.9104877091735,1.02703861177762e-27,7.48107007626014e-25,"NHS","Astrocytes"
"YARS1",21.1642898427,2.18960478793602,0.201515532860539,10.8656874080837,1.67953520620827e-27,1.15542691435984e-24,"YARS1","Astrocytes"
"NRXN1",784.649416296813,-1.87803529208091,0.173561286907163,-10.8205886551501,2.75005354158288e-27,1.79231121081162e-24,"NRXN1","Astrocytes"
"AEBP1",110.176919041787,2.4894696704213,0.232882594089992,10.6898056514232,1.13608790695464e-26,7.03408827590963e-24,"AEBP1","Astrocytes"
"XKR6",32.2780918283425,-1.36161715500887,0.128424681589109,-10.6024569277526,2.90252974206366e-26,1.71152503790354e-23,"XKR6","Astrocytes"
"ESRRG",88.4864620056502,-1.72696722276524,0.164216626382185,-10.5163969130996,7.25969044360739e-26,3.90855420709523e-23,"ESRRG","Astrocytes"
"LENG8",49.3722033313214,1.27679849198165,0.121407383770404,10.5166461242277,7.24052029929731e-26,3.90855420709523e-23,"LENG8","Astrocytes"
"ACSS1",82.4230585362824,-1.12537021042164,0.107332435652676,-10.4849033153715,1.01349268280351e-25,5.2291999546483e-23,"ACSS1","Astrocytes"
"ENSG00000284977",134.815030664134,-1.24176201286679,0.118569302891277,-10.4728794265194,1.15088006637297e-25,5.70053914475859e-23,"LOC105376244","Astrocytes"
"LINC02328",24.8143757437012,-1.87511390007702,0.181210341286151,-10.3477201508936,4.28569612659663e-25,2.04114519752485e-22,"LINC02328","Astrocytes"
"PRDM16-DT",27.7561320054808,-1.29499064316831,0.125298848505042,-10.335215834934,4.88311580033999e-25,2.15955796270036e-22,"PRDM16-DT","Astrocytes"
"MGAT4C",193.592988004754,-1.29011027851808,0.124803261095961,-10.3371519877683,4.78548368325538e-25,2.15955796270036e-22,"MGAT4C","Astrocytes"
"PPP1R9A-AS1",210.781792831802,-2.54842870026801,0.250140433480662,-10.1879918604404,2.24350507807756e-24,9.26044112727813e-22,"PPP1R9A-AS1","Astrocytes"
"SMC5",40.020105748243,1.19068262466409,0.117147689119004,10.1639446208327,2.87215584905051e-24,1.14728728641266e-21,"SMC5","Astrocytes"
"PLEKHA5",136.427523825871,1.81549015598006,0.179022593128795,10.1411231077071,3.62902974327679e-24,1.40432110346864e-21,"PLEKHA5","Astrocytes"
"NAA25",28.6075697407817,1.323215011978,0.132071541076944,10.0189261152567,1.25863032142689e-23,4.58400566771446e-21,"NAA25","Astrocytes"
"ALCAM",64.6675551485363,-1.200245270778,0.120830880151192,-9.93326597700992,2.9832101763364e-23,1.02614143371038e-20,"ALCAM","Astrocytes"
"ROBO3",35.6056418408606,-1.12087301451743,0.113948387906931,-9.8366728578286,7.82560691100067e-23,2.55011816786635e-20,"ROBO3","Astrocytes"
"MPPED2",21.6161739930664,-1.54419921516375,0.157274972175348,-9.8184675781859,9.37579074857975e-23,2.97693376511957e-20,"MPPED2","Astrocytes"
"AHNAK2",3.98574154725943,3.81537565524957,0.389348904534039,9.79937431650332,1.13285175469597e-22,3.50702581960005e-20,"AHNAK2","Astrocytes"
"ENSG00000259616",26.4314214255178,2.06140749253619,0.210429988580362,9.7961678677227,1.16938147657591e-22,3.53181727425353e-20,"ENSG00000259616","Astrocytes"
"RORB",75.491717401681,-1.33229330118585,0.136672327672883,-9.7480837845582,1.87982967066198e-22,5.41347228181564e-20,"RORB","Astrocytes"
"GLUD1",156.605611414874,-1.25966158019218,0.129215934914454,-9.74850029933332,1.87213406739224e-22,5.41347228181564e-20,"GLUD1","Astrocytes"
"ABCD2",12.7122698792171,-2.21982520816136,0.228126869075516,-9.73066091318923,2.23138405082743e-22,6.14027304475468e-20,"ABCD2","Astrocytes"
"AIG1",38.0263707244923,-1.04474893494049,0.107741941168042,-9.69677104026762,3.11191160986119e-22,8.37713075324155e-20,"AIG1","Astrocytes"
"ST6GALNAC5",10.7884143599956,-2.40728697476245,0.250547611475613,-9.60810187167467,7.38986595952427e-22,1.9469938335487e-19,"ST6GALNAC5","Astrocytes"
"GBP2",21.9378685517264,6.97302899733047,0.72782379791917,9.58065539663058,9.64310479733965e-22,2.43695034092769e-19,"GBP2","Astrocytes"
"CCSER1",11.7874011974363,-2.87727230943411,0.300273449640611,-9.58217355839433,9.50237552990676e-22,2.43695034092769e-19,"CCSER1","Astrocytes"
"PLCD3",10.0576225162801,1.93287419313645,0.203660261657048,9.49067912124801,2.29533938528629e-21,5.57317404078434e-19,"PLCD3","Astrocytes"
"ENSG00000287544",49.3757574021792,-2.6031019896626,0.275437537846529,-9.45078877053072,3.36286908342878e-21,8.00815535771127e-19,"LOC105377557","Astrocytes"
"ENSG00000241231",36.0969358799668,-2.92811713060293,0.310709647706754,-9.42396591871028,4.34364372019213e-21,1.01485547522904e-18,"ENSG00000241231","Astrocytes"
"MYO9B",14.6904039351208,1.60343603500698,0.170213748685924,9.42013231825136,4.50519925989885e-21,1.03310893398755e-18,"MYO9B","Astrocytes"
"LINC01748",58.3040418383766,-1.29191901738619,0.137965767634075,-9.36405486332475,7.67339590279555e-21,1.69677966900567e-18,"LINC01748","Astrocytes"
"ENSG00000251294",15.242590138381,-3.03326039166083,0.325150270728045,-9.32879552850762,1.07080810701623e-20,2.3262836472249e-18,"ENSG00000251294","Astrocytes"
"CAMK4",14.9631494117409,-2.40193469088575,0.258980985942813,-9.27455999189119,1.78353657922975e-20,3.80785059665551e-18,"CAMK4","Astrocytes"
"EPHA6",85.2742204268912,-1.38740960171818,0.151131012031368,-9.18017806583749,4.30379156470084e-20,8.88230849094842e-18,"EPHA6","Astrocytes"
"NR2F2-AS1",45.3856176085882,-2.25227722817937,0.245436162356462,-9.1766315385434,4.44787112857817e-20,9.02917839101369e-18,"NR2F2-AS1","Astrocytes"
"PITPNM2",24.4665467731389,1.05849682287861,0.116532512210876,9.08327472562477,1.05356265826406e-19,2.10423651569095e-17,"PITPNM2","Astrocytes"
"ENSG00000290122",15.1278020944083,2.68210677522142,0.29534406103379,9.08129578036294,1.07289829796084e-19,2.10884121010302e-17,"ENSG00000290122","Astrocytes"
"LINC02060",21.7024307672321,-1.56306343934671,0.172200442518415,-9.07700013128341,1.11608475228885e-19,2.15944960743639e-17,"LINC02060","Astrocytes"
"LDAH",14.3060565285162,-1.72366393038863,0.190029715164371,-9.07049683728521,1.18475539446834e-19,2.25705016149254e-17,"LDAH","Astrocytes"
"ATL2",22.3156208180422,-1.45359830050316,0.160778096050409,-9.04102198129903,1.55213814585752e-19,2.9121404030536e-17,"ATL2","Astrocytes"
"GFAP",599.684937411431,1.77706615920527,0.197596743696567,8.99339799816828,2.39702354520159e-19,4.43020038212408e-17,"GFAP","Astrocytes"
"BAIAP2",16.9116398424437,1.56673896052708,0.174334537091536,8.98696831199,2.54143868382873e-19,4.6280345914487e-17,"BAIAP2","Astrocytes"
"ITGA3",7.37355481390456,2.07873887720582,0.231823597250395,8.96689940912509,3.04978418439896e-19,5.47325761672643e-17,"ITGA3","Astrocytes"
"HES5",8.95182602635056,-4.98313495400878,0.564401280959267,-8.82906386310703,1.05555442977291e-18,1.84097612730675e-16,"HES5","Astrocytes"
"CHSY3",8.35703311929092,2.09567742857055,0.23741265239276,8.82715140684077,1.07375400505435e-18,1.84670775619279e-16,"CHSY3","Astrocytes"
"GJB6",27.2923542300546,-1.50577893395636,0.170785197346675,-8.81680003507444,1.17777310531026e-18,1.99785813192561e-16,"GJB6","Astrocytes"
"SGCD",125.494050873731,-1.45518439995965,0.166305008061768,-8.75009367979573,2.1317570711139e-18,3.52765830874685e-16,"SGCD","Astrocytes"
"TMEM248",14.3328528785073,1.4902600365312,0.170318587150733,8.74983794465318,2.13659350041196e-18,3.52765830874685e-16,"TMEM248","Astrocytes"
"SMC5-DT",8.87313871333643,1.62353551639561,0.186254594489156,8.71675418718396,2.86290784219909e-18,4.60407633895472e-16,"SMC5-DT","Astrocytes"
"CPSF4",13.3644567060114,2.1620674159247,0.248168756997783,8.71208544572762,2.98334661979295e-18,4.73625399908924e-16,"CPSF4","Astrocytes"
"MIR9-1HG",198.82579572088,-1.49670102428899,0.171950987668922,-8.70423045880245,3.19736755596746e-18,5.01177246146141e-16,"MIR9-1HG","Astrocytes"
"ADGRB3",464.528764799777,-1.03698623443387,0.119264993823182,-8.694808100785,3.47416447554527e-18,5.37757233758464e-16,"ADGRB3","Astrocytes"
"ENSG00000259481",45.9328997543613,-2.13685548174709,0.245844271437056,-8.69190674753708,3.56406574758603e-18,5.44862051263677e-16,"ENSG00000259481","Astrocytes"
"SLC41A2",13.2907027202783,1.38291917379366,0.159187738731898,8.68734730959874,3.7100057023762e-18,5.60256105030786e-16,"SLC41A2","Astrocytes"
"LINC02944",4.80344126838312,-4.66617111609694,0.538597726514454,-8.66355516629109,4.57275104574856e-18,6.74099716660766e-16,"LINC02944","Astrocytes"
"PCNX2",13.6285058485577,-1.67165761874156,0.193455428855002,-8.64104785601286,5.5699778984305e-18,8.11447486073704e-16,"PCNX2","Astrocytes"
"LRRC3B",111.395731543399,-1.32707716379818,0.153728718517142,-8.6325910773152,5.99775518285931e-18,8.63607004992405e-16,"LRRC3B","Astrocytes"
"OBI1-AS1",348.40649599057,-1.49539621920327,0.173481221188289,-8.61993136179409,6.69942583531227e-18,9.53551610559446e-16,"OBI1-AS1","Astrocytes"
"ARFGAP1",36.0947777177479,1.20612353450559,0.141226276559809,8.54036206211813,1.33801925934215e-17,1.88280596459476e-15,"ARFGAP1","Astrocytes"
"HMGN2",24.3628171419639,-1.22670608729568,0.144776237611617,-8.47311760225802,2.38911168338661e-17,3.32408651408723e-15,"HMGN2","Astrocytes"
"SLC1A2",1131.5045174733,-1.24468422160359,0.148247577586605,-8.39598354230416,4.62010358420605e-17,6.28689480035424e-15,"SLC1A2","Astrocytes"
"GLI3",86.351054166319,-1.03617201689025,0.124167048360497,-8.34498387915208,7.12235995397801e-17,9.18710242813643e-15,"GLI3","Astrocytes"
"SNTB2",16.6119595370669,1.79532733014117,0.215656047545835,8.32495703492666,8.4359334073863e-17,1.06594044269045e-14,"SNTB2","Astrocytes"
"NARF",18.0066701959695,1.33865779138774,0.160946810229547,8.31739249431854,8.99195927457083e-17,1.12472153229304e-14,"NARF","Astrocytes"
"ENSG00000267042",5.73589621718805,1.93697225731231,0.233079465319734,8.310351384474,9.5419098632257e-17,1.1698759389735e-14,"ENSG00000267042","Astrocytes"
"GRIA2",75.2032644894457,-1.04624604655128,0.126459626102484,-8.27336027154941,1.30235408357723e-16,1.58108339381734e-14,"GRIA2","Astrocytes"
"LRP4-AS1",20.9502591584115,-2.44437950457522,0.295729985409268,-8.26557882249372,1.39018551420504e-16,1.67132691479621e-14,"LRP4-AS1","Astrocytes"
"TNNT1",7.61052897498007,-3.11782759883512,0.377355878927609,-8.26230031898679,1.42891645284039e-16,1.70137234956948e-14,"TNNT1","Astrocytes"
"ENSG00000270866",6.68031007611183,-4.54463182238836,0.550875279688072,-8.24983801226607,1.58609372816036e-16,1.87053320341045e-14,"ENSG00000270866","Astrocytes"
"GPAM",32.0881338578001,-1.26833103532083,0.154466819152604,-8.21102578714846,2.19306774270064e-16,2.56195828847754e-14,"GPAM","Astrocytes"
"LINC01266",23.9134309811876,-1.06098342459014,0.129318819527013,-8.20440078614014,2.31743803300287e-16,2.68194721146492e-14,"LINC01266","Astrocytes"
"COL11A1",23.2701671763117,-1.28167056346031,0.156334456681609,-8.19826025986432,2.43890878546298e-16,2.79638958244334e-14,"COL11A1","Astrocytes"
"WIF1",48.4668402048216,-3.07636079703146,0.375963798748763,-8.18259845035568,2.77787626161246e-16,3.15582034381166e-14,"WIF1","Astrocytes"
"KLF12",62.8945916685801,-1.1424792035848,0.139800462084335,-8.17221335717468,3.02782451055644e-16,3.40850462856549e-14,"KLF12","Astrocytes"
"EMID1",23.0764588212811,-1.10237990471333,0.135117876111448,-8.15865329176773,3.38780565723846e-16,3.77938715798052e-14,"EMID1","Astrocytes"
"NRXN3",27.239640659506,-1.16514948995011,0.143380309229578,-8.12628663036634,4.42641620963015e-16,4.85064707290709e-14,"NRXN3","Astrocytes"
"SLC4A4",204.028907371932,-1.18312320531565,0.145739341452435,-8.11807706501668,4.73628023509669e-16,5.14468053957915e-14,"SLC4A4","Astrocytes"
"XRRA1",20.6514936193305,-1.51371587534879,0.187491257398537,-8.07352778125107,6.82956286286014e-16,7.22824589152112e-14,"XRRA1","Astrocytes"
"LINC01237",7.44210742237587,-2.63095896722647,0.326289809637212,-8.06325815124818,7.42874178863656e-16,7.79577199734631e-14,"LINC01237","Astrocytes"
"CDH23",15.7379438386373,1.51545342372831,0.188059257933631,8.05838245019098,7.7310616030372e-16,8.0448517504546e-14,"CDH23","Astrocytes"
"TJP2",73.0302825547673,1.21710146532777,0.151710306088555,8.02253648224354,1.03583620936696e-15,1.06889664838259e-13,"TJP2","Astrocytes"
"C11orf80",9.93508162503447,1.59358537070177,0.19913946599168,8.00235836109128,1.22058537090344e-15,1.24913294610721e-13,"C11orf80","Astrocytes"
"KIF5C",11.141164482271,1.32713524519987,0.16588718902152,8.00022746197542,1.24189580567786e-15,1.26052424276303e-13,"KIF5C","Astrocytes"
"SRGAP3",42.1125610099312,-1.22285263363908,0.153074477675541,-7.98861215931151,1.36466277930924e-15,1.36279187066018e-13,"SRGAP3","Astrocytes"
"GARNL3",45.1525050233912,-1.64639585015735,0.206190560064315,-7.98482651021369,1.40720074691806e-15,1.39402934792691e-13,"GARNL3","Astrocytes"
"DDR2",36.1662299272373,1.29996693747689,0.163006533130375,7.97493764521177,1.52457772683101e-15,1.49832111042447e-13,"DDR2","Astrocytes"
"ENSG00000271904",75.7330609922728,-1.19817936675971,0.150372049138511,-7.96809894940013,1.61133827276859e-15,1.57111825446405e-13,"ENSG00000271904","Astrocytes"
"APRG1",2.81110462131325,3.69902316770648,0.466135518664609,7.93551021021415,2.0963174443797e-15,2.01230224137627e-13,"APRG1","Astrocytes"
"RASL10A",11.7912468794179,-2.56780923805297,0.323924842060388,-7.92717601317613,2.24185433478418e-15,2.13545247904866e-13,"RASL10A","Astrocytes"
"CALCRL-AS1",7.58422610770466,-2.63896206097376,0.333354351934935,-7.91638700876728,2.44511737210781e-15,2.31128919227565e-13,"CALCRL-AS1","Astrocytes"
"APLNR",23.5114603346902,2.02603428489574,0.256206181122762,7.90782750055886,2.61919393477506e-15,2.45708170411512e-13,"APLNR","Astrocytes"
"ENSG00000290999",14.171758705457,1.69104573290063,0.213913347252025,7.90528386668786,2.67323714699304e-15,2.48892448054247e-13,"ENSG00000290999","Astrocytes"
"TENM2",273.663969910708,-1.13016244773539,0.143152754441164,-7.8948005726281,2.907798138357e-15,2.68710927964737e-13,"TENM2","Astrocytes"
"FGF14",14.2332492424329,-1.63121207898743,0.208139119554762,-7.83712395092677,4.60982952152872e-15,4.16668021642993e-13,"FGF14","Astrocytes"
"IRAK2",3.83383407665071,2.49361691197538,0.318998394747988,7.81702025160773,5.40884046891747e-15,4.85345445844964e-13,"IRAK2","Astrocytes"
"SGO1-AS1",17.1956388202404,-1.68371592853942,0.215501381979348,-7.81301684970531,5.58351285877251e-15,4.97414674317842e-13,"SGO1-AS1","Astrocytes"
"POLD2",13.903659870438,1.21306562165446,0.155294004309504,7.81141311313473,5.65503279796618e-15,5.00187650980109e-13,"POLD2","Astrocytes"
"PLA2G5",3.16666660673219,-4.35741378139311,0.558621865770783,-7.80029219833847,6.17639946204641e-15,5.38608130552963e-13,"PLA2G5","Astrocytes"
"SEC31A",23.4085815120636,1.03484948330962,0.133191350804795,7.76964477840827,7.87065357797675e-15,6.81554568224378e-13,"SEC31A","Astrocytes"
"NR4A1",14.0546341266475,-2.79068255064778,0.35952339131308,-7.76217241513948,8.34868007885932e-15,7.08093872715856e-13,"NR4A1","Astrocytes"
"DCHS2",23.6790027707254,-1.11869331789113,0.144489836937743,-7.74236681001409,9.75829755873032e-15,8.16466207228092e-13,"DCHS2","Astrocytes"
"TAFA1",27.7847920417987,-2.26198944640729,0.292288114401488,-7.73890327712818,1.00278028936218e-14,8.33384451219591e-13,"TAFA1","Astrocytes"
"LSAMP-AS1",133.810474341468,-2.07352253823055,0.268019199576594,-7.73647015402709,1.02214964625901e-14,8.43818604641684e-13,"LSAMP-AS1","Astrocytes"
"SNX19",18.9685972344426,1.06384638444636,0.138090909152314,7.70395669763421,1.31916566667389e-14,1.06766199022371e-12,"SNX19","Astrocytes"
"RGS7",54.1478606485202,-1.4563875738612,0.189702644568061,-7.67721281470425,1.62587206162155e-14,1.29850895423649e-12,"RGS7","Astrocytes"
"DMD",47.4388637334884,-1.07726902330452,0.140334662055977,-7.67642867073579,1.63585073779288e-14,1.29850895423649e-12,"DMD","Astrocytes"
"CCL2",26.8441677108131,3.16147861827885,0.412054180281278,7.67248281796522,1.68698563167828e-14,1.32214829601722e-12,"CCL2","Astrocytes"
"PPP2R2C",15.3826997623618,-1.42266425187019,0.185582691791599,-7.66593176408809,1.77537564848591e-14,1.38267148774849e-12,"PPP2R2C","Astrocytes"
"LUZP2",10.434279765781,-3.47435959518996,0.4533794384519,-7.66324914745458,1.81287173286771e-14,1.4030494167563e-12,"LUZP2","Astrocytes"
"TLCD1",3.17568905111191,-4.10397376492146,0.537770568983631,-7.63145847248175,2.32112612771643e-14,1.77422869379707e-12,"TLCD1","Astrocytes"
"LINC01586",2.36045874667271,-4.08117159740516,0.537134773302739,-7.59804019447637,3.00648960100585e-14,2.27008297129606e-12,"LINC01586","Astrocytes"
"NHSL1",130.563915325423,-1.34376636655453,0.177930324225101,-7.55220546248495,4.27948651746285e-14,3.19234226179171e-12,"NHSL1","Astrocytes"
"DLGAP4",16.6332908246524,1.26080112914237,0.167017121638457,7.54893340738817,4.38837168271976e-14,3.25396446389933e-12,"DLGAP4","Astrocytes"
"HDAC7",39.4489070982049,1.60256971247342,0.213653736916045,7.50078016703799,6.34391072606377e-14,4.62097920710869e-12,"HDAC7","Astrocytes"
"GAK",22.773985035424,1.20504031144908,0.160976157231803,7.48583102101166,7.10958223039553e-14,5.11848585808069e-12,"GAK","Astrocytes"
"RBMS3-AS3",11.5010598991681,-1.75436953371086,0.234399267906549,-7.48453503877965,7.18008769314967e-14,5.1393656592065e-12,"RBMS3-AS3","Astrocytes"
"PDE7B-AS1",21.7435129511915,-1.50834582661622,0.201981569763535,-7.46773989518981,8.15839034390494e-14,5.80605446141235e-12,"PDE7B-AS1","Astrocytes"
"MATN2",40.8515803603927,2.5538942828154,0.342247577096474,7.46212523834902,8.51379008560373e-14,6.0243578645732e-12,"MATN2","Astrocytes"
"ENSG00000242880",7.09503128283818,1.53379615163168,0.205715332435861,7.45591557746383,8.9245879562222e-14,6.27915753760793e-12,"ENSG00000242880","Astrocytes"
"ENSG00000231252",44.8313672308823,-1.15739198696832,0.155345025811905,-7.45046055333445,9.30149495055449e-14,6.50736790806307e-12,"LOC101926964","Astrocytes"
"LAMC1",16.8622151662688,1.01200254871153,0.136482763619974,7.41487439050824,1.21740132516925e-13,8.32877381744245e-12,"LAMC1","Astrocytes"
"MAOB",98.0075460015225,1.95821575742041,0.264671021029503,7.39867836608423,1.37546549679369e-13,9.35845563010783e-12,"MAOB","Astrocytes"
"LINC01089",12.2165626998907,-1.36223451356553,0.184703058146392,-7.37526777973457,1.6401505146586e-13,1.10380346864225e-11,"LINC01089","Astrocytes"
"CIC",16.8302835325552,2.36826518506939,0.323897714772235,7.31176873765457,2.63648593766696e-13,1.75524760032957e-11,"CIC","Astrocytes"
"MFSD2A",4.94646312306198,3.53825429553459,0.484065138244974,7.30945902934236,2.68220018841264e-13,1.77613288412373e-11,"MFSD2A","Astrocytes"
"RANBP17",7.96079457421931,-2.20667305242028,0.302365992337931,-7.29801997690947,2.92033287332101e-13,1.92353627501777e-11,"RANBP17","Astrocytes"
"NUP160",17.4966321485308,1.17510993665244,0.161310465320638,7.28477184860053,3.22215124220166e-13,2.11110575831657e-11,"NUP160","Astrocytes"
"LINC01036",4.57896568213266,-3.34347778866658,0.459127558267032,-7.2822415654736,3.28318486890888e-13,2.13977253851046e-11,"LINC01036","Astrocytes"
"LINC02981",10.5687451891763,-1.68677216833415,0.231798592250796,-7.27688702487517,3.41611101930262e-13,2.21474883518452e-11,"LINC02981","Astrocytes"
"ENOX1",43.6028358455582,-1.1595470341508,0.159513899512243,-7.26925388756983,3.6147845354079e-13,2.33134775531021e-11,"ENOX1","Astrocytes"
"DBX2-AS1",6.01679163755482,-2.51165984317974,0.34569802881058,-7.2654734301536,3.71733996697337e-13,2.38506843580473e-11,"DBX2-AS1","Astrocytes"
"OAT",18.7937372870519,-1.63733641261067,0.226099886007104,-7.24165076562326,4.43256046915892e-13,2.82929877781417e-11,"OAT","Astrocytes"
"PLEKHM1",8.23072097899334,1.50495569361543,0.208133115030899,7.23073641304994,4.80381935297797e-13,3.05054846399622e-11,"PLEKHM1","Astrocytes"
"LHX2",21.0194312082801,-1.17189239245568,0.162399906881228,-7.2160902980859,5.35035366251197e-13,3.36311824380131e-11,"LHX2","Astrocytes"
"ANXA1",10.4642326315537,2.57223802047389,0.356735356372301,7.21049364613418,5.57493983437561e-13,3.48658989742794e-11,"ANXA1","Astrocytes"
"RHPN1",61.6669392062669,1.49014668798806,0.206753036803477,7.20737509362183,5.70407208671715e-13,3.54942334923711e-11,"RHPN1","Astrocytes"
"APCDD1",31.3318022746429,-1.12475845283955,0.156332877123711,-7.19463796440907,6.26267136821330e-13,3.87753297762927e-11,"APCDD1","Astrocytes"
"LRRC7",22.1164799387389,-1.83169652884364,0.255181286628935,-7.17802058701567,7.0727912325533e-13,4.35733203147799e-11,"LRRC7","Astrocytes"
"MAMDC2-AS1",7.17028021364906,1.75670502195414,0.24496259633872,7.17131941043388,7.42783732654918e-13,4.530980769195e-11,"MAMDC2-AS1","Astrocytes"
"COQ8A",8.45366368581399,1.73792303211886,0.242368657336633,7.17057663815421,7.46825238554408e-13,4.5333024161859e-11,"COQ8A","Astrocytes"
"ENSG00000223774",15.5611633890744,-2.32682302387667,0.325000033233276,-7.1594547259832,8.09985893508165e-13,4.86895889286971e-11,"ENSG00000223774","Astrocytes"
"ENSG00000271860",208.018760785489,-1.25816892280503,0.176126869023723,-7.14353766565601,9.09589824242556e-13,5.44128057661622e-11,"LOC101927314","Astrocytes"
"RASGEF1B",15.8191624534097,3.20295359714331,0.448695511717571,7.13836780957013,9.44456352332009e-13,5.62269375525349e-11,"RASGEF1B","Astrocytes"
"CLCN7",19.6991390052524,1.03268817050145,0.144723986773558,7.13557022249008,9.63867353353246e-13,5.71079877348002e-11,"CLCN7","Astrocytes"
"SLC24A3",29.6725475875351,-1.69739393963864,0.238431001174987,-7.1190152760081,1.08700863535299e-12,6.4097275864648e-11,"SLC24A3","Astrocytes"
"ENSG00000288048",2.42101236909425,-3.89964364807538,0.548227215476685,-7.11318872538027,1.13392053194337e-12,6.65466253414918e-11,"ENSG00000288048","Astrocytes"
"FTH1",801.853689002303,-1.1736085002226,0.165052552215651,-7.11051410273989,1.15611487800365e-12,6.75291062939587e-11,"FTH1","Astrocytes"
"FGFR1",33.6393662448517,1.00608633641063,0.141632056429736,7.10352134800606,1.21617551898164e-12,7.07037626833318e-11,"FGFR1","Astrocytes"
"POT1-AS1",55.7620099349413,-1.5492768188494,0.218240614586982,-7.0989390392865,1.25718243901003e-12,7.2746215618043e-11,"POT1-AS1","Astrocytes"
"ACBD7",7.87026374540244,-1.80706113021267,0.254643056338496,-7.09644769504552,1.28004359868418e-12,7.37245575930519e-11,"ACBD7","Astrocytes"
"HNRNPL",29.0893466566736,1.07980886566381,0.152192834654241,7.09500462434364,1.29347160371303e-12,7.4153050318419e-11,"HNRNPL","Astrocytes"
"ACSL6",52.4948788468261,-1.05683520286902,0.149067696282459,-7.08963262480749,1.34468481335872e-12,7.67337882203735e-11,"ACSL6","Astrocytes"
"LONP1",12.9811326132122,1.48925525078707,0.210092603206948,7.08856584217819,1.35508907356927e-12,7.69727889816895e-11,"LONP1","Astrocytes"
"LINC02698",6.97100922364587,-2.07944643684347,0.293874556645171,-7.07596622375931,1.48411009548539e-12,8.39165995999799e-11,"LINC02698","Astrocytes"
"FAT3",84.0764363439446,-1.57727653130944,0.223324916600151,-7.0626984007049,1.63299909724321e-12,9.10875127079399e-11,"FAT3","Astrocytes"
"ENSG00000249776",10.4698076837379,-2.33271688722053,0.330803848360784,-7.05166187993194,1.76793387255213e-12,9.77335943920224e-11,"ENSG00000249776","Astrocytes"
"CASTOR1",13.2026193700566,-1.62630701688412,0.230659865826331,-7.05067182389068,1.78055990861529e-12,9.79941037705915e-11,"CASTOR1","Astrocytes"
"PABPC4",8.20080876600142,1.47109650123497,0.208729678137505,7.04785497856158,1.81696855165067e-12,9.95554051995144e-11,"PABPC4","Astrocytes"
"C1S",26.8095730854099,1.15855991256872,0.16491978434248,7.02499046544228,2.14080866679354e-12,1.15762592667705e-10,"C1S","Astrocytes"
"SEMA4A",8.33657592925968,-1.81988505282258,0.259797633844408,-7.0050101145744,2.4696799191431e-12,1.31819165684263e-10,"SEMA4A","Astrocytes"
"LINC01877",7.2607890388338,-2.40871506488467,0.344836149254133,-6.98510022831026,2.846526917833e-12,1.50634798391137e-10,"LINC01877","Astrocytes"
"SHISA6",20.5805147523599,-1.23370279817385,0.177074662834974,-6.96713340249927,3.23463929538418e-12,1.69722620316705e-10,"SHISA6","Astrocytes"
"PPFIA1",76.6554360939435,1.10574070014173,0.158770915071411,6.96437820267269,3.29857371189245e-12,1.72346996938246e-10,"PPFIA1","Astrocytes"
"LSG1",5.99700734094551,1.52703720385578,0.219629184306464,6.95279731916226,3.58113026065077e-12,1.84194445272302e-10,"LSG1","Astrocytes"
"TMEM181",11.4122427881308,1.18833834794141,0.170893747388106,6.95366779711753,3.5590916287246e-12,1.84194445272302e-10,"TMEM181","Astrocytes"
"TMEM59L",13.5685581267076,-1.34866565671197,0.193978594040949,-6.95265198399811,3.58482284669506e-12,1.84194445272302e-10,"TMEM59L","Astrocytes"
"ARHGAP39",30.4188576307034,1.75451181076622,0.252384912295895,6.95173017596724,3.60833065763302e-12,1.84636192287065e-10,"ARHGAP39","Astrocytes"
"TMEM232",46.4409486233816,-1.21786131368345,0.175390879868725,-6.94369806796672,3.81966428934409e-12,1.93847962684213e-10,"TMEM232","Astrocytes"
"PTP4A3",11.8180052913582,2.22038824481521,0.31983230822912,6.94235131250273,3.85626749218431e-12,1.94906776962116e-10,"PTP4A3","Astrocytes"
"KCNQ3",33.2403075504545,-1.76066486662263,0.253850758046153,-6.9358267045337,4.03852419214291e-12,2.03288801102868e-10,"KCNQ3","Astrocytes"
"SOX21-AS1",14.6494921954831,-1.69077601105185,0.244195734616037,-6.92385562634969,4.39513849856044e-12,2.20344129666696e-10,"SOX21-AS1","Astrocytes"
"DOT1L",8.4768721993846,1.75502397313071,0.254817389106019,6.88737915135184,5.68296130986066e-12,2.83758507661309e-10,"DOT1L","Astrocytes"
"ENSG00000275443",8.60242423645707,-2.79716493802247,0.406459624934239,-6.88177808183291,5.91100485828733e-12,2.93959731566956e-10,"LOC105370997","Astrocytes"
"WARS1",31.3799761145021,3.72081994623577,0.540778061616965,6.88049351541786,5.96455611430742e-12,2.95436393453875e-10,"WARS1","Astrocytes"
"CCDC28A",4.36086106582611,-3.4076584540309,0.495333653972393,-6.87952136242456,6.00539923167673e-12,2.96274337393837e-10,"CCDC28A","Astrocytes"
"ENSG00000249328",9.95465165924549,-1.42656098845656,0.207535939925073,-6.8738021422776,6.25128987032436e-12,3.07181438350105e-10,"LOC101927040","Astrocytes"
"BTBD8",16.2884785975209,-1.09021574730881,0.158878102688535,-6.86196353594473,6.79204033325236e-12,3.31125336404189e-10,"BTBD8","Astrocytes"
"STN1",7.7279259598372,1.63790965917706,0.23891695495843,6.85556058364315,7.10334096240183e-12,3.44943808382047e-10,"STN1","Astrocytes"
"ENSG00000285980",14.5072644840962,-1.36542303909641,0.1994037087401,-6.84753080934961,7.51355144249007e-12,3.63438701220135e-10,"ENSG00000285980","Astrocytes"
"ARHGEF17",37.4921849694104,1.19004784694626,0.173878917758891,6.8441180925478,7.69484262904473e-12,3.70759674223583e-10,"ARHGEF17","Astrocytes"
"CEP162",13.1575536731819,-1.42724599664653,0.208766483325871,-6.83656674150463,8.11135778863027e-12,3.89313734482979e-10,"CEP162","Astrocytes"
"WNT7B",4.63807847370641,-2.89809084774956,0.423967706556192,-6.83564055217836,8.16394107152191e-12,3.90324642041142e-10,"WNT7B","Astrocytes"
"GRAMD1B",25.2669533649373,-1.24996705040917,0.182975175859847,-6.83134771990387,8.4120556170045e-12,4.00640325789872e-10,"GRAMD1B","Astrocytes"
"SLC30A10",18.7878541696679,-1.34689745230211,0.197248011929714,-6.82844627494676,8.58392042213698e-12,4.0725933558361e-10,"SLC30A10","Astrocytes"
"GGTA1",2.40818864937296,-3.7689971230209,0.552115806290298,-6.82646118817904,8.70348273108026e-12,4.11355826942621e-10,"GGTA1","Astrocytes"
"SF3A3",8.06734646321348,1.30090325789467,0.190755079869803,6.81975682525772,9.11947443480976e-12,4.29378144206271e-10,"SF3A3","Astrocytes"
"NCKAP5",105.651089359501,-1.37899152820389,0.202665131355399,-6.8042860603665,1.01551576005013e-11,4.74533270064181e-10,"NCKAP5","Astrocytes"
"MUC1",9.34794289427737,1.73351938988358,0.254845627946814,6.80223319446299,1.0300967505749e-11,4.7774112593142e-10,"MUC1","Astrocytes"
"RASA4B",8.50927973129629,1.90831778456202,0.280541767800991,6.80225907008519,1.02991169249024e-11,4.7774112593142e-10,"RASA4B","Astrocytes"
"SLC7A5",5.72503250944323,1.70687181810143,0.251351386567945,6.79077940013683,1.11529354606435e-11,5.13408177729178e-10,"SLC7A5","Astrocytes"
"TMBIM4",12.8086343561274,-1.29488718725237,0.190745425442847,-6.78856221189092,1.13256541177566e-11,5.19428055334001e-10,"TMBIM4","Astrocytes"
"LEPROT",8.57412993941641,-1.67239965779782,0.24646110050901,-6.7856536156978,1.15562113871081e-11,5.2804636755188e-10,"LEPROT","Astrocytes"
"CGRRF1",9.68995223135408,-1.87487411910681,0.276620485360585,-6.77778479299117,1.22032439428302e-11,5.55561653470833e-10,"CGRRF1","Astrocytes"
"GPC5-AS2",21.512400728946,-1.9171765226718,0.283244127624416,-6.76863643653009,1.30001760386255e-11,5.89674651598165e-10,"GPC5-AS2","Astrocytes"
"MVP",18.5035895217029,1.68704835955709,0.250180512515736,6.74332442040616,1.54803021279778e-11,6.99607960769156e-10,"MVP","Astrocytes"
"VEGFA",26.8171703671721,-1.8414003895398,0.27322734486212,-6.73944399843667,1.58993859791617e-11,7.15934896654398e-10,"VEGFA","Astrocytes"
"DDX39A",10.8552500586622,1.17467958123881,0.174663814013225,6.72537461680452,1.75141251170083e-11,7.82950943407633e-10,"DDX39A","Astrocytes"
"NRARP",2.56139240248835,-4.08967305020613,0.609029445054842,-6.71506621463575,1.87980838882793e-11,8.34324992073702e-10,"NRARP","Astrocytes"
"EYA1",43.9282239886389,-1.41588084161379,0.211165404387614,-6.7050795830874,2.01296631116217e-11,8.90234351111468e-10,"EYA1","Astrocytes"
"P3H2",9.97735473746354,1.28677021306545,0.191961077566679,6.70328709015756,2.03782533446157e-11,8.98021036179277e-10,"P3H2","Astrocytes"
"ECM2",6.50059596423428,3.04894625973982,0.455552381076795,6.69285550112368,2.18857228609062e-11,9.61031582221992e-10,"ECM2","Astrocytes"
"LRSAM1",15.8461762990839,1.19796797837739,0.179747546523429,6.66472506327779,2.65161270282024e-11,1.15210245961484e-09,"LRSAM1","Astrocytes"
"PFKM",7.70517045250818,-1.75171767757626,0.263011219044012,-6.66023937664471,2.73381949760412e-11,1.17954309542968e-09,"PFKM","Astrocytes"
"MFGE8",27.236831072224,-1.06641284485688,0.160108183947697,-6.66057673357438,2.7275511462696e-11,1.17954309542968e-09,"MFGE8","Astrocytes"
"CSPG5",20.0741837158361,-1.70652896638156,0.256604007028167,-6.65043771586247,2.92222644264082e-11,1.25210830585541e-09,"CSPG5","Astrocytes"
"PNPLA6",21.3194248568178,1.52023538265751,0.228630824599072,6.64930192734685,2.94486353483489e-11,1.2574567293745e-09,"PNPLA6","Astrocytes"
"TNFRSF12A",5.21160804329133,2.80677290634291,0.422490888049084,6.64339275884414,3.06543541730041e-11,1.30444284441344e-09,"TNFRSF12A","Astrocytes"
"BCL2L1",13.8614259155277,1.59734927721201,0.240760633983536,6.63459491189595,3.25394918531305e-11,1.37991961512779e-09,"BCL2L1","Astrocytes"
"ARID5B",27.8257284761258,1.39739337912184,0.211340523528847,6.6120465483332,3.79042762565281e-11,1.59108017926979e-09,"ARID5B","Astrocytes"
"ZNF404",6.92060266002322,-2.00559205222001,0.303557335085146,-6.60696290424824,3.92284284869948e-11,1.64110010119749e-09,"ZNF404","Astrocytes"
"ENSG00000285941",15.9815739671777,-1.29924912266016,0.197137877461828,-6.59056057307776,4.38168981783637e-11,1.80260681110524e-09,"ENSG00000285941","Astrocytes"
"TGFB1",13.0302795445416,1.06859142893734,0.16240089456891,6.57996023835886,4.70574094006677e-11,1.9295096046638e-09,"TGFB1","Astrocytes"
"SIPA1L3",17.6384115778956,1.06484509036119,0.162595870443177,6.54902912022802,5.79123394065482e-11,2.3589753252345e-09,"SIPA1L3","Astrocytes"
"CSNK1G2",8.81374772012147,1.83951649351373,0.281223282504448,6.54112446569796,6.10579878783115e-11,2.47895430785945e-09,"CSNK1G2","Astrocytes"
"TNFAIP2",6.00206946367836,2.60912128876212,0.400169665874848,6.52003765217456,7.02897448910341e-11,2.83517234848754e-09,"TNFAIP2","Astrocytes"
"ENSG00000265399",3.08872388865306,-3.15460465596474,0.48393395123992,-6.51866778076248,7.09345640882304e-11,2.85189190618363e-09,"ENSG00000265399","Astrocytes"
"RHBDL1",9.74605058448403,-1.42400854188554,0.218871286608504,-6.50614598173706,7.71033026404787e-11,3.08987118639821e-09,"RHBDL1","Astrocytes"
"ENSG00000287373",5.51481231218274,-2.84808122087484,0.438025611657711,-6.50208833701813,7.92125590957288e-11,3.16415844929809e-09,"ENSG00000287373","Astrocytes"
"CSDC2",8.11751368306652,-2.29883957614863,0.353709811708168,-6.49922478838475,8.07349504291465e-11,3.21460093621904e-09,"CSDC2","Astrocytes"
"SUCLG2-DT",39.5970985305466,-1.0222384226243,0.157380511003348,-6.49533043263883,8.28513590693963e-11,3.28829608768056e-09,"SUCLG2-DT","Astrocytes"
"NFKB2",3.81810288903615,2.31318313783976,0.357165042517656,6.47651047127719,9.3868105236067e-11,3.70181129661853e-09,"NFKB2","Astrocytes"
"SAP30BP",27.9779122375007,1.33788655410275,0.206612590406351,6.47533894943906,9.45993405370912e-11,3.71880518689143e-09,"SAP30BP","Astrocytes"
"GRID2",17.2634164781745,-1.85473450534387,0.286763411049816,-6.46782132543985,9.94259591459292e-11,3.8961761142533e-09,"GRID2","Astrocytes"
"IARS1",15.5409896616585,1.29971686154251,0.201195919461301,6.45995637000235,1.04733172712796e-10,4.05284649282046e-09,"IARS1","Astrocytes"
"USPL1",9.22723040885863,1.40312979812688,0.21747226655166,6.45199418011107,1.10387819433346e-10,4.25835628673869e-09,"USPL1","Astrocytes"
"MIR219A2HG",13.6039861167091,-1.44285527475025,0.223756610893434,-6.44832467290733,1.13093291268855e-10,4.34917461423053e-09,"MIR219A2HG","Astrocytes"
"NPIPB13",10.4489692461235,1.38877622496463,0.215836575167891,6.43438779495253,1.23971977817691e-10,4.73810185591503e-09,"NPIPB13","Astrocytes"
"RGS11",17.9680372792393,-1.42416049303355,0.221985763451532,-6.41554877614708,1.40316478860229e-10,5.31357479426978e-09,"RGS11","Astrocytes"
"ARHGAP24",81.4840702759816,-1.67974170895172,0.262270241801189,-6.40462180312865,1.50742571042525e-10,5.65650077945331e-09,"ARHGAP24","Astrocytes"
"PDK4-AS1",9.675403004737,-1.50491924984436,0.234958461609618,-6.40504385130328,1.50326168486775e-10,5.65650077945331e-09,"PDK4-AS1","Astrocytes"
"LRCH4",12.3396726014422,1.12260735815855,0.175317544640716,6.40328017631746,1.5207375170083e-10,5.68921228794979e-09,"LRCH4","Astrocytes"
"ZGPAT",5.00116195048453,2.07790177720783,0.32487644732383,6.39597543719944,1.59525648576993e-10,5.93215046945617e-09,"ZGPAT","Astrocytes"
"DGKD",21.8478576795862,1.11687982611893,0.174677419445688,6.39395652662592,1.61647405220207e-10,5.99305334982581e-09,"DGKD","Astrocytes"
"SMIM12",11.8816628754762,1.37087961250432,0.21449168470333,6.39129490917296,1.64486793033036e-10,6.08011927799430e-09,"SMIM12","Astrocytes"
"KCNMB2",6.67367247243945,-1.71909241001254,0.269471861749022,-6.37948763501568,1.77681429968079e-10,6.50955369022106e-09,"KCNMB2","Astrocytes"
"C2CD6",7.7070185366361,-1.9443110170917,0.304895980276621,-6.37696507290026,1.80631634178307e-10,6.57871037067640e-09,"C2CD6","Astrocytes"
"MIR181A2HG",9.76961240730044,-1.57180962318492,0.246482123868496,-6.376972084286,1.80623368219605e-10,6.57871037067640e-09,"MIR181A2HG","Astrocytes"
"C3",12.1734346765757,2.06027208848827,0.325118758045491,6.3369831407882,2.34307618794529e-10,8.43439314980423e-09,"C3","Astrocytes"
"HOMER3",9.62130605088355,1.34561849726804,0.21239711873616,6.33538960073921,2.36742280339838e-10,8.49733234042959e-09,"HOMER3","Astrocytes"
"RPP38",6.62301387723691,-1.86792508174357,0.295187869075833,-6.3279195299984,2.48488659904932e-10,8.8931649583895e-09,"RPP38","Astrocytes"
"RAB7A",51.9840972796043,1.07030702087084,0.169183499127553,6.32630857258659,2.51095454296238e-10,8.96056199005855e-09,"RAB7A","Astrocytes"
"GCLM",12.3334522113444,2.10091447648648,0.332201055889489,6.32422576400654,2.54505400182125e-10,9.05615048981393e-09,"GCLM","Astrocytes"
"TNFSF13",11.1232123301199,-1.34244269819156,0.21232718876587,-6.32251906123928,2.57333268503034e-10,9.13053829189991e-09,"TNFSF13","Astrocytes"
"TTF1",8.2623569700023,-1.50688089051278,0.238475200006684,-6.31881592077724,2.63575009861768e-10,9.32528384890937e-09,"TTF1","Astrocytes"
"MCF2L2",20.4030994813152,-1.37726556006897,0.218049847063134,-6.31628766825135,2.67921127164679e-10,9.45204364011458e-09,"MCF2L2","Astrocytes"
"CHAC2",8.1750761845042,-2.48656485192526,0.393710779805556,-6.3157144265984,2.68916231669869e-10,9.45473491710278e-09,"CHAC2","Astrocytes"
"LRAT",9.8647137758899,1.49197722137537,0.236393385882087,6.31141694514062,2.76492173646388e-10,9.6717587182577e-09,"LRAT","Astrocytes"
"PRRC2B",43.1426219408853,1.42450923020719,0.225905180702787,6.30578380617729,2.86739053567846e-10,9.97384747283885e-09,"PRRC2B","Astrocytes"
"HYI",10.5286719611016,1.05323152329258,0.167081739210412,6.30369020737933,2.90641141187352e-10,1.00812584070672e-08,"HYI","Astrocytes"
"IL1RAPL1",39.9433685393895,-1.02724201866794,0.163420283616982,-6.28589056347221,3.25979526072007e-10,1.12440235970743e-08,"IL1RAPL1","Astrocytes"
"SLC25A5",12.6868667466399,-1.77596069697545,0.282744162581095,-6.28115778151945,3.36060859788705e-10,1.15595600743432e-08,"SLC25A5","Astrocytes"
"NKAIN4",26.6825292968464,-1.34876822258156,0.214860233085063,-6.27742138791959,3.44234209792944e-10,1.18079008860555e-08,"NKAIN4","Astrocytes"
"LMO3",67.1743741560483,-1.33727364369419,0.213207813128015,-6.27216059334211,3.56072033711459e-10,1.21802209763784e-08,"LMO3","Astrocytes"
"STIP1",10.3082793177233,1.43319161547985,0.228996796514585,6.25856622142121,3.88532911423612e-10,1.32540028709603e-08,"STIP1","Astrocytes"
"PLIN2",9.11628197144603,1.15297431687858,0.184386827218578,6.25301890742881,4.02593375896821e-10,1.36959169607976e-08,"PLIN2","Astrocytes"
"REX1BD",11.8472510751791,-1.26520267329527,0.202655326357758,-6.24312568553835,4.28911971842746e-10,1.45512793077499e-08,"REX1BD","Astrocytes"
"MANF",12.8164919321517,2.2237809818874,0.356239106083084,6.24238311828896,4.30953793246685e-10,1.45806033381795e-08,"MANF","Astrocytes"
"ERI2",8.47878320456084,-1.36955022352862,0.219565005998603,-6.23756147888765,4.4444445985883e-10,1.49960647041741e-08,"ERI2","Astrocytes"
"GALT",10.5813370390396,-1.20676192863266,0.193511345411867,-6.2361301145636,4.48528076533705e-10,1.50518243135959e-08,"GALT","Astrocytes"
"RLBP1",12.2849270968223,-1.93393430458292,0.310112973228236,-6.23622509065296,4.48255983478656e-10,1.50518243135959e-08,"RLBP1","Astrocytes"
"HSD17B3",6.63792436229828,1.55924544716173,0.250154912929845,6.23311942547781,4.57237318530726e-10,1.52203486972204e-08,"HSD17B3","Astrocytes"
"TUSC3",9.84859483738772,-1.23417736286625,0.198110845116645,-6.2297314523068,4.67235397135437e-10,1.54287357939417e-08,"TUSC3","Astrocytes"
"GOLGA7B",20.7849659362439,1.23568408805213,0.198565334842443,6.22306048048425,4.87549323912396e-10,1.60567108457638e-08,"GOLGA7B","Astrocytes"
"SEC61A1",17.8195880288563,1.45773272700548,0.234311339030241,6.22134947902518,4.92896884689944e-10,1.61469368336391e-08,"SEC61A1","Astrocytes"
"MED23",12.1779232384052,1.05602535844521,0.169796151648492,6.21937157110228,4.99149987430434e-10,1.63086392990793e-08,"MED23","Astrocytes"
"RILPL1",13.648417785509,1.10985047338105,0.178512970545509,6.21719794359767,5.06111151214352e-10,1.64925641723351e-08,"RILPL1","Astrocytes"
"ATG13",10.2764075719676,1.06102764425046,0.170683864624646,6.21633243765477,5.08909277204158e-10,1.6540219369079e-08,"ATG13","Astrocytes"
"CYP7B1",20.2678056639893,-1.00322415059883,0.161411144041837,-6.21533387024877,5.12156342257992e-10,1.66021779742951e-08,"CYP7B1","Astrocytes"
"RGS6",19.7454742951029,1.09209229271228,0.17643624998808,6.18972741024629,6.02683461668305e-10,1.94349721506214e-08,"RGS6","Astrocytes"
"IDH2-DT",5.35254358896277,-2.10271199698625,0.339890444717381,-6.18644045358397,6.15379144586401e-10,1.97928310322426e-08,"IDH2-DT","Astrocytes"
"MON1B",6.3855026775641,1.27434366213219,0.206215012618089,6.17968423323418,6.42299398459369e-10,2.05519210623317e-08,"MON1B","Astrocytes"
"MAOA",9.7346561029195,-1.39778084154008,0.226253976607015,-6.1779282844072,6.49482025660505e-10,2.07281853705001e-08,"MAOA","Astrocytes"
"BACE2",4.65887907562243,1.84406736786284,0.298564447545177,6.17644660315362,6.55603683512238e-10,2.08697696990541e-08,"BACE2","Astrocytes"
"FSTL5",26.451275480195,-1.7815452365527,0.288500410131879,-6.17519134804113,6.60833863760768e-10,2.09823223973067e-08,"FSTL5","Astrocytes"
"RPL24",26.1475611431004,-1.08335597722411,0.175569226174839,-6.17053455680931,6.80594978995624e-10,2.1554495204355e-08,"RPL24","Astrocytes"
"CLYBL",30.6485136394099,-1.18780482102509,0.192575592956377,-6.16799254147513,6.91624057641032e-10,2.18479099636962e-08,"CLYBL","Astrocytes"
"SPG7",30.1534350856782,1.10889868654398,0.179828396024878,6.16642705521639,6.98502803874546e-10,2.20090590849326e-08,"SPG7","Astrocytes"
"ARHGAP5-AS1",6.46991164340341,-3.1737226934858,0.51471877447154,-6.16593536294504,7.0067703975335e-10,2.20215324448369e-08,"ARHGAP5-AS1","Astrocytes"
"AKR1C3",3.95364851495943,-2.96437716514036,0.480915090925481,-6.1640344024881,7.09145257071827e-10,2.22312549830897e-08,"AKR1C3","Astrocytes"
"IPP",4.37296129244368,1.54672634129946,0.250945940893876,6.16358382124045,7.11167053718655e-10,2.22383374398942e-08,"IPP","Astrocytes"
"ENSG00000270001",1.58856368718499,-3.37099024489401,0.547948298721693,-6.1520224677368,7.65010368237526e-10,2.37421638844243e-08,"ENSG00000270001","Astrocytes"
"PLCB4",3.85287531270521,2.38792082450197,0.388511550566915,6.14633161103581,7.92954181564973e-10,2.45478790757976e-08,"PLCB4","Astrocytes"
"EOLA2",2.33349229476182,3.44984474594095,0.561923494827873,6.13934953368998,8.28600662725084e-10,2.55874364252487e-08,"EOLA2","Astrocytes"
"TRIM47",32.4867197578257,1.04456358714242,0.170224809972323,6.13637687310242,8.44247409287496e-10,2.60057603711618e-08,"TRIM47","Astrocytes"
"ADAMTS9-AS2",45.0912119113131,1.30282698225028,0.212462254044347,6.13203972682292,8.67594305525916e-10,2.66586111298447e-08,"ADAMTS9-AS2","Astrocytes"
"PIK3IP1",9.73475128916168,-1.44482743105317,0.235682101899158,-6.13040794956664,8.76540206441275e-10,2.68668251890156e-08,"PIK3IP1","Astrocytes"
"DPY19L2P2",9.21423186751833,-1.73650877796359,0.283427240339919,-6.1268238574421,8.96506245942085e-10,2.74109551691379e-08,"DPY19L2P2","Astrocytes"
"SLC15A4",7.49996254719157,1.24236450946228,0.202832773059699,6.12506791048319,9.06449367183435e-10,2.76467056990948e-08,"SLC15A4","Astrocytes"
"SLC8A1",30.7898118903824,-2.05378735201448,0.335393463830564,-6.12351632783169,9.15324707155655e-10,2.78488104390872e-08,"SLC8A1","Astrocytes"
"ACKR1",3.09579067749928,2.54552543592616,0.416054901937388,6.11824406844566,9.46120821193673e-10,2.87152307079442e-08,"ACKR1","Astrocytes"
"NEAT1",1779.44882829589,1.85495216386292,0.303330559985917,6.11528282527495,9.63858647293784e-10,2.91820577736893e-08,"NEAT1","Astrocytes"
"MAN1C1",28.5987400556553,1.93752023371284,0.317332805319087,6.10564114783093,1.02388823015902e-09,3.09239218391686e-08,"MAN1C1","Astrocytes"
"ROR1",19.7557955278283,-1.0104322978284,0.165588491307259,-6.10206838561915,1.04704555843512e-09,3.15463872265257e-08,"ROR1","Astrocytes"
"PRKX",14.4363550913054,1.83952293491286,0.301480009736859,6.10164148700422,1.04984648197319e-09,3.15540023938691e-08,"PRKX","Astrocytes"
"PPP1R1A",5.66111149754652,2.39204708056012,0.392573796635081,6.09324183392622,1.10646713662969e-09,3.31752604186088e-08,"PPP1R1A","Astrocytes"
"LINC02389",4.5014495778305,-2.72239187762288,0.447312335853346,-6.08610954676517,1.15687302100399e-09,3.46027985968415e-08,"LINC02389","Astrocytes"
"COX20",27.1684849130837,-1.17938158237198,0.194013737626776,-6.07885604802253,1.21042961050736e-09,3.57885744903941e-08,"COX20","Astrocytes"
"NTN1",9.51528518115935,1.28090230449126,0.210716837675174,6.07878477402838,1.21096767434992e-09,3.57885744903941e-08,"NTN1","Astrocytes"
"AGFG2",15.0807422367131,1.46827850224646,0.24187519638182,6.07039714782766,1.27594313018727e-09,3.76190566216881e-08,"AGFG2","Astrocytes"
"DDX55",5.28334153092648,1.67059704830732,0.275539458329752,6.06300476321629,1.33601706985495e-09,3.92966731021705e-08,"DDX55","Astrocytes"
"LYPD1",4.42666337650653,-3.69515273943645,0.609753045558926,-6.06008082509751,1.36053165058437e-09,3.99228991212945e-08,"LYPD1","Astrocytes"
"GRM3",76.5651844496778,-1.83903330244631,0.303725149561568,-6.05492599180868,1.40482236323719e-09,4.09315654681555e-08,"GRM3","Astrocytes"
"POU6F2",16.079423754615,-2.72092855101398,0.45031102563764,-6.04233162437263,1.51902839550936e-09,4.40518234697716e-08,"POU6F2","Astrocytes"
"LINC00299",145.639862161985,-1.18703105090891,0.196779370599772,-6.03229417438884,1.61648165430444e-09,4.66594226695849e-08,"LINC00299","Astrocytes"
"SPATC1",6.27927935128059,-1.55876321459462,0.258924687363409,-6.02014134097166,1.74264833695888e-09,4.99518850846337e-08,"SPATC1","Astrocytes"
"RBM10",17.1634418563832,1.14839989808793,0.191007523853727,6.01232807440282,1.82877741752377e-09,5.22996553376371e-08,"RBM10","Astrocytes"
"BAZ1B",16.713811299554,1.05989697643928,0.176335501682059,6.01068398779008,1.84742210105698e-09,5.24693299940106e-08,"BAZ1B","Astrocytes"
"NFIB-AS1",14.6078901353961,-1.29542322641754,0.215515163821923,-6.01082171409491,1.84585314144373e-09,5.24693299940106e-08,"NFIB-AS1","Astrocytes"
"MSI1",12.9885139311598,1.0586730247075,0.176116620333371,6.01120452290952,1.8414990509336e-09,5.24693299940106e-08,"MSI1","Astrocytes"
"SUSD6",11.9911343928605,1.53423063489449,0.255572340079274,6.00311690388168,1.93565143383428e-09,5.48493631697251e-08,"SUSD6","Astrocytes"
"ABCC1",6.66310897349451,1.6167973450139,0.26942175192255,6.00099039322807,1.96117595307785e-09,5.5445757595806e-08,"ABCC1","Astrocytes"
"HMGXB3",10.0589729247608,1.11881099197519,0.186789671411922,5.98968338837062,2.10249934715696e-09,5.9036846747947e-08,"HMGXB3","Astrocytes"
"DIO2",24.3675263098819,-1.73479048625795,0.289622950061388,-5.98982396212126,2.10068291003787e-09,5.9036846747947e-08,"DIO2","Astrocytes"
"RRP12",4.87000259693251,1.5710769650846,0.262409078149198,5.98712886065372,2.1357757115475e-09,5.9835544425549e-08,"RRP12","Astrocytes"
"LINC02997",3.69220851765286,-2.7637916212907,0.462177429921198,-5.97993636721276,2.23224803210294e-09,6.23971272720782e-08,"LINC02997","Astrocytes"
"METAP1D",7.85663968921163,-1.51809743374898,0.253893564232175,-5.97926709304352,2.24143784175983e-09,6.25128936813333e-08,"METAP1D","Astrocytes"
"RPL23A",63.9966386045795,-1.0761057658085,0.180570848945532,-5.95946561747126,2.53064098125517e-09,6.99484983725061e-08,"RPL23A","Astrocytes"
"MBNL3",4.94480077578844,-2.14726595643074,0.360681720893828,-5.95335397399532,2.62702255459489e-09,7.24508247072349e-08,"MBNL3","Astrocytes"
"KCNMB2-AS1",44.257515455059,-1.38056212645287,0.232186908586139,-5.94590855642789,2.74927603404834e-09,7.56539669547125e-08,"KCNMB2-AS1","Astrocytes"
"ENSG00000260664",13.8577997658717,-1.4985683673864,0.25266123511091,-5.93113687079294,3.00844292127101e-09,8.2419355517918e-08,"ENSG00000260664","Astrocytes"
"SEC24A",7.36297359165109,1.22707539447379,0.207018298742186,5.92737647796995,3.07812726573654e-09,8.41422735797253e-08,"SEC24A","Astrocytes"
"SLC25A51",8.35726970135001,1.27211209864622,0.214887659843554,5.91989367640917,3.22149817053569e-09,8.76743117488868e-08,"SLC25A51","Astrocytes"
"MAP3K14",14.4102561640664,1.70125243459223,0.287377927513642,5.91991336742964,3.22111249040526e-09,8.76743117488868e-08,"MAP3K14","Astrocytes"
"OAZ2",10.0977505570403,-1.41425133616746,0.239486504533281,-5.90534877497001,3.51901459766347e-09,9.53522051703867e-08,"OAZ2","Astrocytes"
"LARP4",17.8193496603809,1.00307274063992,0.169905625572661,5.90370529085834,3.55426852725773e-09,9.60971772336955e-08,"LARP4","Astrocytes"
"WDR48",12.6627196688881,-1.12383216253125,0.19049836539034,-5.89943205144288,3.64754948757862e-09,9.84043688555252e-08,"WDR48","Astrocytes"
"CEBPG",6.00622639954623,1.41349813166767,0.239660514310112,5.89791829386902,3.68116166195239e-09,9.9095271434688e-08,"CEBPG","Astrocytes"
"RASGEF1A",4.79214830777019,1.84996977341333,0.314075765620483,5.89020222479936,3.85723314368411e-09,1.03609800473406e-07,"RASGEF1A","Astrocytes"
"LRRN3",11.8924306370043,-1.23056770155287,0.208964686769332,-5.88887874108241,3.88824596880062e-09,1.03767564292367e-07,"LRRN3","Astrocytes"
"CDR2",16.1932739945463,1.00237869158996,0.17020701136801,5.88917391553683,3.88130826862859e-09,1.03767564292367e-07,"CDR2","Astrocytes"
"C1QTNF12",2.25973752744744,3.72489276641574,0.632697187218865,5.88732310125983,3.92500921394709e-09,1.04523417411413e-07,"C1QTNF12","Astrocytes"
"LRRC49",15.4903338793486,-1.14043737659713,0.194256516521525,-5.87078053811781,4.33748134573188e-09,1.14767161333756e-07,"LRRC49","Astrocytes"
"ENSG00000226308",3.70870625855096,-2.45618427333319,0.418472153679582,-5.86940911536458,4.37351016580613e-09,1.15473723631508e-07,"LOC112268270","Astrocytes"
"SGCB",3.81963354159532,-2.26465595462139,0.385924607559655,-5.86813048523039,4.40736346890843e-09,1.16119961352113e-07,"SGCB","Astrocytes"
"EDC4",7.67822336402397,1.23134572830317,0.210003487897629,5.86345370084241,4.53337296472321e-09,1.19186321490802e-07,"EDC4","Astrocytes"
"NR4A2",16.082524501358,-1.70729085512158,0.291226601026567,-5.86241383549242,4.56186347435995e-09,1.19428235524311e-07,"NR4A2","Astrocytes"
"CLIP2",15.9534375887332,1.25813190456964,0.214600257838195,5.86267657477954,4.55464846566773e-09,1.19428235524311e-07,"CLIP2","Astrocytes"
"CELF6",7.60516414531056,-1.75341373728715,0.299493171336097,-5.85460339367614,4.78149672654052e-09,1.24651103083687e-07,"CELF6","Astrocytes"
"COL23A1",11.1503056220326,-1.33928156567792,0.229113002208242,-5.84550659617582,5.05028923580116e-09,1.30862300819496e-07,"COL23A1","Astrocytes"
"ZFHX4-AS1",6.97380671244799,-2.11813351222629,0.362354812248324,-5.84546814511384,5.05145601160614e-09,1.30862300819496e-07,"ZFHX4-AS1","Astrocytes"
"DNAH14",3.71507552404463,-3.13570898046035,0.53691144165662,-5.84027222587255,5.21155932508507e-09,1.34728056623233e-07,"DNAH14","Astrocytes"
"CSMD1",12.5356526244297,-1.74370227336273,0.298776416411852,-5.83614427906887,5.34226399055297e-09,1.3781928123962e-07,"CSMD1","Astrocytes"
"MTURN",10.7116895664315,1.20027189028427,0.205688949220367,5.83537372733792,5.3670129944925e-09,1.38169900022455e-07,"MTURN","Astrocytes"
"ENSG00000286619",19.5875827036073,1.46458122221325,0.251663868853881,5.81959273249352,5.89911884000461e-09,1.50616058960365e-07,"ENSG00000286619","Astrocytes"
"TMEM44-AS1",5.07416993448938,-1.91556081131562,0.329768965529819,-5.80879649556474,6.29235169187314e-09,1.59668424181281e-07,"TMEM44-AS1","Astrocytes"
"ENSG00000290127",10.0877008039967,-1.31008588862176,0.225623286302434,-5.80651895507659,6.37850544769158e-09,1.6152358478275e-07,"ENSG00000290127","Astrocytes"
"ENSG00000286330",3.17360631648111,-4.36531125341963,0.752104550047931,-5.80412823342371,6.47017465478377e-09,1.63510556633035e-07,"ENSG00000286330","Astrocytes"
"LINC00645",3.16405494707727,-4.40567595484914,0.759228202437343,-5.80283495885116,6.52029639617102e-09,1.64441609518912e-07,"LINC00645","Astrocytes"
"C1orf35",17.8603752123536,1.22106714730108,0.210446088676041,5.80228007554364,6.54191686699418e-09,1.64651537731685e-07,"C1orf35","Astrocytes"
"PLCE1",55.4823135647768,1.37112410840626,0.236357866112002,5.80105130817406,6.59004301597495e-09,1.65526374577724e-07,"PLCE1","Astrocytes"
"ENSG00000203472",39.6411351403799,1.91645870654135,0.331792094992558,5.77608308173928,7.64596301508229e-09,1.90502937657473e-07,"ENSG00000203472","Astrocytes"
"CHRNE",3.97595051707906,2.4098162896972,0.417924137825138,5.76615723187895,8.10994031010625e-09,2.01657411365554e-07,"CHRNE","Astrocytes"
"ENSG00000260918",25.5532236090005,-1.30961799735386,0.227190998321102,-5.76439210634088,8.19526846580586e-09,2.03079097615486e-07,"ENSG00000260918","Astrocytes"
"HNRNPF",6.88844859034228,1.28670945709083,0.223523509629764,5.75648377757706,8.58840311967941e-09,2.12275839982016e-07,"HNRNPF","Astrocytes"
"HEY2",10.0380787270312,-1.28786698535069,0.223768606092215,-5.75535151173066,8.64616927369375e-09,2.13277916566035e-07,"HEY2","Astrocytes"
"LPCAT4",4.46118012132131,1.76203480720744,0.306538617443919,5.74816583274307,9.02167345648814e-09,2.22098175768773e-07,"LPCAT4","Astrocytes"
"CCDC154",3.91413551246126,-2.37846081904664,0.414414755844356,-5.73932463915435,9.50548521121515e-09,2.33544490814439e-07,"CCDC154","Astrocytes"
"RFFL",17.6081195115244,1.52778927629037,0.266391198140563,5.73513421972833,9.74351549371262e-09,2.37976237393774e-07,"RFFL","Astrocytes"
"GRM3-AS1",8.35682857263403,-2.24965134497562,0.392599361392702,-5.73014519686237,1.00344704857982e-08,2.4316408615585e-07,"GRM3-AS1","Astrocytes"
"SNAP29",5.57696483830462,1.5315866193885,0.267281808159263,5.73023143601259,1.00293701091086e-08,2.4316408615585e-07,"SNAP29","Astrocytes"
"HIPK1-AS1",1.46047091418637,-3.17280084970128,0.55408959454792,-5.72615129560403,1.0273460787903e-08,2.48469267454303e-07,"HIPK1-AS1","Astrocytes"
"BTG2",16.6506799800619,-2.1330146768606,0.372684121179605,-5.72338491403731,1.04422312976099e-08,2.51568385521992e-07,"BTG2","Astrocytes"
"DPH5-DT",8.53313025090378,-1.55906448158743,0.272881200933578,-5.71334513426933,1.1077668658372e-08,2.65328377169478e-07,"DPH5-DT","Astrocytes"
"FANCI",3.81832185303897,2.0969187335127,0.367286127989753,5.7092238821805,1.13492518523648e-08,2.70785714234746e-07,"FANCI","Astrocytes"
"CTSD",47.1809492432058,1.58350712510781,0.277461292946964,5.7071280404164,1.14898350027729e-08,2.73612743921802e-07,"CTSD","Astrocytes"
"UBAP1L",10.4328877230221,1.25586928401499,0.220233157024046,5.70245325901524,1.18095300076605e-08,2.80686007840423e-07,"UBAP1L","Astrocytes"
"EXTL2",8.37863948861854,-1.2865084742719,0.225832272983247,-5.69674323902917,1.221176226685e-08,2.88584450668709e-07,"EXTL2","Astrocytes"
"ADARB2",13.1592929344534,-1.32025869495781,0.232023181334475,-5.69020167452398,1.26889416795891e-08,2.98720845662265e-07,"ADARB2","Astrocytes"
"PTH1R",9.98457754763695,1.07233262217846,0.188544458147931,5.68742583426727,1.28968582891691e-08,3.03039461470172e-07,"PTH1R","Astrocytes"
"CABLES1",93.9863398228486,-1.10506456909433,0.194342659358565,-5.68616572780076,1.2992331877266e-08,3.04128630692221e-07,"CABLES1","Astrocytes"
"ENSG00000290911",4.31181552509676,-2.95939224036968,0.520619659507339,-5.68436513359897,1.3129948803639e-08,3.06770105727285e-07,"LOC101928764","Astrocytes"
"LINC01080",2.87219629099756,-2.83297204825125,0.498503980015384,-5.68294770317345,1.32392762677762e-08,3.08741917182434e-07,"LINC01080","Astrocytes"
"AJUBA-DT",1.18913583371149,-3.23155155658397,0.568717119209174,-5.68217739089265,1.32990614248465e-08,3.09553153428335e-07,"AJUBA-DT","Astrocytes"
"PRELID2",10.9136874282993,-1.53111334542233,0.269726460810358,-5.67654111807308,1.37445528875917e-08,3.19322323465381e-07,"PRELID2","Astrocytes"
"RNF43",9.24776274343144,-1.39971288579023,0.246689183787866,-5.67399374507592,1.39506227694291e-08,3.22898246268862e-07,"RNF43","Astrocytes"
"DNMT1",7.37962753430929,1.28264786341238,0.226173165921657,5.67108771805703,1.41893718532634e-08,3.27811551602539e-07,"DNMT1","Astrocytes"
"THBS2",5.13504204419488,1.38425373422022,0.244241118837936,5.66757039439673,1.44836557509384e-08,3.33987167902924e-07,"THBS2","Astrocytes"
"HHAT",6.11031889584392,-1.55006684554601,0.273643623090122,-5.66454583535284,1.47414455111382e-08,3.38812100907834e-07,"HHAT","Astrocytes"
"PIGT",7.44198757411025,1.27062796219505,0.224315257694157,5.66447407660292,1.47476154719634e-08,3.38812100907834e-07,"PIGT","Astrocytes"
"NEDD9",4.39076130364857,-1.96060940010775,0.346187762308686,-5.66342780874944,1.4837861101363e-08,3.40254137070699e-07,"NEDD9","Astrocytes"
"PELI2",24.1713816000191,-1.00525175435977,0.177667038166724,-5.65806558567402,1.53088637576051e-08,3.48942973998125e-07,"PELI2","Astrocytes"
"A2ML1-AS1",10.9138050981815,-1.9619597776537,0.346840694462128,-5.65665969702966,1.54347363973199e-08,3.50694203317454e-07,"A2ML1-AS1","Astrocytes"
"ZNF205",6.39262692234158,1.57596509118826,0.27877721854293,5.65313442549311,1.57547993178831e-08,3.57310769145324e-07,"ZNF205","Astrocytes"
"PXN",10.2555308095125,1.37770203127397,0.243724607766782,5.65269975772115,1.57947068716479e-08,3.57560978412461e-07,"PXN","Astrocytes"
"OMG",13.2529508187163,-1.34441541102987,0.238060441317971,-5.64737006949497,1.62920879865793e-08,3.64819033522263e-07,"OMG","Astrocytes"
"KDM7A",10.3738126210759,1.10976593853217,0.196561342386416,5.64590130011682,1.64318100061724e-08,3.67283579975511e-07,"KDM7A","Astrocytes"
"CLCF1",5.32277921775087,3.95066576664376,0.700101779223366,5.64298775390386,1.67124238096541e-08,3.72882782044949e-07,"CLCF1","Astrocytes"
"MARS1",18.0726771879615,1.42372139991883,0.252478048324058,5.63899083254743,1.71049641463142e-08,3.80954624143542e-07,"MARS1","Astrocytes"
"ERICH2",3.01866932517423,-2.79507101486552,0.495840725440383,-5.63703397372828,1.73003991792578e-08,3.84615517121632e-07,"ERICH2","Astrocytes"
"C4orf33",3.15558927883858,-2.68510380261185,0.476512254207628,-5.63491028594174,1.75149493142756e-08,3.87992159854518e-07,"C4orf33","Astrocytes"
"ZNF432",6.77171690982382,1.16958008493424,0.207550238737593,5.63516617493729,1.74889613089146e-08,3.87992159854518e-07,"ZNF432","Astrocytes"
"TAF6L",5.87514045590939,1.30104623831133,0.231033490123591,5.6314183611014,1.78733576950938e-08,3.94520121815236e-07,"TAF6L","Astrocytes"
"MARCHF3",58.6160108357358,1.12785300001821,0.200420668896143,5.62742857924826,1.82915858433315e-08,4.03033287362943e-07,"MARCHF3","Astrocytes"
"ADD3-AS1",38.8738451856895,-1.37267433504373,0.243959394900782,-5.62665084327658,1.83742114070393e-08,4.04134742190706e-07,"ADD3-AS1","Astrocytes"
"SLC4A2",5.29461615230745,1.31781379167921,0.234442497761725,5.6210533681422,1.89796625323369e-08,4.14506457033382e-07,"SLC4A2","Astrocytes"
"LINGO3",4.08769699742955,3.34426142807026,0.594929062643294,5.62127762461557,1.89550376140714e-08,4.14506457033382e-07,"LINGO3","Astrocytes"
"ARRDC3-AS1",5.4507273513546,2.3300751876769,0.414569502793175,5.62046935912541,1.9043936642513e-08,4.15177935641265e-07,"ARRDC3-AS1","Astrocytes"
"ENSG00000251613",2.58576255601348,-2.93996165479655,0.523667466686532,-5.61417663273785,1.97500392057988e-08,4.29060939448082e-07,"ENSG00000251613","Astrocytes"
"WHRN",11.9769644635992,1.22910490385181,0.219248414894532,5.60599220041369,2.07065287009779e-08,4.4826738619617e-07,"WHRN","Astrocytes"
"LEMD2",13.2969922072759,1.12006494707506,0.200073143144419,5.59827735732908,2.16492200672207e-08,4.67857403302607e-07,"LEMD2","Astrocytes"
"RBMS3-AS2",4.24436922208158,-2.57535866469607,0.460148871671287,-5.59679447945231,2.18351291581095e-08,4.70337242583387e-07,"RBMS3-AS2","Astrocytes"
"SDK1",15.5106573147611,-1.11480909613063,0.199188428884972,-5.59675630944614,2.18399349499675e-08,4.70337242583387e-07,"SDK1","Astrocytes"
"ENSG00000285595",3.38905722931363,-2.59650761007784,0.464020739350251,-5.59567146441261,2.1976952385913e-08,4.72466321865903e-07,"ENSG00000285595","Astrocytes"
"NPLOC4",12.5358939598088,1.11018746880196,0.198487043371295,5.59324906021806,2.22859240574176e-08,4.78278332067594e-07,"NPLOC4","Astrocytes"
"ENSG00000235450",14.2402014216088,-1.14116028715329,0.204281581752186,-5.58621231226629,2.32075490757641e-08,4.96336926088406e-07,"ENSG00000235450","Astrocytes"
"SNN",5.02600585110218,-2.01111843662932,0.36021935810322,-5.58303819988776,2.36352805315775e-08,5.03744713980248e-07,"SNN","Astrocytes"
"MOB3A",7.85434360046065,1.28722108577703,0.231041292039009,5.57138974776723,2.52715269557783e-08,5.36770700331736e-07,"MOB3A","Astrocytes"
"ZZEF1",22.0655638357396,1.13470857290823,0.203818766154255,5.56724287129409,2.58801562123814e-08,5.48756805441641e-07,"ZZEF1","Astrocytes"
"PDLIM7",7.18978573363133,-1.76581963818348,0.317276785696072,-5.56554944386952,2.61327668982653e-08,5.53165901711486e-07,"PDLIM7","Astrocytes"
"DHX38",9.34559384264123,1.35269170911779,0.243126174378601,5.56374365111077,2.64047752180657e-08,5.57969849019295e-07,"DHX38","Astrocytes"
"ATP13A5",9.78033131169499,-1.16606785104801,0.209714277509085,-5.56026926205586,2.69358751937938e-08,5.67256704974062e-07,"ATP13A5","Astrocytes"
"AKTIP",4.74440941860119,-1.93000822634733,0.347140857418471,-5.55972650612181,2.70197722963962e-08,5.68057453898599e-07,"AKTIP","Astrocytes"
"GPR161",3.04001413423637,-2.50240930042509,0.450286569970674,-5.55737049983095,2.73869032495506e-08,5.74800038879976e-07,"GPR161","Astrocytes"
"ZBTB18",9.92332647456062,-1.18343259827053,0.212991197307222,-5.55625121240823,2.75630107931691e-08,5.77517364893084e-07,"ZBTB18","Astrocytes"
"APOE",505.729600090622,-1.13935712833576,0.205168773904346,-5.5532677154222,2.80378163204649e-08,5.85484451089911e-07,"APOE","Astrocytes"
"MED22",4.72920744352517,1.39128700602629,0.250634379830919,5.55106209676766,2.83939196699752e-08,5.91922402817009e-07,"MED22","Astrocytes"
"MYH15",4.19115314735225,-2.08004714050922,0.374869502985783,-5.54872328621544,2.87763204886778e-08,5.98886011111425e-07,"MYH15","Astrocytes"
"ASAP3",23.7036403331882,1.18897498232355,0.214403443668037,5.54550319706829,2.93109979735661e-08,6.08990080380318e-07,"ASAP3","Astrocytes"
"TRNAU1AP",10.1410248811952,1.14009984212195,0.205755306480468,5.54104708949597,3.00668344610744e-08,6.21565294042546e-07,"TRNAU1AP","Astrocytes"
"FBXO31",8.29127530350419,1.06083826570387,0.191649244426053,5.53531149512665,3.10675710553336e-08,6.3989158664549e-07,"FBXO31","Astrocytes"
"TMEM9",11.9214444864457,-1.13746121609954,0.205611809048173,-5.53208116481795,3.16453401058243e-08,6.47709498397392e-07,"TMEM9","Astrocytes"
"C5orf63",3.95381088710554,-2.47047534354483,0.447307618979449,-5.52298963559201,3.33279402653129e-08,6.81022911394999e-07,"C5orf63","Astrocytes"
"RMND5B",6.82372268312804,1.12725497170609,0.20417844589195,5.52093031554675,3.37209500711659e-08,6.87858830898924e-07,"RMND5B","Astrocytes"
"ENSG00000289611",4.23171134339758,-2.00799830103198,0.363724560442424,-5.52065634113217,3.37735741893359e-08,6.87858830898924e-07,"ENSG00000289611","Astrocytes"
"MEIKIN",38.0735316330403,-1.39662415142472,0.253047689105206,-5.51921322167878,3.40520814427726e-08,6.90125899354915e-07,"MEIKIN","Astrocytes"
"POMT1",16.6666991365574,1.19834972170043,0.217115390813222,5.51941397250522,3.40132056239651e-08,6.90125899354915e-07,"POMT1","Astrocytes"
"ALDOA",6.14855691910142,1.65743945293305,0.300282032567537,5.51960914464729,3.39754514031756e-08,6.90125899354915e-07,"ALDOA","Astrocytes"
"CCDC24",9.84503449237541,-1.13317588263391,0.20547477444982,-5.51491483890472,3.48948886575473e-08,7.06051317396092e-07,"CCDC24","Astrocytes"
"FNDC5",1.25451095831511,-3.06913453157987,0.556776515043026,-5.51232756529376,3.54119068000196e-08,7.15343624640526e-07,"FNDC5","Astrocytes"
"ENSG00000288033",4.1118925662299,1.50022866252923,0.27232963690852,5.50887035123973,3.61143761342273e-08,7.27161495398596e-07,"ENSG00000288033","Astrocytes"
"ENSG00000261135",1.21533574771484,-3.10672871341257,0.564540973133412,-5.50310581740253,3.7315829175858e-08,7.48917200461344e-07,"ENSG00000261135","Astrocytes"
"KCTD16",6.07307590221039,-1.43594537249708,0.261255123078357,-5.49633383482551,3.87768127631782e-08,7.76979405253132e-07,"KCTD16","Astrocytes"
"ACTN1",22.2849637304069,2.75038156466019,0.500578976617619,5.49440087005721,3.92039062100998e-08,7.84268126978458e-07,"ACTN1","Astrocytes"
"ENSG00000285744",11.7846386129987,2.20628544305551,0.402424680881021,5.4824804438568,4.19403374926989e-08,8.33623112635779e-07,"ENSG00000285744","Astrocytes"
"PLD5",11.5324033305947,-2.5608557880175,0.467252077134232,-5.48067288159281,4.2371125542833e-08,8.40835973712983e-07,"PLD5","Astrocytes"
"S100A6",31.4161153086037,1.20211565306228,0.219452679839612,5.47778980844913,4.30671280472141e-08,8.53280394573843e-07,"S100A6","Astrocytes"
"FRMD4A",40.3425892423536,-1.5564532061443,0.284536968251055,-5.47012648553629,4.4971451629411e-08,8.88168238480058e-07,"FRMD4A","Astrocytes"
"NOP2",6.66143356366665,1.11052134494719,0.203053247872899,5.4691139224836,4.52290979834618e-08,8.91834268040139e-07,"NOP2","Astrocytes"
"BEX4",9.96204722960907,-1.29114274102823,0.236175683081558,-5.46687416833834,4.58040963429425e-08,8.98878169595336e-07,"BEX4","Astrocytes"
"SLC20A2",47.5305872451337,1.21948811825197,0.223121184691361,5.46558642532696,4.61378925783532e-08,9.03996081958462e-07,"SLC20A2","Astrocytes"
"ABCA3",17.7613090026396,1.32068238648629,0.24177649163752,5.46241025147435,4.69713019579565e-08,9.18871456785743e-07,"ABCA3","Astrocytes"
"ACVR1",11.8437203543412,1.50482590639445,0.27580554148902,5.45611193404667,4.86673205446772e-08,9.48379543607547e-07,"ACVR1","Astrocytes"
"NAPRT",7.37982714188272,-1.53432490671796,0.281217969954423,-5.45599880038473,4.8698321533588e-08,9.48379543607547e-07,"NAPRT","Astrocytes"
"NUP107",10.8905693671131,1.13528062346108,0.208091536351073,5.45567899285314,4.87860590549954e-08,9.48379543607547e-07,"NUP107","Astrocytes"
"MYO19",13.4508329521512,1.25708994223791,0.230466380521433,5.45454803166402,4.90975630559029e-08,9.52939064766842e-07,"MYO19","Astrocytes"
"FIRRE",10.5816637493508,-1.28273876826209,0.235661109666491,-5.44314999652436,5.23465319973064e-08,1.01282360269163e-06,"FIRRE","Astrocytes"
"CHL1-AS2",5.80736157643495,-1.73514890670808,0.319367781829053,-5.43307435950706,5.53913111388502e-08,1.06839658229343e-06,"CHL1-AS2","Astrocytes"
"ENSG00000272668",2.74499473720625,-2.795890071178,0.514737476455827,-5.43168158345263,5.58254699941332e-08,1.07509610410163e-06,"LOC107985216","Astrocytes"
"MSH5",5.31365037534385,1.92330629667205,0.355297516639202,5.41322752510295,6.18987559966472e-08,1.18285848071988e-06,"MSH5","Astrocytes"
"PRKD2",5.93128201685788,1.30725368673987,0.241732486776623,5.40785272253401,6.37848402651578e-08,1.2170226147973e-06,"PRKD2","Astrocytes"
"TCTN3",8.05673693199575,1.0981609303747,0.203208408294889,5.4041116683572,6.51303613379576e-08,1.24078348376604e-06,"TCTN3","Astrocytes"
"PPIEL",11.6490802108601,1.01053563722357,0.187008953447998,5.40367516416573,6.52891359051454e-08,1.24189764963658e-06,"PPIEL","Astrocytes"
"ENSG00000238260",4.38614240503065,-1.90344813841185,0.352389970486885,-5.40153891378327,6.60716019825587e-08,1.25485375360433e-06,"ENSG00000238260","Astrocytes"
"APOC2",2.49223824786086,-3.04684812815303,0.564481161617495,-5.3976081671573,6.75351585970362e-08,1.2806858635637e-06,"APOC2","Astrocytes"
"TWSG1",8.77784184493967,1.22297615274151,0.226722184160359,5.39416183409961,6.88441493636962e-08,1.30351238772271e-06,"TWSG1","Astrocytes"
"CNBD2",5.52277198711479,-1.51876741110232,0.281609448683686,-5.39316922142146,6.92257013011729e-08,1.30873566291973e-06,"CNBD2","Astrocytes"
"ZNF276",10.55920552146,1.1491878045084,0.213171264459792,5.39091329884738,7.01004922786551e-08,1.32123956755949e-06,"ZNF276","Astrocytes"
"TGFB2",55.4052123432662,1.40920836926793,0.261637421771133,5.3861116644875,7.19982425315166e-08,1.35288958614229e-06,"TGFB2","Astrocytes"
"ENSG00000287158",3.08757088456965,-3.41113150964879,0.633310400094552,-5.38619215654679,7.1966023363722e-08,1.35288958614229e-06,"LOC105377188","Astrocytes"
"ENSG00000289521",1.10398718551666,-3.09447341598416,0.574899785611021,-5.38263101402145,7.34049124729334e-08,1.37307104403676e-06,"LOC105379321","Astrocytes"
"AARS1",11.5605185908793,1.1335905023167,0.210830363102824,5.37678959346021,7.58256965068119e-08,1.4140807226564e-06,"AARS1","Astrocytes"
"NLN",10.730040877497,1.19140158605414,0.221607515823553,5.37617860850331,7.60833205521926e-08,1.41495561219291e-06,"NLN","Astrocytes"
"UFL1-AS1",32.9440165234455,-1.13579879989995,0.211475070572175,-5.37084015069431,7.83706560230371e-08,1.45115787509177e-06,"UFL1-AS1","Astrocytes"
"PON3",6.66104380432149,-1.52643230169378,0.284405658333751,-5.36709540392655,8.00147376762801e-08,1.47663561348044e-06,"PON3","Astrocytes"
"TMEM126B",8.57546658104956,-1.36885616081022,0.255081122658462,-5.3663561871767,8.03432052541341e-08,1.48049093848503e-06,"TMEM126B","Astrocytes"
"ARHGAP29",28.1298810511355,1.33908881071963,0.249641325883685,5.36405102792777,8.13758985548005e-08,1.49391789309677e-06,"ARHGAP29","Astrocytes"
"MEIS1",11.2346451584171,-1.0483818965786,0.195450599252351,-5.36392265149827,8.14337864685713e-08,1.49391789309677e-06,"MEIS1","Astrocytes"
"MINK1",36.5871042685532,1.29391185350283,0.241220315917537,5.36402520070142,8.13875414481457e-08,1.49391789309677e-06,"MINK1","Astrocytes"
"NME5",8.10633128103811,-1.32447373614369,0.246941557958109,-5.36351089340891,8.16197269460768e-08,1.49511402185395e-06,"NME5","Astrocytes"
"TSHZ2",24.4985039893467,1.35982773620893,0.253557745531905,5.36299032536484,8.1855392010178e-08,1.49721612889518e-06,"TSHZ2","Astrocytes"
"SEC24C",7.34893763665435,1.20114231586922,0.22403341237479,5.36144275595733,8.25598859402049e-08,1.50623728607263e-06,"SEC24C","Astrocytes"
"FDX2",4.8769918118781,-1.77942836100823,0.332303430661102,-5.3548299440308,8.56369197644288e-08,1.55718352047419e-06,"FDX2","Astrocytes"
"ALDOC",67.9401518711813,-1.08865127792964,0.203348052371295,-5.35363513559435,8.62046003738114e-08,1.56291590985199e-06,"ALDOC","Astrocytes"
"GTPBP3",7.90600042478582,-1.19858599083426,0.223881136801033,-5.35367118445294,8.61874195592426e-08,1.56291590985199e-06,"GTPBP3","Astrocytes"
"PIGC",14.4653998781351,-1.50882361304933,0.282668517596256,-5.33778443344167,9.40892290009712e-08,1.69096767617565e-06,"PIGC","Astrocytes"
"LINC02774",2.15534463381314,-2.79191642198195,0.523098861956423,-5.33726342194667,9.43599018200256e-08,1.69096767617565e-06,"LINC02774","Astrocytes"
"PAFAH1B3",4.65202009844263,1.48218609977587,0.277998118798248,5.33164075420072,9.73293379262294e-08,1.74166068141691e-06,"PAFAH1B3","Astrocytes"
"ZFTRAF1",7.3099765026434,1.0687537177218,0.200607373836003,5.32758939656681,9.95247978665216e-08,1.77837744874623e-06,"ZFTRAF1","Astrocytes"
"ITGB4",82.4329718597586,1.25898711936916,0.236737931897582,5.31806250598586,1.04878042767568e-07,1.86864000516661e-06,"ITGB4","Astrocytes"
"SBNO2",6.57019335887166,2.12906712799011,0.400671914899938,5.31374186414291,1.07396726290177e-07,1.90802533952836e-06,"SBNO2","Astrocytes"
"MED15",28.9205743404162,1.07594256311557,0.202518177208787,5.31281970806168,1.07941820318554e-07,1.91496212178317e-06,"MED15","Astrocytes"
"C6orf62",36.7714918585453,1.01643192873206,0.191518569178149,5.30722390572263,1.11307418213432e-07,1.96341846116371e-06,"C6orf62","Astrocytes"
"ENSG00000267698",2.04304962841391,-2.9351451973372,0.553178679974679,-5.30596225702616,1.12080148890192e-07,1.97423681892922e-06,"LOC101927572","Astrocytes"
"ENSG00000285987",10.6182204435307,2.80048745525936,0.5281877738904,5.30206792677573,1.14498219652152e-07,2.0139651334554e-06,"ENSG00000285987","Astrocytes"
"MST1",8.03676257730525,1.45524216693706,0.274530994301633,5.3008301326376,1.15277309348349e-07,2.02479279668171e-06,"MST1","Astrocytes"
"DGCR8",9.70475223305617,1.29666590334224,0.244752682204819,5.29786187289723,1.17166542400552e-07,2.05506132371959e-06,"DGCR8","Astrocytes"
"CREBL2",8.55657126578348,-1.13750618246242,0.214753851361845,-5.29679060584485,1.17855710518561e-07,2.06422526640926e-06,"CREBL2","Astrocytes"
"SPDYE3",12.0049789514489,-1.74712828819995,0.330082430537502,-5.29300600869593,1.2032196537069e-07,2.09851675659896e-06,"SPDYE3","Astrocytes"
"SLC22A6",2.67855671754703,-3.10249727884872,0.586133112305145,-5.29316159369877,1.20219600520518e-07,2.09851675659896e-06,"SLC22A6","Astrocytes"
"LINC03082",19.7104083820911,2.83654013366105,0.535866707895378,5.29336883942948,1.20083377129211e-07,2.09851675659896e-06,"LINC03082","Astrocytes"
"ANKRD35",5.16970373494512,-1.44959626154087,0.274004999837714,-5.29040076786711,1.2204862654455e-07,2.12265188553534e-06,"ANKRD35","Astrocytes"
"LNCRNA-IUR",9.28802530690856,-1.7015445567517,0.321645717102538,-5.29012036000236,1.22235893670702e-07,2.12292716875778e-06,"LNCRNA-IUR","Astrocytes"
"APBB2",11.8350534067629,-1.19334202653756,0.225639762168974,-5.28870450432363,1.23185710226891e-07,2.13642668030755e-06,"APBB2","Astrocytes"
"ITPRID2",29.710334372123,1.17114488672142,0.22171844664652,5.28212651872194,1.27692962706056e-07,2.20533048422468e-06,"ITPRID2","Astrocytes"
"CCBE1",5.89422248753227,-3.49103448982484,0.661157588948158,-5.28018516036208,1.29053402249042e-07,2.22382903596366e-06,"CCBE1","Astrocytes"
"CLVS2",8.94970124971686,-1.38526043810077,0.262686888844403,-5.27342816459065,1.33898679052666e-07,2.293315826707e-06,"CLVS2","Astrocytes"
"C11orf65",8.1041841178639,-1.23964961098439,0.23518622659716,-5.2709277618869,1.35735888375647e-07,2.31836897345605e-06,"C11orf65","Astrocytes"
"DNAJB2",45.7789761203805,1.62266525323114,0.307884943608598,5.27036247441178,1.36154609024508e-07,2.32231752555163e-06,"DNAJB2","Astrocytes"
"POLR2K",3.19753688677941,-2.17735401385164,0.413254727019288,-5.26879397014136,1.37322987769979e-07,2.33581120543359e-06,"POLR2K","Astrocytes"
"SLK",14.3071613158896,1.04578385300171,0.198676580367035,5.26375001557673,1.41146340070168e-07,2.39755161740588e-06,"SLK","Astrocytes"
"SIK2",67.8159842795621,1.00014459534366,0.190134307877045,5.26020057353578,1.43898350291912e-07,2.44094968721197e-06,"SIK2","Astrocytes"
"RANGAP1",13.6142450749658,1.93039256126645,0.367379629584045,5.25448992218781,1.48435272998834e-07,2.51446509650418e-06,"RANGAP1","Astrocytes"
"ILDR2",7.25441137805165,-1.27966849851566,0.243861430083594,-5.2475231449147,1.54157687793463e-07,2.60427646377416e-06,"ILDR2","Astrocytes"
"TRDN",13.6763106768531,-1.39725098596914,0.266367263940316,-5.24558072677511,1.55790825974466e-07,2.62828037880355e-06,"TRDN","Astrocytes"
"ENSG00000258107",1.5357172194809,-3.14668692476343,0.600170184474017,-5.2429910818065,1.57994178501641e-07,2.65100530133581e-06,"ENSG00000258107","Astrocytes"
"CC2D1B",4.09694341831116,1.61207773108546,0.307510981685292,5.24234198808311,1.5855115363232e-07,2.65675092750881e-06,"CC2D1B","Astrocytes"
"PBX1",90.6047186562631,-1.17844247527487,0.224872571389939,-5.24049006061926,1.6015071426534e-07,2.67992742533474e-06,"PBX1","Astrocytes"
"NREP",7.34182695496204,-1.28317001881223,0.244944836898982,-5.23860814972566,1.61792153418587e-07,2.70374120888309e-06,"NREP","Astrocytes"
"GABRB1",274.789277013095,-1.03417773528762,0.197437265475469,-5.23800678051895,1.62320100535183e-07,2.70890809289376e-06,"GABRB1","Astrocytes"
"LRRC7-AS1",5.88178534600859,-1.9236155248135,0.367279051504969,-5.23747683656681,1.62786723295948e-07,2.7130390236524e-06,"LRRC7-AS1","Astrocytes"
"GSR",5.52583443199544,1.26144201935558,0.240975648573435,5.23472818445874,1.65227834677578e-07,2.75002187743609e-06,"GSR","Astrocytes"
"MRO",10.3517733007738,-1.19643808090535,0.228866310451895,-5.22767234086568,1.71657367979411e-07,2.84905676774479e-06,"MRO","Astrocytes"
"GYG2",10.5187588536266,1.46371181692551,0.280005196148122,5.2274451940928,1.71868319914831e-07,2.84905676774479e-06,"GYG2","Astrocytes"
"ENSG00000228061",14.9286227350166,-1.36943919287497,0.26211447400733,-5.22458440367042,1.74546696332406e-07,2.88958788861522e-06,"ELP4-AS1","Astrocytes"
"KLHL26",3.28225028829726,-2.3234423493353,0.444816754319861,-5.22336968374296,1.75696126465259e-07,2.90401982230484e-06,"KLHL26","Astrocytes"
"MGAM",6.25911372963845,-1.91491969632946,0.366884426645192,-5.21940850376117,1.79495462400433e-07,2.95964355646413e-06,"MGAM","Astrocytes"
"ALG1",6.66124781547637,-1.26132689717613,0.241897937435773,-5.21429372464586,1.84518898703166e-07,3.03842755670386e-06,"ALG1","Astrocytes"
"NBPF10",7.00985888394569,1.11587674045644,0.214054593785787,5.21304738534667,1.85763420386439e-07,3.05436191776825e-06,"NBPF10","Astrocytes"
"ETV1",23.4959716912366,-1.13930778126937,0.218568723083737,-5.21258378232317,1.8622841457947e-07,3.05439265925508e-06,"ETV1","Astrocytes"
"ENSG00000253642",75.8988183445246,-1.27211964968553,0.24411966327008,-5.21104950189175,1.8777533621236e-07,3.07569046073764e-06,"ENSG00000253642","Astrocytes"
"WSB2",7.44488138196398,1.2996023304446,0.249579149196003,5.20717509708302,1.91737150724484e-07,3.1364347918379e-06,"WSB2","Astrocytes"
"ZNF69",7.17638546498907,1.66708871024193,0.32025774460788,5.20545947228566,1.93517180158508e-07,3.15721112240159e-06,"ZNF69","Astrocytes"
"STK40",15.4571913166385,1.8977394614484,0.364670539234468,5.20398347898411,1.95061355397565e-07,3.17821679458953e-06,"STK40","Astrocytes"
"ENSG00000283240",7.68199938611216,1.67575006530757,0.322149513959521,5.20177741295034,1.97391552549057e-07,3.20403506475765e-06,"ENSG00000283240","Astrocytes"
"PTPN2",12.7887751918638,1.02498854896058,0.197046921955751,5.20174859260553,1.97422171881619e-07,3.20403506475765e-06,"PTPN2","Astrocytes"
"MRPL21",4.90537113559045,-1.88428541571466,0.362364427115457,-5.19997349274655,1.99316949562044e-07,3.23055207647486e-06,"MRPL21","Astrocytes"
"ARMC10",5.52384481914872,1.16623289237915,0.224372311964234,5.19775761175494,2.0170690107553e-07,3.26075268409698e-06,"ARMC10","Astrocytes"
"NNT-AS1",10.4865928275062,-1.17065409909671,0.225237566825505,-5.1974193985306,2.02074110650025e-07,3.26242987246318e-06,"NNT-AS1","Astrocytes"
"SH3GL1",5.70686845656968,1.16012297073424,0.223362557533639,5.19390082001333,2.05932877667481e-07,3.31608169591212e-06,"SH3GL1","Astrocytes"
"PRSS35",3.90265197345272,-2.63173152212849,0.506917351290463,-5.19163827284444,2.08451691796075e-07,3.35228220715688e-06,"PRSS35","Astrocytes"
"BAG6",10.6817927934448,1.12840606753061,0.217362852993496,5.19134733460816,2.08777735531283e-07,3.3531708159324e-06,"BAG6","Astrocytes"
"HMGN5",7.69397099652223,-1.1660222894168,0.224762202659094,-5.18780415755825,2.12788205180805e-07,3.39994367065021e-06,"HMGN5","Astrocytes"
"ENSG00000287256",9.03450672665532,-1.97368783897951,0.380674732689135,-5.18470933186748,2.16352020230681e-07,3.44798850259527e-06,"ENSG00000287256","Astrocytes"
"ZNF267",2.53845062256479,2.48293815542035,0.478986643232063,5.18373151006091,2.17489962633981e-07,3.46166864691079e-06,"ZNF267","Astrocytes"
"SHISA5",16.8958415628129,1.17683379411344,0.227144887048183,5.18098298142102,2.20719631976934e-07,3.49784768653959e-06,"SHISA5","Astrocytes"
"MIDEAS-AS1",1.57715531234255,-3.02382334540807,0.58357938497975,-5.18151158734469,2.20094913567244e-07,3.49784768653959e-06,"MIDEAS-AS1","Astrocytes"
"KIF7",6.77105484833706,1.05668220630204,0.203959762483017,5.18083661913476,2.20892908897194e-07,3.49784768653959e-06,"KIF7","Astrocytes"
"LINC01727",3.10368882639301,-2.41689373844679,0.46647140105611,-5.1812259722136,2.20432247482489e-07,3.49784768653959e-06,"LINC01727","Astrocytes"
"ENSG00000285940",3.20607843151679,-3.12744511127887,0.603763253521145,-5.17991960100191,2.21981553453529e-07,3.51059716017248e-06,"LOC124904288","Astrocytes"
"CAAP1",7.26064708775467,-1.26009729972677,0.243578709786216,-5.17326535160947,2.30037960034586e-07,3.62873892880035e-06,"CAAP1","Astrocytes"
"M6PR",10.4368819326492,1.07181190821514,0.207829641176709,5.1571657543489,2.50715848176214e-07,3.92989157970387e-06,"M6PR","Astrocytes"
"BMP1",5.37740459262567,1.38595838419782,0.268787260878818,5.15633955145914,2.51824069218656e-07,3.94227237564427e-06,"BMP1","Astrocytes"
"DCAKD",11.7148157939192,1.04339324716518,0.202395059404015,5.15523081560204,2.533187020593e-07,3.95566896292599e-06,"DCAKD","Astrocytes"
"RRP9",3.53364931944129,1.50498366949853,0.292771847707563,5.14046579711378,2.74058210489408e-07,4.26875826476773e-06,"RRP9","Astrocytes"
"SGO2",4.36609617950127,-2.15113804563504,0.418575189689818,-5.13919147293255,2.75923129657397e-07,4.29240717907983e-06,"SGO2","Astrocytes"
"MIR2052HG",8.33157688594047,-2.06019609584905,0.401094489489095,-5.13643580213053,2.79997937752504e-07,4.35033182332403e-06,"MIR2052HG","Astrocytes"
"FAM199X",9.91190893167577,-1.17462622433033,0.228739425330545,-5.13521542092235,2.81821025630582e-07,4.37317012579386e-06,"FAM199X","Astrocytes"
"SYN2",2.71161506903143,-2.26845994076066,0.44184363066597,-5.13407862718654,2.83529553881069e-07,4.39417580188896e-06,"SYN2","Astrocytes"
"SNX10-AS1",5.64342191397098,-2.18794836088024,0.427074921973206,-5.12310193904925,3.00549753394134e-07,4.64632658711556e-06,"SNX10-AS1","Astrocytes"
"KRBOX4",15.1775550462119,-1.13955006382536,0.222582284356725,-5.11967997416653,3.06054571690379e-07,4.71964353828388e-06,"KRBOX4","Astrocytes"
"ENSG00000288002",2.04004829568435,-2.85789198284883,0.558671983839107,-5.11550975441769,3.12894775942221e-07,4.81313790123295e-06,"ENSG00000288002","Astrocytes"
"TAFA2",8.77410184334802,-1.06494105016002,0.208176439467905,-5.11556952785816,3.12795697912177e-07,4.81313790123295e-06,"TAFA2","Astrocytes"
"CP",6.70145714037291,2.88415976582291,0.563877177860677,5.11487231450877,3.13953256776512e-07,4.81533799048023e-06,"CP","Astrocytes"
"FAM27C",7.49520969493742,1.21465427328611,0.237492843649924,5.11448789200811,3.14593267729832e-07,4.81533799048023e-06,"FAM27C","Astrocytes"
"ENSG00000286746",10.3723202380164,-1.65003060183717,0.322592696789746,-5.11490377264366,3.13900938960261e-07,4.81533799048023e-06,"ENSG00000286746","Astrocytes"
"GPR108",8.86250749549156,1.11248074128389,0.217669663238156,5.11086719542863,3.206833618514e-07,4.89645138077174e-06,"GPR108","Astrocytes"
"CALN1",11.3589430091059,-1.35916825366939,0.265998959462845,-5.10967507697804,3.22713323873855e-07,4.91532483337016e-06,"CALN1","Astrocytes"
"LINC01608",5.55552688191801,-1.68646818875353,0.330140034003342,-5.10834196114629,3.24998072420721e-07,4.94404315821349e-06,"LINC01608","Astrocytes"
"DDX49",5.70238816545817,1.34100782719706,0.262544154348979,5.10774208826817,3.26031246198636e-07,4.9536747505248e-06,"DDX49","Astrocytes"
"FLII",6.60055642459891,1.18164057790774,0.231406923866634,5.10633198939521,3.28472391829418e-07,4.98464905395059e-06,"FLII","Astrocytes"
"HELB",4.58550337896647,1.80243622411923,0.353068698716257,5.10505811099318,3.30692877703846e-07,5.0122030656141e-06,"HELB","Astrocytes"
"SYT9",11.730102059503,-1.21691725880139,0.238403110779617,-5.10445209721415,3.31754294586e-07,5.02214355728415e-06,"SYT9","Astrocytes"
"TUT1",5.04241886786333,1.19123547177119,0.233410528777565,5.10360641402946,3.33240984560282e-07,5.03234525830484e-06,"TUT1","Astrocytes"
"LPCAT3",13.6760326004018,1.14582243303135,0.224791170894813,5.09727507744298,3.44577448749048e-07,5.19087901199448e-06,"LPCAT3","Astrocytes"
"NBPF14",16.3548119646025,1.20488620082368,0.236433798575498,5.09608274317402,3.46753617079444e-07,5.21098305861014e-06,"NBPF14","Astrocytes"
"GALNT15",20.1826933712603,1.49576274544353,0.293503478770052,5.0962351509823,3.46474714902549e-07,5.21098305861014e-06,"GALNT15","Astrocytes"
"ADGRL1-AS1",10.7912250274249,1.98120352357511,0.388981141447429,5.09331510572183,3.51856178514211e-07,5.2812546164139e-06,"ADGRL1-AS1","Astrocytes"
"PPTC7",5.09933816274986,1.33079596754183,0.261447212277404,5.09011343417886,3.57849380224167e-07,5.35822113097444e-06,"PPTC7","Astrocytes"
"CPT1B",8.83672813012338,1.16015530068688,0.227945974471095,5.08960644459195,3.58807404229612e-07,5.36607739924552e-06,"CPT1B","Astrocytes"
"NFATC2",16.0206097107346,2.84436114784345,0.559385363249208,5.08479723409616,3.68019015996658e-07,5.49057768082725e-06,"NFATC2","Astrocytes"
"ZNF529-AS1",7.92244781403165,1.31664930919788,0.259153366393361,5.08057961014244,3.76284999651479e-07,5.60714458566097e-06,"ZNF529-AS1","Astrocytes"
"CARS1",11.9114304001931,1.2381850064406,0.243828912699273,5.07808935672744,3.81249390964295e-07,5.67429231768133e-06,"CARS1","Astrocytes"
"UNC80",17.1407949676133,-1.07943847881535,0.212807696814487,-5.07236577893299,3.92900247092387e-07,5.8266871374192e-06,"UNC80","Astrocytes"
"RETREG1",7.01513781976709,1.05896883537416,0.20910137524509,5.06438006030774,4.09731501736352e-07,6.0617744157721e-06,"RETREG1","Astrocytes"
"EGF",5.80861292897206,1.95345632360818,0.386262302239414,5.05733102164699,4.25164871072984e-07,6.2453340432939e-06,"EGF","Astrocytes"
"LHFPL3",4.03354632801691,-3.02452167290101,0.598809063977824,-5.05089494272087,4.39744890236477e-07,6.44421417254237e-06,"LHFPL3","Astrocytes"
"CERS3",2.16542743896156,3.48544442449361,0.690534843545258,5.0474562682443,4.47731211181468e-07,6.53803725007089e-06,"CERS3","Astrocytes"
"LINC02930",9.28454891350303,1.84145119750185,0.364883138394443,5.0466875657905,4.49535562288402e-07,6.5566535545551e-06,"LINC02930","Astrocytes"
"ENSG00000286314",7.81132872744513,1.03848211355118,0.205859716430541,5.04461062881902,4.54445839473221e-07,6.6204739178787e-06,"ENSG00000286314","Astrocytes"
"ENSG00000286292",9.30237457320426,-1.96679464376215,0.39003110788664,-5.04266096727286,4.59102263771738e-07,6.68045044921907e-06,"ENSG00000286292","Astrocytes"
"ITGB5-AS1",6.26082202606735,-2.564323872276,0.508554480982182,-5.0423778929712,4.59782151445232e-07,6.68249105791821e-06,"ITGB5-AS1","Astrocytes"
"ZBTB7A",14.2005466798078,1.03670643553565,0.205627779004108,5.04166528742663,4.61497989493175e-07,6.69956577244313e-06,"ZBTB7A","Astrocytes"
"CPNE2",4.83974749384459,1.28178372206406,0.254447439558466,5.03751864938511,4.71605623454148e-07,6.83828154008515e-06,"CPNE2","Astrocytes"
"ENSG00000272865",7.98367989826497,-3.19782852455042,0.636080970250493,-5.02739222538145,4.97194750055287e-07,7.1840870360964e-06,"ENSG00000272865","Astrocytes"
"PCLO",23.3037623850604,1.10303103831351,0.219540669288739,5.02426744842801,5.05357729300043e-07,7.29352536354595e-06,"PCLO","Astrocytes"
"ENSG00000241505",2.63686009208463,-2.54144341861061,0.506032542536575,-5.02229245153125,5.10583588596644e-07,7.36036854201657e-06,"ENSG00000241505","Astrocytes"
"CARM1",17.8998839680756,1.24166463011624,0.247286792353962,5.02115223500874,5.13624298616025e-07,7.39559266251423e-06,"CARM1","Astrocytes"
"SLC7A2",54.9437288095535,1.51218822485935,0.301414943880975,5.01696500309056,5.24941253602745e-07,7.54976485872566e-06,"SLC7A2","Astrocytes"
"LINC02316",2.66214885379276,-2.16112774195494,0.430804905514872,-5.01648823931586,5.26244961321406e-07,7.55973475178999e-06,"LINC02316","Astrocytes"
"MIR497HG",3.13368532539522,-2.29697246441574,0.458687992478052,-5.00770131785311,5.50839248493542e-07,7.86740762871457e-06,"MIR497HG","Astrocytes"
"AZIN2",5.42707506075252,-1.59972193257263,0.319492527433547,-5.00707151251091,5.52643987090631e-07,7.8840904287365e-06,"AZIN2","Astrocytes"
"ENSG00000227355",3.72838538415607,-1.85784770191437,0.37120062868658,-5.00496916852752,5.58709728120269e-07,7.96145289219021e-06,"LOC102723324","Astrocytes"
"TNS3",27.4273224700073,-1.16161260759836,0.232389735763554,-4.99855384654446,5.77618775244449e-07,8.20396060411292e-06,"TNS3","Astrocytes"
"SNHG12",6.19306954811308,1.09762354208808,0.219629762796933,4.99760837561406,5.80457175393045e-07,8.23344925875381e-06,"SNHG12","Astrocytes"
"GSTM3",13.5323914039336,-1.64524205297792,0.329384442393089,-4.99489909427623,5.88665380303243e-07,8.34032426120716e-06,"GSTM3","Astrocytes"
"CD44",90.4046626952972,1.98472043094452,0.397689495744952,4.99062824686063,6.01832267350701e-07,8.4977069174501e-06,"CD44","Astrocytes"
"SHROOM3-AS1",3.296548003224,-1.90772212844078,0.382574439628307,-4.98653838529894,6.14706981231958e-07,8.66960882527942e-06,"SHROOM3-AS1","Astrocytes"
"PRR12",5.76581128868343,1.17897631367214,0.236507969682272,4.98493270757849,6.19833814756325e-07,8.71383318659007e-06,"PRR12","Astrocytes"
"FYB2",4.65052852017147,-2.10626599556436,0.422567093662169,-4.98445342090044,6.21372118883358e-07,8.72386728813222e-06,"FYB2","Astrocytes"
"CLIC4",56.7682414064152,2.07491244694356,0.416480416329629,4.98201683822113,6.29249578269552e-07,8.82445926128184e-06,"CLIC4","Astrocytes"
"SHB",6.38679071241279,1.93957500671772,0.389523073316873,4.97935845032701,6.37953915162445e-07,8.90618188439297e-06,"SHB","Astrocytes"
"BNC2",9.08030557975767,1.70963041434885,0.34364521853643,4.97498676579902,6.52520977278344e-07,9.07883961981767e-06,"BNC2","Astrocytes"
"SOD2",34.8358236080709,1.60775467329762,0.323247315452139,4.97376032666748,6.56664886341236e-07,9.12624162465042e-06,"SOD2","Astrocytes"
"OSBPL3",13.9534370343135,1.42779638448792,0.287085820851974,4.97341310779717,6.57842672994949e-07,9.13236078441307e-06,"OSBPL3","Astrocytes"
"TMEM41A",4.09945222529681,1.42202973965249,0.28636142442832,4.96585649582995,6.83985203050921e-07,9.46345113897157e-06,"TMEM41A","Astrocytes"
"ENSG00000230773",1.13524430195193,-2.89182291663506,0.58260865792095,-4.9635769694096,6.92065962981094e-07,9.55390503856732e-06,"LOC105374593","Astrocytes"
"SUPT6H",13.2078612118811,1.05300807460913,0.212329658996455,4.95930752013647,7.07449030775773e-07,9.7477738689143e-06,"SUPT6H","Astrocytes"
"DIRC3",6.69463496612884,-1.65643127824851,0.334196577442757,-4.95645793539651,7.1789900896007e-07,9.87749269772504e-06,"DIRC3","Astrocytes"
"TRIM25",4.78353875413521,1.35022691303887,0.272627700402902,4.9526402161022,7.32132652624113e-07,1.00621516508817e-05,"TRIM25","Astrocytes"
"C1orf54",11.8886577702987,-1.17588532761793,0.237493295579982,-4.95123588540177,7.37436522547864e-07,1.01014120118476e-05,"C1orf54","Astrocytes"
"DDX41",7.64859919022608,1.0514599023894,0.212415151968963,4.9500230687076,7.42046855311413e-07,1.01444131923643e-05,"DDX41","Astrocytes"
"ENSG00000287037",1.57906533692375,-2.78258289318096,0.562238819080723,-4.94911201209936,7.45528345281226e-07,1.01784757437899e-05,"ENSG00000287037","Astrocytes"
"FAM162A",10.6745699310858,-1.00390832150522,0.202893615476102,-4.94795422295319,7.49975403431155e-07,1.02279134589075e-05,"FAM162A","Astrocytes"
"XPO5",8.52784968642068,1.09136419164977,0.220609303729723,4.94704517533333,7.53484945548617e-07,1.0264470935895e-05,"XPO5","Astrocytes"
"MED31",8.38724616646801,-1.23791510567851,0.250334770989679,-4.94503860084842,7.61287779494395e-07,1.0359369860966e-05,"MED31","Astrocytes"
"WDR44",9.76752508213175,1.00323458058885,0.202935527190813,4.94361236041996,7.66881171346333e-07,1.04125981850676e-05,"WDR44","Astrocytes"
"STX4",7.57754803044817,1.11751324251879,0.226080687357422,4.94298409820413,7.69357614306313e-07,1.04347813121085e-05,"STX4","Astrocytes"
"LINC01550",8.85452360708273,-1.24409243156804,0.251747959280019,-4.94181734432346,7.73977100665603e-07,1.04691904431822e-05,"LINC01550","Astrocytes"
"EFS",7.08033046177919,-1.1577104894158,0.234288568176345,-4.94138701869744,7.75687608385746e-07,1.04747433529342e-05,"EFS","Astrocytes"
"FJX1",3.71058388200426,-1.94494746737412,0.393750586527861,-4.93954176557523,7.83063706463339e-07,1.05628299315202e-05,"FJX1","Astrocytes"
"GFPT2",13.7935272767761,1.47147782688448,0.298066793246535,4.93673854392563,7.94398557171437e-07,1.06808222947382e-05,"GFPT2","Astrocytes"
"UFD1",7.60754478829788,1.10927712867716,0.224697370735714,4.93676060848027,7.94308724972345e-07,1.06808222947382e-05,"UFD1","Astrocytes"
"ERV3-1",5.91889087184314,-1.70604157828568,0.345634307782548,-4.9359729050943,7.97521797833844e-07,1.06995800894653e-05,"ERV3-1","Astrocytes"
"SYVN1",9.48552931099865,1.22418494918712,0.248007309410171,4.93608415049768,7.97067265521189e-07,1.06995800894653e-05,"SYVN1","Astrocytes"
"TAF9",9.15003322174758,1.36173489715649,0.276043128027353,4.93305124778024,8.09549034767893e-07,1.08491836553364e-05,"TAF9","Astrocytes"
"ENSG00000280850",1.72223547741597,-3.48206380753945,0.706214696511297,-4.9306023008879,8.19764731775984e-07,1.09742126200887e-05,"ENSG00000280850","Astrocytes"
"CPB2-AS1",8.54236626955099,-1.16813670761544,0.236956186207057,-4.92975822371947,8.23314455694499e-07,1.10098303508261e-05,"CPB2-AS1","Astrocytes"
"SRP68",7.12699091082907,1.20756065960151,0.245140265938884,4.92599881531731,8.39305057625965e-07,1.11994768626965e-05,"SRP68","Astrocytes"
"SLC28A2-AS1",5.26797885063949,-1.82054201793667,0.37020739509263,-4.91762736798153,8.75994599594959e-07,1.1651386817169e-05,"SLC28A2-AS1","Astrocytes"
"SAXO2",4.95311530910075,-1.90186619227955,0.386849706330977,-4.91629219605086,8.81987252771819e-07,1.17185065998642e-05,"SAXO2","Astrocytes"
"ENSG00000240086",3.73281209682655,-1.81063092734347,0.368641287307325,-4.91163358442268,9.03207206723017e-07,1.19747482236093e-05,"LOC102724019","Astrocytes"
"DNAAF1",1.5927017629721,-3.12893081392795,0.637152676004266,-4.91080227984007,9.07045124817684e-07,1.20127698188421e-05,"DNAAF1","Astrocytes"
"SLC2A8",4.59869787977195,1.48007653984385,0.301433811792793,4.91012116736678,9.10201343385047e-07,1.2041691490531e-05,"SLC2A8","Astrocytes"
"RPL7",42.2729732444681,-1.01713925877506,0.207343643090933,-4.90557242851658,9.31552566607352e-07,1.23004994964625e-05,"RPL7","Astrocytes"
"PCDH9-AS2",76.9182389015072,-1.08314004889076,0.221077447532721,-4.89936925262559,9.61448048627734e-07,1.26790321471323e-05,"PCDH9-AS2","Astrocytes"
"EMP1",35.7980337584131,2.34207570613388,0.478563951885879,4.89396599326893,9.88239225377647e-07,1.30046400933596e-05,"EMP1","Astrocytes"
"CDK11A",12.2505425454627,1.14480749911547,0.234088501831292,4.89049009310392,1.00585221405638e-06,1.31943516595976e-05,"CDK11A","Astrocytes"
"BANP",11.7580500643125,1.54413153221358,0.315880935697874,4.88833404523809,1.0169287091609e-06,1.3311446306067e-05,"BANP","Astrocytes"
"ATN1",30.2696068761808,1.02058173601394,0.208929239545955,4.8848200387455,1.03523363546031e-06,1.35082171843046e-05,"ATN1","Astrocytes"
"ENSG00000286736",3.44909527943948,3.82724560452347,0.784143833106677,4.88079538846899,1.05658823297244e-06,1.37723495672608e-05,"ENSG00000286736","Astrocytes"
"LINC01950",1.39652698815756,-2.7413488670252,0.562031728244551,-4.87756959128895,1.07400961521148e-06,1.39798061967802e-05,"LINC01950","Astrocytes"
"ZNF385A",7.2442501195215,1.21432222297515,0.248967563277899,4.87743144925156,1.07476181049299e-06,1.39798061967802e-05,"ZNF385A","Astrocytes"
"PEG3",4.83162320640566,1.33949810987012,0.274789505383233,4.87463343260508,1.09010683489022e-06,1.41496781304462e-05,"PEG3","Astrocytes"
"IMPDH2",5.00682265905256,1.1457922866564,0.23520445512489,4.87147356986926,1.10768982641695e-06,1.43328350266679e-05,"IMPDH2","Astrocytes"
"LMO2",17.8762074411742,2.0804038590862,0.427077702081246,4.87125375300073,1.10892309347778e-06,1.43338148919993e-05,"LMO2","Astrocytes"
"PPP1R14A",6.71995410925488,-1.3755735650959,0.282433207656252,-4.87043848884123,1.1135086238368e-06,1.43780785077906e-05,"PPP1R14A","Astrocytes"
"GRIA4",15.4057079869054,-1.08100553663614,0.222005398145877,-4.8692759079931,1.12007924465508e-06,1.44328213179645e-05,"GRIA4","Astrocytes"
"SLC35E1",4.91566733075925,1.53149175338212,0.31467341477954,4.86692450474432,1.13348302660242e-06,1.4590353761349e-05,"SLC35E1","Astrocytes"
"G6PD",7.38196185926976,1.1235089071323,0.231038421563612,4.86286609616124,1.15698119649598e-06,1.48619275479355e-05,"G6PD","Astrocytes"
"HGF",11.1895391024017,2.63276942246114,0.542343043856134,4.85443567919998,1.20730046913958e-06,1.5444216641896e-05,"HGF","Astrocytes"
"REXO1",4.86416295914423,1.38125420277022,0.284610382637077,4.85314059863916,1.2152147120437e-06,1.55294156648474e-05,"REXO1","Astrocytes"
"ERF",14.0837796377279,1.224065362428,0.252383639345298,4.85001866841812,1.23449855048872e-06,1.57271559163598e-05,"ERF","Astrocytes"
"RNASET2",8.67851089149455,-1.09976904429523,0.226767473057202,-4.84976539831097,1.23607581836069e-06,1.57310656307918e-05,"RNASET2","Astrocytes"
"TUBA4A",6.66555231931438,-1.235391155426,0.254754420994556,-4.84934137983969,1.23872078136164e-06,1.5748541514991e-05,"TUBA4A","Astrocytes"
"DIRAS3",1.69609887585837,-2.60023901192706,0.53632563346419,-4.8482467547408,1.24557408147669e-06,1.58194295906931e-05,"DIRAS3","Astrocytes"
"ENSG00000267002",10.2012729960402,-1.0325565945531,0.213067269916135,-4.84615302462703,1.2587843856936e-06,1.59544800901166e-05,"ENSG00000267002","Astrocytes"
"TMEFF2",7.06528405046708,-1.21418491927165,0.250729813054718,-4.84260289783198,1.28149234307075e-06,1.62256847487168e-05,"TMEFF2","Astrocytes"
"ENSG00000268205",26.7665498036034,1.14024438101962,0.235826851950856,4.8350913883939,1.33084479744238e-06,1.67990327489592e-05,"ENSG00000268205","Astrocytes"
"ENSG00000286695",11.2517215237628,1.11443692020116,0.230530929717148,4.83421865156458,1.33669604040052e-06,1.68557098454986e-05,"ENSG00000286695","Astrocytes"
"DNER",47.2469948321097,1.49755026204714,0.310149580886252,4.82847746486678,1.37580899727871e-06,1.72785424070003e-05,"DNER","Astrocytes"
"VPS37C",5.51602819437943,2.20826004598795,0.457493587493782,4.82686557004028,1.38698675490836e-06,1.74012735420772e-05,"VPS37C","Astrocytes"
"ZNF589",7.36136776825854,1.16892259322919,0.242248710568326,4.82529954643244,1.39793002568454e-06,1.75031016259369e-05,"ZNF589","Astrocytes"
"ENSG00000291174",14.9883986983875,1.01728489429126,0.210888219573281,4.8238109096358,1.40840946825488e-06,1.76164994397981e-05,"FAUP4","Astrocytes"
"IRF7",6.4562930181257,1.08604696198936,0.22519876255877,4.822615140729,1.41688190368787e-06,1.77045899226709e-05,"IRF7","Astrocytes"
"EPHB1",20.2181168222415,-1.07389820465057,0.222772038267454,-4.8206148895638,1.43116404635503e-06,1.78470336213639e-05,"EPHB1","Astrocytes"
"TCOF1",3.63588594418489,1.35404019445115,0.281278966479104,4.81386934615225,1.48035612198322e-06,1.84233666919781e-05,"TCOF1","Astrocytes"
"TMEM14B-DT",1.13716838002164,-2.74794183153941,0.571085173024397,-4.81178983685858,1.49584606242819e-06,1.85974515974381e-05,"TMEM14B-DT","Astrocytes"
"NTRK3-AS1",2.29144785638169,-2.4412804543981,0.50742975863323,-4.8110707203569,1.50123882137632e-06,1.86457776580772e-05,"NTRK3-AS1","Astrocytes"
"ANO6",44.6593272775037,1.68507588683605,0.35077431654684,4.80387476319416,1.55624190196009e-06,1.92516917801917e-05,"ANO6","Astrocytes"
"CIAPIN1",6.9331523488371,1.13457667455894,0.236206326394725,4.80332890264311,1.56049238425603e-06,1.92850071798826e-05,"CIAPIN1","Astrocytes"
"FUT11",6.13634195669963,1.32783037424093,0.276728460619954,4.79831518328906,1.60005854315057e-06,1.96953528228962e-05,"FUT11","Astrocytes"
"ENSG00000277511",4.43074801705358,-2.32239845470789,0.484081672032847,-4.79753436017363,1.60630660972366e-06,1.97430383505956e-05,"ENSG00000277511","Astrocytes"
"ENSG00000290065",0.865018709361203,-2.82211298795401,0.589486050455109,-4.78741267206445,1.68945212215474e-06,2.0672416629093e-05,"ENSG00000290065","Astrocytes"
"ENSG00000287998",1.01808995264982,-2.97852785872744,0.622775307677358,-4.78266851946308,1.72983257456e-06,2.10831857980084e-05,"ENSG00000287998","Astrocytes"
"ENSG00000247134",5.20186665364526,-1.75761434816126,0.367603696140538,-4.78127496163507,1.74186920066188e-06,2.11673859782101e-05,"ENSG00000247134","Astrocytes"
"INPP5D",7.80900589007597,1.55488495162187,0.325389224823009,4.77853854093547,1.7657392020535e-06,2.13944701947441e-05,"INPP5D","Astrocytes"
"WDFY3-AS2",8.19959591200381,-1.15091347995659,0.240844051010743,-4.7786668390877,1.76461305853941e-06,2.13944701947441e-05,"WDFY3-AS2","Astrocytes"
"HAUS7",19.4284766242591,1.1357332110182,0.237711927800598,4.77777123565671,1.77248869330855e-06,2.14552565877222e-05,"HAUS7","Astrocytes"
"PRDX3",4.76789683581289,-1.52722154730858,0.319782479946379,-4.7758136954991,1.78982041112491e-06,2.16017019015203e-05,"PRDX3","Astrocytes"
"NOTUM",0.874988296467157,-2.78867606912399,0.584628007510502,-4.77000080957274,1.84225178834741e-06,2.21696830856229e-05,"NOTUM","Astrocytes"
"GAREM2",10.7209875237869,-1.03060550748425,0.216621037127349,-4.75764275322147,1.95866737730135e-06,2.34793592769821e-05,"GAREM2","Astrocytes"
"RRAGC-DT",56.9760966203462,1.86639356117658,0.392425533969912,4.75604515918091,1.97422324741043e-06,2.36429462985332e-05,"RRAGC-DT","Astrocytes"
"ETNPPL",103.371307730581,-1.43910579165963,0.302700823459785,-4.75421829121922,1.9921570322088e-06,2.38184047588023e-05,"ETNPPL","Astrocytes"
"ENSG00000250195",5.72268631782004,2.08843970735936,0.439501545787704,4.75183700120171,2.01576845871681e-06,2.40706468893831e-05,"ENSG00000250195","Astrocytes"
"SPPL2A",31.5699511339402,1.64606346376338,0.346657121571812,4.74839073347117,2.0504161407997e-06,2.4437250309454e-05,"SPPL2A","Astrocytes"
"ENSG00000272449",2.9141311147453,-2.59476997592752,0.546666188873995,-4.74653459229323,2.06931347995365e-06,2.46150901270567e-05,"ENSG00000272449","Astrocytes"
"PLPP4",8.90282668475545,1.42081043430381,0.299519117653912,4.74363855446957,2.0991325154575e-06,2.48267029024931e-05,"PLPP4","Astrocytes"
"RBM15-AS1",2.5506030850804,-2.19378165727873,0.46249021336937,-4.74341206335247,2.10148190028939e-06,2.48307732550416e-05,"RBM15-AS1","Astrocytes"
"MAGOH",5.88329471401951,-1.28921251783046,0.272195505435946,-4.73634755932385,2.17604280789556e-06,2.56383806757096e-05,"MAGOH","Astrocytes"
"CD200",2.10634079288784,-2.28863902169374,0.483231287559622,-4.73611514943838,2.17853839200541e-06,2.56433848937291e-05,"CD200","Astrocytes"
"FAM151B-DT",14.5822722606123,-1.23965929393213,0.261824329682963,-4.73469862572818,2.19380835322746e-06,2.57741260322728e-05,"FAM151B-DT","Astrocytes"
"SATB2",9.05070052578268,1.09679625303439,0.231785655365122,4.73194189393065,2.22382077901018e-06,2.6027951518415e-05,"SATB2","Astrocytes"
"ENSG00000290851",6.60820299634464,1.23637819501015,0.261718975943639,4.72406783097151,2.31173253763728e-06,2.70313352347143e-05,"ENSG00000290851","Astrocytes"
"SLC6A11",32.5226448301461,-1.03558116265976,0.219401845132648,-4.72002029897998,2.35821109052393e-06,2.74969189585291e-05,"SLC6A11","Astrocytes"
"ARHGEF3",64.6642483936495,1.86372546736283,0.395097082788854,4.71713294921704,2.39191395919938e-06,2.78374723277875e-05,"ARHGEF3","Astrocytes"
"MR1",4.26968861398455,1.19358439732624,0.253262261678101,4.71283952617976,2.44288574330358e-06,2.83507536638502e-05,"MR1","Astrocytes"
"BOK",6.657264745678,2.89294520478816,0.613830413783358,4.7129388505816,2.44169486278695e-06,2.83507536638502e-05,"BOK","Astrocytes"
"TIMP1",11.1572304942371,1.30560985249894,0.27714813239298,4.71087371661468,2.46657046915927e-06,2.85988222093626e-05,"TIMP1","Astrocytes"
"SOCS6",6.90955823664292,1.05174291219859,0.22338555761297,4.70819565703886,2.49919157654618e-06,2.89499432108245e-05,"SOCS6","Astrocytes"
"SAP30L-AS1",3.51573840204149,1.37965658669835,0.293501085642273,4.70068648529605,2.5928834194384e-06,2.9895414695443e-05,"SAP30L-AS1","Astrocytes"
"TMX1",7.79162574219919,-1.35729745948791,0.28891943895584,-4.69784056203766,2.62926545129158e-06,3.02153118372116e-05,"TMX1","Astrocytes"
"NUAK1",4.70582576755822,1.18486067146467,0.252296421061878,4.69630392091085,2.64911291854413e-06,3.04021920948396e-05,"NUAK1","Astrocytes"
"ENSG00000287159",14.7425552513007,-1.74589243572848,0.371956597200842,-4.69380688195125,2.6816720437917e-06,3.07473564058079e-05,"LOC105370315","Astrocytes"
"RIPK2",9.93949774495043,-1.31881282649552,0.281050063338499,-4.692448067187,2.69955075879757e-06,3.08951359022091e-05,"RIPK2","Astrocytes"
"MRPL46",2.5055656973012,-2.11438058306361,0.451363227115858,-4.68443252804216,2.80736623490232e-06,3.19812475499498e-05,"MRPL46","Astrocytes"
"DPY19L2",2.44668381531294,-2.11690807952567,0.451962810951645,-4.68381032295189,2.81590603214334e-06,3.20490481581167e-05,"DPY19L2","Astrocytes"
"FMO4",2.89947924349028,-1.95897140715774,0.418294305541648,-4.68323709217383,2.82379571109085e-06,3.20758986272211e-05,"FMO4","Astrocytes"
"ENSG00000288088",7.91362958714411,-1.32134284877017,0.282151652389733,-4.68309449042322,2.82576170675043e-06,3.20758986272211e-05,"ENSG00000288088","Astrocytes"
"MRTFA",29.9351516090985,1.05593712768561,0.225479459430679,4.68307459292206,2.82603613036406e-06,3.20758986272211e-05,"MRTFA","Astrocytes"
"MIR4713HG",1.08147747366973,-2.90761478869331,0.621038243902242,-4.68186108865624,2.84282103939461e-06,3.22368616582633e-05,"MIR4713HG","Astrocytes"
"CTSO",4.05930998309391,-1.66275265528288,0.355230970066785,-4.68076489775168,2.85806549604533e-06,3.23504799246155e-05,"CTSO","Astrocytes"
"SHC4",7.89174870327963,-1.12060461230277,0.239457973171367,-4.67975485410466,2.8721813334272e-06,3.24805675359169e-05,"SHC4","Astrocytes"
"ENSG00000291066",5.20506468477858,-1.58349524044966,0.338657334311783,-4.67580376981242,2.92804494362772e-06,3.29917930272449e-05,"RRN3P1","Astrocytes"
"LIMD1",6.2972273352295,1.34493201570095,0.287678943598587,4.67511455262293,2.93789583160074e-06,3.30726946206473e-05,"LIMD1","Astrocytes"
"NMNAT3",6.11121970299393,-1.65404683965257,0.354013379760421,-4.67227210669818,2.97885953841051e-06,3.3472974286876e-05,"NMNAT3","Astrocytes"
"ENSG00000254538",3.14787735518533,-1.89821557815675,0.406420893321691,-4.67056593139829,3.00371054116071e-06,3.37216206991777e-05,"ENSG00000254538","Astrocytes"
"NUDT4",7.89533810847479,1.57966798395358,0.33828231995159,4.66967349691714,3.0167882431947e-06,3.38377616082246e-05,"NUDT4","Astrocytes"
"TGFBR3L",1.0280135079553,-2.67797531767441,0.574022333928697,-4.66528070318438,3.08196025355039e-06,3.44750802346111e-05,"TGFBR3L","Astrocytes"
"LTO1",6.46296953489279,-1.15119337005631,0.246819355738675,-4.66411301743756,3.09951011019065e-06,3.46401026123564e-05,"LTO1","Astrocytes"
"GSDMD",6.61525008909122,-1.37724142487485,0.295458328278449,-4.66137283352153,3.14107122294807e-06,3.50413377961855e-05,"GSDMD","Astrocytes"
"LINC00886",4.44057230235995,-1.82145836036206,0.390974585429218,-4.65876409425035,3.18113501970068e-06,3.5398416333928e-05,"LINC00886","Astrocytes"
"DNAJC2",5.89914255187325,1.38777326207606,0.297886577549839,4.65873042515275,3.18165528382959e-06,3.5398416333928e-05,"DNAJC2","Astrocytes"
"ENSG00000289155",1.46683403894885,-2.5564873982984,0.549040963192345,-4.65627807337718,3.21976994238291e-06,3.57903152572061e-05,"ENSG00000289155","Astrocytes"
"CWC25",9.14182233002462,1.116446945589,0.239944802884699,4.65293239181131,3.27247568076842e-06,3.63109913574869e-05,"CWC25","Astrocytes"
"ENSG00000250284",1.50923335393474,-3.23389914364942,0.695714923710103,-4.64831072819842,3.34664509415406e-06,3.70344112608666e-05,"ENSG00000250284","Astrocytes"
"SLC44A3",33.972363033727,1.47390023906453,0.317257494688719,4.64575388679364,3.38836769013999e-06,3.74626402741103e-05,"SLC44A3","Astrocytes"
"ATP1B3",26.4467309276039,1.19675333058752,0.257631212843934,4.64521871157155,3.39716360070711e-06,3.75263843599966e-05,"ATP1B3","Astrocytes"
"EFCAB6",7.38656265957085,-1.03483095285875,0.223229131339584,-4.63573435352631,3.55672501036753e-06,3.91840976898408e-05,"EFCAB6","Astrocytes"
"MDK",3.19652182773338,-2.06892753486471,0.446633800761202,-4.63226816093771,3.61681254343015e-06,3.97400086293661e-05,"MDK","Astrocytes"
"SLC5A3",22.1036610071135,1.55048090414612,0.334753060022133,4.63171540252269,3.62648431308427e-06,3.98109532348603e-05,"SLC5A3","Astrocytes"
"PCYT1B",6.75576709212263,-1.27588008863536,0.275527152532973,-4.63068730942108,3.64453913578609e-06,3.99383434676453e-05,"PCYT1B","Astrocytes"
"SEMA3D",6.86424160328579,1.89695358542479,0.409919564266788,4.62762393109442,3.69884893365998e-06,4.04976537095593e-05,"SEMA3D","Astrocytes"
"LINC01182",7.96162191969278,-1.48105267687035,0.320077840774666,-4.62716404636399,3.70706878739264e-06,4.0551795754667e-05,"LINC01182","Astrocytes"
"DST",859.279061054951,1.48953259979041,0.321983411456667,4.62611596371285,3.72586741221776e-06,4.06869122076848e-05,"DST","Astrocytes"
"ICAM1",11.5508780072189,2.75217430993328,0.59512559196156,4.62452690172841,3.75454357086124e-06,4.09625665532817e-05,"ICAM1","Astrocytes"
"NAALAD2",1.18055315965948,-2.77716123754922,0.601037814730801,-4.62060983432978,3.82613721703877e-06,4.15970651085085e-05,"NAALAD2","Astrocytes"
"ENSG00000286313",2.38791770595988,-3.34329902230099,0.724338613609604,-4.61565759367749,3.91852554110476e-06,4.24895812394923e-05,"LOC101928373","Astrocytes"
"MRPL27",8.95706760711846,-1.08965102495897,0.236249669605254,-4.61228592099051,3.98264642382349e-06,4.31470784481245e-05,"MRPL27","Astrocytes"
"PYGM",7.2723489589877,-1.21578328574008,0.263833006558247,-4.60815461113152,4.06258533015906e-06,4.3936239426515e-05,"PYGM","Astrocytes"
"ENSG00000226465",2.12978516999602,-2.27584942242431,0.49392409527783,-4.60769062328121,4.07165873012166e-06,4.39959424564542e-05,"ENSG00000226465","Astrocytes"
"ACLY",6.59154427182764,1.08864175540364,0.236443137987187,4.60424339091048,4.13968098144864e-06,4.46530222937966e-05,"ACLY","Astrocytes"
"PLAGL1",12.8455819480088,-1.19023654040614,0.258793580300412,-4.59917336057755,4.24170697577205e-06,4.57137140826678e-05,"PLAGL1","Astrocytes"
"SERPINH1",12.9691730109039,2.24590314039604,0.489033531629483,4.59253403935837,4.37896057159312e-06,4.69071529048769e-05,"SERPINH1","Astrocytes"
"PAIP2B",1.51527334155188,-2.42533492035722,0.528271257146906,-4.59107870728383,4.40960994434327e-06,4.71538859592424e-05,"PAIP2B","Astrocytes"
"NFE2L3",2.04306896541744,-2.92766365052672,0.637996047219845,-4.58884292980249,4.45709629243213e-06,4.7579502921713e-05,"NFE2L3","Astrocytes"
"SLC25A25",17.1878698266222,1.13997516368424,0.248418671581475,4.58892705780514,4.45530063597531e-06,4.7579502921713e-05,"SLC25A25","Astrocytes"
"COQ10A",4.77028899474159,-1.40767165053066,0.306783497320585,-4.58848556987295,4.46473163429977e-06,4.76199585077812e-05,"COQ10A","Astrocytes"
"GASK1B-AS1",37.2889432820566,-1.14649842732364,0.249957930573399,-4.58676555968275,4.50165696300814e-06,4.79724769130205e-05,"GASK1B-AS1","Astrocytes"
"HLA-F",3.89820054005028,1.24125887237427,0.270716028161969,4.58509561034053,4.53778738263776e-06,4.82744168034393e-05,"HLA-F","Astrocytes"
"AGRN",6.74132434559748,-1.31310009845816,0.28646535616065,-4.58380069428629,4.56599477384938e-06,4.85328011026411e-05,"AGRN","Astrocytes"
"ZMPSTE24-DT",5.3007578761367,-1.60810699622096,0.350856413182818,-4.58337637791171,4.57527421649959e-06,4.85897260916934e-05,"ZMPSTE24-DT","Astrocytes"
"ENSG00000271918",2.02357228274134,-2.33682073032044,0.510037872927246,-4.58166119490067,4.61296826547254e-06,4.89480600097227e-05,"ENSG00000271918","Astrocytes"
"LYPLAL1-DT",8.59548353102516,-1.15117483652327,0.251269153943514,-4.58144112978571,4.61782604730055e-06,4.89576540614065e-05,"LYPLAL1-DT","Astrocytes"
"HDAC11",5.00718971127193,-1.38288740228736,0.302020165176152,-4.57879162300571,4.67669804401904e-06,4.95393942507166e-05,"HDAC11","Astrocytes"
"HSD17B7",15.9223571477871,1.9785445365228,0.432150401903574,4.57837023362128,4.68612732386498e-06,4.95968501294188e-05,"HSD17B7","Astrocytes"
"IMPACT",2.05404728642694,-2.11608164520624,0.462552939286473,-4.57478801987611,4.76702398823151e-06,5.03240051545361e-05,"IMPACT","Astrocytes"
"SMIM10",1.33446912220463,-2.56269720482003,0.560420095580549,-4.57281461715838,4.81215874038602e-06,5.0714009942298e-05,"SMIM10","Astrocytes"
"DYNLRB2-AS1",4.36772514443246,-1.52502737818555,0.333742968100122,-4.569466697282,4.88966853134978e-06,5.1399631089732e-05,"DYNLRB2-AS1","Astrocytes"
"MAPKAPK2",11.9933803821106,1.71933924422622,0.376299344101834,4.56907318913884,4.8988570240659e-06,5.14508702424306e-05,"MAPKAPK2","Astrocytes"
"C16orf74",4.20373753437111,-1.7748439444802,0.388491764107711,-4.56854973118071,4.91110550338266e-06,5.14938352653578e-05,"C16orf74","Astrocytes"
"RYR3-DT",4.7690877189709,-1.69909997932602,0.371977643003903,-4.56774758183031,4.9299320550844e-06,5.16475030779273e-05,"RYR3-DT","Astrocytes"
"HSPA1B",47.7900702523058,2.59138797427968,0.567852927104392,4.56348439990219,5.03115498974854e-06,5.2574508217769e-05,"HSPA1B","Astrocytes"
"FAM53C",10.0478625683453,-1.1533597811289,0.252983984891043,-4.55902290267755,5.13921671625673e-06,5.35681149809823e-05,"FAM53C","Astrocytes"
"CNTNAP1",14.5868721350821,1.6765941324176,0.367805592530742,4.55837041759353,5.15520561954074e-06,5.36895804766804e-05,"CNTNAP1","Astrocytes"
"TNFAIP6",1.31054093682235,-3.08037134347623,0.676008553187332,-4.5567046880583,5.19624000582785e-06,5.4071462178291e-05,"TNFAIP6","Astrocytes"
"CDAN1",4.66091372179777,1.16629304322302,0.256001119413993,4.55581227883985,5.21835251978063e-06,5.42559691456285e-05,"CDAN1","Astrocytes"
"CC2D2A",13.6449438151575,-1.26530368088764,0.278028334999006,-4.55098823252012,5.33945346511063e-06,5.5422005245989e-05,"CC2D2A","Astrocytes"
"SYNGAP1-AS1",5.59927412839051,-1.53034748819666,0.336358306277586,-4.54975381798278,5.37087140367295e-06,5.57014242811408e-05,"SYNGAP1-AS1","Astrocytes"
"RBP1",3.15589609077491,-1.97744933467592,0.43506461357264,-4.54518541151303,5.48869173171202e-06,5.68757068734644e-05,"RBP1","Astrocytes"
"SOAT1",7.89427181330197,1.14786156427901,0.252589459557637,4.54437634210578,5.50981409943345e-06,5.70468461482311e-05,"SOAT1","Astrocytes"
"TATDN1",6.75954540798631,-1.05927565887974,0.23311565245691,-4.54399199588515,5.51987546531528e-06,5.7103273088554e-05,"TATDN1","Astrocytes"
"WASL-DT",1.59340679181859,-2.32644938226989,0.512069583085916,-4.54322900464008,5.53990109166109e-06,5.72626003489477e-05,"WASL-DT","Astrocytes"
"ZNF45-AS1",3.30671924568816,-1.9846183970698,0.436874705849973,-4.54276333808014,5.552157229244e-06,5.73414203250446e-05,"ZNF45-AS1","Astrocytes"
"RELB",3.79614150110675,3.14561480246704,0.692511849402449,4.54232632290886,5.56368288199878e-06,5.74125709398257e-05,"RELB","Astrocytes"
"ENSG00000289043",6.1088775021822,-1.21492600739042,0.267779624485698,-4.53703678808211,5.70501577625713e-06,5.87241981358204e-05,"ENSG00000289043","Astrocytes"
"SAMD4A-AS1",13.3626700449798,2.26973767843377,0.501048400399974,4.52997689768472,5.89901364839965e-06,6.06706694419708e-05,"SAMD4A-AS1","Astrocytes"
"SMAD9",16.0948197156512,1.30942727363067,0.289077515896935,4.52967526570806,5.90744122695212e-06,6.07069250733179e-05,"SMAD9","Astrocytes"
"MOGS",5.60281500857971,1.04314317209146,0.230313417418692,4.52923318051899,5.91981388330107e-06,6.07836279576427e-05,"MOGS","Astrocytes"
"BAIAP3",23.4401317019534,1.65465912013412,0.365448087468598,4.52775421974618,5.96138614038242e-06,6.11597718113964e-05,"BAIAP3","Astrocytes"
"ENSG00000274265",34.6354090904691,1.05055660920141,0.232106944607118,4.52617482419435,6.00608998697881e-06,6.156739429533e-05,"ENSG00000274265","Astrocytes"
"PLGLB1",2.46292778386075,-2.14595578225416,0.474194644850256,-4.52547451886941,6.02601421070585e-06,6.16695322075789e-05,"PLGLB1","Astrocytes"
"ENSG00000235100",2.49468147202157,-2.08581229318378,0.461363169784195,-4.52097703021987,6.15548678345967e-06,6.28387410054255e-05,"ENSG00000235100","Astrocytes"
"ENSG00000273702",3.68247913099541,-2.02604036254832,0.448173220060354,-4.52066360028267,6.16460826001338e-06,6.28800198383408e-05,"ENSG00000273702","Astrocytes"
"BRINP3-DT",2.07335532394151,-3.08323131909413,0.682668613671848,-4.51643924643093,6.28881488071191e-06,6.39888205980736e-05,"BRINP3-DT","Astrocytes"
"HTRA2",4.19848498233189,1.30252857960641,0.288471620176621,4.51527460070048,6.3234772753409e-06,6.42359467600872e-05,"HTRA2","Astrocytes"
"RIMOC1",3.28500791761851,-1.72772865990356,0.382844480448159,-4.51287336800852,6.39552106469141e-06,6.49145388066178e-05,"RIMOC1","Astrocytes"
"SOCS3-DT",1.96293732828454,4.15307191282635,0.921150795006135,4.50856899363442,6.52663453802357e-06,6.60288525198904e-05,"SOCS3-DT","Astrocytes"
"KCMF1",10.8658604428783,1.09027514261447,0.241836187651826,4.50832091425517,6.53426901778037e-06,6.60521250997341e-05,"KCMF1","Astrocytes"
"SNRNP35",5.88800128018033,-1.2371794614457,0.274691458681672,-4.50388762498588,6.67214973968323e-06,6.73908892548919e-05,"SNRNP35","Astrocytes"
"CCDC34",2.00280933781642,-2.58553153928538,0.574113348042851,-4.50352103482603,6.68367489634608e-06,6.74393123266645e-05,"CCDC34","Astrocytes"
"DGKI",2.8935870971893,-2.03398057122876,0.45193039740303,-4.50065006230343,6.77459576109514e-06,6.82585999264777e-05,"DGKI","Astrocytes"
"ENSG00000286024",7.12810590833749,-1.79172577031061,0.399086965629183,-4.48956223735809,7.13696931285978e-06,7.1528491316668e-05,"LOC105372432","Astrocytes"
"SELENON",11.8330789415565,1.24465811689343,0.277279580508407,4.48881996507381,7.16187913353177e-06,7.16940576479579e-05,"SELENON","Astrocytes"
"MTCP1",1.93694812075455,-2.4855888394837,0.554015889743306,-4.48649377301319,7.24048324880802e-06,7.23639258030587e-05,"MTCP1","Astrocytes"
"BRMS1L",5.67774701909653,1.0281983399947,0.229222867941897,4.48558361225692,7.2714623942272e-06,7.26149345384801e-05,"BRMS1L","Astrocytes"
"CHST6",9.3027006804502,1.55175611544367,0.345970276176874,4.48522957691993,7.28354690579511e-06,7.26770034927163e-05,"CHST6","Astrocytes"
"SYNGR2",6.53821986499911,1.31283630250272,0.292923617174921,4.4818383548731,7.40027885678639e-06,7.37823293748679e-05,"SYNGR2","Astrocytes"
"ENSG00000226994",37.8864375135788,-1.43025994511597,0.319279289989007,-4.47965148370636,7.47650140461351e-06,7.44823144757273e-05,"ENSG00000226994","Astrocytes"
"C4orf3",7.51099551371152,-1.1670506302541,0.260588218606579,-4.47852415007313,7.51608685383576e-06,7.47493569904455e-05,"C4orf3","Astrocytes"
"SLC22A4",5.09251117316338,1.148817917013,0.256535556398911,4.47820151381508,7.52745281168421e-06,7.47493569904455e-05,"SLC22A4","Astrocytes"
"ZNF667-AS1",9.09142024393339,-1.06489572294727,0.237793046988314,-4.47824583785919,7.52589037345456e-06,7.47493569904455e-05,"ZNF667-AS1","Astrocytes"
"DAP3",23.0854579619783,1.37218383748167,0.306603802593895,4.47542993880986,7.6257702616522e-06,7.56649945112494e-05,"DAP3","Astrocytes"
"ZNF394",4.48205774910917,1.09535941732912,0.244868169534371,4.47326175309761,7.70353812643394e-06,7.63754304400572e-05,"ZNF394","Astrocytes"
"NR2F2",8.07226820422047,-1.42518770097987,0.318675843040246,-4.47221755933312,7.74126094291233e-06,7.66880274048667e-05,"NR2F2","Astrocytes"
"ENSG00000243176",8.55580220050987,-1.23162379576154,0.27551802518815,-4.47021132254585,7.81423498747884e-06,7.72255960494418e-05,"ENSG00000243176","Astrocytes"
"H1-2",2.78146125219826,-2.02081624758702,0.452050887057995,-4.47032912763151,7.80993187997531e-06,7.72255960494418e-05,"H1-2","Astrocytes"
"NUBP1",2.72799717786178,-1.96451380041958,0.439457883766114,-4.47031188423308,7.81056159404769e-06,7.72255960494418e-05,"NUBP1","Astrocytes"
"PSMB5",7.32850446219136,-1.04807885731786,0.234642194993962,-4.46671093127487,7.94313425420264e-06,7.84368672007905e-05,"PSMB5","Astrocytes"
"ADAM12",23.9313420852117,1.75860937022893,0.394275398241499,4.46035785664658,8.18229126252019e-06,8.04137402411012e-05,"ADAM12","Astrocytes"
"PXDC1",7.7500392869401,1.68313405928829,0.377988630107437,4.45286954480584,8.47302382592317e-06,8.31390285549973e-05,"PXDC1","Astrocytes"
"SLC16A11",1.045076562673,-2.84204731501122,0.63952240794269,-4.44401522091139,8.82953539043189e-06,8.61592882109677e-05,"SLC16A11","Astrocytes"
"HECTD3",4.96919791058485,1.27355438699932,0.286708961167286,4.44197621802354,8.91364138790197e-06,8.67748595176023e-05,"HECTD3","Astrocytes"
"PTCD2",4.52995792219307,-1.45419357633148,0.327407407948576,-4.44154145882944,8.93167334513368e-06,8.68820982190026e-05,"PTCD2","Astrocytes"
"ENSG00000272953",4.68933355832423,-1.36036973828147,0.306326204965946,-4.44091859014382,8.9575680339559e-06,8.6997305854491e-05,"ENSG00000272953","Astrocytes"
"DIPK1C",3.84193109473481,-1.81468506851682,0.4086888876385,-4.44026036284593,8.98501064969485e-06,8.71954442595387e-05,"DIPK1C","Astrocytes"
"B4GALT4",2.43938260139185,-1.87130004388283,0.421887865557365,-4.43553891129488,9.18422397953568e-06,8.88501918270237e-05,"B4GALT4","Astrocytes"
"PDIA4",10.8147890034885,1.97964081243361,0.447020403650622,4.42852450641345,9.48799395793669e-06,9.12896885634266e-05,"PDIA4","Astrocytes"
"MRPL4",6.22533838834371,1.03765107740986,0.234661977296523,4.42189693176697,9.78381278101457e-06,9.38442708499639e-05,"MRPL4","Astrocytes"
"TUBB3",15.2362118194714,1.47786102469887,0.334533886750777,4.41767212001412,9.97696142454011e-06,9.56228431269971e-05,"TUBB3","Astrocytes"
"DDHD2",10.0645771030872,1.02988582057815,0.233182370982764,4.41665386726117,1.00240553357982e-05,9.59999050450033e-05,"DDHD2","Astrocytes"
"OTOS",4.22467287918446,2.2204077487218,0.503285178531911,4.41182821079443,1.02501428029182e-05,9.77869940897811e-05,"OTOS","Astrocytes"
"NBL1",4.71539942331353,-1.33756737647302,0.303221392700469,-4.41119066356346,1.02803743155183e-05,9.79999038868845e-05,"NBL1","Astrocytes"
"LINC01114",5.76896885894625,-1.73098313444872,0.392710609510097,-4.4077829641733,1.04434115400929e-05,9.91723658749778e-05,"LINC01114","Astrocytes"
"NADK",12.333281158501,1.23247826758407,0.279816669219928,4.404592017409,1.05983147670672e-05,0.000100566231234171,"NADK","Astrocytes"
"ZNF140",5.02814531445514,1.20404525839444,0.273420562169935,4.40363829566742,1.06450370602535e-05,0.000100932231176967,"ZNF140","Astrocytes"
"ARL6",8.28140787731343,-1.05433520915869,0.23965093658635,-4.39946208505134,1.08519534510379e-05,0.000102658319010086,"ARL6","Astrocytes"
"TTPA",14.0534666185579,-1.41465052236924,0.321791071790408,-4.39617704275725,1.1017408329609e-05,0.000104136796509973,"TTPA","Astrocytes"
"COPS8-DT",4.94897646908315,-1.41463261534626,0.321857137022043,-4.39521903548585,1.10661112682292e-05,0.000104443812193934,"COPS8-DT","Astrocytes"
"PLEKHA6",23.0558823030689,-1.25703598651323,0.286061747084404,-4.39428200143911,1.11139467736054e-05,0.000104736684092508,"PLEKHA6","Astrocytes"
"ENSG00000291185",1.84776898969528,-2.13269656588285,0.485384408912297,-4.39382997624919,1.11370931438152e-05,0.000104874999543622,"LOC105375980","Astrocytes"
"ST6GAL2",5.56792740048126,-1.641384414909,0.373612982390377,-4.39327457094082,1.11655962053493e-05,0.000105063508974803,"ST6GAL2","Astrocytes"
"FMO5",3.68771884018657,-1.50646713747687,0.343090984039469,-4.39086775099742,1.12899195051497e-05,0.000106152675195345,"FMO5","Astrocytes"
"RADIL",9.06826366799014,1.25022874925988,0.284823601335016,4.38948438050724,1.1361973849997e-05,0.000106749106361542,"RADIL","Astrocytes"
"C10orf88",2.09245554926228,-2.00655450529065,0.457359149717623,-4.38726219105818,1.14786387662851e-05,0.000107681805941598,"C10orf88","Astrocytes"
"SPATA1",7.28906307448796,-1.13741847755185,0.259268057975015,-4.3870366694437,1.14905423547825e-05,0.000107711874321931,"SPATA1","Astrocytes"
"LINC01414",12.5266949763944,-1.15255724256186,0.263498237105762,-4.37406054485007,1.21956530906593e-05,0.00011371895498617,"LINC01414","Astrocytes"
"PTGES3",32.057649236899,1.28425285011256,0.293600627455567,4.3741488607919,1.21907174198646e-05,0.00011371895498617,"PTGES3","Astrocytes"
"LINC01572",25.6827903538191,-1.44325840311634,0.329929693954784,-4.37444228137326,1.21743328483487e-05,0.00011371895498617,"LINC01572","Astrocytes"
"LINC01876",2.37287840332072,-2.72218498319369,0.622388479283883,-4.37377148485432,1.22118209875272e-05,0.000113784032572272,"LINC01876","Astrocytes"
"NID1",4.88834802199658,-1.62897922273235,0.372683168081523,-4.37094927339466,1.23707532928188e-05,0.000114849932173364,"NID1","Astrocytes"
"ENSG00000289396",2.40747253171727,-2.0428405917437,0.467371188933203,-4.37091682182332,1.23725922247652e-05,0.000114849932173364,"ENSG00000289396","Astrocytes"
"LINC00467",8.02918101373191,-1.13163817568568,0.259211779184023,-4.36568962740807,1.2672231086017e-05,0.000117543249092246,"LINC00467","Astrocytes"
"MAP1B",48.8750624417493,1.30650424722127,0.29950037315986,4.36227919664031,1.28714464726004e-05,0.000119212506858797,"MAP1B","Astrocytes"
"ENSG00000287839",2.36995658910096,1.95098155586718,0.447395675489249,4.36075193112604,1.29616249546812e-05,0.000119957998366082,"ENSG00000287839","Astrocytes"
"SET",13.0263116734882,-1.34232517172737,0.307856495004201,-4.36023015109378,1.29925717415167e-05,0.000120154604835849,"SET","Astrocytes"
"ENSG00000290067",4.4387960709015,-1.52264590468831,0.349385808953696,-4.35806453973667,1.31217692926704e-05,0.000121078143927823,"ENSG00000290067","Astrocytes"
"B4GALT1",3.93279848573456,1.87515329859064,0.43026289907744,4.35815707701339,1.31162236607387e-05,0.000121078143927823,"B4GALT1","Astrocytes"
"MGAT5",44.2445638238205,1.25925904265754,0.288985942232482,4.35750968690547,1.31550678077631e-05,0.000121295014641497,"MGAT5","Astrocytes"
"GALNT10",38.807911253209,2.8694120675954,0.660879904491319,4.34180559598645,1.41316547497917e-05,0.000129720000568325,"GALNT10","Astrocytes"
"ENSG00000286533",19.2230521111644,1.14521105516453,0.264416969874403,4.33108001997189,1.48379741924271e-05,0.000135500467864915,"ENSG00000286533","Astrocytes"
"C16orf95-DT",1.72031513566294,-2.23778853097404,0.516748364598085,-4.33051884492085,1.48758413881121e-05,0.000135691272722458,"C16orf95-DT","Astrocytes"
"CAP2",5.52103635293972,1.43542851671625,0.331537921479126,4.32960582702642,1.49376473670361e-05,0.000136109556545995,"CAP2","Astrocytes"
"MYORG",8.70242240484114,-1.20157766554008,0.277547788347708,-4.32926406185144,1.49608457928142e-05,0.000136220701067954,"MYORG","Astrocytes"
"ANXA11",8.2007526943831,1.01223283574192,0.234109771872258,4.32375303109621,1.53397014201501e-05,0.000139260647130292,"ANXA11","Astrocytes"
"MAP3K5-AS1",1.41136755459996,-2.59912828673838,0.602226696834429,-4.31586361149473,1.58980121168899e-05,0.000144117923897107,"MAP3K5-AS1","Astrocytes"
"LDHD",4.19705729165486,-1.50634541297974,0.34948755336815,-4.3101546777918,1.63140396452396e-05,0.000147457483888323,"LDHD","Astrocytes"
"HAVCR2",9.57964632622956,1.36148117153083,0.315941614582203,4.30928091992956,1.63786215348071e-05,0.00014793323885158,"HAVCR2","Astrocytes"
"SLC8A1-AS1",3.20835565038478,-2.49020437774981,0.577955942997924,-4.30864049054126,1.64261121405446e-05,0.000148187071357482,"SLC8A1-AS1","Astrocytes"
"LINC03000",1.90682705432383,-2.45516514158487,0.569831721451346,-4.30857926851041,1.64306588850701e-05,0.000148187071357482,"LINC03000","Astrocytes"
"TPTE2",5.61422871548124,1.86613687889685,0.433342859052353,4.30637505594941,1.65951593402705e-05,0.000149344373626868,"TPTE2","Astrocytes"
"SEC16B",2.59024501181764,-1.76974255490529,0.411175893220539,-4.30410095553941,1.67665199887072e-05,0.000150449142768233,"SEC16B","Astrocytes"
"IQCA1",80.4513414285126,-1.07280227524728,0.24959913478752,-4.2981009375715,1.72267715636974e-05,0.000154467134158772,"IQCA1","Astrocytes"
"ENSG00000289410",4.03729835071465,1.16777956106719,0.271747504375263,4.29729635880876,1.72893973068845e-05,0.00015491650278665,"LOC107985767","Astrocytes"
"PDE1C",10.3418952600287,-1.08777315640127,0.253182843747735,-4.29639362722815,1.73599211835502e-05,0.000155435939273971,"PDE1C","Astrocytes"
"ENSG00000250699",8.27876999381584,-1.64314512090729,0.382640482088626,-4.29422708213792,1.75302977137019e-05,0.000156734784540628,"ENSG00000250699","Astrocytes"
"HSD17B6",8.75374379652072,-1.76382671331024,0.410879310940063,-4.29280975300199,1.76426168975461e-05,0.000157294528538283,"HSD17B6","Astrocytes"
"VILL",3.4352912138822,-1.44084169010153,0.335662307118433,-4.29253347648936,1.76645907101312e-05,0.000157367357383852,"VILL","Astrocytes"
"MMP25-AS1",3.9997957847414,-1.3863288312193,0.322997962988008,-4.29206679322236,1.77017678725414e-05,0.00015758518444693,"MMP25-AS1","Astrocytes"
"FAM117B",4.45587509414173,-1.42124720775898,0.331236458067656,-4.29073301909504,1.78084311072788e-05,0.000158420835058501,"FAM117B","Astrocytes"
"ABCC4",12.0971320455484,1.03067306204984,0.240242389995633,4.29013823109477,1.78561940602421e-05,0.000158731694937529,"ABCC4","Astrocytes"
"GSTM5",13.5068835400529,-1.64323324943753,0.383114617254938,-4.28914266234865,1.79364139304098e-05,0.000159216210537824,"GSTM5","Astrocytes"
"GLIPR1L2",6.20999088497834,-1.38865101253736,0.32436320294333,-4.28116074800251,1.85920992664616e-05,0.000164682378552642,"GLIPR1L2","Astrocytes"
"ATAD3A",6.38015882170572,1.67800441161227,0.392208243808683,4.27835069277838,1.88283218533804e-05,0.00016653650679315,"ATAD3A","Astrocytes"
"C22orf31",0.762963502205847,-2.61815957888069,0.612626288123609,-4.2736650869158,1.92285795201433e-05,0.000169471530389989,"C22orf31","Astrocytes"
"ENSG00000290848",0.873089779706156,-2.53316879337988,0.592796619003648,-4.27325108169062,1.92643320361844e-05,0.000169545290408011,"ENSG00000290848","Astrocytes"
"WTAP",23.0076359209192,1.32485973917399,0.31057033751286,4.26589271140272,1.99104450712117e-05,0.00017436424421274,"WTAP","Astrocytes"
"FREM1",4.23168992599041,-1.51503355893355,0.355249880925064,-4.26469828783175,2.00172507480903e-05,0.00017517570036297,"FREM1","Astrocytes"
"GOLGA2",14.2396965411539,1.00542907780268,0.235785350233066,4.26417110651212,2.00645647857867e-05,0.000175465752642936,"GOLGA2","Astrocytes"
"CCDC169",2.95499550621284,1.99590525869089,0.46857332779059,4.25953664093932,2.04851117814732e-05,0.00017875701989585,"CCDC169","Astrocytes"
"ZNF610",0.748795902630509,-2.62658270617306,0.616657185433494,-4.25938879529416,2.04986649642338e-05,0.00017875701989585,"ZNF610","Astrocytes"
"FRMPD3",14.3920949837187,1.60715140618555,0.377901360744546,4.25283307532717,2.11082921817714e-05,0.000183427355850439,"FRMPD3","Astrocytes"
"CFAP92",3.08280789132424,1.89568501158035,0.446026617708669,4.25016117046752,2.13616751468367e-05,0.000185239232033108,"CFAP92","Astrocytes"
"DIAPH3",7.79714500867584,-1.86915905298662,0.439805245785103,-4.24996989212795,2.13799251469214e-05,0.000185267748841377,"DIAPH3","Astrocytes"
"TMEM241",37.6324613052371,-1.44539822405753,0.340326589938426,-4.24709166662247,2.16563370509846e-05,0.000187314241854853,"TMEM241","Astrocytes"
"LIMK2",20.485836947047,1.2280712642888,0.289151917159484,4.24714896014833,2.16508018045888e-05,0.000187314241854853,"LIMK2","Astrocytes"
"ST6GAL1",18.8260807489043,1.07013639045675,0.251997794803048,4.24661013916064,2.17029116850114e-05,0.000187541629724701,"ST6GAL1","Astrocytes"
"TCEAL2",6.33908907790308,-1.08534719672064,0.255700437817331,-4.24460437371639,2.18979424522603e-05,0.000188963220478285,"TCEAL2","Astrocytes"
"GABARAPL1",7.31672714569487,-1.70601284652299,0.401960972417936,-4.24422509543832,2.19350086702082e-05,0.000189151262091357,"GABARAPL1","Astrocytes"
"ENSG00000258824",4.83245560771368,1.02304337091372,0.241267932403995,4.24027909851138,2.23242036432923e-05,0.000191972648413117,"ENSG00000258824","Astrocytes"
"SEMA4G",3.04158353941551,-1.82239012083439,0.42993604276765,-4.23874702177334,2.24770769521937e-05,0.000192751830954996,"SEMA4G","Astrocytes"
"HSP90AA1",213.388990049354,1.78979199690947,0.42224507139529,4.23875165906657,2.24766127352196e-05,0.000192751830954996,"HSP90AA1","Astrocytes"
"ENSG00000289591",1.79541097559822,-2.11861268182206,0.499786240173081,-4.23903763554669,2.24480026398991e-05,0.000192751830954996,"ENSG00000289591","Astrocytes"
"PIRT",2.92537352391379,3.56051884738251,0.840329143768262,4.23705267606951,2.26473018209089e-05,0.000193808941567598,"PIRT","Astrocytes"
"BORCS8",1.97186315111889,-2.0909807732812,0.493740649008531,-4.2349779737197,2.28574109431193e-05,0.000195471905876137,"BORCS8","Astrocytes"
"CRAT",5.89883458553053,1.30937736742131,0.309696798308135,4.22793317391203,2.35847812822298e-05,0.000201414032150242,"CRAT","Astrocytes"
"RNF125",9.06112667432719,2.08866872348037,0.494786142972384,4.22135654594707,2.42836476989496e-05,0.000206734592727709,"RNF125","Astrocytes"
"CACNB1",9.99781063055124,1.05036109018878,0.248921493647481,4.21964802957629,2.44684020007796e-05,0.000207813595319378,"CACNB1","Astrocytes"
"SLC47A2",2.32796492360856,3.19303177581536,0.757133886796879,4.21726174392188,2.47286878408586e-05,0.000209306453542961,"SLC47A2","Astrocytes"
"PNPLA2",13.2155736853047,1.19074595223527,0.282476490832368,4.21538071620234,2.49357165775109e-05,0.000210914602718113,"PNPLA2","Astrocytes"
"COLEC12",104.116869445844,1.53723733458384,0.364687579060028,4.21521714160385,2.49537975575853e-05,0.00021092346427002,"COLEC12","Astrocytes"
"ELOF1",4.47689662198812,-1.31515910921327,0.312477291373233,-4.20881499399071,2.56713468293003e-05,0.000216347194153469,"ELOF1","Astrocytes"
"MSN",16.915853948147,1.48201220934988,0.352129464569799,4.20871400568672,2.56828212392473e-05,0.000216347194153469,"MSN","Astrocytes"
"MTARC1",4.12677045901055,-1.84355054707537,0.438217174269072,-4.20693358298962,2.58859178287227e-05,0.000217741753169867,"MTARC1","Astrocytes"
"TMEM14A",6.03822795481148,-1.1619541611369,0.276218578214124,-4.20664739008308,2.59187066278271e-05,0.000217741753169867,"TMEM14A","Astrocytes"
"RHBDL2",16.4955261002818,1.94420962203196,0.462260164974597,4.20587748922473,2.60071094800565e-05,0.000218188371742236,"RHBDL2","Astrocytes"
"ENSG00000226022",5.35496451583318,-2.21336140268526,0.526337539291376,-4.2052128861361,2.60836522044613e-05,0.00021853441491735,"ENSG00000226022","Astrocytes"
"WDR55",4.0204695784796,1.13392193552118,0.269645818768636,4.20522721509033,2.6081999672967e-05,0.00021853441491735,"WDR55","Astrocytes"
"ZCWPW2",9.52448838805654,-1.18324738438206,0.281434492673452,-4.20434387107974,2.61840604464874e-05,0.00021922732962059,"ZCWPW2","Astrocytes"
"ABTB1",5.41808787022344,-1.41349865288445,0.3362155478664,-4.20414422192672,2.62071802962104e-05,0.000219272644329712,"ABTB1","Astrocytes"
"LINC01091",0.845986399656742,-2.76656867300014,0.658107846295319,-4.20382265395249,2.62444594605834e-05,0.000219436287306147,"LINC01091","Astrocytes"
"RPL7L1",5.77363074335469,-1.21061403833962,0.288127434703509,-4.20166180837787,2.64962760319738e-05,0.000221392298315743,"RPL7L1","Astrocytes"
"C3orf14",6.22081059656472,-1.26634450934756,0.301674897252624,-4.19771257363556,2.69624531250473e-05,0.000224968404977213,"C3orf14","Astrocytes"
"ENSG00000258666",9.17269678080415,4.02783202138806,0.959813932940991,4.19647171514408,2.71105301398872e-05,0.000225763076477621,"ENSG00000258666","Astrocytes"
"MORN2",2.70265529154765,-2.58933249442161,0.617201007141977,-4.19528235446637,2.72531872694167e-05,0.000226646217566949,"MORN2","Astrocytes"
"TMEM25",3.42330023639272,-1.67587491100329,0.399541884951422,-4.19449117633074,2.73484796654257e-05,0.000227133617502995,"TMEM25","Astrocytes"
"ENSG00000289127",1.81212066761974,-2.31017304926774,0.550763214402785,-4.19449409266149,2.73481278308153e-05,0.000227133617502995,"ENSG00000289127","Astrocytes"
"GPN1",3.44399687335522,1.76991059560141,0.42218503137542,4.19226278543152,2.76185809832977e-05,0.0002291914132953,"GPN1","Astrocytes"
"RGS5-AS1",1.4106105551146,-2.37636473957132,0.567169459717142,-4.18986724136462,2.79117708961505e-05,0.000230571925192811,"RGS5-AS1","Astrocytes"
"LINC00903",14.5467367259647,-1.40533153445296,0.335435953435734,-4.18956739746804,2.79486763881458e-05,0.000230571925192811,"LINC00903","Astrocytes"
"BEGAIN",5.71824977863049,-1.37313068179049,0.327728311291998,-4.18984455867489,2.79145611142422e-05,0.000230571925192811,"BEGAIN","Astrocytes"
"WFDC1",1.67369443490729,-2.32407421823624,0.554778831985716,-4.18919051023937,2.79951303627659e-05,0.000230801397657877,"WFDC1","Astrocytes"
"ENSG00000281333",1.66879860388955,-2.13565855892487,0.510436816061046,-4.1839822123439,2.86446534023449e-05,0.00023459440679976,"LOC105369885","Astrocytes"
"GUCY1A2",2.66241634363211,-1.77897488159453,0.425304362135406,-4.18282773461927,2.87905545892922e-05,0.000235477831888511,"GUCY1A2","Astrocytes"
"NUDT7",2.44791714723497,-1.93202377680829,0.462042904008851,-4.18148133007855,2.89616035646423e-05,0.000236408396137749,"NUDT7","Astrocytes"
"TFAP2C",2.47076167352789,-1.94824538498505,0.465939534319536,-4.18132663464648,2.89813180278705e-05,0.000236413479011278,"TFAP2C","Astrocytes"
"CES2",5.86697522983514,1.14107547190809,0.273060150218138,4.17884290694384,2.92995974336557e-05,0.000238538405667954,"CES2","Astrocytes"
"SGTB",3.79666217101224,1.29594713375006,0.310226334906827,4.17742463462777,2.9482830537425e-05,0.000239831357929623,"SGTB","Astrocytes"
"BBLN",6.58123936432978,1.25370062991088,0.300121220250031,4.17731418280393,2.94971459361072e-05,0.000239831357929623,"BBLN","Astrocytes"
"PITPNA-AS1",1.78951014477872,-2.29557384482082,0.549864163790049,-4.1748016982924,2.98245731152813e-05,0.000242175533696084,"PITPNA-AS1","Astrocytes"
"ZNF830",2.87428946504438,-2.13176275356376,0.510766132009828,-4.17365721798237,2.99748643495312e-05,0.000243236399240003,"ZNF830","Astrocytes"
"TPPP3",12.275018845879,-1.35385649605704,0.324696013881487,-4.16961230867217,3.05118230684156e-05,0.000246463082228434,"TPPP3","Astrocytes"
"KLF2",3.74400956724514,1.74623156563329,0.418787814578076,4.16972869039324,3.04962465681421e-05,0.000246463082228434,"KLF2","Astrocytes"
"ENSG00000273080",1.48454368731999,-2.45946477977087,0.590351903609893,-4.1660995157832,3.09855483533043e-05,0.000249638285789829,"ENSG00000273080","Astrocytes"
"PLXNA1",8.04671931371848,1.50063352037648,0.360198136203712,4.16613349583737,3.09809326037695e-05,0.000249638285789829,"PLXNA1","Astrocytes"
"SLC2A12",4.36956741499036,-1.35651243103487,0.325672233445753,-4.1652689167952,3.10985778722592e-05,0.000250386014169172,"SLC2A12","Astrocytes"
"PTCD1",8.17854850418107,1.06167135870007,0.25490990176605,4.16488865808926,3.11504548549431e-05,0.000250477975629065,"PTCD1","Astrocytes"
"ADCY6",5.57120194471861,-1.16724310180591,0.280249166255941,-4.16501899862892,3.11326638266266e-05,0.000250477975629065,"ADCY6","Astrocytes"
"TRAF7",8.71480177551151,1.32800778881727,0.318906389573213,4.16425582000574,3.12369724521464e-05,0.000250853940886646,"TRAF7","Astrocytes"
"LY6G5B",3.76053863588343,1.22409849427361,0.294038131652941,4.16306037381041,3.14010296779832e-05,0.00025183869851196,"LY6G5B","Astrocytes"
"ENSG00000263089",3.84248668335175,-1.37324981065987,0.33016550316323,-4.15927708226061,3.19256426292661e-05,0.000255880409500455,"ENSG00000263089","Astrocytes"
"MSH4",2.08462688754286,-2.08495391697802,0.501353478568922,-4.15865054517897,3.2013321605954e-05,0.000256417180754546,"MSH4","Astrocytes"
"ITGB8",51.3022747078745,1.17159296179566,0.281973308401694,4.15497824399262,3.25318495337863e-05,0.000260065779713929,"ITGB8","Astrocytes"
"ZNF746",2.20998686726579,-1.85678801651292,0.447083647891947,-4.15311100119161,3.27985539816687e-05,0.000261691039919461,"ZNF746","Astrocytes"
"ARFGAP3",15.0435411756286,1.08978417096808,0.262437782793371,4.15254297368498,3.28800984092699e-05,0.000262172735738564,"ARFGAP3","Astrocytes"
"PGF",9.82634620413655,4.12162686786325,0.992911454656365,4.15105178667688,3.30950864536906e-05,0.000263717152867471,"PGF","Astrocytes"
"SLC29A2",5.4473879528832,1.44041559949563,0.347077206060455,4.15013021409633,3.32286187290791e-05,0.000264610923294011,"SLC29A2","Astrocytes"
"ENSG00000236501",2.87755684017412,-1.8440060048242,0.444343645772768,-4.14995470817918,3.3254106798857e-05,0.000264643704685248,"ENSG00000236501","Astrocytes"
"CASP6",3.66999398795902,1.18661730740967,0.286053783781345,4.14823146795604,3.3505354888055e-05,0.000265959493319734,"CASP6","Astrocytes"
"HYPK",4.60746738999288,1.51278364662552,0.36531796627594,4.14100533309893,3.45786919842319e-05,0.000274128004379478,"HYPK","Astrocytes"
"CACNA1E",1.71519107442266,-2.16468081505113,0.523106788085923,-4.13812411605634,3.50156947487737e-05,0.000277414810028192,"CACNA1E","Astrocytes"
"AMPH",4.39994144511603,-1.323443175089,0.319938257076898,-4.13655805710945,3.52554185560273e-05,0.000279135452672178,"AMPH","Astrocytes"
"HCCS-DT",4.89762846321159,-1.12937076089243,0.273093583453702,-4.13547160870552,3.54226409588295e-05,0.000280280231944528,"HCCS-DT","Astrocytes"
"ENSG00000228113",13.6129013920487,1.16569824300747,0.281979857719523,4.13397698840943,3.56539189433007e-05,0.000281570458083477,"ENSG00000228113","Astrocytes"
"HSD17B7P2",24.0652991511816,1.72816545080063,0.418610863654552,4.12833397517068,3.65401129537845e-05,0.000288017962257615,"HSD17B7P2","Astrocytes"
"RTRAF",4.65221992852325,-1.54384276709116,0.37400192566581,-4.12790058324637,3.66090318483407e-05,0.000288377634464378,"RTRAF","Astrocytes"
"C17orf58",2.00735798501129,-2.13202454513747,0.516882452288154,-4.12477640844517,3.71095086346527e-05,0.000291948567613027,"C17orf58","Astrocytes"
"RAP2C-AS1",10.2978865304324,-1.42140655353744,0.344692288195741,-4.12369699646506,3.72839296881162e-05,0.000292948541451741,"RAP2C-AS1","Astrocytes"
"B3GNT5",3.89319987572662,1.27255044565118,0.308715742158404,4.12207824827483,3.75469609540872e-05,0.000294828165817668,"B3GNT5","Astrocytes"
"TSPAN12",3.68769564444138,-1.48488422004437,0.360310155334024,-4.12112786182175,3.77022094994201e-05,0.000295672235738644,"TSPAN12","Astrocytes"
"TUB",5.71320312381148,-1.26654810258041,0.307476151739517,-4.11917508208371,3.80231165541123e-05,0.000298000159676944,"TUB","Astrocytes"
"ENSG00000258162",5.08536948593565,-1.49598060673108,0.363410704390938,-4.11650121654584,3.84667300325273e-05,0.000301286222639333,"PPFIA2-AS2","Astrocytes"
"COX11",7.15129906954419,-1.26603983650591,0.307647231015812,-4.11523234688513,3.86789592840409e-05,0.000302374717685782,"COX11","Astrocytes"
"ENSG00000259692",5.3469857731081,-3.81854097176752,0.928307869508789,-4.11344242270411,3.89802297850372e-05,0.000304345640244714,"ENSG00000259692","Astrocytes"
"GGCT",9.51987827349533,1.02388488020216,0.249090001887469,4.11050171602118,3.94800346282448e-05,0.000308053729553595,"GGCT","Astrocytes"
"QSOX1",3.91224173223965,-1.61935618210078,0.394026417728243,-4.10976551124964,3.96061091817577e-05,0.000308842852643392,"QSOX1","Astrocytes"
"ASPDH",2.09660176112834,-2.24147416344764,0.545705923959933,-4.10747632567796,4.0000576327395e-05,0.000311526501045367,"ASPDH","Astrocytes"
"MDGA2",5.36420172207443,-1.32769616895201,0.323411221663739,-4.10528788123641,4.03811677323414e-05,0.000314292897567306,"MDGA2","Astrocytes"
"CTXND1",22.1239115840189,-1.22428507421234,0.298242385188536,-4.10500027834205,4.04314393528199e-05,0.000314486503458523,"CTXND1","Astrocytes"
"NR4A3",9.59632891988318,-1.82844887384801,0.445499987245579,-4.10426246059597,4.05606781435023e-05,0.000315293708381035,"NR4A3","Astrocytes"
"NIM1K",27.6266292691398,1.00590396256986,0.24521421503146,4.10214376210126,4.09339795909539e-05,0.000317995902932736,"NIM1K","Astrocytes"
"LINC02315",2.31013715953584,-2.91083112446613,0.710174192116544,-4.09875655406588,4.15375646715586e-05,0.000322078687118291,"LINC02315","Astrocytes"
"TSHR",2.83154391193487,-1.9635646462171,0.479341742909988,-4.09637732423781,4.19665712927698e-05,0.000324998156546822,"TSHR","Astrocytes"
"ENSG00000225279",1.69513555993585,-2.08427021856902,0.509241487368875,-4.09289162463556,4.26026868356694e-05,0.000329306536258486,"ENSG00000225279","Astrocytes"
"DHX34",5.55277857271597,1.2250336014623,0.299385382333012,4.09182837156581,4.279853661088e-05,0.000330614022989724,"DHX34","Astrocytes"
"TSGA10",9.93129702454767,-1.0146408661521,0.248110040849688,-4.08947925959512,4.32342723145829e-05,0.00033335616069208,"TSGA10","Astrocytes"
"TTC23L",2.84148432672046,-2.08550626617416,0.510186073839389,-4.08773655948653,4.35602404303405e-05,0.000335660521001186,"TTC23L","Astrocytes"
"SCML1",40.0187566479815,1.50777116455528,0.369019735534732,4.08588218830744,4.39096559020015e-05,0.000337512892013957,"SCML1","Astrocytes"
"OGFOD1",7.82231627193427,1.28229797093447,0.31450102123205,4.07724580960373,4.55723073996107e-05,0.00034893710693791,"OGFOD1","Astrocytes"
"MRPS24",5.70885132465288,-1.26758132827297,0.31098343365147,-4.07604132924198,4.58088804383857e-05,0.000350155164486747,"MRPS24","Astrocytes"
"LINC02207",3.72703292703901,1.64181842309963,0.403111941284638,4.07285980630463,4.64393797501314e-05,0.000354536892383402,"LINC02207","Astrocytes"
"ENSG00000229642",4.44426772163614,-1.92758451519456,0.473626250922996,-4.0698430702228,4.70448160312908e-05,0.000358495973486446,"ENSG00000229642","Astrocytes"
"ZNF189",6.10831194480284,-1.00008558469087,0.245817980334314,-4.06839883449837,4.73373053550898e-05,0.000360502984140269,"ZNF189","Astrocytes"
"GPANK1",4.08075218987191,1.15876028074101,0.284948235660557,4.06656415350252,4.77113552343798e-05,0.000362905228419733,"GPANK1","Astrocytes"
"TRIB1",4.58321078364672,-1.66959657274703,0.410794591911756,-4.0643100119139,4.81747606906209e-05,0.000365845411404756,"TRIB1","Astrocytes"
"SMNDC1",4.42318028709053,1.19536702799192,0.294127911272273,4.06410606467529,4.82168979255571e-05,0.000365851621943734,"SMNDC1","Astrocytes"
"CFAP68",2.50397108053247,-2.48347837867488,0.611324617932698,-4.06245439137262,4.8559437350182e-05,0.000367999701779255,"CFAP68","Astrocytes"
"SLC37A1",8.16921184755627,1.09012295732896,0.268366566114807,4.06206694489138,4.86401230115839e-05,0.000368385714527489,"SLC37A1","Astrocytes"
"SYTL2",14.431611920419,2.0886489347923,0.514403749718243,4.06032991776659,4.90034233631178e-05,0.000370910386005799,"SYTL2","Astrocytes"
"RILP",3.15276875716319,1.23479070806654,0.304173680373186,4.05949228267085,4.91795331988696e-05,0.000372015980208676,"RILP","Astrocytes"
"HEATR3",3.79184981540469,1.20564723982567,0.297036902757016,4.05891398891914,4.9301467337749e-05,0.000372710665472128,"HEATR3","Astrocytes"
"ZNF117",8.10362772276501,-1.41028537358984,0.347612370960058,-4.05706324459865,4.96936287415716e-05,0.000375217197992001,"ZNF117","Astrocytes"
"LINC02649",77.0361594073325,1.4643896764586,0.361141645598112,4.05489008068654,5.01578833057296e-05,0.000378491815341164,"LINC02649","Astrocytes"
"ENSG00000285658",3.54731385010546,1.4042746015429,0.346465152272413,4.05314818050957,5.05329718717633e-05,0.000381090006509163,"ENSG00000285658","Astrocytes"
"TFB1M",8.29615482439689,-1.01752725753528,0.25110272965597,-4.0522349515251,5.0730680950578e-05,0.000382348157158252,"TFB1M","Astrocytes"
"C1R",13.7397259111926,1.40308517549562,0.346486465611833,4.04946603907898,5.13346264038e-05,0.000386429591950307,"C1R","Astrocytes"
"ENSG00000225339",10.7373399860601,1.54716644166416,0.382484959754409,4.04503864062415,5.23144947000931e-05,0.000393168642275501,"SMIM29-AS1","Astrocytes"
"KCNQ2",8.86602001332189,-1.12612664986712,0.278400280307633,-4.0449910776769,5.23251168917084e-05,0.000393168642275501,"KCNQ2","Astrocytes"
"CSTF2",3.47479405318727,1.10971830634412,0.274385028744204,4.0443835854421,5.24609674914231e-05,0.000393950370191809,"CSTF2","Astrocytes"
"NOL9",5.95164408568666,1.0489612830205,0.2595443914557,4.04154864274747,5.30993633555886e-05,0.000397298741046679,"NOL9","Astrocytes"
"ENTPD5",4.02063245227671,1.02421957898795,0.253420663604798,4.04157879005947,5.30925359752022e-05,0.000397298741046679,"ENTPD5","Astrocytes"
"B3GAT1-DT",1.72081830227493,-1.92848717764094,0.477429013401031,-4.03931709952668,5.36070512437846e-05,0.000400613226042115,"B3GAT1-DT","Astrocytes"
"SLC9B1",4.42964070494742,-1.24792707193435,0.308984395470499,-4.03880289823083,5.37246850042134e-05,0.000401154106812676,"SLC9B1","Astrocytes"
"SLC25A5-AS1",1.9930380873028,-1.9159586525019,0.474476124529746,-4.03805071203702,5.38972031887437e-05,0.000402053654871213,"SLC25A5-AS1","Astrocytes"
"SAP30-DT",9.38295660580329,-1.03970165274577,0.257727003219772,-4.03411997872485,5.48073105691035e-05,0.000406998679328522,"SAP30-DT","Astrocytes"
"FKBP4",10.736332086693,1.78027816933414,0.441436147953988,4.03292339692966,5.50872408292552e-05,0.000408714980939884,"FKBP4","Astrocytes"
"ZNF496-DT",7.06500559715003,1.3860659945779,0.343719566143852,4.03254900536507,5.51751044277913e-05,0.000409121747382838,"ZNF496-DT","Astrocytes"
"RBFA",7.01971264540225,-1.01568835779964,0.251987540837113,-4.03070863910765,5.56089421198094e-05,0.000411599241045786,"RBFA","Astrocytes"
"ENSG00000254194",1.81245767392951,-2.12158377240479,0.526466819537917,-4.02985277261523,5.58117983504602e-05,0.00041236127623732,"ENSG00000254194","Astrocytes"
"TGFB3",3.41233059879801,1.64896642444824,0.409455398437453,4.02721866836035,5.64405376894992e-05,0.000416261571297837,"TGFB3","Astrocytes"
"DESI1",5.8582501072934,1.00710975752262,0.250143042055815,4.02613540335015,5.67010462211813e-05,0.000417933961521957,"DESI1","Astrocytes"
"MIR1915HG",4.03124720271364,-1.64919730824862,0.409644601384894,-4.02592223276749,5.67524443946372e-05,0.000418063961296129,"MIR1915HG","Astrocytes"
"AMT",6.81297417465101,-1.03761700122575,0.257901860582001,-4.02330172758033,5.73878985045104e-05,0.00042249366657631,"AMT","Astrocytes"
"MCUB",4.56683011954753,1.88477719773517,0.468602247573494,4.02212581671318,5.76752338793844e-05,0.000423853068918942,"MCUB","Astrocytes"
"ENSG00000253671",6.07470385784236,-1.02433910065794,0.254777241362841,-4.02052826688365,5.80677809004886e-05,0.000425727253339698,"ENSG00000253671","Astrocytes"
"NCKIPSD",6.06515568221317,1.18659475059615,0.295190189827446,4.0197634998974,5.82565923750691e-05,0.000426858806734013,"NCKIPSD","Astrocytes"
"WDR90",4.57916073197276,1.20067181661433,0.298839784541094,4.01777768130209,5.87495850838776e-05,0.000430216506264729,"WDR90","Astrocytes"
"SOX2",76.2262670528834,-1.10827291612452,0.275879553173528,-4.01723470759509,5.88850681959147e-05,0.000430953782192678,"SOX2","Astrocytes"
"ENSG00000272405",7.65188615258487,-1.02860143422898,0.256305563868174,-4.01318418026235,5.99051347791308e-05,0.000437786392368401,"ENSG00000272405","Astrocytes"
"ENSG00000272927",1.82447064499075,-1.99880720403492,0.498982069941739,-4.00576959462351,6.18158833687374e-05,0.000450009455470356,"ENSG00000272927","Astrocytes"
"PCNA",1.23340607907884,-2.41299875444811,0.602607719061061,-4.00426127665253,6.22115774594855e-05,0.00045262395045876,"PCNA","Astrocytes"
"MISP3",2.66097721370663,-1.58221949102066,0.395189162122649,-4.00370162613319,6.23590058997437e-05,0.000453430164448929,"MISP3","Astrocytes"
"GPR19",2.74110976294895,-1.74527282560172,0.436237161233013,-4.00074312942243,6.31438726613859e-05,0.000458329762699848,"GPR19","Astrocytes"
"SERPING1",9.90335698957661,1.51321525781834,0.378312995247403,3.99990292913081,6.33684707437266e-05,0.000459152588191671,"SERPING1","Astrocytes"
"DHX33",5.58861117242198,1.05216036794045,0.263276682490465,3.99640544687644,6.4311551334629e-05,0.000465169357579854,"DHX33","Astrocytes"
"GPR146",2.83136175002803,-1.72243292755656,0.431106351676432,-3.99537821899069,6.45910529002397e-05,0.000466373765634792,"GPR146","Astrocytes"
"RSAD2",3.17972889633245,2.45156420242078,0.61364487277501,3.99508626436392,6.46707013082978e-05,0.000466404947175686,"RSAD2","Astrocytes"
"DENND2B",49.5651819164305,1.31620702040699,0.330120564033374,3.9870494716407,6.69000797649663e-05,0.000479411856324987,"DENND2B","Astrocytes"
"EIPR1",5.66176112645757,-1.00771921351843,0.252801550870919,-3.98620661165552,6.71380542944652e-05,0.00048083893946117,"EIPR1","Astrocytes"
"MALRD1",13.2227878202079,-1.16621257892194,0.293186450520909,-3.97771649013764,6.95802633041009e-05,0.000496536304536427,"MALRD1","Astrocytes"
"DPH1",3.24835390396417,-1.59967176800121,0.402488558123547,-3.97445277813383,7.05412556730592e-05,0.0005023072852211,"DPH1","Astrocytes"
"CCDC152",2.496437223922,-1.83954044046464,0.462864935771673,-3.97424885382129,7.06017155924311e-05,0.000502448875966135,"CCDC152","Astrocytes"
"PCAT6",3.35838002029865,-2.41948695318911,0.608880558842347,-3.97366432225925,7.07752905317298e-05,0.000503110748094822,"PCAT6","Astrocytes"
"SYNE2",5.57869619908747,1.35920667468663,0.342053921589374,3.97366201320245,7.0775976999207e-05,0.000503110748094822,"SYNE2","Astrocytes"
"CRY1",15.83116342386,1.13472932264815,0.285735121452786,3.9712630245759,7.14925934494572e-05,0.000507622009566874,"CRY1","Astrocytes"
"VEGFC",3.07118420430727,-1.45378283470791,0.366336514933073,-3.9684355106493,7.23460292946385e-05,0.000512799588297372,"VEGFC","Astrocytes"
"SEPTIN3",5.52258695267089,-1.09831425975735,0.276843706869746,-3.96727190289393,7.27000352834496e-05,0.000514719575137196,"SEPTIN3","Astrocytes"
"POLR2A",8.45205297094304,1.1398356939283,0.287386178832219,3.96621611575049,7.30226560281065e-05,0.000516413220785861,"POLR2A","Astrocytes"
"DIPK1B",7.44976421086884,1.06196768699053,0.267785176293613,3.96574486194164,7.31670954602323e-05,0.000517139351075375,"DIPK1B","Astrocytes"
"IL6R",16.7148567543679,1.90958739862661,0.481625619639675,3.96487919404133,7.34331272985337e-05,0.000518723568361519,"IL6R","Astrocytes"
"DHFR",1.19639511268682,-2.17176941687207,0.549041678452793,-3.95556385262436,7.63543504446571e-05,0.000537824756289072,"DHFR","Astrocytes"
"ENSG00000273338",6.16666044454983,2.51406907046049,0.63563473047058,3.95521035894192,7.64673389440227e-05,0.000538314416227307,"ENSG00000273338","Astrocytes"
"LINC01159",7.9639722097868,-1.09920142080566,0.277922753545923,-3.95506091811959,7.65151527993344e-05,0.000538344964269408,"LINC01159","Astrocytes"
"FAM76A",4.0736680811772,1.07982385347679,0.273068288956534,3.95440956400717,7.67238850258145e-05,0.000539445682209938,"FAM76A","Astrocytes"
"ENSG00000288736",1.54746754130074,-2.04637054029398,0.51750499926458,-3.95430100811017,7.67587250305993e-05,0.000539445682209938,"ENSG00000288736","Astrocytes"
"TSC22D3",10.5460504076759,-1.45516436134073,0.368385379387855,-3.95011431712837,7.81138756140407e-05,0.000546797129298285,"TSC22D3","Astrocytes"
"TOM1L1",9.85780105520884,-1.12071486202701,0.283782994545614,-3.94919668749519,7.84139015741537e-05,0.000547638016737342,"TOM1L1","Astrocytes"
"ACBD3",10.2743597496032,1.12516518363672,0.285035791313919,3.9474522776599,7.89872560978612e-05,0.000550773826769659,"ACBD3","Astrocytes"
"NPTN",24.6186508662294,1.10431384209957,0.280320047811758,3.93947507757685,8.16600841361354e-05,0.000568088102167284,"NPTN","Astrocytes"
"GADD45A",13.0563100085779,1.58185681513213,0.401702994613757,3.93787658131129,8.22058556738344e-05,0.000571243047592083,"GADD45A","Astrocytes"
"SFRP2",3.09148773874011,-2.17306142169218,0.551988496362471,-3.93678751642897,8.25796656235411e-05,0.000573197309089859,"SFRP2","Astrocytes"
"ENSG00000289512",1.68428739722084,-1.99361622314772,0.506482109834695,-3.93620265047149,8.27810771177916e-05,0.000573951891349167,"ENSG00000289512","Astrocytes"
"ST6GALNAC6",14.9724880824969,1.53964499543935,0.391238699574385,3.93530853955469,8.30898815566671e-05,0.000575770567048802,"ST6GALNAC6","Astrocytes"
"SPDYE18",3.9477427192623,-1.33878354150474,0.340470127952377,-3.9321615366268,8.41854625090066e-05,0.000583036119826079,"SPDYE18","Astrocytes"
"PCDH15",3.33313001266891,-1.97119036506413,0.501660265187131,-3.92933325968887,8.51817183948024e-05,0.00058894763756719,"PCDH15","Astrocytes"
"SLIT1",4.61521213084181,-1.95738985551778,0.498537372469847,-3.92626503770521,8.62750884767474e-05,0.00059584184082965,"SLIT1","Astrocytes"
"CHCHD2",50.1870694215739,1.58118621430208,0.402876911181576,3.92473773109683,8.68242792337422e-05,0.000598299972037524,"CHCHD2","Astrocytes"
"LMNA",30.6603571331755,1.27508507589548,0.324969816915456,3.92370309340823,8.71981903947264e-05,0.000600273567161219,"LMNA","Astrocytes"
"ENSG00000247121",5.15034334676184,-1.05767756335032,0.269562851326165,-3.9236770131599,8.72076352517994e-05,0.000600273567161219,"ENSG00000247121","Astrocytes"
"ZNF570",1.69558517654516,-1.97399755601948,0.503706717828842,-3.91894228555879,8.89384060686991e-05,0.000610828775567777,"ZNF570","Astrocytes"
"LINC00899",2.64483613482093,-1.60426446680695,0.409411108074822,-3.91846834432681,8.9113429825677e-05,0.000611691575128247,"LINC00899","Astrocytes"
"DCAF1",4.43442368728294,1.32681198916801,0.338645530248757,3.91799646135409,8.92880167050579e-05,0.000612550421528384,"DCAF1","Astrocytes"
"LINC00534",3.08940109172474,-1.67086897546989,0.428248886550626,-3.90163063569895,9.55468746100525e-05,0.000652236465433451,"LINC00534","Astrocytes"
"ENSG00000246090",5.31478192544283,-1.2730657508997,0.326333263805782,-3.90112162043454,9.57480293049973e-05,0.000653249502415307,"LOC100507053","Astrocytes"
"LPCAT1",10.6427328106461,1.07066646238994,0.274758792846139,3.8967504963144,9.74919646475601e-05,0.00066441551911433,"LPCAT1","Astrocytes"
"ARHGEF37",2.72361227478701,-1.82412771032705,0.468168393789317,-3.89630683003334,9.76706397152225e-05,0.000665267069083389,"ARHGEF37","Astrocytes"
"ZNF107",2.77151124834213,-1.85756413076595,0.476798378459065,-3.89591117480159,9.78302403312151e-05,0.000665621904407383,"ZNF107","Astrocytes"
"PRKCQ-AS1",3.24437705129785,1.6250762005488,0.417161543268095,3.89555611434782,9.79736753000112e-05,0.0006662317524657,"PRKCQ-AS1","Astrocytes"
"ENSG00000257239",1.11339628134978,-2.24234504086384,0.575831270981796,-3.89410084839718,9.85636411618173e-05,0.000669875723659047,"ENSG00000257239","Astrocytes"
"ENSG00000244701",4.68769589386706,-1.37019627316329,0.3518930093587,-3.89378656785589,9.86914903323907e-05,0.0006703767003763,"ENSG00000244701","Astrocytes"
"UTP4",3.38660877838115,1.1441311758765,0.293913285832024,3.89275079089276,9.91139530359875e-05,0.000672877237085874,"UTP4","Astrocytes"
"ENSG00000262528",1.69105888965308,-2.01164085207596,0.517454187443859,-3.88757285357597,0.000101251602809826,0.00068626086348882,"ENSG00000262528","Astrocytes"
"CCDC148",3.88639982121098,-1.44968203368404,0.373110165404739,-3.88539945597963,0.000102161768191833,0.000691889188402766,"CCDC148","Astrocytes"
"FAP",8.21870015326199,-1.32934458286563,0.342295414166838,-3.88361785711129,0.000102913611938807,0.000695621864977207,"FAP","Astrocytes"
"SAMD9L",4.54185815958831,-1.16862203972416,0.300972811086185,-3.88281597765162,0.000103253710610626,0.000697217932023405,"SAMD9L","Astrocytes"
"ARHGAP1",14.5184133359652,1.54310834258467,0.39743554577242,3.88266313619638,0.000103318655032137,0.000697217932023405,"ARHGAP1","Astrocytes"
"URB1-AS1",3.16771891149144,-1.41711428793709,0.36497747477304,-3.88274451407809,0.000103284071661609,0.000697217932023405,"URB1-AS1","Astrocytes"
"BLTP3B",15.4058619521537,1.00439032146823,0.25871950746895,3.88215922059442,0.000103533048849914,0.000698284174242094,"BLTP3B","Astrocytes"
"LINC02208",3.06501756326166,-2.6146963055241,0.674444418538164,-3.87681509944344,0.000105832723002504,0.000711469385960919,"LINC02208","Astrocytes"
"ENSG00000289440",1.45864777802247,-2.43510802634201,0.628187220391714,-3.87640491129949,0.000106011212078409,0.000712282603997252,"ENSG00000289440","Astrocytes"
"ENSG00000258416",4.8977232735311,-1.6085141903744,0.4152042778369,-3.87403087163341,0.000107049842943043,0.000718481412012848,"ENSG00000258416","Astrocytes"
"HEPN1",28.4428517532309,-1.19768507903449,0.309395975422841,-3.87104285179422,0.000108370737454653,0.000726166039989702,"HEPN1","Astrocytes"
"BRK1",11.4361109808014,-1.24451894734457,0.32160597980889,-3.86970089326111,0.000108968959008802,0.000729385199678916,"BRK1","Astrocytes"
"SNHG16",2.95625623474056,1.26618560240721,0.327407549255306,3.86730729113354,0.000110043726877475,0.000734499080286467,"SNHG16","Astrocytes"
"CITED1",2.12365143615422,3.54948047366342,0.917829005568289,3.86725681159499,0.000110066500359099,0.000734499080286467,"CITED1","Astrocytes"
"SEC14L6",1.71428038350995,-1.93836176369637,0.501270748630915,-3.86689582224871,0.000110229487747798,0.000735041328368866,"SEC14L6","Astrocytes"
"H2AC6",6.27217859357907,-1.08303380404548,0.280169411432937,-3.86563900215323,0.000110798722585626,0.00073804227099398,"H2AC6","Astrocytes"
"POLH",3.51298654997797,1.24174250861984,0.321382500863911,3.86375270987656,0.000111658262605499,0.000742569423117021,"POLH","Astrocytes"
"DKC1",3.85110658144641,1.05676826349435,0.273781511409057,3.85989637523563,0.000113435118243101,0.000753576753864981,"DKC1","Astrocytes"
"BBC3",2.88647941992457,-1.96419977513131,0.509087863201636,-3.85827264232648,0.000114191224465348,0.00075778667339464,"BBC3","Astrocytes"
"CD38",11.8050307125822,-1.309315511531,0.339563993828462,-3.85587263469525,0.000115317520613879,0.000764032561670233,"CD38","Astrocytes"
"PDK3",13.4462901818085,1.00408521724277,0.260535903154189,3.85392264592622,0.000116240334067871,0.000767682163606639,"PDK3","Astrocytes"
"ENSG00000272447",2.05768445072087,-1.71167223994278,0.444571167327355,-3.85016475592176,0.000118038395968172,0.000777070418540069,"LOC642361","Astrocytes"
"DNAJB1",61.7428392374158,1.32139532559922,0.343248564728325,3.84967472957996,0.000118274785783029,0.000778212897104806,"DNAJB1","Astrocytes"
"CHCHD1",3.59369710980403,-1.48452009214045,0.38569826242663,-3.84891568554277,0.000118641831810735,0.000780213384658702,"CHCHD1","Astrocytes"
"ATXN1L",4.87715413422309,1.01312377528363,0.263322233145397,3.84746765657355,0.000119345026745521,0.000784421160397974,"ATXN1L","Astrocytes"
"ADAMTSL5",1.16230293220182,-2.85357499900522,0.741748802431104,-3.84709080709337,0.000119528676624823,0.000785211460289219,"ADAMTSL5","Astrocytes"
"FBXO16",3.40872510569515,-1.41046253897505,0.366880231882733,-3.84447679761028,0.000120809914330502,0.000792367144679344,"FBXO16","Astrocytes"
"ZNF781",1.80663411383942,-1.88443011110668,0.490374318813403,-3.84284013010017,0.00012161869495999,0.000796904956364912,"ZNF781","Astrocytes"
"TCEAL6",1.04060749665574,-2.30181721635102,0.599153237924351,-3.84178382199053,0.000122143390986495,0.000799842205492209,"TCEAL6","Astrocytes"
"RHBDL3",3.32931512786109,-1.80326571352459,0.469431131649874,-3.84138501250819,0.000122342044548881,0.000800719628778432,"RHBDL3","Astrocytes"
"SEC23IP",12.4720099270385,1.02980788037738,0.268138575722549,3.84058085488959,0.000122743535357867,0.000802499048752094,"SEC23IP","Astrocytes"
"ENSG00000275645",2.73691346846321,-1.45348304188977,0.378749175384027,-3.83758734369794,0.000124249046854499,0.000810203237071751,"ENSG00000275645","Astrocytes"
"STEAP2-AS1",4.07635320753086,-1.31197421957441,0.341941903465539,-3.83683370267788,0.000124630805314672,0.000812227897485226,"STEAP2-AS1","Astrocytes"
"ENSG00000285095",1.61495144130051,-2.05641536582679,0.535983266175855,-3.83671561334171,0.000124690723824551,0.000812227897485226,"LOC112268208","Astrocytes"
"IGFBP7",84.8760001403082,1.28949123032218,0.336180545020973,3.83571045207786,0.000125201842884334,0.000814934669736637,"IGFBP7","Astrocytes"
"ENSG00000287494",2.07907405237765,2.36150219842343,0.615673620767404,3.83563972658103,0.000125237880683907,0.000814934669736637,"ENSG00000287494","Astrocytes"
"RHPN2",12.9834928612312,1.05325987881792,0.274610520512206,3.83546805436793,0.00012532539601938,0.000815075829258394,"RHPN2","Astrocytes"
"TADA1",1.65594671713551,-1.88139563317985,0.49061733506083,-3.83475164599836,0.000125691230426309,0.000817025987595266,"TADA1","Astrocytes"
"ZBTB8A",5.96239828156046,1.06438200311323,0.27761251057453,3.8340563287672,0.000126047257017453,0.000818480956291098,"ZBTB8A","Astrocytes"
"ZSCAN23",3.54899582769032,-1.3616027913396,0.355301937254676,-3.83224139406709,0.00012698105066242,0.000822818603010336,"ZSCAN23","Astrocytes"
"LINC02123",1.32817142193091,-3.13794245372207,0.819098589216407,-3.83097040458096,0.000127638859232701,0.000825018032286381,"LINC02123","Astrocytes"
"ADAMTS17",42.2749237442821,-1.31969631630866,0.344472892225653,-3.83105999366758,0.000127592386826827,0.000825018032286381,"ADAMTS17","Astrocytes"
"MYCBP",11.4403828003646,1.67898938448908,0.438653886346338,3.82759491423596,0.000129401491276466,0.000835183217482106,"MYCBP","Astrocytes"
"HSP90B1",31.2718151645961,1.42675629654531,0.372760357844398,3.82754299517246,0.000129428780937427,0.000835183217482106,"HSP90B1","Astrocytes"
"SHOC1",5.99641603996523,-1.35873646746551,0.355244803011147,-3.8247891480706,0.000130884054229553,0.000843694556754063,"SHOC1","Astrocytes"
"CFAP100",2.48775502519511,-1.68067585479677,0.439472489060861,-3.82430276440814,0.000131142680983116,0.000844921861921921,"CFAP100","Astrocytes"
"MMGT1",1.98098956470578,-2.05828301044835,0.539007154924578,-3.81865619341614,0.000134180615203325,0.000863147302889754,"MMGT1","Astrocytes"
"FMO2",1.02226390539806,-2.78149410718985,0.72854713722083,-3.81786430154725,0.000134611927957938,0.000865472224248781,"FMO2","Astrocytes"
"MT1JP",3.45809359707178,-3.20548497474206,0.840491125707425,-3.81382369985651,0.000136833097874697,0.000877929663721438,"MT1JP","Astrocytes"
"CORO6",3.88717727694598,1.08232850910463,0.283827832740601,3.81332760305367,0.000137108176100654,0.000878783925804557,"CORO6","Astrocytes"
"CELF2-AS2",1.32865241297172,-2.44610912860729,0.642385734930024,-3.80785094624455,0.000140179720070374,0.000897077764150614,"CELF2-AS2","Astrocytes"
"ENO4",4.10612619455892,-1.19768490224744,0.314751987185363,-3.80517026423762,0.000141706678364841,0.000905799279598884,"ENO4","Astrocytes"
"ANKRD29",9.48036822119006,-1.09302364816533,0.287403051621649,-3.80310383622591,0.000142894425671206,0.000912093645920902,"ANKRD29","Astrocytes"
"ATP6V1G2",3.7576059835722,-1.79778658404043,0.473030729070464,-3.80057039332983,0.000144363399390494,0.000920521099203131,"ATP6V1G2","Astrocytes"
"ABCF1",4.5824754811449,1.24044361282584,0.326444500457546,3.79986065345634,0.000144777472985558,0.000922498435946785,"ABCF1","Astrocytes"
"FLNA",38.511373436502,1.31241173858967,0.345391179409181,3.79978359851184,0.000144822495314589,0.000922498435946785,"FLNA","Astrocytes"
"CYP2J2",9.71773545904265,-1.45817740341788,0.383933088229507,-3.79799878708607,0.000145869037243124,0.000927733070457939,"CYP2J2","Astrocytes"
"ENSG00000275390",2.61118371552286,-1.68527620604636,0.443706000207334,-3.79818214146049,0.000145761198271579,0.000927733070457939,"ENSG00000275390","Astrocytes"
"LINC00539",1.79762626383114,-2.61361744443211,0.688153863113588,-3.79801318357303,0.000145860567303253,0.000927733070457939,"LINC00539","Astrocytes"
"LTBP1",63.8470834872785,1.27095431364505,0.334715633175499,3.79711667957456,0.000146388895367289,0.000929607021196481,"LTBP1","Astrocytes"
"ENSG00000285847",7.27745899110454,-1.06261001139475,0.279941377289994,-3.79583047594278,0.000147150029251971,0.000933005024181849,"ENSG00000285847","Astrocytes"
"PHKG1",24.6854216505189,1.00774039429418,0.265618013799758,3.79394597481589,0.00014827194837258,0.000937239171361745,"PHKG1","Astrocytes"
"CMTM5",5.19667634697287,-1.13393003989402,0.299552373716392,-3.78541497043051,0.000153452297762248,0.000966530927360078,"CMTM5","Astrocytes"
"RAP1GAP",7.46612295949571,1.73648574538343,0.45908231136924,3.7825150357117,0.000155251712105064,0.000975384044138511,"RAP1GAP","Astrocytes"
"SLC20A1-DT",2.97610800258802,-1.46827933001754,0.388278719020036,-3.78150863823615,0.000155880812024054,0.0009783436874272,"SLC20A1-DT","Astrocytes"
"NECAB1",2.11840470629192,-1.71186903140996,0.452722695074055,-3.78127504990653,0.000156027170965601,0.00097876618949698,"NECAB1","Astrocytes"
"DR1",3.72751727022419,1.10080361949465,0.291585840851461,3.77523001898922,0.000159860082210347,0.00100128851695029,"DR1","Astrocytes"
"APOC1",13.2334188484672,-1.21108488871589,0.320913745395594,-3.7738641803048,0.000160738292427339,0.00100628021998369,"APOC1","Astrocytes"
"GRIA1",30.4015635795728,-1.21169327879704,0.321624409871739,-3.7674170293239,0.000164945334720312,0.00102845824765439,"GRIA1","Astrocytes"
"CLDN15",4.57312144962608,1.16008382434726,0.307915681317611,3.76753733159387,0.000164865892555226,0.00102845824765439,"CLDN15","Astrocytes"
"GRK5",4.53174027447076,1.02587920082916,0.272346358609686,3.76681812845311,0.000165341357918229,0.00103040867393127,"GRK5","Astrocytes"
"ENSG00000254865",2.39515141540336,-2.10923119774949,0.559983050167336,-3.76659828742889,0.000165486952112286,0.00103079724748815,"ENSG00000254865","Astrocytes"
"KLC2",7.21688793346378,1.13028222898104,0.300277812993064,3.76412169022672,0.000167135483615369,0.00103947606425139,"KLC2","Astrocytes"
"OPALIN",4.81613635763776,-1.07339552431208,0.285241140396388,-3.76311608774398,0.000167809256465475,0.001042640252289,"OPALIN","Astrocytes"
"SNHG32",6.82963698718928,-1.01664051030774,0.270353204304783,-3.7604159822039,0.000169631041723749,0.00105343088749508,"SNHG32","Astrocytes"
"SLC25A4",7.61890892967802,-1.16362132050927,0.309770144485472,-3.75640242038833,0.00017237343762371,0.00106885341917597,"SLC25A4","Astrocytes"
"ACADL",1.48568289058169,-1.95107494739791,0.519580584687733,-3.75509594641706,0.000173275087297505,0.00107384682032678,"ACADL","Astrocytes"
"CRADD-AS1",3.20214421852642,-2.0802796488147,0.554024520315158,-3.75485122505286,0.000173444471736523,0.00107388144675668,"CRADD-AS1","Astrocytes"
"ENSG00000289225",2.51373451811945,-1.86641757799826,0.497680910313549,-3.75022939260896,0.000176672874273331,0.00108951205285192,"ENSG00000289225","Astrocytes"
"AKIP1",2.25886369565706,-1.51681015794167,0.404822843194079,-3.74684922909473,0.000179069641265205,0.00110374284110853,"AKIP1","Astrocytes"
"ENSG00000281732",0.668942338748759,-2.39907406073356,0.64056028658855,-3.74527442765829,0.000180196692679258,0.00110958510464806,"LOC284933","Astrocytes"
"TTN",4.63050373166712,-1.23789708655375,0.330579080732153,-3.74463224899806,0.000180658197707328,0.00111187398718183,"TTN","Astrocytes"
"GTF3C6",11.0149720555441,-1.12271575768021,0.300005511371283,-3.74231710793723,0.000182331227312256,0.00112105639911006,"GTF3C6","Astrocytes"
"ENSG00000261526",7.05313809875841,-1.06748928104854,0.285560991979338,-3.73821814264388,0.000185329111112516,0.00113835832485431,"ENSG00000261526","Astrocytes"
"GRM7",10.6053675121026,-1.0892532992522,0.291398665979637,-3.73801745313521,0.00018547707386851,0.00113870233302616,"GRM7","Astrocytes"
"ENSG00000260257",4.81832171025348,1.18368289909213,0.316847953912444,3.73580729960851,0.000187113920316132,0.00114761350929899,"LOC119746555","Astrocytes"
"SEL1L3",8.73379878153523,-1.15424823873841,0.309584046903768,-3.72838410209554,0.000192711500228277,0.00117786105988487,"SEL1L3","Astrocytes"
"CHI3L2",8.09202871351563,4.2107811158407,1.12963030942967,3.72757448228054,0.000193331434990574,0.00117990298644075,"CHI3L2","Astrocytes"
"SLC12A5",1.94876876615514,-2.0293750512095,0.544517585769427,-3.72692288411936,0.000193831731447175,0.00118237356182777,"SLC12A5","Astrocytes"
"IGHG1",1.30850484812032,-2.57183645251979,0.69036486369003,-3.72532929728378,0.000195060416843976,0.00118869741229279,"IGHG1","Astrocytes"
"FAM229B",6.39692615060264,-1.24767145834422,0.335032623224748,-3.72402975667016,0.000196067800842959,0.00119366154269339,"FAM229B","Astrocytes"
"RHOBTB1",4.69315278036157,1.09806588457667,0.294876707555714,3.7238135683172,0.000196235860280103,0.00119409762056438,"RHOBTB1","Astrocytes"
"EMG1",2.23263426849666,-1.71122920878755,0.459748142255854,-3.72210141054845,0.000197571638009722,0.00120163536025264,"EMG1","Astrocytes"
"ENSG00000251148",2.55682809572248,3.06946957146843,0.824845072162085,3.72126799936228,0.000198224929174613,0.00120501683749103,"ENSG00000251148","Astrocytes"
"ENSG00000288704",3.62510680728743,2.63673803301821,0.709313691088853,3.71730881011278,0.000201356261128972,0.0012192638540636,"ENSG00000288704","Astrocytes"
"BOLA2B",3.39118373222404,1.2243312796149,0.329411952089558,3.71671784174378,0.000201827626050857,0.00122152076900673,"BOLA2B","Astrocytes"
"EPS8L2",13.8865640887886,1.40885549198808,0.379093522890255,3.71637975042886,0.000202097758538055,0.00122255815533793,"EPS8L2","Astrocytes"
"CYP4A22-AS1",1.53808030199435,-2.13198264876973,0.574085793279695,-3.71370041503714,0.00020425057102976,0.00123317153635374,"CYP4A22-AS1","Astrocytes"
"JAG1",3.48537586004963,1.15342961947119,0.310579598066213,3.71379712850709,0.000204172489647082,0.00123317153635374,"JAG1","Astrocytes"
"G6PC3",4.9992133274262,-1.01081099496425,0.272211684888099,-3.71332698440104,0.000204552322663961,0.00123439152609543,"G6PC3","Astrocytes"
"NEU3",5.25758590499842,1.46658596886982,0.395076035770761,3.71216129575825,0.000205496956546346,0.00123905378303344,"NEU3","Astrocytes"
"PZP",2.37286650365142,-2.09682444351727,0.564857990429195,-3.71212672750552,0.000205525031926891,0.00123905378303344,"PZP","Astrocytes"
"TRAF5",3.65021937327161,1.34603817819368,0.362669574617364,3.71147257007657,0.000206057000214242,0.00124087789080055,"TRAF5","Astrocytes"
"PCDHB4",4.51808870772798,1.01741135456672,0.274134195147213,3.71136243700045,0.000206146688790633,0.00124087789080055,"PCDHB4","Astrocytes"
"ISOC2",3.61832354566373,-1.28903801331272,0.347561647328536,-3.70880395814859,0.000208240574696484,0.00125176846430416,"ISOC2","Astrocytes"
"ZNF876P",3.20162477008638,1.16755399687535,0.315083615809354,3.70553700126952,0.000210943330834147,0.00126494492286646,"ZNF876P","Astrocytes"
"SPDYE21",6.7122593332773,-1.55181400256048,0.418860670821846,-3.7048453355997,0.000211519756323911,0.00126656148092795,"SPDYE21","Astrocytes"
"STAT1",17.2227174340451,1.09422145289786,0.295411893936508,3.70405347705138,0.00021218149738431,0.00126990985118893,"STAT1","Astrocytes"
"MYH9",12.0413051686837,1.1775928296581,0.317985699966251,3.70328863776919,0.000212822504340323,0.00127251621016235,"MYH9","Astrocytes"
"PTPN23-DT",2.62413264954544,-1.51147097312301,0.408162737560178,-3.70310867218781,0.000212973596415816,0.00127280504074182,"PTPN23-DT","Astrocytes"
"ACSM6",2.02379540522612,-2.14759876210642,0.580447514693877,-3.69990172709938,0.000215682970913774,0.00128775420869106,"ACSM6","Astrocytes"
"ENSG00000272384",1.41031391129268,-2.26012904654577,0.611500661611976,-3.6960369602673,0.000218991105738023,0.00130425179059691,"ENSG00000272384","Astrocytes"
"ZNF551",4.40235738079644,1.36440934803235,0.369164755258841,3.69593610602316,0.000219078068678153,0.00130425179059691,"ZNF551","Astrocytes"
"ABCC10",6.54470057052837,1.03100585388357,0.279102926079634,3.69399872787218,0.000220754905860422,0.00131297214182018,"ABCC10","Astrocytes"
"MARCHF9",2.74001368848136,-1.50845226831425,0.4085860223554,-3.6918841707271,0.000222598843690338,0.00132266865711011,"MARCHF9","Astrocytes"
"GFRA1",6.28495551517431,-1.04021936837254,0.282500508649725,-3.68218582453004,0.000231242754516728,0.00136877582656819,"GFRA1","Astrocytes"
"COL21A1",34.5206112099557,1.19977024567111,0.326061178164533,3.67958630470783,0.000233612619758445,0.00138082342265815,"COL21A1","Astrocytes"
"PLEKHA2",7.67373519527144,1.05915126782943,0.288240444056756,3.67454078588944,0.000238277581046587,0.00140237228426801,"PLEKHA2","Astrocytes"
"EPDR1",4.25507717686973,-1.24467108259979,0.338842429126652,-3.67330350513619,0.000239434810549116,0.00140851366224689,"EPDR1","Astrocytes"
"ENSG00000287550",2.10982914754839,-2.03053801884393,0.552815114986521,-3.67308701190893,0.000239637838064002,0.00140903862713511,"ENSG00000287550","Astrocytes"
"TRAF3IP2",21.2513791237117,1.05552072482323,0.287377745856579,3.67293828433748,0.000239777408478054,0.0014091901514873,"TRAF3IP2","Astrocytes"
"AKAP1-DT",2.32642425212764,-1.94564522270313,0.529797252320644,-3.67243358507564,0.000240251602137341,0.0014106380224119,"AKAP1-DT","Astrocytes"
"PINLYP",2.41738343952035,-1.46038327922762,0.397862887690669,-3.67056924485764,0.000242010894450987,0.00141818495744194,"PINLYP","Astrocytes"
"CA12",6.42384274241591,-1.38724682423569,0.377962068545212,-3.67033345323578,0.000242234259150428,0.00141824436456726,"CA12","Astrocytes"
"TNR",6.44453216342421,-1.00718112260039,0.274438360922165,-3.66997208122097,0.000242576961150969,0.00141957963607394,"TNR","Astrocytes"
"SERAC1",4.43820350012233,1.003074298883,0.273585952636795,3.66639547540898,0.000245993399885784,0.00143889290070178,"SERAC1","Astrocytes"
"ETFBKMT",1.53418952691105,-1.7904128240626,0.489016658782265,-3.66125119033989,0.000250986531650849,0.00146671364862316,"ETFBKMT","Astrocytes"
"SMOC1",7.78590891957197,1.17034561266385,0.320030954607549,3.65697628874381,0.000255207977823165,0.00148927445305573,"SMOC1","Astrocytes"
"CHRNA4",1.18197163860956,-1.95554398244549,0.53514262362884,-3.65424822486538,0.000257936634503807,0.00150378029428467,"CHRNA4","Astrocytes"
"ELAC1",2.6698568345202,-1.43504486010182,0.393090839333361,-3.65066981091571,0.000261557314104589,0.00152202266003625,"ELAC1","Astrocytes"
"EXPH5",8.0242522879361,1.18151000140579,0.323861729929819,3.64819270761575,0.000264091525928187,0.00153532646270833,"EXPH5","Astrocytes"
"MGAT5B",4.86879361850219,-1.13058713557776,0.310435621624093,-3.64193751239925,0.000270593764296917,0.00156724161987311,"MGAT5B","Astrocytes"
"ZBTB49",4.3258575832215,1.16135079822625,0.319070371696555,3.63979517136343,0.000272855000335379,0.00157812399306539,"ZBTB49","Astrocytes"
"REL-DT",2.05608715178661,-1.72461563003163,0.473998877676452,-3.63843821421205,0.000274296414251657,0.00158572012029798,"REL-DT","Astrocytes"
"CBR1",14.8634308560085,-1.00277504787263,0.275646682480994,-3.63789993352004,0.000274870171919379,0.00158829553844035,"CBR1","Astrocytes"
"TESK1",5.49734699801017,1.12234222052981,0.308752171720914,3.63509093482366,0.000277882600250117,0.00160345770684865,"TESK1","Astrocytes"
"ENSG00000289159",8.31296416668841,1.18695081820904,0.326766450551668,3.63241335273297,0.000280782871981727,0.00161793127210318,"ENSG00000289159","Astrocytes"
"ENSG00000260850",2.74386715299398,-1.72488953320169,0.47494948764518,-3.63173259066721,0.000281524761237841,0.00162145168298055,"LOC102723323","Astrocytes"
"DLG2-AS2",3.16004527431039,-1.84025524584587,0.507035054434642,-3.62944382198152,0.000284032534478515,0.00163285741617802,"DLG2-AS2","Astrocytes"
"LINC00540",1.58381887591469,-1.93301599890607,0.53283124260178,-3.62782030097799,0.000285824077359814,0.00164239422271303,"LINC00540","Astrocytes"
"LAMP5",1.52629510022051,-2.31625054558361,0.638611395267256,-3.62701098469167,0.00028672110074797,0.00164678450397129,"LAMP5","Astrocytes"
"ENSG00000231918",10.5617382570756,-1.19762346229862,0.330394981364155,-3.62482340789137,0.000289158966680056,0.00165617737483771,"NRXN1-DT","Astrocytes"
"GRK7",3.48625829782982,2.47398678639585,0.682612933853085,3.62428935008769,0.000289757070097602,0.00165778009226565,"GRK7","Astrocytes"
"VPS25",3.22868913598682,-1.46577122968502,0.404438200341425,-3.62421558707269,0.000289839769998632,0.00165778009226565,"VPS25","Astrocytes"
"GOLGB1",62.6095235678053,1.33687699224812,0.369134640869013,3.62165140909251,0.000292728397956108,0.00167275300041093,"GOLGB1","Astrocytes"
"EPHX2",7.5116625353175,-1.2761026378437,0.352815855534728,-3.61690841787605,0.00029814273106262,0.00169742594884985,"EPHX2","Astrocytes"
"ENSG00000273064",9.29467195469389,-1.42974892389394,0.395374302635954,-3.61619082060172,0.000298970022572516,0.00170099837687496,"ENSG00000273064","Astrocytes"
"RASSF7",1.19059351556395,-2.04478527250967,0.565881071455286,-3.61345409071743,0.000302144873673306,0.00171784204347867,"RASSF7","Astrocytes"
"GALNT16",12.374359306971,1.7114116659328,0.473734163145936,3.61259921506988,0.000303143059554858,0.00172193601214119,"GALNT16","Astrocytes"
"RCC2",6.33583444741948,1.00154762705955,0.277277325574915,3.61207907997131,0.000303751899603055,0.00172435567431417,"RCC2","Astrocytes"
"PRKAR2B",6.40806659849414,1.45016205411018,0.401484793090163,3.61199746308826,0.000303847539477794,0.00172435567431417,"PRKAR2B","Astrocytes"
"CLIP1",103.480823997325,1.30701256892226,0.361978949482796,3.61074192515823,0.000305322355562564,0.00173193162113203,"CLIP1","Astrocytes"
"SETMAR",2.65759605131701,-1.79005013257814,0.496288214742756,-3.60687616470196,0.000309905468595915,0.00175391198246034,"SETMAR","Astrocytes"
"ENSG00000258637",1.73923205759988,-1.70775525625247,0.473549600897784,-3.60628591601556,0.000310610889499321,0.00175710125384655,"ENSG00000258637","Astrocytes"
"EHD2",3.2842387319075,-1.28433579391356,0.356164957391574,-3.60601391927936,0.000310936465334803,0.00175813984029263,"EHD2","Astrocytes"
"ENSG00000258378",3.36666351762427,-1.44789850753686,0.402154575705673,-3.60035318508111,0.000317785225724455,0.00179113994089482,"ENSG00000258378","Astrocytes"
"PSTPIP1",1.43549094586516,-1.98315203064485,0.551695001532047,-3.59465288816769,0.00032482435379413,0.00182665757176781,"PSTPIP1","Astrocytes"
"MSH2",4.84183534773604,-1.14490396170022,0.318671343550846,-3.59274213031819,0.000327216365639344,0.00183677255471985,"MSH2","Astrocytes"
"PPP1R18",2.47676700152146,2.05348519938607,0.571833353427343,3.59105530847107,0.000329341730159992,0.00184452222730492,"PPP1R18","Astrocytes"
"KIF6",9.91444056574803,-1.14309878951987,0.31873792327633,-3.58632815878913,0.000335366885270037,0.00187233910743863,"KIF6","Astrocytes"
"ABHD11",3.38891413220233,-1.44774893707283,0.403701713687898,-3.58618476956005,0.00033555124871199,0.00187252416079341,"ABHD11","Astrocytes"
"TMEM116",6.27553224975405,1.12552386037896,0.313874815260588,3.58590051082791,0.000335917016220794,0.00187372090624418,"TMEM116","Astrocytes"
"SLC6A9",4.90766098319623,1.05299372963005,0.293715947986751,3.58507509329232,0.000336981230708295,0.00187712036880829,"SLC6A9","Astrocytes"
"PMS2",2.5245036162957,1.652001704706,0.46094850404307,3.58391813882888,0.00033847820761942,0.00188376433480956,"PMS2","Astrocytes"
"OSTM1-AS1",2.57335327367586,-1.43978125925824,0.401824670585069,-3.58310816795263,0.000339529924551942,0.00188876866834083,"OSTM1-AS1","Astrocytes"
"EMSY-DT",1.84532064262345,-1.94636581393484,0.543289278198324,-3.5825588540776,0.000340244927088873,0.00189189624254222,"EMSY-DT","Astrocytes"
"LINC02406",16.0562471183751,-1.09893977733776,0.306856401638102,-3.58128353024819,0.0003419103600808,0.00189879643459275,"LINC02406","Astrocytes"
"LAMB2",18.6885073700078,1.14886939106952,0.320880821041411,3.58036166618153,0.000343118958800476,0.00190360307653508,"LAMB2","Astrocytes"
"DNAJA2",1.7073242835843,-1.98979056218514,0.555779078529388,-3.58018255643987,0.00034335424165967,0.00190405534011271,"DNAJA2","Astrocytes"
"ENSG00000226530",2.40913461748926,-1.50365352714819,0.420648668944786,-3.57460664482825,0.000350754826037685,0.00194161690246967,"ENSG00000226530","Astrocytes"
"ENSG00000228566",2.57253316517746,-1.51580874728966,0.424171753160328,-3.5735730538302,0.000352142937925412,0.00194755962498007,"LOC124902438","Astrocytes"
"ENSG00000289986",2.99256186842757,-1.37141588957767,0.383961763127597,-3.57175120357472,0.000354602198730101,0.00196028527985484,"ENSG00000289986","Astrocytes"
"ANGPTL1",7.76644229423663,-1.76056243881878,0.493118714521168,-3.57026084586617,0.000356625922295382,0.00197059294769465,"ANGPTL1","Astrocytes"
"SP2-DT",2.11536226786208,-1.71887578032325,0.481579267048629,-3.56924788489635,0.00035800755926915,0.00197734505193126,"SP2-DT","Astrocytes"
"ENSG00000287720",10.932912433313,1.46641652667793,0.410966984475632,3.56821005597076,0.000359428305403594,0.00198342277442634,"ENSG00000287720","Astrocytes"
"RPL23AP7",3.50895147749342,-1.25618322556585,0.352160728493455,-3.56707356592487,0.000360990161809576,0.00199026766415315,"RPL23AP7","Astrocytes"
"NRSN1",0.930634619713725,-2.13329541725352,0.598430487300583,-3.56481740573822,0.000364109581984241,0.00200568013955109,"NRSN1","Astrocytes"
"SORCS3",3.30533736171645,-1.29172099686509,0.36260248547254,-3.56236112166118,0.000367534345138698,0.00202184708833962,"SORCS3","Astrocytes"
"TRIM52",3.9023591019986,-1.08533970375017,0.304751848070507,-3.56138842347256,0.00036889887099193,0.00202845236211948,"TRIM52","Astrocytes"
"ARFIP2",5.37734786711836,1.09961703530072,0.308796396689492,3.56097754730745,0.000369476680213937,0.00203072779897434,"ARFIP2","Astrocytes"
"C8orf82",3.64665662893372,-1.21863256396002,0.342296171410371,-3.5601700099036,0.000370614774884778,0.00203607930674277,"C8orf82","Astrocytes"
"MAP2K3",6.16815558026758,1.81757068296398,0.510630838578968,3.55946124997482,0.00037161635823284,0.00204067643636242,"MAP2K3","Astrocytes"
"TMEM184C-DT",0.923323202318506,-2.53998272204031,0.713728215783357,-3.55875341043163,0.000372619165998315,0.00204256004097262,"TMEM184C-DT","Astrocytes"
"LINC02580",1.95010628203391,-1.54161919612083,0.434011826737321,-3.55202116889288,0.000382284103773574,0.00208814470976099,"LINC02580","Astrocytes"
"LINC01937",5.11090346829463,1.90912709734535,0.53773872179292,3.55028756526957,0.000384810563416586,0.00210101816877759,"LINC01937","Astrocytes"
"ADAMTS3",4.10926845453416,1.03097979392189,0.290423715804692,3.54991599451614,0.000385354097257096,0.00210305852196325,"ADAMTS3","Astrocytes"
"ENSG00000289001",4.15598524695371,-1.14091579268604,0.321504842637097,-3.54867374104801,0.000387176479711883,0.0021120732811772,"ENSG00000289001","Astrocytes"
"OSMR",23.7131420496947,1.29086693085382,0.363808357658141,3.54820581682955,0.00038786500906876,0.00211489758137316,"OSMR","Astrocytes"
"MARCHF2",6.42070769563499,1.21407932146053,0.342276601038904,3.54707075439999,0.000389539959378377,0.00212037010100456,"MARCHF2","Astrocytes"
"SVEP1",2.06628913238323,2.35781639170766,0.66503293109152,3.54541298855347,0.000391998383064676,0.00213086741768652,"SVEP1","Astrocytes"
"ZDHHC18",7.18416321487896,1.01694308589525,0.287041809637274,3.54283958556537,0.000395843410314281,0.00214799691057044,"ZDHHC18","Astrocytes"
"ENDOU",3.16259830841506,1.52321282313406,0.430593287065213,3.53747461674518,0.000403973013967581,0.00218463346946611,"ENDOU","Astrocytes"
"AXIN1",4.01083376225339,1.00060848601763,0.283146573698058,3.53388873101695,0.000409493429567914,0.0022123722244064,"AXIN1","Astrocytes"
"COLGALT1",8.39066340199766,1.36543857605233,0.386859230505869,3.52954891180142,0.000416268750291254,0.00224127848743906,"COLGALT1","Astrocytes"
"ENSG00000287817",1.16314285123565,-2.0913686573522,0.592653381514265,-3.52882261805143,0.000417412814896814,0.0022463376301031,"ENSG00000287817","Astrocytes"
"HEATR4",4.04874624713016,-1.12335916219912,0.318524467906282,-3.52675940276476,0.000420678850300551,0.00226096623405891,"HEATR4","Astrocytes"
"DNASE2",4.98224863734328,-1.05081372963093,0.298113783960645,-3.52487468264686,0.00042368317266614,0.0022731666928617,"DNASE2","Astrocytes"
"MAGOHB",2.17875534477979,-1.42614277719564,0.404620205747687,-3.52464547478618,0.000424049902865276,0.002274148959368,"MAGOHB","Astrocytes"
"LAMA4-AS1",2.61339836814057,-1.33492773544571,0.379145950893819,-3.52088089639012,0.000430115762735745,0.0023026906571365,"LAMA4-AS1","Astrocytes"
"ENSG00000254033",8.54354150041663,-1.38904694877859,0.394810847510254,-3.51825933238198,0.000434387631501255,0.00232254837689121,"ENSG00000254033","Astrocytes"
"MEGF11",5.75439904386755,2.26510839581141,0.643975426794198,3.51738327514677,0.000435823984231453,0.00232821759997329,"MEGF11","Astrocytes"
"CEACAM16-AS1",2.98037142007888,1.29317460399735,0.367916275944627,3.51486109353851,0.000439984061195929,0.00234336457195234,"CEACAM16-AS1","Astrocytes"
"ZNF677",3.51934012002729,-1.23952526007832,0.352871952787937,-3.51267719150019,0.000443616094354873,0.00235865096453258,"ZNF677","Astrocytes"
"SPTLC3",1.52895414881638,-1.72496243397979,0.491182451465644,-3.51185680358218,0.00044498769242337,0.00236492815248008,"SPTLC3","Astrocytes"
"METTL4",3.17789056849353,-1.16752807802199,0.33248508711585,-3.51152013508257,0.000445551709648792,0.00236589486302787,"METTL4","Astrocytes"
"ACSM5",1.34109131549814,-2.22423472935344,0.63351468383546,-3.51094423871497,0.000446518049973216,0.002368518437411,"ACSM5","Astrocytes"
"FEZF2",2.84808081173931,-1.44109718536974,0.410987821278637,-3.50642308788202,0.000454172671646497,0.00240137497566122,"FEZF2","Astrocytes"
"ENSG00000248458",4.02013967864917,-1.73551707465051,0.494993943927501,-3.50613799611394,0.000454659432755451,0.00240256613847079,"ENSG00000248458","Astrocytes"
"ENSG00000253557",1.85064528967876,2.6894297319343,0.767493465314228,3.5041728086026,0.00045802802933196,0.00241763047195979,"LOC100128993","Astrocytes"
"FBXO8",2.43980983315903,-1.60466100591413,0.458527572973651,-3.49959544528055,0.000465964753988699,0.00245324895775598,"FBXO8","Astrocytes"
"ENSG00000286117",0.948859558554372,-2.64602874329442,0.756602210039171,-3.49725219961679,0.000470077203672218,0.00247174777625184,"ENSG00000286117","Astrocytes"
"FRMD3",4.14021437524204,1.6412430626819,0.46931453485563,3.49710682450262,0.000470333452527335,0.00247204547650509,"FRMD3","Astrocytes"
"RBM42",3.93072262675597,1.15807991820342,0.331336134242517,3.49518147439898,0.00047373953067525,0.00248783571176914,"RBM42","Astrocytes"
"SPP1",19.6061665184775,1.09311579045794,0.312890213567509,3.49360811894517,0.000476539975178138,0.00249936235181317,"SPP1","Astrocytes"
"ENSG00000291259",6.21371297827178,1.05812811787517,0.303777138399058,3.48323815100648,0.000495387468350429,0.00258398610808061,"ENSG00000291259","Astrocytes"
"ENSG00000261840",3.82369753657245,-1.16774005295946,0.335281350150158,-3.48286611359828,0.000496076393288149,0.00258431383175732,"LOC730183","Astrocytes"
"C19orf18",9.02180996537223,1.06014309184439,0.304551564470698,3.48099703144487,0.000499551027778993,0.00260132059587354,"C19orf18","Astrocytes"
"EXOSC2",2.52240954171795,1.39629461915756,0.401383285258966,3.47870643954866,0.000503840194852118,0.00262034990880041,"EXOSC2","Astrocytes"
"ENSG00000274422",4.51663944942325,1.32958753415787,0.382258417936697,3.47824265410436,0.000504712809005309,0.00262281460351624,"ENSG00000274422","Astrocytes"
"SHMT1",4.70568725689018,1.23866038201803,0.356161214981685,3.47780816639939,0.000505531577424801,0.00262583788726984,"SHMT1","Astrocytes"
"ALMS1P1",3.29827186209816,1.35761940598507,0.391324306067131,3.46929486601369,0.000521826392541366,0.00269915464446104,"ALMS1P1","Astrocytes"
"NPIPB4",3.35101335787515,1.05275370764269,0.303486925358643,3.46886017049533,0.000522671412652815,0.00270126882424032,"NPIPB4","Astrocytes"
"F8",4.15076281759077,-1.26633675091107,0.365053130448998,-3.46891081129352,0.000522572904610492,0.00270126882424032,"F8","Astrocytes"
"PON1",2.45453514971316,-1.46481638693514,0.42271954696803,-3.46522037469424,0.000529797151831821,0.00273467200130614,"PON1","Astrocytes"
"ODAD4",1.61987188819964,-1.65671100234435,0.479054582173505,-3.45829277913956,0.000543610278972893,0.00279664565206537,"ODAD4","Astrocytes"
"TMEM123-DT",1.15527762335092,-2.12313636142861,0.614074366457057,-3.45745804971177,0.000545297133230523,0.00280299476994336,"TMEM123-DT","Astrocytes"
"PREB",2.17434000641997,-1.45308816020263,0.420349592515819,-3.45685635498254,0.000546516084744041,0.00280809488688193,"PREB","Astrocytes"
"LINC00862",3.41800202923828,1.51963970209002,0.43993612274182,3.45422806524535,0.000551870462171448,0.00283443049899172,"LINC00862","Astrocytes"
"SLC9A7",1.95893344356463,-1.5382201838618,0.445381910565585,-3.45371050635718,0.000552930580113425,0.00283869791606324,"SLC9A7","Astrocytes"
"KIF24",3.48808548103361,-1.54954190865343,0.448984959463974,-3.45121117309446,0.000558076724877826,0.00286105134754757,"KIF24","Astrocytes"
"RFTN1",9.71867498579,1.15136236739136,0.333839957057946,3.44884530161713,0.000562989138988672,0.00287959294014735,"RFTN1","Astrocytes"
"ENPP5",4.36032772743171,-1.00286397879101,0.290794588059461,-3.44870234856622,0.000563287248154681,0.00287992815602783,"ENPP5","Astrocytes"
"TGDS",2.76820123679775,-1.28059175467133,0.371684557158997,-3.44537250742847,0.000570272912058291,0.00291203689485271,"TGDS","Astrocytes"
"ANKRD31",1.86291967669875,-1.71935226234677,0.499142105779029,-3.4446147548769,0.00057187382688294,0.00291900807843835,"ANKRD31","Astrocytes"
"PANX2",1.79023525781057,-1.74059333235063,0.505688852134621,-3.44202432978939,0.000577378317391077,0.00294225337623609,"PANX2","Astrocytes"
"ENSG00000289146",2.69050893592065,-1.38238740300209,0.401659199646972,-3.44169237058956,0.00057808726497488,0.00294344350418747,"ENSG00000289146","Astrocytes"
"DAGLB",4.94223737260131,1.04083299382772,0.3025419140198,3.44029354478005,0.000581083575539251,0.0029562686589575,"DAGLB","Astrocytes"
"LONRF3",4.18304056266917,1.01527566081425,0.295372442804223,3.4372727908378,0.000587603479556387,0.00298453399809136,"LONRF3","Astrocytes"
"ENSG00000285820",2.86431459391066,-1.39761608983278,0.407499556403756,-3.4297364693276,0.000604167727517651,0.00305363631422493,"ENSG00000285820","Astrocytes"
"RIMS1",21.2864011006107,1.06589018769837,0.310965058582894,3.42768474553302,0.000608751938083886,0.00307555089730427,"RIMS1","Astrocytes"
"RNF5",3.91578163203071,-1.11969481869434,0.32675527668782,-3.42670768791928,0.000610946358010295,0.00308537877293699,"RNF5","Astrocytes"
"FOSL1",2.34615255112033,4.43131712119607,1.29347853672408,3.42589149752653,0.000612785119328143,0.00309340323385259,"FOSL1","Astrocytes"
"ENSG00000288581",0.997471453961994,-2.88072419176586,0.84127266519187,-3.42424556384327,0.000616508848864223,0.0031096656111958,"ENSG00000288581","Astrocytes"
"ARRDC1",3.98120775268713,-1.16506530875333,0.340505893585395,-3.42157164002551,0.000622603200973281,0.00313657259465099,"ARRDC1","Astrocytes"
"CELF4",2.25072182157893,-1.58012578263906,0.461927013729296,-3.42072607939112,0.000624542020092119,0.0031450605265558,"CELF4","Astrocytes"
"CPS1",2.35612835591216,-1.46497206883305,0.428319429908958,-3.4202792741493,0.000625568784241486,0.00314639246761264,"CPS1","Astrocytes"
"ENSG00000248758",1.39771008794551,-3.14923583193655,0.920995830576703,-3.41938120389164,0.000627637313554743,0.00315219842768569,"ENSG00000248758","Astrocytes"
"SNX16",2.65402014284535,-1.26089479167838,0.368850018989095,-3.41844849333099,0.000629792364992118,0.00315865486257489,"SNX16","Astrocytes"
"AP4B1",3.03696743111755,-1.20621713501702,0.353455808080226,-3.41263916858099,0.000643370671859422,0.00321244315711098,"AP4B1","Astrocytes"
"LCNL1",119.719394854749,1.12074867602603,0.328576047374835,3.41092628321595,0.000647425927947566,0.00323008673077144,"LCNL1","Astrocytes"
"METTL21A",2.80443343990766,-1.32756770592717,0.389493579178995,-3.40844567637167,0.000653340922851401,0.00325697288553498,"METTL21A","Astrocytes"
"TMEM254-AS1",5.3640871265178,1.25966069907456,0.369775205822937,3.4065580364459,0.000657875620375584,0.00327430619256867,"TMEM254-AS1","Astrocytes"
"YIPF1",6.30968406295306,1.0990641928549,0.322727515908496,3.40554845396734,0.000660312947211736,0.00328379727924616,"YIPF1","Astrocytes"
"LINC02175",5.22076563291838,-1.05802971419049,0.310793299840084,-3.40428739852141,0.000663369172571186,0.00329767180407427,"LINC02175","Astrocytes"
"PDGFD",1.05821115266566,-2.09168306925325,0.61453192576896,-3.40370122615833,0.000664794261247809,0.00330078080875366,"PDGFD","Astrocytes"
"CDO1",4.28819276833937,-1.02705061543793,0.301844787673064,-3.40257860125898,0.000667531510378527,0.00331000048784369,"CDO1","Astrocytes"
"LINC02231",1.31469606293052,-2.36271546218216,0.695484344290179,-3.39722307422115,0.000680734493670224,0.00336642780955207,"LINC02231","Astrocytes"
"CCDC180",4.14617326807845,-1.01859139484448,0.299968394074668,-3.39566239298841,0.000684627477005255,0.00338027992334771,"CCDC180","Astrocytes"
"AKIRIN2",6.04418042633939,-1.0363159119128,0.3052762689691,-3.39468218545903,0.000687083088829946,0.00338970115098853,"AKIRIN2","Astrocytes"
"TMEM98",3.06740523193642,-1.51541585829511,0.446606327988725,-3.39318044399354,0.00069086112915213,0.00340562633849157,"TMEM98","Astrocytes"
"TMEM30A-DT",2.85730972873092,-1.21970372494157,0.359826362459642,-3.38970084516355,0.000699689331505519,0.00344366176153928,"TMEM30A-DT","Astrocytes"
"MIEN1",6.54425579054744,-1.03974663034435,0.307299021904415,-3.38350126824601,0.000715678769579593,0.00351676595385083,"MIEN1","Astrocytes"
"FAM215B",13.1148835621556,-1.63020304504904,0.481935810193735,-3.38261446974383,0.00071799348443155,0.00352674070516298,"FAM215B","Astrocytes"
"SNHG3",6.4733417690115,-1.2773745603845,0.377902140193774,-3.38017286625981,0.000724402527279371,0.00355540090975048,"SNHG3","Astrocytes"
"MYO5C",6.7720517457594,1.01611304526236,0.300807976749008,3.37794581195631,0.000730294700178035,0.00358148089992262,"MYO5C","Astrocytes"
"HOMER1",12.4634317234479,1.14143113943132,0.338005882286846,3.37695643551746,0.00073292657357313,0.00358861678442065,"HOMER1","Astrocytes"
"SLC25A11",7.66220169953252,-1.15583494570097,0.342417780544684,-3.37551088574426,0.000736787772280603,0.00359770674814481,"SLC25A11","Astrocytes"
"MIER3",3.11331813917911,-1.34832621944087,0.399941155679541,-3.37131150493858,0.000748112142885227,0.00364863043140912,"MIER3","Astrocytes"
"LINC01994",1.80677144687162,-1.5177386406294,0.450253926448208,-3.37085042789512,0.000749365318033892,0.00365323672075513,"LINC01994","Astrocytes"
"ANKRD7",2.89086173775176,-1.32248337687599,0.392341332886612,-3.37074701547745,0.000749646653269707,0.00365323672075513,"ANKRD7","Astrocytes"
"ENSG00000257496",3.69344843267915,-1.15265203167288,0.342357456186019,-3.36680861142569,0.000760434435455222,0.00369998413133281,"LOC124902923","Astrocytes"
"ENSG00000287783",1.23904900833651,-1.73347454597235,0.515381531272734,-3.36347820165682,0.000769669143272382,0.00373318174741164,"ENSG00000287783","Astrocytes"
"ENSG00000228484",5.37349985312645,1.08568673220614,0.322879441017582,3.36251428330186,0.000772361303096418,0.00374477291160648,"LOC101927692","Astrocytes"
"PPP1R3C",45.1924156635397,-1.04845784720799,0.311945668301252,-3.36102710743677,0.000776532039852866,0.00376057733652641,"PPP1R3C","Astrocytes"
"PDZD4",14.2075430212606,1.35537044366717,0.403260068222122,3.36103311603025,0.000776515146961381,0.00376057733652641,"PDZD4","Astrocytes"
"TOP3A",4.80722589055035,1.10018924983398,0.327458807934697,3.35977907197837,0.000780048239685314,0.00377465312701182,"TOP3A","Astrocytes"
"RNF207",0.794609200254025,-2.33164992718965,0.694868717846201,-3.35552582424027,0.000792142603623959,0.00382421125172533,"RNF207","Astrocytes"
"ACAP1",2.60415610824767,1.24164094942707,0.370069599711767,3.35515522051565,0.000793204638815753,0.00382641703416215,"ACAP1","Astrocytes"
"RPS6KA6",0.948767929211777,-2.11592758179214,0.631483247124448,-3.35072639128168,0.000805998961611011,0.0038790070507692,"RPS6KA6","Astrocytes"
"PLOD3",12.8058181907307,1.48610287346114,0.443611047282161,3.35001322118989,0.000808077032268295,0.00388447899478971,"PLOD3","Astrocytes"
"ZNF446",5.73585694317297,1.1943142938489,0.356576968144977,3.34938709042844,0.000809905580764744,0.00389175817097781,"ZNF446","Astrocytes"
"ENSG00000287232",9.10546254287493,-1.05425567766682,0.314974756614098,-3.34711165110439,0.00081658313873879,0.00391656429683558,"LOC124909426","Astrocytes"
"CPNE4",2.622459452408,-1.29548329510108,0.38704773860176,-3.34708917246518,0.000816649359156058,0.00391656429683558,"CPNE4","Astrocytes"
"BAP1",4.99587599364112,1.08043982438727,0.322902271369938,3.34602732834124,0.000819783156505613,0.00392703088085455,"BAP1","Astrocytes"
"TTYH3",11.6542577926611,1.03378708912647,0.309103031101911,3.34447412385817,0.000824387195431722,0.00394755863922313,"TTYH3","Astrocytes"
"ENSG00000274213",1.57022018676077,3.50012305679795,1.04778395181187,3.34050073084761,0.000836274606053536,0.00399521159211456,"ENSG00000274213","Astrocytes"
"RMC1",6.54494822792031,1.06684697815762,0.31988379763976,3.33510789239492,0.000852663096139939,0.00406566311879125,"RMC1","Astrocytes"
"ENSG00000258380",3.33181837508821,-1.36411803191779,0.409357405684435,-3.33233993809644,0.000861189929955549,0.00410000572958076,"ENSG00000258380","Astrocytes"
"ENSG00000258580",1.79176223345534,-1.90055568067641,0.570409296760955,-3.33191568136886,0.000862503842832945,0.00410468296917769,"ENSG00000258580","Astrocytes"
"ZNF852",4.31395180380928,-1.07934959740726,0.324055445924626,-3.33075592767021,0.000866105064085766,0.00411865553324656,"ZNF852","Astrocytes"
"PTGR2",3.69505532853086,-1.42860888208181,0.429420901899989,-3.3268266070908,0.000878410133081661,0.00416437698236991,"PTGR2","Astrocytes"
"ENSG00000282917",2.32440946389517,-1.53780125929707,0.462260757560586,-3.32669653252043,0.000878820232890605,0.00416472672938552,"LOC101927179","Astrocytes"
"LDLR",13.8693620721062,1.64905445134275,0.495930799065823,3.32517047630244,0.000883644866698093,0.00418438790987476,"LDLR","Astrocytes"
"SERGEF",23.5999392626353,1.02543739417331,0.308583261989468,3.32304930462595,0.000890391753217265,0.00421472518352041,"SERGEF","Astrocytes"
"HMGB2",5.96928361472304,-1.27679016578425,0.384271106024805,-3.32262859675385,0.00089173557559993,0.0042162511006697,"HMGB2","Astrocytes"
"PRSS23-AS1",4.41861833868615,-1.49831903086755,0.4509294679704,-3.32273478957003,0.000891396197923754,0.0042162511006697,"PRSS23-AS1","Astrocytes"
"LINC01619",4.85066471278005,1.73459484827004,0.522359831103914,3.32068958021577,0.000897953504353644,0.00424079261800578,"LINC01619","Astrocytes"
"MT1H",21.7045644875766,-2.05525813201094,0.619012668224778,-3.32021982345703,0.000899465928944192,0.00424469763647711,"MT1H","Astrocytes"
"KCNJ16",1.7791790963344,-2.18324789396601,0.657544660546351,-3.32030358538987,0.000899196076939361,0.00424469763647711,"KCNJ16","Astrocytes"
"DCDC2",3.68061455624576,1.14879241624584,0.346138774798006,3.31887814913608,0.00090379858286443,0.00426189560228874,"DCDC2","Astrocytes"
"RORB-AS1",2.11800334544561,-1.57889182976994,0.475901436240553,-3.31768662486629,0.000907662567364833,0.00427523224483786,"RORB-AS1","Astrocytes"
"JHY",2.67374539165358,1.36624859900668,0.412191786705421,3.31459442684891,0.000917761766084241,0.00431623393445543,"JHY","Astrocytes"
"DNASE1L1",2.44040153967925,1.74365090274002,0.526096526836884,3.31431745657702,0.000918671420752656,0.00431887175519367,"DNASE1L1","Astrocytes"
"C2orf73",3.37929230105921,-1.27852904015437,0.385773995925579,-3.31419186792728,0.000919084167346885,0.00431917238871213,"C2orf73","Astrocytes"
"GBP1",4.09085092646753,1.96354738667712,0.592921037072083,3.31165073240335,0.000927472601558859,0.00435622616435634,"GBP1","Astrocytes"
"ENSG00000290791",3.00111735791945,-1.2590924454218,0.380207778678549,-3.31159044088445,0.000927672486102533,0.00435622616435634,"ENSG00000290791","Astrocytes"
"CALCB",2.01659616915571,-1.60553069229829,0.484922544346745,-3.31090132025342,0.00092995996556677,0.00436522275781201,"CALCB","Astrocytes"
"GVQW3",2.8019973814909,-1.22779360552291,0.371027870761127,-3.30916813069651,0.000935736267165826,0.00438577675863528,"GVQW3","Astrocytes"
"TPST1",144.779115859752,1.53413491401899,0.463682988042507,3.30858572253323,0.000937684742220953,0.00439324637265307,"TPST1","Astrocytes"
"HAPLN3",1.64320633805444,2.01616486910971,0.610158150320831,3.30433161967856,0.000952031454967821,0.00445540646518009,"HAPLN3","Astrocytes"
"DHCR7",3.01836871006941,-1.26261154803901,0.382137986841713,-3.30407232862198,0.000952912439274307,0.00445616115390247,"DHCR7","Astrocytes"
"IL13RA1",4.10780898425556,1.55111446963798,0.469678061610363,3.30250568723552,0.000958251447384804,0.00447774629168529,"IL13RA1","Astrocytes"
"RTN4IP1",3.47455137660398,-1.32081521693895,0.400109766096687,-3.30113216136736,0.000962955110824703,0.00449802834301859,"RTN4IP1","Astrocytes"
"LPAR6",2.73315407593099,-1.36045230905264,0.412275532169591,-3.29986187124248,0.00096732426585439,0.00451673317649883,"LPAR6","Astrocytes"
"ENSG00000254363",2.28598348706195,1.46592207100271,0.444450018813047,3.29828329160074,0.000972779363316229,0.00453707226212613,"ENSG00000254363","Astrocytes"
"ENSG00000227885",3.05524234356368,-1.5938780271949,0.483505105988481,-3.2965071256825,0.000978951312528653,0.00456070508015136,"LOC124901333","Astrocytes"
"ISCA2",3.20960333420802,-1.22575323536726,0.372157850302464,-3.29363799358539,0.000988997822419492,0.00460058603870044,"ISCA2","Astrocytes"
"INSIG1",14.212680990677,-1.22184496905882,0.371176372984032,-3.29181773946421,0.000995421000362649,0.00462698883164065,"INSIG1","Astrocytes"
"SYCP3",7.39173411434037,-1.72920402413247,0.525970238253203,-3.28764614111118,0.0010102873789021,0.00468729434730035,"SYCP3","Astrocytes"
"ASF1A",4.66191147275438,-1.17818289695434,0.358396815806859,-3.28736987883638,0.00101127911811767,0.00469013832196671,"ASF1A","Astrocytes"
"EVI5L",7.62186034785035,1.06972878271128,0.32557828032389,3.28562698238683,0.0010175566541698,0.00471572007806311,"EVI5L","Astrocytes"
"ENSG00000241219",1.8548832721565,-1.44218092556886,0.439049478187647,-3.28477995583105,0.00102062046671513,0.00472461429507795,"LOLI1","Astrocytes"
"MRPL14",2.06783687851702,-1.48540152682007,0.452590285940834,-3.28200046037722,0.00103073436823086,0.00476965010530746,"MRPL14","Astrocytes"
"LINC01995",1.13930251862061,-2.50681787188487,0.764617875689791,-3.27852375884278,0.00104351579517846,0.00481081760673673,"LINC01995","Astrocytes"
"ENSG00000290569",18.3876074480237,1.19843274056427,0.365770100631567,3.27646447452913,0.001051155357449,0.00484063101200853,"ENSG00000290569","Astrocytes"
"KCND2",39.0061323420208,-1.00920659949555,0.308011989872084,-3.27651725478178,0.00105095890805674,0.00484063101200853,"KCND2","Astrocytes"
"SLC46A3",3.93766456679604,-1.08888948099708,0.332560710009805,-3.27425774669828,0.0010593993231003,0.00486592797401745,"SLC46A3","Astrocytes"
"CCDC3",5.02725264344694,-1.08654140065173,0.332852801319737,-3.26433004722712,0.0010972326809513,0.00501551579483939,"CCDC3","Astrocytes"
"GAMT",3.5740002898845,-1.14491098563553,0.350907671735849,-3.26271289530933,0.00110351252600867,0.0050379740830359,"GAMT","Astrocytes"
"TBC1D7",1.53475059965347,-1.61182472580677,0.494528894776049,-3.25931354635344,0.00111682163758422,0.00509002662429347,"TBC1D7","Astrocytes"
"GLUD1P2",2.27292877304988,-1.40478029753773,0.431931847329015,-3.25231933284065,0.00114467340194135,0.00519402372159756,"GLUD1P2","Astrocytes"
"TMEM240",2.6457688947532,-1.31625928707951,0.40484513970094,-3.2512661212923,0.00114892260101764,0.0052037705078279,"TMEM240","Astrocytes"
"ENSG00000227088",4.88359372585317,-1.25455694413964,0.386011702604566,-3.25004898990024,0.00115385129488361,0.0052222736054619,"ENSG00000227088","Astrocytes"
"CYP2U1",2.75252554972451,-1.28903447120055,0.396750153173885,-3.24898292007868,0.00115818432126144,0.00523996947394241,"CYP2U1","Astrocytes"
"PLET1",2.66769104080763,1.57247116381247,0.484212964490728,3.24747844260286,0.0011643248398131,0.00526198339102395,"PLET1","Astrocytes"
"NIPBL-DT",2.11255650031177,-1.46561575946491,0.451425319005423,-3.24664057987254,0.00116775760280022,0.00527557183344585,"NIPBL-DT","Astrocytes"
"ENSG00000289552",1.79313552939072,-1.85279214458672,0.570868376300617,-3.2455680179612,0.00117216558890735,0.00529355451766585,"ENSG00000289552","Astrocytes"
"GPR158",7.4789023393412,1.66826250381584,0.514215723538548,3.24428528232428,0.00117745752997964,0.00531357747585198,"GPR158","Astrocytes"
"EEIG2",1.59147777338601,-1.65190563323324,0.509309757239329,-3.24342035422069,0.00118103825312924,0.00532779478633859,"EEIG2","Astrocytes"
"MOSPD1",1.43407903471713,-1.67576300273821,0.516747548307701,-3.24290460250111,0.00118317820386568,0.00533356232197621,"MOSPD1","Astrocytes"
"HSPB1",256.610550018888,1.35061006089738,0.417255255305246,3.23689167176416,0.00120839273691914,0.00543140735436285,"HSPB1","Astrocytes"
"SLC25A16",3.76051353655832,-1.01211310323583,0.313064039493093,-3.23292673561175,0.00122528982155091,0.00550336012341854,"SLC25A16","Astrocytes"
"ENSG00000229278",1.50030986389856,-1.82947972420511,0.567430206705164,-3.22414933605342,0.0012634749234886,0.00565435850291265,"ENSG00000229278","Astrocytes"
"TRIP10",6.38570074023491,1.37792427194277,0.427596573915312,3.22248669891279,0.00127083065986135,0.00568111771157514,"TRIP10","Astrocytes"
"FAM151A",2.06347132817102,-2.07907939888773,0.645858330921488,-3.21909511629489,0.00128595821682444,0.00573277685863955,"FAM151A","Astrocytes"
"FEZF1-AS1",1.47201273957119,-3.36101959564103,1.0440978549449,-3.21906570320307,0.00128609013270618,0.00573277685863955,"FEZF1-AS1","Astrocytes"
"ALK",29.7929972646258,1.0035185009286,0.31194208253969,3.21700263317605,0.00129537409855108,0.00576585818201223,"ALK","Astrocytes"
"ENSG00000287941",1.03884261382305,-2.88444340980062,0.896901526405672,-3.21600903207291,0.00129986741009518,0.00578177856494668,"ENSG00000287941","Astrocytes"
"SLC2A9",2.10424485130001,-1.33060729943645,0.414474157138733,-3.21035045615901,0.0013257323036438,0.0058756417738086,"SLC2A9","Astrocytes"
"ZNF436",3.37533937825032,1.46288689606784,0.455711432835911,3.21011673322357,0.00132681077559531,0.00587831765087537,"ZNF436","Astrocytes"
"TMEM199",5.30663871448844,-1.1356484776947,0.353845927665077,-3.2094434015067,0.00132992226924371,0.00588600676509911,"TMEM199","Astrocytes"
"ENSG00000289201",2.25232855974418,-1.35253122459158,0.421620813323481,-3.20793277241244,0.00133692745973673,0.00590609853565952,"ENSG00000289201","Astrocytes"
"MFSD13A",2.59334083674188,-1.31924342001133,0.411621378647386,-3.20499247232117,0.00135066012943253,0.0059541560636394,"MFSD13A","Astrocytes"
"ENSG00000275119",4.24474912661018,1.21555867247807,0.379298056642754,3.20475850374039,0.00135175844978198,0.00595687718279367,"ENSG00000275119","Astrocytes"
"GRIK1-AS1",1.73057517017993,-1.99940649798572,0.623928208470576,-3.20454576478731,0.0013527578268318,0.00595704131211172,"GRIK1-AS1","Astrocytes"
"ENSG00000237654",9.88871673407663,-1.45429114065281,0.454202975074504,-3.20185296103411,0.0013654667782746,0.00600446559494831,"NTM-AS2","Astrocytes"
"C8orf33",4.52059941601548,1.02769046148399,0.321078379698228,3.20074637990226,0.00137072125177405,0.00602146756830543,"C8orf33","Astrocytes"
"HEMK1",4.96425270466777,-1.00851400245167,0.315156437462968,-3.20004252672191,0.00137407311471657,0.00603374020550898,"HEMK1","Astrocytes"
"RALYL",5.00424246577487,-1.4339987730407,0.448230291874739,-3.19924556424544,0.00137787750401871,0.00604830100399278,"RALYL","Astrocytes"
"DNMBP",2.81319886115849,1.2578798573236,0.393409074051939,3.1973839453371,0.0013868020290965,0.00607455589893948,"DNMBP","Astrocytes"
"ETHE1",6.59454922629657,1.57120824743286,0.491420961048245,3.19727559866664,0.00138732307653658,0.00607468941186439,"ETHE1","Astrocytes"
"PKIB",3.34784436429279,-1.04232380910811,0.326040961479905,-3.1969106101791,0.00138907966288601,0.00608023098816454,"PKIB","Astrocytes"
"SLC4A7",6.78914503618708,1.01742215030321,0.318309367122861,3.19633116517903,0.00139187258102043,0.00608815195011514,"SLC4A7","Astrocytes"
"SLC39A8",3.00819526431682,-1.17702429373667,0.368365242172305,-3.19526426216431,0.00139702859049594,0.00610639076459981,"SLC39A8","Astrocytes"
"ENSG00000287092",1.27892859875608,-1.65967749907735,0.519911951272242,-3.192228020564,0.00141179833336396,0.00616181892670452,"ENSG00000287092","Astrocytes"
"GLRA1",2.28410453009944,-1.38205947681165,0.433657608974964,-3.18698311342541,0.00143765168220646,0.00624209003533052,"GLRA1","Astrocytes"
"LINC01600",3.50995972905581,-1.16655237461313,0.366162379115747,-3.18588812272375,0.00144310390992667,0.00626137201002871,"LINC01600","Astrocytes"
"CNTNAP5",2.34495046632812,-1.38386873417146,0.435120904334035,-3.18042346480574,0.00147059979639438,0.00635617357024487,"CNTNAP5","Astrocytes"
"EIF1AY",3.96131504631984,-1.2509423768182,0.39378778276067,-3.17669168923527,0.00148965307549377,0.00641836257266505,"EIF1AY","Astrocytes"
"ENSG00000289393",2.29911126430865,-1.44545929550484,0.455405700525286,-3.17400351782505,0.0015035186851477,0.00646460829103609,"ENSG00000289393","Astrocytes"
"HLA-DMA",2.64328973973252,1.29091177448222,0.406738957135413,3.1738090287045,0.00150452645958487,0.00646669599064194,"HLA-DMA","Astrocytes"
"PDLIM4",10.6502812204639,1.01917017904477,0.321165712213142,3.17334678107979,0.00150692416235682,0.00647475430342281,"PDLIM4","Astrocytes"
"RELT",5.0538438773886,1.25558637087659,0.395690873097597,3.17314968891613,0.00150794755981817,0.00647690413917046,"RELT","Astrocytes"
"ENSG00000267058",3.79071041330731,-1.2509874833371,0.394654113183247,-3.16983262443849,0.00152526770350409,0.00653936360019448,"ENSG00000267058","Astrocytes"
"DGUOK-AS1",3.88976111561731,1.04751820637231,0.330533634551785,3.16917280685452,0.00152873473408798,0.00654575456853783,"DGUOK-AS1","Astrocytes"
"LINC01719",5.82197788264519,1.42022074640123,0.448490440685353,3.16666893553171,0.00154195753956982,0.00659097694597621,"LINC01719","Astrocytes"
"SLCO3A1",20.9618636426172,1.46574693235469,0.463022001675799,3.1656096838806,0.00154758302899532,0.0066127400441853,"SLCO3A1","Astrocytes"
"FAM153A",2.39887168000429,-1.31369424199947,0.415017195918643,-3.16539713274193,0.00154871412305899,0.0066152904400964,"FAM153A","Astrocytes"
"KCTD21-AS1",1.50620415684572,-1.5900087977339,0.502413492393169,-3.16474143670016,0.00155220821788483,0.00662564438540775,"KCTD21-AS1","Astrocytes"
"TMEM184C",10.3116248368461,-1.14888664972676,0.363046559490647,-3.16457109892087,0.0015531171066292,0.00662611731994242,"TMEM184C","Astrocytes"
"ENSG00000286244",0.93900874318837,-2.04993864616509,0.648115091855259,-3.16292379536641,0.00156193211470551,0.00665110226148499,"LOC112268419","Astrocytes"
"NPIPB5",2.46568299037678,1.1134985376156,0.352434177323187,3.15945106706976,0.00158066641333789,0.00672625161387047,"NPIPB5","Astrocytes"
"MGC32805",0.96555054073602,-2.81454980905081,0.89243455519393,-3.15378846848798,0.00161165858433115,0.00683933113426067,"MGC32805","Astrocytes"
"ENSG00000283128",3.09193700754031,1.1768072142156,0.373329904454782,3.15219113222186,0.00162050161757147,0.00686770570957055,"ENSG00000283128","Astrocytes"
"ENSG00000254682",2.02775581173836,-1.35576831734064,0.430104979401876,-3.15218000783444,0.00162056335971615,0.00686770570957055,"DHCR7-DT","Astrocytes"
"IGFL4",1.86982445570437,-1.44694287825781,0.459346546414322,-3.15000273661074,0.00163268933212785,0.00690963499649324,"IGFL4","Astrocytes"
"CCNG2",4.99972999269146,-1.03218772596196,0.327873367370672,-3.14812921293188,0.00164319041047592,0.00694932611097108,"CCNG2","Astrocytes"
"CEMIP",3.04097253300507,-1.43857302133585,0.457070495465414,-3.14737668610838,0.00164742578256104,0.00696485949656993,"CEMIP","Astrocytes"
"LINC00378",9.67706043827857,1.29783211972382,0.412727733172046,3.1445236542484,0.00166357461813773,0.00701875451325365,"LINC00378","Astrocytes"
"TICAM2-AS1",4.08369674139685,-1.37096513359457,0.436286530382567,-3.14235035492021,0.00167597359569163,0.00706625162936652,"TICAM2-AS1","Astrocytes"
"ENSG00000289827",0.980132313366261,-2.15729026373287,0.68678218070651,-3.14115643116076,0.00168282122442294,0.00708788272858138,"ENSG00000289827","Astrocytes"
"GPR39",3.02542134547083,-1.09992696187726,0.350353741947874,-3.13947542207472,0.00169250611665781,0.0071238284305145,"GPR39","Astrocytes"
"TRMO",2.32264242436661,-1.4340116079076,0.457024774504829,-3.13771088112522,0.00170272740011955,0.0071619814523371,"TRMO","Astrocytes"
"TMEM268",1.45525420801725,-1.51897908933574,0.484182476799337,-3.13720376535903,0.00170567540558341,0.00716951070853338,"TMEM268","Astrocytes"
"HPN",5.46069999072772,1.04284037995047,0.332440443133532,3.13692392574386,0.00170730420066343,0.00717392192630309,"HPN","Astrocytes"
"TENT5A",13.8804387141949,1.10637363567245,0.352845915778629,3.13557160844842,0.0017151954874106,0.00719975109173067,"TENT5A","Astrocytes"
"ZNF214",2.88453169243334,1.17190602753659,0.373796887851053,3.13514121070896,0.00171771405057139,0.00720299799804455,"ZNF214","Astrocytes"
"KDM4A-AS1",2.61322173635055,-1.23766071375434,0.395366471104006,-3.1304139430396,0.00174560136307162,0.00730756649050572,"KDM4A-AS1","Astrocytes"
"SDS",13.2259423763475,-1.20447437260887,0.385766488598158,-3.12228876330297,0.00179450831337046,0.00748699341120836,"SDS","Astrocytes"
"ENSG00000285336",5.21008543999981,1.82585340213027,0.585228677209937,3.11989735505611,0.00180914070219418,0.00753534790288279,"LOC101928882","Astrocytes"
"MRTO4",2.79021653311144,-1.23070221099921,0.394887746650904,-3.11658748957637,0.0018295738311922,0.00760766042701578,"MRTO4","Astrocytes"
"ZNF470",2.14352331346589,-1.26043851020056,0.404582177987054,-3.11540789184463,0.00183690706873366,0.00762790752251138,"ZNF470","Astrocytes"
"NOD1",16.1417803131099,1.67099621721173,0.536384249949282,3.11529694872608,0.00183759815952336,0.0076282192455172,"NOD1","Astrocytes"
"RFXAP",2.92818175407563,-1.14468161988802,0.367479917456964,-3.11495013879792,0.00183976006114971,0.00763207666238423,"RFXAP","Astrocytes"
"ENSG00000287286",1.56610205259309,-1.76837022548025,0.56809185316308,-3.112824476595,0.00185306189434271,0.00767183732452215,"ENSG00000287286","Astrocytes"
"ENSG00000226605",4.15376116627219,1.38428292160309,0.444961497862869,3.1110173088048,0.00186444010464961,0.00771120969134139,"ENSG00000226605","Astrocytes"
"ENSG00000287401",1.34453626219812,-1.88469103017881,0.606533968758333,-3.10731323760327,0.00188796236148679,0.0077928793074303,"ENSG00000287401","Astrocytes"
"SPOPL-DT",4.68890065763282,-1.07462642299459,0.346077863966243,-3.10515792798412,0.00190177453359823,0.00784026617638032,"SPOPL-DT","Astrocytes"
"NAMPT",37.4412814124196,1.70963346297416,0.55077658644563,3.10404164782507,0.00190896457064566,0.00786645866166561,"NAMPT","Astrocytes"
"MANEA-DT",1.70410225701827,-1.48533012157979,0.478836036731202,-3.10195976835718,0.00192244083394101,0.00790883217498056,"MANEA-DT","Astrocytes"
"VASH1-DT",2.66139349080567,-1.28905575487905,0.416617820099094,-3.09409653809921,0.00197413238540544,0.00808121696809112,"VASH1-DT","Astrocytes"
"CCDC92B",1.89091812201459,-1.4383351846603,0.465383141619472,-3.09064737423681,0.00199720664876577,0.00816512935334198,"CCDC92B","Astrocytes"
"KBTBD4",2.70298945890893,1.37126774825346,0.44406783032586,3.087969122301,0.00201529409415,0.00821982436359005,"KBTBD4","Astrocytes"
"NEDD1",2.30117488432544,-1.40999213416714,0.456683515782481,-3.08746010188534,0.00201874869216511,0.00823120350842296,"NEDD1","Astrocytes"
"BPNT2",3.93358908294548,-1.01208114493846,0.32813261970284,-3.08436615004935,0.00203986375365112,0.00829000093910792,"BPNT2","Astrocytes"
"RPP25L",4.26004063368451,-1.06192426822964,0.344443467697652,-3.08301468257713,0.00204915044465746,0.00831955080530931,"RPP25L","Astrocytes"
"IL1R1",4.56919654666588,1.81227761488102,0.587916909942021,3.08254037982977,0.00205241882939538,0.00833008927053525,"IL1R1","Astrocytes"
"TCEAL5",0.829775795814438,-2.08415109056184,0.676653839293316,-3.08008463047883,0.00206941783133478,0.0083908320253499,"TCEAL5","Astrocytes"
"MMP14",2.27514619908299,1.47659304877184,0.479709472044035,3.07809858846459,0.00208325981780521,0.00843866742685047,"MMP14","Astrocytes"
"SAMD1",3.82127952393403,1.02438495624955,0.33301356374181,3.07610580403796,0.00209723410811109,0.00848971884953895,"SAMD1","Astrocytes"
"FBXO30",3.33709851152329,-1.06562198552696,0.34678802883765,-3.072833826181,0.00212036525422556,0.00856375829845893,"FBXO30","Astrocytes"
"BRICD5",6.71289165823297,1.00772008758198,0.328872474899866,3.06416670440057,0.00218277241900213,0.00876151405656513,"BRICD5","Astrocytes"
"SLC5A9",2.09099930347575,-1.46068561640086,0.476777998840155,-3.06365985837063,0.00218647353245728,0.00876993652460276,"SLC5A9","Astrocytes"
"TXLNGY",5.86659481700497,-1.41169237432056,0.461022528206794,-3.06208978509471,0.00219797513056069,0.00880541120728989,"TXLNGY","Astrocytes"
"CFL2",4.37043325257749,-1.26604019980113,0.414495395465687,-3.05441318203,0.00225501271962747,0.00901206822149202,"CFL2","Astrocytes"
"HCFC1",3.69923179037241,-1.01970582110039,0.334105393635688,-3.05204836714574,0.00227285474284774,0.00906725524506558,"HCFC1","Astrocytes"
"PANK1",1.94571447310594,-1.56601711138996,0.513834244355591,-3.0477087282377,0.00230593319263433,0.00918146968629932,"PANK1","Astrocytes"
"GTF2F1",3.57688143273607,1.02941801066216,0.338242415936395,3.04343264522961,0.00233895794106266,0.0092920488239265,"GTF2F1","Astrocytes"
"ZFPM2-AS1",4.85588602287305,-1.3453344089873,0.442060201402428,-3.04332849851502,0.00233976765571109,0.00929228443895779,"ZFPM2-AS1","Astrocytes"
"POMZP3",2.89844395038074,1.16853601205643,0.384023887203532,3.04287324563513,0.00234331014725101,0.00930175182659862,"POMZP3","Astrocytes"
"ENSG00000284959",13.4577080434223,-1.35960151845195,0.446821517078163,-3.04282910846059,0.00234365385601128,0.00930175182659862,"ENSG00000284959","Astrocytes"
"CXXC4-AS1",1.42547101401708,-1.75262881200729,0.576049109824061,-3.04249895038043,0.00234622635567354,0.00930599646454371,"CXXC4-AS1","Astrocytes"
"TPM2",7.88954277487629,1.15131769823188,0.378982569704475,3.03791728239548,0.00238219334523514,0.00941548043218855,"TPM2","Astrocytes"
"ZSCAN31",2.77971721562814,-1.15829881118653,0.381384096196974,-3.03709258654639,0.00238872072379873,0.00943525637090897,"ZSCAN31","Astrocytes"
"MTX1",6.84529137664272,1.30524990327309,0.429848964154541,3.03653146132469,0.00239317132510953,0.00944680921862648,"MTX1","Astrocytes"
"MINCR",3.12358507916408,-1.1062236419106,0.364431263204628,-3.03547953647834,0.00240153519548439,0.0094768038004089,"MINCR","Astrocytes"
"ETV6",63.8985258674816,1.24841496790101,0.411300042680845,3.03529014916671,0.00240304385613921,0.00947973624420894,"ETV6","Astrocytes"
"LINC00839",2.1283499050726,-1.75956983176268,0.581137408240767,-3.02780341931402,0.00246338276812597,0.00968998374132905,"LINC00839","Astrocytes"
"PIWIL2",3.08827432109388,1.57505035512142,0.520933242540455,3.02351669369439,0.0024985524346274,0.00982208723745747,"PIWIL2","Astrocytes"
"RNF112",2.74986124176641,-1.28012812452103,0.423471492177389,-3.02293813909154,0.00250333410379795,0.00983776141140274,"RNF112","Astrocytes"
"ENSG00000275055",1.85257621553146,-1.49017476341232,0.493056029402123,-3.02232337614713,0.00250842420220753,0.00985463734008118,"ENSG00000275055","Astrocytes"
"PBLD",3.20758227902545,1.12618380876654,0.372942862239139,3.01972211508476,0.00253006701343102,0.0099239213897106,"PBLD","Astrocytes"
"ENSG00000225811",2.23080318463455,-2.10040861640607,0.695676468126593,-3.01923194565186,0.00253416435789815,0.00993369966567042,"ENSG00000225811","Astrocytes"
"RAD54L2",15.3398862970599,1.00637848579744,0.333563625876437,3.01705104431932,0.00255246826862958,0.00999911881380577,"RAD54L2","Astrocytes"
"BPGM",1.53141195036684,-1.50534230794816,0.501076222346649,-3.00421820236911,0.00266264288210599,0.010365138890009,"BPGM","Astrocytes"
"ENSG00000225885",2.3930812833208,1.03069649984422,0.343181350354272,3.00335813347729,0.00267018007417912,0.0103890417930144,"ENSG00000225885","Astrocytes"
"SPART-AS1",3.08740428885458,-1.8164786966074,0.604945104376831,-3.00271658281887,0.00267581497894723,0.0104015818168599,"SPART-AS1","Astrocytes"
"ENSG00000286808",2.51983274757833,1.95261709639946,0.650544755970474,3.00151077766598,0.00268643529374864,0.0104347955591247,"ENSG00000286808","Astrocytes"
"PCDHGA1",1.58613687550915,-1.54860187847807,0.516107955168737,-3.00053867213066,0.0026950252928972,0.0104648787086692,"PCDHGA1","Astrocytes"
"VIRMA-DT",1.9922927758484,-1.32179971549868,0.440835420409417,-2.9983972573508,0.00271403649027412,0.0105287950686292,"VIRMA-DT","Astrocytes"
"MFHAS1",95.1380387872511,1.12830814481009,0.376534676844809,2.99655838942858,0.00273045942017671,0.0105792487484506,"MFHAS1","Astrocytes"
"PDE4A",2.12794505729713,-1.30901478185814,0.437672745738834,-2.99085285662097,0.00278199510204356,0.0107620885187771,"PDE4A","Astrocytes"
"FBXO4",3.87065926015077,1.0813533780918,0.361821515245045,2.98863758104447,0.00280224306355445,0.010830267121097,"FBXO4","Astrocytes"
"ENSG00000251574",5.52985756803601,1.25631638743512,0.4204841030194,2.98778569371303,0.00281006520821505,0.0108435766510835,"LOC105379109","Astrocytes"
"FASN",26.7939671416684,1.08030671648408,0.361794593358459,2.9859669998267,0.0028268314669999,0.0108913049333727,"FASN","Astrocytes"
"IFTAP",3.47352408281743,-1.19881397285683,0.401643547989737,-2.98477089662465,0.00283790789736984,0.0109271808125407,"IFTAP","Astrocytes"
"APOL2",6.28728919577719,1.05922714968801,0.355104651234049,2.98285912619567,0.00285569402590331,0.0109803400319147,"APOL2","Astrocytes"
"ENSG00000236540",3.19047526469512,1.77474999630871,0.595221544204476,2.98166290113154,0.00286687479031715,0.0110147410885812,"ENSG00000236540","Astrocytes"
"LINC00943",1.23858817723024,-2.00418372723937,0.672426404264258,-2.98052502776458,0.00287754723111065,0.0110488891047576,"LINC00943","Astrocytes"
"LASP1",11.3902461218278,1.11833946555396,0.375539506509916,2.97795423961454,0.00290179305090054,0.0111281836047127,"LASP1","Astrocytes"
"PPAN",4.15259583877143,1.13937410245877,0.382615154262325,2.9778593183416,0.00290269183907148,0.0111281836047127,"PPAN","Astrocytes"
"ENSG00000253766",3.69114792228266,1.1158744341463,0.375131990888815,2.9746181644024,0.00293353448262993,0.0112290440489664,"ENSG00000253766","Astrocytes"
"CFTR",1.35592737119017,-1.58685762089363,0.533694935027345,-2.97334210378504,0.00294575924050124,0.0112653911905889,"CFTR","Astrocytes"
"CNEP1R1",1.76994867208948,-1.4027189308466,0.471904309635455,-2.9724647607694,0.00295419120287691,0.0112906634769212,"CNEP1R1","Astrocytes"
"DNAH17",2.78961438663807,1.73444986023864,0.583624090474449,2.97186132057819,0.00296000351895802,0.0113093870951117,"DNAH17","Astrocytes"
"KHDC1",2.61881926923099,-1.17787040435206,0.396702147328144,-2.96915560524494,0.00298619338057429,0.0113918769660048,"KHDC1","Astrocytes"
"PIM1",7.49694286063318,1.26370901722875,0.426517094304233,2.96285666882872,0.00304798460843478,0.0115745252117542,"PIM1","Astrocytes"
"FAM234B",3.88352216924139,-1.07704999759497,0.363596182186974,-2.96221481511904,0.00305434608287557,0.0115947172116027,"FAM234B","Astrocytes"
"PLSCR1",24.547099730524,1.56846751433133,0.529517992126513,2.96206651644159,0.00305581760647104,0.0115967482135859,"PLSCR1","Astrocytes"
"ENSG00000289567",1.51491570931728,-1.989170855906,0.671986817229043,-2.96013374802263,0.00307505510702551,0.011655465990296,"ENSG00000289567","Astrocytes"
"MRPL40",2.92417977756179,-1.5949693907139,0.539217840617603,-2.95793141578379,0.00309711024282354,0.0117175423577403,"MRPL40","Astrocytes"
"ENSG00000249330",4.95051394023924,-1.15924289306297,0.392681322022132,-2.95212129543976,0.0031559893143166,0.0118966866603295,"ENSG00000249330","Astrocytes"
"STARD4-AS1",5.79374316674497,-1.28069633233863,0.433933821400643,-2.95136324752198,0.00316374607037522,0.0119186697868744,"STARD4-AS1","Astrocytes"
"MYO1C",5.09920069171397,1.08579196381459,0.368182449540981,2.94905953602151,0.00318742566095039,0.0119896391128641,"MYO1C","Astrocytes"
"ANK2-AS1",4.46064812865733,-1.13715175307762,0.385688267009488,-2.94837009664502,0.0031945436698346,0.0120127647323297,"ANK2-AS1","Astrocytes"
"XIST",29.088213342408,-3.08741382050617,1.04787915257053,-2.94634530416269,0.00321553215054943,0.0120880190103988,"XIST","Astrocytes"
"LINC02024",1.81871691850714,-1.50565085317621,0.511238436979155,-2.9451049535182,0.00322845129488916,0.0121255421245412,"LINC02024","Astrocytes"
"LY6H",3.25687576114862,-1.08116902991638,0.367588724739656,-2.94124644514631,0.00326894342988408,0.0122404978809357,"LY6H","Astrocytes"
"EOGT",13.277733179289,1.44147481350714,0.490566863520664,2.93838601972026,0.0032992594762602,0.0123353653667059,"EOGT","Astrocytes"
"FAM20C",28.3597065248631,1.22092122610049,0.415598619817957,2.93774129142989,0.00330612785941738,0.0123498586072897,"FAM20C","Astrocytes"
"CENPP",12.4076337546231,1.16879351129055,0.39831443662699,2.93434885561302,0.00334248299360178,0.0124631035560888,"CENPP","Astrocytes"
"ENSG00000291293",2.2711971043791,-1.32153395022936,0.450522025245375,-2.93333927350076,0.00335337228914939,0.0124999425215343,"ENSG00000291293","Astrocytes"
"SPOCD1",3.8309511334274,3.69028590127625,1.25809564512177,2.93323159935035,0.00335453556084894,0.0125005157538346,"SPOCD1","Astrocytes"
"PXMP4",1.86111206323479,-1.36755852013383,0.466534522403801,-2.93131259201899,0.00337532953640603,0.0125704377892679,"PXMP4","Astrocytes"
"C1QTNF7",3.81954369781657,-1.53534305514934,0.52387167306629,-2.93076173819969,0.00338132011969753,0.0125851779507708,"C1QTNF7","Astrocytes"
"DSCAS",2.83593409518504,-1.06076581647868,0.36206382308704,-2.92977577111776,0.0033920667735434,0.0126070904217885,"DSCAS","Astrocytes"
"SAMD4A",238.128866486732,1.11041273111746,0.379458539686217,2.92630845002376,0.0034301066388269,0.0127170690145489,"SAMD4A","Astrocytes"
"CLPB",6.04323528500262,1.15404435177472,0.394663121681735,2.92412512944488,0.00345425860309747,0.0127981047557451,"CLPB","Astrocytes"
"OGFOD3",2.69078772193522,1.20364858442369,0.411637129978543,2.9240525131599,0.00345506453997061,0.0127981047557451,"OGFOD3","Astrocytes"
"C17orf114",2.87069132297866,-1.07673657887101,0.36882379700751,-2.91937935569022,0.00350729123400504,0.0129644141345327,"C17orf114","Astrocytes"
"SGSM3-AS1",2.78012543013219,-1.06972439447597,0.366417871870784,-2.91941107843453,0.00350693429546155,0.0129644141345327,"SGSM3-AS1","Astrocytes"
"ENSG00000268055",0.76118018477312,-2.49183352589521,0.854489384209193,-2.91616674465925,0.00354361061036929,0.0130791446164539,"LOC124904710","Astrocytes"
"ZNF30-AS1",2.4803005191129,-1.21742694924079,0.417552317349981,-2.9156273325634,0.00354974224149456,0.013097871923846,"ZNF30-AS1","Astrocytes"
"NUDT14",2.14179029006606,-1.4169838976657,0.486039282227073,-2.91536908534009,0.00355268121719962,0.0131048112935904,"NUDT14","Astrocytes"
"GRM5",3.44548917164403,-1.16024104100019,0.398483361425798,-2.91164237535233,0.00359534013066285,0.0132345709982158,"GRM5","Astrocytes"
"BID",5.96721503373962,1.03127929945892,0.35422739065434,2.91134826573945,0.00359872650118119,0.0132430996327271,"BID","Astrocytes"
"HSPA1A",187.513590688698,2.09899192799449,0.722398583234765,2.90558699408794,0.00366564935286063,0.0134533894298972,"HSPA1A","Astrocytes"
"LRRC24",2.62907655600535,-1.11541766784371,0.384389355325499,-2.90179124991425,0.00371035695752023,0.0135812445181711,"LRRC24","Astrocytes"
"RWDD2A",2.5466225837962,-1.12901204053332,0.389766576071717,-2.89663637121513,0.00377186668621085,0.0137616456026367,"RWDD2A","Astrocytes"
"TNXB",6.01634623239398,1.1191577693145,0.386394847206928,2.89640966333888,0.0037745929938165,0.0137675360949719,"TNXB","Astrocytes"
"GSDME",1.72397421777776,-1.3184396601281,0.455329235444078,-2.89557436135687,0.00378465349827991,0.0137961037000884,"GSDME","Astrocytes"
"ENSG00000262580",2.72438023311759,-1.21407185802801,0.419304760823486,-2.89544019400985,0.00378627169975909,0.0137979406880862,"ENSG00000262580","Astrocytes"
"MAP4K3-DT",13.4290891052367,1.05297594480889,0.363884411753566,2.89370995513266,0.00380719664279023,0.0138578824302385,"MAP4K3-DT","Astrocytes"
"ZNF672",2.05692340239968,-1.37658478462782,0.475855768795219,-2.89286139813558,0.00381749717043472,0.0138831328814958,"ZNF672","Astrocytes"
"ENSG00000237031",9.3838064561314,-1.095706790551,0.379006455312303,-2.89099769988913,0.00384020930972296,0.0139575321051657,"ENSG00000237031","Astrocytes"
"GGH",2.47538013735554,-1.13622583482594,0.393204445871356,-2.88965663220827,0.00385662824054416,0.0140048761004863,"GGH","Astrocytes"
"CDH12",1.69977270394337,-1.56173358219536,0.540695908764753,-2.88837691737527,0.00387235545680761,0.0140496271964983,"CDH12","Astrocytes"
"ENSG00000278932",2.3351575822488,-1.20812670557695,0.418245524210406,-2.88855859930058,0.00387011911109155,0.0140496271964983,"LOC101930100","Astrocytes"
"LINC00240",6.79924096960745,-1.00852337422207,0.349292761181307,-2.88732973111508,0.00388526830326862,0.0140840975993487,"LINC00240","Astrocytes"
"CRIP3",1.25797001235477,-1.9538110471662,0.677199085727695,-2.88513538831302,0.00391245366882619,0.0141701999944647,"CRIP3","Astrocytes"
"NLRX1",2.34758147567125,-1.21348665159928,0.420586954792579,-2.88522180198799,0.0039113798440576,0.0141701999944647,"NLRX1","Astrocytes"
"ENSG00000287780",0.876335090472967,-1.70545423052075,0.591218656880802,-2.88464210435869,0.00391858862026526,0.0141841224451169,"ENSG00000287780","Astrocytes"
"P2RY1",9.08236439620675,-1.01409580877077,0.352268073241159,-2.87876161878722,0.00399239985702692,0.0144091773330121,"P2RY1","Astrocytes"
"NIBAN1",3.97523458596135,2.72696778178068,0.947451649701949,2.87821313376628,0.0039993483439099,0.0144300496919103,"NIBAN1","Astrocytes"
"BCOR",3.18022615598845,-1.0482190153007,0.364306860900451,-2.87729693783378,0.00401097967160098,0.014459377372179,"BCOR","Astrocytes"
"PNPLA3",2.34244195816388,1.71841335634621,0.597469947802583,2.87615027779441,0.00402558006349095,0.0145035664609277,"PNPLA3","Astrocytes"
"ACCS",2.10741623559188,-1.19076578246641,0.414285162185633,-2.87426606394572,0.00404967651684398,0.0145734217692761,"ACCS","Astrocytes"
"PTRHD1",3.89093167132895,-1.32985950932981,0.462875928995168,-2.873036651996,0.004065469477067,0.0146217567628581,"PTRHD1","Astrocytes"
"ZIC1",7.35986683873337,-1.04216585459954,0.362809253167994,-2.87248973255094,0.00407251312411828,0.0146347409581104,"ZIC1","Astrocytes"
"LINC01128",3.05651331243121,1.09969658652537,0.383078007087993,2.87068577725154,0.00409582442908318,0.0147010417116919,"LINC01128","Astrocytes"
"ENSG00000259124",3.21086250216797,-1.16972817145552,0.407463749257262,-2.87075395930985,0.00409494116069718,0.0147010417116919,"ENSG00000259124","Astrocytes"
"C1orf56",10.1615370369744,-1.15242259436949,0.402054434825907,-2.86633474113647,0.0041525490347345,0.0148830722712351,"C1orf56","Astrocytes"
"THEM6",1.99243504962038,-1.16035638524685,0.405182013721642,-2.86379045947485,0.00418604826207904,0.0149857865363761,"THEM6","Astrocytes"
"MRPS30",3.46043152036349,-1.33313333922238,0.465628833146633,-2.86308158842595,0.00419542516471422,0.0150063402122057,"MRPS30","Astrocytes"
"PLCXD3",3.82510230087807,1.06709995635625,0.372872160429888,2.86183863961842,0.00421191282210881,0.0150522702672939,"PLCXD3","Astrocytes"
"KANSL1-AS1",2.84178811909934,-1.11012188905002,0.387980276199078,-2.86128434137308,0.0042192844941248,0.0150699163226846,"KANSL1-AS1","Astrocytes"
"TMEM243",2.22793584259183,-1.17793521596495,0.413325299013505,-2.84989866039258,0.00437331607795703,0.0155527779992366,"TMEM243","Astrocytes"
"CLVS1",1.98145321397496,-1.41806550500302,0.497688297973726,-2.8493044959596,0.00438149246424708,0.0155773819077725,"CLVS1","Astrocytes"
"HSP90AB1",49.4548747693919,1.00278683924222,0.352682107909944,2.84331645057048,0.00446467171506742,0.0158231339003091,"HSP90AB1","Astrocytes"
"CITED2",1.45789109685529,-1.40113573517961,0.49447831942789,-2.83356353581026,0.00460321562113302,0.0162455334773815,"CITED2","Astrocytes"
"ABITRAM",3.85595774600557,-1.0763108597038,0.380279401675204,-2.83031595969291,0.00465020560885386,0.0163962118606029,"ABITRAM","Astrocytes"
"ENSG00000262529",5.12693163332012,1.02803846782681,0.36331675120773,2.82959281235844,0.00466072795152707,0.0164286348487787,"ENSG00000262529","Astrocytes"
"PRELP",3.52114150381159,-1.04125816213992,0.368092261403552,-2.82879666681814,0.00467233740131999,0.0164648702448906,"PRELP","Astrocytes"
"CREG1",3.65029063570358,-1.05369556361053,0.372684861139335,-2.82730980912206,0.00469408899389674,0.0165180176218878,"CREG1","Astrocytes"
"PDE6B-AS1",5.05862107196207,1.14878492472485,0.406606453174781,2.8252992931006,0.00472364709371105,0.0165984455055119,"PDE6B-AS1","Astrocytes"
"ENSG00000227388",3.63172824408206,-1.03233700000396,0.365798438285515,-2.82214709511197,0.00477032917807655,0.0167388973370524,"ENSG00000227388","Astrocytes"
"FGF1",43.3081634645282,1.22639406828856,0.434616538503617,2.82178416981329,0.00477573059166245,0.0167488217953961,"FGF1","Astrocytes"
"HSD17B10",2.91082090101276,-1.01782682957748,0.360963492177065,-2.81975006236421,0.00480610676978373,0.0168118700932858,"HSD17B10","Astrocytes"
"ENSG00000285080",3.07883799613609,-1.02166087974791,0.363022462286399,-2.81431863282853,0.00488807514946958,0.0170312421429043,"LOC124903478","Astrocytes"
"EYS",1.42220358006436,-1.45132470080338,0.516760525029992,-2.80850535307267,0.0049772054958375,0.0172737487822185,"EYS","Astrocytes"
"ENSG00000197585",2.3153122537275,-1.36390238789241,0.485872369043141,-2.80712070657245,0.00499865072799438,0.0173384571329844,"ENSG00000197585","Astrocytes"
"UBASH3B",7.66256531549357,1.61169968248794,0.575296185412353,2.80151289606192,0.00508636081583971,0.0176032437066918,"UBASH3B","Astrocytes"
"ENSG00000260733",3.63516796509918,-1.37779895291364,0.491897083087782,-2.80099028899458,0.00509460520905779,0.0176252187505863,"ENSG00000260733","Astrocytes"
"SESN2",3.98171230543497,1.26045357708964,0.450894747528169,2.79544967866563,0.00518275696124761,0.0179118279238429,"SESN2","Astrocytes"
"MEG3",28.6546849823171,-1.03978977508115,0.372083396031273,-2.79450732328232,0.00519788634742458,0.0179490871835356,"MEG3","Astrocytes"
"MYOT",3.17392712778906,1.02171858706673,0.366117197855725,2.79068722543145,0.00525962710747699,0.0181218593410928,"MYOT","Astrocytes"
"FNDC4",10.4414233645663,1.3084973751719,0.469363135234384,2.78781454474153,0.00530649119415884,0.0182630017946829,"FNDC4","Astrocytes"
"ZNF200",1.74682300963003,-1.30454559057534,0.468059772368174,-2.78713460884477,0.00531763852456616,0.0182956468033966,"ZNF200","Astrocytes"
"ZFYVE26",9.88085942745941,1.17090926982431,0.420253842761257,2.78619527219766,0.00533307343850629,0.0183239312955115,"ZFYVE26","Astrocytes"
"ENSG00000290048",1.71401069511213,-1.53082343236323,0.54973221402109,-2.78467114227456,0.0053582036108478,0.0184051692962908,"ENSG00000290048","Astrocytes"
"CD63-AS1",2.25488696159902,-1.29199704094472,0.464472744323216,-2.78164231752131,0.00540846114592053,0.0185520704625856,"CD63-AS1","Astrocytes"
"MAST1",4.25364223942262,-1.11197302523005,0.399893701993178,-2.78067151267367,0.00542465962713934,0.0185973311635843,"MAST1","Astrocytes"
"GAP43",3.36367204237906,1.23520948298487,0.444244288640279,2.78047352452304,0.00542796855449902,0.0186035246638144,"GAP43","Astrocytes"
"ENSG00000262049",1.99746496431282,-1.10548335361504,0.399070326370828,-2.77014671491208,0.00560310475604461,0.0190960309622335,"ENSG00000262049","Astrocytes"
"RELL1",13.9575251028302,1.00785116190152,0.363880339910087,2.76973238551595,0.00561023672565855,0.0191118463201733,"RELL1","Astrocytes"
"ENSG00000290876",2.69161277924654,1.02918628187571,0.371667004607923,2.76910855447449,0.00562099035650283,0.0191379498445352,"WHAMMP4","Astrocytes"
"RPA3",1.62710559632514,-1.59686493693023,0.576726368540077,-2.76884329213615,0.00562556859413348,0.0191463780102023,"RPA3","Astrocytes"
"EVI2A",2.64491245265469,-1.3224623358872,0.477702396929229,-2.76838120216325,0.0056335519705977,0.0191649104538218,"EVI2A","Astrocytes"
"ENSG00000257004",4.08565043811269,-1.34251359614278,0.485193472557128,-2.76696549330578,0.00565807437015805,0.0192351257709013,"ENSG00000257004","Astrocytes"
"C8orf34",5.30427056690317,1.19946367179531,0.433860302594456,2.76463106816318,0.00569872080143117,0.0193547064410648,"C8orf34","Astrocytes"
"NT5E",7.12486324513445,-1.35956943414083,0.492659716623898,-2.75965212552326,0.00578629401943199,0.0196037425014026,"NT5E","Astrocytes"
"ENSG00000272009",2.38139234918112,-1.31328927803094,0.47601508889973,-2.75892363216154,0.00579920854263484,0.019631383100997,"ENSG00000272009","Astrocytes"
"LRRTM3",3.02017993181092,-1.20252265819796,0.435949922184419,-2.75839631344001,0.00580857290691991,0.0196428858988624,"LRRTM3","Astrocytes"
"RBM33-DT",1.49971343549926,-1.45070744140255,0.526482856761636,-2.75546947592133,0.00586079727902034,0.0197803904895363,"RBM33-DT","Astrocytes"
"NOL12",3.69537880376563,-1.04441166736747,0.379672970854647,-2.7508191194556,0.00594464581006229,0.0200197305047597,"NOL12","Astrocytes"
"ENSG00000290817",5.60579432049874,-1.493873439012,0.543300904560571,-2.74962442814312,0.00596636057085652,0.0200837450145833,"ENSG00000290817","Astrocytes"
"ENSG00000285534",5.8692724999364,1.32333868286408,0.481300553095011,2.7495058427719,0.00596851987835472,0.0200837450145833,"ENSG00000285534","Astrocytes"
"MIR3659HG",1.92102388370844,-1.18349380492253,0.430640959346804,-2.74821467683346,0.00599207618673119,0.0201411181922617,"MIR3659HG","Astrocytes"
"SLC45A1",1.75668674858068,-1.21644723555701,0.443085350469281,-2.74540161228225,0.00604368864432337,0.0203035801634987,"SLC45A1","Astrocytes"
"VEGFD",1.78934982345682,-1.26952642570186,0.462462020519526,-2.74514742697288,0.00604837195906044,0.0203138025411026,"VEGFD","Astrocytes"
"ENSG00000270792",2.93256140278582,1.5808666966187,0.576304271317199,2.74311119194983,0.00608600734588395,0.0204346607820176,"ENSG00000270792","Astrocytes"
"RNF212",0.883285686565498,-1.70733687076742,0.622981365885392,-2.7405905926912,0.00613288725319872,0.0205586201560259,"RNF212","Astrocytes"
"MAPRE2",83.1048990757451,1.05758238400717,0.386217856939893,2.73830524664674,0.00617567258565392,0.0206573078412081,"MAPRE2","Astrocytes"
"RAB1B",2.94433467405501,-1.10070708322909,0.402007459498131,-2.73802651473984,0.00618090924039343,0.0206692409191984,"RAB1B","Astrocytes"
"SYNDIG1",3.30750936466957,-1.1403864427856,0.416722803218328,-2.73655877235048,0.00620855035797691,0.0207418331408057,"SYNDIG1","Astrocytes"
"ENSG00000262020",1.74124490062132,-1.23565682697742,0.452370841218017,-2.73151298534272,0.00630442565339416,0.0210085314494025,"ENSG00000262020","Astrocytes"
"LDB1",2.7813284908099,1.13246581444545,0.414855769028436,2.72978200857036,0.0063376217638313,0.0210964436294417,"LDB1","Astrocytes"
"RCCD1",2.58899479672974,-1.05536956566073,0.386638234248116,-2.72960476273919,0.00634102979008212,0.021102115530929,"RCCD1","Astrocytes"
"KHDRBS3",2.70677598328046,-1.09987225710615,0.403016978422125,-2.72909657903825,0.00635081012934248,0.0211279394835483,"KHDRBS3","Astrocytes"
"TAF1A-AS1",0.595738097492747,-2.1299754192683,0.780927642934074,-2.72749394715448,0.00638174284242746,0.0211920411954356,"TAF1A-AS1","Astrocytes"
"NTM-AS1",12.2636980580753,-1.12631904946065,0.41306985057784,-2.72670360203015,0.00639704730822507,0.0212314759629459,"NTM-AS1","Astrocytes"
"ASXL3",1.86126031349365,-1.43553211844569,0.527046900416167,-2.72372746583305,0.00645497481386924,0.0213950623983252,"ASXL3","Astrocytes"
"ISOC1",2.90888760428185,-1.50213631466622,0.552326723958976,-2.71965170162179,0.00653507110355267,0.0216200335226537,"ISOC1","Astrocytes"
"LINGO2",4.18477449249105,-1.11382554181151,0.409914234534674,-2.7172160612473,0.0065833615541715,0.0217623508076096,"LINGO2","Astrocytes"
"PROCR",3.05380497431144,-1.1600131615508,0.42697033464968,-2.71684720790396,0.00659070257091109,0.0217749919785464,"PROCR","Astrocytes"
"SLC12A8",2.03347587192005,-1.37648693567348,0.507055503931494,-2.71466718140476,0.00663424055049079,0.0218842309020528,"SLC12A8","Astrocytes"
"ENSG00000249988",2.04258614867164,-1.15630700776322,0.426085448748407,-2.71379135607607,0.00665180461918542,0.0219242205481429,"ENSG00000249988","Astrocytes"
"GABRA4",6.32198427970481,-1.61282910430318,0.595251246204874,-2.70949303270854,0.0067386120437009,0.0221631428783926,"GABRA4","Astrocytes"
"C1QL2",2.28913363093039,-1.49596211888244,0.552392721122886,-2.70814958575395,0.00676595192871648,0.0222381897352352,"C1QL2","Astrocytes"
"LHFPL1",0.841846439914482,-2.62091176422721,0.967833568040992,-2.70801907556507,0.00676861318841165,0.0222381897352352,"LHFPL1","Astrocytes"
"GALNTL6",1.70448629555117,-1.6438642491298,0.60815672174898,-2.70302734532352,0.00687110933033271,0.0225211611533907,"GALNTL6","Astrocytes"
"HSPH1",29.0852560480703,1.18731806465543,0.439429111812814,2.70195586213504,0.00689329125248892,0.02256400358963,"HSPH1","Astrocytes"
"RNF139-DT",2.71707354809017,-1.24389405991071,0.460815346318975,-2.69933297544672,0.00694786216989792,0.0227006272427034,"RNF139-DT","Astrocytes"
"C1orf87",3.32773495634571,1.05974597395928,0.392650598789489,2.69895417764902,0.00695577529834527,0.0227204868159877,"C1orf87","Astrocytes"
"WASHC1",15.5114380850313,1.04932496889181,0.388962415476748,2.69775414574609,0.00698089757213119,0.022754528727481,"WASHC1","Astrocytes"
"INAFM1",3.98311105250271,1.22441883970517,0.454002952495621,2.69694025771116,0.00699798239750602,0.0228042147442939,"INAFM1","Astrocytes"
"ENSG00000287422",4.20914951916214,1.23554260534548,0.458345212207809,2.69565945588038,0.00702494455229172,0.0228680043088928,"ENSG00000287422","Astrocytes"
"SLC36A1",1.61506549485273,-1.34160841760095,0.498164252230067,-2.69310455656974,0.00707900653656741,0.0230137405991899,"SLC36A1","Astrocytes"
"SERPINA3",67.3301358992273,1.82338634033211,0.677167584985475,2.69266630707261,0.00708831739320127,0.0230319166308085,"SERPINA3","Astrocytes"
"ACTL6A",2.70691579113174,-1.0614060529288,0.394334325889755,-2.69164002026427,0.00711016446983685,0.0230907858982402,"ACTL6A","Astrocytes"
"POFUT1",1.79542196878604,-1.15921099950434,0.430811871435,-2.69075918368521,0.00712896346301865,0.02314032204374,"POFUT1","Astrocytes"
"CABCOCO1",4.19927478073817,1.21831916443075,0.452971926641437,2.68961296004365,0.00715349320810005,0.0231880405686624,"CABCOCO1","Astrocytes"
"C21orf62",2.85285731474694,1.68143189218834,0.626009871141221,2.68595108432248,0.00723236761590297,0.0234200858231502,"C21orf62","Astrocytes"
"RARRES1",2.69286223391652,-1.03883756192699,0.386792722998036,-2.68577328413768,0.0072362171078649,0.0234264252148212,"RARRES1","Astrocytes"
"ENSG00000273007",2.13110908991246,-1.72488896703815,0.642784978796834,-2.68346184795233,0.00728642883595899,0.023558184928376,"ENSG00000273007","Astrocytes"
"TRIM29",0.822827597590439,-2.59109615180269,0.965699608487159,-2.68312851018117,0.00729369572636706,0.0235693721763057,"TRIM29","Astrocytes"
"PRR16",4.3555522651314,1.04551445854136,0.389885767832158,2.68159175020579,0.00732728184648588,0.0236532145737838,"PRR16","Astrocytes"
"GCKR",2.381398600411,1.99090745102561,0.742755477354699,2.68043455985833,0.00735266392756282,0.0237227820257974,"GCKR","Astrocytes"
"CHST3",9.9583381434154,1.10420388974211,0.411980787431019,2.68023151425962,0.00735712570243918,0.0237309944186779,"CHST3","Astrocytes"
"ZNF365",2.52362339919503,-1.05077826049332,0.392300803847962,-2.6785014208142,0.00739524184131683,0.0238291125997987,"ZNF365","Astrocytes"
"ENSG00000249806",2.33939922958784,-1.12253395790122,0.419577903740562,-2.67538864152227,0.00746426658579113,0.0239953305119033,"ENSG00000249806","Astrocytes"
"MAP3K6",8.69804501726865,1.07685733045746,0.402857951209867,2.6730447474685,0.00751662232389468,0.0241260586409507,"MAP3K6","Astrocytes"
"BBS10",1.4035855338017,-1.3273737797915,0.496633368351673,-2.67274384763364,0.00752336734178764,0.0241351963195224,"BBS10","Astrocytes"
"ENSG00000290101",0.617130958926766,-2.16488047522311,0.810133246361414,-2.67225235471613,0.0075343963971642,0.0241518070375574,"ENSG00000290101","Astrocytes"
"MOGAT1",2.58826451740072,-1.43287812993882,0.537240547272063,-2.66710719660778,0.0076507264846395,0.0244930057030225,"MOGAT1","Astrocytes"
"DHODH",2.00413746008017,-1.18031785276712,0.443054433954217,-2.66404703871914,0.00772067658498814,0.0246786624036934,"DHODH","Astrocytes"
"MPP1",2.21152755690146,-1.20955632774876,0.454205613456319,-2.66301492521092,0.00774439790448219,0.0247353312486982,"MPP1","Astrocytes"
"CFL1P1",1.79645767248073,-1.40067326003174,0.526241303727901,-2.66165587936438,0.00777573280058005,0.0248226087315243,"CFL1P1","Astrocytes"
"ENSG00000285909",2.52135643339644,2.1058783470598,0.791839079879466,2.65947766480578,0.0078261918893751,0.0249261648121447,"ENSG00000285909","Astrocytes"
"TTPAL",2.27084123378117,-1.10048260283371,0.414215768626147,-2.65678587390275,0.00788895328978011,0.0250677209615979,"TTPAL","Astrocytes"
"AGA",2.22475065190107,-1.10950488063249,0.417808298270536,-2.65553576897622,0.0079182535575523,0.0251414702059411,"AGA","Astrocytes"
"SLC22A3",1.03492284091973,-1.55778898709628,0.588973302417457,-2.64492292044867,0.00817095274476619,0.0258048732054169,"SLC22A3","Astrocytes"
"ENSG00000239300",2.20206113852838,1.00078291293607,0.378460619460728,2.64435151631389,0.0081847608043081,0.0258418901172226,"ENSG00000239300","Astrocytes"
"ENSG00000265334",3.03797868701985,1.01211332104605,0.383301222961733,2.6405168061441,0.00827796868739202,0.0260829736020294,"ENSG00000265334","Astrocytes"
"NRGN",2.22755374904051,-1.59652509201798,0.604735376161807,-2.64003918896057,0.00828964409005501,0.0260932035503689,"NRGN","Astrocytes"
"TFIP11-DT",2.89086925118449,-1.36260536657679,0.516149092067115,-2.63994529394543,0.00829194109581182,0.0260938009121824,"TFIP11-DT","Astrocytes"
"ENSG00000287372",3.15715710311738,-1.29255026794823,0.490269013550548,-2.63641028134233,0.00837883543378961,0.026313750742231,"ENSG00000287372","Astrocytes"
"ENSG00000254604",81.139540319871,1.14177042119293,0.433430741364796,2.63426266812017,0.00843202291204835,0.0264472491691729,"ENSG00000254604","Astrocytes"
"SLC25A24",3.11009424337548,-1.0657598100521,0.40502244328704,-2.63135988564662,0.00850439264433754,0.0266347504344175,"SLC25A24","Astrocytes"
"CDK6",2.12319688198348,-1.31646847901151,0.500302066952253,-2.63134727192152,0.00850470832735901,0.0266347504344175,"CDK6","Astrocytes"
"ARID5A",10.9603899974663,2.067618572715,0.786138641006715,2.63009406339224,0.00853612459335814,0.0267109567123085,"ARID5A","Astrocytes"
"ENSG00000286271",1.03376608192502,-1.44668412051912,0.550087682340767,-2.62991549704058,0.00854060944911326,0.0267109567123085,"ENSG00000286271","Astrocytes"
"LINC01229",0.560772088042278,-1.91967986135335,0.730834860300765,-2.62669443622782,0.0086218718740491,0.0269131937021301,"LINC01229","Astrocytes"
"ENSG00000290596",3.19391652523486,-1.02310425876406,0.390011004885364,-2.62327023070741,0.00870901659175456,0.0271578323988156,"FAR2P2","Astrocytes"
"C15orf61",2.59011763637674,-1.10245687023143,0.420455004206141,-2.6220567223667,0.0087400883108264,0.0272341503656173,"C15orf61","Astrocytes"
"PLPPR1",3.10207224168616,-1.10548681190386,0.422017692949927,-2.61952716763234,0.00880517587955263,0.0274231622023391,"PLPPR1","Astrocytes"
"CHMP6",2.10626052803978,-1.06977612505426,0.408418095537256,-2.61931617806261,0.0088106243363265,0.0274332313695577,"CHMP6","Astrocytes"
"ENSG00000256116",2.34260484697738,-1.09369757729514,0.417795350035414,-2.61778302990312,0.0088503059015452,0.0275360145675463,"ENSG00000256116","Astrocytes"
"ENSG00000291101",2.4786536834286,-1.06139259024278,0.405681754146335,-2.61631828248288,0.00888836614273256,0.027606092169323,"LOC100289333","Astrocytes"
"RTN4R",2.11704624328573,-1.38400774743514,0.529008552012882,-2.61622943933322,0.00889067935382661,0.0276061390266888,"RTN4R","Astrocytes"
"FGL1",7.0612047644443,-1.10986525624129,0.424395950665897,-2.61516457567483,0.00891844711160548,0.0276854175439986,"FGL1","Astrocytes"
"MRPL23",1.50769712353179,-1.27810338944596,0.48915079955911,-2.61290258668281,0.00897768870577256,0.0278344314580825,"MRPL23","Astrocytes"
"FLJ16779",8.29542839765863,-1.04339442992736,0.400647127132411,-2.60427283578781,0.00920694318613042,0.0284100616680421,"FLJ16779","Astrocytes"
"MAP1LC3B2",6.57446686174969,1.34808648865834,0.518570710832223,2.5996194164049,0.00933272007466723,0.0286980562911856,"MAP1LC3B2","Astrocytes"
"ENSG00000287876",3.49206363800463,-1.36070098835376,0.523670774458159,-2.59839016176084,0.00936620044634655,0.0287652926902553,"ENSG00000287876","Astrocytes"
"ZFYVE28",60.4062885027333,1.14400761656581,0.4405726337849,2.59663794080398,0.00941410972237658,0.0288766214248673,"ZFYVE28","Astrocytes"
"BHLHE40-AS1",2.22429571674234,-1.21595844098682,0.468533832517942,-2.59524148865015,0.0094524479587043,0.0289726888793652,"BHLHE40-AS1","Astrocytes"
"ACOT1",0.560973296264685,-2.13596836456614,0.823354918248856,-2.59422554869654,0.00948042704751693,0.0290297052743329,"ACOT1","Astrocytes"
"DPF1",2.50484347907823,-1.01570223980544,0.391703294515812,-2.59303981872544,0.0095131755621758,0.0291083896680067,"DPF1","Astrocytes"
"ARHGAP6",5.06790050219353,1.3034899061669,0.502843707740517,2.59223668527943,0.00953541446495545,0.0291556919454242,"ARHGAP6","Astrocytes"
"CHCHD7",1.86089123180035,-1.06848249661013,0.413368243775363,-2.58481998242413,0.00974298518962143,0.0296212584343438,"CHCHD7","Astrocytes"
"PCGF3-AS1",11.2229955123343,1.01319788244777,0.392794442089993,2.57946084230906,0.00989546766742335,0.0299964690638197,"PCGF3-AS1","Astrocytes"
"ENSG00000205682",1.04489229481402,-1.39778776018025,0.542003861697287,-2.5789258323789,0.00991080630361841,0.0300356129362963,"ENSG00000205682","Astrocytes"
"LINC02144",1.3707976780531,-1.38240164918556,0.536307147463027,-2.5776304785885,0.00994803161906978,0.0301336779694083,"LINC02144","Astrocytes"
"ALKBH2",6.00929627091442,1.19378645069277,0.463715907611217,2.57439184444293,0.0100416476199227,0.0303875177119998,"ALKBH2","Astrocytes"
"ENSG00000259891",3.5235048139631,-1.24032974080967,0.482001348711266,-2.57329101697736,0.010073646358852,0.0304620177928361,"ENSG00000259891","Astrocytes"
"SLC39A13-AS1",1.14304632013416,-1.33257368381216,0.51825333536114,-2.57127854832534,0.0101323794044715,0.0306097228996267,"SLC39A13-AS1","Astrocytes"
"NSMCE1-DT",1.25521009818594,-1.3190454069525,0.513462018228539,-2.56892498398081,0.0102014538329819,0.0307808486388439,"NSMCE1-DT","Astrocytes"
"ENSG00000290578",1.21163376338572,-1.3783661099565,0.536798358211978,-2.56775395988114,0.0102359779833351,0.0308624580880542,"ENSG00000290578","Astrocytes"
"DUSP12",2.77312531756659,-1.25623258096527,0.489712568646445,-2.56524471985163,0.0103103058465822,0.0310282549771242,"DUSP12","Astrocytes"
"INPP5A",7.39537209037277,1.09120577640724,0.425394437741423,2.5651623048972,0.0103127552415085,0.0310282549771242,"INPP5A","Astrocytes"
"GSG1L",2.75116002886799,-1.04693321247893,0.408850722446648,-2.56067350502371,0.0104469483519087,0.0313763185645611,"GSG1L","Astrocytes"
"ENSG00000269514",2.05041692505782,-1.35690632833309,0.530038381231058,-2.56001522980573,0.0104667576259915,0.0314076705136283,"ENSG00000269514","Astrocytes"
"MORC4",1.91194787844324,-1.0779377283604,0.421071152292158,-2.55998949938152,0.0104675326019336,0.0314076705136283,"MORC4","Astrocytes"
"DOCK8",1.69897572939094,-1.20312556933163,0.470184745176419,-2.55883582288532,0.0105023327431729,0.0314968240151877,"DOCK8","Astrocytes"
"CEMIP2",9.21099059723739,1.45832235820796,0.570116091278108,2.55793930485042,0.0105294468402354,0.0315704940006379,"CEMIP2","Astrocytes"
"MED12",4.28995397311677,1.14012412802366,0.446016749300243,2.55623612748266,0.0105811289327318,0.0316947555815235,"MED12","Astrocytes"
"LMOD1",4.72178357888782,-1.34137693065013,0.524908128412271,-2.55545086472083,0.010605033252629,0.0317356188473427,"LMOD1","Astrocytes"
"NEK8",5.31365225343988,1.38358129460731,0.541801709163175,2.55366727569812,0.0106595063131101,0.0318755534110704,"NEK8","Astrocytes"
"SHC1",16.7032437397057,1.02908270325125,0.403052897047099,2.55321996390712,0.0106732067456434,0.031908816786891,"SHC1","Astrocytes"
"ENSG00000271811",1.93188099519022,1.45268451020578,0.569895341250012,2.5490373495938,0.0108020730819662,0.0322085410483957,"ENSG00000271811","Astrocytes"
"CXCL2",2.92102200533568,-1.08104420192804,0.424410526366622,-2.54716632780731,0.0108601656610373,0.0323428165898569,"CXCL2","Astrocytes"
"ENSG00000265477",2.00291537071144,1.88977399248512,0.742866814018515,2.54389340972502,0.0109624531310416,0.0326143667112547,"ENSG00000265477","Astrocytes"
"SLC15A5",1.33082643300457,-1.51105334728747,0.595281555803337,-2.53838428648825,0.0111365623841114,0.0330705160677341,"SLC15A5","Astrocytes"
"DOK6",0.826354418889674,-1.62630236470775,0.643534063965648,-2.52714262658606,0.0114994791769106,0.0340583713579727,"DOK6","Astrocytes"
"ENSG00000286377",0.684983557791746,-2.3545996198954,0.933284596896828,-2.52291704773062,0.0116385851925914,0.0343963246873172,"LOC124900945","Astrocytes"
"LINC01102",2.4282301581597,-1.0855540266598,0.431971935317905,-2.51301980037406,0.0119702616285881,0.0352839204348505,"LINC01102","Astrocytes"
"RUBCNL",4.81079460537878,-1.1369919400359,0.454160036626847,-2.50350503862164,0.0122969929429696,0.0360411038136786,"RUBCNL","Astrocytes"
"SMIM45",1.93330368010215,-1.54461660662367,0.617493813979477,-2.50142847046401,0.0123693426605758,0.0362188626545071,"SMIM45","Astrocytes"
"P2RY6",2.59041425945365,2.0758175052314,0.831394326724298,2.49679055835051,0.012532295158512,0.0365835480782305,"P2RY6","Astrocytes"
"JRKL",2.08016117076986,-1.04000681892418,0.417223601633832,-2.49268453378849,0.0126781431878338,0.0369309449764634,"JRKL","Astrocytes"
"ROR2",2.09759970607204,-1.17660887919666,0.472788848448358,-2.48865615815213,0.0128226911376778,0.0372730949196864,"ROR2","Astrocytes"
"ENSG00000289213",2.23814807805904,-1.28828858592804,0.518225985917195,-2.48595906214145,0.0129202827516444,0.0374951631857541,"ENSG00000289213","Astrocytes"
"MVK",2.43769056867534,-1.02811062192078,0.413926144748909,-2.48380208634669,0.0129988029849716,0.0376667505991142,"MVK","Astrocytes"
"BAZ2B-AS1",0.632902115295045,-2.07393911760005,0.835038921494342,-2.48364365326665,0.0130045870186182,0.0376691932284326,"BAZ2B-AS1","Astrocytes"
"ENSG00000251652",3.85115885360339,-1.0572850740884,0.425979146572417,-2.48201134397236,0.0130643116226227,0.0378156547038188,"ENSG00000251652","Astrocytes"
"SLC2A6",2.39592348868418,-1.03282534240736,0.416203387912743,-2.481539969165,0.0130816038486382,0.0378391731973107,"SLC2A6","Astrocytes"
"ENSG00000290397",3.88996212535923,-1.4002271205049,0.564474263056223,-2.48058629444623,0.0131166510007629,0.0379058418014938,"ENSG00000290397","Astrocytes"
"CDPF1",1.91521298879998,-1.24250990787904,0.500957349274068,-2.48027084477261,0.0131282619073619,0.0379177554583036,"CDPF1","Astrocytes"
"ENSG00000286686",0.724629954244124,-1.65599945152591,0.668319648129782,-2.47785540371293,0.0132174698513788,0.0381341866658023,"ENSG00000286686","Astrocytes"
"SH2D4A",1.73253589089961,-1.12552718426823,0.454705000837278,-2.47529097369883,0.0133127664568526,0.0383555111761763,"SH2D4A","Astrocytes"
"CD226",1.34282522971443,-1.27928562039222,0.517718922958524,-2.47100417555088,0.0134734245533813,0.0387257715371306,"CD226","Astrocytes"
"ENSG00000259969",3.00941559033196,-1.15655352037718,0.46864474799851,-2.46786830603904,0.0135920314735206,0.0389696980172737,"ENSG00000259969","Astrocytes"
"ENSG00000286371",0.585440639172623,-2.17364342188699,0.881552934150167,-2.46569813074517,0.0136746524124059,0.039188433423472,"ENSG00000286371","Astrocytes"
"TNFRSF25",2.43025956969027,-1.27799896397826,0.519032697958652,-2.46227062187914,0.0138060451223309,0.0394632145357706,"TNFRSF25","Astrocytes"
"PIF1",1.18418372070376,-1.35009148268859,0.54832738736698,-2.46219961613009,0.013808778856779,0.0394632145357706,"PIF1","Astrocytes"
"LINC02147",0.608800209633723,-1.91495813872748,0.779285758533934,-2.45732469476932,0.0139976109018913,0.0399291443902603,"LINC02147","Astrocytes"
"ENSG00000276517",4.53360355268055,1.14903382757476,0.467651265650444,2.45703136497792,0.0140090455067807,0.0399525588462611,"ENSG00000276517","Astrocytes"
"SGMS1-AS1",2.49892513831579,-1.05834138183417,0.430841516439227,-2.45645171473036,0.014031665725077,0.0399986456431004,"SGMS1-AS1","Astrocytes"
"KLRG1",2.14265904233738,-1.0608853619653,0.432093636560963,-2.4552209803618,0.0140798007075804,0.0400948968494925,"KLRG1","Astrocytes"
"SFN",3.23118048324154,5.00728281117612,2.04613857736393,2.44718655254869,0.0143976296209363,0.0408631326142686,"SFN","Astrocytes"
"ABI3BP",11.2563447168976,-1.45580697679982,0.595165209870593,-2.44605523416995,0.0144428872364135,0.0409540354129857,"ABI3BP","Astrocytes"
"ZNF778-DT",0.882560691396103,-1.65712908272419,0.67805367292569,-2.44394971798316,0.0145274510930073,0.0411561260317341,"ZNF778-DT","Astrocytes"
"ENSG00000285691",5.59979653050165,-1.13683248768523,0.465959293028432,-2.4397678181211,0.0146967043366991,0.041569047464903,"ENSG00000285691","Astrocytes"
"NYNRIN",1.48124997904021,-1.1419997619302,0.468285957871427,-2.43868034634458,0.0147410011455543,0.0416657879902759,"NYNRIN","Astrocytes"
"LINC02966",2.57707565979728,-1.01437832137077,0.416572138840513,-2.43506040560992,0.0148893038762157,0.0420274105081328,"LINC02966","Astrocytes"
"GALNT8",4.54145399889504,1.03361620298407,0.424808213617889,2.43313610671802,0.0149686729834788,0.0422225689190019,"GALNT8","Astrocytes"
"CDC37L1-DT",1.96206958607906,-1.5665393287315,0.64390958310637,-2.43285605592969,0.0149802548966415,0.0422456152095449,"CDC37L1-DT","Astrocytes"
"ENSG00000286835",1.80479178754229,-1.08334033054995,0.445739684608637,-2.43043275696023,0.0150808041500487,0.0424808002252167,"ENSG00000286835","Astrocytes"
"DSCAML1",5.03046834807588,-1.08681726569923,0.447614467082261,-2.42802086532986,0.0151814698386516,0.0427157784621729,"DSCAML1","Astrocytes"
"LINC02250",5.78549467304278,1.33158834628961,0.548590380029103,2.42729073415209,0.015212059944813,0.0427726926195776,"LINC02250","Astrocytes"
"LINC01814",2.86255660422988,-1.09015254754834,0.450301689230313,-2.42093817016698,0.0154805100840861,0.0434288981357585,"LINC01814","Astrocytes"
"ENSG00000267345",1.82475254874099,-1.39537753643579,0.576663253912237,-2.41974415218791,0.0155314304326701,0.0435421559990386,"ENSG00000267345","Astrocytes"
"ENSG00000287299",2.49280815545493,-1.08786789545449,0.449698875239216,-2.41910299392188,0.0155588341822193,0.0436091090263515,"ENSG00000287299","Astrocytes"
"TAS2R4",2.21811215107639,-1.10283135396167,0.45638140321682,-2.41646865141377,0.0156718756602602,0.0438564601810173,"TAS2R4","Astrocytes"
"ENSG00000284642",2.72570662582174,1.05876224678177,0.438303490790663,2.41559163690859,0.0157096689476817,0.0439423606458419,"ENSG00000284642","Astrocytes"
"PXDNL",1.65859425094712,-1.07189859784348,0.444355208235412,-2.41225618149074,0.0158541373870951,0.0442465141456836,"PXDNL","Astrocytes"
"ENSG00000272030",2.41374926984787,1.34787283267537,0.559416173065921,2.40942771691468,0.0159775607092747,0.0445114952239077,"ENSG00000272030","Astrocytes"
"ENSG00000223725",2.03031088026341,1.09962236088827,0.456399970640071,2.40933924545639,0.0159814348514491,0.0445114952239077,"ENSG00000223725","Astrocytes"
"MANEA",1.80092451863362,-1.10069314664171,0.458895972584678,-2.39856789424885,0.0164593248557739,0.0456195046814834,"MANEA","Astrocytes"
"CDC7",5.31690912006435,1.17863148240124,0.492928415410569,2.39108041969855,0.0167988728078967,0.0463710303121232,"CDC7","Astrocytes"
"HSPA6",2.06821690723467,1.8976758550424,0.794395118084405,2.38883121489774,0.0169020654184292,0.0465935610143386,"HSPA6","Astrocytes"
"AKAP12",42.2840461406291,1.01220565231118,0.425100865608905,2.38109525103254,0.0172612480176101,0.0474043100913873,"AKAP12","Astrocytes"
"SPTBN1-AS1",1.64993316299828,-1.4612475518036,0.615141141628644,-2.37546711301867,0.0175267541779038,0.0479950900011019,"SPTBN1-AS1","Astrocytes"
"CRNKL1",1.5595071333445,-1.30387774884141,0.552134625360361,-2.36152142784092,0.0182001200868418,0.0494987754041931,"CRNKL1","Astrocytes"
"DEPDC4",1.0733355063323,-1.30290188930013,0.552580444745631,-2.35785015863147,0.018381110742959,0.0499076024008374,"DEPDC4","Astrocytes"
