"geneID","baseMean","log2FoldChange","lfcSE","stat","pvalue","padj","Symbol","celltype"
"GPC5",991.435247659057,-1.21282289953491,0.0801528122193014,-15.131382991486,1.00559653828132e-51,1.24523019335376e-47,"GPC5","Astrocytes"
"F11-AS1",50.1208130984757,-1.66494692797572,0.1109504345533,-15.0062226856433,6.6847664816151e-51,4.13887316709199e-47,"F11-AS1","Astrocytes"
"LRRC4C",152.05280331762,-1.63511912955203,0.124663485633161,-13.1162635253405,2.65716378782045e-39,1.09678863948602e-35,"LRRC4C","Astrocytes"
"PDE7B",73.1643612344139,-1.1174925485344,0.0859831330057192,-12.9966484061481,1.27823565083504e-38,3.95709801607258e-35,"PDE7B","Astrocytes"
"DLC1",267.174312309436,-1.29773978247433,0.100833776049837,-12.8700900959309,6.63247421971101e-38,1.64259856525363e-34,"DLC1","Astrocytes"
"ENSG00000287277",52.2191722774828,-1.81856890091273,0.141916732324106,-12.8143374719164,1.36297551340629e-37,2.81295429708502e-34,"LOC105376387","Astrocytes"
"S100A10",13.8039790967899,3.47104032947076,0.271690208656964,12.7757284542164,2.24040254759268e-37,3.96327210669146e-34,"S100A10","Astrocytes"
"C2CD5-AS1",111.727925078666,-1.29782990242344,0.102393648038011,-12.6749063764351,8.14558878940751e-37,1.26083532474042e-33,"C2CD5-AS1","Astrocytes"
"SYNM",16.5489242293544,3.05930006980973,0.248980097266709,12.2873277960551,1.05950725218245e-34,1.45776425597503e-31,"SYNM","Astrocytes"
"KLF6",18.6440715687732,1.67490728335465,0.139772750879428,11.9830744749345,4.35854282183428e-33,5.39718357627739e-30,"KLF6","Astrocytes"
"ATP8A1",44.638466917419,-1.15401640034714,0.0992286632262965,-11.6298694633761,2.90541529362901e-31,2.998146465084e-28,"ATP8A1","Astrocytes"
"NKAIN3",354.000436665578,-1.89163557985959,0.162568770619814,-11.6359099761135,2.70687778939058e-31,2.998146465084e-28,"NKAIN3","Astrocytes"
"PTPRE",12.9647450064043,1.90549272214443,0.165815811460411,11.4916225742403,1.45355786493081e-30,1.38456977241832e-27,"PTPRE","Astrocytes"
"ENSG00000234418",21.901484232517,-1.86737022695511,0.163005440478118,-11.455876696372,2.19728680334201e-30,1.81393349905228e-27,"ENSG00000234418","Astrocytes"
"TMEM132C",33.2034186586737,-2.07600490545478,0.181163169069498,-11.4593099475886,2.1119069005871e-30,1.81393349905228e-27,"TMEM132C","Astrocytes"
"RHOJ",38.1281546120154,-1.40338765135995,0.128073064312916,-10.9577112009369,6.10231825647739e-28,4.72281293562247e-25,"RHOJ","Astrocytes"
"NHS",23.4294909759711,1.43769054058036,0.13177142753862,10.9104877091735,1.02703861177762e-27,7.48107007626014e-25,"NHS","Astrocytes"
"YARS1",21.1642898427,2.18960478793602,0.201515532860539,10.8656874080837,1.67953520620827e-27,1.15542691435984e-24,"YARS1","Astrocytes"
"NRXN1",784.649416296813,-1.87803529208091,0.173561286907163,-10.8205886551501,2.75005354158288e-27,1.79231121081162e-24,"NRXN1","Astrocytes"
"AEBP1",110.176919041787,2.4894696704213,0.232882594089992,10.6898056514232,1.13608790695464e-26,7.03408827590963e-24,"AEBP1","Astrocytes"
"XKR6",32.2780918283425,-1.36161715500887,0.128424681589109,-10.6024569277526,2.90252974206366e-26,1.71152503790354e-23,"XKR6","Astrocytes"
"ESRRG",88.4864620056502,-1.72696722276524,0.164216626382185,-10.5163969130996,7.25969044360739e-26,3.90855420709523e-23,"ESRRG","Astrocytes"
"LENG8",49.3722033313214,1.27679849198165,0.121407383770404,10.5166461242277,7.24052029929731e-26,3.90855420709523e-23,"LENG8","Astrocytes"
"ACSS1",82.4230585362824,-1.12537021042164,0.107332435652676,-10.4849033153715,1.01349268280351e-25,5.2291999546483e-23,"ACSS1","Astrocytes"
"ENSG00000284977",134.815030664134,-1.24176201286679,0.118569302891277,-10.4728794265194,1.15088006637297e-25,5.70053914475859e-23,"LOC105376244","Astrocytes"
"LINC02328",24.8143757437012,-1.87511390007702,0.181210341286151,-10.3477201508936,4.28569612659663e-25,2.04114519752485e-22,"LINC02328","Astrocytes"
"PRDM16-DT",27.7561320054808,-1.29499064316831,0.125298848505042,-10.335215834934,4.88311580033999e-25,2.15955796270036e-22,"PRDM16-DT","Astrocytes"
"MGAT4C",193.592988004754,-1.29011027851808,0.124803261095961,-10.3371519877683,4.78548368325538e-25,2.15955796270036e-22,"MGAT4C","Astrocytes"
"MAGI2",437.101142419901,-0.796145432513718,0.0777572128961297,-10.2388627737626,1.32787969221592e-24,5.67004628576199e-22,"MAGI2","Astrocytes"
"PPP1R9A-AS1",210.781792831802,-2.54842870026801,0.250140433480662,-10.1879918604404,2.24350507807756e-24,9.26044112727813e-22,"PPP1R9A-AS1","Astrocytes"
"SMC5",40.020105748243,1.19068262466409,0.117147689119004,10.1639446208327,2.87215584905051e-24,1.14728728641266e-21,"SMC5","Astrocytes"
"PLEKHA5",136.427523825871,1.81549015598006,0.179022593128795,10.1411231077071,3.62902974327679e-24,1.40432110346864e-21,"PLEKHA5","Astrocytes"
"FOXP1",53.7464600904205,-0.986794644600925,0.0979940761503478,-10.0699418104308,7.50224577317259e-24,2.81516089118776e-21,"FOXP1","Astrocytes"
"NAA25",28.6075697407817,1.323215011978,0.132071541076944,10.0189261152567,1.25863032142689e-23,4.58400566771446e-21,"NAA25","Astrocytes"
"AUTS2",176.16732851604,-0.668473254452367,0.0670547067458098,-9.96907281969643,2.0816294987627e-23,7.36480516662242e-21,"AUTS2","Astrocytes"
"ALCAM",64.6675551485363,-1.200245270778,0.120830880151192,-9.93326597700992,2.9832101763364e-23,1.02614143371038e-20,"ALCAM","Astrocytes"
"FHIT",194.372572878757,-0.746591742104253,0.0754504148343777,-9.89513104391947,4.3703766680291e-23,1.46265876432985e-20,"FHIT","Astrocytes"
"ROBO3",35.6056418408606,-1.12087301451743,0.113948387906931,-9.8366728578286,7.82560691100067e-23,2.55011816786635e-20,"ROBO3","Astrocytes"
"MPPED2",21.6161739930664,-1.54419921516375,0.157274972175348,-9.8184675781859,9.37579074857975e-23,2.97693376511957e-20,"MPPED2","Astrocytes"
"AHNAK2",3.98574154725943,3.81537565524957,0.389348904534039,9.79937431650332,1.13285175469597e-22,3.50702581960005e-20,"AHNAK2","Astrocytes"
"ENSG00000259616",26.4314214255178,2.06140749253619,0.210429988580362,9.7961678677227,1.16938147657591e-22,3.53181727425353e-20,"ENSG00000259616","Astrocytes"
"RORB",75.491717401681,-1.33229330118585,0.136672327672883,-9.7480837845582,1.87982967066198e-22,5.41347228181564e-20,"RORB","Astrocytes"
"GLUD1",156.605611414874,-1.25966158019218,0.129215934914454,-9.74850029933332,1.87213406739224e-22,5.41347228181564e-20,"GLUD1","Astrocytes"
"NAV3",345.823207957646,-0.72369145980335,0.0742967147460406,-9.74055800821148,2.02439644499223e-22,5.69729572234972e-20,"NAV3","Astrocytes"
"ABCD2",12.7122698792171,-2.21982520816136,0.228126869075516,-9.73066091318923,2.23138405082743e-22,6.14027304475468e-20,"ABCD2","Astrocytes"
"AIG1",38.0263707244923,-1.04474893494049,0.107741941168042,-9.69677104026762,3.11191160986119e-22,8.37713075324155e-20,"AIG1","Astrocytes"
"ST6GALNAC5",10.7884143599956,-2.40728697476245,0.250547611475613,-9.60810187167467,7.38986595952427e-22,1.9469938335487e-19,"ST6GALNAC5","Astrocytes"
"GBP2",21.9378685517264,6.97302899733047,0.72782379791917,9.58065539663058,9.64310479733965e-22,2.43695034092769e-19,"GBP2","Astrocytes"
"CCSER1",11.7874011974363,-2.87727230943411,0.300273449640611,-9.58217355839433,9.50237552990676e-22,2.43695034092769e-19,"CCSER1","Astrocytes"
"TTC3",70.3401251558158,0.686800806514443,0.0717909204588608,9.56668060702757,1.10393106374973e-21,2.73399567248259e-19,"TTC3","Astrocytes"
"PLCD3",10.0576225162801,1.93287419313645,0.203660261657048,9.49067912124801,2.29533938528629e-21,5.57317404078434e-19,"PLCD3","Astrocytes"
"ENSG00000287544",49.3757574021792,-2.6031019896626,0.275437537846529,-9.45078877053072,3.36286908342878e-21,8.00815535771127e-19,"LOC105377557","Astrocytes"
"ENSG00000241231",36.0969358799668,-2.92811713060293,0.310709647706754,-9.42396591871028,4.34364372019213e-21,1.01485547522904e-18,"ENSG00000241231","Astrocytes"
"MYO9B",14.6904039351208,1.60343603500698,0.170213748685924,9.42013231825136,4.50519925989885e-21,1.03310893398755e-18,"MYO9B","Astrocytes"
"ERBB4",724.460189300955,-0.926482429418948,0.0988454713112805,-9.3730387151608,7.04737633196418e-21,1.58668474761295e-18,"ERBB4","Astrocytes"
"LINC01748",58.3040418383766,-1.29191901738619,0.137965767634075,-9.36405486332475,7.67339590279555e-21,1.69677966900567e-18,"LINC01748","Astrocytes"
"ENSG00000251294",15.242590138381,-3.03326039166083,0.325150270728045,-9.32879552850762,1.07080810701623e-20,2.3262836472249e-18,"ENSG00000251294","Astrocytes"
"CAMK4",14.9631494117409,-2.40193469088575,0.258980985942813,-9.27455999189119,1.78353657922975e-20,3.80785059665551e-18,"CAMK4","Astrocytes"
"PCDH7",82.6149357903608,-0.76648053659406,0.083099326186518,-9.22366728791134,2.87108894509561e-20,6.02588040798627e-18,"PCDH7","Astrocytes"
"EPHA6",85.2742204268912,-1.38740960171818,0.151131012031368,-9.18017806583749,4.30379156470084e-20,8.88230849094842e-18,"EPHA6","Astrocytes"
"NR2F2-AS1",45.3856176085882,-2.25227722817937,0.245436162356462,-9.1766315385434,4.44787112857817e-20,9.02917839101369e-18,"NR2F2-AS1","Astrocytes"
"PITPNM2",24.4665467731389,1.05849682287861,0.116532512210876,9.08327472562477,1.05356265826406e-19,2.10423651569095e-17,"PITPNM2","Astrocytes"
"ENSG00000290122",15.1278020944083,2.68210677522142,0.29534406103379,9.08129578036294,1.07289829796084e-19,2.10884121010302e-17,"ENSG00000290122","Astrocytes"
"LINC02060",21.7024307672321,-1.56306343934671,0.172200442518415,-9.07700013128341,1.11608475228885e-19,2.15944960743639e-17,"LINC02060","Astrocytes"
"LDAH",14.3060565285162,-1.72366393038863,0.190029715164371,-9.07049683728521,1.18475539446834e-19,2.25705016149254e-17,"LDAH","Astrocytes"
"ATL2",22.3156208180422,-1.45359830050316,0.160778096050409,-9.04102198129903,1.55213814585752e-19,2.9121404030536e-17,"ATL2","Astrocytes"
"GFAP",599.684937411431,1.77706615920527,0.197596743696567,8.99339799816828,2.39702354520159e-19,4.43020038212408e-17,"GFAP","Astrocytes"
"BAIAP2",16.9116398424437,1.56673896052708,0.174334537091536,8.98696831199,2.54143868382873e-19,4.6280345914487e-17,"BAIAP2","Astrocytes"
"ITGA3",7.37355481390456,2.07873887720582,0.231823597250395,8.96689940912509,3.04978418439896e-19,5.47325761672643e-17,"ITGA3","Astrocytes"
"INTU",69.7034222561288,-0.927972972743429,0.104001732099873,-8.92266844029386,4.55185873597969e-19,8.05223810394807e-17,"INTU","Astrocytes"
"HES5",8.95182602635056,-4.98313495400878,0.564401280959267,-8.82906386310703,1.05555442977291e-18,1.84097612730675e-16,"HES5","Astrocytes"
"CHSY3",8.35703311929092,2.09567742857055,0.23741265239276,8.82715140684077,1.07375400505435e-18,1.84670775619279e-16,"CHSY3","Astrocytes"
"GJB6",27.2923542300546,-1.50577893395636,0.170785197346675,-8.81680003507444,1.17777310531026e-18,1.99785813192561e-16,"GJB6","Astrocytes"
"SGCD",125.494050873731,-1.45518439995965,0.166305008061768,-8.75009367979573,2.1317570711139e-18,3.52765830874685e-16,"SGCD","Astrocytes"
"TMEM248",14.3328528785073,1.4902600365312,0.170318587150733,8.74983794465318,2.13659350041196e-18,3.52765830874685e-16,"TMEM248","Astrocytes"
"RORA",734.892352728341,-0.765971590933009,0.0877692858364418,-8.72710292254626,2.61279285487551e-18,4.2571334107794e-16,"RORA","Astrocytes"
"SMC5-DT",8.87313871333643,1.62353551639561,0.186254594489156,8.71675418718396,2.86290784219909e-18,4.60407633895472e-16,"SMC5-DT","Astrocytes"
"CPSF4",13.3644567060114,2.1620674159247,0.248168756997783,8.71208544572762,2.98334661979295e-18,4.73625399908924e-16,"CPSF4","Astrocytes"
"MIR9-1HG",198.82579572088,-1.49670102428899,0.171950987668922,-8.70423045880245,3.19736755596746e-18,5.01177246146141e-16,"MIR9-1HG","Astrocytes"
"ADGRB3",464.528764799777,-1.03698623443387,0.119264993823182,-8.694808100785,3.47416447554527e-18,5.37757233758464e-16,"ADGRB3","Astrocytes"
"ENSG00000259481",45.9328997543613,-2.13685548174709,0.245844271437056,-8.69190674753708,3.56406574758603e-18,5.44862051263677e-16,"ENSG00000259481","Astrocytes"
"SLC41A2",13.2907027202783,1.38291917379366,0.159187738731898,8.68734730959874,3.7100057023762e-18,5.60256105030786e-16,"SLC41A2","Astrocytes"
"SOX2-OT",52.8605055103873,-0.930411930970809,0.107193724678398,-8.67972387154403,3.96730828724807e-18,5.91893717120395e-16,"SOX2-OT","Astrocytes"
"LINC02944",4.80344126838312,-4.66617111609694,0.538597726514454,-8.66355516629109,4.57275104574856e-18,6.74099716660766e-16,"LINC02944","Astrocytes"
"PCNX2",13.6285058485577,-1.67165761874156,0.193455428855002,-8.64104785601286,5.5699778984305e-18,8.11447486073704e-16,"PCNX2","Astrocytes"
"LRRC3B",111.395731543399,-1.32707716379818,0.153728718517142,-8.6325910773152,5.99775518285931e-18,8.63607004992405e-16,"LRRC3B","Astrocytes"
"OBI1-AS1",348.40649599057,-1.49539621920327,0.173481221188289,-8.61993136179409,6.69942583531227e-18,9.53551610559446e-16,"OBI1-AS1","Astrocytes"
"ARFGAP1",36.0947777177479,1.20612353450559,0.141226276559809,8.54036206211813,1.33801925934215e-17,1.88280596459476e-15,"ARFGAP1","Astrocytes"
"HMGN2",24.3628171419639,-1.22670608729568,0.144776237611617,-8.47311760225802,2.38911168338661e-17,3.32408651408723e-15,"HMGN2","Astrocytes"
"ADD3",156.918947224024,-0.515058423892508,0.0611459629398347,-8.42342485307338,3.65635635463949e-17,5.03074008216676e-15,"ADD3","Astrocytes"
"SLC1A2",1131.5045174733,-1.24468422160359,0.148247577586605,-8.39598354230416,4.62010358420605e-17,6.28689480035424e-15,"SLC1A2","Astrocytes"
"MMADHC-DT",33.4927212745003,-0.878387084585851,0.104705606241167,-8.38911225596337,4.8982681859181e-17,6.59296249415477e-15,"MMADHC-DT","Astrocytes"
"FTX",164.515859364094,-0.672757326443841,0.0802359055008987,-8.38474149751205,5.08373496103679e-17,6.76902043252888e-15,"FTX","Astrocytes"
"SOX5",491.767182905892,-0.664832113869103,0.0793516150001794,-8.37830602272682,5.3694886107087e-17,7.07344441131977e-15,"SOX5","Astrocytes"
"MBD5",114.817804671336,-0.487722032224713,0.0583469230957503,-8.35900174931822,6.32511731658961e-17,8.24462397171886e-15,"MBD5","Astrocytes"
"GLI3",86.351054166319,-1.03617201689025,0.124167048360497,-8.34498387915208,7.12235995397801e-17,9.18710242813643e-15,"GLI3","Astrocytes"
"TDRD3",54.4447991881797,-0.790095317770037,0.0946985819314091,-8.3432645099407,7.22672730325231e-17,9.22562517486324e-15,"TDRD3","Astrocytes"
"SNTB2",16.6119595370669,1.79532733014117,0.215656047545835,8.32495703492666,8.4359334073863e-17,1.06594044269045e-14,"SNTB2","Astrocytes"
"NARF",18.0066701959695,1.33865779138774,0.160946810229547,8.31739249431854,8.99195927457083e-17,1.12472153229304e-14,"NARF","Astrocytes"
"AKAP6",79.4482113444371,-0.780329492288792,0.0938983247723831,-8.31036649674392,9.54069470526086e-17,1.1698759389735e-14,"AKAP6","Astrocytes"
"ENSG00000267042",5.73589621718805,1.93697225731231,0.233079465319734,8.310351384474,9.5419098632257e-17,1.1698759389735e-14,"ENSG00000267042","Astrocytes"
"GRIA2",75.2032644894457,-1.04624604655128,0.126459626102484,-8.27336027154941,1.30235408357723e-16,1.58108339381734e-14,"GRIA2","Astrocytes"
"LRP4-AS1",20.9502591584115,-2.44437950457522,0.295729985409268,-8.26557882249372,1.39018551420504e-16,1.67132691479621e-14,"LRP4-AS1","Astrocytes"
"TNNT1",7.61052897498007,-3.11782759883512,0.377355878927609,-8.26230031898679,1.42891645284039e-16,1.70137234956948e-14,"TNNT1","Astrocytes"
"ENSG00000270866",6.68031007611183,-4.54463182238836,0.550875279688072,-8.24983801226607,1.58609372816036e-16,1.87053320341045e-14,"ENSG00000270866","Astrocytes"
"GPAM",32.0881338578001,-1.26833103532083,0.154466819152604,-8.21102578714846,2.19306774270064e-16,2.56195828847754e-14,"GPAM","Astrocytes"
"LINC01266",23.9134309811876,-1.06098342459014,0.129318819527013,-8.20440078614014,2.31743803300287e-16,2.68194721146492e-14,"LINC01266","Astrocytes"
"COL11A1",23.2701671763117,-1.28167056346031,0.156334456681609,-8.19826025986432,2.43890878546298e-16,2.79638958244334e-14,"COL11A1","Astrocytes"
"WIF1",48.4668402048216,-3.07636079703146,0.375963798748763,-8.18259845035568,2.77787626161246e-16,3.15582034381166e-14,"WIF1","Astrocytes"
"KLF12",62.8945916685801,-1.1424792035848,0.139800462084335,-8.17221335717468,3.02782451055644e-16,3.40850462856549e-14,"KLF12","Astrocytes"
"EMID1",23.0764588212811,-1.10237990471333,0.135117876111448,-8.15865329176773,3.38780565723846e-16,3.77938715798052e-14,"EMID1","Astrocytes"
"RSRP1",54.5083587797206,-0.969432900058874,0.119177616950563,-8.13435378944531,4.14141463970076e-16,4.57885156101916e-14,"RSRP1","Astrocytes"
"NRXN3",27.239640659506,-1.16514948995011,0.143380309229578,-8.12628663036634,4.42641620963015e-16,4.85064707290709e-14,"NRXN3","Astrocytes"
"SLC4A4",204.028907371932,-1.18312320531565,0.145739341452435,-8.11807706501668,4.73628023509669e-16,5.14468053957915e-14,"SLC4A4","Astrocytes"
"SMAD1",46.6314735682539,0.974752164524766,0.120303798098359,8.10242220056778,5.38755957319718e-16,5.80123045173049e-14,"SMAD1","Astrocytes"
"LSAMP",1696.20358688889,-0.655840469532245,0.0811472489757947,-8.08210355631249,6.3659010665974e-16,6.79559938859272e-14,"LSAMP","Astrocytes"
"XRRA1",20.6514936193305,-1.51371587534879,0.187491257398537,-8.07352778125107,6.82956286286014e-16,7.22824589152112e-14,"XRRA1","Astrocytes"
"LINC01237",7.44210742237587,-2.63095896722647,0.326289809637212,-8.06325815124818,7.42874178863656e-16,7.79577199734631e-14,"LINC01237","Astrocytes"
"CDH23",15.7379438386373,1.51545342372831,0.188059257933631,8.05838245019098,7.7310616030372e-16,8.0448517504546e-14,"CDH23","Astrocytes"
"TJP2",73.0302825547673,1.21710146532777,0.151710306088555,8.02253648224354,1.03583620936696e-15,1.06889664838259e-13,"TJP2","Astrocytes"
"C11orf80",9.93508162503447,1.59358537070177,0.19913946599168,8.00235836109128,1.22058537090344e-15,1.24913294610721e-13,"C11orf80","Astrocytes"
"KIF5C",11.141164482271,1.32713524519987,0.16588718902152,8.00022746197542,1.24189580567786e-15,1.26052424276303e-13,"KIF5C","Astrocytes"
"ZFHX4",77.2999440009552,-0.853045123775975,0.106674075010038,-7.99674263588131,1.27753883192584e-15,1.28615962241769e-13,"ZFHX4","Astrocytes"
"SRGAP3",42.1125610099312,-1.22285263363908,0.153074477675541,-7.98861215931151,1.36466277930924e-15,1.36279187066018e-13,"SRGAP3","Astrocytes"
"GARNL3",45.1525050233912,-1.64639585015735,0.206190560064315,-7.98482651021369,1.40720074691806e-15,1.39402934792691e-13,"GARNL3","Astrocytes"
"DDR2",36.1662299272373,1.29996693747689,0.163006533130375,7.97493764521177,1.52457772683101e-15,1.49832111042447e-13,"DDR2","Astrocytes"
"ENSG00000271904",75.7330609922728,-1.19817936675971,0.150372049138511,-7.96809894940013,1.61133827276859e-15,1.57111825446405e-13,"ENSG00000271904","Astrocytes"
"APRG1",2.81110462131325,3.69902316770648,0.466135518664609,7.93551021021415,2.0963174443797e-15,2.01230224137627e-13,"APRG1","Astrocytes"
"FBXL7",252.677922925917,-0.748516379866969,0.0943222817151096,-7.93573232386153,2.09256886618589e-15,2.01230224137627e-13,"FBXL7","Astrocytes"
"RASL10A",11.7912468794179,-2.56780923805297,0.323924842060388,-7.92717601317613,2.24185433478418e-15,2.13545247904866e-13,"RASL10A","Astrocytes"
"CALCRL-AS1",7.58422610770466,-2.63896206097376,0.333354351934935,-7.91638700876728,2.44511737210781e-15,2.31128919227565e-13,"CALCRL-AS1","Astrocytes"
"APLNR",23.5114603346902,2.02603428489574,0.256206181122762,7.90782750055886,2.61919393477506e-15,2.45708170411512e-13,"APLNR","Astrocytes"
"ENSG00000290999",14.171758705457,1.69104573290063,0.213913347252025,7.90528386668786,2.67323714699304e-15,2.48892448054247e-13,"ENSG00000290999","Astrocytes"
"TENM2",273.663969910708,-1.13016244773539,0.143152754441164,-7.8948005726281,2.907798138357e-15,2.68710927964737e-13,"TENM2","Astrocytes"
"CADM2",504.727422723785,-0.962837240962325,0.122315739836175,-7.87173623159141,3.49752963611197e-15,3.20814144325738e-13,"CADM2","Astrocytes"
"VTI1A",38.5312393101052,-0.768418107387769,0.0977376133877605,-7.86205106461088,3.7789390813569e-15,3.44077960620901e-13,"VTI1A","Astrocytes"
"FGF14",14.2332492424329,-1.63121207898743,0.208139119554762,-7.83712395092677,4.60982952152872e-15,4.16668021642993e-13,"FGF14","Astrocytes"
"IRAK2",3.83383407665071,2.49361691197538,0.318998394747988,7.81702025160773,5.40884046891747e-15,4.85345445844964e-13,"IRAK2","Astrocytes"
"SGO1-AS1",17.1956388202404,-1.68371592853942,0.215501381979348,-7.81301684970531,5.58351285877251e-15,4.97414674317842e-13,"SGO1-AS1","Astrocytes"
"POLD2",13.903659870438,1.21306562165446,0.155294004309504,7.81141311313473,5.65503279796618e-15,5.00187650980109e-13,"POLD2","Astrocytes"
"CEP85L",62.0332794147827,-0.871639891173064,0.111673813878746,-7.80523079582006,5.93927532544667e-15,5.21603165638341e-13,"CEP85L","Astrocytes"
"PLA2G5",3.16666660673219,-4.35741378139311,0.558621865770783,-7.80029219833847,6.17639946204641e-15,5.38608130552963e-13,"PLA2G5","Astrocytes"
"SEC31A",23.4085815120636,1.03484948330962,0.133191350804795,7.76964477840827,7.87065357797675e-15,6.81554568224378e-13,"SEC31A","Astrocytes"
"ENSG00000285367",51.6328417499478,-0.945909484685799,0.121802460368751,-7.76593085083917,8.10477627849092e-15,6.96954476781619e-13,"LOC105371256","Astrocytes"
"NR4A1",14.0546341266475,-2.79068255064778,0.35952339131308,-7.76217241513948,8.34868007885932e-15,7.08093872715856e-13,"NR4A1","Astrocytes"
"NMT1",40.1897677395484,0.756592885842053,0.0974694014511643,7.76236310655025,8.3361330244631e-15,7.08093872715856e-13,"NMT1","Astrocytes"
"GPHN",190.280503183363,-0.428696887644107,0.0552657083800126,-7.75701425369135,8.69521601784354e-15,7.32468435026916e-13,"GPHN","Astrocytes"
"DCHS2",23.6790027707254,-1.11869331789113,0.144489836937743,-7.74236681001409,9.75829755873032e-15,8.16466207228092e-13,"DCHS2","Astrocytes"
"TAFA1",27.7847920417987,-2.26198944640729,0.292288114401488,-7.73890327712818,1.00278028936218e-14,8.33384451219591e-13,"TAFA1","Astrocytes"
"LSAMP-AS1",133.810474341468,-2.07352253823055,0.268019199576594,-7.73647015402709,1.02214964625901e-14,8.43818604641684e-13,"LSAMP-AS1","Astrocytes"
"TNIK",406.75985707806,-0.646560931809615,0.0837633067838533,-7.71890409577587,1.17334143084027e-14,9.62217678019542e-13,"TNIK","Astrocytes"
"NBEA",33.3985272004886,-0.819703120273794,0.106272266622798,-7.7132364475037,1.22666520856369e-14,9.99328636687116e-13,"NBEA","Astrocytes"
"SNX19",18.9685972344426,1.06384638444636,0.138090909152314,7.70395669763421,1.31916566667389e-14,1.06766199022371e-12,"SNX19","Astrocytes"
"MAPK8IP3",29.7792960411389,0.919386363541779,0.119591164785585,7.68774486969962,1.49751050056128e-14,1.2041345797695e-12,"MAPK8IP3","Astrocytes"
"RGS7",54.1478606485202,-1.4563875738612,0.189702644568061,-7.67721281470425,1.62587206162155e-14,1.29850895423649e-12,"RGS7","Astrocytes"
"DMD",47.4388637334884,-1.07726902330452,0.140334662055977,-7.67642867073579,1.63585073779288e-14,1.29850895423649e-12,"DMD","Astrocytes"
"TEAD1",75.1819106441493,-0.557239593024432,0.0726133245154099,-7.67406804113721,1.66625622508391e-14,1.31421979842128e-12,"TEAD1","Astrocytes"
"CCL2",26.8441677108131,3.16147861827885,0.412054180281278,7.67248281796522,1.68698563167828e-14,1.32214829601722e-12,"CCL2","Astrocytes"
"PPP2R2C",15.3826997623618,-1.42266425187019,0.185582691791599,-7.66593176408809,1.77537564848591e-14,1.38267148774849e-12,"PPP2R2C","Astrocytes"
"LUZP2",10.434279765781,-3.47435959518996,0.4533794384519,-7.66324914745458,1.81287173286771e-14,1.4030494167563e-12,"LUZP2","Astrocytes"
"CTTN",38.9372891068843,0.821598625036391,0.107363956810755,7.65246223632184,1.97167021100977e-14,1.51647156664186e-12,"CTTN","Astrocytes"
"TLCD1",3.17568905111191,-4.10397376492146,0.537770568983631,-7.63145847248175,2.32112612771643e-14,1.77422869379707e-12,"TLCD1","Astrocytes"
"RASAL2",23.8069167196588,0.896958199648148,0.117807490114996,7.61376206871559,2.66230698862414e-14,2.02253665276888e-12,"RASAL2","Astrocytes"
"LINC01586",2.36045874667271,-4.08117159740516,0.537134773302739,-7.59804019447637,3.00648960100585e-14,2.27008297129606e-12,"LINC01586","Astrocytes"
"RNPC3",70.0794073513567,-0.768214882904485,0.101425633612019,-7.57416893093432,3.61433851858234e-14,2.71250629549122e-12,"RNPC3","Astrocytes"
"NHSL1",130.563915325423,-1.34376636655453,0.177930324225101,-7.55220546248495,4.27948651746285e-14,3.19234226179171e-12,"NHSL1","Astrocytes"
"DLGAP4",16.6332908246524,1.26080112914237,0.167017121638457,7.54893340738817,4.38837168271976e-14,3.25396446389933e-12,"DLGAP4","Astrocytes"
"PTTG1IP",41.406008849224,0.839837247428927,0.111395725939928,7.53922325423707,4.72778979752328e-14,3.48477506325779e-12,"PTTG1IP","Astrocytes"
"HDAC7",39.4489070982049,1.60256971247342,0.213653736916045,7.50078016703799,6.34391072606377e-14,4.62097920710869e-12,"HDAC7","Astrocytes"
"NFATC3",21.746247991529,0.900913149437399,0.12010866605003,7.50081721049283,6.34211798482395e-14,4.62097920710869e-12,"NFATC3","Astrocytes"
"SORBS1",462.169821269827,0.646079000751516,0.086242060972367,7.49146058741021,6.81113381250497e-14,4.93229649124264e-12,"SORBS1","Astrocytes"
"GAK",22.773985035424,1.20504031144908,0.160976157231803,7.48583102101166,7.10958223039553e-14,5.11848585808069e-12,"GAK","Astrocytes"
"RBMS3-AS3",11.5010598991681,-1.75436953371086,0.234399267906549,-7.48453503877965,7.18008769314967e-14,5.1393656592065e-12,"RBMS3-AS3","Astrocytes"
"PDE7B-AS1",21.7435129511915,-1.50834582661622,0.201981569763535,-7.46773989518981,8.15839034390494e-14,5.80605446141235e-12,"PDE7B-AS1","Astrocytes"
"MATN2",40.8515803603927,2.5538942828154,0.342247577096474,7.46212523834902,8.51379008560373e-14,6.0243578645732e-12,"MATN2","Astrocytes"
"ENSG00000242880",7.09503128283818,1.53379615163168,0.205715332435861,7.45591557746383,8.9245879562222e-14,6.27915753760793e-12,"ENSG00000242880","Astrocytes"
"ENSG00000231252",44.8313672308823,-1.15739198696832,0.155345025811905,-7.45046055333445,9.30149495055449e-14,6.50736790806307e-12,"LOC101926964","Astrocytes"
"FAM222B",17.4580394575526,0.987679274247311,0.133023138639375,7.42486821728741,1.12892258570039e-13,7.85362268467864e-12,"FAM222B","Astrocytes"
"LRP1B",939.847681141754,-0.553906849384289,0.0746635894247957,-7.41870105163117,1.18274534104662e-13,8.18208690401131e-12,"LRP1B","Astrocytes"
"BICD1",95.1868732680593,0.518017181954346,0.0698441940803633,7.41675365826846,1.2002589034928e-13,8.25711444552849e-12,"BICD1","Astrocytes"
"LAMC1",16.8622151662688,1.01200254871153,0.136482763619974,7.41487439050824,1.21740132516925e-13,8.32877381744245e-12,"LAMC1","Astrocytes"
"MAOB",98.0075460015225,1.95821575742041,0.264671021029503,7.39867836608423,1.37546549679369e-13,9.35845563010783e-12,"MAOB","Astrocytes"
"ENSG00000287862",110.350935223899,-0.962112210955664,0.130411067720093,-7.37753495754429,1.61247042078515e-13,1.09110498473129e-11,"ENSG00000287862","Astrocytes"
"LINC01089",12.2165626998907,-1.36223451356553,0.184703058146392,-7.37526777973457,1.6401505146586e-13,1.10380346864225e-11,"LINC01089","Astrocytes"
"C1orf21",54.5326342976205,-0.857525438031599,0.116784611280185,-7.34279481372984,2.09179089998701e-13,1.40014306565077e-11,"C1orf21","Astrocytes"
"CIC",16.8302835325552,2.36826518506939,0.323897714772235,7.31176873765457,2.63648593766696e-13,1.75524760032957e-11,"CIC","Astrocytes"
"MFSD2A",4.94646312306198,3.53825429553459,0.484065138244974,7.30945902934236,2.68220018841264e-13,1.77613288412373e-11,"MFSD2A","Astrocytes"
"RANBP17",7.96079457421931,-2.20667305242028,0.302365992337931,-7.29801997690947,2.92033287332101e-13,1.92353627501777e-11,"RANBP17","Astrocytes"
"NUP160",17.4966321485308,1.17510993665244,0.161310465320638,7.28477184860053,3.22215124220166e-13,2.11110575831657e-11,"NUP160","Astrocytes"
"LINC01036",4.57896568213266,-3.34347778866658,0.459127558267032,-7.2822415654736,3.28318486890888e-13,2.13977253851046e-11,"LINC01036","Astrocytes"
"LINC02981",10.5687451891763,-1.68677216833415,0.231798592250796,-7.27688702487517,3.41611101930262e-13,2.21474883518452e-11,"LINC02981","Astrocytes"
"ENOX1",43.6028358455582,-1.1595470341508,0.159513899512243,-7.26925388756983,3.6147845354079e-13,2.33134775531021e-11,"ENOX1","Astrocytes"
"DBX2-AS1",6.01679163755482,-2.51165984317974,0.34569802881058,-7.2654734301536,3.71733996697337e-13,2.38506843580473e-11,"DBX2-AS1","Astrocytes"
"OAT",18.7937372870519,-1.63733641261067,0.226099886007104,-7.24165076562326,4.43256046915892e-13,2.82929877781417e-11,"OAT","Astrocytes"
"PLEKHM1",8.23072097899334,1.50495569361543,0.208133115030899,7.23073641304994,4.80381935297797e-13,3.05054846399622e-11,"PLEKHM1","Astrocytes"
"ZBTB20",578.596769477988,-0.39708246263353,0.0549516864308073,-7.22602868855569,4.9732273011273e-13,3.14201396274792e-11,"ZBTB20","Astrocytes"
"LHX2",21.0194312082801,-1.17189239245568,0.162399906881228,-7.2160902980859,5.35035366251197e-13,3.36311824380131e-11,"LHX2","Astrocytes"
"ANXA1",10.4642326315537,2.57223802047389,0.356735356372301,7.21049364613418,5.57493983437561e-13,3.48658989742794e-11,"ANXA1","Astrocytes"
"RHPN1",61.6669392062669,1.49014668798806,0.206753036803477,7.20737509362183,5.70407208671715e-13,3.54942334923711e-11,"RHPN1","Astrocytes"
"APCDD1",31.3318022746429,-1.12475845283955,0.156332877123711,-7.19463796440907,6.26267136821330e-13,3.87753297762927e-11,"APCDD1","Astrocytes"
"LRRC7",22.1164799387389,-1.83169652884364,0.255181286628935,-7.17802058701567,7.0727912325533e-13,4.35733203147799e-11,"LRRC7","Astrocytes"
"SREK1",37.5423215493134,0.831850430797448,0.11590431177258,7.17704473695209,7.123438383335e-13,4.36680878717016e-11,"SREK1","Astrocytes"
"MAMDC2-AS1",7.17028021364906,1.75670502195414,0.24496259633872,7.17131941043388,7.42783732654918e-13,4.530980769195e-11,"MAMDC2-AS1","Astrocytes"
"COQ8A",8.45366368581399,1.73792303211886,0.242368657336633,7.17057663815421,7.46825238554408e-13,4.5333024161859e-11,"COQ8A","Astrocytes"
"ENSG00000223774",15.5611633890744,-2.32682302387667,0.325000033233276,-7.1594547259832,8.09985893508165e-13,4.86895889286971e-11,"ENSG00000223774","Astrocytes"
"SUN1",36.8773977435047,0.766592930622341,0.107065970379705,7.160005442473,8.06738580722546e-13,4.86895889286971e-11,"SUN1","Astrocytes"
"ENSG00000271860",208.018760785489,-1.25816892280503,0.176126869023723,-7.14353766565601,9.09589824242556e-13,5.44128057661622e-11,"LOC101927314","Astrocytes"
"RASGEF1B",15.8191624534097,3.20295359714331,0.448695511717571,7.13836780957013,9.44456352332009e-13,5.62269375525349e-11,"RASGEF1B","Astrocytes"
"CLCN7",19.6991390052524,1.03268817050145,0.144723986773558,7.13557022249008,9.63867353353246e-13,5.71079877348002e-11,"CLCN7","Astrocytes"
"SLC24A3",29.6725475875351,-1.69739393963864,0.238431001174987,-7.1190152760081,1.08700863535299e-12,6.4097275864648e-11,"SLC24A3","Astrocytes"
"ENSG00000288048",2.42101236909425,-3.89964364807538,0.548227215476685,-7.11318872538027,1.13392053194337e-12,6.65466253414918e-11,"ENSG00000288048","Astrocytes"
"FTH1",801.853689002303,-1.1736085002226,0.165052552215651,-7.11051410273989,1.15611487800365e-12,6.75291062939587e-11,"FTH1","Astrocytes"
"FGFR1",33.6393662448517,1.00608633641063,0.141632056429736,7.10352134800606,1.21617551898164e-12,7.07037626833318e-11,"FGFR1","Astrocytes"
"POT1-AS1",55.7620099349413,-1.5492768188494,0.218240614586982,-7.0989390392865,1.25718243901003e-12,7.2746215618043e-11,"POT1-AS1","Astrocytes"
"ACBD7",7.87026374540244,-1.80706113021267,0.254643056338496,-7.09644769504552,1.28004359868418e-12,7.37245575930519e-11,"ACBD7","Astrocytes"
"HNRNPL",29.0893466566736,1.07980886566381,0.152192834654241,7.09500462434364,1.29347160371303e-12,7.4153050318419e-11,"HNRNPL","Astrocytes"
"ACSL6",52.4948788468261,-1.05683520286902,0.149067696282459,-7.08963262480749,1.34468481335872e-12,7.67337882203735e-11,"ACSL6","Astrocytes"
"LONP1",12.9811326132122,1.48925525078707,0.210092603206948,7.08856584217819,1.35508907356927e-12,7.69727889816895e-11,"LONP1","Astrocytes"
"LINC02698",6.97100922364587,-2.07944643684347,0.293874556645171,-7.07596622375931,1.48411009548539e-12,8.39165995999799e-11,"LINC02698","Astrocytes"
"SPON1",80.8689777835553,-0.974888965716192,0.137873189087222,-7.07091039360419,1.53920511358518e-12,8.62442394639150e-11,"SPON1","Astrocytes"
"AP3D1",23.5583124400589,0.934266607105313,0.132122181328329,7.0712320801276,1.53564059851735e-12,8.62442394639150e-11,"AP3D1","Astrocytes"
"FAT3",84.0764363439446,-1.57727653130944,0.223324916600151,-7.0626984007049,1.63299909724321e-12,9.10875127079399e-11,"FAT3","Astrocytes"
"ENSG00000249776",10.4698076837379,-2.33271688722053,0.330803848360784,-7.05166187993194,1.76793387255213e-12,9.77335943920224e-11,"ENSG00000249776","Astrocytes"
"MID1",33.4934171170373,-0.970334706587681,0.137594121812512,-7.05215232893358,1.76171182295730e-12,9.77335943920224e-11,"MID1","Astrocytes"
"CASTOR1",13.2026193700566,-1.62630701688412,0.230659865826331,-7.05067182389068,1.78055990861529e-12,9.79941037705915e-11,"CASTOR1","Astrocytes"
"PABPC4",8.20080876600142,1.47109650123497,0.208729678137505,7.04785497856158,1.81696855165067e-12,9.95554051995144e-11,"PABPC4","Astrocytes"
"GPT2",38.4387815011868,-0.864910141271688,0.122744821396171,-7.04640840594085,1.83594879303276e-12,1.00152219841959e-10,"GPT2","Astrocytes"
"SEPTIN7",113.88464178271,-0.588392044097931,0.0835784766600103,-7.03999483612816,1.92246956824701e-12,1.04412020454398e-10,"SEPTIN7","Astrocytes"
"C1S",26.8095730854099,1.15855991256872,0.16491978434248,7.02499046544228,2.14080866679354e-12,1.15762592667705e-10,"C1S","Astrocytes"
"TTN-AS1",24.8493349454185,-0.971892862199538,0.138464571584831,-7.01907246796414,2.23345926659209e-12,1.20247504774825e-10,"TTN-AS1","Astrocytes"
"TAOK3",60.0120424867695,-0.724876691092878,0.103378276983318,-7.01188598074478,2.35126790890582e-12,1.26042210025891e-10,"TAOK3","Astrocytes"
"SEMA4A",8.33657592925968,-1.81988505282258,0.259797633844408,-7.0050101145744,2.4696799191431e-12,1.31819165684263e-10,"SEMA4A","Astrocytes"
"BRD2",25.9366274564254,0.977312976761799,0.139772211664302,6.9921836760304,2.706402270189e-12,1.43834245973178e-10,"BRD2","Astrocytes"
"LINC01877",7.2607890388338,-2.40871506488467,0.344836149254133,-6.98510022831026,2.846526917833e-12,1.50634798391137e-10,"LINC01877","Astrocytes"
"MIR99AHG",625.345143438883,-0.41154925856266,0.0590217991420784,-6.9728348600823,3.10617170329486e-12,1.63675422135746e-10,"MIR99AHG","Astrocytes"
"SHISA6",20.5805147523599,-1.23370279817385,0.177074662834974,-6.96713340249927,3.23463929538418e-12,1.69722620316705e-10,"SHISA6","Astrocytes"
"PPFIA1",76.6554360939435,1.10574070014173,0.158770915071411,6.96437820267269,3.29857371189245e-12,1.72346996938246e-10,"PPFIA1","Astrocytes"
"CABIN1",22.701220359677,0.801002282312966,0.115123186539675,6.95778414747854,3.45666279516484e-12,1.79848131901371e-10,"CABIN1","Astrocytes"
"LSG1",5.99700734094551,1.52703720385578,0.219629184306464,6.95279731916226,3.58113026065077e-12,1.84194445272302e-10,"LSG1","Astrocytes"
"TMEM181",11.4122427881308,1.18833834794141,0.170893747388106,6.95366779711753,3.5590916287246e-12,1.84194445272302e-10,"TMEM181","Astrocytes"
"TMEM59L",13.5685581267076,-1.34866565671197,0.193978594040949,-6.95265198399811,3.58482284669506e-12,1.84194445272302e-10,"TMEM59L","Astrocytes"
"ARHGAP39",30.4188576307034,1.75451181076622,0.252384912295895,6.95173017596724,3.60833065763302e-12,1.84636192287065e-10,"ARHGAP39","Astrocytes"
"STRBP",24.5497311640809,-0.911764172527597,0.13117074102553,-6.95097218632116,3.6277739806473e-12,1.84867181902698e-10,"STRBP","Astrocytes"
"TMEM232",46.4409486233816,-1.21786131368345,0.175390879868725,-6.94369806796672,3.81966428934409e-12,1.93847962684213e-10,"TMEM232","Astrocytes"
"PTP4A3",11.8180052913582,2.22038824481521,0.31983230822912,6.94235131250273,3.85626749218431e-12,1.94906776962116e-10,"PTP4A3","Astrocytes"
"KCNQ3",33.2403075504545,-1.76066486662263,0.253850758046153,-6.9358267045337,4.03852419214291e-12,2.03288801102868e-10,"KCNQ3","Astrocytes"
"SOX21-AS1",14.6494921954831,-1.69077601105185,0.244195734616037,-6.92385562634969,4.39513849856044e-12,2.20344129666696e-10,"SOX21-AS1","Astrocytes"
"DOT1L",8.4768721993846,1.75502397313071,0.254817389106019,6.88737915135184,5.68296130986066e-12,2.83758507661309e-10,"DOT1L","Astrocytes"
"ENSG00000275443",8.60242423645707,-2.79716493802247,0.406459624934239,-6.88177808183291,5.91100485828733e-12,2.93959731566956e-10,"LOC105370997","Astrocytes"
"WARS1",31.3799761145021,3.72081994623577,0.540778061616965,6.88049351541786,5.96455611430742e-12,2.95436393453875e-10,"WARS1","Astrocytes"
"CCDC28A",4.36086106582611,-3.4076584540309,0.495333653972393,-6.87952136242456,6.00539923167673e-12,2.96274337393837e-10,"CCDC28A","Astrocytes"
"ENSG00000249328",9.95465165924549,-1.42656098845656,0.207535939925073,-6.8738021422776,6.25128987032436e-12,3.07181438350105e-10,"LOC101927040","Astrocytes"
"SLC1A4",33.0519996382033,-0.866323761783276,0.126053120648515,-6.87268793764274,6.30032928147213e-12,3.08367499970235e-10,"SLC1A4","Astrocytes"
"BTBD8",16.2884785975209,-1.09021574730881,0.158878102688535,-6.86196353594473,6.79204033325236e-12,3.31125336404189e-10,"BTBD8","Astrocytes"
"STN1",7.7279259598372,1.63790965917706,0.23891695495843,6.85556058364315,7.10334096240183e-12,3.44943808382047e-10,"STN1","Astrocytes"
"ENSG00000285980",14.5072644840962,-1.36542303909641,0.1994037087401,-6.84753080934961,7.51355144249007e-12,3.63438701220135e-10,"ENSG00000285980","Astrocytes"
"ARHGEF17",37.4921849694104,1.19004784694626,0.173878917758891,6.8441180925478,7.69484262904473e-12,3.70759674223583e-10,"ARHGEF17","Astrocytes"
"CEP162",13.1575536731819,-1.42724599664653,0.208766483325871,-6.83656674150463,8.11135778863027e-12,3.89313734482979e-10,"CEP162","Astrocytes"
"WNT7B",4.63807847370641,-2.89809084774956,0.423967706556192,-6.83564055217836,8.16394107152191e-12,3.90324642041142e-10,"WNT7B","Astrocytes"
"GRAMD1B",25.2669533649373,-1.24996705040917,0.182975175859847,-6.83134771990387,8.4120556170045e-12,4.00640325789872e-10,"GRAMD1B","Astrocytes"
"SLC30A10",18.7878541696679,-1.34689745230211,0.197248011929714,-6.82844627494676,8.58392042213698e-12,4.0725933558361e-10,"SLC30A10","Astrocytes"
"GGTA1",2.40818864937296,-3.7689971230209,0.552115806290298,-6.82646118817904,8.70348273108026e-12,4.11355826942621e-10,"GGTA1","Astrocytes"
"SF3A3",8.06734646321348,1.30090325789467,0.190755079869803,6.81975682525772,9.11947443480976e-12,4.29378144206271e-10,"SF3A3","Astrocytes"
"SPATS2L",36.1532021172764,-0.761678652811671,0.111749899024052,-6.81592251504171,9.3660770743326e-12,4.39318683376745e-10,"SPATS2L","Astrocytes"
"NCKAP5",105.651089359501,-1.37899152820389,0.202665131355399,-6.8042860603665,1.01551576005013e-11,4.74533270064181e-10,"NCKAP5","Astrocytes"
"MUC1",9.34794289427737,1.73351938988358,0.254845627946814,6.80223319446299,1.0300967505749e-11,4.7774112593142e-10,"MUC1","Astrocytes"
"RASA4B",8.50927973129629,1.90831778456202,0.280541767800991,6.80225907008519,1.02991169249024e-11,4.7774112593142e-10,"RASA4B","Astrocytes"
"LINC00461",129.128649867853,-0.982767070444983,0.144656650462032,-6.7937911413408,1.09224481967434e-11,5.0467416425475e-10,"LINC00461","Astrocytes"
"SLC7A5",5.72503250944323,1.70687181810143,0.251351386567945,6.79077940013683,1.11529354606435e-11,5.13408177729178e-10,"SLC7A5","Astrocytes"
"TMBIM4",12.8086343561274,-1.29488718725237,0.190745425442847,-6.78856221189092,1.13256541177566e-11,5.19428055334001e-10,"TMBIM4","Astrocytes"
"LEPROT",8.57412993941641,-1.67239965779782,0.24646110050901,-6.7856536156978,1.15562113871081e-11,5.2804636755188e-10,"LEPROT","Astrocytes"
"CGRRF1",9.68995223135408,-1.87487411910681,0.276620485360585,-6.77778479299117,1.22032439428302e-11,5.55561653470833e-10,"CGRRF1","Astrocytes"
"GPC5-AS2",21.512400728946,-1.9171765226718,0.283244127624416,-6.76863643653009,1.30001760386255e-11,5.89674651598165e-10,"GPC5-AS2","Astrocytes"
"MVP",18.5035895217029,1.68704835955709,0.250180512515736,6.74332442040616,1.54803021279778e-11,6.99607960769156e-10,"MVP","Astrocytes"
"VEGFA",26.8171703671721,-1.8414003895398,0.27322734486212,-6.73944399843667,1.58993859791617e-11,7.15934896654398e-10,"VEGFA","Astrocytes"
"HULC",40.0350566102204,-0.767293786439775,0.113870886326057,-6.73827886298094,1.60273748016175e-11,7.19083268726195e-10,"HULC","Astrocytes"
"DDX39A",10.8552500586622,1.17467958123881,0.174663814013225,6.72537461680452,1.75141251170083e-11,7.82950943407633e-10,"DDX39A","Astrocytes"
"RASSF8",61.6078340209345,0.495180213204452,0.0736545153007821,6.7230123120394,1.7800553607602e-11,7.92893004758761e-10,"RASSF8","Astrocytes"
"NRARP",2.56139240248835,-4.08967305020613,0.609029445054842,-6.71506621463575,1.87980838882793e-11,8.34324992073702e-10,"NRARP","Astrocytes"
"EYA1",43.9282239886389,-1.41588084161379,0.211165404387614,-6.7050795830874,2.01296631116217e-11,8.90234351111468e-10,"EYA1","Astrocytes"
"P3H2",9.97735473746354,1.28677021306545,0.191961077566679,6.70328709015756,2.03782533446157e-11,8.98021036179277e-10,"P3H2","Astrocytes"
"ECM2",6.50059596423428,3.04894625973982,0.455552381076795,6.69285550112368,2.18857228609062e-11,9.61031582221992e-10,"ECM2","Astrocytes"
"MAP3K2",29.8014658635509,0.724286214136243,0.108436746052826,6.67934293955483,2.40015912222376e-11,1.04919217598076e-09,"MAP3K2","Astrocytes"
"B3GALT1",93.9809309956446,-0.907302765545155,0.135844729988285,-6.67896918506443,2.40628747459045e-11,1.04919217598076e-09,"B3GALT1","Astrocytes"
"LRSAM1",15.8461762990839,1.19796797837739,0.179747546523429,6.66472506327779,2.65161270282024e-11,1.15210245961484e-09,"LRSAM1","Astrocytes"
"PFKM",7.70517045250818,-1.75171767757626,0.263011219044012,-6.66023937664471,2.73381949760412e-11,1.17954309542968e-09,"PFKM","Astrocytes"
"MFGE8",27.236831072224,-1.06641284485688,0.160108183947697,-6.66057673357438,2.7275511462696e-11,1.17954309542968e-09,"MFGE8","Astrocytes"
"RAB11FIP3",21.723146037388,0.865109107671453,0.129985227825273,6.65544171553354,2.82450471725679e-11,1.21443895533996e-09,"RAB11FIP3","Astrocytes"
"CSPG5",20.0741837158361,-1.70652896638156,0.256604007028167,-6.65043771586247,2.92222644264082e-11,1.25210830585541e-09,"CSPG5","Astrocytes"
"PNPLA6",21.3194248568178,1.52023538265751,0.228630824599072,6.64930192734685,2.94486353483489e-11,1.2574567293745e-09,"PNPLA6","Astrocytes"
"TNFRSF12A",5.21160804329133,2.80677290634291,0.422490888049084,6.64339275884414,3.06543541730041e-11,1.30444284441344e-09,"TNFRSF12A","Astrocytes"
"BCL2L1",13.8614259155277,1.59734927721201,0.240760633983536,6.63459491189595,3.25394918531305e-11,1.37991961512779e-09,"BCL2L1","Astrocytes"
"CCAR1",25.8868163905882,0.835657816621813,0.125986051833,6.63293915845157,3.29067475385903e-11,1.39073124495005e-09,"CCAR1","Astrocytes"
"GPM6A",1112.02887280214,-0.744942537723079,0.112623679290576,-6.61443972009724,3.72961593345833e-11,1.5708787110209e-09,"GPM6A","Astrocytes"
"ARID5B",27.8257284761258,1.39739337912184,0.211340523528847,6.6120465483332,3.79042762565281e-11,1.59108017926979e-09,"ARID5B","Astrocytes"
"ZNF404",6.92060266002322,-2.00559205222001,0.303557335085146,-6.60696290424824,3.92284284869948e-11,1.64110010119749e-09,"ZNF404","Astrocytes"
"STXBP5",105.988975001149,-0.601604515089004,0.0911265432934032,-6.60185817815999,4.06035859638464e-11,1.69290978111216e-09,"STXBP5","Astrocytes"
"CDH20",416.671426472294,-0.580890638728805,0.0880005581488989,-6.60098811811995,4.08426291564324e-11,1.69716200283256e-09,"CDH20","Astrocytes"
"OGFRL1",41.8675876166384,0.587651375468187,0.0890653917802861,6.59797665200704,4.16806885793512e-11,1.72043988892702e-09,"OGFRL1","Astrocytes"
"ENSG00000287100",32.5174433244056,-0.964795324986264,0.146224621495219,-6.59803605658713,4.16639953719492e-11,1.72043988892702e-09,"ENSG00000287100","Astrocytes"
"ENSG00000285941",15.9815739671777,-1.29924912266016,0.197137877461828,-6.59056057307776,4.38168981783637e-11,1.80260681110524e-09,"ENSG00000285941","Astrocytes"
"TGFB1",13.0302795445416,1.06859142893734,0.16240089456891,6.57996023835886,4.70574094006677e-11,1.9295096046638e-09,"TGFB1","Astrocytes"
"VCP",18.6644317154713,0.832925284540327,0.126950251138166,6.56103691857857,5.34348881596944e-11,2.18377630389933e-09,"VCP","Astrocytes"
"SIPA1L3",17.6384115778956,1.06484509036119,0.162595870443177,6.54902912022802,5.79123394065482e-11,2.3589753252345e-09,"SIPA1L3","Astrocytes"
"CSNK1G2",8.81374772012147,1.83951649351373,0.281223282504448,6.54112446569796,6.10579878783115e-11,2.47895430785945e-09,"CSNK1G2","Astrocytes"
"CPQ",55.9562859411207,-0.768924794616403,0.117858168404336,-6.5241536079065,6.83865972591368e-11,2.76742233287546e-09,"CPQ","Astrocytes"
"TNFAIP2",6.00206946367836,2.60912128876212,0.400169665874848,6.52003765217456,7.02897448910341e-11,2.83517234848754e-09,"TNFAIP2","Astrocytes"
"ENSG00000265399",3.08872388865306,-3.15460465596474,0.48393395123992,-6.51866778076248,7.09345640882304e-11,2.85189190618363e-09,"ENSG00000265399","Astrocytes"
"RHBDL1",9.74605058448403,-1.42400854188554,0.218871286608504,-6.50614598173706,7.71033026404787e-11,3.08987118639821e-09,"RHBDL1","Astrocytes"
"ENSG00000287373",5.51481231218274,-2.84808122087484,0.438025611657711,-6.50208833701813,7.92125590957288e-11,3.16415844929809e-09,"ENSG00000287373","Astrocytes"
"CSDC2",8.11751368306652,-2.29883957614863,0.353709811708168,-6.49922478838475,8.07349504291465e-11,3.21460093621904e-09,"CSDC2","Astrocytes"
"SUCLG2-DT",39.5970985305466,-1.0222384226243,0.157380511003348,-6.49533043263883,8.28513590693963e-11,3.28829608768056e-09,"SUCLG2-DT","Astrocytes"
"ZNF521",41.705169493014,-0.727710101305933,0.112282858341756,-6.48104360766269,9.10903374166896e-11,3.60374328508264e-09,"ZNF521","Astrocytes"
"NFKB2",3.81810288903615,2.31318313783976,0.357165042517656,6.47651047127719,9.3868105236067e-11,3.70181129661853e-09,"NFKB2","Astrocytes"
"SAP30BP",27.9779122375007,1.33788655410275,0.206612590406351,6.47533894943906,9.45993405370912e-11,3.71880518689143e-09,"SAP30BP","Astrocytes"
"GRID2",17.2634164781745,-1.85473450534387,0.286763411049816,-6.46782132543985,9.94259591459292e-11,3.8961761142533e-09,"GRID2","Astrocytes"
"UNC5D",25.9834060968939,-0.879405802235407,0.136015334675166,-6.46549011797544,1.00971002504631e-10,3.94423950793326e-09,"UNC5D","Astrocytes"
"SLC13A3",29.0550555410271,0.909297588574762,0.140650375993786,6.4649495754987,1.0133259373269e-10,3.94591669242736e-09,"SLC13A3","Astrocytes"
"NTM",796.417139988879,-0.733694369781314,0.113506227366304,-6.46391292183079,1.02029599582655e-10,3.96060354743581e-09,"NTM","Astrocytes"
"IARS1",15.5409896616585,1.29971686154251,0.201195919461301,6.45995637000235,1.04733172712796e-10,4.05284649282046e-09,"IARS1","Astrocytes"
"USPL1",9.22723040885863,1.40312979812688,0.21747226655166,6.45199418011107,1.10387819433346e-10,4.25835628673869e-09,"USPL1","Astrocytes"
"MIR219A2HG",13.6039861167091,-1.44285527475025,0.223756610893434,-6.44832467290733,1.13093291268855e-10,4.34917461423053e-09,"MIR219A2HG","Astrocytes"
"ASAP2",38.3196157665161,-0.672638403278783,0.104411072144535,-6.44221335403643,1.17743601107931e-10,4.51399075083441e-09,"ASAP2","Astrocytes"
"NPIPB13",10.4489692461235,1.38877622496463,0.215836575167891,6.43438779495253,1.23971977817691e-10,4.73810185591503e-09,"NPIPB13","Astrocytes"
"FTCDNL1",15.9343229898283,-0.994399221236914,0.154634365702718,-6.43064830199924,1.27060843148503e-10,4.84121360217818e-09,"FTCDNL1","Astrocytes"
"ATG4B",31.8132974386297,0.682901853275915,0.106276436994413,6.4257127223019,1.31253074751406e-10,4.98560375658484e-09,"ATG4B","Astrocytes"
"RGS11",17.9680372792393,-1.42416049303355,0.221985763451532,-6.41554877614708,1.40316478860229e-10,5.31357479426978e-09,"RGS11","Astrocytes"
"MIR3936HG",22.8609670363644,-0.82682402514039,0.128921316003488,-6.41340044277877,1.42309062903841e-10,5.37260099371423e-09,"MIR3936HG","Astrocytes"
"ARHGAP24",81.4840702759816,-1.67974170895172,0.262270241801189,-6.40462180312865,1.50742571042525e-10,5.65650077945331e-09,"ARHGAP24","Astrocytes"
"PDK4-AS1",9.675403004737,-1.50491924984436,0.234958461609618,-6.40504385130328,1.50326168486775e-10,5.65650077945331e-09,"PDK4-AS1","Astrocytes"
"LRCH4",12.3396726014422,1.12260735815855,0.175317544640716,6.40328017631746,1.5207375170083e-10,5.68921228794979e-09,"LRCH4","Astrocytes"
"ENSG00000258526",30.2624808976671,-0.753875988700384,0.117854558141623,-6.39666382520794,1.58808433685473e-10,5.92326757327475e-09,"LOC105370460","Astrocytes"
"ZGPAT",5.00116195048453,2.07790177720783,0.32487644732383,6.39597543719944,1.59525648576993e-10,5.93215046945617e-09,"ZGPAT","Astrocytes"
"DGKD",21.8478576795862,1.11687982611893,0.174677419445688,6.39395652662592,1.61647405220207e-10,5.99305334982581e-09,"DGKD","Astrocytes"
"SMIM12",11.8816628754762,1.37087961250432,0.21449168470333,6.39129490917296,1.64486793033036e-10,6.08011927799430e-09,"SMIM12","Astrocytes"
"SPAG16",28.9349355785856,-0.829516764695204,0.129809487364693,-6.39026300415715,1.65600679297111e-10,6.08496501998849e-09,"SPAG16","Astrocytes"
"PRMT2",41.6589238530134,0.805991905901174,0.126122035180396,6.39057167725165,1.65266712853885e-10,6.08496501998849e-09,"PRMT2","Astrocytes"
"KCNMB2",6.67367247243945,-1.71909241001254,0.269471861749022,-6.37948763501568,1.77681429968079e-10,6.50955369022106e-09,"KCNMB2","Astrocytes"
"C2CD6",7.7070185366361,-1.9443110170917,0.304895980276621,-6.37696507290026,1.80631634178307e-10,6.57871037067640e-09,"C2CD6","Astrocytes"
"MIR181A2HG",9.76961240730044,-1.57180962318492,0.246482123868496,-6.376972084286,1.80623368219605e-10,6.57871037067640e-09,"MIR181A2HG","Astrocytes"
"RPS27",134.064648445859,-0.954697142129602,0.149816305508184,-6.37245150914129,1.86030248231043e-10,6.75546206406159e-09,"RPS27","Astrocytes"
"BRINP3",62.9255446509487,-0.962874530122498,0.151191472766494,-6.36857696074962,1.90790033458394e-10,6.90804966174064e-09,"BRINP3","Astrocytes"
"MAPK1",34.2551417397453,0.668514436990053,0.105279541357469,6.34989883476186,2.1545656944085e-10,7.77842186409925e-09,"MAPK1","Astrocytes"
"C3",12.1734346765757,2.06027208848827,0.325118758045491,6.3369831407882,2.34307618794529e-10,8.43439314980423e-09,"C3","Astrocytes"
"HOMER3",9.62130605088355,1.34561849726804,0.21239711873616,6.33538960073921,2.36742280339838e-10,8.49733234042959e-09,"HOMER3","Astrocytes"
"RPP38",6.62301387723691,-1.86792508174357,0.295187869075833,-6.3279195299984,2.48488659904932e-10,8.8931649583895e-09,"RPP38","Astrocytes"
"RAB7A",51.9840972796043,1.07030702087084,0.169183499127553,6.32630857258659,2.51095454296238e-10,8.96056199005855e-09,"RAB7A","Astrocytes"
"GCLM",12.3334522113444,2.10091447648648,0.332201055889489,6.32422576400654,2.54505400182125e-10,9.05615048981393e-09,"GCLM","Astrocytes"
"TNFSF13",11.1232123301199,-1.34244269819156,0.21232718876587,-6.32251906123928,2.57333268503034e-10,9.13053829189991e-09,"TNFSF13","Astrocytes"
"TTF1",8.2623569700023,-1.50688089051278,0.238475200006684,-6.31881592077724,2.63575009861768e-10,9.32528384890937e-09,"TTF1","Astrocytes"
"MCF2L2",20.4030994813152,-1.37726556006897,0.218049847063134,-6.31628766825135,2.67921127164679e-10,9.45204364011458e-09,"MCF2L2","Astrocytes"
"CHAC2",8.1750761845042,-2.48656485192526,0.393710779805556,-6.3157144265984,2.68916231669869e-10,9.45473491710278e-09,"CHAC2","Astrocytes"
"PLIN5",32.8596806110516,-0.99837578886549,0.158086789643388,-6.31536506698395,2.69524463032971e-10,9.45473491710278e-09,"PLIN5","Astrocytes"
"LRAT",9.8647137758899,1.49197722137537,0.236393385882087,6.31141694514062,2.76492173646388e-10,9.6717587182577e-09,"LRAT","Astrocytes"
"SMARCA2",69.2624373442546,-0.846696666341744,0.134192291221944,-6.30957753706857,2.79798163936059e-10,9.75983285639497e-09,"SMARCA2","Astrocytes"
"PRRC2B",43.1426219408853,1.42450923020719,0.225905180702787,6.30578380617729,2.86739053567846e-10,9.97384747283885e-09,"PRRC2B","Astrocytes"
"HYI",10.5286719611016,1.05323152329258,0.167081739210412,6.30369020737933,2.90641141187352e-10,1.00812584070672e-08,"HYI","Astrocytes"
"TMEM43",12.4108755600986,0.992655431617865,0.157613142952811,6.29804985181385,3.01413584481301e-10,1.04257106609831e-08,"TMEM43","Astrocytes"
"IL1RAPL1",39.9433685393895,-1.02724201866794,0.163420283616982,-6.28589056347221,3.25979526072007e-10,1.12440235970743e-08,"IL1RAPL1","Astrocytes"
"SLC25A5",12.6868667466399,-1.77596069697545,0.282744162581095,-6.28115778151945,3.36060859788705e-10,1.15595600743432e-08,"SLC25A5","Astrocytes"
"NKAIN4",26.6825292968464,-1.34876822258156,0.214860233085063,-6.27742138791959,3.44234209792944e-10,1.18079008860555e-08,"NKAIN4","Astrocytes"
"LMO3",67.1743741560483,-1.33727364369419,0.213207813128015,-6.27216059334211,3.56072033711459e-10,1.21802209763784e-08,"LMO3","Astrocytes"
"STIP1",10.3082793177233,1.43319161547985,0.228996796514585,6.25856622142121,3.88532911423612e-10,1.32540028709603e-08,"STIP1","Astrocytes"
"PLIN2",9.11628197144603,1.15297431687858,0.184386827218578,6.25301890742881,4.02593375896821e-10,1.36959169607976e-08,"PLIN2","Astrocytes"
"REX1BD",11.8472510751791,-1.26520267329527,0.202655326357758,-6.24312568553835,4.28911971842746e-10,1.45512793077499e-08,"REX1BD","Astrocytes"
"MANF",12.8164919321517,2.2237809818874,0.356239106083084,6.24238311828896,4.30953793246685e-10,1.45806033381795e-08,"MANF","Astrocytes"
"ERI2",8.47878320456084,-1.36955022352862,0.219565005998603,-6.23756147888765,4.4444445985883e-10,1.49960647041741e-08,"ERI2","Astrocytes"
"GALT",10.5813370390396,-1.20676192863266,0.193511345411867,-6.2361301145636,4.48528076533705e-10,1.50518243135959e-08,"GALT","Astrocytes"
"RLBP1",12.2849270968223,-1.93393430458292,0.310112973228236,-6.23622509065296,4.48255983478656e-10,1.50518243135959e-08,"RLBP1","Astrocytes"
"THRAP3",20.2242511416665,0.762540577329543,0.122292354568897,6.23539042990577,4.50652692235694e-10,1.50807500566096e-08,"THRAP3","Astrocytes"
"EIF3B",14.7877671160116,0.935050633188136,0.149968421753391,6.23498348689526,4.51825750706787e-10,1.50807500566096e-08,"EIF3B","Astrocytes"
"HSD17B3",6.63792436229828,1.55924544716173,0.250154912929845,6.23311942547781,4.57237318530726e-10,1.52203486972204e-08,"HSD17B3","Astrocytes"
"FSTL3",27.4684486550585,0.882825578713272,0.14169259989299,6.23056941138781,4.64742856863668e-10,1.54287152722327e-08,"FSTL3","Astrocytes"
"TUSC3",9.84859483738772,-1.23417736286625,0.198110845116645,-6.2297314523068,4.67235397135437e-10,1.54287357939417e-08,"TUSC3","Astrocytes"
"C2CD2",15.3659180556518,0.928112250623066,0.148980155975658,6.2297709687907,4.67117561313868e-10,1.54287357939417e-08,"C2CD2","Astrocytes"
"GOLGA7B",20.7849659362439,1.23568408805213,0.198565334842443,6.22306048048425,4.87549323912396e-10,1.60567108457638e-08,"GOLGA7B","Astrocytes"
"RALGPS1",26.6911039451837,-0.830240851179611,0.133437779283618,-6.22193246647905,4.91068418974012e-10,1.61297088386079e-08,"RALGPS1","Astrocytes"
"SEC61A1",17.8195880288563,1.45773272700548,0.234311339030241,6.22134947902518,4.92896884689944e-10,1.61469368336391e-08,"SEC61A1","Astrocytes"
"MED23",12.1779232384052,1.05602535844521,0.169796151648492,6.21937157110228,4.99149987430434e-10,1.63086392990793e-08,"MED23","Astrocytes"
"RILPL1",13.648417785509,1.10985047338105,0.178512970545509,6.21719794359767,5.06111151214352e-10,1.64925641723351e-08,"RILPL1","Astrocytes"
"ATG13",10.2764075719676,1.06102764425046,0.170683864624646,6.21633243765477,5.08909277204158e-10,1.6540219369079e-08,"ATG13","Astrocytes"
"CYP7B1",20.2678056639893,-1.00322415059883,0.161411144041837,-6.21533387024877,5.12156342257992e-10,1.66021779742951e-08,"CYP7B1","Astrocytes"
"ECE1",29.9613124498459,0.844947628836437,0.136489891466238,6.19055096139074,5.99542797349969e-10,1.93841735237198e-08,"ECE1","Astrocytes"
"RGS6",19.7454742951029,1.09209229271228,0.17643624998808,6.18972741024629,6.02683461668305e-10,1.94349721506214e-08,"RGS6","Astrocytes"
"IDH2-DT",5.35254358896277,-2.10271199698625,0.339890444717381,-6.18644045358397,6.15379144586401e-10,1.97928310322426e-08,"IDH2-DT","Astrocytes"
"PDE4D",217.010657386388,-0.866271057958685,0.140082885069903,-6.18398926839924,6.25016184798521e-10,2.00507135138862e-08,"PDE4D","Astrocytes"
"MON1B",6.3855026775641,1.27434366213219,0.206215012618089,6.17968423323418,6.42299398459369e-10,2.05519210623317e-08,"MON1B","Astrocytes"
"MAOA",9.7346561029195,-1.39778084154008,0.226253976607015,-6.1779282844072,6.49482025660505e-10,2.07281853705001e-08,"MAOA","Astrocytes"
"BACE2",4.65887907562243,1.84406736786284,0.298564447545177,6.17644660315362,6.55603683512238e-10,2.08697696990541e-08,"BACE2","Astrocytes"
"FSTL5",26.451275480195,-1.7815452365527,0.288500410131879,-6.17519134804113,6.60833863760768e-10,2.09823223973067e-08,"FSTL5","Astrocytes"
"RPL24",26.1475611431004,-1.08335597722411,0.175569226174839,-6.17053455680931,6.80594978995624e-10,2.1554495204355e-08,"RPL24","Astrocytes"
"CLYBL",30.6485136394099,-1.18780482102509,0.192575592956377,-6.16799254147513,6.91624057641032e-10,2.18479099636962e-08,"CLYBL","Astrocytes"
"SPG7",30.1534350856782,1.10889868654398,0.179828396024878,6.16642705521639,6.98502803874546e-10,2.20090590849326e-08,"SPG7","Astrocytes"
"ARHGAP5-AS1",6.46991164340341,-3.1737226934858,0.51471877447154,-6.16593536294504,7.0067703975335e-10,2.20215324448369e-08,"ARHGAP5-AS1","Astrocytes"
"AKR1C3",3.95364851495943,-2.96437716514036,0.480915090925481,-6.1640344024881,7.09145257071827e-10,2.22312549830897e-08,"AKR1C3","Astrocytes"
"IPP",4.37296129244368,1.54672634129946,0.250945940893876,6.16358382124045,7.11167053718655e-10,2.22383374398942e-08,"IPP","Astrocytes"
"SPTLC1",15.6688218689499,0.97749923270816,0.158777540040743,6.1564074645402,7.44136208892534e-10,2.32106767625094e-08,"SPTLC1","Astrocytes"
"BMP7",20.8437780697181,-0.92522389671022,0.150313957782796,-6.15527599936641,7.49468580771991e-10,2.3318264913818e-08,"BMP7","Astrocytes"
"ENSG00000270001",1.58856368718499,-3.37099024489401,0.547948298721693,-6.1520224677368,7.65010368237526e-10,2.37421638844243e-08,"ENSG00000270001","Astrocytes"
"PLCB4",3.85287531270521,2.38792082450197,0.388511550566915,6.14633161103581,7.92954181564973e-10,2.45478790757976e-08,"PLCB4","Astrocytes"
"EOLA2",2.33349229476182,3.44984474594095,0.561923494827873,6.13934953368998,8.28600662725084e-10,2.55874364252487e-08,"EOLA2","Astrocytes"
"TRIM47",32.4867197578257,1.04456358714242,0.170224809972323,6.13637687310242,8.44247409287496e-10,2.60057603711618e-08,"TRIM47","Astrocytes"
"ADAMTS9-AS2",45.0912119113131,1.30282698225028,0.212462254044347,6.13203972682292,8.67594305525916e-10,2.66586111298447e-08,"ADAMTS9-AS2","Astrocytes"
"PIK3IP1",9.73475128916168,-1.44482743105317,0.235682101899158,-6.13040794956664,8.76540206441275e-10,2.68668251890156e-08,"PIK3IP1","Astrocytes"
"DPY19L2P2",9.21423186751833,-1.73650877796359,0.283427240339919,-6.1268238574421,8.96506245942085e-10,2.74109551691379e-08,"DPY19L2P2","Astrocytes"
"SLC15A4",7.49996254719157,1.24236450946228,0.202832773059699,6.12506791048319,9.06449367183435e-10,2.76467056990948e-08,"SLC15A4","Astrocytes"
"SLC8A1",30.7898118903824,-2.05378735201448,0.335393463830564,-6.12351632783169,9.15324707155655e-10,2.78488104390872e-08,"SLC8A1","Astrocytes"
"ACKR1",3.09579067749928,2.54552543592616,0.416054901937388,6.11824406844566,9.46120821193673e-10,2.87152307079442e-08,"ACKR1","Astrocytes"
"NEAT1",1779.44882829589,1.85495216386292,0.303330559985917,6.11528282527495,9.63858647293784e-10,2.91820577736893e-08,"NEAT1","Astrocytes"
"MAN1C1",28.5987400556553,1.93752023371284,0.317332805319087,6.10564114783093,1.02388823015902e-09,3.09239218391686e-08,"MAN1C1","Astrocytes"
"ROR1",19.7557955278283,-1.0104322978284,0.165588491307259,-6.10206838561915,1.04704555843512e-09,3.15463872265257e-08,"ROR1","Astrocytes"
"PRKX",14.4363550913054,1.83952293491286,0.301480009736859,6.10164148700422,1.04984648197319e-09,3.15540023938691e-08,"PRKX","Astrocytes"
"PPP1R1A",5.66111149754652,2.39204708056012,0.392573796635081,6.09324183392622,1.10646713662969e-09,3.31752604186088e-08,"PPP1R1A","Astrocytes"
"LINC02389",4.5014495778305,-2.72239187762288,0.447312335853346,-6.08610954676517,1.15687302100399e-09,3.46027985968415e-08,"LINC02389","Astrocytes"
"CCDC186",12.6754686394649,0.9756993532299,0.160350506523617,6.08479121384125,1.16643210522889e-09,3.48046476121671e-08,"CCDC186","Astrocytes"
"DEAF1",16.9537669901829,0.865540276017768,0.142338442813016,6.08086093196053,1.19538940396414e-09,3.55829494934807e-08,"DEAF1","Astrocytes"
"PCYT1A",15.3393334936705,0.984511417109192,0.161923845448996,6.08008915783376,1.20115739379858e-09,3.56689016964216e-08,"PCYT1A","Astrocytes"
"COX20",27.1684849130837,-1.17938158237198,0.194013737626776,-6.07885604802253,1.21042961050736e-09,3.57885744903941e-08,"COX20","Astrocytes"
"NTN1",9.51528518115935,1.28090230449126,0.210716837675174,6.07878477402838,1.21096767434992e-09,3.57885744903941e-08,"NTN1","Astrocytes"
"AGFG2",15.0807422367131,1.46827850224646,0.24187519638182,6.07039714782766,1.27594313018727e-09,3.76190566216881e-08,"AGFG2","Astrocytes"
"DDX55",5.28334153092648,1.67059704830732,0.275539458329752,6.06300476321629,1.33601706985495e-09,3.92966731021705e-08,"DDX55","Astrocytes"
"LYPD1",4.42666337650653,-3.69515273943645,0.609753045558926,-6.06008082509751,1.36053165058437e-09,3.99228991212945e-08,"LYPD1","Astrocytes"
"UBA6-DT",38.1915660001224,-0.696025538020002,0.114877922898623,-6.05882767078079,1.37117194076405e-09,4.01400050649674e-08,"UBA6-DT","Astrocytes"
"RING1",30.3436784719139,0.657691216042834,0.108565714095854,6.05800110578329,1.37823449183463e-09,4.0251598378274e-08,"RING1","Astrocytes"
"GRM3",76.5651844496778,-1.83903330244631,0.303725149561568,-6.05492599180868,1.40482236323719e-09,4.09315654681555e-08,"GRM3","Astrocytes"
"NEIL1",20.6412039271217,0.7988377539431,0.132094284234079,6.04748160433278,1.47127459787661e-09,4.2767120529357e-08,"NEIL1","Astrocytes"
"POU6F2",16.079423754615,-2.72092855101398,0.45031102563764,-6.04233162437263,1.51902839550936e-09,4.40518234697716e-08,"POU6F2","Astrocytes"
"ECHDC2",79.2673646585658,-0.657371605417635,0.108937349493832,-6.03440058411605,1.59553820999093e-09,4.61624991923311e-08,"ECHDC2","Astrocytes"
"LINC00299",145.639862161985,-1.18703105090891,0.196779370599772,-6.03229417438884,1.61648165430444e-09,4.66594226695849e-08,"LINC00299","Astrocytes"
"MEIS2",166.586901523996,-0.618857217295028,0.102597834500309,-6.03187406741189,1.62069058839541e-09,4.66721198979077e-08,"MEIS2","Astrocytes"
"ADGRV1",710.467776652619,-0.560971248356945,0.0930173627228502,-6.03082297687139,1.63126801167311e-09,4.68677303678612e-08,"ADGRV1","Astrocytes"
"SPATC1",6.27927935128059,-1.55876321459462,0.258924687363409,-6.02014134097166,1.74264833695888e-09,4.99518850846337e-08,"SPATC1","Astrocytes"
"RBM10",17.1634418563832,1.14839989808793,0.191007523853727,6.01232807440282,1.82877741752377e-09,5.22996553376371e-08,"RBM10","Astrocytes"
"BAZ1B",16.713811299554,1.05989697643928,0.176335501682059,6.01068398779008,1.84742210105698e-09,5.24693299940106e-08,"BAZ1B","Astrocytes"
"NFIB-AS1",14.6078901353961,-1.29542322641754,0.215515163821923,-6.01082171409491,1.84585314144373e-09,5.24693299940106e-08,"NFIB-AS1","Astrocytes"
"MSI1",12.9885139311598,1.0586730247075,0.176116620333371,6.01120452290952,1.8414990509336e-09,5.24693299940106e-08,"MSI1","Astrocytes"
"SUSD6",11.9911343928605,1.53423063489449,0.255572340079274,6.00311690388168,1.93565143383428e-09,5.48493631697251e-08,"SUSD6","Astrocytes"
"ABCC1",6.66310897349451,1.6167973450139,0.26942175192255,6.00099039322807,1.96117595307785e-09,5.5445757595806e-08,"ABCC1","Astrocytes"
"BDNF-AS",17.4670956555348,-0.862461345034562,0.143845545082116,-5.99574595474763,2.02553466925383e-09,5.71348423903648e-08,"BDNF-AS","Astrocytes"
"HMGXB3",10.0589729247608,1.11881099197519,0.186789671411922,5.98968338837062,2.10249934715696e-09,5.9036846747947e-08,"HMGXB3","Astrocytes"
"DIO2",24.3675263098819,-1.73479048625795,0.289622950061388,-5.98982396212126,2.10068291003787e-09,5.9036846747947e-08,"DIO2","Astrocytes"
"RRP12",4.87000259693251,1.5710769650846,0.262409078149198,5.98712886065372,2.1357757115475e-09,5.9835544425549e-08,"RRP12","Astrocytes"
"LINC02997",3.69220851765286,-2.7637916212907,0.462177429921198,-5.97993636721276,2.23224803210294e-09,6.23971272720782e-08,"LINC02997","Astrocytes"
"METAP1D",7.85663968921163,-1.51809743374898,0.253893564232175,-5.97926709304352,2.24143784175983e-09,6.25128936813333e-08,"METAP1D","Astrocytes"
"GABARAP",30.5814026665248,-0.981033231878842,0.164307124643426,-5.97072850010522,2.36196520332328e-09,6.57263260960724e-08,"GABARAP","Astrocytes"
"CHCHD3",31.8625512781871,-0.758990662398668,0.127207367517591,-5.96656213559099,2.4230449234727e-09,6.72748100613509e-08,"CHCHD3","Astrocytes"
"CCS",20.7662599272365,-0.801570640729183,0.134364684436241,-5.96563482504622,2.43684733624697e-09,6.7506667930081e-08,"CCS","Astrocytes"
"RPL23A",63.9966386045795,-1.0761057658085,0.180570848945532,-5.95946561747126,2.53064098125517e-09,6.99484983725061e-08,"RPL23A","Astrocytes"
"MBNL3",4.94480077578844,-2.14726595643074,0.360681720893828,-5.95335397399532,2.62702255459489e-09,7.24508247072349e-08,"MBNL3","Astrocytes"
"KCNMB2-AS1",44.257515455059,-1.38056212645287,0.232186908586139,-5.94590855642789,2.74927603404834e-09,7.56539669547125e-08,"KCNMB2-AS1","Astrocytes"
"PLEC",66.164862855686,0.963332653252821,0.162032661685153,5.94529919606381,2.75952346293408e-09,7.57675810233098e-08,"PLEC","Astrocytes"
"ENSG00000260664",13.8577997658717,-1.4985683673864,0.25266123511091,-5.93113687079294,3.00844292127101e-09,8.2419355517918e-08,"ENSG00000260664","Astrocytes"
"SEC24A",7.36297359165109,1.22707539447379,0.207018298742186,5.92737647796995,3.07812726573654e-09,8.41422735797253e-08,"SEC24A","Astrocytes"
"SLC25A51",8.35726970135001,1.27211209864622,0.214887659843554,5.91989367640917,3.22149817053569e-09,8.76743117488868e-08,"SLC25A51","Astrocytes"
"MAP3K14",14.4102561640664,1.70125243459223,0.287377927513642,5.91991336742964,3.22111249040526e-09,8.76743117488868e-08,"MAP3K14","Astrocytes"
"ATP2B4",74.6332210108721,0.546141172958666,0.0924291639821686,5.90875378970242,3.44705443295997e-09,9.3607182112595e-08,"ATP2B4","Astrocytes"
"OAZ2",10.0977505570403,-1.41425133616746,0.239486504533281,-5.90534877497001,3.51901459766347e-09,9.53522051703867e-08,"OAZ2","Astrocytes"
"LARP4",17.8193496603809,1.00307274063992,0.169905625572661,5.90370529085834,3.55426852725773e-09,9.60971772336955e-08,"LARP4","Astrocytes"
"WDR48",12.6627196688881,-1.12383216253125,0.19049836539034,-5.89943205144288,3.64754948757862e-09,9.84043688555252e-08,"WDR48","Astrocytes"
"CEBPG",6.00622639954623,1.41349813166767,0.239660514310112,5.89791829386902,3.68116166195239e-09,9.9095271434688e-08,"CEBPG","Astrocytes"
"RASGEF1A",4.79214830777019,1.84996977341333,0.314075765620483,5.89020222479936,3.85723314368411e-09,1.03609800473406e-07,"RASGEF1A","Astrocytes"
"DCP1A",16.821948872922,0.802500178746858,0.136255048915759,5.88969131883702,3.86917642193751e-09,1.03705652884961e-07,"DCP1A","Astrocytes"
"LRRN3",11.8924306370043,-1.23056770155287,0.208964686769332,-5.88887874108241,3.88824596880062e-09,1.03767564292367e-07,"LRRN3","Astrocytes"
"CDR2",16.1932739945463,1.00237869158996,0.17020701136801,5.88917391553683,3.88130826862859e-09,1.03767564292367e-07,"CDR2","Astrocytes"
"C1QTNF12",2.25973752744744,3.72489276641574,0.632697187218865,5.88732310125983,3.92500921394709e-09,1.04523417411413e-07,"C1QTNF12","Astrocytes"
"COP1",40.505265685612,0.551201561330028,0.0936382501736188,5.88650001797364,3.94459714656398e-09,1.04819627609231e-07,"COP1","Astrocytes"
"LYST",32.6610615599756,0.858964638205879,0.146105707080114,5.87906287421671,4.12595642636216e-09,1.09404107982104e-07,"LYST","Astrocytes"
"LRRC49",15.4903338793486,-1.14043737659713,0.194256516521525,-5.87078053811781,4.33748134573188e-09,1.14767161333756e-07,"LRRC49","Astrocytes"
"ENSG00000226308",3.70870625855096,-2.45618427333319,0.418472153679582,-5.86940911536458,4.37351016580613e-09,1.15473723631508e-07,"LOC112268270","Astrocytes"
"SGCB",3.81963354159532,-2.26465595462139,0.385924607559655,-5.86813048523039,4.40736346890843e-09,1.16119961352113e-07,"SGCB","Astrocytes"
"EDC4",7.67822336402397,1.23134572830317,0.210003487897629,5.86345370084241,4.53337296472321e-09,1.19186321490802e-07,"EDC4","Astrocytes"
"NR4A2",16.082524501358,-1.70729085512158,0.291226601026567,-5.86241383549242,4.56186347435995e-09,1.19428235524311e-07,"NR4A2","Astrocytes"
"CLIP2",15.9534375887332,1.25813190456964,0.214600257838195,5.86267657477954,4.55464846566773e-09,1.19428235524311e-07,"CLIP2","Astrocytes"
"SERP1",22.114183864688,-0.960498886724644,0.16394148856002,-5.85879081104596,4.6624956542564e-09,1.21805239845268e-07,"SERP1","Astrocytes"
"CELF6",7.60516414531056,-1.75341373728715,0.299493171336097,-5.85460339367614,4.78149672654052e-09,1.24651103083687e-07,"CELF6","Astrocytes"
"ANKFN1",49.433218431746,-0.871831127663429,0.148977115305774,-5.85211443968428,4.8536245812973e-09,1.26265615945808e-07,"ANKFN1","Astrocytes"
"COL23A1",11.1503056220326,-1.33928156567792,0.229113002208242,-5.84550659617582,5.05028923580116e-09,1.30862300819496e-07,"COL23A1","Astrocytes"
"ZFHX4-AS1",6.97380671244799,-2.11813351222629,0.362354812248324,-5.84546814511384,5.05145601160614e-09,1.30862300819496e-07,"ZFHX4-AS1","Astrocytes"
"DNAH14",3.71507552404463,-3.13570898046035,0.53691144165662,-5.84027222587255,5.21155932508507e-09,1.34728056623233e-07,"DNAH14","Astrocytes"
"CSMD1",12.5356526244297,-1.74370227336273,0.298776416411852,-5.83614427906887,5.34226399055297e-09,1.3781928123962e-07,"CSMD1","Astrocytes"
"MTURN",10.7116895664315,1.20027189028427,0.205688949220367,5.83537372733792,5.3670129944925e-09,1.38169900022455e-07,"MTURN","Astrocytes"
"CHD9",141.630247513021,-0.754886344015129,0.129647211133888,-5.82261922499474,5.79324438708156e-09,1.488334963594e-07,"CHD9","Astrocytes"
"CREBBP",42.0056346210107,0.710293613600297,0.122004429241834,5.82186743558607,5.81937003536288e-09,1.49195153515318e-07,"CREBBP","Astrocytes"
"ENSG00000286619",19.5875827036073,1.46458122221325,0.251663868853881,5.81959273249352,5.89911884000461e-09,1.50616058960365e-07,"ENSG00000286619","Astrocytes"
"SPARCL1",430.731066788546,-0.829709966137984,0.1425679329642,-5.8197516712705,5.89351223118173e-09,1.50616058960365e-07,"SPARCL1","Astrocytes"
"TNRC6B",110.991958046696,-0.378452032479114,0.0650470348479215,-5.81812888725713,5.95100092528188e-09,1.51628075015978e-07,"TNRC6B","Astrocytes"
"EIF3E",42.0657319129251,-0.86961969068933,0.149580114607931,-5.81373863075795,6.10927778159334e-09,1.55341245933204e-07,"EIF3E","Astrocytes"
"TMEM44-AS1",5.07416993448938,-1.91556081131562,0.329768965529819,-5.80879649556474,6.29235169187314e-09,1.59668424181281e-07,"TMEM44-AS1","Astrocytes"
"ENSG00000290127",10.0877008039967,-1.31008588862176,0.225623286302434,-5.80651895507659,6.37850544769158e-09,1.6152358478275e-07,"ENSG00000290127","Astrocytes"
"ENSG00000286330",3.17360631648111,-4.36531125341963,0.752104550047931,-5.80412823342371,6.47017465478377e-09,1.63510556633035e-07,"ENSG00000286330","Astrocytes"
"LINC00645",3.16405494707727,-4.40567595484914,0.759228202437343,-5.80283495885116,6.52029639617102e-09,1.64441609518912e-07,"LINC00645","Astrocytes"
"C1orf35",17.8603752123536,1.22106714730108,0.210446088676041,5.80228007554364,6.54191686699418e-09,1.64651537731685e-07,"C1orf35","Astrocytes"
"PLCE1",55.4823135647768,1.37112410840626,0.236357866112002,5.80105130817406,6.59004301597495e-09,1.65526374577724e-07,"PLCE1","Astrocytes"
"ZNF423",20.5699332857909,-0.850864665815357,0.146880647823717,-5.79289837308281,6.91819738329788e-09,1.7341708137121e-07,"ZNF423","Astrocytes"
"FARS2",29.8192287342272,-0.857913747172093,0.148154388261702,-5.79067388578907,7.01045772383027e-09,1.75374743422607e-07,"FARS2","Astrocytes"
"GUSBP1",36.4469945387035,-0.660039805789249,0.114131270827907,-5.78316355369852,7.33087251785192e-09,1.83020553202743e-07,"GUSBP1","Astrocytes"
"ENSG00000203472",39.6411351403799,1.91645870654135,0.331792094992558,5.77608308173928,7.64596301508229e-09,1.90502937657473e-07,"ENSG00000203472","Astrocytes"
"CHRNE",3.97595051707906,2.4098162896972,0.417924137825138,5.76615723187895,8.10994031010625e-09,2.01657411365554e-07,"CHRNE","Astrocytes"
"PI4KB",15.9040964295909,0.917377470679089,0.159148210189481,5.76429649813128,8.19991511004952e-09,2.03079097615486e-07,"PI4KB","Astrocytes"
"ENSG00000260918",25.5532236090005,-1.30961799735386,0.227190998321102,-5.76439210634088,8.19526846580586e-09,2.03079097615486e-07,"ENSG00000260918","Astrocytes"
"HNRNPF",6.88844859034228,1.28670945709083,0.223523509629764,5.75648377757706,8.58840311967941e-09,2.12275839982016e-07,"HNRNPF","Astrocytes"
"HEY2",10.0380787270312,-1.28786698535069,0.223768606092215,-5.75535151173066,8.64616927369375e-09,2.13277916566035e-07,"HEY2","Astrocytes"
"LPCAT4",4.46118012132131,1.76203480720744,0.306538617443919,5.74816583274307,9.02167345648814e-09,2.22098175768773e-07,"LPCAT4","Astrocytes"
"CCDC154",3.91413551246126,-2.37846081904664,0.414414755844356,-5.73932463915435,9.50548521121515e-09,2.33544490814439e-07,"CCDC154","Astrocytes"
"ENSG00000286288",90.8558890941434,-0.772014784332163,0.134562157978323,-5.7372354600357,9.62344249411115e-09,2.35974432484314e-07,"LOC100289473","Astrocytes"
"ENSG00000287127",21.6638252751838,-0.808813093105066,0.141002537067191,-5.73615985873818,9.68472570105115e-09,2.37007822838175e-07,"ENSG00000287127","Astrocytes"
"RFFL",17.6081195115244,1.52778927629037,0.266391198140563,5.73513421972833,9.74351549371262e-09,2.37976237393774e-07,"RFFL","Astrocytes"
"NEGR1",31.0247528531531,-0.775898893501254,0.135310493856951,-5.73421078723966,9.79674344563014e-09,2.38637158349663e-07,"NEGR1","Astrocytes"
"PDLIM5",76.1160479575691,-0.457190013549287,0.0797332174664735,-5.73399679677455,9.8091184365645e-09,2.38637158349663e-07,"PDLIM5","Astrocytes"
"GRM3-AS1",8.35682857263403,-2.24965134497562,0.392599361392702,-5.73014519686237,1.00344704857982e-08,2.4316408615585e-07,"GRM3-AS1","Astrocytes"
"SNAP29",5.57696483830462,1.5315866193885,0.267281808159263,5.73023143601259,1.00293701091086e-08,2.4316408615585e-07,"SNAP29","Astrocytes"
"HIPK1-AS1",1.46047091418637,-3.17280084970128,0.55408959454792,-5.72615129560403,1.0273460787903e-08,2.48469267454303e-07,"HIPK1-AS1","Astrocytes"
"UBQLN1",16.5615287942028,0.990522720629298,0.173007858895235,5.72530477490684,1.03248215264487e-08,2.49224688035116e-07,"UBQLN1","Astrocytes"
"BTG2",16.6506799800619,-2.1330146768606,0.372684121179605,-5.72338491403731,1.04422312976099e-08,2.51568385521992e-07,"BTG2","Astrocytes"
"PLXNB1",93.8072753604204,0.601181556691256,0.1051273564366,5.71860243678644,1.07403760369861e-08,2.58248692166989e-07,"PLXNB1","Astrocytes"
"SPTAN1",56.2662562037126,0.710858399850867,0.124316758497809,5.71812206528369,1.07707761358857e-08,2.58477753664095e-07,"SPTAN1","Astrocytes"
"DPH5-DT",8.53313025090378,-1.55906448158743,0.272881200933578,-5.71334513426933,1.1077668658372e-08,2.65328377169478e-07,"DPH5-DT","Astrocytes"
"CASD1",19.4186655135834,-0.763747961719652,0.133700895565607,-5.71236234797604,1.1141853254022e-08,2.66350519004932e-07,"CASD1","Astrocytes"
"FANCI",3.81832185303897,2.0969187335127,0.367286127989753,5.7092238821805,1.13492518523648e-08,2.70785714234746e-07,"FANCI","Astrocytes"
"CTSD",47.1809492432058,1.58350712510781,0.277461292946964,5.7071280404164,1.14898350027729e-08,2.73612743921802e-07,"CTSD","Astrocytes"
"UBAP1L",10.4328877230221,1.25586928401499,0.220233157024046,5.70245325901524,1.18095300076605e-08,2.80686007840423e-07,"UBAP1L","Astrocytes"
"ATAT1",11.6172009943443,0.890889438233054,0.15624715509609,5.70179621949064,1.18551502111356e-08,2.81230507786383e-07,"ATAT1","Astrocytes"
"DEK",13.5882736373442,0.923312472913388,0.16200344915418,5.69933836430027,1.2027329753506e-08,2.84769453800506e-07,"DEK","Astrocytes"
"EXTL2",8.37863948861854,-1.2865084742719,0.225832272983247,-5.69674323902917,1.221176226685e-08,2.88584450668709e-07,"EXTL2","Astrocytes"
"KAT2B",48.8963058325807,-0.833623332248496,0.146385608664343,-5.69470824252924,1.23583066224711e-08,2.91491258868685e-07,"KAT2B","Astrocytes"
"ADARB2",13.1592929344534,-1.32025869495781,0.232023181334475,-5.69020167452398,1.26889416795891e-08,2.98720845662265e-07,"ADARB2","Astrocytes"
"PTH1R",9.98457754763695,1.07233262217846,0.188544458147931,5.68742583426727,1.28968582891691e-08,3.03039461470172e-07,"PTH1R","Astrocytes"
"ZMIZ2",18.7006471771399,0.962828320889948,0.169316487318346,5.6865597446494,1.29624051342618e-08,3.04002770412053e-07,"ZMIZ2","Astrocytes"
"CABLES1",93.9863398228486,-1.10506456909433,0.194342659358565,-5.68616572780076,1.2992331877266e-08,3.04128630692221e-07,"CABLES1","Astrocytes"
"ENSG00000290911",4.31181552509676,-2.95939224036968,0.520619659507339,-5.68436513359897,1.3129948803639e-08,3.06770105727285e-07,"LOC101928764","Astrocytes"
"LINC01080",2.87219629099756,-2.83297204825125,0.498503980015384,-5.68294770317345,1.32392762677762e-08,3.08741917182434e-07,"LINC01080","Astrocytes"
"AJUBA-DT",1.18913583371149,-3.23155155658397,0.568717119209174,-5.68217739089265,1.32990614248465e-08,3.09553153428335e-07,"AJUBA-DT","Astrocytes"
"PRELID2",10.9136874282993,-1.53111334542233,0.269726460810358,-5.67654111807308,1.37445528875917e-08,3.19322323465381e-07,"PRELID2","Astrocytes"
"MAPK4",127.599447894443,0.744617807138758,0.131205845214557,5.67518776256581,1.38536616673022e-08,3.21254480198882e-07,"MAPK4","Astrocytes"
"RNF43",9.24776274343144,-1.39971288579023,0.246689183787866,-5.67399374507592,1.39506227694291e-08,3.22898246268862e-07,"RNF43","Astrocytes"
"DNMT1",7.37962753430929,1.28264786341238,0.226173165921657,5.67108771805703,1.41893718532634e-08,3.27811551602539e-07,"DNMT1","Astrocytes"
"THBS2",5.13504204419488,1.38425373422022,0.244241118837936,5.66757039439673,1.44836557509384e-08,3.33987167902924e-07,"THBS2","Astrocytes"
"HHAT",6.11031889584392,-1.55006684554601,0.273643623090122,-5.66454583535284,1.47414455111382e-08,3.38812100907834e-07,"HHAT","Astrocytes"
"PIGT",7.44198757411025,1.27062796219505,0.224315257694157,5.66447407660292,1.47476154719634e-08,3.38812100907834e-07,"PIGT","Astrocytes"
"NEDD9",4.39076130364857,-1.96060940010775,0.346187762308686,-5.66342780874944,1.4837861101363e-08,3.40254137070699e-07,"NEDD9","Astrocytes"
"MAP4",76.1726623268282,0.582842086756825,0.102960466503493,5.66083377970176,1.50639284394513e-08,3.44799678125186e-07,"MAP4","Astrocytes"
"KNDC1",24.7409774569813,-0.704992418607194,0.124563718253569,-5.65969311523018,1.51643920906087e-08,3.4645879567898e-07,"KNDC1","Astrocytes"
"FMNL2",226.708065970398,-0.456637168679597,0.0807088235577703,-5.65783452849789,1.53294821816183e-08,3.48942973998125e-07,"FMNL2","Astrocytes"
"PELI2",24.1713816000191,-1.00525175435977,0.177667038166724,-5.65806558567402,1.53088637576051e-08,3.48942973998125e-07,"PELI2","Astrocytes"
"A2ML1-AS1",10.9138050981815,-1.9619597776537,0.346840694462128,-5.65665969702966,1.54347363973199e-08,3.50694203317454e-07,"A2ML1-AS1","Astrocytes"
"ZNF205",6.39262692234158,1.57596509118826,0.27877721854293,5.65313442549311,1.57547993178831e-08,3.57310769145324e-07,"ZNF205","Astrocytes"
"PXN",10.2555308095125,1.37770203127397,0.243724607766782,5.65269975772115,1.57947068716479e-08,3.57560978412461e-07,"PXN","Astrocytes"
"ATP6V0A1",27.6125660133607,0.696636794233441,0.123270892942465,5.65126752637859,1.59268983138669e-08,3.59895587263894e-07,"ATP6V0A1","Astrocytes"
"OPHN1",206.765188496489,-0.553328647086762,0.0979299748312714,-5.65024802712469,1.60216496245835e-08,3.61377208198938e-07,"OPHN1","Astrocytes"
"CACHD1",133.923949492886,-0.594824045659562,0.105290837755506,-5.64934289003182,1.61062308495614e-08,3.62624466563853e-07,"CACHD1","Astrocytes"
"MICOS10",18.7642782011948,-0.955945711991857,0.169248553656723,-5.64817655062946,1.62158599852131e-08,3.64430116509788e-07,"MICOS10","Astrocytes"
"FUT9",226.180969791573,-0.860210583419414,0.152314581721884,-5.64759180437565,1.62710951505282e-08,3.64819033522263e-07,"FUT9","Astrocytes"
"OMG",13.2529508187163,-1.34441541102987,0.238060441317971,-5.64737006949497,1.62920879865793e-08,3.64819033522263e-07,"OMG","Astrocytes"
"KDM7A",10.3738126210759,1.10976593853217,0.196561342386416,5.64590130011682,1.64318100061724e-08,3.67283579975511e-07,"KDM7A","Astrocytes"
"CLCF1",5.32277921775087,3.95066576664376,0.700101779223366,5.64298775390386,1.67124238096541e-08,3.72882782044949e-07,"CLCF1","Astrocytes"
"MARS1",18.0726771879615,1.42372139991883,0.252478048324058,5.63899083254743,1.71049641463142e-08,3.80954624143542e-07,"MARS1","Astrocytes"
"ERICH2",3.01866932517423,-2.79507101486552,0.495840725440383,-5.63703397372828,1.73003991792578e-08,3.84615517121632e-07,"ERICH2","Astrocytes"
"C4orf33",3.15558927883858,-2.68510380261185,0.476512254207628,-5.63491028594174,1.75149493142756e-08,3.87992159854518e-07,"C4orf33","Astrocytes"
"ZNF432",6.77171690982382,1.16958008493424,0.207550238737593,5.63516617493729,1.74889613089146e-08,3.87992159854518e-07,"ZNF432","Astrocytes"
"NTRK2",410.242198712757,-0.801767134254437,0.14234640317528,-5.63250715416512,1.77608475324997e-08,3.927367410624e-07,"NTRK2","Astrocytes"
"TAF6L",5.87514045590939,1.30104623831133,0.231033490123591,5.6314183611014,1.78733576950938e-08,3.94520121815236e-07,"TAF6L","Astrocytes"
"MARCHF3",58.6160108357358,1.12785300001821,0.200420668896143,5.62742857924826,1.82915858433315e-08,4.03033287362943e-07,"MARCHF3","Astrocytes"
"ADD3-AS1",38.8738451856895,-1.37267433504373,0.243959394900782,-5.62665084327658,1.83742114070393e-08,4.04134742190706e-07,"ADD3-AS1","Astrocytes"
"ATXN2L",12.0107938134111,0.982043970745214,0.174595012257075,5.62469659384798,1.85834307444951e-08,4.08011742746601e-07,"ATXN2L","Astrocytes"
"ORC4",22.6727550515336,-0.728364401968299,0.129575855167221,-5.62114292842849,1.89698244677088e-08,4.14506457033382e-07,"ORC4","Astrocytes"
"SLC4A2",5.29461615230745,1.31781379167921,0.234442497761725,5.6210533681422,1.89796625323369e-08,4.14506457033382e-07,"SLC4A2","Astrocytes"
"LINGO3",4.08769699742955,3.34426142807026,0.594929062643294,5.62127762461557,1.89550376140714e-08,4.14506457033382e-07,"LINGO3","Astrocytes"
"ARRDC3-AS1",5.4507273513546,2.3300751876769,0.414569502793175,5.62046935912541,1.9043936642513e-08,4.15177935641265e-07,"ARRDC3-AS1","Astrocytes"
"PDS5A",31.0679345201716,0.760143642402362,0.135332691751395,5.61685157196711,1.94468336635427e-08,4.23216416969507e-07,"PDS5A","Astrocytes"
"ENSG00000251613",2.58576255601348,-2.93996165479655,0.523667466686532,-5.61417663273785,1.97500392057988e-08,4.29060939448082e-07,"ENSG00000251613","Astrocytes"
"VPS41",19.4535103237401,-0.773781251746914,0.138007827368933,-5.60679250227151,2.06110511265064e-08,4.46981867074482e-07,"VPS41","Astrocytes"
"WHRN",11.9769644635992,1.22910490385181,0.219248414894532,5.60599220041369,2.07065287009779e-08,4.4826738619617e-07,"WHRN","Astrocytes"
"LEMD2",13.2969922072759,1.12006494707506,0.200073143144419,5.59827735732908,2.16492200672207e-08,4.67857403302607e-07,"LEMD2","Astrocytes"
"RBMS3-AS2",4.24436922208158,-2.57535866469607,0.460148871671287,-5.59679447945231,2.18351291581095e-08,4.70337242583387e-07,"RBMS3-AS2","Astrocytes"
"SDK1",15.5106573147611,-1.11480909613063,0.199188428884972,-5.59675630944614,2.18399349499675e-08,4.70337242583387e-07,"SDK1","Astrocytes"
"ENSG00000285595",3.38905722931363,-2.59650761007784,0.464020739350251,-5.59567146441261,2.1976952385913e-08,4.72466321865903e-07,"ENSG00000285595","Astrocytes"
"NPLOC4",12.5358939598088,1.11018746880196,0.198487043371295,5.59324906021806,2.22859240574176e-08,4.78278332067594e-07,"NPLOC4","Astrocytes"
"INPP4B",58.5068900788878,-0.73214745509525,0.130935186311752,-5.59167841524302,2.24885048159269e-08,4.81790925840179e-07,"INPP4B","Astrocytes"
"ENSG00000235450",14.2402014216088,-1.14116028715329,0.204281581752186,-5.58621231226629,2.32075490757641e-08,4.96336926088406e-07,"ENSG00000235450","Astrocytes"
"MTCH1",54.7991837307141,0.812267843574166,0.145442983614112,5.58478534605194,2.33989038426288e-08,4.99566597040124e-07,"MTCH1","Astrocytes"
"SNN",5.02600585110218,-2.01111843662932,0.36021935810322,-5.58303819988776,2.36352805315775e-08,5.03744713980248e-07,"SNN","Astrocytes"
"NFIB",163.726326792453,-0.406735785244823,0.0729586159442765,-5.5748835141757,2.47695550400389e-08,5.27012714881103e-07,"NFIB","Astrocytes"
"MOB3A",7.85434360046065,1.28722108577703,0.231041292039009,5.57138974776723,2.52715269557783e-08,5.36770700331736e-07,"MOB3A","Astrocytes"
"ZZEF1",22.0655638357396,1.13470857290823,0.203818766154255,5.56724287129409,2.58801562123814e-08,5.48756805441641e-07,"ZZEF1","Astrocytes"
"PDLIM7",7.18978573363133,-1.76581963818348,0.317276785696072,-5.56554944386952,2.61327668982653e-08,5.53165901711486e-07,"PDLIM7","Astrocytes"
"DHX38",9.34559384264123,1.35269170911779,0.243126174378601,5.56374365111077,2.64047752180657e-08,5.57969849019295e-07,"DHX38","Astrocytes"
"PLCD1",18.7372997631881,0.778730422793444,0.14003791269979,5.56085425568195,2.68457322164928e-08,5.66321468546559e-07,"PLCD1","Astrocytes"
"ATP13A5",9.78033131169499,-1.16606785104801,0.209714277509085,-5.56026926205586,2.69358751937938e-08,5.67256704974062e-07,"ATP13A5","Astrocytes"
"AKTIP",4.74440941860119,-1.93000822634733,0.347140857418471,-5.55972650612181,2.70197722963962e-08,5.68057453898599e-07,"AKTIP","Astrocytes"
"GPR161",3.04001413423637,-2.50240930042509,0.450286569970674,-5.55737049983095,2.73869032495506e-08,5.74800038879976e-07,"GPR161","Astrocytes"
"ZBTB18",9.92332647456062,-1.18343259827053,0.212991197307222,-5.55625121240823,2.75630107931691e-08,5.77517364893084e-07,"ZBTB18","Astrocytes"
"NSMAF",30.9262102909041,0.805755704437024,0.145072632319597,5.55415374735833,2.78959873734804e-08,5.8350677642873e-07,"NSMAF","Astrocytes"
"APOE",505.729600090622,-1.13935712833576,0.205168773904346,-5.5532677154222,2.80378163204649e-08,5.85484451089911e-07,"APOE","Astrocytes"
"MED22",4.72920744352517,1.39128700602629,0.250634379830919,5.55106209676766,2.83939196699752e-08,5.91922402817009e-07,"MED22","Astrocytes"
"MYH15",4.19115314735225,-2.08004714050922,0.374869502985783,-5.54872328621544,2.87763204886778e-08,5.98886011111425e-07,"MYH15","Astrocytes"
"ASAP3",23.7036403331882,1.18897498232355,0.214403443668037,5.54550319706829,2.93109979735661e-08,6.08990080380318e-07,"ASAP3","Astrocytes"
"UBE2K",31.8820620864707,0.651536920262833,0.117568354305289,5.54177120291225,2.99427378698354e-08,6.20034988364836e-07,"UBE2K","Astrocytes"
"CRB2",25.3525524783003,0.823330221834509,0.148564146017269,5.54191737311106,2.99177479668301e-08,6.20034988364836e-07,"CRB2","Astrocytes"
"TRNAU1AP",10.1410248811952,1.14009984212195,0.205755306480468,5.54104708949597,3.00668344610744e-08,6.21565294042546e-07,"TRNAU1AP","Astrocytes"
"CASC2",24.7700839869201,-0.777744723187567,0.140455157221069,-5.53731695279397,3.07140425365381e-08,6.33886647883253e-07,"CASC2","Astrocytes"
"SH3PXD2B",43.3844066084868,0.713681759735293,0.12894119433056,5.53493988822273,3.11335112210116e-08,6.3989158664549e-07,"SH3PXD2B","Astrocytes"
"TARS3",15.2868636896906,0.785589480034869,0.141936620046396,5.53479066768025,3.1160028001876e-08,6.3989158664549e-07,"TARS3","Astrocytes"
"FBXO31",8.29127530350419,1.06083826570387,0.191649244426053,5.53531149512665,3.10675710553336e-08,6.3989158664549e-07,"FBXO31","Astrocytes"
"NFIC",28.7721917867049,0.80696635334939,0.145849037262223,5.53288776187492,3.15001052578952e-08,6.45804310279001e-07,"NFIC","Astrocytes"
"TMEM9",11.9214444864457,-1.13746121609954,0.205611809048173,-5.53208116481795,3.16453401058243e-08,6.47709498397392e-07,"TMEM9","Astrocytes"
"C5orf63",3.95381088710554,-2.47047534354483,0.447307618979449,-5.52298963559201,3.33279402653129e-08,6.81022911394999e-07,"C5orf63","Astrocytes"
"RMND5B",6.82372268312804,1.12725497170609,0.20417844589195,5.52093031554675,3.37209500711659e-08,6.87858830898924e-07,"RMND5B","Astrocytes"
"ENSG00000289611",4.23171134339758,-2.00799830103198,0.363724560442424,-5.52065634113217,3.37735741893359e-08,6.87858830898924e-07,"ENSG00000289611","Astrocytes"
"MEIKIN",38.0735316330403,-1.39662415142472,0.253047689105206,-5.51921322167878,3.40520814427726e-08,6.90125899354915e-07,"MEIKIN","Astrocytes"
"POMT1",16.6666991365574,1.19834972170043,0.217115390813222,5.51941397250522,3.40132056239651e-08,6.90125899354915e-07,"POMT1","Astrocytes"
"ALDOA",6.14855691910142,1.65743945293305,0.300282032567537,5.51960914464729,3.39754514031756e-08,6.90125899354915e-07,"ALDOA","Astrocytes"
"CCDC24",9.84503449237541,-1.13317588263391,0.20547477444982,-5.51491483890472,3.48948886575473e-08,7.06051317396092e-07,"CCDC24","Astrocytes"
"FNDC5",1.25451095831511,-3.06913453157987,0.556776515043026,-5.51232756529376,3.54119068000196e-08,7.15343624640526e-07,"FNDC5","Astrocytes"
"RER1",14.0484178640526,0.908716003588914,0.164943005461655,5.50927273966864,3.60319252626403e-08,7.26682948741491e-07,"RER1","Astrocytes"
"ENSG00000288033",4.1118925662299,1.50022866252923,0.27232963690852,5.50887035123973,3.61143761342273e-08,7.27161495398596e-07,"ENSG00000288033","Astrocytes"
"ENSG00000283674",24.4273971691874,-0.833731668850723,0.151370134454486,-5.50790069557222,3.63138146194709e-08,7.29990205248227e-07,"LOC729732","Astrocytes"
"ENSG00000261135",1.21533574771484,-3.10672871341257,0.564540973133412,-5.50310581740253,3.7315829175858e-08,7.48917200461344e-07,"ENSG00000261135","Astrocytes"
"KCTD16",6.07307590221039,-1.43594537249708,0.261255123078357,-5.49633383482551,3.87768127631782e-08,7.76979405253132e-07,"KCTD16","Astrocytes"
"ACTN1",22.2849637304069,2.75038156466019,0.500578976617619,5.49440087005721,3.92039062100998e-08,7.84268126978458e-07,"ACTN1","Astrocytes"
"PPP2R2B",594.19980728809,-0.444484638531692,0.0809468448802001,-5.49106811006064,3.9951023870767e-08,7.97925046115658e-07,"PPP2R2B","Astrocytes"
"STK19",12.9447953357569,0.872789004768773,0.158975207566012,5.49009507917366,4.01717434574484e-08,8.01041383628958e-07,"STK19","Astrocytes"
"TTC14",50.9331667942979,-0.795522445741913,0.144996656858205,-5.48648819206825,4.10002815668366e-08,8.16248370807295e-07,"TTC14","Astrocytes"
"ENSG00000285744",11.7846386129987,2.20628544305551,0.402424680881021,5.4824804438568,4.19403374926989e-08,8.33623112635779e-07,"ENSG00000285744","Astrocytes"
"PLD5",11.5324033305947,-2.5608557880175,0.467252077134232,-5.48067288159281,4.2371125542833e-08,8.40835973712983e-07,"PLD5","Astrocytes"
"S100A6",31.4161153086037,1.20211565306228,0.219452679839612,5.47778980844913,4.30671280472141e-08,8.53280394573843e-07,"S100A6","Astrocytes"
"KIAA0319",43.21014379683,-0.651023384569275,0.118984104629598,-5.47151559946544,4.46203058533677e-08,8.82640970259189e-07,"KIAA0319","Astrocytes"
"FRMD4A",40.3425892423536,-1.5564532061443,0.284536968251055,-5.47012648553629,4.4971451629411e-08,8.88168238480058e-07,"FRMD4A","Astrocytes"
"NOP2",6.66143356366665,1.11052134494719,0.203053247872899,5.4691139224836,4.52290979834618e-08,8.91834268040139e-07,"NOP2","Astrocytes"
"ZEB2",45.5036459483935,-0.58784888797241,0.107498476231994,-5.46843926144372,4.54015590394792e-08,8.92392866009319e-07,"ZEB2","Astrocytes"
"DCXR",41.3701395923865,-0.735424117312992,0.134479272978347,-5.4686800502811,4.53399340614251e-08,8.92392866009319e-07,"DCXR","Astrocytes"
"BEX4",9.96204722960907,-1.29114274102823,0.236175683081558,-5.46687416833834,4.58040963429425e-08,8.98878169595336e-07,"BEX4","Astrocytes"
"SLC20A2",47.5305872451337,1.21948811825197,0.223121184691361,5.46558642532696,4.61378925783532e-08,9.03996081958462e-07,"SLC20A2","Astrocytes"
"ABCA3",17.7613090026396,1.32068238648629,0.24177649163752,5.46241025147435,4.69713019579565e-08,9.18871456785743e-07,"ABCA3","Astrocytes"
"ACVR1",11.8437203543412,1.50482590639445,0.27580554148902,5.45611193404667,4.86673205446772e-08,9.48379543607547e-07,"ACVR1","Astrocytes"
"OSTM1",16.8315523172282,0.821322480055626,0.150538863607457,5.45588335379823,4.87299760447567e-08,9.48379543607547e-07,"OSTM1","Astrocytes"
"NAPRT",7.37982714188272,-1.53432490671796,0.281217969954423,-5.45599880038473,4.8698321533588e-08,9.48379543607547e-07,"NAPRT","Astrocytes"
"NUP107",10.8905693671131,1.13528062346108,0.208091536351073,5.45567899285314,4.87860590549954e-08,9.48379543607547e-07,"NUP107","Astrocytes"
"MYO19",13.4508329521512,1.25708994223791,0.230466380521433,5.45454803166402,4.90975630559029e-08,9.52939064766842e-07,"MYO19","Astrocytes"
"CCDC6",23.3338000071877,0.840037537498939,0.154051011752494,5.45298293041129,4.95318254634357e-08,9.59863215514436e-07,"CCDC6","Astrocytes"
"FIRRE",10.5816637493508,-1.28273876826209,0.235661109666491,-5.44314999652436,5.23465319973064e-08,1.01282360269163e-06,"FIRRE","Astrocytes"
"FBXL5",25.8908093065462,-0.636193376653601,0.116945914222785,-5.44006501536799,5.32611305737064e-08,1.02891198111421e-06,"FBXL5","Astrocytes"
"CHL1-AS2",5.80736157643495,-1.73514890670808,0.319367781829053,-5.43307435950706,5.53913111388502e-08,1.06839658229343e-06,"CHL1-AS2","Astrocytes"
"ENSG00000272668",2.74499473720625,-2.795890071178,0.514737476455827,-5.43168158345263,5.58254699941332e-08,1.07509610410163e-06,"LOC107985216","Astrocytes"
"ACAP2",62.7021481376261,0.51729764900167,0.0952588826042978,5.43044002679002,5.62152691203563e-08,1.08092185949903e-06,"ACAP2","Astrocytes"
"PHKA1",29.8146003026831,-0.678890451176574,0.125080465487224,-5.42762971445703,5.71073614796603e-08,1.09637280186455e-06,"PHKA1","Astrocytes"
"EIF2S2",13.7361171329588,0.915889805076118,0.168766804999931,5.42695469690555,5.73236705130569e-08,1.09882199994301e-06,"EIF2S2","Astrocytes"
"ENSG00000283913",21.7108213093104,0.819043034231772,0.151235314609137,5.41568638481404,6.10540342582175e-08,1.16851948411052e-06,"ENSG00000283913","Astrocytes"
"MSH5",5.31365037534385,1.92330629667205,0.355297516639202,5.41322752510295,6.18987559966472e-08,1.18285848071988e-06,"MSH5","Astrocytes"
"PRKD2",5.93128201685788,1.30725368673987,0.241732486776623,5.40785272253401,6.37848402651578e-08,1.2170226147973e-06,"PRKD2","Astrocytes"
"TCTN3",8.05673693199575,1.0981609303747,0.203208408294889,5.4041116683572,6.51303613379576e-08,1.24078348376604e-06,"TCTN3","Astrocytes"
"PPIEL",11.6490802108601,1.01053563722357,0.187008953447998,5.40367516416573,6.52891359051454e-08,1.24189764963658e-06,"PPIEL","Astrocytes"
"ENSG00000238260",4.38614240503065,-1.90344813841185,0.352389970486885,-5.40153891378327,6.60716019825587e-08,1.25485375360433e-06,"ENSG00000238260","Astrocytes"
"APOC2",2.49223824786086,-3.04684812815303,0.564481161617495,-5.3976081671573,6.75351585970362e-08,1.2806858635637e-06,"APOC2","Astrocytes"
"TWSG1",8.77784184493967,1.22297615274151,0.226722184160359,5.39416183409961,6.88441493636962e-08,1.30351238772271e-06,"TWSG1","Astrocytes"
"CNBD2",5.52277198711479,-1.51876741110232,0.281609448683686,-5.39316922142146,6.92257013011729e-08,1.30873566291973e-06,"CNBD2","Astrocytes"
"PFKP",56.1781870200016,0.86893285000387,0.161137768326707,5.39248407761307,6.94902588686948e-08,1.31173456641928e-06,"PFKP","Astrocytes"
"ZNF276",10.55920552146,1.1491878045084,0.213171264459792,5.39091329884738,7.01004922786551e-08,1.32123956755949e-06,"ZNF276","Astrocytes"
"TGFB2",55.4052123432662,1.40920836926793,0.261637421771133,5.3861116644875,7.19982425315166e-08,1.35288958614229e-06,"TGFB2","Astrocytes"
"ENSG00000287158",3.08757088456965,-3.41113150964879,0.633310400094552,-5.38619215654679,7.1966023363722e-08,1.35288958614229e-06,"LOC105377188","Astrocytes"
"SMYD3",142.44508529357,-0.515303828529543,0.0956981898920392,-5.3846768586833,7.25749128445043e-08,1.36165931174772e-06,"SMYD3","Astrocytes"
"TM7SF2",13.6147615383874,-0.906251005622537,0.168351200781146,-5.38309796079594,7.32146661455311e-08,1.37158428272332e-06,"TM7SF2","Astrocytes"
"ENSG00000289521",1.10398718551666,-3.09447341598416,0.574899785611021,-5.38263101402145,7.34049124729334e-08,1.37307104403676e-06,"LOC105379321","Astrocytes"
"PRPF6",17.1690373073949,0.81686750983676,0.151910542177799,5.37729309714845,7.56140275091066e-08,1.41226018498532e-06,"PRPF6","Astrocytes"
"AARS1",11.5605185908793,1.1335905023167,0.210830363102824,5.37678959346021,7.58256965068119e-08,1.4140807226564e-06,"AARS1","Astrocytes"
"NLN",10.730040877497,1.19140158605414,0.221607515823553,5.37617860850331,7.60833205521926e-08,1.41495561219291e-06,"NLN","Astrocytes"
"TCF25",48.4261941044101,0.838623325030639,0.155989963771299,5.37613641772598,7.61011417039874e-08,1.41495561219291e-06,"TCF25","Astrocytes"
"KLHL24",32.6912537500039,-0.891911742167701,0.165980708139618,-5.37358679912035,7.71856230883664e-08,1.4329678721188e-06,"KLHL24","Astrocytes"
"PER2",12.6020799164852,0.960122432524889,0.178768011515139,5.37077312874613,7.83997915235721e-08,1.45115787509177e-06,"PER2","Astrocytes"
"UFL1-AS1",32.9440165234455,-1.13579879989995,0.211475070572175,-5.37084015069431,7.83706560230371e-08,1.45115787509177e-06,"UFL1-AS1","Astrocytes"
"STAT2",24.7822842866425,0.668105894604144,0.124441543946306,5.36883321611968,7.92476627152768e-08,1.46466239910936e-06,"STAT2","Astrocytes"
"PON3",6.66104380432149,-1.52643230169378,0.284405658333751,-5.36709540392655,8.00147376762801e-08,1.47663561348044e-06,"PON3","Astrocytes"
"TMEM126B",8.57546658104956,-1.36885616081022,0.255081122658462,-5.3663561871767,8.03432052541341e-08,1.48049093848503e-06,"TMEM126B","Astrocytes"
"ARHGAP29",28.1298810511355,1.33908881071963,0.249641325883685,5.36405102792777,8.13758985548005e-08,1.49391789309677e-06,"ARHGAP29","Astrocytes"
"MEIS1",11.2346451584171,-1.0483818965786,0.195450599252351,-5.36392265149827,8.14337864685713e-08,1.49391789309677e-06,"MEIS1","Astrocytes"
"MINK1",36.5871042685532,1.29391185350283,0.241220315917537,5.36402520070142,8.13875414481457e-08,1.49391789309677e-06,"MINK1","Astrocytes"
"NME5",8.10633128103811,-1.32447373614369,0.246941557958109,-5.36351089340891,8.16197269460768e-08,1.49511402185395e-06,"NME5","Astrocytes"
"TSHZ2",24.4985039893467,1.35982773620893,0.253557745531905,5.36299032536484,8.1855392010178e-08,1.49721612889518e-06,"TSHZ2","Astrocytes"
"SEC24C",7.34893763665435,1.20114231586922,0.22403341237479,5.36144275595733,8.25598859402049e-08,1.50623728607263e-06,"SEC24C","Astrocytes"
"PRPF8",21.6092369025617,0.711256983199417,0.132663220692735,5.36137280163566,8.25918692758876e-08,1.50623728607263e-06,"PRPF8","Astrocytes"
"PHLPP1",131.868960615968,-0.896293906925763,0.167328319445512,-5.3564985884988,8.48501627665876e-08,1.54514641990979e-06,"PHLPP1","Astrocytes"
"FDX2",4.8769918118781,-1.77942836100823,0.332303430661102,-5.3548299440308,8.56369197644288e-08,1.55718352047419e-06,"FDX2","Astrocytes"
"ALDOC",67.9401518711813,-1.08865127792964,0.203348052371295,-5.35363513559435,8.62046003738114e-08,1.56291590985199e-06,"ALDOC","Astrocytes"
"GTPBP3",7.90600042478582,-1.19858599083426,0.223881136801033,-5.35367118445294,8.61874195592426e-08,1.56291590985199e-06,"GTPBP3","Astrocytes"
"STK33",69.6338354504234,-0.808020862950302,0.150956607191393,-5.35266973724335,8.6665942815408e-08,1.56898299690526e-06,"STK33","Astrocytes"
"RBMS3",286.799279680248,-0.681424830981111,0.127325101933817,-5.3518498758816,8.70596127056472e-08,1.57380902793289e-06,"RBMS3","Astrocytes"
"PRKACB",36.0421073068046,-0.566218140821096,0.106015097774229,-5.3409198567823,9.24761351033389e-08,1.66928860201843e-06,"PRKACB","Astrocytes"
"TAFAZZIN",31.4210554252207,0.682477764713221,0.127812528533484,5.33967814066385,9.31117379692562e-08,1.67831535847642e-06,"TAFAZZIN","Astrocytes"
"PIGC",14.4653998781351,-1.50882361304933,0.282668517596256,-5.33778443344167,9.40892290009712e-08,1.69096767617565e-06,"PIGC","Astrocytes"
"LINC02774",2.15534463381314,-2.79191642198195,0.523098861956423,-5.33726342194667,9.43599018200256e-08,1.69096767617565e-06,"LINC02774","Astrocytes"
"RAB10",28.9326457742168,0.612640810712748,0.114772365199352,5.33787736837724,9.40410270506869e-08,1.69096767617565e-06,"RAB10","Astrocytes"
"PRKACA",9.27423593501076,0.988355609982919,0.185174081078295,5.33744033845116,9.42679067867148e-08,1.69096767617565e-06,"PRKACA","Astrocytes"
"PAFAH1B3",4.65202009844263,1.48218609977587,0.277998118798248,5.33164075420072,9.73293379262294e-08,1.74166068141691e-06,"PAFAH1B3","Astrocytes"
"ZFTRAF1",7.3099765026434,1.0687537177218,0.200607373836003,5.32758939656681,9.95247978665216e-08,1.77837744874623e-06,"ZFTRAF1","Astrocytes"
"NOVA1",54.0465875561757,-0.617809812199308,0.116040994071688,-5.32406514733608,1.01473537322674e-07,1.81058618539866e-06,"NOVA1","Astrocytes"
"ITGB4",82.4329718597586,1.25898711936916,0.236737931897582,5.31806250598586,1.04878042767568e-07,1.86864000516661e-06,"ITGB4","Astrocytes"
"LINC00960",27.7253733779628,-0.959294798481478,0.180436216497343,-5.31653133225395,1.05764017535783e-07,1.88171814532414e-06,"LINC00960","Astrocytes"
"SBNO2",6.57019335887166,2.12906712799011,0.400671914899938,5.31374186414291,1.07396726290177e-07,1.90802533952836e-06,"SBNO2","Astrocytes"
"MED15",28.9205743404162,1.07594256311557,0.202518177208787,5.31281970806168,1.07941820318554e-07,1.91496212178317e-06,"MED15","Astrocytes"
"KIF27",14.3428217267301,0.749238555194357,0.141032192057209,5.31253570029198,1.08110238270387e-07,1.91520612375135e-06,"KIF27","Astrocytes"
"ITGB1",23.4815611526007,0.989447191890233,0.186343066976904,5.30981489111624,1.09736632465387e-07,1.94124102831269e-06,"ITGB1","Astrocytes"
"BRF1",12.5569737947817,0.952160728781605,0.179394847889324,5.30762583198058,1.11062332340033e-07,1.96188995915353e-06,"BRF1","Astrocytes"
"C6orf62",36.7714918585453,1.01643192873206,0.191518569178149,5.30722390572263,1.11307418213432e-07,1.96341846116371e-06,"C6orf62","Astrocytes"
"ENSG00000267698",2.04304962841391,-2.9351451973372,0.553178679974679,-5.30596225702616,1.12080148890192e-07,1.97423681892922e-06,"LOC101927572","Astrocytes"
"ENSG00000285987",10.6182204435307,2.80048745525936,0.5281877738904,5.30206792677573,1.14498219652152e-07,2.0139651334554e-06,"ENSG00000285987","Astrocytes"
"MST1",8.03676257730525,1.45524216693706,0.274530994301633,5.3008301326376,1.15277309348349e-07,2.02479279668171e-06,"MST1","Astrocytes"
"DGCR8",9.70475223305617,1.29666590334224,0.244752682204819,5.29786187289723,1.17166542400552e-07,2.05506132371959e-06,"DGCR8","Astrocytes"
"CREBL2",8.55657126578348,-1.13750618246242,0.214753851361845,-5.29679060584485,1.17855710518561e-07,2.06422526640926e-06,"CREBL2","Astrocytes"
"SPDYE3",12.0049789514489,-1.74712828819995,0.330082430537502,-5.29300600869593,1.2032196537069e-07,2.09851675659896e-06,"SPDYE3","Astrocytes"
"SLC22A6",2.67855671754703,-3.10249727884872,0.586133112305145,-5.29316159369877,1.20219600520518e-07,2.09851675659896e-06,"SLC22A6","Astrocytes"
"LINC03082",19.7104083820911,2.83654013366105,0.535866707895378,5.29336883942948,1.20083377129211e-07,2.09851675659896e-06,"LINC03082","Astrocytes"
"PSMD11",19.2075459924867,0.945638940713095,0.178696736757286,5.29186462983656,1.21075501679211e-07,2.10868908198828e-06,"PSMD11","Astrocytes"
"ANKRD35",5.16970373494512,-1.44959626154087,0.274004999837714,-5.29040076786711,1.2204862654455e-07,2.12265188553534e-06,"ANKRD35","Astrocytes"
"LNCRNA-IUR",9.28802530690856,-1.7015445567517,0.321645717102538,-5.29012036000236,1.22235893670702e-07,2.12292716875778e-06,"LNCRNA-IUR","Astrocytes"
"APBB2",11.8350534067629,-1.19334202653756,0.225639762168974,-5.28870450432363,1.23185710226891e-07,2.13642668030755e-06,"APBB2","Astrocytes"
"SLC25A12",23.7016752961405,-0.731743317701603,0.138403813780108,-5.28701700998047,1.2432708274603e-07,2.15320596593579e-06,"SLC25A12","Astrocytes"
"RAB34",29.4109798976359,-0.749640879184939,0.141826048841664,-5.28563606832088,1.25268718111875e-07,2.16648398935662e-06,"RAB34","Astrocytes"
"ITPRID2",29.710334372123,1.17114488672142,0.22171844664652,5.28212651872194,1.27692962706056e-07,2.20533048422468e-06,"ITPRID2","Astrocytes"
"CCBE1",5.89422248753227,-3.49103448982484,0.661157588948158,-5.28018516036208,1.29053402249042e-07,2.22382903596366e-06,"CCBE1","Astrocytes"
"CLASRP",25.6077145207961,0.621457763580521,0.1176984161327,5.28008603684057,1.29123239671959e-07,2.22382903596366e-06,"CLASRP","Astrocytes"
"RHOC",15.1313903573725,0.936589784618824,0.177450414432784,5.27803661441205,1.30575378725693e-07,2.24260043656069e-06,"RHOC","Astrocytes"
"TAF1",19.9685307929264,0.889912693030383,0.168603064904032,5.27815252668696,1.30492828101912e-07,2.24260043656069e-06,"TAF1","Astrocytes"
"SVIL-AS1",13.5009221962303,-0.960139924415899,0.181952225987626,-5.27687924236328,1.3140241358848e-07,2.25367879150435e-06,"SVIL-AS1","Astrocytes"
"CLVS2",8.94970124971686,-1.38526043810077,0.262686888844403,-5.27342816459065,1.33898679052666e-07,2.293315826707e-06,"CLVS2","Astrocytes"
"MXI1",72.1583367118324,-0.598023321118997,0.113420601555183,-5.27261637585336,1.34492500179517e-07,2.30030473718641e-06,"MXI1","Astrocytes"
"C11orf65",8.1041841178639,-1.23964961098439,0.23518622659716,-5.2709277618869,1.35735888375647e-07,2.31836897345605e-06,"C11orf65","Astrocytes"
"DNAJB2",45.7789761203805,1.62266525323114,0.307884943608598,5.27036247441178,1.36154609024508e-07,2.32231752555163e-06,"DNAJB2","Astrocytes"
"SRSF11",58.3077671283398,0.491179418423167,0.0932234833711798,5.26883785781186,1.37290164357163e-07,2.33581120543359e-06,"SRSF11","Astrocytes"
"POLR2K",3.19753688677941,-2.17735401385164,0.413254727019288,-5.26879397014136,1.37322987769979e-07,2.33581120543359e-06,"POLR2K","Astrocytes"
"SLK",14.3071613158896,1.04578385300171,0.198676580367035,5.26375001557673,1.41146340070168e-07,2.39755161740588e-06,"SLK","Astrocytes"
"SIK2",67.8159842795621,1.00014459534366,0.190134307877045,5.26020057353578,1.43898350291912e-07,2.44094968721197e-06,"SIK2","Astrocytes"
"RANGAP1",13.6142450749658,1.93039256126645,0.367379629584045,5.25448992218781,1.48435272998834e-07,2.51446509650418e-06,"RANGAP1","Astrocytes"
"AHDC1",24.5512567431358,0.849794340296405,0.161809703488884,5.25181322240533,1.5060914744674e-07,2.54780474430736e-06,"AHDC1","Astrocytes"
"ILDR2",7.25441137805165,-1.27966849851566,0.243861430083594,-5.2475231449147,1.54157687793463e-07,2.60427646377416e-06,"ILDR2","Astrocytes"
"TRDN",13.6763106768531,-1.39725098596914,0.266367263940316,-5.24558072677511,1.55790825974466e-07,2.62828037880355e-06,"TRDN","Astrocytes"
"ARPC2",14.112088839592,0.9057460714971,0.172708844142049,5.24435257497379,1.56832046623405e-07,2.64224657596956e-06,"ARPC2","Astrocytes"
"EEA1",31.0185764026616,0.824848283379174,0.157299738400164,5.24379946062463,1.57303168896132e-07,2.64658307125109e-06,"EEA1","Astrocytes"
"WDR17",38.0496073058885,-0.778126141944791,0.148402825342988,-5.24333778785134,1.57697452256388e-07,2.64961675887497e-06,"WDR17","Astrocytes"
"ENSG00000258107",1.5357172194809,-3.14668692476343,0.600170184474017,-5.2429910818065,1.57994178501641e-07,2.65100530133581e-06,"ENSG00000258107","Astrocytes"
"CC2D1B",4.09694341831116,1.61207773108546,0.307510981685292,5.24234198808311,1.5855115363232e-07,2.65675092750881e-06,"CC2D1B","Astrocytes"
"PBX1",90.6047186562631,-1.17844247527487,0.224872571389939,-5.24049006061926,1.6015071426534e-07,2.67992742533474e-06,"PBX1","Astrocytes"
"NREP",7.34182695496204,-1.28317001881223,0.244944836898982,-5.23860814972566,1.61792153418587e-07,2.70374120888309e-06,"NREP","Astrocytes"
"GABRB1",274.789277013095,-1.03417773528762,0.197437265475469,-5.23800678051895,1.62320100535183e-07,2.70890809289376e-06,"GABRB1","Astrocytes"
"LRRC7-AS1",5.88178534600859,-1.9236155248135,0.367279051504969,-5.23747683656681,1.62786723295948e-07,2.7130390236524e-06,"LRRC7-AS1","Astrocytes"
"GSR",5.52583443199544,1.26144201935558,0.240975648573435,5.23472818445874,1.65227834677578e-07,2.75002187743609e-06,"GSR","Astrocytes"
"ELP4",48.2127890456097,-0.621532444825291,0.118806908377955,-5.23145037027679,1.68185192129892e-07,2.79548622032813e-06,"ELP4","Astrocytes"
"MRO",10.3517733007738,-1.19643808090535,0.228866310451895,-5.22767234086568,1.71657367979411e-07,2.84905676774479e-06,"MRO","Astrocytes"
"GYG2",10.5187588536266,1.46371181692551,0.280005196148122,5.2274451940928,1.71868319914831e-07,2.84905676774479e-06,"GYG2","Astrocytes"
"ENSG00000228061",14.9286227350166,-1.36943919287497,0.26211447400733,-5.22458440367042,1.74546696332406e-07,2.88958788861522e-06,"ELP4-AS1","Astrocytes"
"MFSD10",14.8152955553414,-0.819548876605887,0.156906468790165,-5.22316819010115,1.75887496303693e-07,2.90401982230484e-06,"MFSD10","Astrocytes"
"KLHL26",3.28225028829726,-2.3234423493353,0.444816754319861,-5.22336968374296,1.75696126465259e-07,2.90401982230484e-06,"KLHL26","Astrocytes"
"MGAM",6.25911372963845,-1.91491969632946,0.366884426645192,-5.21940850376117,1.79495462400433e-07,2.95964355646413e-06,"MGAM","Astrocytes"
"ALG1",6.66124781547637,-1.26132689717613,0.241897937435773,-5.21429372464586,1.84518898703166e-07,3.03842755670386e-06,"ALG1","Astrocytes"
"NBPF10",7.00985888394569,1.11587674045644,0.214054593785787,5.21304738534667,1.85763420386439e-07,3.05436191776825e-06,"NBPF10","Astrocytes"
"SNRNP200",15.4676519109401,0.87533642363434,0.167919572147659,5.21283143137487,1.85979882580737e-07,3.05436191776825e-06,"SNRNP200","Astrocytes"
"ETV1",23.4959716912366,-1.13930778126937,0.218568723083737,-5.21258378232317,1.8622841457947e-07,3.05439265925508e-06,"ETV1","Astrocytes"
"ENSG00000253642",75.8988183445246,-1.27211964968553,0.24411966327008,-5.21104950189175,1.8777533621236e-07,3.07569046073764e-06,"ENSG00000253642","Astrocytes"
"WSB2",7.44488138196398,1.2996023304446,0.249579149196003,5.20717509708302,1.91737150724484e-07,3.1364347918379e-06,"WSB2","Astrocytes"
"MIB1",37.5804921464457,0.622102112129274,0.119480074671834,5.20674358329578,1.92183368038545e-07,3.13958660477744e-06,"MIB1","Astrocytes"
"ZNF69",7.17638546498907,1.66708871024193,0.32025774460788,5.20545947228566,1.93517180158508e-07,3.15721112240159e-06,"ZNF69","Astrocytes"
"STK40",15.4571913166385,1.8977394614484,0.364670539234468,5.20398347898411,1.95061355397565e-07,3.17821679458953e-06,"STK40","Astrocytes"
"EHBP1",96.3613340364795,0.742819690242536,0.142800711022181,5.20179265863147,1.97375357077255e-07,3.20403506475765e-06,"EHBP1","Astrocytes"
"ENSG00000283240",7.68199938611216,1.67575006530757,0.322149513959521,5.20177741295034,1.97391552549057e-07,3.20403506475765e-06,"ENSG00000283240","Astrocytes"
"PTPN2",12.7887751918638,1.02498854896058,0.197046921955751,5.20174859260553,1.97422171881619e-07,3.20403506475765e-06,"PTPN2","Astrocytes"
"MRPL21",4.90537113559045,-1.88428541571466,0.362364427115457,-5.19997349274655,1.99316949562044e-07,3.23055207647486e-06,"MRPL21","Astrocytes"
"ATP13A3",29.6652166949361,0.989771180677924,0.190389339128983,5.19866913350325,2.00720439448884e-07,3.24904732247782e-06,"ATP13A3","Astrocytes"
"ARMC10",5.52384481914872,1.16623289237915,0.224372311964234,5.19775761175494,2.0170690107553e-07,3.26075268409698e-06,"ARMC10","Astrocytes"
"NNT-AS1",10.4865928275062,-1.17065409909671,0.225237566825505,-5.1974193985306,2.02074110650025e-07,3.26242987246318e-06,"NNT-AS1","Astrocytes"
"CUL3",36.2285598020323,0.710039856440754,0.136635805484908,5.19658704335139,2.02980580676663e-07,3.27279756578011e-06,"CUL3","Astrocytes"
"SH3GL1",5.70686845656968,1.16012297073424,0.223362557533639,5.19390082001333,2.05932877667481e-07,3.31608169591212e-06,"SH3GL1","Astrocytes"
"PRSS35",3.90265197345272,-2.63173152212849,0.506917351290463,-5.19163827284444,2.08451691796075e-07,3.35228220715688e-06,"PRSS35","Astrocytes"
"BAG6",10.6817927934448,1.12840606753061,0.217362852993496,5.19134733460816,2.08777735531283e-07,3.3531708159324e-06,"BAG6","Astrocytes"
"MRAS",39.3866813230848,0.997294502699146,0.192188659365071,5.18914334484607,2.11263724008761e-07,3.38793848571363e-06,"MRAS","Astrocytes"
"SRRT",14.219459097859,0.921850105713276,0.177656582047309,5.18894428278368,2.11489659166328e-07,3.38793848571363e-06,"SRRT","Astrocytes"
"AHI1",109.262288244432,0.841189852353307,0.162121276612372,5.18864562339076,2.11829075181708e-07,3.38899152193164e-06,"AHI1","Astrocytes"
"HMGN5",7.69397099652223,-1.1660222894168,0.224762202659094,-5.18780415755825,2.12788205180805e-07,3.39994367065021e-06,"HMGN5","Astrocytes"
"DKK3",90.7564198077791,0.741566169877821,0.142966882797895,5.18697865803046,2.13733213587547e-07,3.4106422472353e-06,"DKK3","Astrocytes"
"ENSG00000287256",9.03450672665532,-1.97368783897951,0.380674732689135,-5.18470933186748,2.16352020230681e-07,3.44798850259527e-06,"ENSG00000287256","Astrocytes"
"ZNF267",2.53845062256479,2.48293815542035,0.478986643232063,5.18373151006091,2.17489962633981e-07,3.46166864691079e-06,"ZNF267","Astrocytes"
"SHISA5",16.8958415628129,1.17683379411344,0.227144887048183,5.18098298142102,2.20719631976934e-07,3.49784768653959e-06,"SHISA5","Astrocytes"
"MIDEAS-AS1",1.57715531234255,-3.02382334540807,0.58357938497975,-5.18151158734469,2.20094913567244e-07,3.49784768653959e-06,"MIDEAS-AS1","Astrocytes"
"KIF7",6.77105484833706,1.05668220630204,0.203959762483017,5.18083661913476,2.20892908897194e-07,3.49784768653959e-06,"KIF7","Astrocytes"
"LINC01727",3.10368882639301,-2.41689373844679,0.46647140105611,-5.1812259722136,2.20432247482489e-07,3.49784768653959e-06,"LINC01727","Astrocytes"
"ENSG00000285940",3.20607843151679,-3.12744511127887,0.603763253521145,-5.17991960100191,2.21981553453529e-07,3.51059716017248e-06,"LOC124904288","Astrocytes"
"ESRRA",12.8587378975489,0.872999103401677,0.168684505237248,5.17533665687811,2.27500388983273e-07,3.59328739385187e-06,"ESRRA","Astrocytes"
"CAAP1",7.26064708775467,-1.26009729972677,0.243578709786216,-5.17326535160947,2.30037960034586e-07,3.62873892880035e-06,"CAAP1","Astrocytes"
"AMBRA1",23.4656551314424,0.70605303694967,0.136644853977224,5.16706642364559,2.37796771166225e-07,3.7463580373427e-06,"AMBRA1","Astrocytes"
"CD63",60.4062214984268,0.654634238187916,0.126799295685,5.16275926180366,2.43336003360269e-07,3.82875442135986e-06,"CD63","Astrocytes"
"RSAD1",13.696581369482,0.881921837850919,0.170870761925656,5.16133847541824,2.45190396719254e-07,3.85303639920625e-06,"RSAD1","Astrocytes"
"PLEKHG3",12.334147949329,0.801311080236939,0.155327275831221,5.15885620184084,2.4846304136373e-07,3.89951564158057e-06,"PLEKHG3","Astrocytes"
"M6PR",10.4368819326492,1.07181190821514,0.207829641176709,5.1571657543489,2.50715848176214e-07,3.92989157970387e-06,"M6PR","Astrocytes"
"BMP1",5.37740459262567,1.38595838419782,0.268787260878818,5.15633955145914,2.51824069218656e-07,3.94227237564427e-06,"BMP1","Astrocytes"
"TRPC4AP",24.7022466673335,0.74114038586059,0.143757944472418,5.15547428408584,2.52989761581433e-07,3.95552047684708e-06,"TRPC4AP","Astrocytes"
"DCAKD",11.7148157939192,1.04339324716518,0.202395059404015,5.15523081560204,2.533187020593e-07,3.95566896292599e-06,"DCAKD","Astrocytes"
"TANGO6",10.4042159127015,0.943990168361105,0.183622645197108,5.14092457032077,2.73389800375658e-07,4.26371019905765e-06,"TANGO6","Astrocytes"
"RRP9",3.53364931944129,1.50498366949853,0.292771847707563,5.14046579711378,2.74058210489408e-07,4.26875826476773e-06,"RRP9","Astrocytes"
"SGO2",4.36609617950127,-2.15113804563504,0.418575189689818,-5.13919147293255,2.75923129657397e-07,4.29240717907983e-06,"SGO2","Astrocytes"
"MIR2052HG",8.33157688594047,-2.06019609584905,0.401094489489095,-5.13643580213053,2.79997937752504e-07,4.35033182332403e-06,"MIR2052HG","Astrocytes"
"FAM199X",9.91190893167577,-1.17462622433033,0.228739425330545,-5.13521542092235,2.81821025630582e-07,4.37317012579386e-06,"FAM199X","Astrocytes"
"SYN2",2.71161506903143,-2.26845994076066,0.44184363066597,-5.13407862718654,2.83529553881069e-07,4.39417580188896e-06,"SYN2","Astrocytes"
"FAM204A",20.4907253193753,-0.685419999714169,0.133778292504293,-5.1235517129371,2.99833362814726e-07,4.64104566466845e-06,"FAM204A","Astrocytes"
"SNX10-AS1",5.64342191397098,-2.18794836088024,0.427074921973206,-5.12310193904925,3.00549753394134e-07,4.64632658711556e-06,"SNX10-AS1","Astrocytes"
"MROH1",14.7314966957558,0.709886383949868,0.138597445200195,5.12192979404838,3.02424496524881e-07,4.66947947689227e-06,"MROH1","Astrocytes"
"KRBOX4",15.1775550462119,-1.13955006382536,0.222582284356725,-5.11967997416653,3.06054571690379e-07,4.71964353828388e-06,"KRBOX4","Astrocytes"
"ENSG00000288002",2.04004829568435,-2.85789198284883,0.558671983839107,-5.11550975441769,3.12894775942221e-07,4.81313790123295e-06,"ENSG00000288002","Astrocytes"
"TAFA2",8.77410184334802,-1.06494105016002,0.208176439467905,-5.11556952785816,3.12795697912177e-07,4.81313790123295e-06,"TAFA2","Astrocytes"
"CP",6.70145714037291,2.88415976582291,0.563877177860677,5.11487231450877,3.13953256776512e-07,4.81533799048023e-06,"CP","Astrocytes"
"FAM27C",7.49520969493742,1.21465427328611,0.237492843649924,5.11448789200811,3.14593267729832e-07,4.81533799048023e-06,"FAM27C","Astrocytes"
"FGD4",59.1482937982575,-0.485925363024873,0.0950095753674529,-5.11448831494657,3.14592562903384e-07,4.81533799048023e-06,"FGD4","Astrocytes"
"ENSG00000286746",10.3723202380164,-1.65003060183717,0.322592696789746,-5.11490377264366,3.13900938960261e-07,4.81533799048023e-06,"ENSG00000286746","Astrocytes"
"CSNK1G1",15.1392462625559,0.750986227030119,0.146878094283645,5.11298999822156,3.17099094019328e-07,4.84770133486585e-06,"CSNK1G1","Astrocytes"
"GPR108",8.86250749549156,1.11248074128389,0.217669663238156,5.11086719542863,3.206833618514e-07,4.89645138077174e-06,"GPR108","Astrocytes"
"DPY19L1",19.0969750643813,0.874534734598538,0.17114591730084,5.10987786557176,3.22367138123666e-07,4.91532483337016e-06,"DPY19L1","Astrocytes"
"CALN1",11.3589430091059,-1.35916825366939,0.265998959462845,-5.10967507697804,3.22713323873855e-07,4.91532483337016e-06,"CALN1","Astrocytes"
"LINC01608",5.55552688191801,-1.68646818875353,0.330140034003342,-5.10834196114629,3.24998072420721e-07,4.94404315821349e-06,"LINC01608","Astrocytes"
"DDX49",5.70238816545817,1.34100782719706,0.262544154348979,5.10774208826817,3.26031246198636e-07,4.9536747505248e-06,"DDX49","Astrocytes"
"FLII",6.60055642459891,1.18164057790774,0.231406923866634,5.10633198939521,3.28472391829418e-07,4.98464905395059e-06,"FLII","Astrocytes"
"HELB",4.58550337896647,1.80243622411923,0.353068698716257,5.10505811099318,3.30692877703846e-07,5.0122030656141e-06,"HELB","Astrocytes"
"SYT9",11.730102059503,-1.21691725880139,0.238403110779617,-5.10445209721415,3.31754294586e-07,5.02214355728415e-06,"SYT9","Astrocytes"
"RBM4",17.9723346169348,0.661569744658556,0.129620981420987,5.10387853421575,3.3276190365313e-07,5.03124621848194e-06,"RBM4","Astrocytes"
"TUT1",5.04241886786333,1.19123547177119,0.233410528777565,5.10360641402946,3.33240984560282e-07,5.03234525830484e-06,"TUT1","Astrocytes"
"NR3C2",56.203916319744,-0.810316899926673,0.158839502391995,-5.1014822366222,3.37003656176117e-07,5.08296744753819e-06,"NR3C2","Astrocytes"
"LPCAT3",13.6760326004018,1.14582243303135,0.224791170894813,5.09727507744298,3.44577448749048e-07,5.19087901199448e-06,"LPCAT3","Astrocytes"
"NBPF14",16.3548119646025,1.20488620082368,0.236433798575498,5.09608274317402,3.46753617079444e-07,5.21098305861014e-06,"NBPF14","Astrocytes"
"GALNT15",20.1826933712603,1.49576274544353,0.293503478770052,5.0962351509823,3.46474714902549e-07,5.21098305861014e-06,"GALNT15","Astrocytes"
"ADGRL1-AS1",10.7912250274249,1.98120352357511,0.388981141447429,5.09331510572183,3.51856178514211e-07,5.2812546164139e-06,"ADGRL1-AS1","Astrocytes"
"RBM28",22.1432977491447,0.765005805120109,0.15021631097913,5.09269466234192,3.53009965199978e-07,5.2921578681251e-06,"RBM28","Astrocytes"
"PPTC7",5.09933816274986,1.33079596754183,0.261447212277404,5.09011343417886,3.57849380224167e-07,5.35822113097444e-06,"PPTC7","Astrocytes"
"CPT1B",8.83672813012338,1.16015530068688,0.227945974471095,5.08960644459195,3.58807404229612e-07,5.36607739924552e-06,"CPT1B","Astrocytes"
"NONO",11.6293968171088,0.944411002504769,0.18571636081856,5.08523319293034,3.6717465733135e-07,5.48458839774922e-06,"NONO","Astrocytes"
"NFATC2",16.0206097107346,2.84436114784345,0.559385363249208,5.08479723409616,3.68019015996658e-07,5.49057768082725e-06,"NFATC2","Astrocytes"
"ZNF529-AS1",7.92244781403165,1.31664930919788,0.259153366393361,5.08057961014244,3.76284999651479e-07,5.60714458566097e-06,"ZNF529-AS1","Astrocytes"
"CARS1",11.9114304001931,1.2381850064406,0.243828912699273,5.07808935672744,3.81249390964295e-07,5.67429231768133e-06,"CARS1","Astrocytes"
"KIAA0930",152.133838404189,-0.718819772326437,0.141662412340269,-5.07417430249495,3.89182198627428e-07,5.78540596110857e-06,"KIAA0930","Astrocytes"
"MEGF10",45.3027089962834,-0.873241962938793,0.172137203825434,-5.07294148814197,3.91712973579613e-07,5.81604526599083e-06,"MEGF10","Astrocytes"
"UNC80",17.1407949676133,-1.07943847881535,0.212807696814487,-5.07236577893299,3.92900247092387e-07,5.8266871374192e-06,"UNC80","Astrocytes"
"ANKRD26",42.1053746615536,-0.587707647852613,0.115963720541977,-5.06803028659187,4.0195345977191e-07,5.95381542147794e-06,"ANKRD26","Astrocytes"
"RETREG1",7.01513781976709,1.05896883537416,0.20910137524509,5.06438006030774,4.09731501736352e-07,6.0617744157721e-06,"RETREG1","Astrocytes"
"ARF1",11.5656436605645,0.880276013769292,0.17386510940342,5.06298254313224,4.12747661027031e-07,6.0991101270856e-06,"ARF1","Astrocytes"
"SUMF2",15.9869211295441,0.836777615613363,0.165292153791791,5.06241582808221,4.13976855867875e-07,6.10998260573528e-06,"SUMF2","Astrocytes"
"ODF2",8.12122696392997,0.927905824658154,0.183334858348182,5.0612623972246,4.16489545697155e-07,6.13975005281889e-06,"ODF2","Astrocytes"
"ZNF821",7.44165317129853,0.975462961025676,0.192767910229097,5.0602974315921,4.18602972478042e-07,6.16356790510773e-06,"ZNF821","Astrocytes"
"PDE4DIP",110.203560731543,0.784508590853123,0.155062559156384,5.0593037746909,4.20790049247968e-07,6.18841232759808e-06,"PDE4DIP","Astrocytes"
"EGF",5.80861292897206,1.95345632360818,0.386262302239414,5.05733102164699,4.25164871072984e-07,6.2453340432939e-06,"EGF","Astrocytes"
"GRID1",47.4518000314376,-0.613466844834828,0.121394595161306,-5.05349388924335,4.3380020205445e-07,6.3646302156875e-06,"GRID1","Astrocytes"
"LHFPL3",4.03354632801691,-3.02452167290101,0.598809063977824,-5.05089494272087,4.39744890236477e-07,6.44421417254237e-06,"LHFPL3","Astrocytes"
"PPP6R2",41.0520051629873,0.507463329553877,0.100497013036892,5.04953644112378,4.42883450398707e-07,6.48253636676972e-06,"PPP6R2","Astrocytes"
"RMDN1",21.2889742315403,0.652776726750652,0.129292514936286,5.04883617642005,4.4450970836308e-07,6.49865846358916e-06,"RMDN1","Astrocytes"
"CERS3",2.16542743896156,3.48544442449361,0.690534843545258,5.0474562682443,4.47731211181468e-07,6.53803725007089e-06,"CERS3","Astrocytes"
"LINC02930",9.28454891350303,1.84145119750185,0.364883138394443,5.0466875657905,4.49535562288402e-07,6.5566535545551e-06,"LINC02930","Astrocytes"
"ENSG00000286314",7.81132872744513,1.03848211355118,0.205859716430541,5.04461062881902,4.54445839473221e-07,6.6204739178787e-06,"ENSG00000286314","Astrocytes"
"ENSG00000286292",9.30237457320426,-1.96679464376215,0.39003110788664,-5.04266096727286,4.59102263771738e-07,6.68045044921907e-06,"ENSG00000286292","Astrocytes"
"ITGB5-AS1",6.26082202606735,-2.564323872276,0.508554480982182,-5.0423778929712,4.59782151445232e-07,6.68249105791821e-06,"ITGB5-AS1","Astrocytes"
"ZBTB7A",14.2005466798078,1.03670643553565,0.205627779004108,5.04166528742663,4.61497989493175e-07,6.69956577244313e-06,"ZBTB7A","Astrocytes"
"CPNE2",4.83974749384459,1.28178372206406,0.254447439558466,5.03751864938511,4.71605623454148e-07,6.83828154008515e-06,"CPNE2","Astrocytes"
"COQ8B",13.9106735117354,0.878611710443232,0.174627000788787,5.03136231209697,4.87006804207105e-07,7.05333948128255e-06,"COQ8B","Astrocytes"
"CBS",51.2643693991978,0.625913321896083,0.124485718055506,5.02799302340047,4.95639904013865e-07,7.16998706939683e-06,"CBS","Astrocytes"
"ENSG00000272865",7.98367989826497,-3.19782852455042,0.636080970250493,-5.02739222538145,4.97194750055287e-07,7.1840870360964e-06,"ENSG00000272865","Astrocytes"
"PCLO",23.3037623850604,1.10303103831351,0.219540669288739,5.02426744842801,5.05357729300043e-07,7.29352536354595e-06,"PCLO","Astrocytes"
"ENSG00000241505",2.63686009208463,-2.54144341861061,0.506032542536575,-5.02229245153125,5.10583588596644e-07,7.36036854201657e-06,"ENSG00000241505","Astrocytes"
"CARM1",17.8998839680756,1.24166463011624,0.247286792353962,5.02115223500874,5.13624298616025e-07,7.39559266251423e-06,"CARM1","Astrocytes"
"SLC7A2",54.9437288095535,1.51218822485935,0.301414943880975,5.01696500309056,5.24941253602745e-07,7.54976485872566e-06,"SLC7A2","Astrocytes"
"LINC02316",2.66214885379276,-2.16112774195494,0.430804905514872,-5.01648823931586,5.26244961321406e-07,7.55973475178999e-06,"LINC02316","Astrocytes"
"SENP7",24.1062790785485,-0.680740644762709,0.135747473760871,-5.01475737192638,5.31004300452897e-07,7.61044705151415e-06,"SENP7","Astrocytes"
"PTCH1",15.1345194850533,-0.860074448460338,0.171504198437222,-5.01488859338427,5.30642033686888e-07,7.61044705151415e-06,"PTCH1","Astrocytes"
"RPLP0",19.5771364210296,0.930232459846412,0.185570886250826,5.01281466419828,5.36395568517796e-07,7.67882812133626e-06,"RPLP0","Astrocytes"
"DOCK5",34.3483843340883,-0.692693904110159,0.138303662606686,-5.00850007190391,5.48558550899243e-07,7.843880526311e-06,"DOCK5","Astrocytes"
"MIR497HG",3.13368532539522,-2.29697246441574,0.458687992478052,-5.00770131785311,5.50839248493542e-07,7.86740762871457e-06,"MIR497HG","Astrocytes"
"AZIN2",5.42707506075252,-1.59972193257263,0.319492527433547,-5.00707151251091,5.52643987090631e-07,7.8840904287365e-06,"AZIN2","Astrocytes"
"ENSG00000227355",3.72838538415607,-1.85784770191437,0.37120062868658,-5.00496916852752,5.58709728120269e-07,7.96145289219021e-06,"LOC102723324","Astrocytes"
"ENSG00000239381",25.5789115653274,-0.798548490703624,0.159565511715216,-5.00451809491785,5.60019516079742e-07,7.97094444553499e-06,"ENSG00000239381","Astrocytes"
"TNS3",27.4273224700073,-1.16161260759836,0.232389735763554,-4.99855384654446,5.77618775244449e-07,8.20396060411292e-06,"TNS3","Astrocytes"
"CD99",30.4670551241449,0.742778801601958,0.14859970174196,4.99852148352072,5.77715710795967e-07,8.20396060411292e-06,"CD99","Astrocytes"
"SNHG12",6.19306954811308,1.09762354208808,0.219629762796933,4.99760837561406,5.80457175393045e-07,8.23344925875381e-06,"SNHG12","Astrocytes"
"GSTM3",13.5323914039336,-1.64524205297792,0.329384442393089,-4.99489909427623,5.88665380303243e-07,8.34032426120716e-06,"GSTM3","Astrocytes"
"SLC25A3",11.9211635697662,-0.866188400954113,0.173446107661045,-4.99399157833424,5.91439778263105e-07,8.37005574197946e-06,"SLC25A3","Astrocytes"
"GABRA2",94.3877481930281,-0.902197818975955,0.18071099599077,-4.99248988158991,5.96058373474703e-07,8.42578862869549e-06,"GABRA2","Astrocytes"
"CD44",90.4046626952972,1.98472043094452,0.397689495744952,4.99062824686063,6.01832267350701e-07,8.4977069174501e-06,"CD44","Astrocytes"
"SHROOM3-AS1",3.296548003224,-1.90772212844078,0.382574439628307,-4.98653838529894,6.14706981231958e-07,8.66960882527942e-06,"SHROOM3-AS1","Astrocytes"
"ZDHHC14",21.1253129355459,0.698439540042075,0.140072249018315,4.9862806154469,6.1552726189948e-07,8.6713015746317e-06,"ZDHHC14","Astrocytes"
"PRRC2C",30.6630250941688,0.609034890150995,0.12217606447679,4.98489530465023,6.19953729902758e-07,8.71383318659007e-06,"PRRC2C","Astrocytes"
"PRR12",5.76581128868343,1.17897631367214,0.236507969682272,4.98493270757849,6.19833814756325e-07,8.71383318659007e-06,"PRR12","Astrocytes"
"FYB2",4.65052852017147,-2.10626599556436,0.422567093662169,-4.98445342090044,6.21372118883358e-07,8.72386728813222e-06,"FYB2","Astrocytes"
"CLIC4",56.7682414064152,2.07491244694356,0.416480416329629,4.98201683822113,6.29249578269552e-07,8.82445926128184e-06,"CLIC4","Astrocytes"
"SEC14L2",20.5270875188536,0.86760451520352,0.174160700291351,4.98163198558639,6.30502574079522e-07,8.83202870455512e-06,"SEC14L2","Astrocytes"
"FLG-AS1",17.633998235296,-0.895424434658638,0.17975938951849,-4.98123873838888,6.31785384564593e-07,8.83421230508503e-06,"FLG-AS1","Astrocytes"
"NVL",13.2447836521717,0.807148292318388,0.162040651729991,4.98114691406786,6.32085286465746e-07,8.83421230508503e-06,"NVL","Astrocytes"
"SHB",6.38679071241279,1.93957500671772,0.389523073316873,4.97935845032701,6.37953915162445e-07,8.90618188439297e-06,"SHB","Astrocytes"
"MTMR2",18.0288704314415,0.702050344073597,0.141006717119704,4.97884326657721,6.39654147894483e-07,8.91986183938894e-06,"MTMR2","Astrocytes"
"LARS1",16.0138679485694,0.773204336610986,0.155408253174489,4.97531064674441,6.51430857366371e-07,9.07386761166229e-06,"LARS1","Astrocytes"
"BNC2",9.08030557975767,1.70963041434885,0.34364521853643,4.97498676579902,6.52520977278344e-07,9.07883961981767e-06,"BNC2","Astrocytes"
"SOD2",34.8358236080709,1.60775467329762,0.323247315452139,4.97376032666748,6.56664886341236e-07,9.12624162465042e-06,"SOD2","Astrocytes"
"OSBPL3",13.9534370343135,1.42779638448792,0.287085820851974,4.97341310779717,6.57842672994949e-07,9.13236078441307e-06,"OSBPL3","Astrocytes"
"FBXO11",45.5922629465884,0.442999834139556,0.0891034225580869,4.97174879955663,6.63516426197298e-07,9.20081064457015e-06,"FBXO11","Astrocytes"
"RPS6KA2",160.487364222138,-0.465106465327753,0.0936438354455423,-4.96676009814048,6.80807225441251e-07,9.43001775462977e-06,"RPS6KA2","Astrocytes"
"TMEM41A",4.09945222529681,1.42202973965249,0.28636142442832,4.96585649582995,6.83985203050921e-07,9.46345113897157e-06,"TMEM41A","Astrocytes"
"SGPP1",11.8417785745568,0.798941104751929,0.160914832077454,4.96499355862592,6.87033502061209e-07,9.4950176964553e-06,"SGPP1","Astrocytes"
"ENSG00000230773",1.13524430195193,-2.89182291663506,0.58260865792095,-4.9635769694096,6.92065962981094e-07,9.55390503856732e-06,"LOC105374593","Astrocytes"
"FSTL1",23.1308253057377,0.646597259763113,0.130382248442425,4.95924305254363,7.07683817181132e-07,9.7477738689143e-06,"FSTL1","Astrocytes"
"SUPT6H",13.2078612118811,1.05300807460913,0.212329658996455,4.95930752013647,7.07449030775773e-07,9.7477738689143e-06,"SUPT6H","Astrocytes"
"DIRC3",6.69463496612884,-1.65643127824851,0.334196577442757,-4.95645793539651,7.1789900896007e-07,9.87749269772504e-06,"DIRC3","Astrocytes"
"TRIM25",4.78353875413521,1.35022691303887,0.272627700402902,4.9526402161022,7.32132652624113e-07,1.00621516508817e-05,"TRIM25","Astrocytes"
"PUS7L",25.0778503319665,-0.943009475420497,0.190429728587185,-4.95200766401741,7.34517107845634e-07,1.00837309827633e-05,"PUS7L","Astrocytes"
"PACS1",58.8860010314307,0.516808154270937,0.104369722082635,4.95170576253671,7.356577852526e-07,1.00882063729601e-05,"PACS1","Astrocytes"
"C1orf54",11.8886577702987,-1.17588532761793,0.237493295579982,-4.95123588540177,7.37436522547864e-07,1.01014120118476e-05,"C1orf54","Astrocytes"
"DDX41",7.64859919022608,1.0514599023894,0.212415151968963,4.9500230687076,7.42046855311413e-07,1.01444131923643e-05,"DDX41","Astrocytes"
"INO80",17.5258439198998,0.738997840873696,0.149293120900543,4.94997918468064,7.42214193029316e-07,1.01444131923643e-05,"INO80","Astrocytes"
"ENSG00000287037",1.57906533692375,-2.78258289318096,0.562238819080723,-4.94911201209936,7.45528345281226e-07,1.01784757437899e-05,"ENSG00000287037","Astrocytes"
"FAM162A",10.6745699310858,-1.00390832150522,0.202893615476102,-4.94795422295319,7.49975403431155e-07,1.02279134589075e-05,"FAM162A","Astrocytes"
"XPO5",8.52784968642068,1.09136419164977,0.220609303729723,4.94704517533333,7.53484945548617e-07,1.0264470935895e-05,"XPO5","Astrocytes"
"MED31",8.38724616646801,-1.23791510567851,0.250334770989679,-4.94503860084842,7.61287779494395e-07,1.0359369860966e-05,"MED31","Astrocytes"
"AGL",26.8981301425054,-0.625612529258568,0.126537197597204,-4.94409976780134,7.64965231942718e-07,1.03979851450567e-05,"AGL","Astrocytes"
"WDR44",9.76752508213175,1.00323458058885,0.202935527190813,4.94361236041996,7.66881171346333e-07,1.04125981850676e-05,"WDR44","Astrocytes"
"STX4",7.57754803044817,1.11751324251879,0.226080687357422,4.94298409820413,7.69357614306313e-07,1.04347813121085e-05,"STX4","Astrocytes"
"PRIMPOL",10.163047584013,-0.932431715062491,0.188660891593559,-4.94236885655812,7.71790198208936e-07,1.04563216897388e-05,"PRIMPOL","Astrocytes"
"EML3",15.9817249530544,0.868616753226058,0.17577275277605,4.9417030768856,7.74430949362427e-07,1.04691904431822e-05,"EML3","Astrocytes"
"LINC01550",8.85452360708273,-1.24409243156804,0.251747959280019,-4.94181734432346,7.73977100665603e-07,1.04691904431822e-05,"LINC01550","Astrocytes"
"EFS",7.08033046177919,-1.1577104894158,0.234288568176345,-4.94138701869744,7.75687608385746e-07,1.04747433529342e-05,"EFS","Astrocytes"
"FJX1",3.71058388200426,-1.94494746737412,0.393750586527861,-4.93954176557523,7.83063706463339e-07,1.05628299315202e-05,"FJX1","Astrocytes"
"SLC9A3-AS1",19.9503284545796,0.915848874868834,0.185421557887557,4.93927936590965,7.84118077491801e-07,1.05655431486191e-05,"SLC9A3-AS1","Astrocytes"
"GFPT2",13.7935272767761,1.47147782688448,0.298066793246535,4.93673854392563,7.94398557171437e-07,1.06808222947382e-05,"GFPT2","Astrocytes"
"UFD1",7.60754478829788,1.10927712867716,0.224697370735714,4.93676060848027,7.94308724972345e-07,1.06808222947382e-05,"UFD1","Astrocytes"
"ERV3-1",5.91889087184314,-1.70604157828568,0.345634307782548,-4.9359729050943,7.97521797833844e-07,1.06995800894653e-05,"ERV3-1","Astrocytes"
"SYVN1",9.48552931099865,1.22418494918712,0.248007309410171,4.93608415049768,7.97067265521189e-07,1.06995800894653e-05,"SYVN1","Astrocytes"
"TAF9",9.15003322174758,1.36173489715649,0.276043128027353,4.93305124778024,8.09549034767893e-07,1.08491836553364e-05,"TAF9","Astrocytes"
"ENSG00000280850",1.72223547741597,-3.48206380753945,0.706214696511297,-4.9306023008879,8.19764731775984e-07,1.09742126200887e-05,"ENSG00000280850","Astrocytes"
"CPB2-AS1",8.54236626955099,-1.16813670761544,0.236956186207057,-4.92975822371947,8.23314455694499e-07,1.10098303508261e-05,"CPB2-AS1","Astrocytes"
"MRTFB",36.6904434078515,0.850335017078606,0.172506820222981,4.92928346820994,8.25317516101511e-07,1.10247106816451e-05,"MRTFB","Astrocytes"
"SRP68",7.12699091082907,1.20756065960151,0.245140265938884,4.92599881531731,8.39305057625965e-07,1.11994768626965e-05,"SRP68","Astrocytes"
"ANKRD36B",17.1155391464435,0.769405053079796,0.156321278992498,4.92194701859315,8.56874143638829e-07,1.14216065884603e-05,"ANKRD36B","Astrocytes"
"PDCD6IP",32.2755791648946,-0.615911707008705,0.125223708630432,-4.91849118465594,8.7213844029374e-07,1.16125702216746e-05,"PDCD6IP","Astrocytes"
"SLC28A2-AS1",5.26797885063949,-1.82054201793667,0.37020739509263,-4.91762736798153,8.75994599594959e-07,1.1651386817169e-05,"SLC28A2-AS1","Astrocytes"
"SAXO2",4.95311530910075,-1.90186619227955,0.386849706330977,-4.91629219605086,8.81987252771819e-07,1.17185065998642e-05,"SAXO2","Astrocytes"
"NAPEPLD",18.7138334661721,-0.973350227626363,0.198009673300929,-4.91567008520383,8.84792936604667e-07,1.17431842807884e-05,"NAPEPLD","Astrocytes"
"ENSG00000240086",3.73281209682655,-1.81063092734347,0.368641287307325,-4.91163358442268,9.03207206723017e-07,1.19747482236093e-05,"LOC102724019","Astrocytes"
"DNAAF1",1.5927017629721,-3.12893081392795,0.637152676004266,-4.91080227984007,9.07045124817684e-07,1.20127698188421e-05,"DNAAF1","Astrocytes"
"SLC2A8",4.59869787977195,1.48007653984385,0.301433811792793,4.91012116736678,9.10201343385047e-07,1.2041691490531e-05,"SLC2A8","Astrocytes"
"RPL7",42.2729732444681,-1.01713925877506,0.207343643090933,-4.90557242851658,9.31552566607352e-07,1.23004994964625e-05,"RPL7","Astrocytes"
"CUL4A",30.1126379804305,0.955495845783449,0.194779302178151,4.90553069601576,9.31750668471442e-07,1.23004994964625e-05,"CUL4A","Astrocytes"
"PCDH9-AS2",76.9182389015072,-1.08314004889076,0.221077447532721,-4.89936925262559,9.61448048627734e-07,1.26790321471323e-05,"PCDH9-AS2","Astrocytes"
"SUGP2",43.2719519411919,0.577069796887463,0.117885808765552,4.89515916233076,9.82261966999333e-07,1.29397339759072e-05,"SUGP2","Astrocytes"
"EMP1",35.7980337584131,2.34207570613388,0.478563951885879,4.89396599326893,9.88239225377647e-07,1.30046400933596e-05,"EMP1","Astrocytes"
"B2M",46.9069047726894,0.738013347105813,0.150807580588688,4.89374170863908,9.89366696445249e-07,1.30056558408509e-05,"B2M","Astrocytes"
"CHD6",56.6332961904822,-0.395676009056703,0.0808950448566658,-4.89122677115493,1.00209428770624e-06,1.31589963570163e-05,"CHD6","Astrocytes"
"CDK11A",12.2505425454627,1.14480749911547,0.234088501831292,4.89049009310392,1.00585221405638e-06,1.31943516595976e-05,"CDK11A","Astrocytes"
"GYS1",10.1682570040854,-0.952329354681005,0.194745062098802,-4.89013351310469,1.00767606085911e-06,1.3204288530813e-05,"GYS1","Astrocytes"
"BANP",11.7580500643125,1.54413153221358,0.315880935697874,4.88833404523809,1.0169287091609e-06,1.3311446306067e-05,"BANP","Astrocytes"
"PABPC1",23.9037865917259,0.828818170219002,0.169570417730367,4.88775212865786,1.01993831386904e-06,1.33367435487226e-05,"PABPC1","Astrocytes"
"ATXN1",69.9911799446456,-0.435312331911726,0.0890724536540653,-4.88717121908832,1.02295126047828e-06,1.33620310743697e-05,"ATXN1","Astrocytes"
"ATN1",30.2696068761808,1.02058173601394,0.208929239545955,4.8848200387455,1.03523363546031e-06,1.35082171843046e-05,"ATN1","Astrocytes"
"ENSG00000286736",3.44909527943948,3.82724560452347,0.784143833106677,4.88079538846899,1.05658823297244e-06,1.37723495672608e-05,"ENSG00000286736","Astrocytes"
"LINC01950",1.39652698815756,-2.7413488670252,0.562031728244551,-4.87756959128895,1.07400961521148e-06,1.39798061967802e-05,"LINC01950","Astrocytes"
"ZNF385A",7.2442501195215,1.21432222297515,0.248967563277899,4.87743144925156,1.07476181049299e-06,1.39798061967802e-05,"ZNF385A","Astrocytes"
"H3-3B",102.937004422372,-0.791691767017163,0.162388097552711,-4.87530662005681,1.08639575911928e-06,1.4116305021169e-05,"H3-3B","Astrocytes"
"PEG3",4.83162320640566,1.33949810987012,0.274789505383233,4.87463343260508,1.09010683489022e-06,1.41496781304462e-05,"PEG3","Astrocytes"
"PLEKHA1",9.01505750376946,0.847567116015529,0.173896778526703,4.87396674737926,1.09379408765795e-06,1.41826724476109e-05,"PLEKHA1","Astrocytes"
"RPS6",40.8694314005957,-0.793620090091377,0.162882501320498,-4.87234714384574,1.10280173363948e-06,1.42845124138679e-05,"RPS6","Astrocytes"
"IMPDH2",5.00682265905256,1.1457922866564,0.23520445512489,4.87147356986926,1.10768982641695e-06,1.43328350266679e-05,"IMPDH2","Astrocytes"
"LMO2",17.8762074411742,2.0804038590862,0.427077702081246,4.87125375300073,1.10892309347778e-06,1.43338148919993e-05,"LMO2","Astrocytes"
"PPP1R14A",6.71995410925488,-1.3755735650959,0.282433207656252,-4.87043848884123,1.1135086238368e-06,1.43780785077906e-05,"PPP1R14A","Astrocytes"
"VMP1",22.2276903703442,0.829179405026346,0.170270516685763,4.86977675974644,1.11724399226022e-06,1.44112837043315e-05,"VMP1","Astrocytes"
"GRIA4",15.4057079869054,-1.08100553663614,0.222005398145877,-4.8692759079931,1.12007924465508e-06,1.44328213179645e-05,"GRIA4","Astrocytes"
"SLC35E1",4.91566733075925,1.53149175338212,0.31467341477954,4.86692450474432,1.13348302660242e-06,1.4590353761349e-05,"SLC35E1","Astrocytes"
"NIN",41.4883060437185,-0.538436102261709,0.11066484167353,-4.86546670215405,1.14187035141115e-06,1.46830535426005e-05,"NIN","Astrocytes"
"G6PD",7.38196185926976,1.1235089071323,0.231038421563612,4.86286609616124,1.15698119649598e-06,1.48619275479355e-05,"G6PD","Astrocytes"
"MTHFD2L",22.4905583438642,-0.722745558032218,0.148648064803858,-4.86212557819629,1.1613190578644e-06,1.49021905632486e-05,"MTHFD2L","Astrocytes"
"PPARA",19.985877662655,0.734117352358248,0.151163443622069,4.85644766199988,1.19510350831174e-06,1.53198413493005e-05,"PPARA","Astrocytes"
"TNS2",25.4227529724082,0.895148620143002,0.184333058175881,4.8561480452893,1.19691229017602e-06,1.53271612091516e-05,"TNS2","Astrocytes"
"HGF",11.1895391024017,2.63276942246114,0.542343043856134,4.85443567919998,1.20730046913958e-06,1.5444216641896e-05,"HGF","Astrocytes"
"REXO1",4.86416295914423,1.38125420277022,0.284610382637077,4.85314059863916,1.2152147120437e-06,1.55294156648474e-05,"REXO1","Astrocytes"
"SPATA7",10.7651525442512,-0.91166554937335,0.187875202320608,-4.85250601523025,1.21911085085831e-06,1.5563143985751e-05,"SPATA7","Astrocytes"
"DNAH7",91.1247888060751,-0.796495422037141,0.164155102883634,-4.85209054147868,1.22166823326142e-06,1.55797298995635e-05,"DNAH7","Astrocytes"
"ERF",14.0837796377279,1.224065362428,0.252383639345298,4.85001866841812,1.23449855048872e-06,1.57271559163598e-05,"ERF","Astrocytes"
"RNASET2",8.67851089149455,-1.09976904429523,0.226767473057202,-4.84976539831097,1.23607581836069e-06,1.57310656307918e-05,"RNASET2","Astrocytes"
"TUBA4A",6.66555231931438,-1.235391155426,0.254754420994556,-4.84934137983969,1.23872078136164e-06,1.5748541514991e-05,"TUBA4A","Astrocytes"
"DIRAS3",1.69609887585837,-2.60023901192706,0.53632563346419,-4.8482467547408,1.24557408147669e-06,1.58194295906931e-05,"DIRAS3","Astrocytes"
"ENSG00000267002",10.2012729960402,-1.0325565945531,0.213067269916135,-4.84615302462703,1.2587843856936e-06,1.59544800901166e-05,"ENSG00000267002","Astrocytes"
"GATAD2A",16.7716165516977,0.897896866371118,0.185277388688707,4.8462301456532,1.25829541198256e-06,1.59544800901166e-05,"GATAD2A","Astrocytes"
"TMEFF2",7.06528405046708,-1.21418491927165,0.250729813054718,-4.84260289783198,1.28149234307075e-06,1.62256847487168e-05,"TMEFF2","Astrocytes"
"BRI3",11.5385294607939,0.799433413897774,0.16527303726712,4.83704678704309,1.31782417103616e-06,1.66686585392653e-05,"BRI3","Astrocytes"
"TMX4",8.12028371845152,0.894553758529101,0.184970762570378,4.83619003402627,1.32351397314422e-06,1.6723544417801e-05,"TMX4","Astrocytes"
"ENSG00000268205",26.7665498036034,1.14024438101962,0.235826851950856,4.8350913883939,1.33084479744238e-06,1.67990327489592e-05,"ENSG00000268205","Astrocytes"
"ENSG00000286695",11.2517215237628,1.11443692020116,0.230530929717148,4.83421865156458,1.33669604040052e-06,1.68557098454986e-05,"ENSG00000286695","Astrocytes"
"LRP2BP",18.2083100288017,-0.785661506139288,0.162531720694224,-4.83389644054393,1.33886254377193e-06,1.68658544044027e-05,"LRP2BP","Astrocytes"
"MTHFD1L",28.8464870278344,0.900248531670842,0.186315626761965,4.83184662133034,1.35272454126803e-06,1.70231585310183e-05,"MTHFD1L","Astrocytes"
"PABPN1",70.034212094817,-0.425564129316869,0.0881229176121081,-4.82921061681232,1.37075363248961e-06,1.7232530183877e-05,"PABPN1","Astrocytes"
"DNER",47.2469948321097,1.49755026204714,0.310149580886252,4.82847746486678,1.37580899727871e-06,1.72785424070003e-05,"DNER","Astrocytes"
"VPS37C",5.51602819437943,2.20826004598795,0.457493587493782,4.82686557004028,1.38698675490836e-06,1.74012735420772e-05,"VPS37C","Astrocytes"
"NUP50-DT",13.2873663264836,0.886862707524369,0.183757029884493,4.82627907123791,1.39107548605489e-06,1.74349066232973e-05,"NUP50-DT","Astrocytes"
"ZNF589",7.36136776825854,1.16892259322919,0.242248710568326,4.82529954643244,1.39793002568454e-06,1.75031016259369e-05,"ZNF589","Astrocytes"
"ENSG00000291174",14.9883986983875,1.01728489429126,0.210888219573281,4.8238109096358,1.40840946825488e-06,1.76164994397981e-05,"FAUP4","Astrocytes"
"IRF7",6.4562930181257,1.08604696198936,0.22519876255877,4.822615140729,1.41688190368787e-06,1.77045899226709e-05,"IRF7","Astrocytes"
"FARP2",14.1762583651309,0.751070751822617,0.155786544417183,4.82115290914545,1.4273089408859e-06,1.78169018296272e-05,"FARP2","Astrocytes"
"EPHB1",20.2181168222415,-1.07389820465057,0.222772038267454,-4.8206148895638,1.43116404635503e-06,1.78470336213639e-05,"EPHB1","Astrocytes"
"PIK3C2A",77.9235668793858,-0.930865173918623,0.193322386404469,-4.81509250548493,1.471317159269e-06,1.83292961601891e-05,"PIK3C2A","Astrocytes"
"TCOF1",3.63588594418489,1.35404019445115,0.281278966479104,4.81386934615225,1.48035612198322e-06,1.84233666919781e-05,"TCOF1","Astrocytes"
"TMEM14B-DT",1.13716838002164,-2.74794183153941,0.571085173024397,-4.81178983685858,1.49584606242819e-06,1.85974515974381e-05,"TMEM14B-DT","Astrocytes"
"NTRK3-AS1",2.29144785638169,-2.4412804543981,0.50742975863323,-4.8110707203569,1.50123882137632e-06,1.86457776580772e-05,"NTRK3-AS1","Astrocytes"
"UBE2O",11.2490518472864,0.75542063539486,0.157093131234259,4.80874389261722,1.51881643088398e-06,1.88451942521406e-05,"UBE2O","Astrocytes"
"KCTD13",14.5946011421679,0.928679149472151,0.193159771216573,4.80782899888045,1.52578188879362e-06,1.89126697987301e-05,"KCTD13","Astrocytes"
"CAST",30.2262812667006,0.989841558930444,0.206010589548689,4.80480911733183,1.54899213359407e-06,1.91811695902954e-05,"CAST","Astrocytes"
"ANO6",44.6593272775037,1.68507588683605,0.35077431654684,4.80387476319416,1.55624190196009e-06,1.92516917801917e-05,"ANO6","Astrocytes"
"CIAPIN1",6.9331523488371,1.13457667455894,0.236206326394725,4.80332890264311,1.56049238425603e-06,1.92850071798826e-05,"CIAPIN1","Astrocytes"
"RPL15",24.9892356087239,-0.597186661940332,0.124412343365136,-4.80005959045124,1.58618426026432e-06,1.95829707825056e-05,"RPL15","Astrocytes"
"ANKRD44",21.670583813994,-0.592012062023696,0.123341899987541,-4.79976441163545,1.58852383160633e-06,1.95923213214952e-05,"ANKRD44","Astrocytes"
"TCEAL4",13.147927635084,-0.791033616006707,0.164848241406944,-4.79855659517751,1.59813152261979e-06,1.96912066115432e-05,"TCEAL4","Astrocytes"
"FUT11",6.13634195669963,1.32783037424093,0.276728460619954,4.79831518328906,1.60005854315057e-06,1.96953528228962e-05,"FUT11","Astrocytes"
"BOD1L1",26.5554845219813,0.715077890342347,0.149054280701147,4.79743276730224,1.6071212676573e-06,1.97430383505956e-05,"BOD1L1","Astrocytes"
"ENSG00000277511",4.43074801705358,-2.32239845470789,0.484081672032847,-4.79753436017363,1.60630660972366e-06,1.97430383505956e-05,"ENSG00000277511","Astrocytes"
"SLAIN2",9.37287521576192,-0.912605289584536,0.190349372163201,-4.79436984326951,1.6318697252159e-06,2.00271980251223e-05,"SLAIN2","Astrocytes"
"STXBP5L",16.4455073368824,-0.899954293101738,0.187953361856201,-4.78817874931269,1.68301711090217e-06,2.06140463741855e-05,"STXBP5L","Astrocytes"
"LINC01896",24.0542767889841,-0.854983354519764,0.178556536810161,-4.78830610065411,1.68194965205395e-06,2.06140463741855e-05,"LINC01896","Astrocytes"
"ENSG00000290065",0.865018709361203,-2.82211298795401,0.589486050455109,-4.78741267206445,1.68945212215474e-06,2.0672416629093e-05,"ENSG00000290065","Astrocytes"
"CPEB3",45.6734431748186,-0.898524091553965,0.187774169433372,-4.78513149207559,1.70875427395328e-06,2.08727120090539e-05,"CPEB3","Astrocytes"
"UBA2",15.0857038798171,0.703256613508607,0.146968622054979,4.78507999650107,1.7091924394073e-06,2.08727120090539e-05,"UBA2","Astrocytes"
"LAMTOR5",13.3326262003105,-0.961778154477166,0.201032721995994,-4.7841870961501,1.7168071391274e-06,2.09450470973543e-05,"LAMTOR5","Astrocytes"
"ENSG00000287998",1.01808995264982,-2.97852785872744,0.622775307677358,-4.78266851946308,1.72983257456e-06,2.10831857980084e-05,"ENSG00000287998","Astrocytes"
"ZDHHC13",9.42936160234282,-0.969305810193099,0.202699905768359,-4.78197464630694,1.73581576339412e-06,2.11353063894881e-05,"ZDHHC13","Astrocytes"
"ENSG00000247134",5.20186665364526,-1.75761434816126,0.367603696140538,-4.78127496163507,1.74186920066188e-06,2.11673859782101e-05,"ENSG00000247134","Astrocytes"
"FOCAD",23.378070898888,-0.627598402300261,0.131259234514004,-4.78136570447014,1.74108298064988e-06,2.11673859782101e-05,"FOCAD","Astrocytes"
"U2SURP",53.4586959976377,-0.44695961928867,0.0935235533554138,-4.77911288924307,1.76070319942146e-06,2.13752820768979e-05,"U2SURP","Astrocytes"
"INPP5D",7.80900589007597,1.55488495162187,0.325389224823009,4.77853854093547,1.7657392020535e-06,2.13944701947441e-05,"INPP5D","Astrocytes"
"WDFY3-AS2",8.19959591200381,-1.15091347995659,0.240844051010743,-4.7786668390877,1.76461305853941e-06,2.13944701947441e-05,"WDFY3-AS2","Astrocytes"
"HAUS7",19.4284766242591,1.1357332110182,0.237711927800598,4.77777123565671,1.77248869330855e-06,2.14552565877222e-05,"HAUS7","Astrocytes"
"RNF115",40.6228573070885,0.711440327532467,0.148932381491832,4.77693514604467,1.77987146108443e-06,2.1502583709862e-05,"RNF115","Astrocytes"
"AASDH",33.7186316414628,-0.969791808079633,0.203014881502874,-4.77694935908382,1.77974571177013e-06,2.1502583709862e-05,"AASDH","Astrocytes"
"PRDX3",4.76789683581289,-1.52722154730858,0.319782479946379,-4.7758136954991,1.78982041112491e-06,2.16017019015203e-05,"PRDX3","Astrocytes"
"PHIP",73.3431211010847,-0.401748378690512,0.0841545615892261,-4.77393466383344,1.80661013909749e-06,2.17831093986799e-05,"PHIP","Astrocytes"
"NOTUM",0.874988296467157,-2.78867606912399,0.584628007510502,-4.77000080957274,1.84225178834741e-06,2.21696830856229e-05,"NOTUM","Astrocytes"
"PLXNB2",29.9427234149506,0.917556754141269,0.19235600474108,4.77009675562946,1.84137451147737e-06,2.21696830856229e-05,"PLXNB2","Astrocytes"
"USP54",42.16167355671,0.922167469972964,0.193357901656344,4.76922567980664,1.84935388237711e-06,2.22335428402678e-05,"USP54","Astrocytes"
"SF3B2",19.398834631407,0.71393467452174,0.149864910036393,4.76385482330965,1.89929175665068e-06,2.28117651043699e-05,"SF3B2","Astrocytes"
"PRPF40A",25.8080648603247,0.618610606725817,0.129968179868654,4.75970816357502,1.93873080361576e-06,2.32628910282693e-05,"PRPF40A","Astrocytes"
"GAREM2",10.7209875237869,-1.03060550748425,0.216621037127349,-4.75764275322147,1.95866737730135e-06,2.34793592769821e-05,"GAREM2","Astrocytes"
"RRAGC-DT",56.9760966203462,1.86639356117658,0.392425533969912,4.75604515918091,1.97422324741043e-06,2.36429462985332e-05,"RRAGC-DT","Astrocytes"
"ETNPPL",103.371307730581,-1.43910579165963,0.302700823459785,-4.75421829121922,1.9921570322088e-06,2.38184047588023e-05,"ETNPPL","Astrocytes"
"TRIM44",38.9096457585194,0.507775491799047,0.106806539394473,4.75416107176413,1.9927212573786e-06,2.38184047588023e-05,"TRIM44","Astrocytes"
"ENSG00000250195",5.72268631782004,2.08843970735936,0.439501545787704,4.75183700120171,2.01576845871681e-06,2.40706468893831e-05,"ENSG00000250195","Astrocytes"
"RABL6",21.2430182469343,0.812266723975602,0.170967707437681,4.75099500454893,2.02418133637455e-06,2.41478203163064e-05,"RABL6","Astrocytes"
"SPPL2A",31.5699511339402,1.64606346376338,0.346657121571812,4.74839073347117,2.0504161407997e-06,2.4437250309454e-05,"SPPL2A","Astrocytes"
"TACC1",35.4256379441167,0.76305809380604,0.160713943578866,4.74792713571607,2.05512043031028e-06,2.44697656620502e-05,"TACC1","Astrocytes"
"ENSG00000272449",2.9141311147453,-2.59476997592752,0.546666188873995,-4.74653459229323,2.06931347995365e-06,2.46150901270567e-05,"ENSG00000272449","Astrocytes"
"LINC01376",14.8050667660845,-0.814033712900677,0.171522027858845,-4.74594268189618,2.07537480789039e-06,2.46634992764939e-05,"LINC01376","Astrocytes"
"C2CD5",19.2660162760333,-0.76277107402937,0.160746259929319,-4.74518706914092,2.08313727694615e-06,2.47273519163758e-05,"C2CD5","Astrocytes"
"ACSS2",8.62344569225284,0.923695486298781,0.194665838871219,4.74503123740088,2.08474161355861e-06,2.47273519163758e-05,"ACSS2","Astrocytes"
"CRBN",14.0353137553814,-0.817946011745488,0.172408602284514,-4.74422970146053,2.09301244605732e-06,2.47779857739271e-05,"CRBN","Astrocytes"
"ATP6V0A2",7.43445371702399,0.996959832564433,0.210141061286736,4.74424097061207,2.09289594459976e-06,2.47779857739271e-05,"ATP6V0A2","Astrocytes"
"PLPP4",8.90282668475545,1.42081043430381,0.299519117653912,4.74363855446957,2.0991325154575e-06,2.48267029024931e-05,"PLPP4","Astrocytes"
"RBM15-AS1",2.5506030850804,-2.19378165727873,0.46249021336937,-4.74341206335247,2.10148190028939e-06,2.48307732550416e-05,"RBM15-AS1","Astrocytes"
"RNF150",18.2080063341141,0.929894901451765,0.196146611490713,4.74081552765338,2.12859675575704e-06,2.51271817221539e-05,"RNF150","Astrocytes"
"SPTBN1",81.3572724589839,-0.385736521233902,0.0813933211665591,-4.73916674863961,2.14598855286367e-06,2.53083583334388e-05,"SPTBN1","Astrocytes"
"MAGOH",5.88329471401951,-1.28921251783046,0.272195505435946,-4.73634755932385,2.17604280789556e-06,2.56383806757096e-05,"MAGOH","Astrocytes"
"CD200",2.10634079288784,-2.28863902169374,0.483231287559622,-4.73611514943838,2.17853839200541e-06,2.56433848937291e-05,"CD200","Astrocytes"
"SMPD4",18.5456221487823,0.718796130719651,0.151805231601786,4.73498919065706,2.19066774136098e-06,2.57616701246658e-05,"SMPD4","Astrocytes"
"FAM151B-DT",14.5822722606123,-1.23965929393213,0.261824329682963,-4.73469862572818,2.19380835322746e-06,2.57741260322728e-05,"FAM151B-DT","Astrocytes"
"AKAP7",25.9440450978565,-0.646529034605378,0.136567715330657,-4.73412792357261,2.19998945875825e-06,2.58133183423686e-05,"AKAP7","Astrocytes"
"CLDN10",58.647911514471,-0.611118756387736,0.129091254143498,-4.73400588167202,2.20131342724229e-06,2.58133183423686e-05,"CLDN10","Astrocytes"
"CTNNA2",1135.8338163147,-0.688803215765622,0.145551110187603,-4.73238036369364,2.21902094912321e-06,2.59963447615825e-05,"CTNNA2","Astrocytes"
"SATB2",9.05070052578268,1.09679625303439,0.231785655365122,4.73194189393065,2.22382077901018e-06,2.6027951518415e-05,"SATB2","Astrocytes"
"ENSG00000290851",6.60820299634464,1.23637819501015,0.261718975943639,4.72406783097151,2.31173253763728e-06,2.70313352347143e-05,"ENSG00000290851","Astrocytes"
"ITGB3BP",16.5893323032085,-0.788951011464094,0.167075043398364,-4.72213560694979,2.33380982322467e-06,2.72637424915011e-05,"ITGB3BP","Astrocytes"
"FGGY",31.8940019074339,-0.628270228671723,0.13309216949163,-4.72056493685178,2.35190507446083e-06,2.74492370754462e-05,"FGGY","Astrocytes"
"SLC6A11",32.5226448301461,-1.03558116265976,0.219401845132648,-4.72002029897998,2.35821109052393e-06,2.74969189585291e-05,"SLC6A11","Astrocytes"
"UBE2R2",21.3663840447096,0.620828729145396,0.131592730499639,4.71780414304193,2.38403837364186e-06,2.77719164447856e-05,"UBE2R2","Astrocytes"
"ARHGEF3",64.6642483936495,1.86372546736283,0.395097082788854,4.71713294921704,2.39191395919938e-06,2.78374723277875e-05,"ARHGEF3","Astrocytes"
"VWA8",48.4992021631952,-0.600009866877358,0.127212101865076,-4.71660996147788,2.39806784688355e-06,2.78828865239052e-05,"VWA8","Astrocytes"
"MR1",4.26968861398455,1.19358439732624,0.253262261678101,4.71283952617976,2.44288574330358e-06,2.83507536638502e-05,"MR1","Astrocytes"
"BOK",6.657264745678,2.89294520478816,0.613830413783358,4.7129388505816,2.44169486278695e-06,2.83507536638502e-05,"BOK","Astrocytes"
"TIMP1",11.1572304942371,1.30560985249894,0.27714813239298,4.71087371661468,2.46657046915927e-06,2.85988222093626e-05,"TIMP1","Astrocytes"
"SOCS6",6.90955823664292,1.05174291219859,0.22338555761297,4.70819565703886,2.49919157654618e-06,2.89499432108245e-05,"SOCS6","Astrocytes"
"GABARAPL2",17.9040768032304,-0.881722434886596,0.187382564020019,-4.70546680529142,2.53285717723698e-06,2.93124957249771e-05,"GABARAPL2","Astrocytes"
"SRSF3",21.1623073826476,-0.8611500045438,0.183079860923957,-4.70368504868749,2.55507299191532e-06,2.95419877300537e-05,"SRSF3","Astrocytes"
"FNBP1",149.69417939809,0.46500757949771,0.0988693587094695,4.70325271213853,2.5604917067383e-06,2.95770231385638e-05,"FNBP1","Astrocytes"
"EEIG1",19.3383253685356,0.62824962697829,0.133610915599593,4.70208309073368,2.57520656609959e-06,2.97192757763385e-05,"EEIG1","Astrocytes"
"SAP30L-AS1",3.51573840204149,1.37965658669835,0.293501085642273,4.70068648529605,2.5928834194384e-06,2.9895414695443e-05,"SAP30L-AS1","Astrocytes"
"SGSM2",34.5393439680005,0.843325191261039,0.179454412203354,4.69938398786987,2.60947405813188e-06,3.00587137319508e-05,"SGSM2","Astrocytes"
"NKAIN2",60.8750923027188,-0.612445270451805,0.13035203802703,-4.69839428459726,2.62214853660995e-06,3.01766406401868e-05,"NKAIN2","Astrocytes"
"TMX1",7.79162574219919,-1.35729745948791,0.28891943895584,-4.69784056203766,2.62926545129158e-06,3.02153118372116e-05,"TMX1","Astrocytes"
"ZNF335",6.19413568480463,0.972002075016164,0.206907859263381,4.69775328243508,2.63038893325641e-06,3.02153118372116e-05,"ZNF335","Astrocytes"
"NUAK1",4.70582576755822,1.18486067146467,0.252296421061878,4.69630392091085,2.64911291854413e-06,3.04021920948396e-05,"NUAK1","Astrocytes"
"ENSG00000287159",14.7425552513007,-1.74589243572848,0.371956597200842,-4.69380688195125,2.6816720437917e-06,3.07473564058079e-05,"LOC105370315","Astrocytes"
"BTBD1",9.44599219542959,0.903889008844427,0.192617102405781,4.69267265240151,2.69658789051009e-06,3.08897759927719e-05,"BTBD1","Astrocytes"
"RIPK2",9.93949774495043,-1.31881282649552,0.281050063338499,-4.692448067187,2.69955075879757e-06,3.08951359022091e-05,"RIPK2","Astrocytes"
"NDUFS3",13.1647913349085,-0.824122289748835,0.175705248485585,-4.6903680843458,2.72714005200249e-06,3.11820639556296e-05,"NDUFS3","Astrocytes"
"GPBP1",53.5280338359385,-0.426185578339842,0.090892162443819,-4.68891449912714,2.74658109403641e-06,3.13753816304916e-05,"GPBP1","Astrocytes"
"SELENOF",17.4239816750589,0.660406391046608,0.140855226505851,4.6885472937646,2.75151330124289e-06,3.14027550316043e-05,"SELENOF","Astrocytes"
"TMEM259",38.1850695824265,0.825718763209503,0.176173054437661,4.68697534844457,2.77272350070687e-06,3.16156861042847e-05,"TMEM259","Astrocytes"
"MRPL46",2.5055656973012,-2.11438058306361,0.451363227115858,-4.68443252804216,2.80736623490232e-06,3.19812475499498e-05,"MRPL46","Astrocytes"
"DPY19L2",2.44668381531294,-2.11690807952567,0.451962810951645,-4.68381032295189,2.81590603214334e-06,3.20490481581167e-05,"DPY19L2","Astrocytes"
"FMO4",2.89947924349028,-1.95897140715774,0.418294305541648,-4.68323709217383,2.82379571109085e-06,3.20758986272211e-05,"FMO4","Astrocytes"
"ENSG00000288088",7.91362958714411,-1.32134284877017,0.282151652389733,-4.68309449042322,2.82576170675043e-06,3.20758986272211e-05,"ENSG00000288088","Astrocytes"
"MRTFA",29.9351516090985,1.05593712768561,0.225479459430679,4.68307459292206,2.82603613036406e-06,3.20758986272211e-05,"MRTFA","Astrocytes"
"MIR4713HG",1.08147747366973,-2.90761478869331,0.621038243902242,-4.68186108865624,2.84282103939461e-06,3.22368616582633e-05,"MIR4713HG","Astrocytes"
"NBPF19",20.5360890247702,0.770769821202873,0.164660646522389,4.68095952178879,2.85535319293921e-06,3.23493491200058e-05,"NBPF19","Astrocytes"
"CTSO",4.05930998309391,-1.66275265528288,0.355230970066785,-4.68076489775168,2.85806549604533e-06,3.23504799246155e-05,"CTSO","Astrocytes"
"SHC4",7.89174870327963,-1.12060461230277,0.239457973171367,-4.67975485410466,2.8721813334272e-06,3.24805675359169e-05,"SHC4","Astrocytes"
"RO60",15.6586928710902,-0.964314166987961,0.206134254282238,-4.67808793034285,2.89562379079689e-06,3.27157932494871e-05,"RO60","Astrocytes"
"PPP2CB",32.1143437989484,0.61425654716196,0.131345119553702,4.6766606117467,2.91584240182552e-06,3.29141991447633e-05,"PPP2CB","Astrocytes"
"ITCH",26.9506873540017,0.656010713165304,0.140291510577562,4.67605424208917,2.92447283458624e-06,3.29815547456114e-05,"ITCH","Astrocytes"
"ENSG00000291066",5.20506468477858,-1.58349524044966,0.338657334311783,-4.67580376981242,2.92804494362772e-06,3.29917930272449e-05,"RRN3P1","Astrocytes"
"LIMD1",6.2972273352295,1.34493201570095,0.287678943598587,4.67511455262293,2.93789583160074e-06,3.30726946206473e-05,"LIMD1","Astrocytes"
"KCTD1",16.9336695968905,-0.909167977806739,0.194478791342718,-4.67489524965511,2.94103696202793e-06,3.3077984287731e-05,"KCTD1","Astrocytes"
"NMNAT3",6.11121970299393,-1.65404683965257,0.354013379760421,-4.67227210669818,2.97885953841051e-06,3.3472974286876e-05,"NMNAT3","Astrocytes"
"ENSG00000254538",3.14787735518533,-1.89821557815675,0.406420893321691,-4.67056593139829,3.00371054116071e-06,3.37216206991777e-05,"ENSG00000254538","Astrocytes"
"NUDT4",7.89533810847479,1.57966798395358,0.33828231995159,4.66967349691714,3.0167882431947e-06,3.38377616082246e-05,"NUDT4","Astrocytes"
"ATG4C",16.7469421621716,-0.735346332002951,0.157504259001772,-4.66873935132558,3.03053568385285e-06,3.396119762276e-05,"ATG4C","Astrocytes"
"LMAN2",14.175694941932,0.894583924916258,0.19171207879012,4.6662887939138,3.06688575316961e-06,3.43374740339054e-05,"LMAN2","Astrocytes"
"TGFBR3L",1.0280135079553,-2.67797531767441,0.574022333928697,-4.66528070318438,3.08196025355039e-06,3.44750802346111e-05,"TGFBR3L","Astrocytes"
"LTO1",6.46296953489279,-1.15119337005631,0.246819355738675,-4.66411301743756,3.09951011019065e-06,3.46401026123564e-05,"LTO1","Astrocytes"
"SMIM8",13.2483952233651,-0.829182269348354,0.177875399053049,-4.66159049403488,3.13775045891422e-06,3.50358556652252e-05,"SMIM8","Astrocytes"
"GSDMD",6.61525008909122,-1.37724142487485,0.295458328278449,-4.66137283352153,3.14107122294807e-06,3.50413377961855e-05,"GSDMD","Astrocytes"
"KHSRP",9.01157491197342,0.939228856880653,0.201552235820127,4.65997736546498,3.16244157575316e-06,3.5247987428039e-05,"KHSRP","Astrocytes"
"LINC00886",4.44057230235995,-1.82145836036206,0.390974585429218,-4.65876409425035,3.18113501970068e-06,3.5398416333928e-05,"LINC00886","Astrocytes"
"DNAJC2",5.89914255187325,1.38777326207606,0.297886577549839,4.65873042515275,3.18165528382959e-06,3.5398416333928e-05,"DNAJC2","Astrocytes"
"ENSG00000289155",1.46683403894885,-2.5564873982984,0.549040963192345,-4.65627807337718,3.21976994238291e-06,3.57903152572061e-05,"ENSG00000289155","Astrocytes"
"ARL10",7.40909189390602,0.970516418724801,0.208554504357946,4.65353851604704,3.26286621027302e-06,3.62368361271846e-05,"ARL10","Astrocytes"
"CWC25",9.14182233002462,1.116446945589,0.239944802884699,4.65293239181131,3.27247568076842e-06,3.63109913574869e-05,"CWC25","Astrocytes"
"MMD2",38.9374162465127,-0.652184137826861,0.14017709494869,-4.65257279062308,3.27818960650501e-06,3.6341828019115e-05,"MMD2","Astrocytes"
"MFF",22.2644174277379,-0.710161234177163,0.152670766893244,-4.65158621148309,3.29391515160712e-06,3.64834984994195e-05,"MFF","Astrocytes"
"ENSG00000250284",1.50923335393474,-3.23389914364942,0.695714923710103,-4.64831072819842,3.34664509415406e-06,3.70344112608666e-05,"ENSG00000250284","Astrocytes"
"SLC44A3",33.972363033727,1.47390023906453,0.317257494688719,4.64575388679364,3.38836769013999e-06,3.74626402741103e-05,"SLC44A3","Astrocytes"
"ATP1B3",26.4467309276039,1.19675333058752,0.257631212843934,4.64521871157155,3.39716360070711e-06,3.75263843599966e-05,"ATP1B3","Astrocytes"
"PTPRG",96.3354968050656,-0.559687910994267,0.120597163748892,-4.6409707624605,3.4677619383806e-06,3.82720998956924e-05,"PTPRG","Astrocytes"
"AP3S1",15.8458109342221,-0.730776582175803,0.157515790757161,-4.63938617622424,3.49445534423674e-06,3.85323602205553e-05,"AP3S1","Astrocytes"
"EFCAB6",7.38656265957085,-1.03483095285875,0.223229131339584,-4.63573435352631,3.55672501036753e-06,3.91840976898408e-05,"EFCAB6","Astrocytes"
"PLA2G4C",17.0037713298781,0.943798099554783,0.203707881262167,4.63309565494984,3.60237985662606e-06,3.96517953463115e-05,"PLA2G4C","Astrocytes"
"MDK",3.19652182773338,-2.06892753486471,0.446633800761202,-4.63226816093771,3.61681254343015e-06,3.97400086293661e-05,"MDK","Astrocytes"
"GIPC1",8.67263671881866,-0.974765952594938,0.210426847364258,-4.6323269335855,3.61578563761386e-06,3.97400086293661e-05,"GIPC1","Astrocytes"
"SLC5A3",22.1036610071135,1.55048090414612,0.334753060022133,4.63171540252269,3.62648431308427e-06,3.98109532348603e-05,"SLC5A3","Astrocytes"
"ATP6V0E2",18.1231613774669,-0.982399236573755,0.212127488221136,-4.63117366264968,3.63598734497754e-06,3.98799214285712e-05,"ATP6V0E2","Astrocytes"
"PCYT1B",6.75576709212263,-1.27588008863536,0.275527152532973,-4.63068730942108,3.64453913578609e-06,3.99383434676453e-05,"PCYT1B","Astrocytes"
"SEMA3D",6.86424160328579,1.89695358542479,0.409919564266788,4.62762393109442,3.69884893365998e-06,4.04976537095593e-05,"SEMA3D","Astrocytes"
"LINC01182",7.96162191969278,-1.48105267687035,0.320077840774666,-4.62716404636399,3.70706878739264e-06,4.0551795754667e-05,"LINC01182","Astrocytes"
"SPOCK1",50.0747130988363,0.968193337663441,0.209288914287404,4.62610903668735,3.72599196022891e-06,4.06869122076848e-05,"SPOCK1","Astrocytes"
"DST",859.279061054951,1.48953259979041,0.321983411456667,4.62611596371285,3.72586741221776e-06,4.06869122076848e-05,"DST","Astrocytes"
"ICAM1",11.5508780072189,2.75217430993328,0.59512559196156,4.62452690172841,3.75454357086124e-06,4.09625665532817e-05,"ICAM1","Astrocytes"
"SRGAP1",60.9598189352981,0.493201601718267,0.106658009811966,4.62414030214666,3.76155206531806e-06,4.10029042472126e-05,"SRGAP1","Astrocytes"
"BEX3",23.9684780438908,-0.956995375902513,0.207032622093455,-4.62243759570664,3.79256921672387e-06,4.13046478546101e-05,"BEX3","Astrocytes"
"SKI",13.1948681576672,0.854303216922356,0.184825151741323,4.62222380922494,3.79648091324024e-06,4.13109166508382e-05,"SKI","Astrocytes"
"NAALAD2",1.18055315965948,-2.77716123754922,0.601037814730801,-4.62060983432978,3.82613721703877e-06,4.15970651085085e-05,"NAALAD2","Astrocytes"
"TAFA5",35.3056016441563,-0.536648358840202,0.116174754735707,-4.61931992076123,3.8499985217201e-06,4.18197646442632e-05,"TAFA5","Astrocytes"
"ENAH",48.946647063579,0.829899197747899,0.179724803867499,4.61761081325055,3.88183401528789e-06,4.21286157855477e-05,"ENAH","Astrocytes"
"ENSG00000286313",2.38791770595988,-3.34329902230099,0.724338613609604,-4.61565759367749,3.91852554110476e-06,4.24895812394923e-05,"LOC101928373","Astrocytes"
"MRPL27",8.95706760711846,-1.08965102495897,0.236249669605254,-4.61228592099051,3.98264642382349e-06,4.31470784481245e-05,"MRPL27","Astrocytes"
"SYNE1",144.85249900162,-0.485750250636339,0.105328957643955,-4.61174459048883,3.99303442924188e-06,4.32218053647746e-05,"SYNE1","Astrocytes"
"PYGM",7.2723489589877,-1.21578328574008,0.263833006558247,-4.60815461113152,4.06258533015906e-06,4.3936239426515e-05,"PYGM","Astrocytes"
"ENSG00000226465",2.12978516999602,-2.27584942242431,0.49392409527783,-4.60769062328121,4.07165873012166e-06,4.39959424564542e-05,"ENSG00000226465","Astrocytes"
"RBM41",10.819751119295,-0.996622970924285,0.216305308539631,-4.60748271807526,4.07573066682225e-06,4.40015456384132e-05,"RBM41","Astrocytes"
"ACLY",6.59154427182764,1.08864175540364,0.236443137987187,4.60424339091048,4.13968098144864e-06,4.46530222937966e-05,"ACLY","Astrocytes"
"PLAGL1",12.8455819480088,-1.19023654040614,0.258793580300412,-4.59917336057755,4.24170697577205e-06,4.57137140826678e-05,"PLAGL1","Astrocytes"
"BDP1",23.7210736863041,0.545816328411846,0.118696670160497,4.59841314565785,4.25721125246357e-06,4.58010833529595e-05,"BDP1","Astrocytes"
"SRP14",44.2887661611662,-0.775186159731462,0.168573004014448,-4.59851898744725,4.25504940258724e-06,4.58010833529595e-05,"SRP14","Astrocytes"
"FAM172A",57.9096329315564,-0.386194101634505,0.0839889911392202,-4.59815145290112,4.2625609234614e-06,4.58188297875195e-05,"FAM172A","Astrocytes"
"MGMT",12.2103101595451,-0.797508921473499,0.173460941997346,-4.59762821699483,4.27327652872637e-06,4.58941745491922e-05,"MGMT","Astrocytes"
"KDM5B",18.3400183975784,-0.755692962356928,0.164450227248215,-4.59526858066491,4.32192218127663e-06,4.63763972016884e-05,"KDM5B","Astrocytes"
"PRKN",115.416048162801,-0.580047784770205,0.126285065517855,-4.59316216364628,4.36579539150039e-06,4.6806618470086e-05,"PRKN","Astrocytes"
"SERPINH1",12.9691730109039,2.24590314039604,0.489033531629483,4.59253403935837,4.37896057159312e-06,4.69071529048769e-05,"SERPINH1","Astrocytes"
"PDE3A",38.7565442869074,-0.766229402903232,0.16685032181494,-4.59231600256117,4.38353940395398e-06,4.69156166284893e-05,"PDE3A","Astrocytes"
"PAIP2B",1.51527334155188,-2.42533492035722,0.528271257146906,-4.59107870728383,4.40960994434327e-06,4.71538859592424e-05,"PAIP2B","Astrocytes"
"NFE2L3",2.04306896541744,-2.92766365052672,0.637996047219845,-4.58884292980249,4.45709629243213e-06,4.7579502921713e-05,"NFE2L3","Astrocytes"
"SLC25A25",17.1878698266222,1.13997516368424,0.248418671581475,4.58892705780514,4.45530063597531e-06,4.7579502921713e-05,"SLC25A25","Astrocytes"
"COQ10A",4.77028899474159,-1.40767165053066,0.306783497320585,-4.58848556987295,4.46473163429977e-06,4.76199585077812e-05,"COQ10A","Astrocytes"
"GASK1B-AS1",37.2889432820566,-1.14649842732364,0.249957930573399,-4.58676555968275,4.50165696300814e-06,4.79724769130205e-05,"GASK1B-AS1","Astrocytes"
"LINC01473",142.743599790358,-0.356693865600407,0.0777697525326076,-4.58653723310808,4.5065806389933e-06,4.79836526678022e-05,"LINC01473","Astrocytes"
"HLA-F",3.89820054005028,1.24125887237427,0.270716028161969,4.58509561034053,4.53778738263776e-06,4.82744168034393e-05,"HLA-F","Astrocytes"
"AGRN",6.74132434559748,-1.31310009845816,0.28646535616065,-4.58380069428629,4.56599477384938e-06,4.85328011026411e-05,"AGRN","Astrocytes"
"ZMPSTE24-DT",5.3007578761367,-1.60810699622096,0.350856413182818,-4.58337637791171,4.57527421649959e-06,4.85897260916934e-05,"ZMPSTE24-DT","Astrocytes"
"ENSG00000271918",2.02357228274134,-2.33682073032044,0.510037872927246,-4.58166119490067,4.61296826547254e-06,4.89480600097227e-05,"ENSG00000271918","Astrocytes"
"LYPLAL1-DT",8.59548353102516,-1.15117483652327,0.251269153943514,-4.58144112978571,4.61782604730055e-06,4.89576540614065e-05,"LYPLAL1-DT","Astrocytes"
"HDAC11",5.00718971127193,-1.38288740228736,0.302020165176152,-4.57879162300571,4.67669804401904e-06,4.95393942507166e-05,"HDAC11","Astrocytes"
"HSD17B7",15.9223571477871,1.9785445365228,0.432150401903574,4.57837023362128,4.68612732386498e-06,4.95968501294188e-05,"HSD17B7","Astrocytes"
"LSS",27.0454712662969,0.584486185461089,0.127729991385004,4.57595102859851,4.74061438875698e-06,5.01306814483157e-05,"LSS","Astrocytes"
"SELENOT",14.2012846651862,-0.831022531947816,0.181635017947029,-4.57523302136689,4.75690229372592e-06,5.02600009413038e-05,"SELENOT","Astrocytes"
"IMPACT",2.05404728642694,-2.11608164520624,0.462552939286473,-4.57478801987611,4.76702398823151e-06,5.03240051545361e-05,"IMPACT","Astrocytes"
"ENTPD1-AS1",74.7608603328981,-0.589211848347903,0.128835116934774,-4.57337923359983,4.79920346485224e-06,5.06205592038035e-05,"ENTPD1-AS1","Astrocytes"
"SMIM10",1.33446912220463,-2.56269720482003,0.560420095580549,-4.57281461715838,4.81215874038602e-06,5.0714009942298e-05,"SMIM10","Astrocytes"
"ZSCAN18",16.5550625490042,0.638768704324703,0.139742117221653,4.57105357371617,4.85278186957599e-06,5.10986376623805e-05,"ZSCAN18","Astrocytes"
"SCG3",32.6845661821052,-0.997394740936264,0.218237246624491,-4.57023150888826,4.87185722336501e-06,5.12559116371529e-05,"SCG3","Astrocytes"
"DYNLRB2-AS1",4.36772514443246,-1.52502737818555,0.333742968100122,-4.569466697282,4.88966853134978e-06,5.1399631089732e-05,"DYNLRB2-AS1","Astrocytes"
"MAPKAPK2",11.9933803821106,1.71933924422622,0.376299344101834,4.56907318913884,4.8988570240659e-06,5.14508702424306e-05,"MAPKAPK2","Astrocytes"
"ORC2",15.4129040292424,0.660070349645929,0.144470226914885,4.56890228347749,4.9028528535951e-06,5.14508702424306e-05,"ORC2","Astrocytes"
"C16orf74",4.20373753437111,-1.7748439444802,0.388491764107711,-4.56854973118071,4.91110550338266e-06,5.14938352653578e-05,"C16orf74","Astrocytes"
"RYR3-DT",4.7690877189709,-1.69909997932602,0.371977643003903,-4.56774758183031,4.9299320550844e-06,5.16475030779273e-05,"RYR3-DT","Astrocytes"
"UBXN7",10.7607845591772,-0.885278319089976,0.193874628597338,-4.56624121214245,4.96547368729434e-06,5.19758754604952e-05,"UBXN7","Astrocytes"
"PARP14",13.0185782595754,0.884941062453797,0.193859185865464,4.56486525775434,4.99815260628917e-06,5.22737531449989e-05,"PARP14","Astrocytes"
"HSPA1B",47.7900702523058,2.59138797427968,0.567852927104392,4.56348439990219,5.03115498974854e-06,5.2574508217769e-05,"HSPA1B","Astrocytes"
"ZBTB20-AS5",29.7582900108713,-0.90959138533871,0.19933368602587,-4.56315941110256,5.0389524753738e-06,5.26115923293034e-05,"ZBTB20-AS5","Astrocytes"
"SLC25A29",74.9986442122711,0.912827939185801,0.200198398918119,4.55961658094551,5.12471011943662e-06,5.34619085164142e-05,"SLC25A29","Astrocytes"
"FAM53C",10.0478625683453,-1.1533597811289,0.252983984891043,-4.55902290267755,5.13921671625673e-06,5.35681149809823e-05,"FAM53C","Astrocytes"
"CNTNAP1",14.5868721350821,1.6765941324176,0.367805592530742,4.55837041759353,5.15520561954074e-06,5.36895804766804e-05,"CNTNAP1","Astrocytes"
"TNFAIP6",1.31054093682235,-3.08037134347623,0.676008553187332,-4.5567046880583,5.19624000582785e-06,5.4071462178291e-05,"TNFAIP6","Astrocytes"
"CDAN1",4.66091372179777,1.16629304322302,0.256001119413993,4.55581227883985,5.21835251978063e-06,5.42559691456285e-05,"CDAN1","Astrocytes"
"ENSG00000237188",10.8437916828334,-0.92070197848499,0.20220464437211,-4.55331766163913,5.28064424414202e-06,5.48575651637673e-05,"ENSG00000237188","Astrocytes"
"CC2D2A",13.6449438151575,-1.26530368088764,0.278028334999006,-4.55098823252012,5.33945346511063e-06,5.5422005245989e-05,"CC2D2A","Astrocytes"
"SYNGAP1-AS1",5.59927412839051,-1.53034748819666,0.336358306277586,-4.54975381798278,5.37087140367295e-06,5.57014242811408e-05,"SYNGAP1-AS1","Astrocytes"
"RBP1",3.15589609077491,-1.97744933467592,0.43506461357264,-4.54518541151303,5.48869173171202e-06,5.68757068734644e-05,"RBP1","Astrocytes"
"SOAT1",7.89427181330197,1.14786156427901,0.252589459557637,4.54437634210578,5.50981409943345e-06,5.70468461482311e-05,"SOAT1","Astrocytes"
"TATDN1",6.75954540798631,-1.05927565887974,0.23311565245691,-4.54399199588515,5.51987546531528e-06,5.7103273088554e-05,"TATDN1","Astrocytes"
"WASL-DT",1.59340679181859,-2.32644938226989,0.512069583085916,-4.54322900464008,5.53990109166109e-06,5.72626003489477e-05,"WASL-DT","Astrocytes"
"ZNF45-AS1",3.30671924568816,-1.9846183970698,0.436874705849973,-4.54276333808014,5.552157229244e-06,5.73414203250446e-05,"ZNF45-AS1","Astrocytes"
"RELB",3.79614150110675,3.14561480246704,0.692511849402449,4.54232632290886,5.56368288199878e-06,5.74125709398257e-05,"RELB","Astrocytes"
"STK39",15.6217340629777,-0.821654521158211,0.180907857065893,-4.54183988735732,5.57653886198977e-06,5.74973195070935e-05,"STK39","Astrocytes"
"TAF1D",32.7134909002582,0.456534062984737,0.100606032584432,4.53783984177685,5.68333962141466e-06,5.854974586687e-05,"TAF1D","Astrocytes"
"ENSG00000289043",6.1088775021822,-1.21492600739042,0.267779624485698,-4.53703678808211,5.70501577625713e-06,5.87241981358204e-05,"ENSG00000289043","Astrocytes"
"SAMD4A-AS1",13.3626700449798,2.26973767843377,0.501048400399974,4.52997689768472,5.89901364839965e-06,6.06706694419708e-05,"SAMD4A-AS1","Astrocytes"
"SMAD9",16.0948197156512,1.30942727363067,0.289077515896935,4.52967526570806,5.90744122695212e-06,6.07069250733179e-05,"SMAD9","Astrocytes"
"MOGS",5.60281500857971,1.04314317209146,0.230313417418692,4.52923318051899,5.91981388330107e-06,6.07836279576427e-05,"MOGS","Astrocytes"
"BAIAP3",23.4401317019534,1.65465912013412,0.365448087468598,4.52775421974618,5.96138614038242e-06,6.11597718113964e-05,"BAIAP3","Astrocytes"
"ENSG00000274265",34.6354090904691,1.05055660920141,0.232106944607118,4.52617482419435,6.00608998697881e-06,6.156739429533e-05,"ENSG00000274265","Astrocytes"
"PLGLB1",2.46292778386075,-2.14595578225416,0.474194644850256,-4.52547451886941,6.02601421070585e-06,6.16695322075789e-05,"PLGLB1","Astrocytes"
"TMEM231",7.64068165736416,0.959096997587461,0.211929321949357,4.52555120153052,6.02382945016802e-06,6.16695322075789e-05,"TMEM231","Astrocytes"
"SDF2",10.2919018129645,0.9692000971789,0.214272496920201,4.52321278329924,6.09079525851927e-06,6.22810220365352e-05,"SDF2","Astrocytes"
"RASSF8-AS1",15.6303902039901,-0.884974570597912,0.195695135647044,-4.52221036395126,6.1197193960972e-06,6.25251528728313e-05,"RASSF8-AS1","Astrocytes"
"ENSG00000235100",2.49468147202157,-2.08581229318378,0.461363169784195,-4.52097703021987,6.15548678345967e-06,6.28387410054255e-05,"ENSG00000235100","Astrocytes"
"ENSG00000273702",3.68247913099541,-2.02604036254832,0.448173220060354,-4.52066360028267,6.16460826001338e-06,6.28800198383408e-05,"ENSG00000273702","Astrocytes"
"ATP5F1A",17.4803300185843,-0.92590257026029,0.204951683082562,-4.51766268192734,6.25259860616478e-06,6.37250440659576e-05,"ATP5F1A","Astrocytes"
"RPS2",25.8275552928599,0.602988312818411,0.133503501684234,4.51664791718059,6.28262362054121e-06,6.39783949779291e-05,"RPS2","Astrocytes"
"BRINP3-DT",2.07335532394151,-3.08323131909413,0.682668613671848,-4.51643924643093,6.28881488071191e-06,6.39888205980736e-05,"BRINP3-DT","Astrocytes"
"ROCK2",35.915612646279,0.876655617035851,0.194118830039213,4.51607717220818,6.29957147675376e-06,6.40456433469965e-05,"ROCK2","Astrocytes"
"HTRA2",4.19848498233189,1.30252857960641,0.288471620176621,4.51527460070048,6.3234772753409e-06,6.42359467600872e-05,"HTRA2","Astrocytes"
"RIMOC1",3.28500791761851,-1.72772865990356,0.382844480448159,-4.51287336800852,6.39552106469141e-06,6.49145388066178e-05,"RIMOC1","Astrocytes"
"TSEN15",12.6716439669643,0.721261551839631,0.159882042236865,4.51121052588936,6.44587055159125e-06,6.53720024900528e-05,"TSEN15","Astrocytes"
"SAFB2",48.1339076262197,0.84902093304997,0.188216016188687,4.51088568466365,6.45575065555182e-06,6.54186255054813e-05,"SAFB2","Astrocytes"
"KDM4B",12.818625067807,0.724398116703696,0.160611422315801,4.5102527968363,6.47504168147809e-06,6.55604588239928e-05,"KDM4B","Astrocytes"
"SOCS3-DT",1.96293732828454,4.15307191282635,0.921150795006135,4.50856899363442,6.52663453802357e-06,6.60288525198904e-05,"SOCS3-DT","Astrocytes"
"KCMF1",10.8658604428783,1.09027514261447,0.241836187651826,4.50832091425517,6.53426901778037e-06,6.60521250997341e-05,"KCMF1","Astrocytes"
"SNRNP35",5.88800128018033,-1.2371794614457,0.274691458681672,-4.50388762498588,6.67214973968323e-06,6.73908892548919e-05,"SNRNP35","Astrocytes"
"CCDC34",2.00280933781642,-2.58553153928538,0.574113348042851,-4.50352103482603,6.68367489634608e-06,6.74393123266645e-05,"CCDC34","Astrocytes"
"MAGT1",8.10865450828864,0.950637929835608,0.211093904495373,4.50338882171012,6.68783618970718e-06,6.74393123266645e-05,"MAGT1","Astrocytes"
"DGKI",2.8935870971893,-2.03398057122876,0.45193039740303,-4.50065006230343,6.77459576109514e-06,6.82585999264777e-05,"DGKI","Astrocytes"
"DDRGK1",19.4467706917489,0.939055801485163,0.208677890842495,4.50002536298366,6.79453550499854e-06,6.84038480962577e-05,"DDRGK1","Astrocytes"
"UGGT1",10.5406652644589,0.842078085012305,0.187205294470034,4.49815314997461,6.8546313740837e-06,6.89528028475049e-05,"UGGT1","Astrocytes"
"BAHCC1",9.8981243485834,0.88709515146975,0.197238674560107,4.49757205805707,6.87338691350688e-06,6.90853491476913e-05,"BAHCC1","Astrocytes"
"PCBP1",11.1263061531069,-0.86538973313657,0.192619852924154,-4.49273384855778,7.03146397030504e-06,7.06168843019362e-05,"PCBP1","Astrocytes"
"PGK1",9.15239401950329,-0.935212562148019,0.208230144773845,-4.49124483471754,7.08080968380631e-06,7.10548349388764e-05,"PGK1","Astrocytes"
"WHAMM",9.36801860749815,0.79894614566481,0.177959426975157,4.48948481822399,7.13956353608993e-06,7.1528491316668e-05,"WHAMM","Astrocytes"
"ENSG00000286024",7.12810590833749,-1.79172577031061,0.399086965629183,-4.48956223735809,7.13696931285978e-06,7.1528491316668e-05,"LOC105372432","Astrocytes"
"SELENON",11.8330789415565,1.24465811689343,0.277279580508407,4.48881996507381,7.16187913353177e-06,7.16940576479579e-05,"SELENON","Astrocytes"
"CUL1",20.0955706868616,0.64730614125639,0.144216625115776,4.48842940775197,7.17501915976753e-06,7.17675785584825e-05,"CUL1","Astrocytes"
"MTCP1",1.93694812075455,-2.4855888394837,0.554015889743306,-4.48649377301319,7.24048324880802e-06,7.23639258030587e-05,"MTCP1","Astrocytes"
"BRMS1L",5.67774701909653,1.0281983399947,0.229222867941897,4.48558361225692,7.2714623942272e-06,7.26149345384801e-05,"BRMS1L","Astrocytes"
"CHST6",9.3027006804502,1.55175611544367,0.345970276176874,4.48522957691993,7.28354690579511e-06,7.26770034927163e-05,"CHST6","Astrocytes"
"SYNGR2",6.53821986499911,1.31283630250272,0.292923617174921,4.4818383548731,7.40027885678639e-06,7.37823293748679e-05,"SYNGR2","Astrocytes"
"ENSG00000226994",37.8864375135788,-1.43025994511597,0.319279289989007,-4.47965148370636,7.47650140461351e-06,7.44823144757273e-05,"ENSG00000226994","Astrocytes"
"MASP1",10.4438838234583,0.781084977108472,0.17437993324674,4.47921364898833,7.49185189627298e-06,7.45752427906337e-05,"MASP1","Astrocytes"
"C4orf3",7.51099551371152,-1.1670506302541,0.260588218606579,-4.47852415007313,7.51608685383576e-06,7.47493569904455e-05,"C4orf3","Astrocytes"
"SLC22A4",5.09251117316338,1.148817917013,0.256535556398911,4.47820151381508,7.52745281168421e-06,7.47493569904455e-05,"SLC22A4","Astrocytes"
"ZNF667-AS1",9.09142024393339,-1.06489572294727,0.237793046988314,-4.47824583785919,7.52589037345456e-06,7.47493569904455e-05,"ZNF667-AS1","Astrocytes"
"DAP3",23.0854579619783,1.37218383748167,0.306603802593895,4.47542993880986,7.6257702616522e-06,7.56649945112494e-05,"DAP3","Astrocytes"
"ZNF394",4.48205774910917,1.09535941732912,0.244868169534371,4.47326175309761,7.70353812643394e-06,7.63754304400572e-05,"ZNF394","Astrocytes"
"NR2F2",8.07226820422047,-1.42518770097987,0.318675843040246,-4.47221755933312,7.74126094291233e-06,7.66880274048667e-05,"NR2F2","Astrocytes"
"ENSG00000243176",8.55580220050987,-1.23162379576154,0.27551802518815,-4.47021132254585,7.81423498747884e-06,7.72255960494418e-05,"ENSG00000243176","Astrocytes"
"H1-2",2.78146125219826,-2.02081624758702,0.452050887057995,-4.47032912763151,7.80993187997531e-06,7.72255960494418e-05,"H1-2","Astrocytes"
"NUBP1",2.72799717786178,-1.96451380041958,0.439457883766114,-4.47031188423308,7.81056159404769e-06,7.72255960494418e-05,"NUBP1","Astrocytes"
"PSMB5",7.32850446219136,-1.04807885731786,0.234642194993962,-4.46671093127487,7.94313425420264e-06,7.84368672007905e-05,"PSMB5","Astrocytes"
"TLK2",14.6461763547162,0.694077421045107,0.155409566916724,4.46611772245029,7.96517917488793e-06,7.85918834443325e-05,"TLK2","Astrocytes"
"CPNE1",15.3011371383101,0.644666444382993,0.144389186387005,4.46478341290116,8.01497893617448e-06,7.90202899415992e-05,"CPNE1","Astrocytes"
"PIGL",12.1589961091014,0.838692421318765,0.187936166640957,4.46264514334299,8.09540570903488e-06,7.97497286356237e-05,"PIGL","Astrocytes"
"TNS1",19.4341391998189,0.750943848094882,0.168324574264098,4.46128470176118,8.14697696787288e-06,8.0193971218736e-05,"TNS1","Astrocytes"
"SMARCD3",22.2982628398847,0.666998139083136,0.149539019383873,4.46036186295246,8.18213830140244e-06,8.04137402411012e-05,"SMARCD3","Astrocytes"
"ADAM12",23.9313420852117,1.75860937022893,0.394275398241499,4.46035785664658,8.18229126252019e-06,8.04137402411012e-05,"ADAM12","Astrocytes"
"PRRG1",9.73573167524916,0.761099716382996,0.170675458821914,4.45933892099357,8.22128319643042e-06,8.07328705958746e-05,"PRRG1","Astrocytes"
"PXDC1",7.7500392869401,1.68313405928829,0.377988630107437,4.45286954480584,8.47302382592317e-06,8.31390285549973e-05,"PXDC1","Astrocytes"
"SIMC1",11.6836465672698,0.791865558079021,0.177870831730853,4.45191350584812,8.51084496415464e-06,8.33780009423473e-05,"SIMC1","Astrocytes"
"MLC1",41.534580210353,-0.860389838862677,0.193261474987085,-4.45194697453371,8.50951821362918e-06,8.33780009423473e-05,"MLC1","Astrocytes"
"ANTKMT",23.5649745266631,0.567940291852571,0.127634882948761,4.44972627177923,8.59798024617956e-06,8.41650508999537e-05,"ANTKMT","Astrocytes"
"CUEDC1",11.5306948202952,0.855446908918365,0.19226045812037,4.44941678222148,8.61037836765067e-06,8.42198383306621e-05,"CUEDC1","Astrocytes"
"POR",17.9987423730058,0.975250801455997,0.219211844974789,4.44889646163126,8.63126087743962e-06,8.43574612828214e-05,"POR","Astrocytes"
"MAN1A1",9.59234639287943,0.964881100246886,0.216999983865918,4.44645701376217,8.72981259003356e-06,8.52533669577173e-05,"MAN1A1","Astrocytes"
"SLC16A11",1.045076562673,-2.84204731501122,0.63952240794269,-4.44401522091139,8.82953539043189e-06,8.61592882109677e-05,"SLC16A11","Astrocytes"
"RTCA",9.37904086291179,0.839347007203059,0.188909705692934,4.44311214251419,8.86669211755722e-06,8.64537389698513e-05,"RTCA","Astrocytes"
"FSIP2-AS1",27.1495391158541,-0.631440371244306,0.142144542034253,-4.44224141291438,8.90265932155991e-06,8.67361371981718e-05,"FSIP2-AS1","Astrocytes"
"HECTD3",4.96919791058485,1.27355438699932,0.286708961167286,4.44197621802354,8.91364138790197e-06,8.67748595176023e-05,"HECTD3","Astrocytes"
"PTCD2",4.52995792219307,-1.45419357633148,0.327407407948576,-4.44154145882944,8.93167334513368e-06,8.68820982190026e-05,"PTCD2","Astrocytes"
"CDH10",43.8743374476934,-0.91894217654014,0.206919756148547,-4.44105576792018,8.95185895274966e-06,8.6997305854491e-05,"CDH10","Astrocytes"
"ENSG00000272953",4.68933355832423,-1.36036973828147,0.306326204965946,-4.44091859014382,8.9575680339559e-06,8.6997305854491e-05,"ENSG00000272953","Astrocytes"
"DIPK1C",3.84193109473481,-1.81468506851682,0.4086888876385,-4.44026036284593,8.98501064969485e-06,8.71954442595387e-05,"DIPK1C","Astrocytes"
"SACM1L",11.6385717424313,0.761101320636646,0.171462216076901,4.43888652585298,9.0425472943248e-06,8.7685092518108e-05,"SACM1L","Astrocytes"
"ZRANB2-DT",17.6768349363351,-0.831995636168298,0.187486817875575,-4.43762204508932,9.09581506519435e-06,8.8132611856261e-05,"ZRANB2-DT","Astrocytes"
"COASY",7.99238999900423,0.880724894282389,0.198514811940533,4.43657017666883,9.14035459696294e-06,8.84949264849039e-05,"COASY","Astrocytes"
"B4GALT4",2.43938260139185,-1.87130004388283,0.421887865557365,-4.43553891129488,9.18422397953568e-06,8.88501918270237e-05,"B4GALT4","Astrocytes"
"KIAA1958",48.6896807470378,-0.585227078012099,0.132000415333551,-4.43352451985317,9.27049586158219e-06,8.96147933286278e-05,"KIAA1958","Astrocytes"
"NOL8",7.00593642049763,0.874694051194745,0.197389926439874,4.43130035544738,9.36665113700403e-06,9.04099293894905e-05,"NOL8","Astrocytes"
"SELENOS",13.7884674995844,-0.789678923248206,0.178205434319741,-4.43128418761543,9.36735358206544e-06,9.04099293894905e-05,"SELENOS","Astrocytes"
"SRM",8.67181098612151,0.843372999347751,0.19035343087974,4.43056369118228,9.39870819238518e-06,9.05713646274752e-05,"SRM","Astrocytes"
"WDR45",13.759870903851,0.850550408748094,0.191970958658909,4.43062020781663,9.39624507833006e-06,9.05713646274752e-05,"WDR45","Astrocytes"
"SEMA4D",14.2176969043507,-0.765816964419438,0.172883185672576,-4.42967869570509,9.4373587102724e-06,9.08731049061455e-05,"SEMA4D","Astrocytes"
"PDIA4",10.8147890034885,1.97964081243361,0.447020403650622,4.42852450641345,9.48799395793669e-06,9.12896885634266e-05,"PDIA4","Astrocytes"
"KIDINS220",45.4015223527913,-0.428762217755456,0.0968235727006557,-4.42828337972032,9.49860511205228e-06,9.13208284957635e-05,"KIDINS220","Astrocytes"
"CLNS1A",14.2809971222815,0.84058249324444,0.18986044263817,4.42737034405,9.53888749245004e-06,9.16369618456236e-05,"CLNS1A","Astrocytes"
"SFI1",11.0098287377482,0.735427541803883,0.166244403130395,4.42377323961425,9.69918244658943e-06,9.31046327411759e-05,"SFI1","Astrocytes"
"MRPL4",6.22533838834371,1.03765107740986,0.234661977296523,4.42189693176697,9.78381278101457e-06,9.38442708499639e-05,"MRPL4","Astrocytes"
"TUBB3",15.2362118194714,1.47786102469887,0.334533886750777,4.41767212001412,9.97696142454011e-06,9.56228431269971e-05,"TUBB3","Astrocytes"
"DDHD2",10.0645771030872,1.02988582057815,0.233182370982764,4.41665386726117,1.00240553357982e-05,9.59999050450033e-05,"DDHD2","Astrocytes"
"MTCH2",17.6288401318282,0.670196195169405,0.151783426057979,4.41547679200098,1.00787593200076e-05,9.64492091651111e-05,"MTCH2","Astrocytes"
"CBFB",23.3316630258749,0.849546409408722,0.192414172357839,4.41519665104914,1.00918206725278e-05,9.64996257821717e-05,"CBFB","Astrocytes"
"HIPK3",27.4785973553198,0.761990808355418,0.172626306271476,4.41410596573324,1.01428271821013e-05,9.69125223734261e-05,"HIPK3","Astrocytes"
"ITPKB",143.244733648686,0.716514101559619,0.162406847747102,4.41184661545408,1.02492713442828e-05,9.77869940897811e-05,"ITPKB","Astrocytes"
"OTOS",4.22467287918446,2.2204077487218,0.503285178531911,4.41182821079443,1.02501428029182e-05,9.77869940897811e-05,"OTOS","Astrocytes"
"NBL1",4.71539942331353,-1.33756737647302,0.303221392700469,-4.41119066356346,1.02803743155183e-05,9.79999038868845e-05,"NBL1","Astrocytes"
"DGLUCY",32.5200883074202,0.447673486411075,0.101531649324091,4.40920136126315,1.03752523090817e-05,9.88215705935596e-05,"DGLUCY","Astrocytes"
"MMP28",24.346997534517,-0.596487993033867,0.135287508293778,-4.40903968560488,1.03829999180088e-05,9.88215705935596e-05,"MMP28","Astrocytes"
"MROH8",9.77523251079993,0.920870443502884,0.208867059382054,4.40888307724221,1.03905099663098e-05,9.88215705935596e-05,"MROH8","Astrocytes"
"CD47",39.6547865121412,-0.832653124445322,0.188875248245747,-4.4084819592769,1.04097689731368e-05,9.89287560969711e-05,"CD47","Astrocytes"
"LINC01114",5.76896885894625,-1.73098313444872,0.392710609510097,-4.4077829641733,1.04434115400929e-05,9.91723658749778e-05,"LINC01114","Astrocytes"
"NADK",12.333281158501,1.23247826758407,0.279816669219928,4.404592017409,1.05983147670672e-05,0.000100566231234171,"NADK","Astrocytes"
"ZNF140",5.02814531445514,1.20404525839444,0.273420562169935,4.40363829566742,1.06450370602535e-05,0.000100932231176967,"ZNF140","Astrocytes"
"CARMIL1",173.617104968118,-0.505202818018703,0.114777489801293,-4.40158448223015,1.07463209327878e-05,0.000101814607582794,"CARMIL1","Astrocytes"
"CFDP1",14.6604350349647,0.628367811589072,0.142772266622118,4.40118957592936,1.07659009336163e-05,0.000101922133991568,"CFDP1","Astrocytes"
"ARL6",8.28140787731343,-1.05433520915869,0.23965093658635,-4.39946208505134,1.08519534510379e-05,0.000102658319010086,"ARL6","Astrocytes"
"TTPA",14.0534666185579,-1.41465052236924,0.321791071790408,-4.39617704275725,1.1017408329609e-05,0.000104136796509973,"TTPA","Astrocytes"
"AHNAK",42.9042746411218,0.915466092196302,0.208248550993452,4.3960262284134,1.10250617963801e-05,0.000104136796509973,"AHNAK","Astrocytes"
"COPS8-DT",4.94897646908315,-1.41463261534626,0.321857137022043,-4.39521903548585,1.10661112682292e-05,0.000104443812193934,"COPS8-DT","Astrocytes"
"CEP128",12.6925703764955,-0.945343005826468,0.21509238283769,-4.39505571213012,1.10744347420363e-05,0.000104443812193934,"CEP128","Astrocytes"
"PLEKHA6",23.0558823030689,-1.25703598651323,0.286061747084404,-4.39428200143911,1.11139467736054e-05,0.000104736684092508,"PLEKHA6","Astrocytes"
"ENSG00000291185",1.84776898969528,-2.13269656588285,0.485384408912297,-4.39382997624919,1.11370931438152e-05,0.000104874999543622,"LOC105375980","Astrocytes"
"ST6GAL2",5.56792740048126,-1.641384414909,0.373612982390377,-4.39327457094082,1.11655962053493e-05,0.000105063508974803,"ST6GAL2","Astrocytes"
"FMO5",3.68771884018657,-1.50646713747687,0.343090984039469,-4.39086775099742,1.12899195051497e-05,0.000106152675195345,"FMO5","Astrocytes"
"RADIL",9.06826366799014,1.25022874925988,0.284823601335016,4.38948438050724,1.1361973849997e-05,0.000106749106361542,"RADIL","Astrocytes"
"UQCRC1",10.7507583131143,-0.908084462361892,0.206945288760179,-4.38804124414852,1.14376089189414e-05,0.000107378249615808,"UQCRC1","Astrocytes"
"C10orf88",2.09245554926228,-2.00655450529065,0.457359149717623,-4.38726219105818,1.14786387662851e-05,0.000107681805941598,"C10orf88","Astrocytes"
"SPATA1",7.28906307448796,-1.13741847755185,0.259268057975015,-4.3870366694437,1.14905423547825e-05,0.000107711874321931,"SPATA1","Astrocytes"
"DHX30",20.3123986000403,0.540484524197809,0.123228844711488,4.38602281359715,1.15442018872383e-05,0.000108133019644229,"DHX30","Astrocytes"
"TIA1",14.9360043878783,-0.880164748082702,0.201112278581493,-4.37648439116087,1.20608824028947e-05,0.00011288730672339,"TIA1","Astrocytes"
"AP1S2",16.708314313686,0.820509451307062,0.187533026562122,4.37527973791464,1.21276848788051e-05,0.000113426829195048,"AP1S2","Astrocytes"
"FAM110B",11.5140407090012,-0.837885530317472,0.19154724182147,-4.37430224705827,1.21821497251427e-05,0.00011371895498617,"FAM110B","Astrocytes"
"LINC01414",12.5266949763944,-1.15255724256186,0.263498237105762,-4.37406054485007,1.21956530906593e-05,0.00011371895498617,"LINC01414","Astrocytes"
"PTGES3",32.057649236899,1.28425285011256,0.293600627455567,4.3741488607919,1.21907174198646e-05,0.00011371895498617,"PTGES3","Astrocytes"
"LINC01572",25.6827903538191,-1.44325840311634,0.329929693954784,-4.37444228137326,1.21743328483487e-05,0.00011371895498617,"LINC01572","Astrocytes"
"LINC01876",2.37287840332072,-2.72218498319369,0.622388479283883,-4.37377148485432,1.22118209875272e-05,0.000113784032572272,"LINC01876","Astrocytes"
"IFT80",14.2570232462355,-0.809145189557823,0.185040085588501,-4.37281028586006,1.22657306375548e-05,0.000114200407883339,"IFT80","Astrocytes"
"B4GALNT4",81.8577303752638,0.740506764607994,0.169373326228593,4.37203886288786,1.23091607428703e-05,0.000114518660765562,"B4GALNT4","Astrocytes"
"NID1",4.88834802199658,-1.62897922273235,0.372683168081523,-4.37094927339466,1.23707532928188e-05,0.000114849932173364,"NID1","Astrocytes"
"SLMAP",41.7594057055923,0.408413212652555,0.0934374132696121,4.37098158394096,1.23689226114587e-05,0.000114849932173364,"SLMAP","Astrocytes"
"ENSG00000289396",2.40747253171727,-2.0428405917437,0.467371188933203,-4.37091682182332,1.23725922247652e-05,0.000114849932173364,"ENSG00000289396","Astrocytes"
"LINC00467",8.02918101373191,-1.13163817568568,0.259211779184023,-4.36568962740807,1.2672231086017e-05,0.000117543249092246,"LINC00467","Astrocytes"
"SLC30A7",14.5965349867109,0.699485533734683,0.160246108847604,4.36507032067719,1.2708187005609e-05,0.000117788532702438,"SLC30A7","Astrocytes"
"MAP1B",48.8750624417493,1.30650424722127,0.29950037315986,4.36227919664031,1.28714464726004e-05,0.000119212506858797,"MAP1B","Astrocytes"
"ENSG00000287839",2.36995658910096,1.95098155586718,0.447395675489249,4.36075193112604,1.29616249546812e-05,0.000119957998366082,"ENSG00000287839","Astrocytes"
"SET",13.0263116734882,-1.34232517172737,0.307856495004201,-4.36023015109378,1.29925717415167e-05,0.000120154604835849,"SET","Astrocytes"
"CIRBP",109.862483544695,-0.78828284035454,0.180836016632337,-4.35910309812464,1.30596580417391e-05,0.000120684884724518,"CIRBP","Astrocytes"
"ENSG00000290067",4.4387960709015,-1.52264590468831,0.349385808953696,-4.35806453973667,1.31217692926704e-05,0.000121078143927823,"ENSG00000290067","Astrocytes"
"B4GALT1",3.93279848573456,1.87515329859064,0.43026289907744,4.35815707701339,1.31162236607387e-05,0.000121078143927823,"B4GALT1","Astrocytes"
"MGAT5",44.2445638238205,1.25925904265754,0.288985942232482,4.35750968690547,1.31550678077631e-05,0.000121295014641497,"MGAT5","Astrocytes"
"RPS15",67.8374378263064,-0.537677493979558,0.12358254974134,-4.35075579120939,1.35669086054553e-05,0.000124999277724221,"RPS15","Astrocytes"
"KANSL3",11.5051161114841,0.749506759275169,0.172383027932641,4.34791503701883,1.37437822375203e-05,0.000126534762414286,"KANSL3","Astrocytes"
"CHST11",38.3307899345882,-0.603792293336603,0.139024311694749,-4.34306982696902,1.40505451135059e-05,0.000129262927296094,"CHST11","Astrocytes"
"ENSG00000272368",22.916387380345,0.856329134840611,0.197198025461416,4.34248331258348,1.40881189214487e-05,0.000129512380552561,"ENSG00000272368","Astrocytes"
"IQSEC1",16.7378644475019,-0.668737033237331,0.154008251976334,-4.34221559335726,1.41053016265711e-05,0.000129574146915304,"IQSEC1","Astrocytes"
"GALNT10",38.807911253209,2.8694120675954,0.660879904491319,4.34180559598645,1.41316547497917e-05,0.000129720000568325,"GALNT10","Astrocytes"
"AMZ2P1",12.3818327812448,-0.882072740447964,0.203183833965277,-4.34125453405267,1.41671489640579e-05,0.000129949485645873,"AMZ2P1","Astrocytes"
"NOP56",10.7403528253378,0.933253513750803,0.215011451765428,4.34048282585877,1.42169980625678e-05,0.000130310205039805,"NOP56","Astrocytes"
"ARL3",30.3795675608002,-0.917235451130323,0.211473277475139,-4.33735865865205,1.44205207744563e-05,0.000132077891087346,"ARL3","Astrocytes"
"AAAS",13.6906925048639,-0.951235343251988,0.219414913210044,-4.3353267530242,1.45543764702303e-05,0.000133205353903076,"AAAS","Astrocytes"
"WDFY1",15.2814650187511,0.792017449348984,0.182807281802319,4.33252680932833,1.4740770644944e-05,0.000134811641725511,"WDFY1","Astrocytes"
"UNC13B",13.1869442549181,0.796117322974693,0.183782086098573,4.33185486069457,1.47858402216562e-05,0.000135124029125291,"UNC13B","Astrocytes"
"ENSG00000286533",19.2230521111644,1.14521105516453,0.264416969874403,4.33108001997189,1.48379741924271e-05,0.000135500467864915,"ENSG00000286533","Astrocytes"
"XPC",10.962349110489,0.811181199215176,0.187320487492917,4.33044569802248,1.48807840068721e-05,0.000135691272722458,"XPC","Astrocytes"
"C16orf95-DT",1.72031513566294,-2.23778853097404,0.516748364598085,-4.33051884492085,1.48758413881121e-05,0.000135691272722458,"C16orf95-DT","Astrocytes"
"CAP2",5.52103635293972,1.43542851671625,0.331537921479126,4.32960582702642,1.49376473670361e-05,0.000136109556545995,"CAP2","Astrocytes"
"MYORG",8.70242240484114,-1.20157766554008,0.277547788347708,-4.32926406185144,1.49608457928142e-05,0.000136220701067954,"MYORG","Astrocytes"
"POM121",13.6021760819339,0.776596858392261,0.17946760971122,4.32722572971177,1.50999192456531e-05,0.000137385966215226,"POM121","Astrocytes"
"EID1",14.3224548366925,-0.81355403344678,0.188051198151205,-4.32623690487008,1.51678290156158e-05,0.000137902515932724,"EID1","Astrocytes"
"MRPS9",10.019005657827,-0.830505468926812,0.192028993548554,-4.32489622311551,1.52603685302554e-05,0.000138642071540831,"MRPS9","Astrocytes"
"ANXA11",8.2007526943831,1.01223283574192,0.234109771872258,4.32375303109621,1.53397014201501e-05,0.000139260647130292,"ANXA11","Astrocytes"
"SLC35B1",7.95296991231451,0.829397139783178,0.192068079074176,4.31824561260315,1.57274355873726e-05,0.000142676069508011,"SLC35B1","Astrocytes"
"MAP3K5-AS1",1.41136755459996,-2.59912828673838,0.602226696834429,-4.31586361149473,1.58980121168899e-05,0.000144117923897107,"MAP3K5-AS1","Astrocytes"
"PIH1D1",10.1213893356909,0.716098171901898,0.165968005389874,4.31467601372758,1.59837141069716e-05,0.000144788830860738,"PIH1D1","Astrocytes"
"EP400",20.0829820440036,0.540945224593838,0.125378583597005,4.31449462160585,1.59968428220914e-05,0.000144801830896168,"EP400","Astrocytes"
"PIBF1",33.9409825607168,-0.44285672851734,0.102685248350773,-4.31275899537723,1.61229839800109e-05,0.000145837042092385,"PIBF1","Astrocytes"
"LDHD",4.19705729165486,-1.50634541297974,0.34948755336815,-4.3101546777918,1.63140396452396e-05,0.000147457483888323,"LDHD","Astrocytes"
"HAVCR2",9.57964632622956,1.36148117153083,0.315941614582203,4.30928091992956,1.63786215348071e-05,0.00014793323885158,"HAVCR2","Astrocytes"
"SLC8A1-AS1",3.20835565038478,-2.49020437774981,0.577955942997924,-4.30864049054126,1.64261121405446e-05,0.000148187071357482,"SLC8A1-AS1","Astrocytes"
"LINC03000",1.90682705432383,-2.45516514158487,0.569831721451346,-4.30857926851041,1.64306588850701e-05,0.000148187071357482,"LINC03000","Astrocytes"
"SLC6A1",43.6746538620245,-0.502244997553161,0.116599070657295,-4.30745283578931,1.65145294516249e-05,0.000148835093303836,"SLC6A1","Astrocytes"
"ATP11C",11.021496988431,0.828088999004866,0.192259964023591,4.30713176927079,1.65385096599372e-05,0.000148942810995638,"ATP11C","Astrocytes"
"TPTE2",5.61422871548124,1.86613687889685,0.433342859052353,4.30637505594941,1.65951593402705e-05,0.000149344373626868,"TPTE2","Astrocytes"
"UNK",16.8010053471315,0.630287614241989,0.146386910775143,4.3056282211607,1.66512507834366e-05,0.000149740332934855,"UNK","Astrocytes"
"PCDH10",15.076534464666,-0.708734538165948,0.164651026402831,-4.30446474370573,1.67389945578502e-05,0.000150393757664713,"PCDH10","Astrocytes"
"RALA",9.83061710730626,0.826367398083132,0.191984560986874,4.30434298380707,1.67482025211693e-05,0.000150393757664713,"RALA","Astrocytes"
"SEC16B",2.59024501181764,-1.76974255490529,0.411175893220539,-4.30410095553941,1.67665199887072e-05,0.000150449142768233,"SEC16B","Astrocytes"
"IQCA1",80.4513414285126,-1.07280227524728,0.24959913478752,-4.2981009375715,1.72267715636974e-05,0.000154467134158772,"IQCA1","Astrocytes"
"ENSG00000289410",4.03729835071465,1.16777956106719,0.271747504375263,4.29729635880876,1.72893973068845e-05,0.00015491650278665,"LOC107985767","Astrocytes"
"PDE1C",10.3418952600287,-1.08777315640127,0.253182843747735,-4.29639362722815,1.73599211835502e-05,0.000155435939273971,"PDE1C","Astrocytes"
"SNRNP70",102.276601607488,0.40041201981786,0.0932251973020366,4.2951050939649,1.74610599697581e-05,0.000156228544512655,"SNRNP70","Astrocytes"
"ENSG00000250699",8.27876999381584,-1.64314512090729,0.382640482088626,-4.29422708213792,1.75302977137019e-05,0.000156734784540628,"ENSG00000250699","Astrocytes"
"ATR",18.7036213744683,0.660215586734104,0.153760877941298,4.29378132834385,1.75655487448679e-05,0.00015693664509935,"ATR","Astrocytes"
"FAM193B",17.6613415255143,0.747949095472083,0.174202766770445,4.29355462796806,1.75835025275215e-05,0.000156983786444339,"FAM193B","Astrocytes"
"STMP1",19.7117943210449,0.665049416801371,0.154922205180633,4.2927959618568,1.76437131664116e-05,0.000157294528538283,"STMP1","Astrocytes"
"HSD17B6",8.75374379652072,-1.76382671331024,0.410879310940063,-4.29280975300199,1.76426168975461e-05,0.000157294528538283,"HSD17B6","Astrocytes"
"VILL",3.4352912138822,-1.44084169010153,0.335662307118433,-4.29253347648936,1.76645907101312e-05,0.000157367357383852,"VILL","Astrocytes"
"MMP25-AS1",3.9997957847414,-1.3863288312193,0.322997962988008,-4.29206679322236,1.77017678725414e-05,0.00015758518444693,"MMP25-AS1","Astrocytes"
"FAM117B",4.45587509414173,-1.42124720775898,0.331236458067656,-4.29073301909504,1.78084311072788e-05,0.000158420835058501,"FAM117B","Astrocytes"
"ABCC4",12.0971320455484,1.03067306204984,0.240242389995633,4.29013823109477,1.78561940602421e-05,0.000158731694937529,"ABCC4","Astrocytes"
"LARGE1",30.449315088683,0.530472508736769,0.123670408203035,4.28940533507311,1.79152152884329e-05,0.000159142116869918,"LARGE1","Astrocytes"
"GSTM5",13.5068835400529,-1.64323324943753,0.383114617254938,-4.28914266234865,1.79364139304098e-05,0.000159216210537824,"GSTM5","Astrocytes"
"NOL10",17.3960047523388,0.883153421980672,0.206005628846547,4.2870353927976,1.81073452312171e-05,0.000160618378222178,"NOL10","Astrocytes"
"ZNF586",12.6552904361846,0.661061091298707,0.154231407544661,4.28616390022428,1.81784890578073e-05,0.000161134022908252,"ZNF586","Astrocytes"
"GLIPR1L2",6.20999088497834,-1.38865101253736,0.32436320294333,-4.28116074800251,1.85920992664616e-05,0.000164682378552642,"GLIPR1L2","Astrocytes"
"DENND1B",27.8608025977868,-0.783607692575263,0.18308135207034,-4.28010654123965,1.86803865787307e-05,0.000165346123662918,"DENND1B","Astrocytes"
"ATAD3A",6.38015882170572,1.67800441161227,0.392208243808683,4.27835069277838,1.88283218533804e-05,0.00016653650679315,"ATAD3A","Astrocytes"
"LINC01138",111.364565679291,0.680999140193692,0.159228284978742,4.27687292044005,1.89536925814317e-05,0.000167525749633026,"LINC01138","Astrocytes"
"UBE2I",11.5493551154317,0.683447074176335,0.159822519126066,4.27628770910086,1.90035599884937e-05,0.000167846707088101,"UBE2I","Astrocytes"
"NACA",34.6738423534505,-0.924788367641888,0.216352041284213,-4.27446102265812,1.91600218465804e-05,0.000168987571599861,"NACA","Astrocytes"
"PRPSAP1",13.9725210601365,0.673052403226201,0.157456372428763,4.27453263938685,1.91538645917183e-05,0.000168987571599861,"PRPSAP1","Astrocytes"
"C22orf31",0.762963502205847,-2.61815957888069,0.612626288123609,-4.2736650869158,1.92285795201433e-05,0.000169471530389989,"C22orf31","Astrocytes"
"ENSG00000290848",0.873089779706156,-2.53316879337988,0.592796619003648,-4.27325108169062,1.92643320361844e-05,0.000169545290408011,"ENSG00000290848","Astrocytes"
"TLE1",58.4213761960214,-0.64341191298973,0.150566988088264,-4.2732601691717,1.92635465835573e-05,0.000169545290408011,"TLE1","Astrocytes"
"ATF1",7.0336333518538,0.930415343163791,0.217777015361819,4.27233030821908,1.93440749929429e-05,0.000170005451126765,"ATF1","Astrocytes"
"KIZ",11.8884862959504,-0.870994607676516,0.203865236490593,-4.27240378335277,1.93377002046914e-05,0.000170005451126765,"KIZ","Astrocytes"
"ARHGAP21",84.3826614848994,0.354970085229705,0.0831490395749616,4.26908220520921,1.96278926429399e-05,0.000172377442976968,"ARHGAP21","Astrocytes"
"SEPTIN4",27.3991674718762,-0.594696427329932,0.13931679185299,-4.2686629473744,1.96648148653964e-05,0.000172579307213468,"SEPTIN4","Astrocytes"
"GNAQ",160.869977521479,-0.564852380816026,0.132387792950204,-4.26665003040339,1.98430067649845e-05,0.000174019796579889,"GNAQ","Astrocytes"
"CCNL2",45.175648873914,0.443157029731392,0.103880806887186,4.26601451231179,1.98995841444662e-05,0.00017436424421274,"CCNL2","Astrocytes"
"WTAP",23.0076359209192,1.32485973917399,0.31057033751286,4.26589271140272,1.99104450712117e-05,0.00017436424421274,"WTAP","Astrocytes"
"FREM1",4.23168992599041,-1.51503355893355,0.355249880925064,-4.26469828783175,2.00172507480903e-05,0.00017517570036297,"FREM1","Astrocytes"
"GOLGA2",14.2396965411539,1.00542907780268,0.235785350233066,4.26417110651212,2.00645647857867e-05,0.000175465752642936,"GOLGA2","Astrocytes"
"KRT10",13.3548456431954,-0.915398921493769,0.214704626091737,-4.2635267723698,2.01225378087152e-05,0.000175848543179478,"KRT10","Astrocytes"
"TRAF6",6.78949145160775,0.852010944644756,0.1999671261747,4.26075505981119,2.03737423435589e-05,0.000177918230916989,"TRAF6","Astrocytes"
"CCDC169",2.95499550621284,1.99590525869089,0.46857332779059,4.25953664093932,2.04851117814732e-05,0.00017875701989585,"CCDC169","Astrocytes"
"ZNF610",0.748795902630509,-2.62658270617306,0.616657185433494,-4.25938879529416,2.04986649642338e-05,0.00017875701989585,"ZNF610","Astrocytes"
"SMCHD1",32.1645932401996,0.44356117798688,0.104147017582569,4.2589906872294,2.05352024558665e-05,0.000178949621401123,"SMCHD1","Astrocytes"
"TLK1",40.3568292167665,-0.471098067763452,0.110669094917504,-4.25681684769015,2.07358089620571e-05,0.00018057069084188,"TLK1","Astrocytes"
"TRAPPC9",33.7149550571241,-0.715940996260571,0.168251175677726,-4.25519164057378,2.08870039462082e-05,0.000181759500959871,"TRAPPC9","Astrocytes"
"OPA1",29.5084135639355,0.482099909773762,0.113341206608474,4.25352724044247,2.10429326431002e-05,0.000182987805421004,"OPA1","Astrocytes"
"FRMPD3",14.3920949837187,1.60715140618555,0.377901360744546,4.25283307532717,2.11082921817714e-05,0.000183427355850439,"FRMPD3","Astrocytes"
"CCSER2",57.7447308582789,0.625228375465852,0.147061120927202,4.25148653514855,2.1235627952709e-05,0.000184404474711357,"CCSER2","Astrocytes"
"SP3",16.9697363346659,0.620482242286499,0.145990160560668,4.25016480496744,2.13613285202706e-05,0.000185239232033108,"SP3","Astrocytes"
"CFAP92",3.08280789132424,1.89568501158035,0.446026617708669,4.25016117046752,2.13616751468367e-05,0.000185239232033108,"CFAP92","Astrocytes"
"DIAPH3",7.79714500867584,-1.86915905298662,0.439805245785103,-4.24996989212795,2.13799251469214e-05,0.000185267748841377,"DIAPH3","Astrocytes"
"TMEM241",37.6324613052371,-1.44539822405753,0.340326589938426,-4.24709166662247,2.16563370509846e-05,0.000187314241854853,"TMEM241","Astrocytes"
"C18orf32",17.3005554004958,-0.706538636277863,0.166360307211889,-4.24703854013664,2.16614709146531e-05,0.000187314241854853,"C18orf32","Astrocytes"
"LIMK2",20.485836947047,1.2280712642888,0.289151917159484,4.24714896014833,2.16508018045888e-05,0.000187314241854853,"LIMK2","Astrocytes"
"ST6GAL1",18.8260807489043,1.07013639045675,0.251997794803048,4.24661013916064,2.17029116850114e-05,0.000187541629724701,"ST6GAL1","Astrocytes"
"ZNF767P",19.6525911041553,0.61563461132866,0.145002965466423,4.24566910992738,2.1794205943955e-05,0.000188199199584376,"ZNF767P","Astrocytes"
"TCEAL2",6.33908907790308,-1.08534719672064,0.255700437817331,-4.24460437371639,2.18979424522603e-05,0.000188963220478285,"TCEAL2","Astrocytes"
"GABARAPL1",7.31672714569487,-1.70601284652299,0.401960972417936,-4.24422509543832,2.19350086702082e-05,0.000189151262091357,"GABARAPL1","Astrocytes"
"ANKS1B",71.9304552323466,-0.489693646768631,0.115398268108363,-4.24350949798305,2.20051054789607e-05,0.000189623675118977,"ANKS1B","Astrocytes"
"AFF1",61.0531526392708,0.370076831694706,0.0872607559885586,4.2410454447957,2.2248108059869e-05,0.000191584368640721,"AFF1","Astrocytes"
"RFX4",235.519763556615,0.93637440283747,0.220812765319358,4.24058093508864,2.22942027738366e-05,0.000191847889470756,"RFX4","Astrocytes"
"ENSG00000258824",4.83245560771368,1.02304337091372,0.241267932403995,4.24027909851138,2.23242036432923e-05,0.000191972648413117,"ENSG00000258824","Astrocytes"
"GALC",8.85873687574913,-0.972223968037088,0.229339437651545,-4.23923585926932,2.24281919818617e-05,0.000192733033526297,"GALC","Astrocytes"
"SEMA4G",3.04158353941551,-1.82239012083439,0.42993604276765,-4.23874702177334,2.24770769521937e-05,0.000192751830954996,"SEMA4G","Astrocytes"
"HSP90AA1",213.388990049354,1.78979199690947,0.42224507139529,4.23875165906657,2.24766127352196e-05,0.000192751830954996,"HSP90AA1","Astrocytes"
"ENSG00000289591",1.79541097559822,-2.11861268182206,0.499786240173081,-4.23903763554669,2.24480026398991e-05,0.000192751830954996,"ENSG00000289591","Astrocytes"
"ZNF346",14.7959218375544,0.681183189925861,0.160725845012681,4.23816835352221,2.25350762975039e-05,0.000193115466984077,"ZNF346","Astrocytes"
"PDCD7",6.13899504716354,0.921429268970885,0.217442967194984,4.23756758315676,2.25954416011486e-05,0.000193498861235839,"PDCD7","Astrocytes"
"PIRT",2.92537352391379,3.56051884738251,0.840329143768262,4.23705267606951,2.26473018209089e-05,0.000193808941567598,"PIRT","Astrocytes"
"BORCS8",1.97186315111889,-2.0909807732812,0.493740649008531,-4.2349779737197,2.28574109431193e-05,0.000195471905876137,"BORCS8","Astrocytes"
"AP2A2",16.2749172169796,0.651164229262251,0.154002162704891,4.22827977104488,2.35484861024311e-05,0.000201242859493723,"AP2A2","Astrocytes"
"CRAT",5.89883458553053,1.30937736742131,0.309696798308135,4.22793317391203,2.35847812822298e-05,0.000201414032150242,"CRAT","Astrocytes"
"RBM6",71.3206126191029,0.400706366694748,0.0948599849777963,4.22418754112749,2.39804299278169e-05,0.000204642101997845,"RBM6","Astrocytes"
"ELF2",42.5818023403044,0.873826160302809,0.206869619462761,4.22404296277109,2.39958275135969e-05,0.000204642101997845,"ELF2","Astrocytes"
"TTC33",7.20843418227425,0.941359775358964,0.223003090230859,4.22128578749488,2.42912729079235e-05,0.000206734592727709,"TTC33","Astrocytes"
"CD151",15.149025970198,0.828776526254488,0.196321322230589,4.22153089047072,2.4264869364598e-05,0.000206734592727709,"CD151","Astrocytes"
"RNF125",9.06112667432719,2.08866872348037,0.494786142972384,4.22135654594707,2.42836476989496e-05,0.000206734592727709,"RNF125","Astrocytes"
"ATP13A2",10.7752894447815,0.767699563172694,0.181906961787768,4.22028687427793,2.43991630929904e-05,0.00020736776704221,"ATP13A2","Astrocytes"
"PIK3CA",16.9375480429963,-0.748788060385585,0.177421109080809,-4.22040006549919,2.43869147208042e-05,0.00020736776704221,"PIK3CA","Astrocytes"
"CACNB1",9.99781063055124,1.05036109018878,0.248921493647481,4.21964802957629,2.44684020007796e-05,0.000207813595319378,"CACNB1","Astrocytes"
"CEP192",19.7125270681051,-0.692773473350803,0.164191230147998,-4.21930862401331,2.45052632585712e-05,0.000207984012975249,"CEP192","Astrocytes"
"CSE1L",6.34854918616054,0.953305596525397,0.225951090229884,4.21907942801027,2.45301850454138e-05,0.000208052932477643,"CSE1L","Astrocytes"
"PCSK4",6.97367333626179,0.883510444804413,0.20945933114698,4.21805244944873,2.46421506485897e-05,0.000208859515045508,"PCSK4","Astrocytes"
"RSU1",10.5113902106981,0.85158929060118,0.201924205700303,4.21737100635233,2.4716712640937e-05,0.000209306453542961,"RSU1","Astrocytes"
"SLC47A2",2.32796492360856,3.19303177581536,0.757133886796879,4.21726174392188,2.47286878408586e-05,0.000209306453542961,"SLC47A2","Astrocytes"
"PNPLA2",13.2155736853047,1.19074595223527,0.282476490832368,4.21538071620234,2.49357165775109e-05,0.000210914602718113,"PNPLA2","Astrocytes"
"COLEC12",104.116869445844,1.53723733458384,0.364687579060028,4.21521714160385,2.49537975575853e-05,0.00021092346427002,"COLEC12","Astrocytes"
"KPNA5",19.5515172779014,-0.664108456211201,0.157615670553208,-4.21346718813097,2.51480134918539e-05,0.000212420089406294,"KPNA5","Astrocytes"
"MLLT3",42.4316468044583,-0.620266515441598,0.147304770296091,-4.21077005310029,2.54501692840977e-05,0.000214825798394671,"MLLT3","Astrocytes"
"EMC2",29.4122006435906,-0.493128003921284,0.117124120389949,-4.21030273080796,2.55028724157379e-05,0.000215124025288884,"EMC2","Astrocytes"
"ELOF1",4.47689662198812,-1.31515910921327,0.312477291373233,-4.20881499399071,2.56713468293003e-05,0.000216347194153469,"ELOF1","Astrocytes"
"MSN",16.915853948147,1.48201220934988,0.352129464569799,4.20871400568672,2.56828212392473e-05,0.000216347194153469,"MSN","Astrocytes"
"STOX1",33.4859143344193,0.519408795732143,0.123443595576734,4.20766094267946,2.58027625007845e-05,0.000217209794729582,"STOX1","Astrocytes"
"HIPK1",10.4541975697208,0.993729220681055,0.236227776366888,4.20665696458016,2.59176090501217e-05,0.000217741753169867,"HIPK1","Astrocytes"
"MTARC1",4.12677045901055,-1.84355054707537,0.438217174269072,-4.20693358298962,2.58859178287227e-05,0.000217741753169867,"MTARC1","Astrocytes"
"TMEM14A",6.03822795481148,-1.1619541611369,0.276218578214124,-4.20664739008308,2.59187066278271e-05,0.000217741753169867,"TMEM14A","Astrocytes"
"DANT2",83.8916722647261,-0.56953042399896,0.135399583773202,-4.20629375754165,2.59592764715266e-05,0.000217934725794518,"DANT2","Astrocytes"
"RHBDL2",16.4955261002818,1.94420962203196,0.462260164974597,4.20587748922473,2.60071094800565e-05,0.000218188371742236,"RHBDL2","Astrocytes"
"ENSG00000226022",5.35496451583318,-2.21336140268526,0.526337539291376,-4.2052128861361,2.60836522044613e-05,0.00021853441491735,"ENSG00000226022","Astrocytes"
"WDR55",4.0204695784796,1.13392193552118,0.269645818768636,4.20522721509033,2.6081999672967e-05,0.00021853441491735,"WDR55","Astrocytes"
"ZCWPW2",9.52448838805654,-1.18324738438206,0.281434492673452,-4.20434387107974,2.61840604464874e-05,0.00021922732962059,"ZCWPW2","Astrocytes"
"ABTB1",5.41808787022344,-1.41349865288445,0.3362155478664,-4.20414422192672,2.62071802962104e-05,0.000219272644329712,"ABTB1","Astrocytes"
"LINC01091",0.845986399656742,-2.76656867300014,0.658107846295319,-4.20382265395249,2.62444594605834e-05,0.000219436287306147,"LINC01091","Astrocytes"
"RPL7L1",5.77363074335469,-1.21061403833962,0.288127434703509,-4.20166180837787,2.64962760319738e-05,0.000221392298315743,"RPL7L1","Astrocytes"
"TRPS1",241.522676353252,-0.366408968478984,0.0872711705861837,-4.19851098613534,2.68675820855337e-05,0.00022434340456181,"TRPS1","Astrocytes"
"ARL8A",8.96234930054065,0.807004545179826,0.192254918819668,4.19757554258875,2.69787677776921e-05,0.000224968404977213,"ARL8A","Astrocytes"
"C3orf14",6.22081059656472,-1.26634450934756,0.301674897252624,-4.19771257363556,2.69624531250473e-05,0.000224968404977213,"C3orf14","Astrocytes"
"ENSG00000287134",46.3685752853714,-0.57263516695353,0.136438241342341,-4.19702835011422,2.70440090926176e-05,0.000225360676038953,"ENSG00000287134","Astrocytes"
"ENSG00000258666",9.17269678080415,4.02783202138806,0.959813932940991,4.19647171514408,2.71105301398872e-05,0.000225763076477621,"ENSG00000258666","Astrocytes"
"HNRNPM",28.3351294445267,0.818161435313208,0.194989334821969,4.19592915715218,2.71755186220754e-05,0.000226152182188952,"HNRNPM","Astrocytes"
"MORN2",2.70265529154765,-2.58933249442161,0.617201007141977,-4.19528235446637,2.72531872694167e-05,0.000226646217566949,"MORN2","Astrocytes"
"TMEM25",3.42330023639272,-1.67587491100329,0.399541884951422,-4.19449117633074,2.73484796654257e-05,0.000227133617502995,"TMEM25","Astrocytes"
"ENSG00000289127",1.81212066761974,-2.31017304926774,0.550763214402785,-4.19449409266149,2.73481278308153e-05,0.000227133617502995,"ENSG00000289127","Astrocytes"
"GPN1",3.44399687335522,1.76991059560141,0.42218503137542,4.19226278543152,2.76185809832977e-05,0.0002291914132953,"GPN1","Astrocytes"
"PSMB3",6.36250163503205,0.9464293020068,0.225762690789946,4.19214219451068,2.76332698094066e-05,0.0002291914132953,"PSMB3","Astrocytes"
"RGS5-AS1",1.4106105551146,-2.37636473957132,0.567169459717142,-4.18986724136462,2.79117708961505e-05,0.000230571925192811,"RGS5-AS1","Astrocytes"
"QARS1",14.6500165132563,0.884555377511464,0.211122066512633,4.18978173206985,2.79222908560707e-05,0.000230571925192811,"QARS1","Astrocytes"
"LINC00903",14.5467367259647,-1.40533153445296,0.335435953435734,-4.18956739746804,2.79486763881458e-05,0.000230571925192811,"LINC00903","Astrocytes"
"NELFE",7.56124035423537,0.910337133488754,0.217251563681612,4.19024433270766,2.78654233790288e-05,0.000230571925192811,"NELFE","Astrocytes"
"GLCCI1",25.1488095563957,-0.594565498938723,0.141891319713912,-4.19028803268244,2.78600570390299e-05,0.000230571925192811,"GLCCI1","Astrocytes"
"EXT1",38.9967115902427,-0.493880264488574,0.117871744531667,-4.18998010465425,2.7897891422925e-05,0.000230571925192811,"EXT1","Astrocytes"
"BEGAIN",5.71824977863049,-1.37313068179049,0.327728311291998,-4.18984455867489,2.79145611142422e-05,0.000230571925192811,"BEGAIN","Astrocytes"
"ENSG00000258631",32.272309472861,0.84186511386197,0.200939864851959,4.18963710601781,2.79400923590803e-05,0.000230571925192811,"ENSG00000258631","Astrocytes"
"WFDC1",1.67369443490729,-2.32407421823624,0.554778831985716,-4.18919051023937,2.79951303627659e-05,0.000230801397657877,"WFDC1","Astrocytes"
"ARHGAP31",49.1355073301388,-0.489214148023019,0.116850046971557,-4.18668336643546,2.83060267870077e-05,0.000232917846668217,"ARHGAP31","Astrocytes"
"MEF2C-AS1",72.7814580805823,-0.863796347440934,0.206324231078399,-4.18659671201057,2.83168307672115e-05,0.000232917846668217,"MEF2C-AS1","Astrocytes"
"CDC16",29.7438907468749,-0.478430478384337,0.114277518916202,-4.18656690241204,2.8320548301982e-05,0.000232917846668217,"CDC16","Astrocytes"
"EGLN3",56.6007237667766,-0.944946083530514,0.225711885635564,-4.18651450662296,2.83270836697355e-05,0.000232917846668217,"EGLN3","Astrocytes"
"TBC1D19",15.1413446785473,-0.632612624866826,0.151129079323695,-4.18590934119216,2.84026704121222e-05,0.000233384384680365,"TBC1D19","Astrocytes"
"EPC2",20.0235976079444,0.717832561910631,0.171529628883043,4.1848896111125,2.8530471301107e-05,0.00023427906241486,"EPC2","Astrocytes"
"SOBP",51.2134280036317,-0.531948315575296,0.127130585119497,-4.18426702807425,2.86087670532759e-05,0.00023459440679976,"SOBP","Astrocytes"
"ENSG00000281333",1.66879860388955,-2.13565855892487,0.510436816061046,-4.1839822123439,2.86446534023449e-05,0.00023459440679976,"LOC105369885","Astrocytes"
"SLC12A4",6.29979598392519,0.980298760337476,0.234293162329035,4.18406901248262,2.863371218584e-05,0.00023459440679976,"SLC12A4","Astrocytes"
"NR1H2",7.36212331617079,0.917545703473551,0.219295819935569,4.18405468806078,2.86355175151966e-05,0.00023459440679976,"NR1H2","Astrocytes"
"FAM200A",9.83104942055469,-0.787862688623826,0.188316502366481,-4.18371559965877,2.86782849696422e-05,0.000234714608578373,"FAM200A","Astrocytes"
"GUCY1A2",2.66241634363211,-1.77897488159453,0.425304362135406,-4.18282773461927,2.87905545892922e-05,0.000235477831888511,"GUCY1A2","Astrocytes"
"PTN",131.814233286841,-0.919657096297278,0.219928350875786,-4.18162139003486,2.89437652501826e-05,0.000236408396137749,"PTN","Astrocytes"
"SFSWAP",19.1503062046508,0.59123736509186,0.141386029571854,4.18172408463727,2.89306924983509e-05,0.000236408396137749,"SFSWAP","Astrocytes"
"NUDT7",2.44791714723497,-1.93202377680829,0.462042904008851,-4.18148133007855,2.89616035646423e-05,0.000236408396137749,"NUDT7","Astrocytes"
"TFAP2C",2.47076167352789,-1.94824538498505,0.465939534319536,-4.18132663464648,2.89813180278705e-05,0.000236413479011278,"TFAP2C","Astrocytes"
"TMC6",7.09088639015965,0.886234484499402,0.211994473174955,4.18046032628411,2.90919567586857e-05,0.000237159776525876,"TMC6","Astrocytes"
"P4HB",21.2289127661212,0.778628319563892,0.186272153732253,4.1800575338979,2.91435351563503e-05,0.000237423944632293,"P4HB","Astrocytes"
"CES2",5.86697522983514,1.14107547190809,0.273060150218138,4.17884290694384,2.92995974336557e-05,0.000238538405667954,"CES2","Astrocytes"
"SGTB",3.79666217101224,1.29594713375006,0.310226334906827,4.17742463462777,2.9482830537425e-05,0.000239831357929623,"SGTB","Astrocytes"
"BBLN",6.58123936432978,1.25370062991088,0.300121220250031,4.17731418280393,2.94971459361072e-05,0.000239831357929623,"BBLN","Astrocytes"
"PITPNA-AS1",1.78951014477872,-2.29557384482082,0.549864163790049,-4.1748016982924,2.98245731152813e-05,0.000242175533696084,"PITPNA-AS1","Astrocytes"
"PNKP",9.57304338147319,-0.793388904681887,0.190036182465547,-4.17493602738376,2.98069802819399e-05,0.000242175533696084,"PNKP","Astrocytes"
"ZNF830",2.87428946504438,-2.13176275356376,0.510766132009828,-4.17365721798237,2.99748643495312e-05,0.000243236399240003,"ZNF830","Astrocytes"
"MTERF2",6.81295343066344,-0.998714958188112,0.239357918701746,-4.17247511009889,3.01308522967902e-05,0.000244342072030879,"MTERF2","Astrocytes"
"CSNK1G3",10.3814468231382,-0.90340166503275,0.216525573509337,-4.17226312065994,3.0158907339646e-05,0.000244409521980914,"CSNK1G3","Astrocytes"
"AFF3",8.74207295661705,-0.987924590223664,0.236805303604369,-4.17188540622465,3.02089562453729e-05,0.000244655006662167,"AFF3","Astrocytes"
"MAD1L1",6.60200977206497,0.868523932569973,0.208213683465888,4.1713105407516,3.02852800883625e-05,0.000245112825708623,"MAD1L1","Astrocytes"
"ENSG00000291136",20.9541507716249,0.650903070461993,0.156065163824206,4.17071340273719,3.03647550482689e-05,0.000245595533483157,"RABGEF1P1","Astrocytes"
"TPPP3",12.275018845879,-1.35385649605704,0.324696013881487,-4.16961230867217,3.05118230684156e-05,0.000246463082228434,"TPPP3","Astrocytes"
"KLF2",3.74400956724514,1.74623156563329,0.418787814578076,4.16972869039324,3.04962465681421e-05,0.000246463082228434,"KLF2","Astrocytes"
"YWHAB",10.0898605529767,-0.783580213049619,0.1879660290754,-4.16873313174742,3.0629736417565e-05,0.000247254254275559,"YWHAB","Astrocytes"
"NFASC",27.5478909062847,0.610542220008072,0.146543955286413,4.16627365362696,3.09619008909574e-05,0.000249638285789829,"NFASC","Astrocytes"
"ENSG00000273080",1.48454368731999,-2.45946477977087,0.590351903609893,-4.1660995157832,3.09855483533043e-05,0.000249638285789829,"ENSG00000273080","Astrocytes"
"PLXNA1",8.04671931371848,1.50063352037648,0.360198136203712,4.16613349583737,3.09809326037695e-05,0.000249638285789829,"PLXNA1","Astrocytes"
"SLC2A12",4.36956741499036,-1.35651243103487,0.325672233445753,-4.1652689167952,3.10985778722592e-05,0.000250386014169172,"SLC2A12","Astrocytes"
"PTCD1",8.17854850418107,1.06167135870007,0.25490990176605,4.16488865808926,3.11504548549431e-05,0.000250477975629065,"PTCD1","Astrocytes"
"ADCY6",5.57120194471861,-1.16724310180591,0.280249166255941,-4.16501899862892,3.11326638266266e-05,0.000250477975629065,"ADCY6","Astrocytes"
"TRAF7",8.71480177551151,1.32800778881727,0.318906389573213,4.16425582000574,3.12369724521464e-05,0.000250853940886646,"TRAF7","Astrocytes"
"TRAPPC5",13.7131190184689,0.747109892907331,0.179410419158895,4.16425030614109,3.12377272750713e-05,0.000250853940886646,"TRAPPC5","Astrocytes"
"ZNF506",9.59994516777668,0.764597600621944,0.1836470439081,4.1634081570328,3.13532173460843e-05,0.000251618205052859,"ZNF506","Astrocytes"
"LY6G5B",3.76053863588343,1.22409849427361,0.294038131652941,4.16306037381041,3.14010296779832e-05,0.00025183869851196,"LY6G5B","Astrocytes"
"ENSG00000263089",3.84248668335175,-1.37324981065987,0.33016550316323,-4.15927708226061,3.19256426292661e-05,0.000255880409500455,"ENSG00000263089","Astrocytes"
"MSH4",2.08462688754286,-2.08495391697802,0.501353478568922,-4.15865054517897,3.2013321605954e-05,0.000256417180754546,"MSH4","Astrocytes"
"NPAS3",1419.44111843903,-0.391608245058996,0.0941942058569033,-4.15745577444449,3.21811549432761e-05,0.000257594855631925,"NPAS3","Astrocytes"
"BCAT2",39.9688619826299,0.717949355766737,0.172777786372804,4.15533368518573,3.24813146794911e-05,0.000259829534674508,"BCAT2","Astrocytes"
"ITGB8",51.3022747078745,1.17159296179566,0.281973308401694,4.15497824399262,3.25318495337863e-05,0.000260065779713929,"ITGB8","Astrocytes"
"VPS26A",9.51403709614353,0.750060879624184,0.180586075770378,4.1534812494509,3.27455056498802e-05,0.000261604900943527,"VPS26A","Astrocytes"
"ZNF746",2.20998686726579,-1.85678801651292,0.447083647891947,-4.15311100119161,3.27985539816687e-05,0.000261691039919461,"ZNF746","Astrocytes"
"OSBP2",15.3618697972335,0.690957444738575,0.166367475037088,4.15320028499886,3.278575413521e-05,0.000261691039919461,"OSBP2","Astrocytes"
"ARFGAP3",15.0435411756286,1.08978417096808,0.262437782793371,4.15254297368498,3.28800984092699e-05,0.000262172735738564,"ARFGAP3","Astrocytes"
"PGF",9.82634620413655,4.12162686786325,0.992911454656365,4.15105178667688,3.30950864536906e-05,0.000263717152867471,"PGF","Astrocytes"
"SLC29A2",5.4473879528832,1.44041559949563,0.347077206060455,4.15013021409633,3.32286187290791e-05,0.000264610923294011,"SLC29A2","Astrocytes"
"ENSG00000236501",2.87755684017412,-1.8440060048242,0.444343645772768,-4.14995470817918,3.3254106798857e-05,0.000264643704685248,"ENSG00000236501","Astrocytes"
"UPP2",23.8645574931069,-0.805786070712811,0.194177038537296,-4.14974951097549,3.32839303734679e-05,0.00026471092473645,"UPP2","Astrocytes"
"PSME2",13.4789217377859,-0.745146534073349,0.179588815437577,-4.14918118512983,3.33666641328227e-05,0.00026519858918918,"PSME2","Astrocytes"
"KHDRBS1",17.3429414559878,0.705767924177548,0.170127384177888,4.1484675003266,3.34708351526335e-05,0.000265855902306004,"KHDRBS1","Astrocytes"
"CASP6",3.66999398795902,1.18661730740967,0.286053783781345,4.14823146795604,3.3505354888055e-05,0.000265959493319734,"CASP6","Astrocytes"
"ENSG00000232555",8.7774546623875,-0.879143980398798,0.212267904784043,-4.1416717298511,3.44783577428669e-05,0.000273507689897451,"ENSG00000232555","Astrocytes"
"HYPK",4.60746738999288,1.51278364662552,0.36531796627594,4.14100533309893,3.45786919842319e-05,0.000274128004379478,"HYPK","Astrocytes"
"CACNA1E",1.71519107442266,-2.16468081505113,0.523106788085923,-4.13812411605634,3.50156947487737e-05,0.000277414810028192,"CACNA1E","Astrocytes"
"AMPH",4.39994144511603,-1.323443175089,0.319938257076898,-4.13655805710945,3.52554185560273e-05,0.000279135452672178,"AMPH","Astrocytes"
"HCCS-DT",4.89762846321159,-1.12937076089243,0.273093583453702,-4.13547160870552,3.54226409588295e-05,0.000280280231944528,"HCCS-DT","Astrocytes"
"EXOC3",14.3396278747731,0.906898967676446,0.219348904337364,4.13450420651116,3.55721738512371e-05,0.000281283671008857,"EXOC3","Astrocytes"
"LDLRAD4",54.6099539019441,-0.559088711582993,0.135237233959904,-4.13413299882158,3.56297109871159e-05,0.000281558845662703,"LDLRAD4","Astrocytes"
"ENSG00000228113",13.6129013920487,1.16569824300747,0.281979857719523,4.13397698840943,3.56539189433007e-05,0.000281570458083477,"ENSG00000228113","Astrocytes"
"XRN1",34.2329170310578,0.486388760004429,0.117669979487532,4.13349914840401,3.57281620422615e-05,0.000281976947462922,"XRN1","Astrocytes"
"SEC24B",25.3152226414168,0.502865858663739,0.121679821176168,4.13269721966217,3.58530895725131e-05,0.000282782680367153,"SEC24B","Astrocytes"
"HSD17B7P2",24.0652991511816,1.72816545080063,0.418610863654552,4.12833397517068,3.65401129537845e-05,0.000288017962257615,"HSD17B7P2","Astrocytes"
"RTRAF",4.65221992852325,-1.54384276709116,0.37400192566581,-4.12790058324637,3.66090318483407e-05,0.000288377634464378,"RTRAF","Astrocytes"
"ZNF141",8.31161530265893,0.871406486786632,0.211192406547516,4.1261260337529,3.68925138029162e-05,0.000290425936695175,"ZNF141","Astrocytes"
"C17orf58",2.00735798501129,-2.13202454513747,0.516882452288154,-4.12477640844517,3.71095086346527e-05,0.000291948567613027,"C17orf58","Astrocytes"
"SUMF1",39.9201379328475,-0.861072737373716,0.208789265641702,-4.12412359767279,3.72149028342271e-05,0.000292591836061101,"SUMF1","Astrocytes"
"RAP2C-AS1",10.2978865304324,-1.42140655353744,0.344692288195741,-4.12369699646506,3.72839296881162e-05,0.000292948541451741,"RAP2C-AS1","Astrocytes"
"B3GNT5",3.89319987572662,1.27255044565118,0.308715742158404,4.12207824827483,3.75469609540872e-05,0.000294828165817668,"B3GNT5","Astrocytes"
"PSD2",50.8685438065633,-0.491768325157522,0.119325689389725,-4.12122760549386,3.76858874879624e-05,0.000295672235738644,"PSD2","Astrocytes"
"TSPAN12",3.68769564444138,-1.48488422004437,0.360310155334024,-4.12112786182175,3.77022094994201e-05,0.000295672235738644,"TSPAN12","Astrocytes"
"TUB",5.71320312381148,-1.26654810258041,0.307476151739517,-4.11917508208371,3.80231165541123e-05,0.000298000159676944,"TUB","Astrocytes"
"ENSG00000258162",5.08536948593565,-1.49598060673108,0.363410704390938,-4.11650121654584,3.84667300325273e-05,0.000301286222639333,"PPFIA2-AS2","Astrocytes"
"SUPT7L",7.64466871181352,-0.925995527244087,0.224972737502317,-4.11603440276646,3.85446797639088e-05,0.000301705922576791,"SUPT7L","Astrocytes"
"TSHZ1",10.6291050713362,-0.782023130434904,0.19001732616741,-4.115535915635,3.86280839188514e-05,0.000302167759423334,"TSHZ1","Astrocytes"
"COX11",7.15129906954419,-1.26603983650591,0.307647231015812,-4.11523234688513,3.86789592840409e-05,0.000302374717685782,"COX11","Astrocytes"
"SMS",23.2858735290826,0.633155051558188,0.153912721169689,4.11372787607422,3.89320349779531e-05,0.000304161128789901,"SMS","Astrocytes"
"ENSG00000259692",5.3469857731081,-3.81854097176752,0.928307869508789,-4.11344242270411,3.89802297850372e-05,0.000304345640244714,"ENSG00000259692","Astrocytes"
"GGCT",9.51987827349533,1.02388488020216,0.249090001887469,4.11050171602118,3.94800346282448e-05,0.000308053729553595,"GGCT","Astrocytes"
"QSOX1",3.91224173223965,-1.61935618210078,0.394026417728243,-4.10976551124964,3.96061091817577e-05,0.000308842852643392,"QSOX1","Astrocytes"
"TBL1XR1",42.5443012833859,-0.381372331376421,0.0928344817985937,-4.10808919258919,3.98946045954842e-05,0.000310896720393884,"TBL1XR1","Astrocytes"
"ASPDH",2.09660176112834,-2.24147416344764,0.545705923959933,-4.10747632567796,4.0000576327395e-05,0.000311526501045367,"ASPDH","Astrocytes"
"MDGA2",5.36420172207443,-1.32769616895201,0.323411221663739,-4.10528788123641,4.03811677323414e-05,0.000314292897567306,"MDGA2","Astrocytes"
"CTXND1",22.1239115840189,-1.22428507421234,0.298242385188536,-4.10500027834205,4.04314393528199e-05,0.000314486503458523,"CTXND1","Astrocytes"
"NR4A3",9.59632891988318,-1.82844887384801,0.445499987245579,-4.10426246059597,4.05606781435023e-05,0.000315293708381035,"NR4A3","Astrocytes"
"NIM1K",27.6266292691398,1.00590396256986,0.24521421503146,4.10214376210126,4.09339795909539e-05,0.000317995902932736,"NIM1K","Astrocytes"
"MPHOSPH8",42.8919571439313,0.539515335855515,0.131564620072003,4.10076307414751,4.11790001897372e-05,0.000319698783291233,"MPHOSPH8","Astrocytes"
"EIF3A",13.4334073459551,0.685420019720647,0.167220197888079,4.09890688073101,4.15105990194733e-05,0.000322071270462492,"EIF3A","Astrocytes"
"LINC02315",2.31013715953584,-2.91083112446613,0.710174192116544,-4.09875655406588,4.15375646715586e-05,0.000322078687118291,"LINC02315","Astrocytes"
"STXBP4",14.0764874297063,-0.637950023622054,0.155716029575157,-4.09688087580056,4.18754250557335e-05,0.000324495236836763,"STXBP4","Astrocytes"
"TSHR",2.83154391193487,-1.9635646462171,0.479341742909988,-4.09637732423781,4.19665712927698e-05,0.000324998156546822,"TSHR","Astrocytes"
"CCDC92",20.171199864784,0.604513722120296,0.14763601454679,4.09462233165816,4.2285710194924e-05,0.00032726496833984,"CCDC92","Astrocytes"
"HS6ST1",15.1928612679266,0.631428539323561,0.154230776654697,4.09405018258611,4.23902501162863e-05,0.000327869123791364,"HS6ST1","Astrocytes"
"ENSG00000225279",1.69513555993585,-2.08427021856902,0.509241487368875,-4.09289162463556,4.26026868356694e-05,0.000329306536258486,"ENSG00000225279","Astrocytes"
"DHX34",5.55277857271597,1.2250336014623,0.299385382333012,4.09182837156581,4.279853661088e-05,0.000330614022989724,"DHX34","Astrocytes"
"ENSG00000273748",15.5638269158256,-0.807793094077797,0.19748234419976,-4.09045728797248,4.3052349409622e-05,0.000332367358316303,"ENSG00000273748","Astrocytes"
"SMAD4",22.9060449176924,0.468474628308746,0.114544720389459,4.08988407947485,4.3158883555402e-05,0.000332982214994731,"SMAD4","Astrocytes"
"TSGA10",9.93129702454767,-1.0146408661521,0.248110040849688,-4.08947925959512,4.32342723145829e-05,0.00033335616069208,"TSGA10","Astrocytes"
"TTC23L",2.84148432672046,-2.08550626617416,0.510186073839389,-4.08773655948653,4.35602404303405e-05,0.000335660521001186,"TTC23L","Astrocytes"
"MYO10",44.9641217446218,-0.838703641643121,0.205223822399148,-4.08677526730739,4.37410442328992e-05,0.000336844123592034,"MYO10","Astrocytes"
"FAM234A",10.163518445188,0.761586504570539,0.186385650834858,4.08607905790625,4.38724343964647e-05,0.000337483144298623,"FAM234A","Astrocytes"
"TSPOAP1",17.9447955669468,-0.973374909894087,0.238219227176596,-4.08604679576308,4.38785320456095e-05,0.000337483144298623,"TSPOAP1","Astrocytes"
"SCML1",40.0187566479815,1.50777116455528,0.369019735534732,4.08588218830744,4.39096559020015e-05,0.000337512892013957,"SCML1","Astrocytes"
"STAU2",37.1313030233943,-0.580827420691804,0.142177489236672,-4.08522772353186,4.40336088847775e-05,0.000338255694057196,"STAU2","Astrocytes"
"SIRT6",6.7027377856391,0.893611212933459,0.218755635781295,4.08497458701755,4.40816408710309e-05,0.000338414729637927,"SIRT6","Astrocytes"
"RAP1A",18.2726777801075,0.525198793463796,0.128592090122205,4.08422316617361,4.42245138786197e-05,0.000339301211498728,"RAP1A","Astrocytes"
"SLC9A8",16.0888228157462,0.69271284804286,0.169615593653326,4.08401629309321,4.4263925173147e-05,0.000339393303665065,"SLC9A8","Astrocytes"
"PLEKHA8",18.7804843712347,0.942779627118659,0.231176882364313,4.0781743290098,4.53907274475201e-05,0.000347817684395199,"PLEKHA8","Astrocytes"
"NSMF",56.6464779093448,0.437913066312087,0.107406941272001,4.07713934617224,4.55931712045174e-05,0.00034893710693791,"NSMF","Astrocytes"
"OGFOD1",7.82231627193427,1.28229797093447,0.31450102123205,4.07724580960373,4.55723073996107e-05,0.00034893710693791,"OGFOD1","Astrocytes"
"BCL2",123.944890888884,-0.453798398761057,0.111309176011836,-4.07691813937066,4.56365504143934e-05,0.000349053368611139,"BCL2","Astrocytes"
"MRPS24",5.70885132465288,-1.26758132827297,0.31098343365147,-4.07604132924198,4.58088804383857e-05,0.000350155164486747,"MRPS24","Astrocytes"
"CNOT1",10.6052900729972,0.676795873898916,0.166093545692088,4.0747873198733,4.60564187050578e-05,0.000351830125123214,"CNOT1","Astrocytes"
"LINC02207",3.72703292703901,1.64181842309963,0.403111941284638,4.07285980630463,4.64393797501314e-05,0.000354536892383402,"LINC02207","Astrocytes"
"NAV1",77.4194118070072,0.809532471658278,0.198779790192788,4.07250893500365,4.65094154077681e-05,0.000354852797901659,"NAV1","Astrocytes"
"TBCA",36.6608786574105,0.638855974412228,0.156946755867818,4.07052679031019,4.69069461775748e-05,0.000357665464604008,"TBCA","Astrocytes"
"ENSG00000229642",4.44426772163614,-1.92758451519456,0.473626250922996,-4.0698430702228,4.70448160312908e-05,0.000358495973486446,"ENSG00000229642","Astrocytes"
"ZNF189",6.10831194480284,-1.00008558469087,0.245817980334314,-4.06839883449837,4.73373053550898e-05,0.000360502984140269,"ZNF189","Astrocytes"
"ARHGEF6",16.3542100246591,-0.623728458783902,0.153360522378196,-4.06707312358882,4.76073078494261e-05,0.000362336381745202,"ARHGEF6","Astrocytes"
"GPANK1",4.08075218987191,1.15876028074101,0.284948235660557,4.06656415350252,4.77113552343798e-05,0.000362905228419733,"GPANK1","Astrocytes"
"IL6ST",43.0020144252036,0.759410335157187,0.186814283978103,4.06505497859147,4.80211407120696e-05,0.000365037314571859,"IL6ST","Astrocytes"
"TRIB1",4.58321078364672,-1.66959657274703,0.410794591911756,-4.0643100119139,4.81747606906209e-05,0.000365845411404756,"TRIB1","Astrocytes"
"FMR1",8.31028741253844,-0.845281641820412,0.207979582162551,-4.06425300518088,4.81865352500329e-05,0.000365845411404756,"FMR1","Astrocytes"
"SMNDC1",4.42318028709053,1.19536702799192,0.294127911272273,4.06410606467529,4.82168979255571e-05,0.000365851621943734,"SMNDC1","Astrocytes"
"STON2",112.290535656311,-0.337014655851032,0.0829472140199319,-4.06300151045518,4.84457159728755e-05,0.000367362707221137,"STON2","Astrocytes"
"CFAP68",2.50397108053247,-2.48347837867488,0.611324617932698,-4.06245439137262,4.8559437350182e-05,0.000367999701779255,"CFAP68","Astrocytes"
"SLC37A1",8.16921184755627,1.09012295732896,0.268366566114807,4.06206694489138,4.86401230115839e-05,0.000368385714527489,"SLC37A1","Astrocytes"
"SYTL2",14.431611920419,2.0886489347923,0.514403749718243,4.06032991776659,4.90034233631178e-05,0.000370910386005799,"SYTL2","Astrocytes"
"RILP",3.15276875716319,1.23479070806654,0.304173680373186,4.05949228267085,4.91795331988696e-05,0.000372015980208676,"RILP","Astrocytes"
"HEATR3",3.79184981540469,1.20564723982567,0.297036902757016,4.05891398891914,4.9301467337749e-05,0.000372710665472128,"HEATR3","Astrocytes"
"UQCRB",52.2791831331762,-0.88268031354321,0.217553237809001,-4.05730717884397,4.96417719066956e-05,0.00037505433893875,"UQCRB","Astrocytes"
"ZNF117",8.10362772276501,-1.41028537358984,0.347612370960058,-4.05706324459865,4.96936287415716e-05,0.000375217197992001,"ZNF117","Astrocytes"
"LINC02649",77.0361594073325,1.4643896764586,0.361141645598112,4.05489008068654,5.01578833057296e-05,0.000378491815341164,"LINC02649","Astrocytes"
"ENSG00000285658",3.54731385010546,1.4042746015429,0.346465152272413,4.05314818050957,5.05329718717633e-05,0.000381090006509163,"ENSG00000285658","Astrocytes"
"TFB1M",8.29615482439689,-1.01752725753528,0.25110272965597,-4.0522349515251,5.0730680950578e-05,0.000382348157158252,"TFB1M","Astrocytes"
"TNPO1",21.3028581843065,0.477733613238279,0.117936560157121,4.05076773989184,5.10498601702544e-05,0.000384519719275097,"TNPO1","Astrocytes"
"C1R",13.7397259111926,1.40308517549562,0.346486465611833,4.04946603907898,5.13346264038e-05,0.000386429591950307,"C1R","Astrocytes"
"PRKCI",11.6152100873121,0.86697207671659,0.214202554124291,4.04744042507322,5.17807553010703e-05,0.000389551089242499,"PRKCI","Astrocytes"
"ENSG00000225339",10.7373399860601,1.54716644166416,0.382484959754409,4.04503864062415,5.23144947000931e-05,0.000393168642275501,"SMIM29-AS1","Astrocytes"
"KCNQ2",8.86602001332189,-1.12612664986712,0.278400280307633,-4.0449910776769,5.23251168917084e-05,0.000393168642275501,"KCNQ2","Astrocytes"
"CSTF2",3.47479405318727,1.10971830634412,0.274385028744204,4.0443835854421,5.24609674914231e-05,0.000393950370191809,"CSTF2","Astrocytes"
"ENSG00000279168",8.24402869370797,0.95430895567192,0.235977878826934,4.04406108070752,5.25332234409646e-05,0.00039425388234513,"ENSG00000279168","Astrocytes"
"BMPR1A",75.1824395592033,0.832308740986191,0.205834148108353,4.04358921313706,5.26391135166812e-05,0.000394809292960063,"BMPR1A","Astrocytes"
"EXT2",19.6087561615968,0.945286241844107,0.233868081521227,4.04196346801737,5.30054919870002e-05,0.000397076229446475,"EXT2","Astrocytes"
"CSNK2A2",5.84729416353349,0.895231510701635,0.221481714301032,4.04201093316832,5.29947610654267e-05,0.000397076229446475,"CSNK2A2","Astrocytes"
"NOL9",5.95164408568666,1.0489612830205,0.2595443914557,4.04154864274747,5.30993633555886e-05,0.000397298741046679,"NOL9","Astrocytes"
"ENTPD5",4.02063245227671,1.02421957898795,0.253420663604798,4.04157879005947,5.30925359752022e-05,0.000397298741046679,"ENTPD5","Astrocytes"
"INTS11",23.4200359016668,0.680421738682282,0.16837551070108,4.04109680706624,5.3201789085527e-05,0.000397824730824928,"INTS11","Astrocytes"
"B3GAT1-DT",1.72081830227493,-1.92848717764094,0.477429013401031,-4.03931709952668,5.36070512437846e-05,0.000400613226042115,"B3GAT1-DT","Astrocytes"
"SLC9B1",4.42964070494742,-1.24792707193435,0.308984395470499,-4.03880289823083,5.37246850042134e-05,0.000401154106812676,"SLC9B1","Astrocytes"
"CTPS2",9.17050979331019,0.844163450480013,0.209017695967489,4.03871761466223,5.37442189455083e-05,0.000401154106812676,"CTPS2","Astrocytes"
"SLC25A5-AS1",1.9930380873028,-1.9159586525019,0.474476124529746,-4.03805071203702,5.38972031887437e-05,0.000402053654871213,"SLC25A5-AS1","Astrocytes"
"ARID1A",49.9514491163814,0.457566436194946,0.113362394271643,4.03631591529822,5.42970921144319e-05,0.000404699421283769,"ARID1A","Astrocytes"
"LMCD1-AS1",95.8967296615204,-0.292976290621336,0.07258772749721,-4.03616838166751,5.43312295552858e-05,0.000404699421283769,"LMCD1-AS1","Astrocytes"
"RGS3",6.69961358833351,0.931824598433379,0.230873233455747,4.0360876160726,5.43499263179284e-05,0.000404699421283769,"RGS3","Astrocytes"
"TM9SF3",21.1259842058534,0.666771024700526,0.165221962110886,4.03560771329559,5.44611467851097e-05,0.000405283882596162,"TM9SF3","Astrocytes"
"DST-AS1",19.6961131643438,-0.977511721701643,0.242269404253114,-4.03481291711262,5.46458201912575e-05,0.000406413928785791,"DST-AS1","Astrocytes"
"MXD4",24.3491557684949,-0.610690453195539,0.15137992471677,-4.03415746399751,5.47985630122703e-05,0.000406998679328522,"MXD4","Astrocytes"
"SAP30-DT",9.38295660580329,-1.03970165274577,0.257727003219772,-4.03411997872485,5.48073105691035e-05,0.000406998679328522,"SAP30-DT","Astrocytes"
"BAZ1A",11.6628075664572,0.740715794045654,0.183615801637959,4.03405255668652,5.48230474941432e-05,0.000406998679328522,"BAZ1A","Astrocytes"
"FKBP4",10.736332086693,1.78027816933414,0.441436147953988,4.03292339692966,5.50872408292552e-05,0.000408714980939884,"FKBP4","Astrocytes"
"ZNF496-DT",7.06500559715003,1.3860659945779,0.343719566143852,4.03254900536507,5.51751044277913e-05,0.000409121747382838,"ZNF496-DT","Astrocytes"
"PRDM5",17.6036968010667,-0.587660431844152,0.145785326345852,-4.03099850015099,5.55403981539262e-05,0.000411437367516189,"PRDM5","Astrocytes"
"RNPS1",17.6653544008413,0.630296633443594,0.156364615376409,4.03094160354828,5.55538462801476e-05,0.000411437367516189,"RNPS1","Astrocytes"
"RBFA",7.01971264540225,-1.01568835779964,0.251987540837113,-4.03070863910765,5.56089421198094e-05,0.000411599241045786,"RBFA","Astrocytes"
"PTCHD1",56.2336792896939,0.769641878073748,0.190954600553926,4.03049665125192,5.56591219974212e-05,0.000411724556567543,"PTCHD1","Astrocytes"
"ENSG00000254194",1.81245767392951,-2.12158377240479,0.526466819537917,-4.02985277261523,5.58117983504602e-05,0.00041236127623732,"ENSG00000254194","Astrocytes"
"COL4A2",17.1947246470122,0.851192759121439,0.211220597785346,4.02987572256787,5.58063496514145e-05,0.00041236127623732,"COL4A2","Astrocytes"
"PCNT",7.93974413866219,0.796135139918424,0.197621066324329,4.02859449514272,5.61113067207679e-05,0.000414326959524907,"PCNT","Astrocytes"
"LARP1B",19.3752625258668,0.509072123674467,0.12637391765916,4.02830056315477,5.61814905295758e-05,0.000414597972126184,"LARP1B","Astrocytes"
"TGFB3",3.41233059879801,1.64896642444824,0.409455398437453,4.02721866836035,5.64405376894992e-05,0.000416261571297837,"TGFB3","Astrocytes"
"DESI1",5.8582501072934,1.00710975752262,0.250143042055815,4.02613540335015,5.67010462211813e-05,0.000417933961521957,"DESI1","Astrocytes"
"MIR1915HG",4.03124720271364,-1.64919730824862,0.409644601384894,-4.02592223276749,5.67524443946372e-05,0.000418063961296129,"MIR1915HG","Astrocytes"
"AMT",6.81297417465101,-1.03761700122575,0.257901860582001,-4.02330172758033,5.73878985045104e-05,0.00042249366657631,"AMT","Astrocytes"
"SECISBP2",20.5305308686942,0.846073511491741,0.21032405722461,4.02271391421572,5.75313615776197e-05,0.000423298188006931,"SECISBP2","Astrocytes"
"GBF1",30.157050903131,0.932068472940607,0.231720902582557,4.02237546355375,5.7614118646784e-05,0.000423655362947225,"GBF1","Astrocytes"
"MCUB",4.56683011954753,1.88477719773517,0.468602247573494,4.02212581671318,5.76752338793844e-05,0.000423853068918942,"MCUB","Astrocytes"
"RAB21",11.9115657359975,0.75403379327763,0.187502578493158,4.0214582612001,5.7838957727937e-05,0.000424804159872506,"RAB21","Astrocytes"
"ZSWIM5",31.7303438743734,-0.463174394031357,0.115188602564223,-4.02100888213411,5.79494196772537e-05,0.000425363167672456,"ZSWIM5","Astrocytes"
"ZFYVE16",40.2234353525364,-0.395044420041398,0.0982565800285924,-4.02053908172299,5.80651150114051e-05,0.000425727253339698,"ZFYVE16","Astrocytes"
"ENSG00000253671",6.07470385784236,-1.02433910065794,0.254777241362841,-4.02052826688365,5.80677809004886e-05,0.000425727253339698,"ENSG00000253671","Astrocytes"
"NCKIPSD",6.06515568221317,1.18659475059615,0.295190189827446,4.0197634998974,5.82565923750691e-05,0.000426858806734013,"NCKIPSD","Astrocytes"
"WDR90",4.57916073197276,1.20067181661433,0.298839784541094,4.01777768130209,5.87495850838776e-05,0.000430216506264729,"WDR90","Astrocytes"
"SOX2",76.2262670528834,-1.10827291612452,0.275879553173528,-4.01723470759509,5.88850681959147e-05,0.000430953782192678,"SOX2","Astrocytes"
"EAF2",17.8694578841318,-0.925229108203211,0.230368117596197,-4.01630710819545,5.91172080858574e-05,0.00043239715754706,"EAF2","Astrocytes"
"ENSG00000272405",7.65188615258487,-1.02860143422898,0.256305563868174,-4.01318418026235,5.99051347791308e-05,0.000437786392368401,"ENSG00000272405","Astrocytes"
"THSD7A",54.7138489364491,-0.329444772324014,0.0820921972536887,-4.01310701071789,5.99247302805814e-05,0.000437786392368401,"THSD7A","Astrocytes"
"NUP43",6.73699679089735,0.975679093153032,0.243300487149045,4.01018142045615,6.06721120995044e-05,0.000442985120358586,"NUP43","Astrocytes"
"SLC38A6",11.8605997160491,-0.680568428502862,0.169765801711853,-4.00886645979504,6.10109039566093e-05,0.000444934054001586,"SLC38A6","Astrocytes"
"STAU1",19.3471285518512,0.614587162478929,0.153302608590239,4.00898046113261,6.09814614197722e-05,0.000444934054001586,"STAU1","Astrocytes"
"CLINT1",10.8570031619641,0.698957254052159,0.174389876093193,4.00801508499634,6.1231210095975e-05,0.000446277854395796,"CLINT1","Astrocytes"
"MRPL19",15.3324969095954,-0.821129238917709,0.204881069221451,-4.00783362776269,6.12782621782857e-05,0.000446358070913948,"MRPL19","Astrocytes"
"ENSG00000272927",1.82447064499075,-1.99880720403492,0.498982069941739,-4.00576959462351,6.18158833687374e-05,0.000450009455470356,"ENSG00000272927","Astrocytes"
"PCNA",1.23340607907884,-2.41299875444811,0.602607719061061,-4.00426127665253,6.22115774594855e-05,0.00045262395045876,"PCNA","Astrocytes"
"MISP3",2.66097721370663,-1.58221949102066,0.395189162122649,-4.00370162613319,6.23590058997437e-05,0.000453430164448929,"MISP3","Astrocytes"
"UBA6",25.9254798868975,0.463396741611399,0.115761732865296,4.00302181162597,6.2538533986354e-05,0.000454468700911398,"UBA6","Astrocytes"
"GBE1",10.2396253941077,0.887424713617392,0.221711939771877,4.00260227090376,6.26495719893522e-05,0.000455008592342609,"GBE1","Astrocytes"
"GPR19",2.74110976294895,-1.74527282560172,0.436237161233013,-4.00074312942243,6.31438726613859e-05,0.000458329762699848,"GPR19","Astrocytes"
"SLC35F5",20.6978748784833,0.699927173618152,0.174981230203788,4.00001287454086,6.33390377495498e-05,0.000459152588191671,"SLC35F5","Astrocytes"
"SERPING1",9.90335698957661,1.51321525781834,0.378312995247403,3.99990292913081,6.33684707437266e-05,0.000459152588191671,"SERPING1","Astrocytes"
"TBC1D20",7.53014291478275,-0.972580398368679,0.243145270359633,-3.99999719069241,6.33432356110038e-05,0.000459152588191671,"TBC1D20","Astrocytes"
"RUBCN",12.0572187221335,0.78899642298286,0.197287270940274,3.99922620056779,6.35499200136218e-05,0.000460198046507999,"RUBCN","Astrocytes"
"RPS25",82.0203581485698,-0.681405895787523,0.170453011764155,-3.99761722444858,6.39833068658622e-05,0.000463065627656325,"RPS25","Astrocytes"
"DHX33",5.58861117242198,1.05216036794045,0.263276682490465,3.99640544687644,6.4311551334629e-05,0.000465169357579854,"DHX33","Astrocytes"
"KLHL32",44.6481989136683,-0.769558108267232,0.192579807103291,-3.99604776763785,6.44087432041474e-05,0.000465600389431966,"KLHL32","Astrocytes"
"BBOX1",26.7803233492903,-0.583033881446286,0.145916810926997,-3.99565942911117,6.4514423502274e-05,0.000466092244007386,"BBOX1","Astrocytes"
"GPR146",2.83136175002803,-1.72243292755656,0.431106351676432,-3.99537821899069,6.45910529002397e-05,0.000466373765634792,"GPR146","Astrocytes"
"RSAD2",3.17972889633245,2.45156420242078,0.61364487277501,3.99508626436392,6.46707013082978e-05,0.000466404947175686,"RSAD2","Astrocytes"
"PELP1",6.40089501732734,0.950420991652607,0.237896974457535,3.99509490954983,6.46683414722336e-05,0.000466404947175686,"PELP1","Astrocytes"
"FEZ2",23.5634207428026,-0.690237421170349,0.172819145716199,-3.99398699900906,6.49714276251772e-05,0.000468028614475026,"FEZ2","Astrocytes"
"OSER1",12.8386005513618,0.92038411935934,0.23044098067812,3.9940123351798,6.49644815254983e-05,0.000468028614475026,"OSER1","Astrocytes"
"CALM3",10.2542567740256,-0.73524504419966,0.184126076273427,-3.99316087694076,6.51983006496512e-05,0.000469389858688739,"CALM3","Astrocytes"
"GGA1",18.6426646674454,0.546158087428188,0.136808867583275,3.99212490444556,6.54838634130245e-05,0.000471171807462802,"GGA1","Astrocytes"
"ANKHD1",50.4315454533661,0.619047950223253,0.155084613779245,3.99167870453245,6.56072214663375e-05,0.000471785263308744,"ANKHD1","Astrocytes"
"FAM120C",10.5056837845629,0.750111564198818,0.187936340398917,3.99130664461497,6.57102506244543e-05,0.000472251905677665,"FAM120C","Astrocytes"
"TET2",18.433085990596,-0.611553864686617,0.153252546154094,-3.99049725458854,6.59349124015453e-05,0.000473591659088361,"TET2","Astrocytes"
"MYO18A",14.6137174363539,0.824995369453009,0.206770286172409,3.98991259684727,6.60976473969332e-05,0.000474485314618101,"MYO18A","Astrocytes"
"GTF3C2",8.11820241726974,0.927854876000628,0.232640388367911,3.98836540168281,6.65301331718361e-05,0.000477313232367813,"GTF3C2","Astrocytes"
"GNA11",6.52317020439747,0.818677383006823,0.205274449019548,3.98820889261702,6.65740308177205e-05,0.000477351606031172,"GNA11","Astrocytes"
"DENND2B",49.5651819164305,1.31620702040699,0.330120564033374,3.9870494716407,6.69000797649663e-05,0.000479411856324987,"DENND2B","Astrocytes"
"EIPR1",5.66176112645757,-1.00771921351843,0.252801550870919,-3.98620661165552,6.71380542944652e-05,0.00048083893946117,"EIPR1","Astrocytes"
"GTF2E2",7.92335046350461,0.784942710863189,0.196945665646542,3.98558002424854,6.73154849181011e-05,0.000481831011410893,"GTF2E2","Astrocytes"
"ENSG00000291015",16.4818719472563,-0.838687968906818,0.210635652248605,-3.98169996367446,6.84241206824658e-05,0.00048948346990813,"ENSG00000291015","Astrocytes"
"RNF4",9.16400746761796,0.808502980072157,0.203116630039822,3.98048638318608,6.87744045094972e-05,0.00049170522577431,"RNF4","Astrocytes"
"ADAR",24.420586746398,0.812426485632905,0.20411142001118,3.98030882146821,6.88257973906713e-05,0.000491788718458559,"ADAR","Astrocytes"
"PSAP",112.793701490405,0.705724321922847,0.177339559839213,3.97950870388254,6.90578319078452e-05,0.000493162129477997,"PSAP","Astrocytes"
"VPS37A",7.69920143012354,0.782434549644885,0.196709566934427,3.9776130964983,6.9610516407594e-05,0.000496536304536427,"VPS37A","Astrocytes"
"MALRD1",13.2227878202079,-1.16621257892194,0.293186450520909,-3.97771649013764,6.95802633041009e-05,0.000496536304536427,"MALRD1","Astrocytes"
"SERBP1",11.2256545151477,0.852326631235453,0.214307815885864,3.97711407636847,6.97567053580295e-05,0.000497292620868439,"SERBP1","Astrocytes"
"ARHGAP32",82.3760027075612,-0.38184542537521,0.0960368324434063,-3.97603102539047,7.00749872176187e-05,0.000499274204094231,"ARHGAP32","Astrocytes"
"DPH1",3.24835390396417,-1.59967176800121,0.402488558123547,-3.97445277813383,7.05412556730592e-05,0.0005023072852211,"DPH1","Astrocytes"
"CCDC152",2.496437223922,-1.83954044046464,0.462864935771673,-3.97424885382129,7.06017155924311e-05,0.000502448875966135,"CCDC152","Astrocytes"
"PCAT6",3.35838002029865,-2.41948695318911,0.608880558842347,-3.97366432225925,7.07752905317298e-05,0.000503110748094822,"PCAT6","Astrocytes"
"SYNE2",5.57869619908747,1.35920667468663,0.342053921589374,3.97366201320245,7.0775976999207e-05,0.000503110748094822,"SYNE2","Astrocytes"
"SCGB2B2",24.1424360250337,-0.506201802244942,0.127432075007288,-3.9723264509033,7.11740881028544e-05,0.000505650449212649,"SCGB2B2","Astrocytes"
"CRY1",15.83116342386,1.13472932264815,0.285735121452786,3.9712630245759,7.14925934494572e-05,0.000507622009566874,"CRY1","Astrocytes"
"LDLRAD3",29.0420574086911,-0.549259102707177,0.138318945741402,-3.97096073689038,7.15833770231631e-05,0.000507975333912796,"LDLRAD3","Astrocytes"
"ZXDC",32.3733554892034,0.63819193982671,0.160750471876027,3.97007817382267,7.1849054288499e-05,0.000509568636457321,"ZXDC","Astrocytes"
"VEGFC",3.07118420430727,-1.45378283470791,0.366336514933073,-3.9684355106493,7.23460292946385e-05,0.000512799588297372,"VEGFC","Astrocytes"
"ZMYND8",43.5526382085488,-0.519090988287136,0.13083718965177,-3.96745749177833,7.2643463713851e-05,0.000514613278700582,"ZMYND8","Astrocytes"
"SEPTIN3",5.52258695267089,-1.09831425975735,0.276843706869746,-3.96727190289393,7.27000352834496e-05,0.000514719575137196,"SEPTIN3","Astrocytes"
"SPRING1",9.3930949216446,0.873799107818475,0.22030777943644,3.9662653314091,7.30075869772788e-05,0.000516413220785861,"SPRING1","Astrocytes"
"POLR2A",8.45205297094304,1.1398356939283,0.287386178832219,3.96621611575049,7.30226560281065e-05,0.000516413220785861,"POLR2A","Astrocytes"
"DIPK1B",7.44976421086884,1.06196768699053,0.267785176293613,3.96574486194164,7.31670954602323e-05,0.000517139351075375,"DIPK1B","Astrocytes"
"IL6R",16.7148567543679,1.90958739862661,0.481625619639675,3.96487919404133,7.34331272985337e-05,0.000518723568361519,"IL6R","Astrocytes"
"SRP9",15.3712204243896,-0.643603089588493,0.1623618347847,-3.96400478253984,7.37027747434781e-05,0.000520331504930724,"SRP9","Astrocytes"
"GOLM2",43.0002489670061,0.434669554873608,0.10968511040178,3.9628856941603,7.40492409553285e-05,0.000522479630056885,"GOLM2","Astrocytes"
"ZMAT1",66.3613038328979,-0.294150829870886,0.0742446161248325,-3.96191461716646,7.43511309713385e-05,0.000524310965158362,"ZMAT1","Astrocytes"
"RNF24",26.2131273381759,0.480161664287523,0.121228254116235,3.96080656104425,7.46970270355048e-05,0.000526450361855809,"RNF24","Astrocytes"
"DHFR",1.19639511268682,-2.17176941687207,0.549041678452793,-3.95556385262436,7.63543504446571e-05,0.000537824756289072,"DHFR","Astrocytes"
"ENSG00000273338",6.16666044454983,2.51406907046049,0.63563473047058,3.95521035894192,7.64673389440227e-05,0.000538314416227307,"ENSG00000273338","Astrocytes"
"LINC01159",7.9639722097868,-1.09920142080566,0.277922753545923,-3.95506091811959,7.65151527993344e-05,0.000538344964269408,"LINC01159","Astrocytes"
"FAM76A",4.0736680811772,1.07982385347679,0.273068288956534,3.95440956400717,7.67238850258145e-05,0.000539445682209938,"FAM76A","Astrocytes"
"ENSG00000288736",1.54746754130074,-2.04637054029398,0.51750499926458,-3.95430100811017,7.67587250305993e-05,0.000539445682209938,"ENSG00000288736","Astrocytes"
"CAPRIN1",16.6391812558452,0.836322744768691,0.211587578417191,3.95260795092469,7.7304035702267e-05,0.000542969866194652,"CAPRIN1","Astrocytes"
"IMMP2L",91.2007936236306,-0.405031931452779,0.102476591995044,-3.95243365892153,7.73603802602113e-05,0.000543057590001245,"IMMP2L","Astrocytes"
"CHN1",57.1156309430722,-0.466182663896626,0.117981054213025,-3.95133495802547,7.771645961939e-05,0.000544630967440242,"CHN1","Astrocytes"
"SLC7A11",149.985260555894,0.427552343350228,0.108199655175294,3.95151299380344,7.76586547650748e-05,0.000544630967440242,"SLC7A11","Astrocytes"
"ANP32A",12.1209428019894,-0.787515248847787,0.199297603370692,-3.95145368297788,7.76779073529501e-05,0.000544630967440242,"ANP32A","Astrocytes"
"SLX4IP",17.9867313418246,-0.561617110986775,0.142176821803714,-3.95013127921884,7.81083399598674e-05,0.000546797129298285,"SLX4IP","Astrocytes"
"TSC22D3",10.5460504076759,-1.45516436134073,0.368385379387855,-3.95011431712837,7.81138756140407e-05,0.000546797129298285,"TSC22D3","Astrocytes"
"MAML2",299.113279140641,0.393944293674788,0.0997390260513088,3.94975075726257,7.82326142164599e-05,0.000547194754799675,"MAML2","Astrocytes"
"ROGDI",15.0925922861142,-0.76225971553229,0.192993273380404,-3.94966986248178,7.8259057639524e-05,0.000547194754799675,"ROGDI","Astrocytes"
"ENSG00000290823",29.6017288121012,0.68128589756953,0.1725035265631,3.94940272319779,7.83464419446058e-05,0.000547496608690775,"WASH3P","Astrocytes"
"DMXL1-DT",6.26427209453691,-0.996583364759704,0.252358947357732,-3.94907085797515,7.84551273271456e-05,0.000547638016737342,"DMXL1-DT","Astrocytes"
"TOM1L1",9.85780105520884,-1.12071486202701,0.283782994545614,-3.94919668749519,7.84139015741537e-05,0.000547638016737342,"TOM1L1","Astrocytes"
"ACBD3",10.2743597496032,1.12516518363672,0.285035791313919,3.9474522776599,7.89872560978612e-05,0.000550773826769659,"ACBD3","Astrocytes"
"SDR39U1",18.1452325882174,0.772518454486362,0.195701429634565,3.94743388399815,7.89933228089247e-05,0.000550773826769659,"SDR39U1","Astrocytes"
"YY1AP1",28.6012633350494,0.932919328645971,0.236433204199817,3.94580503953891,7.95323085258416e-05,0.000554219795427967,"YY1AP1","Astrocytes"
"AP2B1",32.0159688545229,0.545422566228054,0.138256340034146,3.94500943749377,7.97968357807681e-05,0.000555750403528263,"AP2B1","Astrocytes"
"TRMU",15.1923175093372,0.842189537615253,0.213604578161907,3.94275040761015,8.05524744750852e-05,0.000560697746725678,"TRMU","Astrocytes"
"NPTN",24.6186508662294,1.10431384209957,0.280320047811758,3.93947507757685,8.16600841361354e-05,0.000568088102167284,"NPTN","Astrocytes"
"TMLHE",7.12185789435283,-0.885230334434422,0.224718384915386,-3.93928754324104,8.17239358450215e-05,0.000568213081172881,"TMLHE","Astrocytes"
"GADD45A",13.0563100085779,1.58185681513213,0.401702994613757,3.93787658131129,8.22058556738344e-05,0.000571243047592083,"GADD45A","Astrocytes"
"STOX2",9.82881219800402,-0.825978428470523,0.209776945034596,-3.93741279974453,8.23648478321147e-05,0.000572026870838517,"STOX2","Astrocytes"
"SFRP2",3.09148773874011,-2.17306142169218,0.551988496362471,-3.93678751642897,8.25796656235411e-05,0.000573197309089859,"SFRP2","Astrocytes"
"PHF1",18.0768014289373,0.675659481087909,0.171648866999224,3.93628861582268,8.27514439753936e-05,0.000573951891349167,"PHF1","Astrocytes"
"ENSG00000289512",1.68428739722084,-1.99361622314772,0.506482109834695,-3.93620265047149,8.27810771177916e-05,0.000573951891349167,"ENSG00000289512","Astrocytes"
"ST6GALNAC6",14.9724880824969,1.53964499543935,0.391238699574385,3.93530853955469,8.30898815566671e-05,0.000575770567048802,"ST6GALNAC6","Astrocytes"
"SPDYE18",3.9477427192623,-1.33878354150474,0.340470127952377,-3.9321615366268,8.41854625090066e-05,0.000583036119826079,"SPDYE18","Astrocytes"
"RC3H1",25.4051151617175,0.621389271614881,0.158037781708344,3.93190327589922,8.42759755727675e-05,0.000583336727511224,"RC3H1","Astrocytes"
"RALY",15.060442876825,0.776034844792532,0.197391025862228,3.93145960614327,8.44316839779928e-05,0.000584088012681276,"RALY","Astrocytes"
"PCDH15",3.33313001266891,-1.97119036506413,0.501660265187131,-3.92933325968887,8.51817183948024e-05,0.00058894763756719,"PCDH15","Astrocytes"
"INPPL1",22.787620643343,0.69238280437168,0.176283681708992,3.9276624907044,8.57754676473738e-05,0.000592721883860173,"INPPL1","Astrocytes"
"SLIT1",4.61521213084181,-1.95738985551778,0.498537372469847,-3.92626503770521,8.62750884767474e-05,0.00059584184082965,"SLIT1","Astrocytes"
"HNRNPH3",19.6397879266464,0.598648816243874,0.15249353861204,3.92573234048231,8.64662625600864e-05,0.000596496785115069,"HNRNPH3","Astrocytes"
"CHORDC1",8.86444274138131,0.94527357589031,0.240783117981936,3.92582994942871,8.64312027912464e-05,0.000596496785115069,"CHORDC1","Astrocytes"
"LAP3",8.38855225505336,0.863916807845288,0.220111610459649,3.92490339805887,8.67645491845034e-05,0.000598221276476451,"LAP3","Astrocytes"
"CHCHD2",50.1870694215739,1.58118621430208,0.402876911181576,3.92473773109683,8.68242792337422e-05,0.000598299972037524,"CHCHD2","Astrocytes"
"LMNA",30.6603571331755,1.27508507589548,0.324969816915456,3.92370309340823,8.71981903947264e-05,0.000600273567161219,"LMNA","Astrocytes"
"ENSG00000247121",5.15034334676184,-1.05767756335032,0.269562851326165,-3.9236770131599,8.72076352517994e-05,0.000600273567161219,"ENSG00000247121","Astrocytes"
"LCN12",17.1935064414017,-0.994027473586323,0.253368706355878,-3.92324485483273,8.73642804254618e-05,0.000601017713615829,"LCN12","Astrocytes"
"C5",8.82982656610447,-0.894860838872934,0.228124200268036,-3.92269140153265,8.75652798447984e-05,0.000602065996845163,"C5","Astrocytes"
"RABEPK",8.2271511813416,0.748040342359852,0.190724578401367,3.92209723901265,8.77815500164345e-05,0.000603218054302724,"RABEPK","Astrocytes"
"ZNF570",1.69558517654516,-1.97399755601948,0.503706717828842,-3.91894228555879,8.89384060686991e-05,0.000610828775567777,"ZNF570","Astrocytes"
"LINC00899",2.64483613482093,-1.60426446680695,0.409411108074822,-3.91846834432681,8.9113429825677e-05,0.000611691575128247,"LINC00899","Astrocytes"
"DCAF1",4.43442368728294,1.32681198916801,0.338645530248757,3.91799646135409,8.92880167050579e-05,0.000612550421528384,"DCAF1","Astrocytes"
"INTS10",49.1481641392323,0.418000205004853,0.106766257617263,3.91509653268268,9.03680445895719e-05,0.00061931704253296,"INTS10","Astrocytes"
"VSTM4",6.67329680570272,-0.957789028108234,0.244641008279345,-3.9150796297184,9.03743758262989e-05,0.00061931704253296,"VSTM4","Astrocytes"
"AHCYL1",295.159211272548,0.916646150086882,0.234251463827147,3.91308611314919,9.1124020565871e-05,0.000624108820059281,"AHCYL1","Astrocytes"
"AKAP11",16.9409633391953,-0.595926437863353,0.152299770542702,-3.91285184304506,9.12125004818454e-05,0.000624369482292256,"AKAP11","Astrocytes"
"EIF2B4",10.9416692438451,0.777974997613202,0.198907582240777,3.91123852016593,9.18240328935357e-05,0.00062786140216491,"EIF2B4","Astrocytes"
"GRAMD1A",16.9790193120027,0.801616579671491,0.204949888316948,3.91128088067956,9.18079266925654e-05,0.00062786140216491,"GRAMD1A","Astrocytes"
"NCEH1",14.9396313736284,0.871549003015712,0.223213756914742,3.90454878347219,9.44013491749132e-05,0.000645127983903394,"NCEH1","Astrocytes"
"STK11",9.27996820149208,0.782579915094774,0.200536117372687,3.90243874942679,9.52283404432554e-05,0.000650420595537138,"STK11","Astrocytes"
"LINC00534",3.08940109172474,-1.67086897546989,0.428248886550626,-3.90163063569895,9.55468746100525e-05,0.000652236465433451,"LINC00534","Astrocytes"
"ENSG00000246090",5.31478192544283,-1.2730657508997,0.326333263805782,-3.90112162043454,9.57480293049973e-05,0.000653249502415307,"LOC100507053","Astrocytes"
"ATG4D",6.83630597503578,0.914038063510048,0.234511209505279,3.89763058848354,9.71384432684148e-05,0.000662370783586333,"ATG4D","Astrocytes"
"LPCAT1",10.6427328106461,1.07066646238994,0.274758792846139,3.8967504963144,9.74919646475601e-05,0.00066441551911433,"LPCAT1","Astrocytes"
"ARHGEF37",2.72361227478701,-1.82412771032705,0.468168393789317,-3.89630683003334,9.76706397152225e-05,0.000665267069083389,"ARHGEF37","Astrocytes"
"ENSA",27.1367565334658,0.584557847505051,0.150042049127281,3.89596017186602,9.7810462396082e-05,0.000665621904407383,"ENSA","Astrocytes"
"ZNF107",2.77151124834213,-1.85756413076595,0.476798378459065,-3.89591117480159,9.78302403312151e-05,0.000665621904407383,"ZNF107","Astrocytes"
"PRKCQ-AS1",3.24437705129785,1.6250762005488,0.417161543268095,3.89555611434782,9.79736753000112e-05,0.0006662317524657,"PRKCQ-AS1","Astrocytes"
"ENSG00000257239",1.11339628134978,-2.24234504086384,0.575831270981796,-3.89410084839718,9.85636411618173e-05,0.000669875723659047,"ENSG00000257239","Astrocytes"
"ENSG00000244701",4.68769589386706,-1.37019627316329,0.3518930093587,-3.89378656785589,9.86914903323907e-05,0.0006703767003763,"ENSG00000244701","Astrocytes"
"UTP4",3.38660877838115,1.1441311758765,0.293913285832024,3.89275079089276,9.91139530359875e-05,0.000672877237085874,"UTP4","Astrocytes"
"B9D1",7.15231482701077,0.783770047900468,0.201407651667165,3.89146113076023,9.96423535266262e-05,0.000676093843134362,"B9D1","Astrocytes"
"MORC3",14.6872419848636,-0.603876839769286,0.155202255838209,-3.89090246470902,9.98720751193812e-05,0.000677281438227436,"MORC3","Astrocytes"
"ENSG00000262528",1.69105888965308,-2.01164085207596,0.517454187443859,-3.88757285357597,0.000101251602809826,0.00068626086348882,"ENSG00000262528","Astrocytes"
"CCDC148",3.88639982121098,-1.44968203368404,0.373110165404739,-3.88539945597963,0.000102161768191833,0.000691889188402766,"CCDC148","Astrocytes"
"MAD2L1-DT",69.8423346800942,-0.605088648162574,0.155737009890762,-3.88532339607007,0.000102193759637298,0.000691889188402766,"MAD2L1-DT","Astrocytes"
"ELAVL1",10.617689144592,0.764664754673917,0.196838818521311,3.88472538302261,0.000102445618649324,0.000693215352860428,"ELAVL1","Astrocytes"
"ZNF3",5.28119000707688,0.921721941467238,0.237279655835647,3.88453842880518,0.00010252447636687,0.000693370066002701,"ZNF3","Astrocytes"
"FAP",8.21870015326199,-1.32934458286563,0.342295414166838,-3.88361785711129,0.000102913611938807,0.000695621864977207,"FAP","Astrocytes"
"SAMD9L",4.54185815958831,-1.16862203972416,0.300972811086185,-3.88281597765162,0.000103253710610626,0.000697217932023405,"SAMD9L","Astrocytes"
"ARHGAP1",14.5184133359652,1.54310834258467,0.39743554577242,3.88266313619638,0.000103318655032137,0.000697217932023405,"ARHGAP1","Astrocytes"
"URB1-AS1",3.16771891149144,-1.41711428793709,0.36497747477304,-3.88274451407809,0.000103284071661609,0.000697217932023405,"URB1-AS1","Astrocytes"
"BLTP3B",15.4058619521537,1.00439032146823,0.25871950746895,3.88215922059442,0.000103533048849914,0.000698284174242094,"BLTP3B","Astrocytes"
"DNM2",12.7762983458547,0.699384908509472,0.180230454846638,3.88050348707488,0.000104240450350207,0.00070267256215929,"DNM2","Astrocytes"
"ARNT2",73.5313518811406,-0.431338185009502,0.111164946429974,-3.88016365645634,0.000104386203872645,0.000703272232075603,"ARNT2","Astrocytes"
"AVEN",8.43954382233078,0.739303965167726,0.190563246374337,3.87957268378739,0.000104640130509237,0.000704599638986342,"AVEN","Astrocytes"
"TARBP1",18.830774395354,-0.606934776108968,0.156468976061723,-3.8789464300549,0.000104909852674966,0.000706031905257664,"TARBP1","Astrocytes"
"TENM4",75.8499143592322,0.983770838210895,0.253673396450256,3.8781001554643,0.000105275378437076,0.000708107013137592,"TENM4","Astrocytes"
"LINC02208",3.06501756326166,-2.6146963055241,0.674444418538164,-3.87681509944344,0.000105832723002504,0.000711469385960919,"LINC02208","Astrocytes"
"ENSG00000289440",1.45864777802247,-2.43510802634201,0.628187220391714,-3.87640491129949,0.000106011212078409,0.000712282603997252,"ENSG00000289440","Astrocytes"
"CDK13",44.4632441938096,0.453720981670332,0.117116754759884,3.87409113751969,0.000107023358545032,0.000718481412012848,"CDK13","Astrocytes"
"ENSG00000258416",4.8977232735311,-1.6085141903744,0.4152042778369,-3.87403087163341,0.000107049842943043,0.000718481412012848,"ENSG00000258416","Astrocytes"
"JAK2",15.6819779125284,0.540583557126907,0.139546313480693,3.87386483844089,0.000107122839748108,0.000718581865980943,"JAK2","Astrocytes"
"PAXBP1",23.0404410228691,0.763787452911353,0.197171117446156,3.87372888486027,0.000107182646967717,0.000718593783108411,"PAXBP1","Astrocytes"
"HEPN1",28.4428517532309,-1.19768507903449,0.309395975422841,-3.87104285179422,0.000108370737454653,0.000726166039989702,"HEPN1","Astrocytes"
"BRK1",11.4361109808014,-1.24451894734457,0.32160597980889,-3.86970089326111,0.000108968959008802,0.000729385199678916,"BRK1","Astrocytes"
"GNE",4.99301637370371,0.999438048480083,0.25826617374182,3.86979848735123,0.000108925348439392,0.000729385199678916,"GNE","Astrocytes"
"ZNF407",24.2509980065129,-0.476763742369855,0.123223944514098,-3.8690835961294,0.000109245184204479,0.000730839068613758,"ZNF407","Astrocytes"
"LMBRD1",34.1350103966973,-0.400895354177459,0.10363700359637,-3.86826461848325,0.000109612676161146,0.000732568892672184,"LMBRD1","Astrocytes"
"TTC38",10.0698648485568,0.76504223902841,0.197775087914681,3.86824370599417,0.000109622075274292,0.000732568892672184,"TTC38","Astrocytes"
"LDHB",39.4149873236484,-0.941986332259439,0.24358309926262,-3.86720726976149,0.000110088855124904,0.000734499080286467,"LDHB","Astrocytes"
"SNHG16",2.95625623474056,1.26618560240721,0.327407549255306,3.86730729113354,0.000110043726877475,0.000734499080286467,"SNHG16","Astrocytes"
"CITED1",2.12365143615422,3.54948047366342,0.917829005568289,3.86725681159499,0.000110066500359099,0.000734499080286467,"CITED1","Astrocytes"
"SEC14L6",1.71428038350995,-1.93836176369637,0.501270748630915,-3.86689582224871,0.000110229487747798,0.000735041328368866,"SEC14L6","Astrocytes"
"RECK",12.7761552723538,-0.654670790762678,0.169329558770274,-3.86625226875395,0.000110520618328346,0.000736586015478957,"RECK","Astrocytes"
"H2AC6",6.27217859357907,-1.08303380404548,0.280169411432937,-3.86563900215323,0.000110798722585626,0.00073804227099398,"H2AC6","Astrocytes"
"KATNIP",10.1981513948856,0.665967179049743,0.172298040497373,3.86520460202156,0.000110996113727826,0.000738664180081975,"KATNIP","Astrocytes"
"QTRT1",62.4669418058225,-0.434178511066038,0.112330996338982,-3.86517101438159,0.000111011389738557,0.000738664180081975,"QTRT1","Astrocytes"
"POLH",3.51298654997797,1.24174250861984,0.321382500863911,3.86375270987656,0.000111658262605499,0.000742569423117021,"POLH","Astrocytes"
"AGBL1",5.8124489526508,-0.990228476194119,0.256352423622846,-3.86276229496849,0.000112112086481682,0.000745187314494185,"AGBL1","Astrocytes"
"DKC1",3.85110658144641,1.05676826349435,0.273781511409057,3.85989637523563,0.000113435118243101,0.000753576753864981,"DKC1","Astrocytes"
"TRAF3IP2-AS1",57.1960456806895,-0.313075101625844,0.0811136805349959,-3.85970775288356,0.000113522708944074,0.000753754265337515,"TRAF3IP2-AS1","Astrocytes"
"BBC3",2.88647941992457,-1.96419977513131,0.509087863201636,-3.85827264232648,0.000114191224465348,0.00075778667339464,"BBC3","Astrocytes"
"ATF7",29.3989690775726,-0.50156474119549,0.130055375427359,-3.85654756327724,0.000114999729940359,0.000762743254339298,"ATF7","Astrocytes"
"SAMD4B",21.4387512728985,0.642762857004905,0.166680201967049,3.85626396788247,0.000115133160316463,0.000763219445502547,"SAMD4B","Astrocytes"
"CD38",11.8050307125822,-1.309315511531,0.339563993828462,-3.85587263469525,0.000115317520613879,0.000764032561670233,"CD38","Astrocytes"
"PDK4",48.0279829742733,-0.913671181507802,0.236997902138544,-3.85518678968597,0.000115641299614269,0.000765358745656596,"PDK4","Astrocytes"
"LRMDA",70.8881844046552,-0.925935050946858,0.240172223921804,-3.8552961530153,0.000115589613137934,0.000765358745656596,"LRMDA","Astrocytes"
"FAM20B",8.05932744909042,0.71542619026701,0.185609294216645,3.85447395447751,0.000115978728875009,0.000767181944262416,"FAM20B","Astrocytes"
"ACSS3",71.3162624104014,-0.465478294523952,0.120768064318171,-3.85431609881252,0.000116053577259911,0.000767267190181249,"ACSS3","Astrocytes"
"IDH2",40.8293363619484,-0.768661585091277,0.199448319890618,-3.85393863188633,0.000116232740632661,0.000767682163606639,"IDH2","Astrocytes"
"PDK3",13.4462901818085,1.00408521724277,0.260535903154189,3.85392264592622,0.000116240334067871,0.000767682163606639,"PDK3","Astrocytes"
"TMED8",17.1662370013916,-0.600994411978111,0.156000217962681,-3.8525228991788,0.000116907039817685,0.000771262586074794,"TMED8","Astrocytes"
"XAF1",20.9149591198245,0.729739774261804,0.189412417801974,3.85265012046216,0.000116846295078131,0.000771262586074794,"XAF1","Astrocytes"
"PEX11B",6.78535045384973,0.943150266328099,0.244831223695465,3.85224667055229,0.000117039034097213,0.000771722236009475,"PEX11B","Astrocytes"
"GOLGA2P5",10.2045497152924,0.86606411247951,0.224835157413613,3.85199593534331,0.00011715896816231,0.000772101917378334,"GOLGA2P5","Astrocytes"
"UBE2H",58.346411045779,0.848453932463496,0.220310522296237,3.85117298810918,0.000117553423124066,0.000774289382204953,"UBE2H","Astrocytes"
"ENSG00000272447",2.05768445072087,-1.71167223994278,0.444571167327355,-3.85016475592176,0.000118038395968172,0.000777070418540069,"LOC642361","Astrocytes"
"DNAJB1",61.7428392374158,1.32139532559922,0.343248564728325,3.84967472957996,0.000118274785783029,0.000778212897104806,"DNAJB1","Astrocytes"
"CHCHD1",3.59369710980403,-1.48452009214045,0.38569826242663,-3.84891568554277,0.000118641831810735,0.000780213384658702,"CHCHD1","Astrocytes"
"ATXN1L",4.87715413422309,1.01312377528363,0.263322233145397,3.84746765657355,0.000119345026745521,0.000784421160397974,"ATXN1L","Astrocytes"
"ADAMTSL5",1.16230293220182,-2.85357499900522,0.741748802431104,-3.84709080709337,0.000119528676624823,0.000785211460289219,"ADAMTSL5","Astrocytes"
"CENPX",8.428658798924,-0.780505637985611,0.202914508924285,-3.84647525760145,0.000119829225277582,0.0007867684499535,"CENPX","Astrocytes"
"MARK3",80.6608467753889,0.520691428308615,0.135415346209829,3.84514342637202,0.000120481946641373,0.00079063484115534,"MARK3","Astrocytes"
"FBXO16",3.40872510569515,-1.41046253897505,0.366880231882733,-3.84447679761028,0.000120809914330502,0.000792367144679344,"FBXO16","Astrocytes"
"ADGRL3",346.93549407389,-0.462108047636614,0.12025244176635,-3.84281633577544,0.000121630490796227,0.000796904956364912,"ADGRL3","Astrocytes"
"ZNF781",1.80663411383942,-1.88443011110668,0.490374318813403,-3.84284013010017,0.00012161869495999,0.000796904956364912,"ZNF781","Astrocytes"
"TCEAL6",1.04060749665574,-2.30181721635102,0.599153237924351,-3.84178382199053,0.000122143390986495,0.000799842205492209,"TCEAL6","Astrocytes"
"RHBDL3",3.32931512786109,-1.80326571352459,0.469431131649874,-3.84138501250819,0.000122342044548881,0.000800719628778432,"RHBDL3","Astrocytes"
"NME9",11.5818506252529,-0.919043639480266,0.239284811950049,-3.84079387233368,0.000122637061626663,0.000802226483952968,"NME9","Astrocytes"
"SEC23IP",12.4720099270385,1.02980788037738,0.268138575722549,3.84058085488959,0.000122743535357867,0.000802499048752094,"SEC23IP","Astrocytes"
"ABLIM3",8.50844670327043,-0.796418262045943,0.2074264983002,-3.83952035334135,0.000123274910090393,0.000805547868944239,"ABLIM3","Astrocytes"
"NAPG",14.0122295871913,0.638071862190715,0.166194011674308,3.83931921350543,0.000123375937532109,0.000805782824082335,"NAPG","Astrocytes"
"ATG7",67.4510674464051,0.343308589811697,0.0894265583980711,3.83900035919421,0.000123536249921564,0.000806404524395742,"ATG7","Astrocytes"
"DNAJC1",40.2532685759184,0.527046199650036,0.137335426437188,3.83765655608961,0.000124214042490796,0.000810203237071751,"DNAJC1","Astrocytes"
"ENSG00000275645",2.73691346846321,-1.45348304188977,0.378749175384027,-3.83758734369794,0.000124249046854499,0.000810203237071751,"ENSG00000275645","Astrocytes"
"STEAP2-AS1",4.07635320753086,-1.31197421957441,0.341941903465539,-3.83683370267788,0.000124630805314672,0.000812227897485226,"STEAP2-AS1","Astrocytes"
"ENSG00000285095",1.61495144130051,-2.05641536582679,0.535983266175855,-3.83671561334171,0.000124690723824551,0.000812227897485226,"LOC112268208","Astrocytes"
"IGFBP7",84.8760001403082,1.28949123032218,0.336180545020973,3.83571045207786,0.000125201842884334,0.000814934669736637,"IGFBP7","Astrocytes"
"ENSG00000287494",2.07907405237765,2.36150219842343,0.615673620767404,3.83563972658103,0.000125237880683907,0.000814934669736637,"ENSG00000287494","Astrocytes"
"RHPN2",12.9834928612312,1.05325987881792,0.274610520512206,3.83546805436793,0.00012532539601938,0.000815075829258394,"RHPN2","Astrocytes"
"TADA1",1.65594671713551,-1.88139563317985,0.49061733506083,-3.83475164599836,0.000125691230426309,0.000817025987595266,"TADA1","Astrocytes"
"SELENOI",10.4388690785102,0.665527547722928,0.173569289220793,3.83436235010636,0.000125890446499285,0.000817891604932134,"SELENOI","Astrocytes"
"ZBTB8A",5.96239828156046,1.06438200311323,0.27761251057453,3.8340563287672,0.000126047257017453,0.000818480956291098,"ZBTB8A","Astrocytes"
"PFDN1",10.7457414704697,-0.974980183658546,0.254312278535622,-3.83379123207368,0.000126183245858337,0.000818934556322742,"PFDN1","Astrocytes"
"ZFHX2",14.4807620908477,-0.622226322039383,0.162353338050872,-3.83254406413506,0.000126824873613734,0.000822667579863209,"ZFHX2","Astrocytes"
"ZSCAN23",3.54899582769032,-1.3616027913396,0.355301937254676,-3.83224139406709,0.00012698105066242,0.000822818603010336,"ZSCAN23","Astrocytes"
"AOPEP",78.5686062489186,0.965640558179963,0.251977661264228,3.83224668938956,0.000126978316731131,0.000822818603010336,"AOPEP","Astrocytes"
"PCBD2",15.0560384446096,0.900299378809864,0.234957056658297,3.83176139339875,0.000127229101623483,0.000823994751780118,"PCBD2","Astrocytes"
"TRIM8",13.4375390296007,-0.692127420636308,0.180638939438007,-3.83155161777196,0.000127337651165659,0.000824266667216074,"TRIM8","Astrocytes"
"PLEKHM2",13.9121279664596,0.925338663652561,0.241543376517181,3.83094199060656,0.000127653601700776,0.000825018032286381,"PLEKHM2","Astrocytes"
"LINC02123",1.32817142193091,-3.13794245372207,0.819098589216407,-3.83097040458096,0.000127638859232701,0.000825018032286381,"LINC02123","Astrocytes"
"ADAMTS17",42.2749237442821,-1.31969631630866,0.344472892225653,-3.83105999366758,0.000127592386826827,0.000825018032286381,"ADAMTS17","Astrocytes"
"PPIL2",12.7839534689002,0.708409665029972,0.184986054149815,3.82953011396334,0.000128388172222882,0.000829332674301488,"PPIL2","Astrocytes"
"MYCBP",11.4403828003646,1.67898938448908,0.438653886346338,3.82759491423596,0.000129401491276466,0.000835183217482106,"MYCBP","Astrocytes"
"HSP90B1",31.2718151645961,1.42675629654531,0.372760357844398,3.82754299517246,0.000129428780937427,0.000835183217482106,"HSP90B1","Astrocytes"
"MLXIP",9.26570135122802,0.76636651498462,0.200248591610319,3.8270756803921,0.000129674654823314,0.000836333984727656,"MLXIP","Astrocytes"
"SHOC1",5.99641603996523,-1.35873646746551,0.355244803011147,-3.8247891480706,0.000130884054229553,0.000843694556754063,"SHOC1","Astrocytes"
"CFAP100",2.48775502519511,-1.68067585479677,0.439472489060861,-3.82430276440814,0.000131142680983116,0.000844921861921921,"CFAP100","Astrocytes"
"TMEM230",7.69739538394082,-0.899264108291066,0.235226894525788,-3.82296467461325,0.000131856675927537,0.000849080196573421,"TMEM230","Astrocytes"
"SIPA1L1",127.506239250235,0.422070729166013,0.110516930038756,3.8190594781994,0.000133961462359381,0.000862185440954371,"SIPA1L1","Astrocytes"
"MMGT1",1.98098956470578,-2.05828301044835,0.539007154924578,-3.81865619341614,0.000134180615203325,0.000863147302889754,"MMGT1","Astrocytes"
"FMO2",1.02226390539806,-2.78149410718985,0.72854713722083,-3.81786430154725,0.000134611927957938,0.000865472224248781,"FMO2","Astrocytes"
"TCP1",8.84652910822832,0.743939109016184,0.194869198518351,3.81763313377678,0.000134738082167868,0.00086583376828475,"TCP1","Astrocytes"
"DIPK2A",17.4881825510799,-0.563359044306963,0.147582053653065,-3.8172598250415,0.000134942041572962,0.000866526552573781,"DIPK2A","Astrocytes"
"AAMDC",7.91689611560636,-0.89542299301075,0.234577111532624,-3.81717972039322,0.000134985845103353,0.000866526552573781,"AAMDC","Astrocytes"
"MT1JP",3.45809359707178,-3.20548497474206,0.840491125707425,-3.81382369985651,0.000136833097874697,0.000877929663721438,"MT1JP","Astrocytes"
"RPL23",22.234772402809,-0.802864592663976,0.210528422614542,-3.81356865117423,0.000136974453536892,0.000878381490495772,"RPL23","Astrocytes"
"CORO6",3.88717727694598,1.08232850910463,0.283827832740601,3.81332760305367,0.000137108176100654,0.000878783925804557,"CORO6","Astrocytes"
"PAFAH1B1",43.6912363840893,0.540054768626678,0.141662297204457,3.81226889076373,0.000137696959251291,0.000882101110402866,"PAFAH1B1","Astrocytes"
"NFIA",398.944149342498,-0.45254983214841,0.118829248258052,-3.80840440196712,0.000139866399246776,0.000895535481837037,"NFIA","Astrocytes"
"CELF2-AS2",1.32865241297172,-2.44610912860729,0.642385734930024,-3.80785094624455,0.000140179720070374,0.000897077764150614,"CELF2-AS2","Astrocytes"
"PPP1R12C",12.1245598979063,0.623951288976223,0.163865746016288,3.807698095209,0.000140266368107445,0.000897168613778146,"PPP1R12C","Astrocytes"
"ENO4",4.10612619455892,-1.19768490224744,0.314751987185363,-3.80517026423762,0.000141706678364841,0.000905799279598884,"ENO4","Astrocytes"
"SSBP4",12.6512941769594,0.655949813799411,0.17238820510437,3.80507363251607,0.000141762012748335,0.000905799279598884,"SSBP4","Astrocytes"
"APBA1",19.2261350899963,-0.553149018452384,0.145399809780188,-3.80433110117972,0.000142187889189247,0.000908051898829524,"APBA1","Astrocytes"
"ANKRD29",9.48036822119006,-1.09302364816533,0.287403051621649,-3.80310383622591,0.000142894425671206,0.000912093645920902,"ANKRD29","Astrocytes"
"DDX24",23.5958767824919,0.96351447381315,0.253483492458261,3.80109357208657,0.000144058882852984,0.000919052625640651,"DDX24","Astrocytes"
"ATP6V1G2",3.7576059835722,-1.79778658404043,0.473030729070464,-3.80057039332983,0.000144363399390494,0.000920521099203131,"ATP6V1G2","Astrocytes"
"ABCF1",4.5824754811449,1.24044361282584,0.326444500457546,3.79986065345634,0.000144777472985558,0.000922498435946785,"ABCF1","Astrocytes"
"FLNA",38.511373436502,1.31241173858967,0.345391179409181,3.79978359851184,0.000144822495314589,0.000922498435946785,"FLNA","Astrocytes"
"CYP2J2",9.71773545904265,-1.45817740341788,0.383933088229507,-3.79799878708607,0.000145869037243124,0.000927733070457939,"CYP2J2","Astrocytes"
"ENSG00000275390",2.61118371552286,-1.68527620604636,0.443706000207334,-3.79818214146049,0.000145761198271579,0.000927733070457939,"ENSG00000275390","Astrocytes"
"LINC00539",1.79762626383114,-2.61361744443211,0.688153863113588,-3.79801318357303,0.000145860567303253,0.000927733070457939,"LINC00539","Astrocytes"
"AK4",12.7783877000667,-0.802106390667354,0.211211189884434,-3.79765101984527,0.00014607378124,0.000928271059929038,"AK4","Astrocytes"
"KREMEN1",23.494281725868,-0.50705346072906,0.133519432107985,-3.79760048948513,0.000146103552919462,0.000928271059929038,"KREMEN1","Astrocytes"
"LTBP1",63.8470834872785,1.27095431364505,0.334715633175499,3.79711667957456,0.000146388895367289,0.000929607021196481,"LTBP1","Astrocytes"
"PEX3",10.9123736900871,-0.750483940578611,0.197682704549478,-3.79640668256222,0.000146808589142518,0.000931316987372851,"PEX3","Astrocytes"
"UBE2G2",31.7402535188131,0.470592015739269,0.123956587403181,3.7964260359042,0.000146797133980531,0.000931316987372851,"UBE2G2","Astrocytes"
"ENSG00000285847",7.27745899110454,-1.06261001139475,0.279941377289994,-3.79583047594278,0.000147150029251971,0.000933005024181849,"ENSG00000285847","Astrocytes"
"CPSF1",9.87133705944559,0.688884681369527,0.181513912940393,3.79521696276664,0.000147514397754602,0.000934358459025694,"CPSF1","Astrocytes"
"GSPT1",14.5836410369011,0.872342459647738,0.229847864309054,3.79530374263032,0.000147462807232905,0.000934358459025694,"GSPT1","Astrocytes"
"NRG3",1039.70375383607,-0.346756778023581,0.0913830112277166,-3.79454313624554,0.000147915565467088,0.000936420474017869,"NRG3","Astrocytes"
"PHKG1",24.6854216505189,1.00774039429418,0.265618013799758,3.79394597481589,0.00014827194837258,0.000937239171361745,"PHKG1","Astrocytes"
"ARHGAP12",19.414740179783,-0.525477027553748,0.13849499583723,-3.7941950492661,0.000148123203840534,0.000937239171361745,"ARHGAP12","Astrocytes"
"RCN2",20.7668716300968,-0.744607742105953,0.19625646404068,-3.79405460984771,0.000148207055437716,0.000937239171361745,"RCN2","Astrocytes"
"DPP10",1852.86708889887,-0.443205858226655,0.116843516767822,-3.79315746809762,0.000148743763801292,0.00093974185058745,"DPP10","Astrocytes"
"PAGR1",34.1939225644971,0.505549589727442,0.133310362033447,3.79227527415012,0.000149273313781249,0.000942606550001633,"PAGR1","Astrocytes"
"INTS12",12.4944164691101,0.585093650536968,0.154297959930362,3.79197269232226,0.000149455351438101,0.000943275034076458,"INTS12","Astrocytes"
"GLIS3",285.418756842106,0.278613493218919,0.0735032755339438,3.79049084812902,0.000150349872679833,0.000948437327251336,"GLIS3","Astrocytes"
"NDUFA8",7.73278450530482,-0.856819379904066,0.226162711819626,-3.7885086052002,0.000151554344347117,0.000955548597785308,"NDUFA8","Astrocytes"
"SEMA6A",20.885192726849,-0.583846375510171,0.154230215970059,-3.78555117645375,0.000153368266281183,0.000966493252600454,"SEMA6A","Astrocytes"
"CMTM5",5.19667634697287,-1.13393003989402,0.299552373716392,-3.78541497043051,0.000153452297762248,0.000966530927360078,"CMTM5","Astrocytes"
"ATAD3B",12.12156210901,0.86097469250758,0.227464814940558,3.78508954333256,0.000153653243543803,0.000967304583021311,"ATAD3B","Astrocytes"
"SAT2",59.9072708973139,-0.534499502097769,0.1412202138422,-3.78486540669752,0.000153791788179733,0.000967684813531316,"SAT2","Astrocytes"
"TJP1",111.593414662034,-0.288150563016952,0.076164558870764,-3.78326307260423,0.000154785662658521,0.000973443809395871,"TJP1","Astrocytes"
"ACBD6",27.9267516090887,-0.414724607682845,0.109626555374146,-3.78306703396294,0.000154907673124369,0.000973716607258407,"ACBD6","Astrocytes"
"RAP1GAP",7.46612295949571,1.73648574538343,0.45908231136924,3.7825150357117,0.000155251712105064,0.000975384044138511,"RAP1GAP","Astrocytes"
"SLC20A1-DT",2.97610800258802,-1.46827933001754,0.388278719020036,-3.78150863823615,0.000155880812024054,0.0009783436874272,"SLC20A1-DT","Astrocytes"
"HIBADH",17.954210936433,-0.588998063632789,0.155757386212663,-3.78150967960262,0.000155880159826699,0.0009783436874272,"HIBADH","Astrocytes"
"NECAB1",2.11840470629192,-1.71186903140996,0.452722695074055,-3.78127504990653,0.000156027170965601,0.00097876618949698,"NECAB1","Astrocytes"
"NALF1",217.866362216366,-0.714379446616502,0.189046499536466,-3.77885572262977,0.000157550669750276,0.000987822756211474,"NALF1","Astrocytes"
"PLD3",22.1061677492057,0.729919224764511,0.193337629758577,3.77536036660824,0.000159776507420857,0.00100127150374113,"PLD3","Astrocytes"
"DR1",3.72751727022419,1.10080361949465,0.291585840851461,3.77523001898922,0.000159860082210347,0.00100128851695029,"DR1","Astrocytes"
"APOC1",13.2334188484672,-1.21108488871589,0.320913745395594,-3.7738641803048,0.000160738292427339,0.00100628021998369,"APOC1","Astrocytes"
"RAB1A",30.1314753186222,0.400794622656283,0.106224235906697,3.7730996060854,0.000161231880126986,0.00100836176262019,"RAB1A","Astrocytes"
"JMY",10.1979440410842,-0.735121036255624,0.194832272249328,-3.77309686823794,0.000161233650164579,0.00100836176262019,"JMY","Astrocytes"
"BBS9",46.7219189361009,-0.546469592155428,0.144897446709549,-3.77142320009848,0.000162319117150478,0.00101463787363674,"BBS9","Astrocytes"
"GLUL",267.308914068346,-0.736817951962849,0.195378808974772,-3.77122757493106,0.000162446438827663,0.00101492141877041,"GLUL","Astrocytes"
"SEPTIN9",24.8661145955579,0.722216659152098,0.191627970055579,3.76884783021304,0.000164002827408796,0.001024128598993,"SEPTIN9","Astrocytes"
"PLAA",9.49215910351741,0.888972150532102,0.23589356156327,3.7685307926205,0.000164211230631526,0.00102491313957166,"PLAA","Astrocytes"
"GRIA1",30.4015635795728,-1.21169327879704,0.321624409871739,-3.7674170293239,0.000164945334720312,0.00102845824765439,"GRIA1","Astrocytes"
"CLDN15",4.57312144962608,1.16008382434726,0.307915681317611,3.76753733159387,0.000164865892555226,0.00102845824765439,"CLDN15","Astrocytes"
"GRK5",4.53174027447076,1.02587920082916,0.272346358609686,3.76681812845311,0.000165341357918229,0.00103040867393127,"GRK5","Astrocytes"
"ENSG00000254865",2.39515141540336,-2.10923119774949,0.559983050167336,-3.76659828742889,0.000165486952112286,0.00103079724748815,"ENSG00000254865","Astrocytes"
"DPYSL3",54.1174781434845,0.539420988358176,0.143219115060778,3.76640358466998,0.000165615998686405,0.00103108240911702,"DPYSL3","Astrocytes"
"CDK5RAP3",50.4985761957016,-0.577874381437082,0.153489365971793,-3.76491477294447,0.000166605898954994,0.00103672404359783,"CDK5RAP3","Astrocytes"
"CAMKMT",43.8990547641684,-0.395324063724214,0.105027612285777,-3.76400124805797,0.000167216047806571,0.00103947606425139,"CAMKMT","Astrocytes"
"KLC2",7.21688793346378,1.13028222898104,0.300277812993064,3.76412169022672,0.000167135483615369,0.00103947606425139,"KLC2","Astrocytes"
"OPALIN",4.81613635763776,-1.07339552431208,0.285241140396388,-3.76311608774398,0.000167809256465475,0.001042640252289,"OPALIN","Astrocytes"
"SNHG32",6.82963698718928,-1.01664051030774,0.270353204304783,-3.7604159822039,0.000169631041723749,0.00105343088749508,"SNHG32","Astrocytes"
"GPSM2",15.1736180584565,-0.718866079784134,0.19118925723492,-3.75997108927958,0.000169932994294723,0.00105477707686795,"GPSM2","Astrocytes"
"CACNA1B",13.1671774518567,-0.636849208112726,0.169527342813715,-3.75661646990202,0.000172226134915897,0.0010684750644607,"CACNA1B","Astrocytes"
"SLC25A4",7.61890892967802,-1.16362132050927,0.309770144485472,-3.75640242038833,0.00017237343762371,0.00106885341917597,"SLC25A4","Astrocytes"
"ACADL",1.48568289058169,-1.95107494739791,0.519580584687733,-3.75509594641706,0.000173275087297505,0.00107384682032678,"ACADL","Astrocytes"
"KBTBD11-AS1",37.5833510437161,0.810488479313572,0.215843358319571,3.75498456669484,0.000173352159721653,0.00107384682032678,"KBTBD11-AS1","Astrocytes"
"CRADD-AS1",3.20214421852642,-2.0802796488147,0.554024520315158,-3.75485122505286,0.000173444471736523,0.00107388144675668,"CRADD-AS1","Astrocytes"
"IP6K1",10.3200402313623,0.640268847631325,0.170531936710681,3.75453923752467,0.0001736606404217,0.001074682513914,"IP6K1","Astrocytes"
"GRAMD1C",97.2772556924519,-0.382161829987617,0.101842297768499,-3.75248632799232,0.00017508938364152,0.00108298293588059,"GRAMD1C","Astrocytes"
"PHYKPL",16.704221540943,-0.73414901647485,0.195655934190587,-3.75224508018101,0.000175258006470122,0.00108348471997979,"PHYKPL","Astrocytes"
"KDSR",11.3867448198186,0.587721857939599,0.156653842313187,3.75172322147457,0.000175623288015936,0.00108520118537991,"KDSR","Astrocytes"
"ANKH",15.5495553279924,-0.613519445520677,0.163545892816797,-3.75135954167885,0.000175878273451461,0.00108579767622517,"ANKH","Astrocytes"
"MCPH1",22.1925274737981,0.470318157624174,0.125373527965639,3.75133543145628,0.000175895190059573,0.00108579767622517,"MCPH1","Astrocytes"
"SPECC1",33.340071176794,0.603491389800227,0.160900001674162,3.75072332828408,0.000176325176758887,0.00108790964813418,"SPECC1","Astrocytes"
"ENSG00000289225",2.51373451811945,-1.86641757799826,0.497680910313549,-3.75022939260896,0.000176672874273331,0.00108951205285192,"ENSG00000289225","Astrocytes"
"AKIP1",2.25886369565706,-1.51681015794167,0.404822843194079,-3.74684922909473,0.000179069641265205,0.00110374284110853,"AKIP1","Astrocytes"
"CHRD",5.85873701958385,0.891970703462784,0.238110984589554,3.74602920986751,0.000179655681628613,0.00110680413214285,"CHRD","Astrocytes"
"ENSG00000281732",0.668942338748759,-2.39907406073356,0.64056028658855,-3.74527442765829,0.000180196692679258,0.00110958510464806,"LOC284933","Astrocytes"
"TTN",4.63050373166712,-1.23789708655375,0.330579080732153,-3.74463224899806,0.000180658197707328,0.00111187398718183,"TTN","Astrocytes"
"CAPS2",36.3592213244086,-0.431592612805088,0.115296131460197,-3.74333993117612,0.000181590299060774,0.00111705547604052,"CAPS2","Astrocytes"
"GTF3C6",11.0149720555441,-1.12271575768021,0.300005511371283,-3.74231710793723,0.000182331227312256,0.00112105639911006,"GTF3C6","Astrocytes"
"SH3PXD2A",9.51298731734604,0.813921164962502,0.217498918423815,3.7421848846922,0.000182427216390851,0.00112108993576571,"SH3PXD2A","Astrocytes"
"ENSG00000261526",7.05313809875841,-1.06748928104854,0.285560991979338,-3.73821814264388,0.000185329111112516,0.00113835832485431,"ENSG00000261526","Astrocytes"
"GRM7",10.6053675121026,-1.0892532992522,0.291398665979637,-3.73801745313521,0.00018547707386851,0.00113870233302616,"GRM7","Astrocytes"
"FBXO38-DT",29.7495279922559,-0.699902025355029,0.187321573026427,-3.73636636745671,0.00018669859482812,0.00114563364705481,"FBXO38-DT","Astrocytes"
"ENSG00000260257",4.81832171025348,1.18368289909213,0.316847953912444,3.73580729960851,0.000187113920316132,0.00114761350929899,"LOC119746555","Astrocytes"
"RAPGEF1",14.3414058378006,0.659500206345558,0.176551617149027,3.73545265115795,0.000187377834860835,0.00114866323221867,"RAPGEF1","Astrocytes"
"CLCN3",19.1757613919879,-0.561673994215148,0.150386409177699,-3.73487203588634,0.000187810659907221,0.00115074685879818,"CLCN3","Astrocytes"
"RUNDC3A",9.08367885752005,-0.804198169188648,0.215373312147692,-3.73397317044169,0.000188482581478069,0.00115429268370075,"RUNDC3A","Astrocytes"
"NCOA3",9.85337706232563,-0.672124959507931,0.180013797987731,-3.73374134105953,0.000188656245171325,0.00115478511317672,"NCOA3","Astrocytes"
"MIAT",44.2549178167837,-0.653183702397563,0.174974947008102,-3.73301271734244,0.000189203037801734,0.00115755988987099,"MIAT","Astrocytes"
"ATF6",26.4461897101983,0.570744578748616,0.152954448822916,3.73146765681461,0.000190367454055322,0.0011641087326257,"ATF6","Astrocytes"
"SEL1L3",8.73379878153523,-1.15424823873841,0.309584046903768,-3.72838410209554,0.000192711500228277,0.00117786105988487,"SEL1L3","Astrocytes"
"ANKRD28",26.4160124167141,-0.677236902095201,0.181658067633967,-3.72808601850706,0.000192939528492488,0.00117867300509249,"ANKRD28","Astrocytes"
"RPS6KB1",12.1149897134008,0.661750146179157,0.177526835589389,3.72760627418466,0.00019330705627149,0.00117990298644075,"RPS6KB1","Astrocytes"
"CHI3L2",8.09202871351563,4.2107811158407,1.12963030942967,3.72757448228054,0.000193331434990574,0.00117990298644075,"CHI3L2","Astrocytes"
"SLC12A5",1.94876876615514,-2.0293750512095,0.544517585769427,-3.72692288411936,0.000193831731447175,0.00118237356182777,"SLC12A5","Astrocytes"
"ARMCX4",20.6393914010568,-0.463083744069981,0.124274580082576,-3.72629498134114,0.000194314985455234,0.0011847377965988,"ARMCX4","Astrocytes"
"IGHG1",1.30850484812032,-2.57183645251979,0.69036486369003,-3.72532929728378,0.000195060416843976,0.00118869741229279,"IGHG1","Astrocytes"
"POLR2B",15.0695409015895,0.597526837497586,0.160450883382237,3.72404828756298,0.000196053401683576,0.00119366154269339,"POLR2B","Astrocytes"
"FAM229B",6.39692615060264,-1.24767145834422,0.335032623224748,-3.72402975667016,0.000196067800842959,0.00119366154269339,"FAM229B","Astrocytes"
"RHOBTB1",4.69315278036157,1.09806588457667,0.294876707555714,3.7238135683172,0.000196235860280103,0.00119409762056438,"RHOBTB1","Astrocytes"
"EMG1",2.23263426849666,-1.71122920878755,0.459748142255854,-3.72210141054845,0.000197571638009722,0.00120163536025264,"EMG1","Astrocytes"
"ENSG00000251148",2.55682809572248,3.06946957146843,0.824845072162085,3.72126799936228,0.000198224929174613,0.00120501683749103,"ENSG00000251148","Astrocytes"
"SELENOW",54.9124258969259,0.77326198605385,0.207812327788932,3.72096301639634,0.000198464504910124,0.0012058812386173,"SELENOW","Astrocytes"
"CAT",17.736945104408,-0.573752998676709,0.154201554912471,-3.72079904772937,0.000198593420966639,0.00120607274734178,"CAT","Astrocytes"
"MAPK10",307.410456550195,-0.228587562182097,0.0614573344676969,-3.71945129351886,0.000199656042410058,0.00121193175155086,"MAPK10","Astrocytes"
"SLC27A3",7.75901894422195,0.932765249508068,0.250788876977195,3.71932463971633,0.000199756175270819,0.00121194547691257,"SLC27A3","Astrocytes"
"ZNF532",38.7387752531795,0.584261949753408,0.157118796785829,3.7185999492462,0.000200330025569809,0.00121483188375658,"ZNF532","Astrocytes"
"PQBP1",11.9340444889071,0.79103715651612,0.212772737304276,3.71775616809824,0.000201000129906323,0.00121829887842878,"PQBP1","Astrocytes"
"ZNF700",7.65565595006826,0.713590948975153,0.191955633850323,3.71747853741857,0.00020122107546201,0.00121904137839827,"ZNF700","Astrocytes"
"ENSG00000288704",3.62510680728743,2.63673803301821,0.709313691088853,3.71730881011278,0.000201356261128972,0.0012192638540636,"ENSG00000288704","Astrocytes"
"BOLA2B",3.39118373222404,1.2243312796149,0.329411952089558,3.71671784174378,0.000201827626050857,0.00122152076900673,"BOLA2B","Astrocytes"
"EPS8L2",13.8865640887886,1.40885549198808,0.379093522890255,3.71637975042886,0.000202097758538055,0.00122255815533793,"EPS8L2","Astrocytes"
"EFTUD2",7.86785710996194,0.839209986717517,0.2259384657423,3.71432984622769,0.000203742903643504,0.00123132354318616,"EFTUD2","Astrocytes"
"VPS16",7.42385608659077,0.906863358938344,0.244152839931083,3.71432648170025,0.000203745614147496,0.00123132354318616,"VPS16","Astrocytes"
"CYP4A22-AS1",1.53808030199435,-2.13198264876973,0.574085793279695,-3.71370041503714,0.00020425057102976,0.00123317153635374,"CYP4A22-AS1","Astrocytes"
"JAG1",3.48537586004963,1.15342961947119,0.310579598066213,3.71379712850709,0.000204172489647082,0.00123317153635374,"JAG1","Astrocytes"
"G6PC3",4.9992133274262,-1.01081099496425,0.272211684888099,-3.71332698440104,0.000204552322663961,0.00123439152609543,"G6PC3","Astrocytes"
"NEU3",5.25758590499842,1.46658596886982,0.395076035770761,3.71216129575825,0.000205496956546346,0.00123905378303344,"NEU3","Astrocytes"
"PZP",2.37286650365142,-2.09682444351727,0.564857990429195,-3.71212672750552,0.000205525031926891,0.00123905378303344,"PZP","Astrocytes"
"MIIP",13.8923012204653,0.619988014938823,0.167055842115685,3.71126209707461,0.000206228434084433,0.00124087789080055,"MIIP","Astrocytes"
"TRAF5",3.65021937327161,1.34603817819368,0.362669574617364,3.71147257007657,0.000206057000214242,0.00124087789080055,"TRAF5","Astrocytes"
"PCDHB4",4.51808870772798,1.01741135456672,0.274134195147213,3.71136243700045,0.000206146688790633,0.00124087789080055,"PCDHB4","Astrocytes"
"PKIA",38.1022524512163,0.445412631765194,0.120008551568671,3.71150743795387,0.000206028612658071,0.00124087789080055,"PKIA","Astrocytes"
"ENSG00000224905",9.61644715631105,0.824371518639637,0.222241660729668,3.70934736508468,0.000207794180945336,0.00124969176427688,"LOC105377134","Astrocytes"
"ISOC2",3.61832354566373,-1.28903801331272,0.347561647328536,-3.70880395814859,0.000208240574696484,0.00125176846430416,"ISOC2","Astrocytes"
"LINC02762",6.26378009723077,0.987524180276871,0.266279852818,3.70859518595211,0.000208412314640655,0.00125219296079341,"LINC02762","Astrocytes"
"DHRS7",8.28113865898535,-0.934462065656189,0.252080913060794,-3.70699254580542,0.000209735113679721,0.00125952954058971,"DHRS7","Astrocytes"
"ENSG00000273674",8.90936717916866,0.798911266353114,0.215542088789601,3.70652094372605,0.000210125867145885,0.00126065339770712,"ENSG00000273674","Astrocytes"
"CACNA1A",12.6338216432915,-0.829649064300447,0.223832826106639,-3.70655671346965,0.000210096205605552,0.00126065339770712,"CACNA1A","Astrocytes"
"ZNF876P",3.20162477008638,1.16755399687535,0.315083615809354,3.70553700126952,0.000210943330834147,0.00126494492286646,"ZNF876P","Astrocytes"
"FRA10AC1",19.2047745391308,-0.551865973265821,0.148938121452191,-3.70533727621218,0.000211109627520513,0.00126532938895765,"FRA10AC1","Astrocytes"
"AGO3",39.2473680912378,0.327761257442052,0.088465665487946,3.70495440953543,0.000211428757338102,0.00126656148092795,"AGO3","Astrocytes"
"SPDYE21",6.7122593332773,-1.55181400256048,0.418860670821846,-3.7048453355997,0.000211519756323911,0.00126656148092795,"SPDYE21","Astrocytes"
"STAT1",17.2227174340451,1.09422145289786,0.295411893936508,3.70405347705138,0.00021218149738431,0.00126990985118893,"STAT1","Astrocytes"
"ACAP3",25.2155011640406,0.712575035549329,0.192396418800872,3.70368138861687,0.000212493115538313,0.00127116050710673,"ACAP3","Astrocytes"
"MYH9",12.0413051686837,1.1775928296581,0.317985699966251,3.70328863776919,0.000212822504340323,0.00127251621016235,"MYH9","Astrocytes"
"PTPN23-DT",2.62413264954544,-1.51147097312301,0.408162737560178,-3.70310867218781,0.000212973596415816,0.00127280504074182,"PTPN23-DT","Astrocytes"
"LTBP3",37.5968162869821,0.746761279949189,0.20174182171017,3.70156903322711,0.000214270340586795,0.00127993710925532,"LTBP3","Astrocytes"
"ACSM6",2.02379540522612,-2.14759876210642,0.580447514693877,-3.69990172709938,0.000215682970913774,0.00128775420869106,"ACSM6","Astrocytes"
"SUCO",20.2788071424609,0.496708379642748,0.134292546089675,3.69870401675956,0.000216703126855231,0.0012932215999269,"SUCO","Astrocytes"
"RUFY3",103.994536980662,0.425301984170181,0.115017798958491,3.6977058161552,0.000217556808986664,0.00129769073491419,"RUFY3","Astrocytes"
"TBC1D16",5.74125940141387,-0.971177169400873,0.262652482218026,-3.69757468575798,0.000217669188814016,0.00129773594852381,"TBC1D16","Astrocytes"
"LRRC23",11.559249677485,0.615453217238039,0.166509555167544,3.69620359996014,0.000218847489413292,0.00130413304206198,"LRRC23","Astrocytes"
"ENSG00000272384",1.41031391129268,-2.26012904654577,0.611500661611976,-3.6960369602673,0.000218991105738023,0.00130425179059691,"ENSG00000272384","Astrocytes"
"ZNF551",4.40235738079644,1.36440934803235,0.369164755258841,3.69593610602316,0.000219078068678153,0.00130425179059691,"ZNF551","Astrocytes"
"MRPL33",13.602666937674,-0.907026301425566,0.245453193910431,-3.69531268660757,0.00021961634056775,0.00130682803712179,"MRPL33","Astrocytes"
"ABCC10",6.54470057052837,1.03100585388357,0.279102926079634,3.69399872787218,0.000220754905860422,0.00131297214182018,"ABCC10","Astrocytes"
"NCAPD3",5.11906260445665,0.87665110954551,0.237412198703114,3.69252765584202,0.00022203618636381,0.00131995875935817,"NCAPD3","Astrocytes"
"MARCHF9",2.74001368848136,-1.50845226831425,0.4085860223554,-3.6918841707271,0.000222598843690338,0.00132266865711011,"MARCHF9","Astrocytes"
"DYNC2H1",51.6106612888059,-0.355164316098766,0.0962057982474879,-3.69171424767051,0.000222747646048076,0.00132291803405915,"DYNC2H1","Astrocytes"
"FAXDC2",15.5165812577051,-0.715733068127886,0.193882672113982,-3.69157831550369,0.000222866749658469,0.00132299087297259,"FAXDC2","Astrocytes"
"PIK3R1",43.1403261390473,-0.583611684613103,0.158249782109544,-3.68791461721643,0.000226099488079514,0.00134153807421592,"PIK3R1","Astrocytes"
"TENT4B",7.75218008544225,0.852781237185117,0.231336039558953,3.68633110003509,0.000227510315269764,0.00134926256416929,"TENT4B","Astrocytes"
"CLASP1",71.4298316104984,-0.392725168349178,0.106579460982511,-3.68481098261158,0.000228872426364496,0.00135669088351918,"CLASP1","Astrocytes"
"GMPR",25.38701514211,0.911308060369713,0.247345122260751,3.68435832508155,0.000229279509664669,0.00135845366898449,"GMPR","Astrocytes"
"RPRD1B",12.0493405239601,0.810510951833942,0.220092981545765,3.68258427025492,0.000230881509848096,0.00136729112216594,"RPRD1B","Astrocytes"
"GFRA1",6.28495551517431,-1.04021936837254,0.282500508649725,-3.68218582453004,0.000231242754516728,0.00136877582656819,"GFRA1","Astrocytes"
"RAB30-DT",15.0768495834065,-0.649510066788725,0.176451064522974,-3.68096428630024,0.000232353551956032,0.00137469375722482,"RAB30-DT","Astrocytes"
"COL21A1",34.5206112099557,1.19977024567111,0.326061178164533,3.67958630470783,0.000233612619758445,0.00138082342265815,"COL21A1","Astrocytes"
"AP2A1",9.69571405508797,0.70573633677692,0.191795490807172,3.67962945221928,0.000233573098781157,0.00138082342265815,"AP2A1","Astrocytes"
"RRP7A",3.99162852108801,0.96612482422636,0.262615068462818,3.67886286907084,0.000234276186209337,0.00138408493026251,"RRP7A","Astrocytes"
"ESYT1",6.21485812625697,0.951682356988098,0.258735764863819,3.67820180363932,0.000234884090165929,0.0013870146344896,"ESYT1","Astrocytes"
"TNKS1BP1",10.8746957156517,0.700712196290033,0.190521275337345,3.67786849552274,0.000235191155346846,0.00138816590879885,"TNKS1BP1","Astrocytes"
"IKBKB",10.0581157681188,0.657894201816676,0.178910236982697,3.67723062085208,0.000235779857624679,0.00139097759741134,"IKBKB","Astrocytes"
"NUDC",13.8948174195522,0.667544510432094,0.181552975783989,3.67685799447505,0.000236124398531502,0.00139168416326301,"NUDC","Astrocytes"
"SNAPIN",6.52569518758383,-0.873818445034359,0.237649097107184,-3.67692726659193,0.000236060311841884,0.00139168416326301,"SNAPIN","Astrocytes"
"ENSG00000272831",7.19381123233847,-0.885717660909571,0.240899695130904,-3.67670727199665,0.00023626389494993,0.00139184386829923,"ENSG00000272831","Astrocytes"
"ERC2",6.49609516479651,-0.885257073230095,0.24089621784524,-3.67484836893044,0.000237990713970248,0.00140134998149956,"ERC2","Astrocytes"
"PLEKHA2",7.67373519527144,1.05915126782943,0.288240444056756,3.67454078588944,0.000238277581046587,0.00140237228426801,"PLEKHA2","Astrocytes"
"EPDR1",4.25507717686973,-1.24467108259979,0.338842429126652,-3.67330350513619,0.000239434810549116,0.00140851366224689,"EPDR1","Astrocytes"
"ENSG00000287550",2.10982914754839,-2.03053801884393,0.552815114986521,-3.67308701190893,0.000239637838064002,0.00140903862713511,"ENSG00000287550","Astrocytes"
"TRAF3IP2",21.2513791237117,1.05552072482323,0.287377745856579,3.67293828433748,0.000239777408478054,0.0014091901514873,"TRAF3IP2","Astrocytes"
"DACH1",8.76031103933101,-0.753902389578576,0.205277556513387,-3.67260017307061,0.000240094986051852,0.00141038719747632,"DACH1","Astrocytes"
"AKAP1-DT",2.32642425212764,-1.94564522270313,0.529797252320644,-3.67243358507564,0.000240251602137341,0.0014106380224119,"AKAP1-DT","Astrocytes"
"COPS5",6.16431006753385,-0.923061446462902,0.251423598816117,-3.67133972629991,0.00024128236621315,0.0014160187397239,"COPS5","Astrocytes"
"ENSG00000253108",13.1409462439585,-0.937452551162058,0.255404299326831,-3.67046503771824,0.000242109585724967,0.00141818495744194,"ENSG00000253108","Astrocytes"
"FBXO21",17.0872742180499,-0.616463259175787,0.167945935070821,-3.67060541784373,0.000241976644989271,0.00141818495744194,"FBXO21","Astrocytes"
"EIF4A1",37.371304035583,0.436283248551533,0.118860609854699,3.67054526377466,0.000242033602829604,0.00141818495744194,"EIF4A1","Astrocytes"
"PINLYP",2.41738343952035,-1.46038327922762,0.397862887690669,-3.67056924485764,0.000242010894450987,0.00141818495744194,"PINLYP","Astrocytes"
"CA12",6.42384274241591,-1.38724682423569,0.377962068545212,-3.67033345323578,0.000242234259150428,0.00141824436456726,"CA12","Astrocytes"
"TNR",6.44453216342421,-1.00718112260039,0.274438360922165,-3.66997208122097,0.000242576961150969,0.00141957963607394,"TNR","Astrocytes"
"SERAC1",4.43820350012233,1.003074298883,0.273585952636795,3.66639547540898,0.000245993399885784,0.00143889290070178,"SERAC1","Astrocytes"
"KANSL2",5.12514062887604,0.90161803365341,0.246207129135472,3.66203057084227,0.000250223990368687,0.00146294790969568,"KANSL2","Astrocytes"
"ETFBKMT",1.53418952691105,-1.7904128240626,0.489016658782265,-3.66125119033989,0.000250986531650849,0.00146671364862316,"ETFBKMT","Astrocytes"
"ZDBF2",5.19707736281228,-0.99698009588216,0.272316116336146,-3.66111308172261,0.000251121883418651,0.00146681239734583,"ZDBF2","Astrocytes"
"KCNIP1",14.3235661581383,-0.989672065029209,0.270548606134737,-3.65801945598026,0.000254171756607897,0.00148392685623555,"KCNIP1","Astrocytes"
"SMOC1",7.78590891957197,1.17034561266385,0.320030954607549,3.65697628874381,0.000255207977823165,0.00148927445305573,"SMOC1","Astrocytes"
"AGTRAP",7.50094030892943,0.769534954694842,0.210568744851647,3.65455450302942,0.000257628932119205,0.0015026938607782,"AGTRAP","Astrocytes"
"CHRNA4",1.18197163860956,-1.95554398244549,0.53514262362884,-3.65424822486538,0.000257936634503807,0.00150378029428467,"CHRNA4","Astrocytes"
"NOMO1",4.75652460639337,0.943561307503743,0.258369183882368,3.65198857435465,0.000260217465143049,0.00151636370393712,"NOMO1","Astrocytes"
"PCDH10-DT",16.9715842064408,-0.649229173031922,0.177823898771283,-3.65096692580652,0.000261254885420661,0.00152132442686801,"PCDH10-DT","Astrocytes"
"URB1",9.19633915331209,0.769318293396345,0.210719693989099,3.65090836472144,0.00026131446789536,0.00152132442686801,"URB1","Astrocytes"
"ELAC1",2.6698568345202,-1.43504486010182,0.393090839333361,-3.65066981091571,0.000261557314104589,0.00152202266003625,"ELAC1","Astrocytes"
"EXOC4",84.858588732801,-0.287273240540331,0.0786974618928181,-3.65034949833049,0.000261883723026694,0.00152320626690444,"EXOC4","Astrocytes"
"EXPH5",8.0242522879361,1.18151000140579,0.323861729929819,3.64819270761575,0.000264091525928187,0.00153532646270833,"EXPH5","Astrocytes"
"DDX50",15.1908068438049,0.691592490280201,0.189645385290603,3.64676677589828,0.000265560752575897,0.00154314350030377,"DDX50","Astrocytes"
"PCSK7",16.8517851200665,0.605593070501037,0.166073750226628,3.64653095190921,0.000265804473959959,0.00154383527253573,"PCSK7","Astrocytes"
"BCR",26.2204175975602,0.88365717591256,0.242339842671119,3.64635532553258,0.00026598611801648,0.00154416601003191,"BCR","Astrocytes"
"PHACTR4",25.3038589836374,0.417407211206705,0.11451075164836,3.64513554577375,0.000267250906769337,0.00155078162067699,"PHACTR4","Astrocytes"
"IP6K2",19.5204947915938,-0.707003688248211,0.194096237069765,-3.64254196228487,0.000269958953037563,0.00156553604873619,"IP6K2","Astrocytes"
"CHD1-DT",26.7759800428047,-0.640170441645307,0.175752770692875,-3.64244864602445,0.000270056865347749,0.00156553604873619,"CHD1-DT","Astrocytes"
"BAG4",4.53784607299225,0.909062557188486,0.249582142882189,3.64233813641705,0.000270172860869679,0.00156553604873619,"BAG4","Astrocytes"
"MGAT5B",4.86879361850219,-1.13058713557776,0.310435621624093,-3.64193751239925,0.000270593764296917,0.00156724161987311,"MGAT5B","Astrocytes"
"MICALL2",77.8280708327715,0.580107764628199,0.159359121493144,3.64025453449275,0.000272368657110936,0.00157604723411435,"MICALL2","Astrocytes"
"SURF4",10.5304248029456,0.677473480275136,0.18610137463814,3.64034645951665,0.000272271430605535,0.00157604723411435,"SURF4","Astrocytes"
"ZBTB49",4.3258575832215,1.16135079822625,0.319070371696555,3.63979517136343,0.000272855000335379,0.00157812399306539,"ZBTB49","Astrocytes"
"REL-DT",2.05608715178661,-1.72461563003163,0.473998877676452,-3.63843821421205,0.000274296414251657,0.00158572012029798,"REL-DT","Astrocytes"
"CBR1",14.8634308560085,-1.00277504787263,0.275646682480994,-3.63789993352004,0.000274870171919379,0.00158829553844035,"CBR1","Astrocytes"
"P4HA2",9.72196499861728,0.858842983904073,0.236122357125736,3.63727939344064,0.000275533006221349,0.00159138302986892,"P4HA2","Astrocytes"
"SPACA6",15.4777027540611,0.534382765388254,0.146978674905194,3.63578434581034,0.000277136109197934,0.00159989577631609,"SPACA6","Astrocytes"
"TESK1",5.49734699801017,1.12234222052981,0.308752171720914,3.63509093482366,0.000277882600250117,0.00160345770684865,"TESK1","Astrocytes"
"RPL19",37.8520461186714,-0.558216343555879,0.153584132912635,-3.63459644541155,0.000278416092991235,0.00160578783395923,"RPL19","Astrocytes"
"RPS7",19.2667312883289,-0.726752562273938,0.200050434385389,-3.63284670941468,0.000280311557912884,0.0016159674216179,"RPS7","Astrocytes"
"ENSG00000289159",8.31296416668841,1.18695081820904,0.326766450551668,3.63241335273297,0.000280782871981727,0.00161793127210318,"ENSG00000289159","Astrocytes"
"ENSG00000260850",2.74386715299398,-1.72488953320169,0.47494948764518,-3.63173259066721,0.000281524761237841,0.00162145168298055,"LOC102723323","Astrocytes"
"KDM3B",23.4349703513445,0.403777390202464,0.1111899268844,3.63142059282272,0.000281865387538553,0.0016226588070153,"KDM3B","Astrocytes"
"PLS3",12.7814065002408,0.922424199422689,0.254025820557865,3.63122220173114,0.000282082183511341,0.00162315226692423,"PLS3","Astrocytes"
"PLOD2",74.6011876092873,0.719036622684647,0.1980476849087,3.63062372082826,0.00028273713289054,0.00162616531192919,"PLOD2","Astrocytes"
"DLG2-AS2",3.16004527431039,-1.84025524584587,0.507035054434642,-3.62944382198152,0.000284032534478515,0.00163285741617802,"DLG2-AS2","Astrocytes"
"LINC00540",1.58381887591469,-1.93301599890607,0.53283124260178,-3.62782030097799,0.000285824077359814,0.00164239422271303,"LINC00540","Astrocytes"
"LAMP5",1.52629510022051,-2.31625054558361,0.638611395267256,-3.62701098469167,0.00028672110074797,0.00164678450397129,"LAMP5","Astrocytes"
"IFFO1",14.024507496864,0.701808743424054,0.193517554031163,3.62658957187439,0.000287189226426556,0.00164870847975895,"IFFO1","Astrocytes"
"EIF4E2",7.72434795259052,0.78623873758431,0.216826385960951,3.62612112035989,0.000287710445320099,0.00165050426837276,"EIF4E2","Astrocytes"
"MLEC",13.6549628951558,-0.634126387124373,0.174879850872704,-3.62606889221308,0.000287768611436387,0.00165050426837276,"MLEC","Astrocytes"
"SMARCA4",11.4574002457465,0.737991260219286,0.203562782699693,3.62537419872085,0.000288543335204709,0.00165418153696292,"SMARCA4","Astrocytes"
"ENSG00000231918",10.5617382570756,-1.19762346229862,0.330394981364155,-3.62482340789137,0.000289158966680056,0.00165617737483771,"NRXN1-DT","Astrocytes"
"RBFOX1",22.5347290120268,-0.655066819679368,0.180716537340656,-3.62483051810885,0.000289151011593832,0.00165617737483771,"RBFOX1","Astrocytes"
"H6PD",9.22228155013321,0.726628507770736,0.200492660061314,3.62421500891116,0.000289840418295658,0.00165778009226565,"H6PD","Astrocytes"
"GRK7",3.48625829782982,2.47398678639585,0.682612933853085,3.62428935008769,0.000289757070097602,0.00165778009226565,"GRK7","Astrocytes"
"VPS25",3.22868913598682,-1.46577122968502,0.404438200341425,-3.62421558707269,0.000289839769998632,0.00165778009226565,"VPS25","Astrocytes"
"CYP51A1",11.0461347345046,-0.683594777203706,0.188715045884123,-3.62236500010421,0.000291921818468161,0.00166891407114092,"CYP51A1","Astrocytes"
"GOLGB1",62.6095235678053,1.33687699224812,0.369134640869013,3.62165140909251,0.000292728397956108,0.00167275300041093,"GOLGB1","Astrocytes"
"DCAF7",14.8603032900337,0.544389979076429,0.150348728007327,3.62084858509676,0.000293638333701415,0.00167717872980841,"DCAF7","Astrocytes"
"ARHGEF10",44.9160878391398,0.366646366009363,0.101270859602131,3.62045278819425,0.00029408791176897,0.00167897215833802,"ARHGEF10","Astrocytes"
"ZNF316",10.0082633184,0.878982798355531,0.242835663905988,3.61966106714796,0.000294989147880447,0.00168334129871133,"ZNF316","Astrocytes"
"TANC1",29.996158323846,0.894703289469989,0.247216856767175,3.61910308694121,0.000295625864228844,0.00168619764014085,"TANC1","Astrocytes"
"IPO11",16.710152259527,0.506744167203726,0.140040336614113,3.61855862000731,0.000296248401136378,0.00168897051163526,"IPO11","Astrocytes"
"VWCE",8.41578829044509,0.80358711700488,0.22213981238123,3.61748354962048,0.00029748123116038,0.00169482238676144,"VWCE","Astrocytes"
"ARHGEF9",17.2028370717422,-0.518388253538105,0.143303112085928,-3.6174249532506,0.0002975485640652,0.00169482238676144,"ARHGEF9","Astrocytes"
"EPHX2",7.5116625353175,-1.2761026378437,0.352815855534728,-3.61690841787605,0.00029814273106262,0.00169742594884985,"EPHX2","Astrocytes"
"ENSG00000273064",9.29467195469389,-1.42974892389394,0.395374302635954,-3.61619082060172,0.000298970022572516,0.00170099837687496,"ENSG00000273064","Astrocytes"
"DUS2",7.0366514248838,0.783030207599179,0.216538423345272,3.6161259304573,0.000299044937935621,0.00170099837687496,"DUS2","Astrocytes"
"RASSF7",1.19059351556395,-2.04478527250967,0.565881071455286,-3.61345409071743,0.000302144873673306,0.00171784204347867,"RASSF7","Astrocytes"
"SMARCA1",17.2830822058972,0.725232945193381,0.200737067619571,3.61285015166114,0.000302849736545789,0.00172105933347706,"SMARCA1","Astrocytes"
"GALNT16",12.374359306971,1.7114116659328,0.473734163145936,3.61259921506988,0.000303143059554858,0.00172193601214119,"GALNT16","Astrocytes"
"RCC2",6.33583444741948,1.00154762705955,0.277277325574915,3.61207907997131,0.000303751899603055,0.00172435567431417,"RCC2","Astrocytes"
"PRKAR2B",6.40806659849414,1.45016205411018,0.401484793090163,3.61199746308826,0.000303847539477794,0.00172435567431417,"PRKAR2B","Astrocytes"
"CLIP1",103.480823997325,1.30701256892226,0.361978949482796,3.61074192515823,0.000305322355562564,0.00173193162113203,"CLIP1","Astrocytes"
"SLC24A2",14.6048318394977,-0.828981842399676,0.229628568011923,-3.6100989070168,0.000306080269076022,0.0017354358846009,"SLC24A2","Astrocytes"
"UVRAG",26.5235445531225,-0.455844135235907,0.126357083982384,-3.60758669691568,0.00030905828352935,0.00175151886725123,"UVRAG","Astrocytes"
"TM2D1",16.3358279473222,-0.533163844634211,0.147799742824897,-3.60733946111033,0.000309352822576558,0.00175238609422028,"TM2D1","Astrocytes"
"DHRS7B",15.2418317254709,0.513139873988001,0.142254935181667,3.60718503953971,0.000309536922707761,0.00175262721256982,"DHRS7B","Astrocytes"
"SETMAR",2.65759605131701,-1.79005013257814,0.496288214742756,-3.60687616470196,0.000309905468595915,0.00175391198246034,"SETMAR","Astrocytes"
"ENSG00000258637",1.73923205759988,-1.70775525625247,0.473549600897784,-3.60628591601556,0.000310610889499321,0.00175710125384655,"ENSG00000258637","Astrocytes"
"EHD2",3.2842387319075,-1.28433579391356,0.356164957391574,-3.60601391927936,0.000310936465334803,0.00175813984029263,"EHD2","Astrocytes"
"NEK6",20.2698254205352,0.773665362620247,0.214558354391531,3.60585056132769,0.000311132155788798,0.00175844339805235,"NEK6","Astrocytes"
"ERLEC1",9.09706423105807,-0.863315037602362,0.23948883700861,-3.60482370863625,0.000312364890458149,0.00176380047357194,"ERLEC1","Astrocytes"
"LAMA5",23.6628802493933,0.931354273619324,0.258359657787655,3.60487500871674,0.00031230319645088,0.00176380047357194,"LAMA5","Astrocytes"
"FAM13C",15.6360572707283,-0.846186263211242,0.234839911471221,-3.60324724153602,0.000314266338353056,0.00177372838095984,"FAM13C","Astrocytes"
"ENSG00000286803",8.42457194396382,-0.739391549701825,0.205252117438071,-3.60235771952471,0.000315344007420669,0.00177899992887934,"ENSG00000286803","Astrocytes"
"LRCH3",32.5017185588915,0.411313512953292,0.114202811425706,3.60160584331034,0.000316257613536782,0.00178334154299908,"LRCH3","Astrocytes"
"ENSG00000258378",3.36666351762427,-1.44789850753686,0.402154575705673,-3.60035318508111,0.000317785225724455,0.00179113994089482,"ENSG00000258378","Astrocytes"
"ANAPC10",12.0752009611807,-0.60031921224613,0.166784328509711,-3.59937421944999,0.00031898387620363,0.00179707795224274,"ANAPC10","Astrocytes"
"DCP2",7.99278561114611,-0.915438763351131,0.254500463856094,-3.59700233736612,0.000321905592018638,0.00181271348156744,"DCP2","Astrocytes"
"RGS9",11.9253792249284,-0.929553438257069,0.258442845561166,-3.5967466471695,0.00032222204587722,0.00181367072458982,"RGS9","Astrocytes"
"RPL6",22.036763155067,-0.977379969856749,0.271793895033907,-3.59603356703365,0.000323106125460168,0.00181782060498558,"RPL6","Astrocytes"
"PSTPIP1",1.43549094586516,-1.98315203064485,0.551695001532047,-3.59465288816769,0.00032482435379413,0.00182665757176781,"PSTPIP1","Astrocytes"
"CAHM",5.88917551938775,-0.928275805828634,0.258288293650845,-3.59395229535056,0.000325699495189296,0.00183074754831097,"CAHM","Astrocytes"
"RAMP1",61.9050424865895,0.416501863036783,0.11591096657497,3.59329125917859,0.000326527247498122,0.00183456756160129,"RAMP1","Astrocytes"
"RPS14",46.3068339515006,-0.500273270660862,0.139230126017255,-3.59313953791051,0.000326717511113984,0.00183480405447821,"RPS14","Astrocytes"
"MSH2",4.84183534773604,-1.14490396170022,0.318671343550846,-3.59274213031819,0.000327216365639344,0.00183677255471985,"MSH2","Astrocytes"
"AFTPH",19.9268934483044,0.640292246674535,0.178233677065355,3.59243133630549,0.000327606993213456,0.00183813203305946,"AFTPH","Astrocytes"
"PKIA-AS1",9.30781587989058,-0.780382790629017,0.217271235015544,-3.59174462543644,0.000328471647252885,0.00184210873621552,"PKIA-AS1","Astrocytes"
"SSR4",13.9849507839003,0.70267659453178,0.19564268692733,3.59163230462472,0.000328613276128571,0.00184210873621552,"SSR4","Astrocytes"
"QRICH1",9.01638359427302,0.74818540084937,0.208327459477103,3.59139118159123,0.000328917508859371,0.00184297986977628,"QRICH1","Astrocytes"
"PPP1R18",2.47676700152146,2.05348519938607,0.571833353427343,3.59105530847107,0.000329341730159992,0.00184452222730492,"PPP1R18","Astrocytes"
"DHRS4-AS1",14.4017404178332,-0.586655808402534,0.163417874827431,-3.58991211348232,0.000330789471866516,0.00185179296117679,"DHRS4-AS1","Astrocytes"
"BMS1",6.93719431059291,0.849164594811698,0.236649028048551,3.58828684746375,0.000332857962543575,0.00186253056944288,"BMS1","Astrocytes"
"SLC7A1",4.48014413426836,0.898881025311731,0.250518776942943,3.58807845176594,0.000333124063361066,0.00186317763170735,"SLC7A1","Astrocytes"
"TRIM28",11.8853637101748,0.698832462534512,0.194794041722631,3.58754537025105,0.000333805662192462,0.00186614695933601,"TRIM28","Astrocytes"
"TIMM44",13.2917235169893,0.601648352287881,0.167721138960028,3.58719453026889,0.000334254958516912,0.0018678155014959,"TIMM44","Astrocytes"
"ZNF280D",51.94075315465,-0.595539545545931,0.16603170494692,-3.58690254813877,0.000334629311051522,0.00186906394170094,"ZNF280D","Astrocytes"
"KIF6",9.91444056574803,-1.14309878951987,0.31873792327633,-3.58632815878913,0.000335366885270037,0.00187233910743863,"KIF6","Astrocytes"
"ABHD11",3.38891413220233,-1.44774893707283,0.403701713687898,-3.58618476956005,0.00033555124871199,0.00187252416079341,"ABHD11","Astrocytes"
"TMEM116",6.27553224975405,1.12552386037896,0.313874815260588,3.58590051082791,0.000335917016220794,0.00187372090624418,"TMEM116","Astrocytes"
"AKAP8L",18.1156025376482,0.657403305761446,0.183340534431349,3.58569537173247,0.000336181208923841,0.00187435025218547,"AKAP8L","Astrocytes"
"SLC6A9",4.90766098319623,1.05299372963005,0.293715947986751,3.58507509329232,0.000336981230708295,0.00187712036880829,"SLC6A9","Astrocytes"
"TFDP2",28.6254384185005,-0.424407623439269,0.118378174814664,-3.58518471925872,0.000336839708029852,0.00187712036880829,"TFDP2","Astrocytes"
"PMS2",2.5245036162957,1.652001704706,0.46094850404307,3.58391813882888,0.00033847820761942,0.00188376433480956,"PMS2","Astrocytes"
"CPVL-AS2",21.8159168588577,-0.934685003850155,0.260796031203047,-3.58396943212085,0.000338411707923059,0.00188376433480956,"CPVL-AS2","Astrocytes"
"OSTM1-AS1",2.57335327367586,-1.43978125925824,0.401824670585069,-3.58310816795263,0.000339529924551942,0.00188876866834083,"OSTM1-AS1","Astrocytes"
"EMSY-DT",1.84532064262345,-1.94636581393484,0.543289278198324,-3.5825588540776,0.000340244927088873,0.00189189624254222,"EMSY-DT","Astrocytes"
"TIMP3",58.6306830558135,-0.492338835921067,0.13744336115114,-3.58212162302743,0.000340815046027038,0.00189421576075081,"TIMP3","Astrocytes"
"LINC02406",16.0562471183751,-1.09893977733776,0.306856401638102,-3.58128353024819,0.0003419103600808,0.00189879643459275,"LINC02406","Astrocytes"
"ATL1",14.5011571148935,-0.645050274624882,0.1801184294289,-3.58125638042781,0.000341945897532248,0.00189879643459275,"ATL1","Astrocytes"
"LAMB2",18.6885073700078,1.14886939106952,0.320880821041411,3.58036166618153,0.000343118958800476,0.00190360307653508,"LAMB2","Astrocytes"
"CERS1",33.154691213071,0.651737027587448,0.182026509420065,3.580451164305,0.000343001448435836,0.00190360307653508,"CERS1","Astrocytes"
"DNAJA2",1.7073242835843,-1.98979056218514,0.555779078529388,-3.58018255643987,0.00034335424165967,0.00190405534011271,"DNAJA2","Astrocytes"
"C2orf69",7.06305766617612,0.792923860464471,0.221620133551846,3.5778511986095,0.000346430569277217,0.00192025503104735,"C2orf69","Astrocytes"
"METRN",42.4593790307147,0.441788053042679,0.123561793875243,3.57544220739253,0.000349636408924256,0.00193715778599958,"METRN","Astrocytes"
"SLC25A32",4.43369772054012,0.990983237868442,0.277219920274157,3.57471871750201,0.000350604620467447,0.00194161690246967,"SLC25A32","Astrocytes"
"ENSG00000226530",2.40913461748926,-1.50365352714819,0.420648668944786,-3.57460664482825,0.000350754826037685,0.00194161690246967,"ENSG00000226530","Astrocytes"
"CCNT2",19.6976171819534,-0.485823522275468,0.135936635619632,-3.57389691204999,0.000351707444830593,0.00194602023652245,"CCNT2","Astrocytes"
"ENSG00000228566",2.57253316517746,-1.51580874728966,0.424171753160328,-3.5735730538302,0.000352142937925412,0.00194755962498007,"LOC124902438","Astrocytes"
"ENSG00000289986",2.99256186842757,-1.37141588957767,0.383961763127597,-3.57175120357472,0.000354602198730101,0.00196028527985484,"ENSG00000289986","Astrocytes"
"ANGPTL1",7.76644229423663,-1.76056243881878,0.493118714521168,-3.57026084586617,0.000356625922295382,0.00197059294769465,"ANGPTL1","Astrocytes"
"SP2-DT",2.11536226786208,-1.71887578032325,0.481579267048629,-3.56924788489635,0.00035800755926915,0.00197734505193126,"SP2-DT","Astrocytes"
"HIP1R",60.1140081972198,-0.427175025173158,0.119702256637829,-3.56864638287996,0.000358830350227396,0.00198100589695312,"HIP1R","Astrocytes"
"ENSG00000287720",10.932912433313,1.46641652667793,0.410966984475632,3.56821005597076,0.000359428305403594,0.00198342277442634,"ENSG00000287720","Astrocytes"
"PCID2",11.7318560191091,0.688804848217202,0.193084782526825,3.56736993564736,0.000360582256037491,0.00198890426570702,"PCID2","Astrocytes"
"RPL23AP7",3.50895147749342,-1.25618322556585,0.352160728493455,-3.56707356592487,0.000360990161809576,0.00199026766415315,"RPL23AP7","Astrocytes"
"NRSN1",0.930634619713725,-2.13329541725352,0.598430487300583,-3.56481740573822,0.000364109581984241,0.00200568013955109,"NRSN1","Astrocytes"
"CAPNS1",4.92124116378506,0.986527507825587,0.276734424145302,3.56488901181156,0.000364010191674409,0.00200568013955109,"CAPNS1","Astrocytes"
"ACSF2",9.14955680446019,-0.684700996855648,0.192120900963458,-3.56390685980532,0.000365375648282732,0.00201175929421301,"ACSF2","Astrocytes"
"TIMM23B",16.6867051926879,0.93755148623015,0.26308578874214,3.56367210373753,0.000365702731028372,0.00201266529703304,"TIMM23B","Astrocytes"
"SORCS3",3.30533736171645,-1.29172099686509,0.36260248547254,-3.56236112166118,0.000367534345138698,0.00202184708833962,"SORCS3","Astrocytes"
"TRIM52",3.9023591019986,-1.08533970375017,0.304751848070507,-3.56138842347256,0.00036889887099193,0.00202845236211948,"TRIM52","Astrocytes"
"ARFIP2",5.37734786711836,1.09961703530072,0.308796396689492,3.56097754730745,0.000369476680213937,0.00203072779897434,"ARFIP2","Astrocytes"
"C8orf82",3.64665662893372,-1.21863256396002,0.342296171410371,-3.5601700099036,0.000370614774884778,0.00203607930674277,"C8orf82","Astrocytes"
"MAP2K3",6.16815558026758,1.81757068296398,0.510630838578968,3.55946124997482,0.00037161635823284,0.00204067643636242,"MAP2K3","Astrocytes"
"RPL29",23.5431531131988,-0.637815491892142,0.179200636030128,-3.55922560333385,0.000371949922161738,0.00204160278640461,"RPL29","Astrocytes"
"FYTTD1",7.70344646996769,0.713908272471706,0.200594317144763,3.55896559101672,0.000372318301135313,0.00204256004097262,"FYTTD1","Astrocytes"
"TMEM184C-DT",0.923323202318506,-2.53998272204031,0.713728215783357,-3.55875341043163,0.000372619165998315,0.00204256004097262,"TMEM184C-DT","Astrocytes"
"ENSG00000289528",10.7093713257297,-0.813435181631142,0.228569706598839,-3.55880573036214,0.000372544957009094,0.00204256004097262,"ENSG00000289528","Astrocytes"
"PDGFRB",52.7319571658547,-0.453244869629551,0.127393919204094,-3.55782185257541,0.000373942774782568,0.00204890857527988,"PDGFRB","Astrocytes"
"CIAO1",14.9606630672544,0.778846032445298,0.218937668739717,3.55738707244218,0.000374562037574186,0.00205139394572364,"CIAO1","Astrocytes"
"INVS",39.6705570721311,0.412353993606654,0.115932903192993,3.55683315305413,0.00037535238060342,0.00205474430036057,"INVS","Astrocytes"
"ACOX1",12.1095296937627,0.718623295425177,0.202046298375598,3.5567258653226,0.000375505640936443,0.00205474430036057,"ACOX1","Astrocytes"
"RPL35",37.430181188982,-0.467424102879945,0.131428770546667,-3.55648235113007,0.00037585371761291,0.00205483292944842,"RPL35","Astrocytes"
"BCAR1",8.77896690672815,0.795485436429913,0.223669736034531,3.55651797392519,0.000375802779930631,0.00205483292944842,"BCAR1","Astrocytes"
"SLC7A10",19.5502370355089,-0.578755827741138,0.162851023502573,-3.55389739218922,0.000379567271278017,0.00207421955879774,"SLC7A10","Astrocytes"
"LINC02580",1.95010628203391,-1.54161919612083,0.434011826737321,-3.55202116889288,0.000382284103773574,0.00208814470976099,"LINC02580","Astrocytes"
"LINC01937",5.11090346829463,1.90912709734535,0.53773872179292,3.55028756526957,0.000384810563416586,0.00210101816877759,"LINC01937","Astrocytes"
"ADAMTS3",4.10926845453416,1.03097979392189,0.290423715804692,3.54991599451614,0.000385354097257096,0.00210305852196325,"ADAMTS3","Astrocytes"
"ENSG00000289001",4.15598524695371,-1.14091579268604,0.321504842637097,-3.54867374104801,0.000387176479711883,0.0021120732811772,"ENSG00000289001","Astrocytes"
"OSMR",23.7131420496947,1.29086693085382,0.363808357658141,3.54820581682955,0.00038786500906876,0.00211489758137316,"OSMR","Astrocytes"
"TXLNG",5.27441356469345,0.815594532346285,0.229869215572564,3.54808072196524,0.000388049274258339,0.00211497102250925,"TXLNG","Astrocytes"
"RBAK",4.96400338686465,0.885717607028006,0.249646685785699,3.54788450021052,0.000388338474423672,0.00211561607073838,"RBAK","Astrocytes"
"LMAN1",13.5028584474457,0.607309185105501,0.171214730209629,3.54706154290543,0.000389553579890605,0.00212037010100456,"LMAN1","Astrocytes"
"MARCHF2",6.42070769563499,1.21407932146053,0.342276601038904,3.54707075439999,0.000389539959378377,0.00212037010100456,"MARCHF2","Astrocytes"
"PRR13",7.9352915265703,0.687479630652939,0.19382525094945,3.54690437538623,0.000389786043134043,0.00212070323907243,"PRR13","Astrocytes"
"NUP98",15.5681394553658,0.913646813076756,0.257601122727911,3.54675012050234,0.000390014324401729,0.0021210133417069,"NUP98","Astrocytes"
"SVEP1",2.06628913238323,2.35781639170766,0.66503293109152,3.54541298855347,0.000391998383064676,0.00213086741768652,"SVEP1","Astrocytes"
"PIK3C3",21.5016164213718,-0.437342122055112,0.123367101323601,-3.54504659153765,0.000392543693013852,0.00213289537103577,"PIK3C3","Astrocytes"
"SLC25A48",25.3019884311981,-0.713304212766402,0.2012309285822,-3.54470467234875,0.000393053211828211,0.00213472715880208,"SLC25A48","Astrocytes"
"PLA2G12A",9.69762653198151,-0.661100685094275,0.186588341332555,-3.54309749672944,0.000395456471678382,0.00214683800473188,"PLA2G12A","Astrocytes"
"ZDHHC18",7.18416321487896,1.01694308589525,0.287041809637274,3.54283958556537,0.000395843410314281,0.00214799691057044,"ZDHHC18","Astrocytes"
"LGR4",93.5233668837782,-0.648352249280054,0.183072622900287,-3.5415030331061,0.000397854284408972,0.00215796303277981,"LGR4","Astrocytes"
"CD81",59.7883296428131,0.909429681293153,0.256815561129687,3.54117825762866,0.000398344355908927,0.00215967520105965,"CD81","Astrocytes"
"BBX",38.197637515597,-0.362349924494643,0.102359320145573,-3.53997978864376,0.000400157676243016,0.00216855689493097,"BBX","Astrocytes"
"MIATNB",6.65060952473341,-0.859359055778329,0.242767372967217,-3.53984575964569,0.000400360944971796,0.00216870935327461,"MIATNB","Astrocytes"
"KLHL3",10.0976637007803,-0.753113669040304,0.212764788617052,-3.53965368957645,0.000400652407117511,0.00216933920303285,"KLHL3","Astrocytes"
"TCEA3",5.87761448639742,0.815930023835965,0.230654672783153,3.53745282499892,0.000404006351052039,0.00218463346946611,"TCEA3","Astrocytes"
"ENDOU",3.16259830841506,1.52321282313406,0.430593287065213,3.53747461674518,0.000403973013967581,0.00218463346946611,"ENDOU","Astrocytes"
"SUPT16H",10.7109882260778,0.740415430452478,0.209299227668666,3.53759275034021,0.000403792337529384,0.00218463346946611,"SUPT16H","Astrocytes"
"JOSD2",5.00170316248004,-0.992794180833984,0.280785167273019,-3.5357785828788,0.000406575309513842,0.00219756528053684,"JOSD2","Astrocytes"
"AXIN1",4.01083376225339,1.00060848601763,0.283146573698058,3.53388873101695,0.000409493429567914,0.0022123722244064,"AXIN1","Astrocytes"
"NOTCH2",55.3151995088793,0.26880378701925,0.0760920598368668,3.53261283234462,0.000411474594326251,0.002222106367877,"NOTCH2","Astrocytes"
"TAF7",10.213599811162,-0.83022573910442,0.235050307318981,-3.53211935170006,0.000412243249589037,0.00222364220695079,"TAF7","Astrocytes"
"TBP",5.48934160367551,0.824616711031731,0.233472221030286,3.53196927408662,0.00041247727928337,0.00222364220695079,"TBP","Astrocytes"
"SLC29A4",4.83435994292794,0.955632801893999,0.270558190257066,3.53207862968784,0.000412306738869115,0.00222364220695079,"SLC29A4","Astrocytes"
"TM7SF3",8.89909419570775,-0.724300517324368,0.205059695983708,-3.53214469498635,0.000412203741735889,0.00222364220695079,"TM7SF3","Astrocytes"
"NDUFB2",22.6177641666471,-0.871557878308017,0.246795645103034,-3.53149618156412,0.000413215827935986,0.00222665430693269,"NDUFB2","Astrocytes"
"CLIP4",36.3954181354305,-0.391880275264903,0.111028889805645,-3.52953430364733,0.000416291732303145,0.00224127848743906,"CLIP4","Astrocytes"
"COLGALT1",8.39066340199766,1.36543857605233,0.386859230505869,3.52954891180142,0.000416268750291254,0.00224127848743906,"COLGALT1","Astrocytes"
"ENSG00000287817",1.16314285123565,-2.0913686573522,0.592653381514265,-3.52882261805143,0.000417412814896814,0.0022463376301031,"ENSG00000287817","Astrocytes"
"DENND4B",10.2530662312481,0.746007907885411,0.211461937389697,3.52785904212452,0.00041893518115263,0.00225355097663468,"DENND4B","Astrocytes"
"HEATR4",4.04874624713016,-1.12335916219912,0.318524467906282,-3.52675940276476,0.000420678850300551,0.00226096623405891,"HEATR4","Astrocytes"
"MVD",17.9715432376831,0.863995677705383,0.244978747168884,3.52681890853887,0.000420584320379865,0.00226096623405891,"MVD","Astrocytes"
"NME3",55.4108161616395,0.48592607105141,0.137837988349692,3.52534215617415,0.000422936137644487,0.00227211201407882,"NME3","Astrocytes"
"SESN3",35.1821832537705,-0.696728141399708,0.197645412957375,-3.52514197508833,0.00042325588159498,0.00227284370415899,"SESN3","Astrocytes"
"PACS2",26.54589718034,0.515867256916143,0.146344412121564,3.52502189484096,0.000423447790893411,0.00227288859758696,"PACS2","Astrocytes"
"DNASE2",4.98224863734328,-1.05081372963093,0.298113783960645,-3.52487468264686,0.00042368317266614,0.0022731666928617,"DNASE2","Astrocytes"
"MAGOHB",2.17875534477979,-1.42614277719564,0.404620205747687,-3.52464547478618,0.000424049902865276,0.002274148959368,"MAGOHB","Astrocytes"
"SBF1",8.59630429905636,0.756261041487913,0.214616139796899,3.52378456812986,0.000425429993710324,0.00228056260264716,"SBF1","Astrocytes"
"GRK2",8.75905864425694,0.71089751103321,0.201800798201527,3.52276857856269,0.000427064087823613,0.00228833171766326,"GRK2","Astrocytes"
"IL17D",23.5954982659987,-0.680896167954683,0.193365144022923,-3.52129734340314,0.000429440778762359,0.00230007143746293,"IL17D","Astrocytes"
"LAMA4-AS1",2.61339836814057,-1.33492773544571,0.379145950893819,-3.52088089639012,0.000430115762735745,0.0023026906571365,"LAMA4-AS1","Astrocytes"
"RAB8B",7.79032494306941,-0.745916201435474,0.211865998648335,-3.5206980175879,0.000430412488509756,0.00230328342489901,"RAB8B","Astrocytes"
"FRMPD4",32.850027040476,-0.937823151416875,0.266521810397529,-3.51874824059641,0.000433587957326451,0.00231927415791509,"FRMPD4","Astrocytes"
"ENSG00000254033",8.54354150041663,-1.38904694877859,0.394810847510254,-3.51825933238198,0.000434387631501255,0.00232254837689121,"ENSG00000254033","Astrocytes"
"ENSG00000285971",30.1065327854096,-0.878773390361542,0.249831840670253,-3.51745953599811,0.000435698773649564,0.00232821759997329,"ENSG00000285971","Astrocytes"
"MEGF11",5.75439904386755,2.26510839581141,0.643975426794198,3.51738327514677,0.000435823984231453,0.00232821759997329,"MEGF11","Astrocytes"
"IWS1",16.8471450675909,0.480186150819787,0.136551655413843,3.51651651065306,0.000437249463427309,0.00233482540130244,"IWS1","Astrocytes"
"ACTN4",16.017808536841,0.889128323342712,0.252868721790604,3.51616568884697,0.000437827660657588,0.00233690513875987,"ACTN4","Astrocytes"
"TMTC1",58.8968884964858,0.65373068803423,0.18593907399175,3.51583276177462,0.000438377025163643,0.00233882925575243,"TMTC1","Astrocytes"
"SLC25A40",5.11690730579227,-0.938691684142992,0.267017106332799,-3.51547395983329,0.000438969806299512,0.00234017443602973,"SLC25A40","Astrocytes"
"NFKBIA",29.1095405372878,0.920276566835066,0.261780484347453,3.51545138717679,0.000439007123871199,0.00234017443602973,"NFKBIA","Astrocytes"
"CS",9.33180830294291,0.723675048766934,0.205876331419015,3.51509590140334,0.000439595210825856,0.00234230098780403,"CS","Astrocytes"
"CEACAM16-AS1",2.98037142007888,1.29317460399735,0.367916275944627,3.51486109353851,0.000439984061195929,0.00234336457195234,"CEACAM16-AS1","Astrocytes"
"WDR27",14.2539719151188,-0.726241238641936,0.206665854166066,-3.51408432502045,0.000441272707265883,0.00234921751249932,"WDR27","Astrocytes"
"TOGARAM2",16.8301089594898,0.799984943762458,0.227739041030887,3.51272640888112,0.000443533933925563,0.00235865096453258,"TOGARAM2","Astrocytes"
"CFAP90",3.87608926617045,0.913636782453979,0.260096614213535,3.51268233620256,0.000443607505444461,0.00235865096453258,"CFAP90","Astrocytes"
"ZNF677",3.51934012002729,-1.23952526007832,0.352871952787937,-3.51267719150019,0.000443616094354873,0.00235865096453258,"ZNF677","Astrocytes"
"SPTLC3",1.52895414881638,-1.72496243397979,0.491182451465644,-3.51185680358218,0.00044498769242337,0.00236492815248008,"SPTLC3","Astrocytes"
"ASL",5.20584477946027,0.816166247205551,0.232422906190295,3.51155684516448,0.000445490177236084,0.00236589486302787,"ASL","Astrocytes"
"METTL4",3.17789056849353,-1.16752807802199,0.33248508711585,-3.51152013508257,0.000445551709648792,0.00236589486302787,"METTL4","Astrocytes"
"EIF3F",8.08504775102862,-0.915588961061849,0.260774627714598,-3.51103544499699,0.000446364877758932,0.002368518437411,"EIF3F","Astrocytes"
"ATP11A",14.5647280453845,0.90275844262864,0.257131394249485,3.51088378478098,0.000446619603598053,0.002368518437411,"ATP11A","Astrocytes"
"ACSM5",1.34109131549814,-2.22423472935344,0.63351468383546,-3.51094423871497,0.000446518049973216,0.002368518437411,"ACSM5","Astrocytes"
"FASTKD1",11.6703090954049,-0.856576206848328,0.244017355081093,-3.51030854573302,0.000447586998755557,0.00237263262225602,"FASTKD1","Astrocytes"
"MARCHF1",21.2165384526848,-0.622436782007268,0.177351778615419,-3.50961680151513,0.000448752913710568,0.00237779517778261,"MARCHF1","Astrocytes"
"MTF2",15.8462525107761,-0.759240964344251,0.216361849596563,-3.50912587297605,0.000449582078589469,0.00238116975157117,"MTF2","Astrocytes"
"GCN1",7.57612284382924,0.860342913329532,0.245255219444625,3.507949454767,0.000451574838794346,0.00239070167968807,"GCN1","Astrocytes"
"TTYH1",122.577723083716,-0.613326323011471,0.17487844239609,-3.50715796989043,0.000452920187434918,0.0023967994363276,"TTYH1","Astrocytes"
"CCDC66",21.9810491612075,-0.519397665842677,0.148105310104834,-3.50694830236019,0.000453277201858818,0.00239766407117375,"CCDC66","Astrocytes"
"FEZF2",2.84808081173931,-1.44109718536974,0.410987821278637,-3.50642308788202,0.000454172671646497,0.00240137497566122,"FEZF2","Astrocytes"
"ENSG00000248458",4.02013967864917,-1.73551707465051,0.494993943927501,-3.50613799611394,0.000454659432755451,0.00240256613847079,"ENSG00000248458","Astrocytes"
"RPS4X",31.7716441575888,-0.798345886162445,0.227704316228257,-3.50606391387927,0.000454785999238918,0.00240256613847079,"RPS4X","Astrocytes"
"TOPBP1",5.11893661427295,0.880694585479197,0.25127193832373,3.50494604114743,0.000456699834986663,0.00241164778534748,"TOPBP1","Astrocytes"
"ENSG00000253557",1.85064528967876,2.6894297319343,0.767493465314228,3.5041728086026,0.00045802802933196,0.00241763047195979,"LOC100128993","Astrocytes"
"FRY",18.1001193601684,0.470178765505108,0.134223481881929,3.50295461653055,0.00046012785249053,0.00242767924899456,"FRY","Astrocytes"
"PPP3R1",37.7797045443084,-0.400641061882063,0.114411329539257,-3.50176038942537,0.000462195082928462,0.00243754757747152,"PPP3R1","Astrocytes"
"ARHGEF26",93.8747073985343,0.292549846514855,0.0835479414646903,3.50158054628426,0.000462507144633719,0.00243815494763701,"ARHGEF26","Astrocytes"
"ARID4A",26.88110227134,-0.427887151290367,0.12220748515696,-3.50131704895818,0.00046296471713181,0.00243952854989073,"ARID4A","Astrocytes"
"NBPF9",7.91242338199664,0.801300017541547,0.228948347949652,3.49991613705708,0.000465404551032563,0.00245134179303966,"NBPF9","Astrocytes"
"FBXO8",2.43980983315903,-1.60466100591413,0.458527572973651,-3.49959544528055,0.000465964753988699,0.00245324895775598,"FBXO8","Astrocytes"
"EIF2D",5.47109672095039,-0.978906341231157,0.279744618573123,-3.49928569215811,0.000466506445908021,0.00245505708443648,"EIF2D","Astrocytes"
"IDH1",18.1340011301721,-0.630835428877918,0.18033246803245,-3.49817997702113,0.000468444900558033,0.00246421121648688,"IDH1","Astrocytes"
"ENSG00000286117",0.948859558554372,-2.64602874329442,0.756602210039171,-3.49725219961679,0.000470077203672218,0.00247174777625184,"ENSG00000286117","Astrocytes"
"FRMD3",4.14021437524204,1.6412430626819,0.46931453485563,3.49710682450262,0.000470333452527335,0.00247204547650509,"FRMD3","Astrocytes"
"NOSIP",7.46592971775321,-0.84545669739422,0.241836188555089,-3.4959891753406,0.000472307859467224,0.00248136963249157,"NOSIP","Astrocytes"
"RBM42",3.93072262675597,1.15807991820342,0.331336134242517,3.49518147439898,0.00047373953067525,0.00248783571176914,"RBM42","Astrocytes"
"ABAT",10.6754769904664,-0.628779563419627,0.179906869729014,-3.49502809073789,0.000474011864221554,0.00248821064631433,"ABAT","Astrocytes"
"GLE1",8.11030138885178,0.67793856290197,0.194040521959064,3.49379890374131,0.000476199572963792,0.00249863530169942,"GLE1","Astrocytes"
"SPP1",19.6061665184775,1.09311579045794,0.312890213567509,3.49360811894517,0.000476539975178138,0.00249936235181317,"SPP1","Astrocytes"
"TNFRSF1A",21.7719447322504,0.939014113241619,0.268791900930972,3.49346133566266,0.000476802023447576,0.00249967800861614,"TNFRSF1A","Astrocytes"
"MLLT10",51.2271859189808,-0.283127847393128,0.0810630776890358,-3.49268564017799,0.000478189085333218,0.00250588888856591,"MLLT10","Astrocytes"
"RAD9A",20.1532342008014,0.487855429536426,0.139815018263575,3.48929203454193,0.000484301737377554,0.00253577522788425,"RAD9A","Astrocytes"
"ARID2",38.9909244230276,0.304289063707248,0.0872053644982048,3.48933882058955,0.000484216971940174,0.00253577522788425,"ARID2","Astrocytes"
"HABP4",13.4345281588276,0.622259066559135,0.178353609276382,3.48890649919434,0.000485000764840341,0.00253836199113185,"HABP4","Astrocytes"
"GATAD2B",23.7914929604125,0.572753248483307,0.164173071873417,3.48871615757376,0.000485346226670991,0.00253909688418542,"GATAD2B","Astrocytes"
"NFX1",15.9992026782265,0.722200003316611,0.20722184581139,3.48515379972991,0.000491854242979853,0.00257205704848797,"NFX1","Astrocytes"
"RWDD3",12.3067935103322,-0.989123404869551,0.28382300855908,-3.48500077527596,0.000492135615595602,0.00257244209705375,"RWDD3","Astrocytes"
"CYP20A1",10.2143939405214,-0.761964771984888,0.218678504492769,-3.48440636061733,0.000493230015835952,0.00257707480426017,"CYP20A1","Astrocytes"
"BRD4",20.7441795226985,0.813561906016852,0.233500342040508,3.48420006115329,0.000493610372094293,0.00257797437268816,"BRD4","Astrocytes"
"SPIRE1",60.9655053667414,0.272690121554091,0.0782745047214288,3.48376680918733,0.000494410053328865,0.00258106226406886,"SPIRE1","Astrocytes"
"ZNF827",26.6486128351071,-0.433369909131753,0.124412897215868,-3.48331980710824,0.000495236380077688,0.00258398610808061,"ZNF827","Astrocytes"
"ENSG00000291259",6.21371297827178,1.05812811787517,0.303777138399058,3.48323815100648,0.000495387468350429,0.00258398610808061,"ENSG00000291259","Astrocytes"
"NUMA1",25.9004664188633,-0.490383135445272,0.140790515185271,-3.48306940137238,0.000495699841975224,0.00258431383175732,"NUMA1","Astrocytes"
"ENSG00000261840",3.82369753657245,-1.16774005295946,0.335281350150158,-3.48286611359828,0.000496076393288149,0.00258431383175732,"LOC730183","Astrocytes"
"KCNB1",6.63107877196588,-0.817971225584989,0.234855753995278,-3.48286644746816,0.000496075774640115,0.00258431383175732,"KCNB1","Astrocytes"
"C19orf18",9.02180996537223,1.06014309184439,0.304551564470698,3.48099703144487,0.000499551027778993,0.00260132059587354,"C19orf18","Astrocytes"
"HERC2",27.6638195360314,0.45670792063463,0.131224935290363,3.48034403388401,0.000500770293196171,0.00260657357740571,"HERC2","Astrocytes"
"PHC2",15.5429045217054,0.933379354241806,0.26829349588915,3.47894886958962,0.000503384621743242,0.00261908057606999,"PHC2","Astrocytes"
"EXOSC2",2.52240954171795,1.39629461915756,0.401383285258966,3.47870643954866,0.000503840194852118,0.00262034990880041,"EXOSC2","Astrocytes"
"MRPS11",7.64817236416076,0.736070837755281,0.21162227901236,3.47822942456966,0.000504737721083679,0.00262281460351624,"MRPS11","Astrocytes"
"ENSG00000274422",4.51663944942325,1.32958753415787,0.382258417936697,3.47824265410436,0.000504712809005309,0.00262281460351624,"ENSG00000274422","Astrocytes"
"SHMT1",4.70568725689018,1.23866038201803,0.356161214981685,3.47780816639939,0.000505531577424801,0.00262583788726984,"SHMT1","Astrocytes"
"CCT6A",10.1396812721948,0.808291267697775,0.232528643266029,3.47609333777015,0.000508775181789856,0.00264157780968712,"CCT6A","Astrocytes"
"HES6",10.434370889974,-0.652328029053332,0.18769355075947,-3.47549516972638,0.000509911175393257,0.00264636633901706,"HES6","Astrocytes"
"ZC3H4",5.1349574891587,0.87891334671308,0.252913350029113,3.47515600347672,0.000510556343176586,0.00264860460727091,"ZC3H4","Astrocytes"
"GLG1",57.9262216357847,0.667223194627014,0.192080248210496,3.47366895265473,0.000513394028681927,0.00266221032544736,"GLG1","Astrocytes"
"DNAAF11",10.6293903423423,-0.751170832673226,0.216283801808185,-3.47307947425215,0.000514522972675325,0.00266694766456197,"DNAAF11","Astrocytes"
"MLST8",8.60503864631587,0.65397854184653,0.188306633050509,3.47294479887553,0.000514781221756319,0.00266716981966883,"MLST8","Astrocytes"
"NAA16",17.5904887394698,0.531331115902223,0.15310197296738,3.47043937843589,0.00051960761958632,0.00269105025233685,"NAA16","Astrocytes"
"CD276",3.84651755978778,0.91443002956814,0.263509717445854,3.47019471779455,0.000520081183014475,0.00269237679317234,"CD276","Astrocytes"
"TBCD",19.5065000643795,0.627254147899096,0.180776232802934,3.46978216203273,0.000520880634216576,0.00269538858901122,"TBCD","Astrocytes"
"ALMS1P1",3.29827186209816,1.35761940598507,0.391324306067131,3.46929486601369,0.000521826392541366,0.00269915464446104,"ALMS1P1","Astrocytes"
"NPIPB4",3.35101335787515,1.05275370764269,0.303486925358643,3.46886017049533,0.000522671412652815,0.00270126882424032,"NPIPB4","Astrocytes"
"F8",4.15076281759077,-1.26633675091107,0.365053130448998,-3.46891081129352,0.000522572904610492,0.00270126882424032,"F8","Astrocytes"
"SLC19A2",4.93491068222883,-0.95908144525964,0.276565122277704,-3.46783223192044,0.000524674735327506,0.00271049113373404,"SLC19A2","Astrocytes"
"ENSG00000285783",6.83641283022817,-0.827036149160031,0.238515416102471,-3.46743268286156,0.000525455335541,0.0027133917514613,"ENSG00000285783","Astrocytes"
"PON1",2.45453514971316,-1.46481638693514,0.42271954696803,-3.46522037469424,0.000529797151831821,0.00273467200130614,"PON1","Astrocytes"
"VCAN",63.1861916488866,0.994888711380119,0.28714896550612,3.4647128525313,0.000530797904444433,0.00273869602113976,"VCAN","Astrocytes"
"SH3GLB1",20.4864357229741,0.708414410669532,0.204515079814366,3.46387372174484,0.000532456401092806,0.00274610896073812,"SH3GLB1","Astrocytes"
"ADGRB1",19.9491501058957,-0.829928212563916,0.239629002885883,-3.46338799798431,0.00053341861303071,0.00274992618033276,"ADGRB1","Astrocytes"
"OPCML",9.82694438114414,-0.920195436427837,0.265778314210694,-3.46226681119799,0.000535645858129332,0.00276025911827529,"OPCML","Astrocytes"
"AP5Z1",9.57440650909511,0.913205842004603,0.263846863378748,3.46112070581529,0.000537931557984204,0.00277088456011581,"AP5Z1","Astrocytes"
"TMEM216",7.5486900979413,0.949158983590244,0.27424773122382,3.46095473371706,0.000538263311603009,0.00277144057695637,"TMEM216","Astrocytes"
"CCNDBP1",6.40829171473672,-0.844815867306631,0.244217261607186,-3.45927991226716,0.000541621715487859,0.00278757344259608,"CCNDBP1","Astrocytes"
"ODAD4",1.61987188819964,-1.65671100234435,0.479054582173505,-3.45829277913956,0.000543610278972893,0.00279664565206537,"ODAD4","Astrocytes"
"WFS1",32.5285251094735,0.983349256644112,0.284390494679754,3.45774305062988,0.000544720644620238,0.00280119424515466,"WFS1","Astrocytes"
"TMEM123-DT",1.15527762335092,-2.12313636142861,0.614074366457057,-3.45745804971177,0.000545297133230523,0.00280299476994336,"TMEM123-DT","Astrocytes"
"PREB",2.17434000641997,-1.45308816020263,0.420349592515819,-3.45685635498254,0.000546516084744041,0.00280809488688193,"PREB","Astrocytes"
"LINC00862",3.41800202923828,1.51963970209002,0.43993612274182,3.45422806524535,0.000551870462171448,0.00283443049899172,"LINC00862","Astrocytes"
"SLC9A7",1.95893344356463,-1.5382201838618,0.445381910565585,-3.45371050635718,0.000552930580113425,0.00283869791606324,"SLC9A7","Astrocytes"
"DOCK6",7.44329595620597,0.670069008131052,0.194036563707433,3.45331310412905,0.000553745867800007,0.00284170537959697,"DOCK6","Astrocytes"
"METTL2B",8.58525413646913,0.879999778783308,0.254958308119198,3.45154384367773,0.000557389189432617,0.00285921720494784,"METTL2B","Astrocytes"
"SMARCC1",23.6467755600245,0.493065797497962,0.142874734854997,3.45103560820863,0.000558439885893764,0.00286105134754757,"SMARCC1","Astrocytes"
"KIF24",3.48808548103361,-1.54954190865343,0.448984959463974,-3.45121117309446,0.000558076724877826,0.00286105134754757,"KIF24","Astrocytes"
"PPA1",13.6039387726214,0.625204036235506,0.181161230897764,3.45109178789105,0.000558323652664186,0.00286105134754757,"PPA1","Astrocytes"
"CEP44",5.66600363735669,-0.92846728421102,0.269142775128375,-3.44972026006703,0.000561167731507965,0.00287383789051412,"CEP44","Astrocytes"
"ADPRS",6.00305325310145,0.807770223381467,0.234171709704922,3.44947826703462,0.000561670940385516,0.00287522581843483,"ADPRS","Astrocytes"
"SERP2",9.93475117712107,-0.794878253164551,0.230452945956449,-3.44919979159116,0.00056225053213365,0.0028770034460376,"SERP2","Astrocytes"
"RFTN1",9.71867498579,1.15136236739136,0.333839957057946,3.44884530161713,0.000562989138988672,0.00287959294014735,"RFTN1","Astrocytes"
"ENPP5",4.36032772743171,-1.00286397879101,0.290794588059461,-3.44870234856622,0.000563287248154681,0.00287992815602783,"ENPP5","Astrocytes"
"UBAP2L",10.0651493430454,0.664629186823375,0.192851307179645,3.44632969588462,0.000568256611448661,0.00290301494856427,"UBAP2L","Astrocytes"
"LRPPRC",20.7267855501165,0.463597489390757,0.134519472675065,3.44632252990307,0.000568271681766922,0.00290301494856427,"LRPPRC","Astrocytes"
"TGDS",2.76820123679775,-1.28059175467133,0.371684557158997,-3.44537250742847,0.000570272912058291,0.00291203689485271,"TGDS","Astrocytes"
"ANKRD31",1.86291967669875,-1.71935226234677,0.499142105779029,-3.4446147548769,0.00057187382688294,0.00291900807843835,"ANKRD31","Astrocytes"
"PTPRD",35.011628949087,-0.622708872014909,0.180799004196132,-3.44420520889259,0.000572740821815013,0.00292222892317071,"PTPRD","Astrocytes"
"PGP",10.1138085929196,0.644384670409289,0.187113896670245,3.44380979647334,0.000573579057642038,0.00292530044101374,"PGP","Astrocytes"
"PDE9A",13.1387367550643,-0.773672210108751,0.224761769438333,-3.44218775302452,0.000577029600529361,0.00294168692604161,"PDE9A","Astrocytes"
"PANX2",1.79023525781057,-1.74059333235063,0.505688852134621,-3.44202432978939,0.000577378317391077,0.00294225337623609,"PANX2","Astrocytes"
"MED10",8.16328305265411,-0.70352734775715,0.204410792392972,-3.44173289248174,0.000578000681118354,0.00294344350418747,"MED10","Astrocytes"
"ENSG00000289146",2.69050893592065,-1.38238740300209,0.401659199646972,-3.44169237058956,0.00057808726497488,0.00294344350418747,"ENSG00000289146","Astrocytes"
"UBE2G1",15.9171078047236,0.481963586982586,0.140058776945532,3.44115233256691,0.000579242327443093,0.00294811251160207,"UBE2G1","Astrocytes"
"DAGLB",4.94223737260131,1.04083299382772,0.3025419140198,3.44029354478005,0.000581083575539251,0.0029562686589575,"DAGLB","Astrocytes"
"NGRN",9.77402393999144,-0.723702988572425,0.210428910159201,-3.43918042451916,0.000583478223764649,0.00296723237982655,"NGRN","Astrocytes"
"SKIC3",34.5086194537605,0.340661665343818,0.0990729535372929,3.43849308192459,0.000584961484112773,0.00297355421090659,"SKIC3","Astrocytes"
"RPGRIP1L",5.86580792328305,-0.948498020175364,0.27593158879224,-3.43743905627828,0.000587242853481999,0.00298392624319557,"RPGRIP1L","Astrocytes"
"LONRF3",4.18304056266917,1.01527566081425,0.295372442804223,3.4372727908378,0.000587603479556387,0.00298453399809136,"LONRF3","Astrocytes"
"IPO13",10.2864051863646,0.783882098572901,0.228074489488436,3.43695649755097,0.000588290081930472,0.00298679626262609,"IPO13","Astrocytes"
"APH1A",9.8584640409693,0.625113812382641,0.1819515682442,3.43560552082556,0.000591231168199477,0.00300049817861235,"APH1A","Astrocytes"
"TMEM50A",10.2280494746911,-0.872944558237413,0.254150957539568,-3.43474825626619,0.000593104531600138,0.00300877239443036,"TMEM50A","Astrocytes"
"URM1",7.42491955399071,-0.76423286170783,0.222572103677545,-3.43364172365026,0.00059553078490885,0.00301984345189447,"URM1","Astrocytes"
"SRCAP",5.69239521006943,0.848515434115396,0.247247293076628,3.43184923708111,0.000599480717069265,0.00303862862033103,"SRCAP","Astrocytes"
"ZNF496",5.37584081120338,-0.87267782788306,0.25431078401043,-3.43154078691083,0.000600162873463818,0.00304084159660493,"ZNF496","Astrocytes"
"UVSSA",18.7219336029759,0.611312417897436,0.178172473760444,3.43101493174168,0.000601327500305961,0.00304461800710136,"UVSSA","Astrocytes"
"IFT74",11.3234245195378,-0.619231970663827,0.180482417539462,-3.43098224805435,0.000601399955210363,0.00304461800710136,"IFT74","Astrocytes"
"VPS37B",12.8794131957287,0.66804668529905,0.194719729371528,3.43081149226747,0.000601778627689897,0.00304529004768451,"VPS37B","Astrocytes"
"DDX42",12.880770782086,0.689012238745968,0.200851354361135,3.43045851464416,0.000602562103653928,0.00304800920324615,"DDX42","Astrocytes"
"VAMP2",35.7504104453484,-0.409637531678033,0.119422073696244,-3.43016595675577,0.000603212190201204,0.00305005167466783,"VAMP2","Astrocytes"
"ENSG00000285820",2.86431459391066,-1.39761608983278,0.407499556403756,-3.4297364693276,0.000604167727517651,0.00305363631422493,"ENSG00000285820","Astrocytes"
"RIMS1",21.2864011006107,1.06589018769837,0.310965058582894,3.42768474553302,0.000608751938083886,0.00307555089730427,"RIMS1","Astrocytes"
"RNF5",3.91578163203071,-1.11969481869434,0.32675527668782,-3.42670768791928,0.000610946358010295,0.00308537877293699,"RNF5","Astrocytes"
"FOSL1",2.34615255112033,4.43131712119607,1.29347853672408,3.42589149752653,0.000612785119328143,0.00309340323385259,"FOSL1","Astrocytes"
"GPI",38.9923953706166,0.671312196126908,0.195978751800383,3.42543357358803,0.000613819010927689,0.00309735974422069,"GPI","Astrocytes"
"ENSG00000288581",0.997471453961994,-2.88072419176586,0.84127266519187,-3.42424556384327,0.000616508848864223,0.0031096656111958,"ENSG00000288581","Astrocytes"
"CPLANE1",39.4868351319623,0.720513355980129,0.210489464513732,3.42303762159613,0.000619255059443326,0.00312224568448156,"CPLANE1","Astrocytes"
"INTS15",6.38245374327338,0.850881480124666,0.24862616925536,3.42233274426853,0.000620862825579889,0.00312907788732428,"INTS15","Astrocytes"
"ARRDC1",3.98120775268713,-1.16506530875333,0.340505893585395,-3.42157164002551,0.000622603200973281,0.00313657259465099,"ARRDC1","Astrocytes"
"CELF4",2.25072182157893,-1.58012578263906,0.461927013729296,-3.42072607939112,0.000624542020092119,0.0031450605265558,"CELF4","Astrocytes"
"CPS1",2.35612835591216,-1.46497206883305,0.428319429908958,-3.4202792741493,0.000625568784241486,0.00314639246761264,"CPS1","Astrocytes"
"SDHA",9.32420129517198,-0.728827503659787,0.213087271557764,-3.42032397492225,0.000625465990638928,0.00314639246761264,"SDHA","Astrocytes"
"RPL27A",41.8853413249301,-0.567523498679803,0.165920635804015,-3.42045156667649,0.00062517266792103,0.00314639246761264,"RPL27A","Astrocytes"
"SPEN",27.7162702373541,0.369582865743006,0.108084687102086,3.41938229782665,0.000627634790022904,0.00315219842768569,"SPEN","Astrocytes"
"ENSG00000248758",1.39771008794551,-3.14923583193655,0.920995830576703,-3.41938120389164,0.000627637313554743,0.00315219842768569,"ENSG00000248758","Astrocytes"
"RTN1",17.6791877074047,0.992044580731012,0.290127835109129,3.41933610181823,0.000627741364990141,0.00315219842768569,"RTN1","Astrocytes"
"SRRM2",55.3202728110261,0.412820154593944,0.120723353313616,3.41955506753957,0.000627236356577204,0.00315219842768569,"SRRM2","Astrocytes"
"ERH",11.7149673496232,-0.580496276239815,0.169802369247949,-3.41865828380852,0.000629307039580712,0.00315766581535671,"ERH","Astrocytes"
"TBCB",16.3521755779688,-0.593662795968167,0.17365446730668,-3.41864396105477,0.000629340162505076,0.00315766581535671,"TBCB","Astrocytes"
"SNX16",2.65402014284535,-1.26089479167838,0.368850018989095,-3.41844849333099,0.000629792364992118,0.00315865486257489,"SNX16","Astrocytes"
"SPIN3",5.89048138043956,-0.986254212464576,0.288531418173665,-3.41818654865154,0.000630398831772384,0.00316041649143216,"SPIN3","Astrocytes"
"TMX3",12.7916152715048,-0.578833204081477,0.169384745290158,-3.41726879294784,0.000632527952399921,0.00316980721755088,"TMX3","Astrocytes"
"NR2C1",16.521761773842,0.68200143949626,0.199647669506285,3.41602504643707,0.000635424022648829,0.00318045904303171,"NR2C1","Astrocytes"
"RMST",17.6573986094429,-0.863778049445877,0.252853417088365,-3.41612171744553,0.000635198482360875,0.00318045904303171,"RMST","Astrocytes"
"ENSG00000283098",9.04054313395883,-0.851047435876345,0.249120533807154,-3.41620749951968,0.000634998409086338,0.00318045904303171,"ENSG00000283098","Astrocytes"
"MAPRE3",18.6456106127049,0.493091185859926,0.144357538137721,3.41576333471069,0.000636034988466796,0.00318223081300377,"MAPRE3","Astrocytes"
"CHMP3",6.71493765289382,0.792944368123892,0.232191599466103,3.41504330883276,0.000637718709265325,0.00318936622650748,"CHMP3","Astrocytes"
"MAGEH1",5.2023747431858,-0.985990315334689,0.288773426399377,-3.41440806250314,0.000639207621659697,0.00319552199394914,"MAGEH1","Astrocytes"
"RFLNA",6.09129812261907,-0.798121743526348,0.233846052148921,-3.4130220980514,0.000642467323420233,0.003209226650227,"RFLNA","Astrocytes"
"PEAK1",49.9240648808027,0.429946328158645,0.12596837319569,3.41312916291083,0.000642214963552484,0.003209226650227,"PEAK1","Astrocytes"
"AP4B1",3.03696743111755,-1.20621713501702,0.353455808080226,-3.41263916858099,0.000643370671859422,0.00321244315711098,"AP4B1","Astrocytes"
"NEK9",23.325508802645,0.428841232861129,0.125696705500308,3.41171418259709,0.000645557632575174,0.00322206375017266,"NEK9","Astrocytes"
"LCNL1",119.719394854749,1.12074867602603,0.328576047374835,3.41092628321595,0.000647425927947566,0.00323008673077144,"LCNL1","Astrocytes"
"GNA12",26.0646268085249,0.513279339812673,0.15058262836581,3.40862253091879,0.00065291755594275,0.00325617321596419,"GNA12","Astrocytes"
"METTL21A",2.80443343990766,-1.32756770592717,0.389493579178995,-3.40844567637167,0.000653340922851401,0.00325697288553498,"METTL21A","Astrocytes"
"RPL26",26.9909325936376,-0.661841488578886,0.19418940660627,-3.40822653586251,0.000653865871035016,0.00325827810101674,"RPL26","Astrocytes"
"GPR173",19.4751210686394,-0.674841841295866,0.198035208660095,-3.40768616783773,0.000655161992042092,0.00326342355086775,"GPR173","Astrocytes"
"SRSF4",29.0760970478097,0.688116025749155,0.201970030918916,3.40702045060047,0.000656762059145625,0.00327007823819874,"SRSF4","Astrocytes"
"TMEM254-AS1",5.3640871265178,1.25966069907456,0.369775205822937,3.4065580364459,0.000657875620375584,0.00327430619256867,"TMEM254-AS1","Astrocytes"
"LRTM1",5.13135539725032,-0.899906773899724,0.264199956646201,-3.40615791661472,0.000658840584327501,0.00327779146473581,"LRTM1","Astrocytes"
"YIPF1",6.30968406295306,1.0990641928549,0.322727515908496,3.40554845396734,0.000660312947211736,0.00328379727924616,"YIPF1","Astrocytes"
"LINC02175",5.22076563291838,-1.05802971419049,0.310793299840084,-3.40428739852141,0.000663369172571186,0.00329767180407427,"LINC02175","Astrocytes"
"ANXA2R-OT1",5.61149124476165,-0.90514869852408,0.265915908406828,-3.40389074105068,0.000664333205943299,0.00329993554754955,"ANXA2R-OT1","Astrocytes"
"CMC2",23.3384987665796,0.424390295123203,0.124678367923518,3.40388073882663,0.000664357532103773,0.00329993554754955,"CMC2","Astrocytes"
"PDGFD",1.05821115266566,-2.09168306925325,0.61453192576896,-3.40370122615833,0.000664794261247809,0.00330078080875366,"PDGFD","Astrocytes"
"TPST2",5.27815822407736,-0.871357072797697,0.256039657613808,-3.40321136545179,0.000665987382116333,0.00330537946001866,"TPST2","Astrocytes"
"GOLGA4",78.7230327558109,0.696437580483545,0.204684000902133,3.40250130647259,0.000667720360060854,0.00331000048784369,"GOLGA4","Astrocytes"
"CDO1",4.28819276833937,-1.02705061543793,0.301844787673064,-3.40257860125898,0.000667531510378527,0.00331000048784369,"CDO1","Astrocytes"
"SCYL1",6.12995608904782,0.84854976847235,0.249379879559176,3.40263925851722,0.000667383344941748,0.00331000048784369,"SCYL1","Astrocytes"
"DMXL2",14.452794973416,-0.634015027142753,0.186401332586028,-3.40134385493269,0.000670554239314167,0.00332271834550913,"DMXL2","Astrocytes"
"SLC35D2",9.10686760807359,0.645239117599116,0.189757399569156,3.40033705702191,0.000673028350904658,0.00333364402770095,"SLC35D2","Astrocytes"
"CAPN1",10.23542001165,0.650809974002399,0.19151820479375,3.39816246034298,0.000678401207693059,0.00335891329662661,"CAPN1","Astrocytes"
"KRBA1",6.04141420263723,0.777080640521356,0.228701701154922,3.3977912564584,0.000679322329320338,0.00336212965786321,"KRBA1","Astrocytes"
"MPG",8.40564709101967,-0.725080213034422,0.213411176535726,-3.39757375787224,0.000679862579910335,0.00336345917979612,"MPG","Astrocytes"
"LINC02231",1.31469606293052,-2.36271546218216,0.695484344290179,-3.39722307422115,0.000680734493670224,0.00336642780955207,"LINC02231","Astrocytes"
"OXA1L",5.70316499548468,0.773129360484551,0.227603858240395,3.39682009989467,0.00068173770254879,0.00337004310206055,"OXA1L","Astrocytes"
"BCAS3",77.5772033247728,-0.299951038025406,0.0883183455390096,-3.39624838072764,0.00068316336170444,0.00337574298004233,"BCAS3","Astrocytes"
"CCDC180",4.14617326807845,-1.01859139484448,0.299968394074668,-3.39566239298841,0.000684627477005255,0.00338027992334771,"CCDC180","Astrocytes"
"HDAC8",49.9371161991223,-0.32078218563959,0.0944665003799563,-3.39572424456673,0.000684472800636995,0.00338027992334771,"HDAC8","Astrocytes"
"CDS2",19.4163585256431,0.453356997065747,0.133531023117038,3.39514358897997,0.000685926164595569,0.00338534224638778,"CDS2","Astrocytes"
"AKIRIN2",6.04418042633939,-1.0363159119128,0.3052762689691,-3.39468218545903,0.000687083088829946,0.00338970115098853,"AKIRIN2","Astrocytes"
"ANGPTL4",150.751759015007,0.981622213414334,0.289263004967808,3.39352836884059,0.000689984114749103,0.00340265762363128,"ANGPTL4","Astrocytes"
"TMEM98",3.06740523193642,-1.51541585829511,0.446606327988725,-3.39318044399354,0.00069086112915213,0.00340562633849157,"TMEM98","Astrocytes"
"BAZ2B",128.200063723933,-0.284574671709353,0.0838802152843574,-3.3926316324372,0.00069224662518343,0.0034110982728398,"BAZ2B","Astrocytes"
"YTHDC2",27.5539352586024,0.463191485012815,0.136632957025082,3.39004216184669,0.000698818750938063,0.00344074456972805,"YTHDC2","Astrocytes"
"NRCAM",319.876836332782,0.584516943238514,0.172419166756887,3.39009261112305,0.000698690157743891,0.00344074456972805,"NRCAM","Astrocytes"
"TMEM30A-DT",2.85730972873092,-1.21970372494157,0.359826362459642,-3.38970084516355,0.000699689331505519,0.00344366176153928,"TMEM30A-DT","Astrocytes"
"ALPK1",9.60807066580848,0.969020759593432,0.286053614464884,3.38754943336816,0.00070520007779343,0.00346940507084467,"ALPK1","Astrocytes"
"ACOX3",5.76365702675979,-0.921593688092762,0.272083797221224,-3.3871685763906,0.000706179817953129,0.00347284538749547,"ACOX3","Astrocytes"
"GOSR2",9.96484814349339,0.746636047798822,0.220584068418993,3.38481402192931,0.000712264955472186,0.00350138028726164,"GOSR2","Astrocytes"
"MIEN1",6.54425579054744,-1.03974663034435,0.307299021904415,-3.38350126824601,0.000715678769579593,0.00351676595385083,"MIEN1","Astrocytes"
"FAM215B",13.1148835621556,-1.63020304504904,0.481935810193735,-3.38261446974383,0.00071799348443155,0.00352674070516298,"FAM215B","Astrocytes"
"SUGT1",15.5911027606613,0.759882501030867,0.224755944692265,3.38092281417204,0.000722428332130971,0.00354711738175171,"SUGT1","Astrocytes"
"SNHG3",6.4733417690115,-1.2773745603845,0.377902140193774,-3.38017286625981,0.000724402527279371,0.00355540090975048,"SNHG3","Astrocytes"
"PTMS",7.44425239753065,0.674512576838649,0.199556697568419,3.38005481678904,0.000724713741946454,0.00355551912302811,"PTMS","Astrocytes"
"MYO5C",6.7720517457594,1.01611304526236,0.300807976749008,3.37794581195631,0.000730294700178035,0.00358148089992262,"MYO5C","Astrocytes"
"DAAM1",129.262405572983,0.658088819805023,0.194848171493329,3.37744416466108,0.000731628049832316,0.00358518011122816,"DAAM1","Astrocytes"
"DDX52",7.67172419651832,0.651919794673107,0.193015699040635,3.37754803320873,0.00073135178771466,0.00358518011122816,"DDX52","Astrocytes"
"NSUN4",3.62140543404254,0.977294397407529,0.28938025977696,3.37719787161979,0.000732283509894835,0.003586972588223,"NSUN4","Astrocytes"
"HOMER1",12.4634317234479,1.14143113943132,0.338005882286846,3.37695643551746,0.00073292657357313,0.00358861678442065,"HOMER1","Astrocytes"
"CCHCR1",4.96811454256608,0.814580717702344,0.241235280383944,3.37670641046317,0.000733593066717682,0.00358861678442065,"CCHCR1","Astrocytes"
"EVL",22.1437843817636,-0.424289194022371,0.12565356206078,-3.37665870400981,0.000733720302009056,0.00358861678442065,"EVL","Astrocytes"
"SEMA6D",22.379085836001,-0.518914894485525,0.153678024989407,-3.37663692984922,0.000733778381503116,0.00358861678442065,"SEMA6D","Astrocytes"
"BACE1",7.46038346109761,0.742477288679633,0.21989884928072,3.37644917701137,0.000734279362841369,0.00358964917096908,"BACE1","Astrocytes"
"COPB2-DT",49.9410354985325,-0.501384587172348,0.148518877851879,-3.37589803009683,0.000735751825216426,0.00359542811825375,"COPB2-DT","Astrocytes"
"FGFR3",157.614099648171,-0.502005758067826,0.148720122365121,-3.37550662334285,0.000736799185439332,0.00359770674814481,"FGFR3","Astrocytes"
"SLC25A11",7.66220169953252,-1.15583494570097,0.342417780544684,-3.37551088574426,0.000736787772280603,0.00359770674814481,"SLC25A11","Astrocytes"
"PAM",34.9493122347581,0.924227252827776,0.273904868552404,3.37426369130402,0.000740134319305986,0.00361256731413718,"PAM","Astrocytes"
"INPP5E",8.12643992653167,0.845539702908521,0.250623013803578,3.37375123727144,0.000741513454443697,0.00361787277635,"INPP5E","Astrocytes"
"MIER3",3.11331813917911,-1.34832621944087,0.399941155679541,-3.37131150493858,0.000748112142885227,0.00364863043140912,"MIER3","Astrocytes"
"LINC01994",1.80677144687162,-1.5177386406294,0.450253926448208,-3.37085042789512,0.000749365318033892,0.00365323672075513,"LINC01994","Astrocytes"
"ANKRD7",2.89086173775176,-1.32248337687599,0.392341332886612,-3.37074701547745,0.000749646653269707,0.00365323672075513,"ANKRD7","Astrocytes"
"STS",8.99771461364782,-0.82081026775086,0.24358813117647,-3.36966445691155,0.000752597665858447,0.0036661750182239,"STS","Astrocytes"
"SPEF2",8.05941774158021,-0.681217420493751,0.202259297148413,-3.36804008566237,0.00075704588164343,0.00368639368949689,"SPEF2","Astrocytes"
"ZNF684",5.83379829916308,-0.916479292185427,0.27215155305645,-3.3675328393049,0.000758439931013074,0.00369173021451843,"ZNF684","Astrocytes"
"ENSG00000257496",3.69344843267915,-1.15265203167288,0.342357456186019,-3.36680861142569,0.000760434435455222,0.00369998413133281,"LOC124902923","Astrocytes"
"BRAT1",13.7346615915937,0.539669427263796,0.160340963163524,3.36576141627273,0.000763326996569,0.00371146865225927,"BRAT1","Astrocytes"
"LINC-PINT",209.671089209676,0.62965012257841,0.18707644111931,3.3657371222753,0.000763394222507014,0.00371146865225927,"LINC-PINT","Astrocytes"
"CLTA",12.2075779653114,0.807643438014331,0.239983104969593,3.3654179035506,0.000764278069972732,0.00371430743346638,"CLTA","Astrocytes"
"NPAS2",46.3688663446171,0.425648277175507,0.126496496034443,3.36490172075289,0.000765709278831862,0.00371929003743363,"NPAS2","Astrocytes"
"MAIP1",4.3606081798933,0.992713174295855,0.295045082609854,3.36461521579923,0.000766504738393816,0.00371929003743363,"MAIP1","Astrocytes"
"ENKUR",8.78602999130505,-0.790667269697629,0.234981278330742,-3.36480963638621,0.000765964860563429,0.00371929003743363,"ENKUR","Astrocytes"
"RBM23",9.40302518187789,0.752570521778997,0.223667258924952,3.36468790915665,0.000766302838122152,0.00371929003743363,"RBM23","Astrocytes"
"ENSG00000287783",1.23904900833651,-1.73347454597235,0.515381531272734,-3.36347820165682,0.000769669143272382,0.00373318174741164,"ENSG00000287783","Astrocytes"
"ENSG00000228484",5.37349985312645,1.08568673220614,0.322879441017582,3.36251428330186,0.000772361303096418,0.00374477291160648,"LOC101927692","Astrocytes"
"KLC1",44.1741714710965,0.362596278536661,0.107846503360939,3.36215145819915,0.000773376912108504,0.00374822947265738,"KLC1","Astrocytes"
"PPP1R3C",45.1924156635397,-1.04845784720799,0.311945668301252,-3.36102710743677,0.000776532039852866,0.00376057733652641,"PPP1R3C","Astrocytes"
"PDZD4",14.2075430212606,1.35537044366717,0.403260068222122,3.36103311603025,0.000776515146961381,0.00376057733652641,"PDZD4","Astrocytes"
"MACF1",655.955306083927,0.792487179839758,0.235813978620296,3.36064547350608,0.000777605685792608,0.00376430461578181,"MACF1","Astrocytes"
"TOP3A",4.80722589055035,1.10018924983398,0.327458807934697,3.35977907197837,0.000780048239685314,0.00377465312701182,"TOP3A","Astrocytes"
"SNX6",8.82246296084239,-0.696112124334848,0.207233750979146,-3.35906733843224,0.000782060080914169,0.00378291014920318,"SNX6","Astrocytes"
"POU3F3",11.9340724442398,-0.596403449365772,0.177566562060623,-3.35875990639585,0.000782930580817665,0.00378564208600748,"POU3F3","Astrocytes"
"PGD",7.68845879183986,0.789961447303431,0.235269554832663,3.35768666653573,0.000785976536116391,0.00379888659122922,"PGD","Astrocytes"
"SKP1",28.3726777407819,-0.512325408727818,0.152606883158555,-3.35715793497678,0.000787481166637697,0.00380467393151565,"SKP1","Astrocytes"
"RAF1",23.0144653842277,0.448492608316464,0.133605464594786,3.35684329736589,0.000788377810664928,0.00380752044830881,"RAF1","Astrocytes"
"RNF207",0.794609200254025,-2.33164992718965,0.694868717846201,-3.35552582424027,0.000792142603623959,0.00382421125172533,"RNF207","Astrocytes"
"ENSG00000257759",10.5449423459279,-0.594954655329946,0.177325760712103,-3.35515072903527,0.000793217518105001,0.00382641703416215,"ENSG00000257759","Astrocytes"
"ACAP1",2.60415610824767,1.24164094942707,0.370069599711767,3.35515522051565,0.000793204638815753,0.00382641703416215,"ACAP1","Astrocytes"
"CGNL1",28.0831469061035,-0.502769955873359,0.149898384216888,-3.35407188342939,0.00079631672891502,0.00383987151641538,"CGNL1","Astrocytes"
"ADPGK",8.55717836122623,0.632040688617438,0.18848084579498,3.35334174648676,0.000798420573201524,0.00384851769480517,"ADPGK","Astrocytes"
"ERCC8",8.40183589185684,-0.717093274528849,0.213904599931039,-3.35239763315064,0.000801148624836737,0.0038601647553904,"ERCC8","Astrocytes"
"PGM1",16.3098969957162,-0.509810268235027,0.152102350329508,-3.35175799144849,0.000803001806854557,0.00386758902150135,"PGM1","Astrocytes"
"B3GAT1",11.3676822152953,-0.831263371947332,0.248051782395055,-3.3511687113114,0.000804712600157714,0.00387432197813101,"B3GAT1","Astrocytes"
"RPS6KA6",0.948767929211777,-2.11592758179214,0.631483247124448,-3.35072639128168,0.000805998961611011,0.0038790070507692,"RPS6KA6","Astrocytes"
"CTH",7.49922163167594,-0.861499248834352,0.257125583966542,-3.35049992126203,0.000806658323319873,0.0038806721125369,"CTH","Astrocytes"
"PACSIN2",12.9744370598322,0.569693399234969,0.170040937696089,3.35033084946387,0.000807150897848909,0.00388153381284001,"PACSIN2","Astrocytes"
"PLOD3",12.8058181907307,1.48610287346114,0.443611047282161,3.35001322118989,0.000808077032268295,0.00388447899478971,"PLOD3","Astrocytes"
"ZNF446",5.73585694317297,1.1943142938489,0.356576968144977,3.34938709042844,0.000809905580764744,0.00389175817097781,"ZNF446","Astrocytes"
"FBXL12",4.30315459798909,-0.922795592368921,0.27552810806266,-3.34918857773691,0.000810486117151317,0.00389303707862093,"FBXL12","Astrocytes"
"KCTD6",8.8604052746558,-0.698979510490674,0.208759383767219,-3.3482543293483,0.000813223449020686,0.00390467079070304,"KCTD6","Astrocytes"
"PSME4",27.2629796667237,0.385254570137345,0.115091829358723,3.34736681382105,0.000815831797325104,0.00391567641328557,"PSME4","Astrocytes"
"ENSG00000287232",9.10546254287493,-1.05425567766682,0.314974756614098,-3.34711165110439,0.00081658313873879,0.00391656429683558,"LOC124909426","Astrocytes"
"CPNE4",2.622459452408,-1.29548329510108,0.38704773860176,-3.34708917246518,0.000816649359156058,0.00391656429683558,"CPNE4","Astrocytes"
"BUD23",7.87013952558412,0.625098355363331,0.186786783307901,3.34658772046475,0.000818127895810558,0.00392097873741753,"BUD23","Astrocytes"
"SH3BGRL",18.7897065714661,-0.602713594421647,0.180099323443651,-3.34656223520031,0.000818203105668004,0.00392097873741753,"SH3BGRL","Astrocytes"
"BAP1",4.99587599364112,1.08043982438727,0.322902271369938,3.34602732834124,0.000819783156505613,0.00392703088085455,"BAP1","Astrocytes"
"TTYH3",11.6542577926611,1.03378708912647,0.309103031101911,3.34447412385817,0.000824387195431722,0.00394755863922313,"TTYH3","Astrocytes"
"XPOT",11.9152103472877,0.548411618670857,0.163994219993787,3.3440911435271,0.00082552611398598,0.00395148429435191,"XPOT","Astrocytes"
"RAB5B",7.55195758933428,0.74378866170578,0.222442878726727,3.3437288078776,0.00082660498240432,0.00395511958930166,"RAB5B","Astrocytes"
"FBXL2",9.48971530389063,-0.775046130959745,0.231816978145804,-3.3433536109347,0.000827723524197626,0.00395894183087648,"FBXL2","Astrocytes"
"SEC62",55.5236896079677,-0.402143879957841,0.120297335281294,-3.34291594254767,0.000829030080863385,0.00396366003526305,"SEC62","Astrocytes"
"METTL15",46.0597496594462,-0.323716211694137,0.0968738777605248,-3.34162541210927,0.000832893804218356,0.00398059590028402,"METTL15","Astrocytes"
"ENSG00000274213",1.57022018676077,3.50012305679795,1.04778395181187,3.34050073084761,0.000836274606053536,0.00399521159211456,"ENSG00000274213","Astrocytes"
"ARL8B",23.0975469167301,0.65970409827165,0.197540266501893,3.33959303565751,0.000839012423452833,0.00400674540671671,"ARL8B","Astrocytes"
"HERC3",17.4933682799099,0.447972666488322,0.134247532170395,3.33691546686852,0.000847137096183012,0.00404398560602708,"HERC3","Astrocytes"
"SCPEP1",12.0823102519564,-0.719106268097631,0.215509003887523,-3.33678062227479,0.000847548185067676,0.00404438889236726,"SCPEP1","Astrocytes"
"IDI2-AS1",8.94914020617908,-0.761231022058556,0.228183316169892,-3.3360503074282,0.000849777848246826,0.00405346652343623,"IDI2-AS1","Astrocytes"
"RMC1",6.54494822792031,1.06684697815762,0.31988379763976,3.33510789239492,0.000852663096139939,0.00406566311879125,"RMC1","Astrocytes"
"IRF2BP2",20.4408865427127,0.634326199264566,0.19034448478134,3.33251683122448,0.000860642644663641,0.00410000572958076,"IRF2BP2","Astrocytes"
"ARMC8",22.3559945048483,0.423901024460506,0.127196608726176,3.33264407522895,0.000860249167027628,0.00410000572958076,"ARMC8","Astrocytes"
"ZFAND4",6.81665730190455,-0.831015428614646,0.24937819242873,-3.33235003638958,0.000861158678411551,0.00410000572958076,"ZFAND4","Astrocytes"
"ENSG00000258380",3.33181837508821,-1.36411803191779,0.409357405684435,-3.33233993809644,0.000861189929955549,0.00410000572958076,"ENSG00000258380","Astrocytes"
"ENSG00000258580",1.79176223345534,-1.90055568067641,0.570409296760955,-3.33191568136886,0.000862503842832945,0.00410468296917769,"ENSG00000258580","Astrocytes"
"ANGEL1",8.76365713847914,-0.850664461777963,0.255325471323122,-3.33168664046612,0.000863213949406676,0.00410648418574832,"ANGEL1","Astrocytes"
"ZNF852",4.31395180380928,-1.07934959740726,0.324055445924626,-3.33075592767021,0.000866105064085766,0.00411865553324656,"ZNF852","Astrocytes"
"PRAF2",9.16183825588884,0.699332391745692,0.209975247129706,3.33054682066263,0.000866755856536645,0.00412016805047727,"PRAF2","Astrocytes"
"FGFRL1",13.9083303216149,0.895969454912437,0.269041276753085,3.33023046026771,0.000867741309871906,0.00412185288104872,"FGFRL1","Astrocytes"
"CYP2R1",6.28805887994448,0.787334180254339,0.236421119404539,3.33021932320325,0.000867776020422677,0.00412185288104872,"CYP2R1","Astrocytes"
"CCT8",8.23401602996541,0.670939892408615,0.201485011496654,3.32997421210042,0.00086854027679545,0.0041239011685422,"CCT8","Astrocytes"
"ENSG00000234915",8.57106194305193,-0.726686672659082,0.218243712283844,-3.32970267530075,0.000869387657102811,0.00412634241391495,"ENSG00000234915","Astrocytes"
"UBR7",6.39609710573088,0.874641815395984,0.262777545763799,3.32844959356675,0.000873308068262624,0.00414336161275712,"UBR7","Astrocytes"
"ZSCAN26",6.01505963032022,-0.844933753407586,0.253912877227192,-3.32765223502852,0.000875811223190968,0.00415364625690301,"ZSCAN26","Astrocytes"
"PTGR2",3.69505532853086,-1.42860888208181,0.429420901899989,-3.3268266070908,0.000878410133081661,0.00416437698236991,"PTGR2","Astrocytes"
"ENSG00000282917",2.32440946389517,-1.53780125929707,0.462260757560586,-3.32669653252043,0.000878820232890605,0.00416472672938552,"LOC101927179","Astrocytes"
"KIAA2026",40.3788973869284,0.372149080518025,0.11188523050574,3.32616806379044,0.000880488218178104,0.00417103504426146,"KIAA2026","Astrocytes"
"LDLR",13.8693620721062,1.64905445134275,0.495930799065823,3.32517047630244,0.000883644866698093,0.00418438790987476,"LDLR","Astrocytes"
"SERGEF",23.5999392626353,1.02543739417331,0.308583261989468,3.32304930462595,0.000890391753217265,0.00421472518352041,"SERGEF","Astrocytes"
"HMGB2",5.96928361472304,-1.27679016578425,0.384271106024805,-3.32262859675385,0.00089173557559993,0.0042162511006697,"HMGB2","Astrocytes"
"PRKDC",21.8450513314365,0.44452776870944,0.133787572065042,3.32263873129657,0.0008917031818224,0.0042162511006697,"PRKDC","Astrocytes"
"PRSS23-AS1",4.41861833868615,-1.49831903086755,0.4509294679704,-3.32273478957003,0.000891396197923754,0.0042162511006697,"PRSS23-AS1","Astrocytes"
"MGLL",51.5554654553575,0.490428717561289,0.147664617211399,3.32123379874533,0.000896204290650354,0.00423576249279517,"MGLL","Astrocytes"
"LGI4",96.8180519841863,-0.655612466652456,0.197424107214675,-3.32083288055371,0.000897492605296781,0.00424023309095385,"LGI4","Astrocytes"
"LINC01619",4.85066471278005,1.73459484827004,0.522359831103914,3.32068958021577,0.000897953504353644,0.00424079261800578,"LINC01619","Astrocytes"
"MT1H",21.7045644875766,-2.05525813201094,0.619012668224778,-3.32021982345703,0.000899465928944192,0.00424469763647711,"MT1H","Astrocytes"
"KCNJ16",1.7791790963344,-2.18324789396601,0.657544660546351,-3.32030358538987,0.000899196076939361,0.00424469763647711,"KCNJ16","Astrocytes"
"ABCD4",22.7135868540851,0.729484924812663,0.219772463522405,3.31927354829098,0.000902519718791045,0.00425748635344362,"ABCD4","Astrocytes"
"DCDC2",3.68061455624576,1.14879241624584,0.346138774798006,3.31887814913608,0.00090379858286443,0.00426189560228874,"DCDC2","Astrocytes"
"SNHG7",7.47306465710472,-0.811360191167458,0.244502074554995,-3.31841843323486,0.000905287582021927,0.00426729201681672,"SNHG7","Astrocytes"
"WNK1",33.4910539000337,0.371705416870919,0.11203181323992,3.31785593860647,0.000907112569583682,0.00427426748445766,"WNK1","Astrocytes"
"RORB-AS1",2.11800334544561,-1.57889182976994,0.475901436240553,-3.31768662486629,0.000907662567364833,0.00427523224483786,"RORB-AS1","Astrocytes"
"COMMD7",9.03794152116703,-0.640366058965574,0.193103549810683,-3.3161796331211,0.000912571505357642,0.0042967197531725,"COMMD7","Astrocytes"
"OSGEP",13.092046640334,0.482557782158613,0.145528495071968,3.3158989373179,0.00091348856931916,0.00429940287110572,"OSGEP","Astrocytes"
"TAF6",5.14576833235606,-0.93809159717591,0.282985633414564,-3.31497958343927,0.000916498181936995,0.00431192894640039,"TAF6","Astrocytes"
"JHY",2.67374539165358,1.36624859900668,0.412191786705421,3.31459442684891,0.000917761766084241,0.00431623393445543,"JHY","Astrocytes"
"DNASE1L1",2.44040153967925,1.74365090274002,0.526096526836884,3.31431745657702,0.000918671420752656,0.00431887175519367,"DNASE1L1","Astrocytes"
"C2orf73",3.37929230105921,-1.27852904015437,0.385773995925579,-3.31419186792728,0.000919084167346885,0.00431917238871213,"C2orf73","Astrocytes"
"GBP1",4.09085092646753,1.96354738667712,0.592921037072083,3.31165073240335,0.000927472601558859,0.00435622616435634,"GBP1","Astrocytes"
"ENSG00000290791",3.00111735791945,-1.2590924454218,0.380207778678549,-3.31159044088445,0.000927672486102533,0.00435622616435634,"ENSG00000290791","Astrocytes"
"DENND1A",69.8610565713684,-0.341666220692341,0.103197449717541,-3.31080100940001,0.000930293374615674,0.00436522275781201,"DENND1A","Astrocytes"
"CALCB",2.01659616915571,-1.60553069229829,0.484922544346745,-3.31090132025342,0.00092995996556677,0.00436522275781201,"CALCB","Astrocytes"
"FBXO36",5.03203021728612,0.774339300194513,0.233910942686355,3.31040220393967,0.000931620003358301,0.0043697918566613,"FBXO36","Astrocytes"
"GVQW3",2.8019973814909,-1.22779360552291,0.371027870761127,-3.30916813069651,0.000935736267165826,0.00438577675863528,"GVQW3","Astrocytes"
"PRTG",8.41240794993178,0.909975212873108,0.274981087679532,3.30922835658288,0.000935534992658202,0.00438577675863528,"PRTG","Astrocytes"
"TPST1",144.779115859752,1.53413491401899,0.463682988042507,3.30858572253323,0.000937684742220953,0.00439324637265307,"TPST1","Astrocytes"
"MRPL34",7.6156136166188,-0.691923459379017,0.209326219861826,-3.30547916947885,0.000948141515104643,0.00444055838938759,"MRPL34","Astrocytes"
"TMEM135",44.4572167974618,-0.464540769569768,0.140557415807551,-3.30498940166779,0.000949799915182527,0.00444664361047457,"TMEM135","Astrocytes"
"HAPLN3",1.64320633805444,2.01616486910971,0.610158150320831,3.30433161967856,0.000952031454967821,0.00445540646518009,"HAPLN3","Astrocytes"
"ST6GALNAC3",27.0068824162399,-0.712013061084538,0.215495483364693,-3.30407417346917,0.000952906168434074,0.00445616115390247,"ST6GALNAC3","Astrocytes"
"DHCR7",3.01836871006941,-1.26261154803901,0.382137986841713,-3.30407232862198,0.000952912439274307,0.00445616115390247,"DHCR7","Astrocytes"
"NEMP1",4.00981252251662,0.888590558784302,0.268987116067397,3.30346884927254,0.000954965785089241,0.0044640775072707,"NEMP1","Astrocytes"
"IL13RA1",4.10780898425556,1.55111446963798,0.469678061610363,3.30250568723552,0.000958251447384804,0.00447774629168529,"IL13RA1","Astrocytes"
"RTN4IP1",3.47455137660398,-1.32081521693895,0.400109766096687,-3.30113216136736,0.000962955110824703,0.00449802834301859,"RTN4IP1","Astrocytes"
"LPAR6",2.73315407593099,-1.36045230905264,0.412275532169591,-3.29986187124248,0.00096732426585439,0.00451673317649883,"LPAR6","Astrocytes"
"MSTO1",9.50169368566867,0.661944966556139,0.20069227641816,3.29830812809616,0.000972693315702365,0.00453707226212613,"MSTO1","Astrocytes"
"IFT57",6.05189669208678,-0.765751413034765,0.232155674495347,-3.29843935410725,0.000972238791856871,0.00453707226212613,"IFT57","Astrocytes"
"ENSG00000254363",2.28598348706195,1.46592207100271,0.444450018813047,3.29828329160074,0.000972779363316229,0.00453707226212613,"ENSG00000254363","Astrocytes"
"TAPT1",19.2536929024665,0.423267497566608,0.128370931173531,3.29722230490358,0.000976461808383006,0.00455081918449633,"TAPT1","Astrocytes"
"METTL25",15.8915434684022,-0.617098988090257,0.187156575934495,-3.29723380014305,0.000976421841927021,0.00455081918449633,"METTL25","Astrocytes"
"ENSG00000227885",3.05524234356368,-1.5938780271949,0.483505105988481,-3.2965071256825,0.000978951312528653,0.00456070508015136,"LOC124901333","Astrocytes"
"AGFG1",20.4138827947119,0.599556459311144,0.181891439089355,3.29623242475205,0.00097990909442851,0.00456345028819415,"AGFG1","Astrocytes"
"ERP29",4.82872660660797,-0.973408316464874,0.2954222695546,-3.29497271120574,0.000984312379133296,0.00458223315443895,"ERP29","Astrocytes"
"CAMSAP2",45.9700767523998,0.612705126087141,0.18602197130694,3.29372450889774,0.000988693491014177,0.00460058603870044,"CAMSAP2","Astrocytes"
"ISCA2",3.20960333420802,-1.22575323536726,0.372157850302464,-3.29363799358539,0.000988997822419492,0.00460058603870044,"ISCA2","Astrocytes"
"HM13",12.3876298008804,0.585869255562498,0.177917810327414,3.29292078451477,0.000991524061532355,0.00461060550279953,"HM13","Astrocytes"
"INSIG1",14.212680990677,-1.22184496905882,0.371176372984032,-3.29181773946421,0.000995421000362649,0.00462698883164065,"INSIG1","Astrocytes"
"EXOSC10",23.3047942493656,0.474637399039434,0.144217679136441,3.29111799525209,0.000997900466684117,0.00463677353806733,"EXOSC10","Astrocytes"
"SERPINI1",12.3473041301596,-0.783542305927149,0.238181342771354,-3.28968800330982,0.00100298527648198,0.00465865216754551,"SERPINI1","Astrocytes"
"CAPZA1",32.5181194611071,0.455468728251418,0.13849881840681,3.28861093178123,0.00100683098594485,0.00467476119195915,"CAPZA1","Astrocytes"
"SYCP3",7.39173411434037,-1.72920402413247,0.525970238253203,-3.28764614111118,0.0010102873789021,0.00468729434730035,"SYCP3","Astrocytes"
"PER1",46.7034371659412,0.564297914759268,0.171641035450375,3.28766319358647,0.00101022619263978,0.00468729434730035,"PER1","Astrocytes"
"ASF1A",4.66191147275438,-1.17818289695434,0.358396815806859,-3.28736987883638,0.00101127911811767,0.00469013832196671,"ASF1A","Astrocytes"
"ENSG00000291283",4.74170989986491,-0.952100694189548,0.289642887924635,-3.28715371197819,0.00101205575234587,0.00469198292074087,"ENSG00000291283","Astrocytes"
"EVI5L",7.62186034785035,1.06972878271128,0.32557828032389,3.28562698238683,0.0010175566541698,0.00471572007806311,"EVI5L","Astrocytes"
"RUFY1",9.95311141195179,0.649519621499187,0.197708656698976,3.28523612644904,0.00101896937499304,0.00472050047532316,"RUFY1","Astrocytes"
"YIPF4",12.4219446830262,0.538660945266116,0.163982447464071,3.2848695308328,0.00102029605825049,0.00472461429507795,"YIPF4","Astrocytes"
"ENSG00000241219",1.8548832721565,-1.44218092556886,0.439049478187647,-3.28477995583105,0.00102062046671513,0.00472461429507795,"LOLI1","Astrocytes"
"MRPL14",2.06783687851702,-1.48540152682007,0.452590285940834,-3.28200046037722,0.00103073436823086,0.00476965010530746,"MRPL14","Astrocytes"
"PDXK",33.1832128517681,0.463456179425966,0.141216143699595,3.28189233386702,0.00103112968199398,0.00476969699369873,"PDXK","Astrocytes"
"COMMD10",29.2388230368016,-0.443583333326097,0.135169916213518,-3.28167202993158,0.00103193555399242,0.00477164225731447,"COMMD10","Astrocytes"
"RIC8B",31.0905099658441,0.900581238234685,0.274457010365148,3.28131985784046,0.00103322501052151,0.00477582131589692,"RIC8B","Astrocytes"
"FDFT1",35.2699570716636,0.479066779030855,0.146006650753293,3.2811298427791,0.00103392135816347,0.00477725678288742,"FDFT1","Astrocytes"
"BCAN",50.2382333930866,-0.495063579078099,0.15090919091946,-3.28053961499479,0.00103608713490126,0.00478547817660659,"BCAN","Astrocytes"
"DEF8",18.4793648487255,0.499623835456346,0.152333668171145,3.27979915047424,0.00103881012615127,0.00479626614173423,"DEF8","Astrocytes"
"CNTN6",4.69099560294254,-0.95587465625603,0.291464378220547,-3.27955910801811,0.0010396942809532,0.00479855918041129,"CNTN6","Astrocytes"
"CRIP2",22.0008890763644,0.690410459371134,0.210561708763927,3.27889844466068,0.00104213131698104,0.00480801493970799,"CRIP2","Astrocytes"
"LINC01995",1.13930251862061,-2.50681787188487,0.764617875689791,-3.27852375884278,0.00104351579517846,0.00481081760673673,"LINC01995","Astrocytes"
"FBLN1",7.72814642797239,-0.911045763849144,0.277882041984516,-3.27853414831286,0.00104347738276489,0.00481081760673673,"FBLN1","Astrocytes"
"ENSG00000290569",18.3876074480237,1.19843274056427,0.365770100631567,3.27646447452913,0.001051155357449,0.00484063101200853,"ENSG00000290569","Astrocytes"
"KCND2",39.0061323420208,-1.00920659949555,0.308011989872084,-3.27651725478178,0.00105095890805674,0.00484063101200853,"KCND2","Astrocytes"
"ZNF598",5.99494758382742,0.783586330962521,0.239149102429209,3.27655978217385,0.00105080064477553,0.00484063101200853,"ZNF598","Astrocytes"
"FIGN",89.6716033473834,0.322627577863552,0.0984724011242028,3.27632488068025,0.00105167509294437,0.00484122404309671,"FIGN","Astrocytes"
"CALD1",21.1807858299434,0.586198148909632,0.178945333745415,3.2758504323092,0.00105344333590723,0.00484756180919331,"CALD1","Astrocytes"
"PPID",7.68061600235394,0.661031187544733,0.201824923868831,3.27527034259825,0.00105560903588261,0.00485235328678788,"PPID","Astrocytes"
"CSPP1",37.1491483853703,0.495418384877352,0.15126093493108,3.27525666229078,0.00105566015946108,0.00485235328678788,"CSPP1","Astrocytes"
"DDB1",21.7937562243106,0.39560741813951,0.120779665854617,3.27544719833637,0.0010549483286917,0.00485235328678788,"DDB1","Astrocytes"
"ZNF587",5.18405768805291,0.766937688777025,0.234210619685516,3.27456410732708,0.00105825124634069,0.00486245832409526,"ZNF587","Astrocytes"
"SLC46A3",3.93766456679604,-1.08888948099708,0.332560710009805,-3.27425774669828,0.0010593993231003,0.00486592797401745,"SLC46A3","Astrocytes"
"LIFR-AS1",6.72976144638854,-0.902847453795087,0.275806374143149,-3.27348291568668,0.00106230812236948,0.00487567141560462,"LIFR-AS1","Astrocytes"
"SACS",14.4781486981781,0.510068007585958,0.155817198179594,3.27350262708521,0.00106223403214955,0.00487567141560462,"SACS","Astrocytes"
"RASA3",17.9231828032205,0.566292427214633,0.173000768068509,3.2733520985894,0.00106279995230087,0.00487612145585094,"RASA3","Astrocytes"
"FBXO33",7.43182420393685,-0.816901787470781,0.249603966052681,-3.27279169634015,0.00106490926841744,0.0048839894336345,"FBXO33","Astrocytes"
"ZNF709",8.54258851674003,0.731463903689418,0.223632889951788,3.27082435793371,0.00107234489740625,0.00491627059036714,"ZNF709","Astrocytes"
"SYCP2",8.88950840391984,-0.640990159757839,0.19599333637545,-3.2704691476344,0.00107369253565378,0.00492062719059982,"SYCP2","Astrocytes"
"TSR1",3.19015338869233,0.967565646603851,0.295958260666236,3.26926386317365,0.00107827696958702,0.00493980899533704,"TSR1","Astrocytes"
"WDR35",9.90884753636452,-0.687870497754661,0.210422194886824,-3.26900162848617,0.00107927680367751,0.0049425608949477,"WDR35","Astrocytes"
"HLA-A",36.0347842404712,0.449819709801589,0.137624215090831,3.26846339871739,0.00108133162354836,0.00495014029367811,"HLA-A","Astrocytes"
"TP53BP1",24.2224939670478,0.419362318788037,0.128320174989644,3.26809341416408,0.00108274622536316,0.00495478437127568,"TP53BP1","Astrocytes"
"POLL",7.40590937638155,0.62313348237908,0.190807361744632,3.26577274944482,0.00109165818253896,0.00499372119482082,"POLL","Astrocytes"
"FHIP1B",12.2982350948337,-0.741301849227254,0.227004786773751,-3.26557805129496,0.00109240895035769,0.00499531020394359,"FHIP1B","Astrocytes"
"CCDC3",5.02725264344694,-1.08654140065173,0.332852801319737,-3.26433004722712,0.0010972326809513,0.00501551579483939,"CCDC3","Astrocytes"
"EDNRB",32.1566787002175,-0.998888060715253,0.306057194508742,-3.26373004339462,0.00109955879425911,0.0050242939296349,"EDNRB","Astrocytes"
"PCDH9",1730.79799020726,-0.394722219632735,0.120960479721847,-3.26323292153283,0.00110148950509592,0.00503125951368599,"PCDH9","Astrocytes"
"CASC3",16.0281691206009,0.68290097815147,0.209308943980636,3.26264594892156,0.00110377321224876,0.0050379740830359,"CASC3","Astrocytes"
"GAMT",3.5740002898845,-1.14491098563553,0.350907671735849,-3.26271289530933,0.00110351252600867,0.0050379740830359,"GAMT","Astrocytes"
"DHRSX",23.2848492431475,0.790724349138773,0.242374349503115,3.26240937112287,0.00110469489188308,0.00504032308260432,"DHRSX","Astrocytes"
"FOXN2",19.1802291651724,-0.461160678094266,0.141436914641113,-3.26053972023097,0.0011120039100318,0.00507143989701408,"FOXN2","Astrocytes"
"FHIP2A",8.71447143175944,-0.688585941806594,0.211193167912642,-3.26045557539731,0.00111233390618511,0.00507143989701408,"FHIP2A","Astrocytes"
"TBC1D7",1.53475059965347,-1.61182472580677,0.494528894776049,-3.25931354635344,0.00111682163758422,0.00509002662429347,"TBC1D7","Astrocytes"
"TSEN54",9.32363855464258,-0.643222240559209,0.197363248612115,-3.25907809626379,0.00111774894413783,0.00509237865167726,"TSEN54","Astrocytes"
"TMOD3",18.2245328936435,0.6373745558953,0.195615103225826,3.25830953430773,0.00112078083773053,0.00510431376006514,"TMOD3","Astrocytes"
"AMFR",11.9040924405084,0.597451724632626,0.183407918270333,3.25750234922799,0.00112397328033509,0.00511697100381962,"AMFR","Astrocytes"
"LUC7L",28.1252642569606,0.626935762141794,0.19261864514734,3.25480309376193,0.0011347100852441,0.00516395258565882,"LUC7L","Astrocytes"
"HGS",11.3648044498429,0.608841817979042,0.187102808790497,3.25404958864501,0.00113772417921548,0.00517386651165085,"HGS","Astrocytes"
"USP9X",19.8591376998579,0.504064513512237,0.154898816428993,3.25415342178102,0.00113730839734344,0.00517386651165085,"USP9X","Astrocytes"
"NDUFS4",15.2482881303557,-0.536828859081768,0.165004737926434,-3.25341481601036,0.00114026907338431,0.00518353595290674,"NDUFS4","Astrocytes"
"CTBP1",12.4610473837786,0.592172436698819,0.182068353778944,3.25247317509005,0.00114405394018738,0.00519311581427433,"CTBP1","Astrocytes"
"PRPF18",29.3240800062369,-0.850781480597966,0.261572436831164,-3.2525654878045,0.0011436823822481,0.00519311581427433,"PRPF18","Astrocytes"
"TMEM107",4.20760370479813,0.873165497809075,0.268448986688135,3.25263100666294,0.00114341873704663,0.00519311581427433,"TMEM107","Astrocytes"
"USP36",11.5520470189191,0.702541024362393,0.215990679056931,3.25264510223248,0.00114336202439602,0.00519311581427433,"USP36","Astrocytes"
"GLUD1P2",2.27292877304988,-1.40478029753773,0.431931847329015,-3.25231933284065,0.00114467340194135,0.00519402372159756,"GLUD1P2","Astrocytes"
"SUMO2",17.0744155483623,-0.568123806590609,0.174701279553099,-3.25197278488126,0.00114606994916449,0.00519845574377433,"SUMO2","Astrocytes"
"TAOK2",10.9395586831403,0.922649027013156,0.28374638285094,3.25166797808256,0.00114729958605732,0.00520022356301164,"TAOK2","Astrocytes"
"DIDO1",11.9182522225712,-0.565981619820839,0.174054549320223,-3.2517485008654,0.00114697462646195,0.00520022356301164,"DIDO1","Astrocytes"
"DENND5A",27.6416781867772,0.676664935367246,0.208108618383267,3.25149885970149,0.0011479823611569,0.00520141440841782,"DENND5A","Astrocytes"
"TMEM240",2.6457688947532,-1.31625928707951,0.40484513970094,-3.2512661212923,0.00114892260101764,0.0052037705078279,"TMEM240","Astrocytes"
"TEP1",4.79431781465385,0.895841535447888,0.275625466342431,3.25021322353035,0.00115318510294868,0.00522116677506892,"TEP1","Astrocytes"
"ENSG00000227088",4.88359372585317,-1.25455694413964,0.386011702604566,-3.25004898990024,0.00115385129488361,0.0052222736054619,"ENSG00000227088","Astrocytes"
"CYP2U1",2.75252554972451,-1.28903447120055,0.396750153173885,-3.24898292007868,0.00115818432126144,0.00523996947394241,"CYP2U1","Astrocytes"
"THOC1",22.9330589199524,0.612771594472011,0.188611305694067,3.24885929937808,0.00115868774777753,0.00524033249844016,"THOC1","Astrocytes"
"BEST1",5.87871816720619,-0.877591901809481,0.270225684632058,-3.24762578732817,0.00116372212660399,0.00526117966182448,"BEST1","Astrocytes"
"PLET1",2.66769104080763,1.57247116381247,0.484212964490728,3.24747844260286,0.0011643248398131,0.00526198339102395,"PLET1","Astrocytes"
"NIPBL-DT",2.11255650031177,-1.46561575946491,0.451425319005423,-3.24664057987254,0.00116775760280022,0.00527557183344585,"NIPBL-DT","Astrocytes"
"ENSG00000289552",1.79313552939072,-1.85279214458672,0.570868376300617,-3.2455680179612,0.00117216558890735,0.00529355451766585,"ENSG00000289552","Astrocytes"
"DLG5",17.8163716551463,0.701615960488223,0.216219679385359,3.24492184283449,0.00117482863880772,0.00530364674967408,"DLG5","Astrocytes"
"GPR158",7.4789023393412,1.66826250381584,0.514215723538548,3.24428528232428,0.00117745752997964,0.00531357747585198,"GPR158","Astrocytes"
"EEIG2",1.59147777338601,-1.65190563323324,0.509309757239329,-3.24342035422069,0.00118103825312924,0.00532779478633859,"EEIG2","Astrocytes"
"COA6-AS1",7.53263478831784,-0.764700301964707,0.235792097322672,-3.24311251584587,0.00118231510170101,0.00533161249248494,"COA6-AS1","Astrocytes"
"MOSPD1",1.43407903471713,-1.67576300273821,0.516747548307701,-3.24290460250111,0.00118317820386568,0.00533356232197621,"MOSPD1","Astrocytes"
"ARHGEF40",16.8946623343572,0.517784587541049,0.159700834383817,3.24221591915188,0.0011860412664855,0.00534452292681585,"ARHGEF40","Astrocytes"
"CLN8-AS1",5.54601977834046,-0.894938308733621,0.276067043247872,-3.24174265136779,0.00118801249165149,0.00535145823358328,"CLN8-AS1","Astrocytes"
"NAXE",9.16052177453402,0.668876425433374,0.2065621491538,3.23813645517093,0.00120313249284698,0.00541741286009581,"NAXE","Astrocytes"
"ZNF248",32.8603951192011,-0.389692348725564,0.12034813068644,-3.23804239004662,0.00120352925608686,0.00541741286009581,"ZNF248","Astrocytes"
"EXOG",8.36864784900269,-0.656191824482749,0.202677178672032,-3.23762067728694,0.00120530951109214,0.00542345482407483,"EXOG","Astrocytes"
"RAB3GAP1",31.92639082015,-0.406658001117419,0.125616235606312,-3.23730447067294,0.0012066459687431,0.00542749619721969,"RAB3GAP1","Astrocytes"
"PRDM2",16.6523291076776,0.467380528094726,0.144387414224499,3.23698939138853,0.00120797902316063,0.00543140735436285,"PRDM2","Astrocytes"
"HSPB1",256.610550018888,1.35061006089738,0.417255255305246,3.23689167176416,0.00120839273691914,0.00543140735436285,"HSPB1","Astrocytes"
"OSBP",8.82922673054646,0.852870652045672,0.263574516079072,3.23578570771164,0.00121308416838341,0.0054505156956066,"OSBP","Astrocytes"
"SLC25A16",3.76051353655832,-1.01211310323583,0.313064039493093,-3.23292673561175,0.00122528982155091,0.00550336012341854,"SLC25A16","Astrocytes"
"STAT3",42.0239156197925,0.737224973481224,0.228165062442986,3.23110368251687,0.00123313200031135,0.00553657489479894,"STAT3","Astrocytes"
"PIGS",6.7002189459642,0.692708774704075,0.21443011388895,3.23046405255755,0.00123589444606359,0.00554696662762068,"PIGS","Astrocytes"
"EHD1",6.69250252830841,0.792808072576994,0.245445510696765,3.23007770778283,0.00123756576633532,0.00555245539294573,"EHD1","Astrocytes"
"NBEAL1",28.7976025588203,-0.374394637076664,0.115987502632871,-3.22788773426493,0.00124707906382039,0.00558956294213735,"NBEAL1","Astrocytes"
"ENSG00000291075",19.408991973893,-0.54399939244346,0.168526892065334,-3.22796786777842,0.00124672977499958,0.00558956294213735,"FRG1HP","Astrocytes"
"HDHD5",5.77342656152282,0.725340940006606,0.224712491212392,3.22786212770449,0.00124719069766014,0.00558956294213735,"HDHD5","Astrocytes"
"LRRC69",9.13862766663684,0.936819847496869,0.290416675571227,3.22577842905962,0.00125630573572208,0.0056283769628967,"LRRC69","Astrocytes"
"GALM",6.24973291975433,0.696752688808161,0.216008535460125,3.22557943057199,0.00125717945478662,0.00563025431776592,"GALM","Astrocytes"
"SGF29",4.08095165615309,0.829380014483263,0.257165024093124,3.22508870484242,0.00125933642421416,0.00563787524983512,"SGF29","Astrocytes"
"ENSG00000229278",1.50030986389856,-1.82947972420511,0.567430206705164,-3.22414933605342,0.0012634749234886,0.00565435850291265,"ENSG00000229278","Astrocytes"
"SEPTIN2",40.1073831492143,-0.555036505264474,0.172235217996875,-3.22254943976989,0.00127055236938753,0.00568111771157514,"SEPTIN2","Astrocytes"
"TRIP10",6.38570074023491,1.37792427194277,0.427596573915312,3.22248669891279,0.00127083065986135,0.00568111771157514,"TRIP10","Astrocytes"
"ZBED4",4.88023874819213,0.917689222311685,0.284762256924762,3.22265047419592,0.00127010434395513,0.00568111771157514,"ZBED4","Astrocytes"
"COMMD3",6.40417777319777,-0.819966310418227,0.254471242711873,-3.22223565099118,0.00127194475968381,0.00568404617797353,"COMMD3","Astrocytes"
"BCL9",12.6664826311044,-0.67764655820241,0.210321055300573,-3.22196252407528,0.00127315786565875,0.00568741480896546,"BCL9","Astrocytes"
"KIAA0319L",48.4375581778938,0.436539307735098,0.135505595857213,3.22155926457159,0.00127495091437639,0.00569337077992168,"KIAA0319L","Astrocytes"
"DZIP3",28.4755401661151,-0.364128457750686,0.113069169152561,-3.2204044699345,0.00128009848498781,0.00571429687801156,"DZIP3","Astrocytes"
"TANGO2",9.4912646118917,0.948388723083599,0.294525731288587,3.22005387758238,0.00128166506497022,0.00571922828811755,"TANGO2","Astrocytes"
"CCDC40",6.17470316505426,0.756444068181276,0.234929960011284,3.21987058672698,0.00128248478250907,0.00572082458998912,"CCDC40","Astrocytes"
"FAM151A",2.06347132817102,-2.07907939888773,0.645858330921488,-3.21909511629489,0.00128595821682444,0.00573277685863955,"FAM151A","Astrocytes"
"FEZF1-AS1",1.47201273957119,-3.36101959564103,1.0440978549449,-3.21906570320307,0.00128609013270618,0.00573277685863955,"FEZF1-AS1","Astrocytes"
"TMEM192",11.4016574705465,-0.719278538784338,0.223473838137509,-3.21862525286628,0.00128806701956432,0.00573952281513675,"TMEM192","Astrocytes"
"ZC3H6",20.9854705967216,0.641251521284725,0.199314384180933,3.21728671977137,0.0012940920261283,0.00576222278300856,"ZC3H6","Astrocytes"
"THAP2",4.09816885658575,-0.973664332624973,0.302630802695396,-3.21733387333009,0.00129387933720639,0.00576222278300856,"THAP2","Astrocytes"
"ALK",29.7929972646258,1.0035185009286,0.31194208253969,3.21700263317605,0.00129537409855108,0.00576585818201223,"ALK","Astrocytes"
"ENSG00000287941",1.03884261382305,-2.88444340980062,0.896901526405672,-3.21600903207291,0.00129986741009518,0.00578177856494668,"ENSG00000287941","Astrocytes"
"METTL22",3.8799114245863,0.842001528540381,0.261824360904763,3.21590216292613,0.00130035155482327,0.00578177856494668,"METTL22","Astrocytes"
"ABHD12",8.71200950007743,0.601771457980396,0.187122960465041,3.21591458624246,0.00130029526545674,0.00578177856494668,"ABHD12","Astrocytes"
"ZDHHC3",6.36176005879057,0.738043044897265,0.229515100728405,3.21566224860569,0.00130143903465005,0.00578453681481393,"ZDHHC3","Astrocytes"
"CASP9",9.46787147028186,-0.738306940098647,0.229669421177421,-3.21465058915396,0.00130603390679073,0.00580287688115879,"CASP9","Astrocytes"
"CHMP2B",6.30899496534678,-0.81612236417143,0.253922823761169,-3.2140567440249,0.00130873807022333,0.00581280614188503,"CHMP2B","Astrocytes"
"TMEM219",16.056041029083,-0.484657623509893,0.150894557218938,-3.21189599175991,0.0013186210454389,0.0058546017947902,"TMEM219","Astrocytes"
"NUP88",10.2220493025538,0.552551073880825,0.172046028746377,3.21164677794087,0.0013197653329659,0.00585758212118879,"NUP88","Astrocytes"
"CEP83",11.0004068398743,-0.660736946945839,0.20574714915772,-3.21140268358876,0.00132088700219829,0.00586045995995034,"CEP83","Astrocytes"
"PIEZO1",16.8969071250474,0.640139828139166,0.199345499877367,3.21120782025662,0.00132178307501882,0.00586233517835173,"PIEZO1","Astrocytes"
"USP20",10.4453107881717,0.745881141039167,0.232328245338379,3.21046259335714,0.00132521515413962,0.00587545265080949,"USP20","Astrocytes"
"SLC2A9",2.10424485130001,-1.33060729943645,0.414474157138733,-3.21035045615901,0.0013257323036438,0.0058756417738086,"SLC2A9","Astrocytes"
"ZNF436",3.37533937825032,1.46288689606784,0.455711432835911,3.21011673322357,0.00132681077559531,0.00587831765087537,"ZNF436","Astrocytes"
"CCT3",15.0003208761726,0.851850750897268,0.265395665508857,3.20973874710414,0.00132855663709173,0.00588394736663337,"CCT3","Astrocytes"
"HS1BP3",3.67620739675453,0.898675640618929,0.280012569232707,3.20941178848324,0.00133006851966306,0.00588600676509911,"HS1BP3","Astrocytes"
"PLRG1",6.56663709410142,-0.707176128393012,0.220350091712953,-3.20932985729927,0.00133044762460732,0.00588600676509911,"PLRG1","Astrocytes"
"TMEM199",5.30663871448844,-1.1356484776947,0.353845927665077,-3.2094434015067,0.00132992226924371,0.00588600676509911,"TMEM199","Astrocytes"
"PLEKHB2",9.81653319204596,0.801487571343046,0.249765007441107,3.2089666184805,0.00133212957322541,0.00589058785431604,"PLEKHB2","Astrocytes"
"MMS22L",7.02290489105251,0.669846152141506,0.208746294207159,3.20890080796717,0.00133243451344094,0.00589058785431604,"MMS22L","Astrocytes"
"WDR25",7.63980155478137,0.731297350497988,0.22793681975908,3.20833356923615,0.00133506554737026,0.00590011301680442,"WDR25","Astrocytes"
"ENSG00000289201",2.25232855974418,-1.35253122459158,0.421620813323481,-3.20793277241244,0.00133692745973673,0.00590609853565952,"ENSG00000289201","Astrocytes"
"CALM1",54.8262313085948,-0.548782306352479,0.171075508942664,-3.20783676017825,0.00133737384268669,0.00590609853565952,"CALM1","Astrocytes"
"FRMD6",16.5412915502432,0.462538713547992,0.144230830810194,3.20693371139689,0.0013415790580619,0.00592255738894138,"FRMD6","Astrocytes"
"EPM2A-DT",14.2069536570574,-0.570728356451973,0.177982086344768,-3.20666179486412,0.00134284767580391,0.0059260451780042,"EPM2A-DT","Astrocytes"
"TM9SF1",6.90416946218494,0.744651291998989,0.232249507725503,3.20625563124593,0.00134474468028046,0.00593230259206019,"TM9SF1","Astrocytes"
"BCAS1",4.65489549133785,-0.954877346347856,0.297900170710753,-3.20536018515745,0.00134893563599525,0.00594867164548762,"BCAS1","Astrocytes"
"MFSD13A",2.59334083674188,-1.31924342001133,0.411621378647386,-3.20499247232117,0.00135066012943253,0.0059541560636394,"MFSD13A","Astrocytes"
"ENSG00000275119",4.24474912661018,1.21555867247807,0.379298056642754,3.20475850374039,0.00135175844978198,0.00595687718279367,"ENSG00000275119","Astrocytes"
"RMDN3",8.821870434295,0.587845907406283,0.183437846535442,3.2046053663888,0.00135247776956844,0.00595704131211172,"RMDN3","Astrocytes"
"GRIK1-AS1",1.73057517017993,-1.99940649798572,0.623928208470576,-3.20454576478731,0.0013527578268318,0.00595704131211172,"GRIK1-AS1","Astrocytes"
"ENSG00000286924",4.5829885711326,-0.940987466882723,0.29372833590819,-3.20359785504946,0.00135721908219142,0.00597366423736442,"ENSG00000286924","Astrocytes"
"AP3S2",14.1775915938936,0.526533852428347,0.16436006720704,3.20353879975654,0.00135749746942934,0.00597366423736442,"AP3S2","Astrocytes"
"SCHIP1",19.336250692236,-0.495842065264605,0.154831497620407,-3.20246250204358,0.00136258038433215,0.00599390156276555,"SCHIP1","Astrocytes"
"ENSG00000237654",9.88871673407663,-1.45429114065281,0.454202975074504,-3.20185296103411,0.0013654667782746,0.00600446559494831,"NTM-AS2","Astrocytes"
"ENSG00000251488",15.5903582226867,-0.527722821993527,0.164844576203685,-3.20133567113219,0.00136792075318967,0.00601312129455014,"ENSG00000251488","Astrocytes"
"PKN2-AS1",9.22456820985895,-0.703575663712094,0.219817145286563,-3.20073151161563,0.001370791978927,0.00602146756830543,"PKN2-AS1","Astrocytes"
"C8orf33",4.52059941601548,1.02769046148399,0.321078379698228,3.20074637990226,0.00137072125177405,0.00602146756830543,"C8orf33","Astrocytes"
"HEMK1",4.96425270466777,-1.00851400245167,0.315156437462968,-3.20004252672191,0.00137407311471657,0.00603374020550898,"HEMK1","Astrocytes"
"RALYL",5.00424246577487,-1.4339987730407,0.448230291874739,-3.19924556424544,0.00137787750401871,0.00604830100399278,"RALYL","Astrocytes"
"PPP1R9A",94.7018659835778,-0.600049294085937,0.187567460901271,-3.19911188861155,0.00137851657012018,0.00604896197299722,"PPP1R9A","Astrocytes"
"TMEM39A",6.53931414911623,0.67519886456048,0.211066807306976,3.19898174978536,0.00137913899032282,0.00604954945702,"TMEM39A","Astrocytes"
"PSMA2",6.11855606699698,-0.759419056363718,0.237411372716436,-3.19874759020398,0.00138025956755075,0.00605137774443445,"PSMA2","Astrocytes"
"MDFIC",10.4443454583843,-0.645143017229598,0.201689731513552,-3.19869044590528,0.00138053316062564,0.00605137774443445,"MDFIC","Astrocytes"
"SHANK2",8.51505640682912,-0.818962267848245,0.256048797452068,-3.19846168385756,0.00138162891890529,0.00605403782831005,"SHANK2","Astrocytes"
"DNMBP",2.81319886115849,1.2578798573236,0.393409074051939,3.1973839453371,0.0013868020290965,0.00607455589893948,"DNMBP","Astrocytes"
"ETHE1",6.59454922629657,1.57120824743286,0.491420961048245,3.19727559866664,0.00138732307653658,0.00607468941186439,"ETHE1","Astrocytes"
"PKIB",3.34784436429279,-1.04232380910811,0.326040961479905,-3.1969106101791,0.00138907966288601,0.00608023098816454,"PKIB","Astrocytes"
"SLC4A7",6.78914503618708,1.01742215030321,0.318309367122861,3.19633116517903,0.00139187258102043,0.00608815195011514,"SLC4A7","Astrocytes"
"VPS52",11.8004352653234,0.570151896669746,0.178372896698786,3.19640431490299,0.00139151971483129,0.00608815195011514,"VPS52","Astrocytes"
"MMP24",5.94829144259447,-0.858480644301019,0.26862116402532,-3.19587865466959,0.00139405727642633,0.00609555482132317,"MMP24","Astrocytes"
"SLC39A8",3.00819526431682,-1.17702429373667,0.368365242172305,-3.19526426216431,0.00139702859049594,0.00610639076459981,"SLC39A8","Astrocytes"
"PI4KA",34.1582966921988,0.5551271198454,0.173746789368865,3.19503526863373,0.00139813753804129,0.0061090815573625,"PI4KA","Astrocytes"
"SNHG29",19.2977193330391,-0.641169862655667,0.20071815588003,-3.19437900295824,0.00140132013548916,0.00612082794982794,"SNHG29","Astrocytes"
"IMP4",5.55764558140003,0.747105938625494,0.234008428797715,3.19264542078234,0.00140975939732132,0.00615551855325456,"IMP4","Astrocytes"
"ENSG00000287092",1.27892859875608,-1.65967749907735,0.519911951272242,-3.192228020564,0.00141179833336396,0.00616181892670452,"ENSG00000287092","Astrocytes"
"INTS9",10.2099935158818,-0.640884312367592,0.200769087497414,-3.19214636255119,0.00141219753807538,0.00616181892670452,"INTS9","Astrocytes"
"TCP10L",20.2349856041225,0.396528475482793,0.124237669463471,3.19169280295765,0.00141441676762001,0.00616932822593819,"TCP10L","Astrocytes"
"CCDC57",11.5067048355277,0.570388000623586,0.178732730323031,3.19129014362786,0.00141638964024581,0.00617575806871965,"CCDC57","Astrocytes"
"TERF1",16.9553190511777,-0.893209400452035,0.279911549898377,-3.19104160144988,0.00141760866531953,0.00617672347032079,"TERF1","Astrocytes"
"SCO1",5.33597513710232,0.800524760233639,0.250860625264844,3.19111362888652,0.00141725529277541,0.00617672347032079,"SCO1","Astrocytes"
"G3BP1",17.3186984692323,0.509119065369172,0.159594578300484,3.19007744994071,0.00142234669992185,0.00619300955876661,"G3BP1","Astrocytes"
"CSNK2B",8.45326412642257,-0.989691962257007,0.310231198339391,-3.19017548059202,0.00142186429169653,0.00619300955876661,"CSNK2B","Astrocytes"
"WIPF1",12.9846474738358,0.566716605560601,0.177676978387311,3.18958939252805,0.00142475067381927,0.00619951855363025,"WIPF1","Astrocytes"
"RHOA",14.468413590508,0.531580257486723,0.166662008984452,3.18957068096014,0.00142484291396525,0.00619951855363025,"RHOA","Astrocytes"
"SDC2",28.3847255839617,-0.392502513405456,0.123079099460461,-3.18902652949251,0.00142752776059473,0.00620901870721619,"SDC2","Astrocytes"
"EFL1",5.81736274369032,-0.742561309234876,0.232926752074204,-3.18796060401991,0.00143280056390122,0.00622772919959263,"EFL1","Astrocytes"
"PDK2",7.54614001259001,-0.930927190191598,0.2920195415655,-3.18789347178943,0.00143313324647126,0.00622772919959263,"PDK2","Astrocytes"
"SRSF2",22.6498985896167,-0.464400456527389,0.145682804824027,-3.18775065518781,0.00143384122975358,0.00622772919959263,"SRSF2","Astrocytes"
"SUPT5H",18.9828974956597,0.518691648624963,0.16270936369466,3.18784141764785,0.00143339125660597,0.00622772919959263,"SUPT5H","Astrocytes"
"GLRA1",2.28410453009944,-1.38205947681165,0.433657608974964,-3.18698311342541,0.00143765168220646,0.00624209003533052,"GLRA1","Astrocytes"
"PLK5",7.87404367255115,-0.691935620977985,0.217168568466229,-3.18616835698112,0.00144170674295942,0.00625750248793078,"PLK5","Astrocytes"
"LINC01600",3.50995972905581,-1.16655237461313,0.366162379115747,-3.18588812272375,0.00144310390992667,0.00626137201002871,"LINC01600","Astrocytes"
"SPTBN4",22.975948461912,0.482383320012814,0.151448557568677,3.18512984050091,0.00144689074566386,0.00627560353889864,"SPTBN4","Astrocytes"
"ILRUN",10.1152015681597,0.55783532577098,0.175169185093549,3.18455169768055,0.00144978412270035,0.00628595125749244,"ILRUN","Astrocytes"
"TDP2",9.7641173917399,-0.702186514668766,0.220532671961695,-3.18404755369186,0.00145231151639156,0.00629470546288999,"TDP2","Astrocytes"
"SPATA13",44.5818652955286,0.577887993728724,0.181528410150599,3.18345758247592,0.00145527433877406,0.00630534014591996,"SPATA13","Astrocytes"
"RAB3GAP2",24.5788225152955,0.394543111299209,0.12394238373144,3.18327838646472,0.0014561753595514,0.00630703724285589,"RAB3GAP2","Astrocytes"
"GRIA3",5.75011991767633,-0.934087950131386,0.293462630553922,-3.18298772272387,0.00145763794792863,0.00631116458363645,"GRIA3","Astrocytes"
"RPS18",34.4355714005321,-0.488595906759392,0.153535005451668,-3.1823095021363,0.00146105594699878,0.00632375246126737,"RPS18","Astrocytes"
"KCTD9",9.41071149480979,-0.67007113959376,0.210599158997489,-3.18173701539686,0.00146394683099072,0.00633405087636549,"KCTD9","Astrocytes"
"ICE1",14.06369891672,0.723013264723111,0.227263297014137,3.18139037065072,0.00146569984289343,0.00633942059187891,"ICE1","Astrocytes"
"ITFG2",9.01692993548657,-0.675628629259215,0.212415909856476,-3.18068749989453,0.00146926025931372,0.00635260118403693,"ITFG2","Astrocytes"
"CNTNAP5",2.34495046632812,-1.38386873417146,0.435120904334035,-3.18042346480574,0.00147059979639438,0.00635617357024487,"CNTNAP5","Astrocytes"
"C1orf198",43.6936570120878,0.670152978342148,0.210741383015592,3.17997807906843,0.00147286193574277,0.0063637297105034,"C1orf198","Astrocytes"
"OTUD4",13.8931506772083,0.718377010437037,0.225936704854551,3.17954982524641,0.00147504008463304,0.00637091781235121,"OTUD4","Astrocytes"
"SPATA20",14.1713693848468,0.582735244126938,0.183299926816906,3.17913517068132,0.00147715189411268,0.00637781447168665,"SPATA20","Astrocytes"
"LINC00173",8.40942041041342,0.626740595566369,0.197178607411404,3.17854255993757,0.00148017485954127,0.00638699206868948,"LINC00173","Astrocytes"
"CSNK2A1",21.5313939069748,0.44553843839436,0.140171828552158,3.17851627531972,0.00148030907188394,0.00638699206868948,"CSNK2A1","Astrocytes"
"FLVCR1",7.15276747600159,0.786349017753578,0.247481520887435,3.17740498334517,0.00148599372889598,0.00640928608321803,"FLVCR1","Astrocytes"
"ARSB",15.6264861363192,0.585880557770348,0.184396900252859,3.17727986190086,0.00148663502822322,0.0064098194827605,"ARSB","Astrocytes"
"MFSD11",18.982861046866,0.580146736058376,0.182614066929275,3.1769005850084,0.00148858053808639,0.00641597382635702,"MFSD11","Astrocytes"
"EIF1AY",3.96131504631984,-1.2509423768182,0.39378778276067,-3.17669168923527,0.00148965307549377,0.00641836257266505,"EIF1AY","Astrocytes"
"RPGR",10.9448803935411,0.781306738844466,0.245962353400381,3.1765297739392,0.00149048488994529,0.00641971283206698,"RPGR","Astrocytes"
"JAKMIP2-AS1",10.681810632159,-0.808110718619125,0.25441677005167,-3.17632646014256,0.00149152998877358,0.00642198047669791,"JAKMIP2-AS1","Astrocytes"
"UBE2Q2P2",12.5159543216153,-0.586942512695961,0.184795080349964,-3.17618040255407,0.0014922811888202,0.0064229815645327,"UBE2Q2P2","Astrocytes"
"TRAK2",14.9924570899701,-0.55764185465324,0.175677552297305,-3.17423511063909,0.0015023194635534,0.00646353699280174,"TRAK2","Astrocytes"
"GRSF1",9.12626770673034,0.585403791260954,0.184428380928646,3.17415241793747,0.0015027475573186,0.00646353699280174,"GRSF1","Astrocytes"
"ENSG00000289393",2.29911126430865,-1.44545929550484,0.455405700525286,-3.17400351782505,0.0015035186851477,0.00646460829103609,"ENSG00000289393","Astrocytes"
"HLA-DMA",2.64328973973252,1.29091177448222,0.406738957135413,3.1738090287045,0.00150452645958487,0.00646669599064194,"HLA-DMA","Astrocytes"
"PDLIM4",10.6502812204639,1.01917017904477,0.321165712213142,3.17334678107979,0.00150692416235682,0.00647475430342281,"PDLIM4","Astrocytes"
"RELT",5.0538438773886,1.25558637087659,0.395690873097597,3.17314968891613,0.00150794755981817,0.00647690413917046,"RELT","Astrocytes"
"DOK5",38.1719040595088,0.774193945339598,0.244080559791926,3.17187876822137,0.00151456218322323,0.00650305947116966,"DOK5","Astrocytes"
"EED",7.767395007046,0.680064550999008,0.214413860610647,3.17173782078359,0.00151529740121636,0.00650396108120008,"EED","Astrocytes"
"SERPINB6",20.4053004917854,0.471155005677032,0.148561550706018,3.17144647075865,0.00151681819996447,0.00650750691224632,"SERPINB6","Astrocytes"
"TMEM120A",12.4453260938042,0.501007196578429,0.157977749255973,3.17137824116383,0.00151717455024268,0.00650750691224632,"TMEM120A","Astrocytes"
"TDRP",13.2805917675224,-0.518235124554358,0.16349357750714,-3.16975830155607,0.00152565787296793,0.00653936360019448,"TDRP","Astrocytes"
"ENSG00000267058",3.79071041330731,-1.2509874833371,0.394654113183247,-3.16983262443849,0.00152526770350409,0.00653936360019448,"ENSG00000267058","Astrocytes"
"BACH1",11.6146513673038,0.521434401324144,0.164511611260572,3.16959026374277,0.00152654035236392,0.00654088207035376,"BACH1","Astrocytes"
"SCAF1",4.5171865767711,0.888019960804987,0.28018777374306,3.16937441252996,0.0015276746218961,0.0065434779809545,"SCAF1","Astrocytes"
"DGUOK-AS1",3.88976111561731,1.04751820637231,0.330533634551785,3.16917280685452,0.00152873473408798,0.00654575456853783,"DGUOK-AS1","Astrocytes"
"ANXA5",10.2280217507601,0.555467470318879,0.175281458968262,3.16900300572839,0.00152962813261862,0.00654731599247021,"ANXA5","Astrocytes"
"CASKIN1",14.3624695104482,-0.481720548043174,0.152065422809985,-3.16785064705415,0.00153570391648467,0.0065710510013233,"CASKIN1","Astrocytes"
"USP24",39.264020228608,0.317139365594832,0.100125196126622,3.16742815858025,0.00153793703978153,0.00657833311351112,"USP24","Astrocytes"
"RPS6KB2",11.217811061755,0.550787789037976,0.173925642058209,3.16680037813883,0.00154126078721364,0.00659027359394562,"RPS6KB2","Astrocytes"
"LINC01719",5.82197788264519,1.42022074640123,0.448490440685353,3.16666893553171,0.00154195753956982,0.00659097694597621,"LINC01719","Astrocytes"
"SLCO3A1",20.9618636426172,1.46574693235469,0.463022001675799,3.1656096838806,0.00154758302899532,0.0066127400441853,"SLCO3A1","Astrocytes"
"FAM153A",2.39887168000429,-1.31369424199947,0.415017195918643,-3.16539713274193,0.00154871412305899,0.0066152904400964,"FAM153A","Astrocytes"
"NUMBL",12.138427415802,0.879139928786664,0.277762769339112,3.16507475382113,0.00155043112038486,0.00662034088404335,"NUMBL","Astrocytes"
"KCTD21-AS1",1.50620415684572,-1.5900087977339,0.502413492393169,-3.16474143670016,0.00155220821788483,0.00662564438540775,"KCTD21-AS1","Astrocytes"
"TMEM184C",10.3116248368461,-1.14888664972676,0.363046559490647,-3.16457109892087,0.0015531171066292,0.00662611731994242,"TMEM184C","Astrocytes"
"ZNF519",3.79323104771247,-0.929859269839617,0.293838950062067,-3.16452012111806,0.00155338920938325,0.00662611731994242,"ZNF519","Astrocytes"
"TTC7B",30.0253139940142,0.547659564046932,0.173069553141284,3.16439000451949,0.00155408392805237,0.00662679796180181,"TTC7B","Astrocytes"
"HNRNPUL1",10.2115457412848,0.591056046408054,0.18679119052824,3.16426082373887,0.00155477393322407,0.00662745804306838,"HNRNPUL1","Astrocytes"
"RBM25",56.1557901755284,0.566770541293472,0.179155273896903,3.16357162680918,0.00155845997405011,0.0066408843285143,"RBM25","Astrocytes"
"PIGZ",8.71784902460047,-0.70192230324768,0.221891478596121,-3.16335853764486,0.001559601269174,0.00664346147787466,"PIGZ","Astrocytes"
"ENSG00000286244",0.93900874318837,-2.04993864616509,0.648115091855259,-3.16292379536641,0.00156193211470551,0.00665110226148499,"LOC112268419","Astrocytes"
"GATD1",14.6086549253317,0.518635299418399,0.164082057813864,3.16082883362386,0.00157320916766537,0.00669681991172236,"GATD1","Astrocytes"
"NPIPB5",2.46568299037678,1.1134985376156,0.352434177323187,3.15945106706976,0.00158066641333789,0.00672625161387047,"NPIPB5","Astrocytes"
"GSAP",13.0798765290834,-0.55282780428696,0.17505498502853,-3.15802377291262,0.00158842603903523,0.00675694937869228,"GSAP","Astrocytes"
"THRB",43.385724085946,-0.464706914010891,0.147211027793637,-3.15673982429037,0.00159543629925782,0.00678443945525741,"THRB","Astrocytes"
"ZNF197",12.8665109746798,0.648769290895611,0.205611261212134,3.15531983545522,0.00160322248842453,0.00681520908828046,"ZNF197","Astrocytes"
"STAG2",20.7620949268728,0.441915614526654,0.140083496990031,3.15465864303846,0.00160685991031025,0.00682832747747832,"STAG2","Astrocytes"
"SMDT1",6.64824500765647,-0.902350512897462,0.286046768724727,-3.15455586833014,0.00160742598710921,0.00682838970784679,"SMDT1","Astrocytes"
"FAM135A",47.5544010799192,0.685578860063175,0.217360272525354,3.15411299451332,0.00160986740936075,0.00683641568248086,"FAM135A","Astrocytes"
"TMCO4",3.5434861676909,0.920815737910388,0.291963713340915,3.15387048401864,0.00161120573821251,0.00683933113426067,"TMCO4","Astrocytes"
"MGC32805",0.96555054073602,-2.81454980905081,0.89243455519393,-3.15378846848798,0.00161165858433115,0.00683933113426067,"MGC32805","Astrocytes"
"FTL",284.543556959333,-0.543883153872304,0.172469131487195,-3.15351013356663,0.00161319627520855,0.00684351129698783,"FTL","Astrocytes"
"CYB5B",67.4062238176216,0.811994122114512,0.257523432544524,3.15308829993217,0.00161552931428805,0.00685106147220167,"CYB5B","Astrocytes"
"ENSG00000283128",3.09193700754031,1.1768072142156,0.373329904454782,3.15219113222186,0.00162050161757147,0.00686770570957055,"ENSG00000283128","Astrocytes"
"ENSG00000254682",2.02775581173836,-1.35576831734064,0.430104979401876,-3.15218000783444,0.00162056335971615,0.00686770570957055,"DHCR7-DT","Astrocytes"
"RWDD1",10.7642284784072,0.528617653557305,0.167745192454329,3.15131328548344,0.00162538046964807,0.00688576337860146,"RWDD1","Astrocytes"
"LIX1",12.5132804177814,0.682450754562305,0.216603265252674,3.15069467566062,0.001628826663829,0.00689800293371903,"LIX1","Astrocytes"
"SYAP1",7.36603414481942,-0.928856825391037,0.2948292280403,-3.15049098613816,0.00162996286223188,0.00690045474291192,"SYAP1","Astrocytes"
"IGFL4",1.86982445570437,-1.44694287825781,0.459346546414322,-3.15000273661074,0.00163268933212785,0.00690963499649324,"IGFL4","Astrocytes"
"ZNF345",17.2775684931318,0.680999403126436,0.21623553209608,3.14934089011721,0.00163639189848919,0.00692293846224517,"ZNF345","Astrocytes"
"CCNG2",4.99972999269146,-1.03218772596196,0.327873367370672,-3.14812921293188,0.00164319041047592,0.00694932611097108,"CCNG2","Astrocytes"
"CEMIP",3.04097253300507,-1.43857302133585,0.457070495465414,-3.14737668610838,0.00164742578256104,0.00696485949656993,"CEMIP","Astrocytes"
"PCTP",6.438567128424,-0.902201203858638,0.286692035323183,-3.14693501283216,0.00164991628423078,0.00697300796847431,"PCTP","Astrocytes"
"DDX21",7.64123594828746,0.814145609084908,0.258767971208247,3.14623794159484,0.001653853970106,0.00698687368148881,"DDX21","Astrocytes"
"ARL2",7.78178080670919,0.748678145481474,0.237966104919647,3.14615455732352,0.00165432557814142,0.00698687368148881,"ARL2","Astrocytes"
"MDH1",13.7667425072635,-0.555513011396844,0.176586454283623,-3.14584158592714,0.0016560967981,0.00699196953660835,"MDH1","Astrocytes"
"SEC16A",10.883428792847,0.782926474141113,0.24894588840538,3.14496647908563,0.00166105861334588,0.00701052788311591,"SEC16A","Astrocytes"
"LINC00378",9.67706043827857,1.29783211972382,0.412727733172046,3.1445236542484,0.00166357461813773,0.00701875451325365,"LINC00378","Astrocytes"
"RTKN",5.66828298541882,0.909574203644185,0.289403634746292,3.14292598447,0.0016726812978663,0.00705477265377331,"RTKN","Astrocytes"
"TICAM2-AS1",4.08369674139685,-1.37096513359457,0.436286530382567,-3.14235035492021,0.00167597359569163,0.00706625162936652,"TICAM2-AS1","Astrocytes"
"SHLD2",20.5716955266332,0.749561549627966,0.238544280408055,3.14223232829461,0.00167664938187785,0.00706669479094399,"SHLD2","Astrocytes"
"SLC38A2",24.2016016911541,0.817517648196206,0.260232503321001,3.14148939030796,0.00168090898758737,0.00708223749346524,"SLC38A2","Astrocytes"
"ENSG00000289827",0.980132313366261,-2.15729026373287,0.68678218070651,-3.14115643116076,0.00168282122442294,0.00708788272858138,"ENSG00000289827","Astrocytes"
"GPR39",3.02542134547083,-1.09992696187726,0.350353741947874,-3.13947542207472,0.00169250611665781,0.0071238284305145,"GPR39","Astrocytes"
"SEC61A2",5.91302513128837,-0.80270104453291,0.255676278797301,-3.13952099236116,0.00169224289530559,0.0071238284305145,"SEC61A2","Astrocytes"
"UQCRC2",26.7537365927178,-0.679461994374743,0.216458998378638,-3.13898705742971,0.00169532935534679,0.0071332869205774,"UQCRC2","Astrocytes"
"TRMO",2.32264242436661,-1.4340116079076,0.457024774504829,-3.13771088112522,0.00170272740011955,0.0071619814523371,"TRMO","Astrocytes"
"TMEM268",1.45525420801725,-1.51897908933574,0.484182476799337,-3.13720376535903,0.00170567540558341,0.00716951070853338,"TMEM268","Astrocytes"
"RGMA",49.9917338092106,0.600743578199399,0.191485419361233,3.13728105358304,0.00170522580456523,0.00716951070853338,"RGMA","Astrocytes"
"HPN",5.46069999072772,1.04284037995047,0.332440443133532,3.13692392574386,0.00170730420066343,0.00717392192630309,"HPN","Astrocytes"
"GUCD1",4.64344604280567,0.774861305874036,0.247090825800975,3.13593717355644,0.00171305897391314,0.00719566121912023,"GUCD1","Astrocytes"
"PSMB4",9.11852587143062,0.654535968961581,0.208744448767233,3.13558503149199,0.00171511699427899,0.00719975109173067,"PSMB4","Astrocytes"
"TENT5A",13.8804387141949,1.10637363567245,0.352845915778629,3.13557160844842,0.0017151954874106,0.00719975109173067,"TENT5A","Astrocytes"
"AREL1",8.76158472586686,0.666552396800918,0.212590830632719,3.13537698129833,0.00171633396828998,0.00720208862396978,"AREL1","Astrocytes"
"IMMP1L",13.988912683979,-0.495200684893094,0.157945012337866,-3.13527269752457,0.00171694426715703,0.00720220896348426,"IMMP1L","Astrocytes"
"ZNF214",2.88453169243334,1.17190602753659,0.373796887851053,3.13514121070896,0.00171771405057139,0.00720299799804455,"ZNF214","Astrocytes"
"REEP5",12.8890446485121,0.605304311615095,0.193145295114023,3.13393246911739,0.0017248054568998,0.00723028638212263,"REEP5","Astrocytes"
"IFI44L",6.39878464856984,0.968158206847353,0.308953853243545,3.13366606916589,0.00172637197987897,0.00723440413767896,"IFI44L","Astrocytes"
"ULK1",11.4727482791768,0.672234764723227,0.214584866187783,3.13272215634701,0.00173193304750868,0.00725525268176591,"ULK1","Astrocytes"
"FHIP2B",15.6027349834518,0.793152597761933,0.253194672555895,3.13258012009253,0.00173277127932706,0.00725630935133818,"FHIP2B","Astrocytes"
"KDM4A-AS1",2.61322173635055,-1.23766071375434,0.395366471104006,-3.1304139430396,0.00174560136307162,0.00730756649050572,"KDM4A-AS1","Astrocytes"
"FAM229A",3.55810395721148,0.90865729665715,0.290354206834272,3.12947866870685,0.00175116786546088,0.00732839191551268,"FAM229A","Astrocytes"
"ACADVL",118.413119158947,-0.560526630083031,0.179153128677607,-3.12875713765357,0.00175547337215198,0.00734392796194525,"ACADVL","Astrocytes"
"TBC1D32",32.7868371249418,0.374895412519452,0.119842961494413,3.1282221988225,0.00175867172952125,0.00735482337948722,"TBC1D32","Astrocytes"
"NSUN3",12.278302590349,-0.716680977788646,0.22911324027177,-3.12806443197491,0.00175961602764905,0.00735628807237617,"NSUN3","Astrocytes"
"PAK4",6.14017201979336,0.861431902253819,0.275403857924155,3.12788611149758,0.00176068390871683,0.00735826825570046,"PAK4","Astrocytes"
"SS18",14.9508533562604,0.471495814610857,0.150831202818103,3.1259832567898,0.00177211640929968,0.00740354841307622,"SS18","Astrocytes"
"GUK1",26.858799778058,0.386517745384934,0.12367637054843,3.12523518980192,0.0017766295119832,0.00741989991463337,"GUK1","Astrocytes"
"ARHGEF10L",35.7231202942907,0.303760436909904,0.0972653533110309,3.12300759283269,0.00179013129721236,0.00747376798832792,"ARHGEF10L","Astrocytes"
"KIF21B",5.82530970639623,-0.790109629953293,0.253047461674602,-3.12237722016477,0.0017939691615136,0.00748699341120836,"KIF21B","Astrocytes"
"SDS",13.2259423763475,-1.20447437260887,0.385766488598158,-3.12228876330297,0.00179450831337046,0.00748699341120836,"SDS","Astrocytes"
"WWC1",79.582205983831,0.902291205341054,0.289021588586246,3.12188168971953,0.00179699138062148,0.00749230446674604,"WWC1","Astrocytes"
"SMURF1",30.5016012841803,0.441213005219658,0.141326160026071,3.1219485843121,0.00179658312030488,0.00749230446674604,"SMURF1","Astrocytes"
"IFT122",15.7839686348742,0.503723085504416,0.161409875972375,3.12076991863018,0.001803789060152,0.00751811508982236,"IFT122","Astrocytes"
"CLDN12",11.0257951833927,-0.582219604578656,0.186600657148183,-3.12013694633618,0.00180766977987828,0.00753175467167991,"CLDN12","Astrocytes"
"ENSG00000285336",5.21008543999981,1.82585340213027,0.585228677209937,3.11989735505611,0.00180914070219418,0.00753534790288279,"LOC101928882","Astrocytes"
"SLC41A1",11.7595713578065,0.556905257929936,0.178566427438632,3.11875678938209,0.00181615806902556,0.00755738753245128,"SLC41A1","Astrocytes"
"ERBIN",241.328445897104,0.585884458935991,0.187858531488019,3.11875353381732,0.00181617813474414,0.00755738753245128,"ERBIN","Astrocytes"
"ING4",7.73803852610205,-0.731526482876247,0.234558360008352,-3.11873975777371,0.00181626304583502,0.00755738753245128,"ING4","Astrocytes"
"GGNBP2",21.0630490719923,0.674003892591077,0.216161201215896,3.11806137641649,0.00182044888570594,0.0075722601786015,"GGNBP2","Astrocytes"
"MRTO4",2.79021653311144,-1.23070221099921,0.394887746650904,-3.11658748957637,0.0018295738311922,0.00760766042701578,"MRTO4","Astrocytes"
"ZNF680",17.064417410155,-0.54119868511804,0.173662579292545,-3.11638055430674,0.00183085834253836,0.00761044607440501,"ZNF680","Astrocytes"
"HLTF",15.3181819338682,-0.785946053100258,0.252238006250552,-3.1158906811195,0.00183390244072876,0.00762054158508196,"HLTF","Astrocytes"
"PPP2R5B",8.3013729626405,0.653672075534431,0.209796268478872,3.11574691139114,0.00183479671584072,0.00762170001082042,"PPP2R5B","Astrocytes"
"ZNF470",2.14352331346589,-1.26043851020056,0.404582177987054,-3.11540789184463,0.00183690706873366,0.00762790752251138,"ZNF470","Astrocytes"
"NOD1",16.1417803131099,1.67099621721173,0.536384249949282,3.11529694872608,0.00183759815952336,0.0076282192455172,"NOD1","Astrocytes"
"NPHP4",9.69067742249162,0.737447533314133,0.236728710486745,3.11515883222548,0.00183845885354416,0.00762923457889991,"NPHP4","Astrocytes"
"RFXAP",2.92818175407563,-1.14468161988802,0.367479917456964,-3.11495013879792,0.00183976006114971,0.00763207666238423,"RFXAP","Astrocytes"
"PPP1R7",10.4284777642042,0.541725518012137,0.173918134448184,3.11483054789513,0.0018405060941093,0.00763261452222218,"PPP1R7","Astrocytes"
"EMX2OS",38.2857350284853,-0.436581607282566,0.140191700842442,-3.11417583679386,0.00184459524689913,0.00764701136335851,"EMX2OS","Astrocytes"
"SOCS4",6.41832165858009,0.72770217558358,0.233718491452358,3.11358408597257,0.00184829834651725,0.00765723600700005,"SOCS4","Astrocytes"
"ZNF331",14.6555986243408,-0.875729692015173,0.281257013764842,-3.11362792448393,0.0018480237767376,0.00765723600700005,"ZNF331","Astrocytes"
"TUBB2B",93.3020107605013,-0.4840969997809,0.155496976664908,-3.11322451512428,0.00185055182892646,0.00766400779183825,"TUBB2B","Astrocytes"
"ENSG00000287286",1.56610205259309,-1.76837022548025,0.56809185316308,-3.112824476595,0.00185306189434271,0.00767183732452215,"ENSG00000287286","Astrocytes"
"SORL1",55.2274213508451,-0.279502358996572,0.089831113243925,-3.11142040773355,0.00186189658368748,0.0077058373649071,"SORL1","Astrocytes"
"ENSG00000226605",4.15376116627219,1.38428292160309,0.444961497862869,3.1110173088048,0.00186444010464961,0.00771120969134139,"ENSG00000226605","Astrocytes"
"RAD51D",7.36909815095509,0.655346098777826,0.210651121715778,3.11104965138545,0.00186423590791427,0.00771120969134139,"RAD51D","Astrocytes"
"GCFC2",13.0675071854053,-0.634861686122126,0.204092287081636,-3.110659864712,0.00186669821718549,0.00771797129329148,"GCFC2","Astrocytes"
"ZFPM2",38.9393050398033,-0.40865309135675,0.131420123352368,-3.10951687559337,0.00187393579379634,0.00774530939071432,"ZFPM2","Astrocytes"
"DPY30",9.10351410908625,-0.697445798423534,0.224412956833502,-3.10786778207725,0.00188442353072615,0.0077816728694017,"DPY30","Astrocytes"
"AGGF1",6.05288148719827,-0.736463352777599,0.236963247191717,-3.10792226856073,0.001884076153657,0.0077816728694017,"AGGF1","Astrocytes"
"SGCE",24.1038022379813,-0.436324894693758,0.140395032517385,-3.10783712835231,0.00188461898855978,0.0077816728694017,"SGCE","Astrocytes"
"ENSG00000287401",1.34453626219812,-1.88469103017881,0.606533968758333,-3.10731323760327,0.00188796236148679,0.0077928793074303,"ENSG00000287401","Astrocytes"
"HGSNAT",18.2515314534104,0.487329844297734,0.156896126318353,3.10606676999092,0.00189593899723661,0.00782319646877073,"HGSNAT","Astrocytes"
"HMGN3",82.8036503369392,-0.604328235005802,0.194585358747604,-3.10572305591437,0.00189814399660773,0.00782968591272271,"HMGN3","Astrocytes"
"SPOPL-DT",4.68890065763282,-1.07462642299459,0.346077863966243,-3.10515792798412,0.00190177453359823,0.00784026617638032,"SPOPL-DT","Astrocytes"
"WDR46",4.54942711422911,0.979250370996153,0.315365671565171,3.10512671254324,0.00190197525590297,0.00784026617638032,"WDR46","Astrocytes"
"NAMPT",37.4412814124196,1.70963346297416,0.55077658644563,3.10404164782507,0.00190896457064566,0.00786645866166561,"NAMPT","Astrocytes"
"ARL5A",15.4303952086214,-0.480218711465869,0.154744577438072,-3.10329912308592,0.00191376104003671,0.00788097870261876,"ARL5A","Astrocytes"
"NUTM2A-AS1",40.6145463505541,0.323125568768275,0.104120096834116,3.10339289525517,0.00191315469219833,0.00788097870261876,"NUTM2A-AS1","Astrocytes"
"TMEM63B",10.9946625026775,0.889097817351873,0.286541544284308,3.1028583292261,0.00191661365828161,0.00789010203806556,"TMEM63B","Astrocytes"
"LRP6",25.0289150930188,-0.484700438721011,0.156240673927355,-3.10226797246391,0.00192044029683663,0.00790322771542971,"LRP6","Astrocytes"
"MANEA-DT",1.70410225701827,-1.48533012157979,0.478836036731202,-3.10195976835718,0.00192244083394101,0.00790883217498056,"MANEA-DT","Astrocytes"
"PRKAR1B",4.50821329474744,-0.926652654665791,0.298763689562092,-3.10162408298016,0.00192462192765821,0.00791399967377555,"PRKAR1B","Astrocytes"
"C9orf72",16.2107134612155,0.496938748531274,0.160221690195523,3.10156975578553,0.00192497512859662,0.00791399967377555,"C9orf72","Astrocytes"
"MAPK14",18.0410741122265,0.417903798234673,0.134799371229362,3.10019100551742,0.00193395883491257,0.00794829480674491,"MAPK14","Astrocytes"
"ENSG00000251600",6.72897660235273,-0.800871096494759,0.258389700054824,-3.09946989498742,0.00193867278798832,0.00796502492822143,"GUSBP5","Astrocytes"
"FAM171B",88.7113005467281,-0.549495702681457,0.177312115881429,-3.09903076814509,0.00194154855870499,0.00797249717550512,"FAM171B","Astrocytes"
"LZTS2",13.2228295330273,0.972665210843077,0.313874613325984,3.09889736075242,0.00194242299753686,0.00797249717550512,"LZTS2","Astrocytes"
"AARSD1",10.6070180758655,0.645688302689728,0.208356373748645,3.09896112642404,0.00194200499074426,0.00797249717550512,"AARSD1","Astrocytes"
"HLF",7.24298969803954,-0.706950496860907,0.228242942888839,-3.09735971641941,0.00195252785397785,0.00801131624115563,"HLF","Astrocytes"
"ECE2",4.83341690880737,-0.965658787361626,0.311885357448059,-3.09619789547973,0.00196019491583769,0.00804011051434849,"ECE2","Astrocytes"
"WDR75",9.23090602985316,0.671197533968945,0.216790709637191,3.09606225789022,0.00196109181169384,0.0080411257960943,"WDR75","Astrocytes"
"MYO1E",11.7878440546991,0.769397517411526,0.248531376152627,3.09577619261653,0.00196298463734562,0.00804622269587912,"MYO1E","Astrocytes"
"NFIA-AS2",14.3084662976664,-0.910119430318194,0.294032369581664,-3.09530352597937,0.00196611583501396,0.00805639059727924,"NFIA-AS2","Astrocytes"
"GORASP1",7.68482664070732,-0.751865073569544,0.242934670599908,-3.09492700944197,0.00196861336292764,0.0080639560943212,"GORASP1","Astrocytes"
"VASH1-DT",2.66139349080567,-1.28905575487905,0.416617820099094,-3.09409653809921,0.00197413238540544,0.00808121696809112,"VASH1-DT","Astrocytes"
"GPS2",18.5499818610841,0.452753170554854,0.146324608513969,3.09416970359864,0.00197364558313062,0.00808121696809112,"GPS2","Astrocytes"
"SH3YL1",14.7328102174114,-0.680424428998369,0.220013251241794,-3.09265203417491,0.00198376590259708,0.00811704279000409,"SH3YL1","Astrocytes"
"PILRA",5.40497032951667,0.758859104363082,0.245379969266804,3.09258782055665,0.00198419514861846,0.00811704279000409,"PILRA","Astrocytes"
"SNTB1",21.2461206507885,-0.669764122787092,0.216707387527228,-3.09063816619053,0.00199726857879939,0.00816512935334198,"SNTB1","Astrocytes"
"CCDC92B",1.89091812201459,-1.4383351846603,0.465383141619472,-3.09064737423681,0.00199720664876577,0.00816512935334198,"CCDC92B","Astrocytes"
"PGBD1",7.1122787369057,0.593189461860644,0.191957222684629,3.09021694294468,0.00200010346116827,0.0081725155192811,"PGBD1","Astrocytes"
"LIN37",5.06845848856361,0.879435478282384,0.2845909607125,3.09017361647972,0.00200039526277485,0.0081725155192811,"LIN37","Astrocytes"
"PAIP1",7.18277575525445,0.755140737141657,0.244441589667212,3.08924818468789,0.00200663733776959,0.00819531337519814,"PAIP1","Astrocytes"
"SH3BGRL2",8.33282218941799,-0.643541678194741,0.208359373771718,-3.08861399679486,0.00201092527772441,0.00820741190311843,"SH3BGRL2","Astrocytes"
"ZNF580",4.82298797572729,-0.829648928868676,0.268614285316957,-3.08862549097013,0.00201084748729765,0.00820741190311843,"ZNF580","Astrocytes"
"CACNB4",21.5969525366804,-0.635417303996498,0.205754181276904,-3.08823519431351,0.00201349048778188,0.00821517387486095,"CACNB4","Astrocytes"
"KBTBD4",2.70298945890893,1.37126774825346,0.44406783032586,3.087969122301,0.00201529409415,0.00821982436359005,"KBTBD4","Astrocytes"
"NEDD1",2.30117488432544,-1.40999213416714,0.456683515782481,-3.08746010188534,0.00201874869216511,0.00823120350842296,"NEDD1","Astrocytes"
"LINC02006",11.3978668143172,-0.58214793612878,0.188560794656303,-3.08732224633378,0.00201968521903306,0.00823231141122003,"LINC02006","Astrocytes"
"KIAA0232",30.0939802550184,0.360782301466202,0.116881492755721,3.08673591481439,0.0020236729399133,0.00824585127178229,"KIAA0232","Astrocytes"
"ARL17A",35.0548947697993,0.440198333779776,0.142616721127516,3.08658290766752,0.00202471475047795,0.00824738248525278,"ARL17A","Astrocytes"
"STMN1",13.4317662541677,-0.811143061210282,0.262833017114426,-3.08615359712264,0.00202764051188241,0.00825658416923379,"STMN1","Astrocytes"
"BMAL1",11.172841832526,0.512453585142603,0.166058048801694,3.08599064508204,0.00202875204918734,0.00825839468280305,"BMAL1","Astrocytes"
"KMT2C",102.704459532131,0.261100787516166,0.084614547889015,3.08576709360475,0.00203027786034899,0.00826188982737482,"KMT2C","Astrocytes"
"APBA2",34.567962588312,0.801314287751196,0.259716223296263,3.0853455266717,0.00203315805650352,0.00827089231724151,"APBA2","Astrocytes"
"ATF7IP",22.7666338388134,-0.589936591553604,0.191239504264219,-3.08480506589548,0.00203685603391327,0.00828321453791397,"ATF7IP","Astrocytes"
"SLC25A36",33.8841567363092,-0.348468963704732,0.112977406652989,-3.08441283994999,0.00203954361232907,0.00829000093910792,"SLC25A36","Astrocytes"
"BPNT2",3.93358908294548,-1.01208114493846,0.32813261970284,-3.08436615004935,0.00203986375365112,0.00829000093910792,"BPNT2","Astrocytes"
"BMPR2",50.8276430677502,0.749662176152529,0.243097078762769,3.08379755103558,0.0020437662006669,0.00830313545369364,"BMPR2","Astrocytes"
"GNB1",20.7320482451769,0.394064921304421,0.127802694619132,3.08338507633806,0.00204660141029483,0.00831192694774709,"GNB1","Astrocytes"
"RPP25L",4.26004063368451,-1.06192426822964,0.344443467697652,-3.08301468257713,0.00204915044465746,0.00831955080530931,"RPP25L","Astrocytes"
"IL1R1",4.56919654666588,1.81227761488102,0.587916909942021,3.08254037982977,0.00205241882939538,0.00833008927053525,"IL1R1","Astrocytes"
"RALGDS",63.760667638496,0.878178375843986,0.284927255469632,3.08211432562507,0.00205535881397477,0.00833928839890221,"RALGDS","Astrocytes"
"RNF145",13.9114561229256,-0.4953757750909,0.160755990487111,-3.08153850808203,0.00205933837921778,0.00835269805104938,"RNF145","Astrocytes"
"TCEAL5",0.829775795814438,-2.08415109056184,0.676653839293316,-3.08008463047883,0.00206941783133478,0.0083908320253499,"TCEAL5","Astrocytes"
"DCTN1",4.97718972075742,0.878763554188162,0.285331815953859,3.0797951895076,0.00207142986328029,0.00839624091554824,"DCTN1","Astrocytes"
"CLEC11A",8.32062755355312,-0.609930359749507,0.198059956413376,-3.07952385123474,0.00207331768488545,0.00840114296202111,"CLEC11A","Astrocytes"
"MMP14",2.27514619908299,1.47659304877184,0.479709472044035,3.07809858846459,0.00208325981780521,0.00843866742685047,"MMP14","Astrocytes"
"TCF4",175.462219709324,-0.363200028200389,0.118012645064844,-3.07763653632898,0.0020864923057079,0.00844899745637047,"TCF4","Astrocytes"
"SAMD1",3.82127952393403,1.02438495624955,0.33301356374181,3.07610580403796,0.00209723410811109,0.00848971884953895,"SAMD1","Astrocytes"
"ANKLE2",11.6457794305438,0.567303254619861,0.1844607934494,3.07546793012944,0.00210172529493642,0.0085043057298081,"ANKLE2","Astrocytes"
"TMEM143",4.68075149766326,0.866864505013574,0.281870580793076,3.07539900962544,0.00210221108285089,0.0085043057298081,"TMEM143","Astrocytes"
"PILRB",20.7963900254512,-0.541139380935438,0.17599730046723,-3.07470273406947,0.0021071245772635,0.00852139896807768,"PILRB","Astrocytes"
"LINC01285",6.96565130928416,-0.661619530315004,0.215188945762257,-3.07459813036107,0.00210786365661662,0.00852160485141483,"LINC01285","Astrocytes"
"PYGB",23.0583263859188,-0.486536903258622,0.158321888562449,-3.07308678336484,0.00211856867146697,0.00856208742127136,"PYGB","Astrocytes"
"RNF31",9.12420694910313,0.653239443469321,0.212578229280632,3.07293670513623,0.0021196344065153,0.0085635996267142,"RNF31","Astrocytes"
"FBXO30",3.33709851152329,-1.06562198552696,0.34678802883765,-3.072833826181,0.00212036525422556,0.00856375829845893,"FBXO30","Astrocytes"
"CCDC137",4.48470569814598,0.833021138341726,0.271155249158648,3.07211879883004,0.0021254511657795,0.00858150041925253,"CCDC137","Astrocytes"
"BBS5",9.21034748694624,0.746848147593627,0.243217811136638,3.07069677217863,0.00213559914727119,0.00861966239917183,"BBS5","Astrocytes"
"PPIH",4.30815021988079,0.851048762346777,0.277190640172449,3.0702651497082,0.00213868810380374,0.00862931729859945,"PPIH","Astrocytes"
"PIK3R3",6.62779647928893,-0.879597864593227,0.28653775748282,-3.06974505670851,0.00214241565207123,0.0086415417001948,"PIK3R3","Astrocytes"
"SLC27A4",5.85956564684202,0.980006419504721,0.319295532443106,3.06927695482035,0.00214577566828315,0.00865227616422998,"SLC27A4","Astrocytes"
"TUBGCP5",7.72960268081143,0.90916585682203,0.296255830408534,3.06885388742662,0.00214881658469172,0.00866171737247317,"TUBGCP5","Astrocytes"
"CSK",7.33914253415126,0.741440885476816,0.241626260795656,3.06854430075319,0.00215104432935566,0.00866787566886141,"CSK","Astrocytes"
"TMC1",10.5225177226908,0.607165591375232,0.197881203244183,3.06833383576103,0.00215256001640846,0.00867116157553218,"TMC1","Astrocytes"
"NECTIN2",8.47736065819492,0.592985157333837,0.193278278903176,3.06803827465214,0.00215469018570184,0.00867691986001494,"NECTIN2","Astrocytes"
"ENSG00000285519",13.7110177472929,-0.784225269284614,0.255635352762135,-3.0677496708146,0.00215677207730691,0.00867712358427978,"ENSG00000285519","Astrocytes"
"ENSG00000273448",5.25200703664291,-0.905408914521683,0.295148093286325,-3.06764277024599,0.00215754369022026,0.00867712358427978,"ENSG00000273448","Astrocytes"
"LGMN",4.97320286502575,0.904074765090295,0.294701763935888,3.06776163473177,0.00215668573698044,0.00867712358427978,"LGMN","Astrocytes"
"TVP23C",14.8341093455056,-0.613234525660686,0.199901770526844,-3.06767931091604,0.00215727990962338,0.00867712358427978,"TVP23C","Astrocytes"
"UBE2D2",17.2910092704311,0.541615994795729,0.176567144012763,3.06747893456655,0.00215872675440101,0.00867906279212588,"UBE2D2","Astrocytes"
"KLHL18",5.58910869016368,0.803510445293259,0.26196180426788,3.06728092493819,0.00216015738382199,0.00867917874233216,"KLHL18","Astrocytes"
"LUCAT1",11.0207159230478,-0.949881693914745,0.309678923152491,-3.06731140836151,0.00215993708297951,0.00867917874233216,"LUCAT1","Astrocytes"
"ABI2",44.0080304066129,-0.278674718840583,0.0908650072845012,-3.066909112416,0.00216284609650782,0.0086871628975207,"ABI2","Astrocytes"
"GNAI1",6.82722683045845,-0.969895608600332,0.316292950925199,-3.06644712050414,0.00216619120380931,0.00869777745679983,"GNAI1","Astrocytes"
"BRICD5",6.71289165823297,1.00772008758198,0.328872474899866,3.06416670440057,0.00218277241900213,0.00876151405656513,"BRICD5","Astrocytes"
"H2AX",4.82582187232646,0.975007165706666,0.318234138249825,3.0638044399286,0.00218541717663953,0.00876928739414364,"H2AX","Astrocytes"
"SLC5A9",2.09099930347575,-1.46068561640086,0.476777998840155,-3.06365985837063,0.00218647353245728,0.00876993652460276,"SLC5A9","Astrocytes"
"CRCP",6.69994324150043,0.726483185698568,0.237134718406164,3.06358845546289,0.0021869953959439,0.00876993652460276,"CRCP","Astrocytes"
"PM20D2",3.91018284174454,0.86611338050407,0.282847582102547,3.06212050343799,0.00219774957197096,0.00880541120728989,"PM20D2","Astrocytes"
"AKAP13",60.7008016320125,0.841267191451997,0.274730633855319,3.06215284275518,0.0021975121338219,0.00880541120728989,"AKAP13","Astrocytes"
"TXLNGY",5.86659481700497,-1.41169237432056,0.461022528206794,-3.06208978509471,0.00219797513056069,0.00880541120728989,"TXLNGY","Astrocytes"
"CSNK1E",26.0038728709039,-0.389074664223101,0.127065934560725,-3.06199034043354,0.00219870547815477,0.00880548833634883,"CSNK1E","Astrocytes"
"MDC1",5.94841738478346,0.760272872198413,0.248361195414255,3.06115804818185,0.0022048267767244,0.00882714839191022,"MDC1","Astrocytes"
"DCUN1D1",22.6096472738323,-0.459731329794477,0.150253964017262,-3.05969518209623,0.00221562365153372,0.0088675073293284,"DCUN1D1","Astrocytes"
"NPDC1",67.1126706739196,0.870255343402081,0.284457080568621,3.05935553322304,0.00221813739569286,0.00887469963517436,"NPDC1","Astrocytes"
"RPS11",41.738121973605,-0.587289218666953,0.192132160657118,-3.05669397907328,0.00223792625079847,0.00895098215879762,"RPS11","Astrocytes"
"RPL8",23.8052840403125,-0.394864431375906,0.129245512438413,-3.05515003133331,0.00224947962701632,0.00899428680056283,"RPL8","Astrocytes"
"CFL2",4.37043325257749,-1.26604019980113,0.414495395465687,-3.05441318203,0.00225501271962747,0.00901206822149202,"CFL2","Astrocytes"
"KTN1-AS1",4.34320052861831,0.766947138124941,0.251098799383858,3.05436401928987,0.00225538233210076,0.00901206822149202,"KTN1-AS1","Astrocytes"
"DCHS1",4.72954265759354,-0.977748668203902,0.320125466562679,-3.05426706191919,0.00225611143408864,0.00901207351236117,"DCHS1","Astrocytes"
"PXMP2",5.68750393564411,-0.88370912424987,0.2893526259026,-3.05409056335067,0.00225743922595856,0.00901446950501284,"PXMP2","Astrocytes"
"TOMM70",7.88717418908476,0.575292627966818,0.188467068626766,3.0524835567221,0.00226956165162289,0.00905995549066612,"TOMM70","Astrocytes"
"SLC35C2",22.3482374696956,-0.595913643851728,0.19524680271946,-3.05210449314228,0.00227242979019333,0.00906725524506558,"SLC35C2","Astrocytes"
"HCFC1",3.69923179037241,-1.01970582110039,0.334105393635688,-3.05204836714574,0.00227285474284774,0.00906725524506558,"HCFC1","Astrocytes"
"SLC38A9",14.754875148702,0.531933791357599,0.174314953104658,3.05156718849143,0.00227650092996066,0.00907595332121793,"SLC38A9","Astrocytes"
"AATF",10.5036496995477,0.617622850919337,0.202388893614765,3.05166375431127,0.00227576876174998,0.00907595332121793,"AATF","Astrocytes"
"VPS4A",6.7736792477572,0.695126249994848,0.227885442485986,3.05033196685038,0.00228588551273309,0.00911043460063529,"VPS4A","Astrocytes"
"ITPR2",309.503756487857,0.808367558145029,0.26505512169804,3.04980923577832,0.00228986761757658,0.00912336895381298,"ITPR2","Astrocytes"
"ANKRD17-DT",42.1555262484589,-0.276986105754866,0.0908551425392863,-3.04865633373582,0.00229867276404896,0.00915550493316766,"ANKRD17-DT","Astrocytes"
"PANK1",1.94571447310594,-1.56601711138996,0.513834244355591,-3.0477087282377,0.00230593319263433,0.00918146968629932,"PANK1","Astrocytes"
"ZNF768",4.98267168191747,0.721631905203545,0.236809550647196,3.04730912765697,0.0023090011711157,0.00919073015169581,"ZNF768","Astrocytes"
"ZNF667",4.13862788401757,0.895628897692558,0.293924903046644,3.04713513012685,0.00231033822474741,0.00919309711987378,"ZNF667","Astrocytes"
"KDM1A",9.77493251034538,-0.581586776052638,0.190882844368292,-3.0468258055214,0.00231271692665839,0.0091996060722168,"KDM1A","Astrocytes"
"NT5DC1",16.6756138637575,-0.556540126855461,0.182675362050412,-3.04660749325285,0.00231439709493887,0.00920333308498011,"NT5DC1","Astrocytes"
"ZDHHC9",7.62296194221834,0.720745360224799,0.236609644389263,3.04613686430739,0.00231802293854407,0.00921479231075161,"ZDHHC9","Astrocytes"
"PPP6R1",6.70449971895977,0.819218888707055,0.269088315999028,3.04442385640413,0.0023312643550863,0.00926445651766165,"PPP6R1","Astrocytes"
"GTF2F1",3.57688143273607,1.02941801066216,0.338242415936395,3.04343264522961,0.00233895794106266,0.0092920488239265,"GTF2F1","Astrocytes"
"ZFPM2-AS1",4.85588602287305,-1.3453344089873,0.442060201402428,-3.04332849851502,0.00233976765571109,0.00929228443895779,"ZFPM2-AS1","Astrocytes"
"POMZP3",2.89844395038074,1.16853601205643,0.384023887203532,3.04287324563513,0.00234331014725101,0.00930175182659862,"POMZP3","Astrocytes"
"ENSG00000284959",13.4577080434223,-1.35960151845195,0.446821517078163,-3.04282910846059,0.00234365385601128,0.00930175182659862,"ENSG00000284959","Astrocytes"
"VCL",22.776286759433,0.536598668944152,0.176361203387963,3.04261174587096,0.00234534719403649,0.00930549000440689,"VCL","Astrocytes"
"CXXC4-AS1",1.42547101401708,-1.75262881200729,0.576049109824061,-3.04249895038043,0.00234622635567354,0.00930599646454371,"CXXC4-AS1","Astrocytes"
"CCT4",13.9713249316403,0.68751931560828,0.226053790282366,3.04139698232661,0.00235483131196289,0.00933713613065529,"CCT4","Astrocytes"
"TRAF3IP1",9.80638871089437,0.523121170604849,0.172006340819776,3.04129003681884,0.00235566795557706,0.00933746360240421,"TRAF3IP1","Astrocytes"
"NUDT17",2.88177587110638,0.915508937126176,0.301041414335869,3.04113950283515,0.00235684605664874,0.00933914391023403,"NUDT17","Astrocytes"
"EEF1G",18.1773385919308,-0.437000375903473,0.143723467597302,-3.04056382168499,0.00236135640005531,0.00935402312920182,"EEF1G","Astrocytes"
"DPY19L3",32.8788704969252,0.395817368521467,0.130194169053063,3.04020810916765,0.00236414728338265,0.00936208372565631,"DPY19L3","Astrocytes"
"NPFF",6.6696923799983,0.905565774412114,0.297891315354584,3.03992002363079,0.00236640978554191,0.00936505344019025,"NPFF","Astrocytes"
"BRD1",6.8440075520992,0.616655071037524,0.202857707200421,3.03984048497736,0.00236703479767243,0.00936505344019025,"BRD1","Astrocytes"
"LRCH2",8.66514579550241,-0.691187953793538,0.227377638638571,-3.03982378360529,0.00236716605570504,0.00936505344019025,"LRCH2","Astrocytes"
"RORA-AS1",8.8414850182632,-0.751288365853092,0.247216203076237,-3.03899322335846,0.00237370193786413,0.00938791156070633,"RORA-AS1","Astrocytes"
"SHC2",15.2874681695823,0.528520146722544,0.173920352126531,3.03886313625926,0.0023747271203504,0.00938896741101499,"SHC2","Astrocytes"
"TPM2",7.88954277487629,1.15131769823188,0.378982569704475,3.03791728239548,0.00238219334523514,0.00941548043218855,"TPM2","Astrocytes"
"URGCP",26.5219669404553,0.391135305219477,0.128764164292463,3.03760993882652,0.00238462402520636,0.00942208018638494,"URGCP","Astrocytes"
"ZSCAN31",2.77971721562814,-1.15829881118653,0.381384096196974,-3.03709258654639,0.00238872072379873,0.00943525637090897,"ZSCAN31","Astrocytes"
"PDP1",4.99555641109206,0.851521397847053,0.280413870733859,3.03665933364342,0.00239215643016407,0.00944581411821483,"PDP1","Astrocytes"
"MTX1",6.84529137664272,1.30524990327309,0.429848964154541,3.03653146132469,0.00239317132510953,0.00944680921862648,"MTX1","Astrocytes"
"MINCR",3.12358507916408,-1.1062236419106,0.364431263204628,-3.03547953647834,0.00240153519548439,0.0094768038004089,"MINCR","Astrocytes"
"ETV6",63.8985258674816,1.24841496790101,0.411300042680845,3.03529014916671,0.00240304385613921,0.00947973624420894,"ETV6","Astrocytes"
"EEFSEC",8.56323075266309,-0.712808294443995,0.234855468030305,-3.03509345735997,0.00240461162278844,0.00948289991241696,"EEFSEC","Astrocytes"
"MRI1",6.08446606561702,-0.925349646247434,0.304929904236145,-3.03463069181572,0.0024083038703085,0.00949205258385641,"MRI1","Astrocytes"
"ZNF226",8.40130057602586,-0.657583427282585,0.216694511667447,-3.03461043947322,0.00240846557526261,0.00949205258385641,"ZNF226","Astrocytes"
"RAB14",11.9811207527223,0.597763946715347,0.197067453743002,3.03329613978216,0.0024189808843592,0.00953046143525931,"RAB14","Astrocytes"
"NLGN1",26.7046797037923,-0.614076395755276,0.20253304716045,-3.03198122165612,0.00242954317567168,0.00956903089832775,"NLGN1","Astrocytes"
"REEP3",20.5087255695353,0.433152593414327,0.142875645216644,3.03167550185011,0.0024320049591723,0.00957568121126569,"REEP3","Astrocytes"
"ZNF398",10.0443399515871,0.565708229005578,0.186716659819536,3.0297683642817,0.00244741363801194,0.00963328769214934,"ZNF398","Astrocytes"
"TRAPPC6B",7.33424408080309,-0.792133323106863,0.261577654410476,-3.02829125405269,0.00245940925711302,0.00967742765517336,"TRAPPC6B","Astrocytes"
"LINC00839",2.1283499050726,-1.75956983176268,0.581137408240767,-3.02780341931402,0.00246338276812597,0.00968998374132905,"LINC00839","Astrocytes"
"P3H1",3.96929632103099,0.990039461214399,0.327160102208153,3.02616197553482,0.00247679582901117,0.00973965155625448,"P3H1","Astrocytes"
"PIWIL2",3.08827432109388,1.57505035512142,0.520933242540455,3.02351669369439,0.0024985524346274,0.00982208723745747,"PIWIL2","Astrocytes"
"RNF112",2.74986124176641,-1.28012812452103,0.423471492177389,-3.02293813909154,0.00250333410379795,0.00983776141140274,"RNF112","Astrocytes"
"ENSG00000275055",1.85257621553146,-1.49017476341232,0.493056029402123,-3.02232337614713,0.00250842420220753,0.00985463734008118,"ENSG00000275055","Astrocytes"
"CYP4V2",26.9871561133573,-0.566587955252222,0.187476964421078,-3.02217372145866,0.00250966474134443,0.00985638391756043,"CYP4V2","Astrocytes"
"TEX261",4.37704181676365,-0.981183828064391,0.324910577142773,-3.01985806892718,0.00252893164411356,0.0099239213897106,"TEX261","Astrocytes"
"DDX31",9.33087273961724,0.673983422080849,0.223176887585695,3.01995170455119,0.00252814995111671,0.0099239213897106,"DDX31","Astrocytes"
"PBLD",3.20758227902545,1.12618380876654,0.372942862239139,3.01972211508476,0.00253006701343102,0.0099239213897106,"PBLD","Astrocytes"
"ABHD17A",9.81060185665696,0.649023609873824,0.214924135321134,3.0197800210017,0.00252958337613248,0.0099239213897106,"ABHD17A","Astrocytes"
"MMP16",8.33002570902398,-0.792350914287856,0.26240591832543,-3.01956190372658,0.00253140555903681,0.00992602756097301,"MMP16","Astrocytes"
"ENSG00000225811",2.23080318463455,-2.10040861640607,0.695676468126593,-3.01923194565186,0.00253416435789815,0.00993369966567042,"ENSG00000225811","Astrocytes"
"DCAF8",29.6396322674419,0.475681646906667,0.157590609992044,3.0184644055295,0.00254059244788948,0.00995574565892894,"DCAF8","Astrocytes"
"RAD54L2",15.3398862970599,1.00637848579744,0.333563625876437,3.01705104431932,0.00255246826862958,0.00999911881380577,"RAD54L2","Astrocytes"
"PLEKHO2",8.23634436955401,-0.846459649058665,0.280584516384054,-3.01677248611987,0.00255481484496236,0.0100051461812678,"PLEKHO2","Astrocytes"
"GPN2",3.72972583488891,0.826695011346802,0.274106914514919,3.0159582541352,0.00256168525759128,0.0100288803492737,"GPN2","Astrocytes"
"NRDC",37.9223327670152,-0.316507861668631,0.104964366935713,-3.01538389558889,0.00256654179923754,0.0100447177939186,"NRDC","Astrocytes"
"ABCB6",8.34798011904249,0.636324261425904,0.211087890603804,3.01449912453878,0.00257403953943227,0.0100708788678641,"ABCB6","Astrocytes"
"CCN1",13.778594308162,0.942802124662076,0.313005206601044,3.0120972583813,0.00259449457057829,0.0101444983477963,"CCN1","Astrocytes"
"ILRUN-AS1",3.87825299329483,-0.943861011325385,0.313354171100767,-3.01212205987155,0.00259428259620863,0.0101444983477963,"ILRUN-AS1","Astrocytes"
"WIPF2",27.2128271270909,0.493015037870615,0.163685210465638,3.01197057735471,0.00259557754009116,0.0101455292547187,"WIPF2","Astrocytes"
"ADH5",10.4305699148281,-0.631491303442653,0.209725083004916,-3.01104328769225,0.00260351733880374,0.0101701435982355,"ADH5","Astrocytes"
"PAN2",12.8567641541223,0.454423675425081,0.150914948314091,3.01112434852585,0.00260282238112236,0.0101701435982355,"PAN2","Astrocytes"
"R3HDM2",41.3959774450047,0.316458390973821,0.105131464863564,3.01012062739266,0.00261143953289473,0.0101978731428053,"R3HDM2","Astrocytes"
"TASOR2",20.5246679012524,-0.376687265417972,0.125207169023318,-3.0085119594695,0.00262530468955024,0.010248785614975,"TASOR2","Astrocytes"
"TNKS2",26.0681778610062,0.361963762938561,0.120317966631349,3.00839328549831,0.00262633020468463,0.0102495578079451,"TNKS2","Astrocytes"
"TMEM132B",46.3397000104696,-0.689576840693285,0.229256374264845,-3.0078851369108,0.00263072548749328,0.0102634762796563,"TMEM132B","Astrocytes"
"SCRG1",44.1003415002563,-0.645973614159407,0.21481319755941,-3.00714118824452,0.00263717247621446,0.0102853879599886,"SCRG1","Astrocytes"
"KMT2B",10.2035992753515,0.676121133888302,0.224866743769919,3.00676357274111,0.00264045037917636,0.010292110510857,"KMT2B","Astrocytes"
"MAGED2",17.3383033427228,-0.428999257157796,0.142678671535542,-3.0067511320424,0.00264055843438526,0.010292110510857,"MAGED2","Astrocytes"
"EPHA4",15.1095899696933,-0.554603347654082,0.1845570795646,-3.00505051858471,0.00265536741880922,0.0103465748102941,"EPHA4","Astrocytes"
"ZSCAN16-AS1",11.1855177150314,-0.516199584237428,0.171802075622024,-3.00461785673127,0.00265914714263991,0.0103580431164863,"ZSCAN16-AS1","Astrocytes"
"SCN11A",6.50441497537724,-0.706504228958098,0.235167782424761,-3.00425603232506,0.00266231180712697,0.010365138890009,"SCN11A","Astrocytes"
"BPGM",1.53141195036684,-1.50534230794816,0.501076222346649,-3.00421820236911,0.00266264288210599,0.010365138890009,"BPGM","Astrocytes"
"ABL2",15.8164229068226,0.409496256805257,0.136347583408566,3.00332610647158,0.00267046111823992,0.0103890417930144,"ABL2","Astrocytes"
"ENSG00000225885",2.3930812833208,1.03069649984422,0.343181350354272,3.00335813347729,0.00267018007417912,0.0103890417930144,"ENSG00000225885","Astrocytes"
"HARS2",5.35720912724665,0.681669874338496,0.226986846314306,3.00312500661204,0.0026722264319031,0.0103926444429196,"HARS2","Astrocytes"
"SESN1",39.1193832117327,0.562782504663537,0.187427215158714,3.0026722863431,0.00267620444710618,0.0104015818168599,"SESN1","Astrocytes"
"SPART-AS1",3.08740428885458,-1.8164786966074,0.604945104376831,-3.00271658281887,0.00267581497894723,0.0104015818168599,"SPART-AS1","Astrocytes"
"TAF11",13.8359629906971,0.554566553837014,0.184705604283691,3.00243490709275,0.00267829244088434,0.0104064309053878,"TAF11","Astrocytes"
"ENSG00000286808",2.51983274757833,1.95261709639946,0.650544755970474,3.00151077766598,0.00268643529374864,0.0104347955591247,"ENSG00000286808","Astrocytes"
"PCDHGA1",1.58613687550915,-1.54860187847807,0.516107955168737,-3.00053867213066,0.0026950252928972,0.0104648787086692,"PCDHGA1","Astrocytes"
"RAB24",5.17767890067873,0.888665439316575,0.296238134511984,2.99983471331449,0.00270126147761311,0.0104858059176436,"RAB24","Astrocytes"
"KIAA0825",18.5429440784501,-0.478603824133159,0.159597980960575,-2.99880876470102,0.0027103736987183,0.0105178807619018,"KIAA0825","Astrocytes"
"VIRMA-DT",1.9922927758484,-1.32179971549868,0.440835420409417,-2.9983972573508,0.00271403649027412,0.0105287950686292,"VIRMA-DT","Astrocytes"
"DDAH1",100.555608208996,-0.421399729111035,0.140581959635114,-2.99753773673944,0.00272170160240948,0.0105552242225608,"DDAH1","Astrocytes"
"CLHC1",6.18624912405247,-0.875182845720967,0.292060922934566,-2.99657632019825,0.00273029884307957,0.0105792487484506,"CLHC1","Astrocytes"
"RSRC1",21.2990800551553,-0.467163646701734,0.155894415659489,-2.99666697312706,0.0027294871424997,0.0105792487484506,"RSRC1","Astrocytes"
"MFHAS1",95.1380387872511,1.12830814481009,0.376534676844809,2.99655838942858,0.00273045942017671,0.0105792487484506,"MFHAS1","Astrocytes"
"LTBR",4.93469773604813,0.725702185883771,0.242342924951245,2.99452598432477,0.00274871642210786,0.0106466548185679,"LTBR","Astrocytes"
"ASCC3",21.6148622226925,-0.511223347166773,0.170907969428079,-2.99122006350853,0.00277865171440899,0.0107590348765723,"ASCC3","Astrocytes"
"SLC37A3",5.5099619694303,0.728013761896753,0.243390849550565,2.99113037010664,0.00277946802633892,0.0107590348765723,"SLC37A3","Astrocytes"
"BRD7",7.89304705923841,0.586109680677157,0.195961166320028,2.9909481132602,0.00278112744563933,0.0107620885187771,"BRD7","Astrocytes"
"PDE4A",2.12794505729713,-1.30901478185814,0.437672745738834,-2.99085285662097,0.00278199510204356,0.0107620885187771,"PDE4A","Astrocytes"
"ENSG00000290551",10.3101822349555,-0.949030688415793,0.317383412862752,-2.99017103589527,0.00278821276874885,0.0107827728655268,"ENSG00000290551","Astrocytes"
"FBH1",9.78193811147852,0.542019130827868,0.181342689141747,2.98892187709976,0.00279963704738594,0.0108235733867562,"FBH1","Astrocytes"
"FBXO4",3.87065926015077,1.0813533780918,0.361821515245045,2.98863758104447,0.00280224306355445,0.010830267121097,"FBXO4","Astrocytes"
"NCOA7",12.2317121903011,0.688100523123411,0.230248338133069,2.98851461297294,0.00280337094364998,0.010831245677135,"NCOA7","Astrocytes"
"SCP2",17.9784472946587,-0.495228441874643,0.16573625120447,-2.98805142674354,0.00280762307440492,0.0108393189057461,"SCP2","Astrocytes"
"CA1",9.58832591986711,-0.901581486160008,0.301720755942112,-2.98813213345185,0.00280688174921363,0.0108393189057461,"CA1","Astrocytes"
"PMM1",11.7846933651745,-0.544101533415691,0.182095500014896,-2.98800098503907,0.00280808649355032,0.0108393189057461,"PMM1","Astrocytes"
"ENSG00000251574",5.52985756803601,1.25631638743512,0.4204841030194,2.98778569371303,0.00281006520821505,0.0108435766510835,"LOC105379109","Astrocytes"
"ZNF354B",3.38564274650264,0.967019991488786,0.32373771144642,2.98704771578281,0.00281685753433102,0.0108630167697356,"ZNF354B","Astrocytes"
"MTA1",22.2515855658127,0.565220668709937,0.189221259254507,2.98708861222461,0.00281648073269665,0.0108630167697356,"MTA1","Astrocytes"
"SHROOM2",5.38077666096885,-0.847243522880684,0.28367485632464,-2.98667119764429,0.00282032876853753,0.0108730171671234,"SHROOM2","Astrocytes"
"PBX2",7.93623534628057,-0.724641392807661,0.242649619166157,-2.98636938025217,0.00282311413411656,0.0108803679809416,"PBX2","Astrocytes"
"FASN",26.7939671416684,1.08030671648408,0.361794593358459,2.9859669998267,0.0028268314669999,0.0108913049333727,"FASN","Astrocytes"
"OSMR-DT",28.4838540115585,0.976333941741688,0.32708731371114,2.98493368839097,0.00283639804945233,0.0109247642445935,"OSMR-DT","Astrocytes"
"IFTAP",3.47352408281743,-1.19881397285683,0.401643547989737,-2.98477089662465,0.00283790789736984,0.0109271808125407,"IFTAP","Astrocytes"
"PIDD1",17.7469593807584,0.540262239859053,0.181032811259785,2.98433326036002,0.0028419704897014,0.0109394219999914,"PIDD1","Astrocytes"
"ZNF292",60.0548566175297,-0.339235374986218,0.113701857090352,-2.98355175251577,0.00284923846385892,0.0109639900242278,"ZNF292","Astrocytes"
"ZNF704",20.7047595731995,-0.399972790182212,0.134082836815237,-2.98302750510392,0.00285412343787346,0.0109793757474952,"ZNF704","Astrocytes"
"EIF2B1",8.31719614542667,0.587187948464658,0.196857274241835,2.98281051958136,0.0028561475605909,0.0109803400319147,"EIF2B1","Astrocytes"
"APOL2",6.28728919577719,1.05922714968801,0.355104651234049,2.98285912619567,0.00285569402590331,0.0109803400319147,"APOL2","Astrocytes"
"ILF2",6.47807618062,0.832667727917234,0.279208548060396,2.98224296391212,0.00286144813244025,0.0109973036076994,"ILF2","Astrocytes"
"ENSG00000236540",3.19047526469512,1.77474999630871,0.595221544204476,2.98166290113154,0.00286687479031715,0.0110147410885812,"ENSG00000236540","Astrocytes"
"SLC10A7",12.499143179408,-0.497468696625194,0.166878501108851,-2.98102327933007,0.00287286953103295,0.0110343496906889,"SLC10A7","Astrocytes"
"LINC00943",1.23858817723024,-2.00418372723937,0.672426404264258,-2.98052502776458,0.00287754723111065,0.0110488891047576,"LINC00943","Astrocytes"
"TMEM263",4.46308433877425,-0.838726171785591,0.281458023479638,-2.97993342458851,0.00288311036579451,0.0110668182453917,"TMEM263","Astrocytes"
"YTHDF2",7.95962731293623,-0.623120007759054,0.209151176536289,-2.97928043283533,0.00288926216481426,0.0110869951617276,"YTHDF2","Astrocytes"
"LASP1",11.3902461218278,1.11833946555396,0.375539506509916,2.97795423961454,0.00290179305090054,0.0111281836047127,"LASP1","Astrocytes"
"PPAN",4.15259583877143,1.13937410245877,0.382615154262325,2.9778593183416,0.00290269183907148,0.0111281836047127,"PPAN","Astrocytes"
"ZNF880",4.38655833641299,0.907753108862613,0.304827687386907,2.97792210623713,0.00290209728617473,0.0111281836047127,"ZNF880","Astrocytes"
"RPS15A",23.9390331070803,-0.690586644106755,0.231929894847666,-2.97756632261805,0.00290546775253307,0.0111353782666719,"RPS15A","Astrocytes"
"WDR31",6.42264651798332,-0.820643745125153,0.275632782683076,-2.97730820382398,0.00290791524070348,0.0111413101564453,"WDR31","Astrocytes"
"TMEM108",58.954433899026,-0.682810150219522,0.229408694549533,-2.97639176911009,0.00291662010367789,0.0111712053027662,"TMEM108","Astrocytes"
"BROX",4.60925688376086,-0.822098522292624,0.276251933196807,-2.97590142729226,0.00292128743368116,0.0111856222298311,"BROX","Astrocytes"
"ENSG00000253766",3.69114792228266,1.1158744341463,0.375131990888815,2.9746181644024,0.00293353448262993,0.0112290440489664,"ENSG00000253766","Astrocytes"
"ENO2",33.6297318774153,0.682860488360864,0.229574505127963,2.97446133219472,0.00293503444765504,0.0112313138335329,"ENO2","Astrocytes"
"TEKT4P2",12.5602759353152,-0.552572412597575,0.185810793802045,-2.9738445291088,0.00294094042985617,0.0112504372390822,"TEKT4P2","Astrocytes"
"CFTR",1.35592737119017,-1.58685762089363,0.533694935027345,-2.97334210378504,0.00294575924050124,0.0112653911905889,"CFTR","Astrocytes"
"DNMT3A",13.301448656686,0.566508820936309,0.190536105946004,2.97323606002975,0.00294677723698435,0.0112658050403141,"DNMT3A","Astrocytes"
"CNEP1R1",1.76994867208948,-1.4027189308466,0.471904309635455,-2.9724647607694,0.00295419120287691,0.0112906634769212,"CNEP1R1","Astrocytes"
"DNAH17",2.78961438663807,1.73444986023864,0.583624090474449,2.97186132057819,0.00296000351895802,0.0113093870951117,"DNAH17","Astrocytes"
"DNAJC17",7.79939234031946,0.664412710242983,0.223616874751256,2.97121007071606,0.00296628804213187,0.0113299027839972,"DNAJC17","Astrocytes"
"SERF2",44.7028614755498,-0.554349165527654,0.186599853799602,-2.97079099602615,0.00297033852370732,0.0113418754052013,"SERF2","Astrocytes"
"KRTCAP2",15.0697436886936,-0.510663204206749,0.171944766235867,-2.96992583947708,0.00297871648664306,0.0113703595111286,"KRTCAP2","Astrocytes"
"POLR3A",14.1689938088367,0.934470188540165,0.314704614534457,2.96935648662962,0.00298424171619719,0.0113879399604529,"POLR3A","Astrocytes"
"KHDC1",2.61881926923099,-1.17787040435206,0.396702147328144,-2.96915560524494,0.00298619338057429,0.0113918769660048,"KHDC1","Astrocytes"
"PGAM1",8.36960991993675,-0.8342436286079,0.280995529020097,-2.96888577379548,0.00298881676236818,0.0113983732579012,"PGAM1","Astrocytes"
"LRRC8B",5.8811535797683,0.8269998456079,0.278619748632123,2.96820254008568,0.0029954687691161,0.0114202246822551,"LRRC8B","Astrocytes"
"ZNF277",21.2333256885441,-0.453670728086175,0.152858781179702,-2.96790753259269,0.00299834515349735,0.0114241563186947,"ZNF277","Astrocytes"
"HSDL2-AS1",4.62347046216239,0.795498893589881,0.268033294445047,2.96791074122687,0.00299831385509791,0.0114241563186947,"HSDL2-AS1","Astrocytes"
"ZHX1",16.5816329296487,-0.475488874733599,0.160269329715487,-2.96681140164306,0.00300905474641864,0.0114614349199945,"ZHX1","Astrocytes"
"PHEX",14.5104892609604,0.695879938145738,0.23456927330022,2.96662869929727,0.00301084320305239,0.0114647205976008,"PHEX","Astrocytes"
"POLM",11.4742213193111,0.948290976565064,0.319664990535852,2.96651495985047,0.00301195707782151,0.0114654363647906,"POLM","Astrocytes"
"HEXB",5.91023639218682,0.648190452268231,0.218528922265827,2.96615407035114,0.00301549383507552,0.0114753718991211,"HEXB","Astrocytes"
"TMSB15B-AS1",6.79608155482233,0.702277116106533,0.236776944156516,2.96598606172698,0.00301714163027326,0.0114781151482869,"TMSB15B-AS1","Astrocytes"
"UPRT",4.21998460883238,-0.915994074952096,0.308875232944352,-2.96557955204238,0.00302113199495354,0.01148976581496,"UPRT","Astrocytes"
"PIGP",6.06594548005509,-0.80052367822893,0.270124496011419,-2.96353603634337,0.00304126449708162,0.0115627811689781,"PIGP","Astrocytes"
"RAB12",10.9439787072142,0.526044438486488,0.17751230547473,2.96342519511344,0.00304235998383467,0.011563395850161,"RAB12","Astrocytes"
"ZNF260",8.20973850129027,0.584934053210563,0.197400623826699,2.96318239462144,0.00304476093280055,0.0115689704298463,"ZNF260","Astrocytes"
"SLC2A1",5.91591865167595,-0.903499016858657,0.304942976929586,-2.96284579482964,0.00304809228099253,0.0115745252117542,"SLC2A1","Astrocytes"
"PIM1",7.49694286063318,1.26370901722875,0.426517094304233,2.96285666882872,0.00304798460843478,0.0115745252117542,"PIM1","Astrocytes"
"FAM234B",3.88352216924139,-1.07704999759497,0.363596182186974,-2.96221481511904,0.00305434608287557,0.0115947172116027,"FAM234B","Astrocytes"
"PLSCR1",24.547099730524,1.56846751433133,0.529517992126513,2.96206651644159,0.00305581760647104,0.0115967482135859,"PLSCR1","Astrocytes"
"RAB28",32.8900428775599,0.290591866910482,0.0981456033435198,2.96082409207247,0.00306817123574518,0.011636497522889,"RAB28","Astrocytes"
"ZNF609",45.760761194935,0.291702338875166,0.0985205263035439,2.96082806111312,0.00306813169851303,0.011636497522889,"ZNF609","Astrocytes"
"L3HYPDH",5.85450987887414,0.660867609689028,0.223217456331097,2.96064483733194,0.00306995734972363,0.0116397066324641,"L3HYPDH","Astrocytes"
"ENSG00000289567",1.51491570931728,-1.989170855906,0.671986817229043,-2.96013374802263,0.00307505510702551,0.011655465990296,"ENSG00000289567","Astrocytes"
"SUOX",3.94402406260481,-0.948464945187382,0.320459959643967,-2.95969875999839,0.00307939988689026,0.0116683625457044,"SUOX","Astrocytes"
"SUMO1",8.64763055315082,-0.853828034467179,0.288552481222429,-2.9590043060798,0.00308634788699363,0.0116905635347738,"SUMO1","Astrocytes"
"UNC5C",54.0029540224068,-0.776149105411446,0.262313941743596,-2.95885571408213,0.00308783640281663,0.0116905635347738,"UNC5C","Astrocytes"
"ZC2HC1A",34.9515129781895,-0.298967169398126,0.101042351388941,-2.95883028540494,0.00308809119940605,0.0116905635347738,"ZC2HC1A","Astrocytes"
"VPS13D",46.5112540438897,0.565311582963316,0.191093454140257,2.95829904538955,0.0030934186362189,0.0117071524976463,"VPS13D","Astrocytes"
"MRPL40",2.92417977756179,-1.5949693907139,0.539217840617603,-2.95793141578379,0.00309711024282354,0.0117175423577403,"MRPL40","Astrocytes"
"CAMK1D",64.0623354205527,0.678376370375935,0.229433564660171,2.95674423827534,0.00310905890735961,0.0117591559101509,"CAMK1D","Astrocytes"
"BRINP1",86.5671607929765,0.318067781415378,0.10757860639144,2.95660812204653,0.00311043156779517,0.0117607554516054,"BRINP1","Astrocytes"
"PSMD3",9.8901863491931,0.547844534753232,0.185300906189104,2.95651298215532,0.00311139133151376,0.011760793302239,"PSMD3","Astrocytes"
"RANBP2",20.7427893036227,0.556224853098268,0.188160118680501,2.95612511832408,0.00311530686606773,0.0117684090672717,"RANBP2","Astrocytes"
"TMOD2",20.7861727281267,-0.540502230968231,0.182835978578879,-2.95621373413137,0.00311441188251242,0.0117684090672717,"TMOD2","Astrocytes"
"EEF1AKMT2",3.91594967844193,-0.832175082156779,0.281530791230079,-2.95589366449331,0.00311764556163037,0.0117736520249067,"EEF1AKMT2","Astrocytes"
"ENSG00000287704",118.674932834961,0.583557527095224,0.1974293124062,2.95577956476182,0.00311879905668226,0.0117744172923465,"ENSG00000287704","Astrocytes"
"PKD1",37.0178243402977,0.735509304342412,0.24885899574167,2.95552628969825,0.00312136094000466,0.0117804975678384,"PKD1","Astrocytes"
"EIF4G1",15.2980537303402,0.739083376077153,0.250122309275109,2.95488786353814,0.00312782715137817,0.011801305184496,"EIF4G1","Astrocytes"
"RTL8C",17.4536127701978,-0.445230179167825,0.150683596692466,-2.95473554481518,0.00312937169386015,0.011803536303707,"RTL8C","Astrocytes"
"LUC7L2",70.5601015840659,0.637870247065488,0.215982362027291,2.95334415772751,0.0031435128579416,0.0118532642265197,"LUC7L2","Astrocytes"
"ENSG00000249330",4.95051394023924,-1.15924289306297,0.392681322022132,-2.95212129543976,0.0031559893143166,0.0118966866603295,"ENSG00000249330","Astrocytes"
"FAM181B",19.924093209835,0.977246859959235,0.331101586477847,2.95150159307563,0.00316232914888291,0.0119169573495487,"FAM181B","Astrocytes"
"STARD4-AS1",5.79374316674497,-1.28069633233863,0.433933821400643,-2.95136324752198,0.00316374607037522,0.0119186697868744,"STARD4-AS1","Astrocytes"
"HDAC9",4.64946663721536,-0.845589970843028,0.286543523586474,-2.9510001142561,0.00316746799878406,0.0119290621134255,"HDAC9","Astrocytes"
"CSTPP1",51.7723341696419,-0.399730731784764,0.135468110410653,-2.95073674957918,0.00317016984708403,0.0119356075452848,"CSTPP1","Astrocytes"
"LYPD6",9.95086439801178,-0.552475904940281,0.187266491104317,-2.95021229736464,0.00317555644012308,0.0119522539203781,"LYPD6","Astrocytes"
"MARCKSL1",22.4816710452034,-0.849211629563327,0.287937497933677,-2.94929154992843,0.0031850335223291,0.011984281405956,"MARCKSL1","Astrocytes"
"MYO1C",5.09920069171397,1.08579196381459,0.368182449540981,2.94905953602151,0.00318742566095039,0.0119896391128641,"MYO1C","Astrocytes"
"ANK2-AS1",4.46064812865733,-1.13715175307762,0.385688267009488,-2.94837009664502,0.0031945436698346,0.0120127647323297,"ANK2-AS1","Astrocytes"
"XIST",29.088213342408,-3.08741382050617,1.04787915257053,-2.94634530416269,0.00321553215054943,0.0120880190103988,"XIST","Astrocytes"
"RNF111",18.944470327729,0.492178366090338,0.167083292395522,2.94570665345309,0.00322217826192807,0.0121093272890608,"RNF111","Astrocytes"
"CNOT11",5.47130009097542,0.667509233091197,0.226643551074641,2.94519402791816,0.00322752194700288,0.0121255421245412,"CNOT11","Astrocytes"
"LINC02024",1.81871691850714,-1.50565085317621,0.511238436979155,-2.9451049535182,0.00322845129488916,0.0121255421245412,"LINC02024","Astrocytes"
"MYL6",30.6735845131244,0.351498746736558,0.119367355914622,2.94468067959861,0.00323288125747245,0.0121384986692787,"MYL6","Astrocytes"
"CUL7",3.48992312830265,0.912563066166944,0.309945576986901,2.94426871658669,0.0032371879776992,0.0121509847613972,"CUL7","Astrocytes"
"MED16",6.9340628675174,0.848323636904781,0.288136570789529,2.944172045153,0.00323819935166836,0.0121510977490028,"MED16","Astrocytes"
"PTPN9",42.1946532524685,0.751000968621186,0.255089211319263,2.94407185916324,0.0032392477986164,0.0121513497395537,"PTPN9","Astrocytes"
"CNOT10",11.1822115853418,0.725198648896912,0.246383168105847,2.94337740062407,0.00324652381792698,0.0121749559168352,"CNOT10","Astrocytes"
"PTS",13.0295951086461,0.637897468583337,0.216747548019437,2.94304352880677,0.0032500271758037,0.0121844040320851,"PTS","Astrocytes"
"NR2E1",7.31576182571966,-0.683180063885939,0.232164429015813,-2.94265605968176,0.00325409725479624,0.012195970431641,"NR2E1","Astrocytes"
"CADPS",41.184996674548,0.889601433752534,0.302374991059408,2.94204699481167,0.00326050442233626,0.0122162863121906,"CADPS","Astrocytes"
"BCO2",4.83784045778261,0.877707300241908,0.298400353036069,2.94137487208608,0.00326758827651162,0.01223912450939,"BCO2","Astrocytes"
"LY6H",3.25687576114862,-1.08116902991638,0.367588724739656,-2.94124644514631,0.00326894342988408,0.0122404978809357,"LY6H","Astrocytes"
"PLEKHJ1",7.1354788075057,-0.741719024170875,0.2521909499785,-2.94110087706997,0.00327048007455994,0.0122425498075199,"PLEKHJ1","Astrocytes"
"SIGIRR",17.1720975798541,-0.48096387558657,0.163546275252705,-2.94084273605989,0.00327320667908514,0.0122490535832914,"SIGIRR","Astrocytes"
"ANKAR",26.2771452341985,-0.342110382964942,0.116337319758929,-2.94067616199045,0.00327496721042236,0.012251939264852,"ANKAR","Astrocytes"
"ZBTB17",4.92792264399785,0.718269219561156,0.244305547553391,2.94004465618688,0.00328164947032174,0.0122732302600405,"ZBTB17","Astrocytes"
"EOGT",13.277733179289,1.44147481350714,0.490566863520664,2.93838601972026,0.0032992594762602,0.0123353653667059,"EOGT","Astrocytes"
"TBC1D30",4.04707213281885,-0.891751466000459,0.303521220344619,-2.93802016540379,0.00330315537811842,0.0123462037570904,"TBC1D30","Astrocytes"
"SCAP",17.3660175462286,0.383261023601144,0.130458643867004,2.93779708450641,0.00330553297340493,0.0123498586072897,"SCAP","Astrocytes"
"FAM20C",28.3597065248631,1.22092122610049,0.415598619817957,2.93774129142989,0.00330612785941738,0.0123498586072897,"FAM20C","Astrocytes"
"PUM3",21.7676851786541,0.735687567137491,0.250513571247446,2.93671741404706,0.00331706214042322,0.0123869663705853,"PUM3","Astrocytes"
"SHC3",4.52994426910655,-0.882771982735338,0.300636505631005,-2.93634327901227,0.00332106584566015,0.0123981785851099,"SHC3","Astrocytes"
"TRMT1L",7.80963033549423,-0.597459594108189,0.203502623751411,-2.93588152867266,0.00332601321033366,0.0124129058419414,"TRMT1L","Astrocytes"
"PINX1",4.27163813738954,0.912597185501108,0.310940585711154,2.93495679701607,0.00333594131591341,0.012446207084952,"PINX1","Astrocytes"
"CENPP",12.4076337546231,1.16879351129055,0.39831443662699,2.93434885561302,0.00334248299360178,0.0124631035560888,"CENPP","Astrocytes"
"TCEAL3",6.03441567354819,-0.736186813926433,0.250885525686378,-2.93435347420843,0.00334243325177404,0.0124631035560888,"TCEAL3","Astrocytes"
"ENSG00000291293",2.2711971043791,-1.32153395022936,0.450522025245375,-2.93333927350076,0.00335337228914939,0.0124999425215343,"ENSG00000291293","Astrocytes"
"SPOCD1",3.8309511334274,3.69028590127625,1.25809564512177,2.93323159935035,0.00335453556084894,0.0125005157538346,"SPOCD1","Astrocytes"
"AMN1",8.38912013523531,-0.694743075018701,0.236987126207993,-2.93156462182235,0.00337259191385345,0.0125640209594607,"AMN1","Astrocytes"
"PXMP4",1.86111206323479,-1.36755852013383,0.466534522403801,-2.93131259201899,0.00337532953640603,0.0125704377892679,"PXMP4","Astrocytes"
"CTSF",20.8313733447455,-0.543948746522589,0.185578139069236,-2.93110357314042,0.00337760149624786,0.0125751170559342,"CTSF","Astrocytes"
"C1QTNF7",3.81954369781657,-1.53534305514934,0.52387167306629,-2.93076173819969,0.00338132011969753,0.0125851779507708,"C1QTNF7","Astrocytes"
"PRKAB2",5.75985429780178,-0.824281273422351,0.281281378730437,-2.93045091410865,0.00338470462951926,0.0125939896115796,"PRKAB2","Astrocytes"
"CYBC1",13.6842052417808,0.763478873290173,0.260550378390629,2.93025432550142,0.00338684684095879,0.0125981749569218,"CYBC1","Astrocytes"
"TPT1-AS1",33.7273717432122,0.367876503028501,0.125559245774222,2.92990373397119,0.0033906702748385,0.0126070904217885,"TPT1-AS1","Astrocytes"
"TRIM9",141.460384714028,0.421180923325643,0.143759796168994,2.92975459446625,0.00339229793147051,0.0126070904217885,"TRIM9","Astrocytes"
"DSCAS",2.83593409518504,-1.06076581647868,0.36206382308704,-2.92977577111776,0.0033920667735434,0.0126070904217885,"DSCAS","Astrocytes"
"RIDA",17.3299928419466,-0.577988650909144,0.197321191031767,-2.92917677968046,0.00339861072014686,0.0126267616404376,"RIDA","Astrocytes"
"NCBP2",4.18083815377248,0.805936961715605,0.275159805244371,2.92897780255313,0.00340078707556518,0.012631057695478,"NCBP2","Astrocytes"
"ZMAT3",23.5754205254215,-0.609700495250481,0.208208781572202,-2.92831306463916,0.00340806699355954,0.0126543009239124,"ZMAT3","Astrocytes"
"SYTL4",23.4442593785473,0.95548135506848,0.326307265980578,2.92816450837276,0.00340969585496049,0.012656553888482,"SYTL4","Astrocytes"
"TMEM63A",14.5577145365005,-0.546940146963863,0.186803739712607,-2.92788649630525,0.00341274605300654,0.012664079824507,"TMEM63A","Astrocytes"
"ECI2",12.36494553331,-0.666298903005503,0.227633001875764,-2.92707514953896,0.00342166191923696,0.012693361158152,"ECI2","Astrocytes"
"BIN1",14.1920845212229,0.78419586347435,0.267927180664204,2.92689924751304,0.00342359769623652,0.0126967386260847,"BIN1","Astrocytes"
"SAMD4A",238.128866486732,1.11041273111746,0.379458539686217,2.92630845002376,0.0034301066388269,0.0127170690145489,"SAMD4A","Astrocytes"
"PALLD",106.943677136296,0.407748275597917,0.139414891430437,2.92471106503978,0.00344776181426621,0.0127786993553003,"PALLD","Astrocytes"
"CLPB",6.04323528500262,1.15404435177472,0.394663121681735,2.92412512944488,0.00345425860309747,0.0127981047557451,"CLPB","Astrocytes"
"OGFOD3",2.69078772193522,1.20364858442369,0.411637129978543,2.9240525131599,0.00345506453997061,0.0127981047557451,"OGFOD3","Astrocytes"
"RPL34-DT",7.01785254611833,0.610416421565328,0.208839144816551,2.92290232322839,0.00346785284804189,0.0128416333185714,"RPL34-DT","Astrocytes"
"DYNC1LI2",18.3211169077027,0.553331695732034,0.189366456706413,2.92201536299483,0.00347774385739602,0.0128744102200702,"DYNC1LI2","Astrocytes"
"PARP9",13.4062046630131,0.679968496120445,0.232853179343845,2.92015981072933,0.00349851928723932,0.0129474489939882,"PARP9","Astrocytes"
"PSMA5",5.43874969448232,0.72563590049751,0.248552211847884,2.91945058586565,0.0035064898112571,0.0129644141345327,"PSMA5","Astrocytes"
"DDIT3",18.8913791162071,-0.45345590233463,0.155323017093083,-2.91943789672126,0.00350663256676656,0.0129644141345327,"DDIT3","Astrocytes"
"C17orf114",2.87069132297866,-1.07673657887101,0.36882379700751,-2.91937935569022,0.00350729123400504,0.0129644141345327,"C17orf114","Astrocytes"
"SGSM3-AS1",2.78012543013219,-1.06972439447597,0.366417871870784,-2.91941107843453,0.00350693429546155,0.0129644141345327,"SGSM3-AS1","Astrocytes"
"IPO7",8.15350826472701,0.608368727197429,0.208444832851217,2.91860785837598,0.00351598216602466,0.0129926610450264,"IPO7","Astrocytes"
"FXR1",28.4112143985105,0.575125916145464,0.197062161001287,2.91849999626112,0.00351719879492155,0.012993279438399,"FXR1","Astrocytes"
"HEY1",4.55894459794616,-0.925328348579696,0.317099911153513,-2.91809715497438,0.00352174602405088,0.0130061977380919,"HEY1","Astrocytes"
"AHSA1",7.88586462296516,0.947817761611831,0.324873516545855,2.91749777479337,0.00352852166404519,0.0130273356487393,"AHSA1","Astrocytes"
"ENSG00000268055",0.76118018477312,-2.49183352589521,0.854489384209193,-2.91616674465925,0.00354361061036929,0.0130791446164539,"LOC124904710","Astrocytes"
"ZNF30-AS1",2.4803005191129,-1.21742694924079,0.417552317349981,-2.9156273325634,0.00354974224149456,0.013097871923846,"ZNF30-AS1","Astrocytes"
"NUDT14",2.14179029006606,-1.4169838976657,0.486039282227073,-2.91536908534009,0.00355268121719962,0.0131048112935904,"NUDT14","Astrocytes"
"MAK",12.5112827393607,-0.573210655544466,0.196659311213062,-2.91473946495951,0.0035598558754143,0.0131273660825656,"MAK","Astrocytes"
"ENSG00000253197",4.47915614913008,-0.906350183081142,0.311086285102052,-2.91350093683433,0.00357400764692433,0.0131756286668246,"ENSG00000253197","Astrocytes"
"ENSG00000288009",10.1163032967593,0.737510738704008,0.253173565398962,2.91306376138365,0.00357901514441611,0.0131901620634835,"LOC101929004","Astrocytes"
"TBC1D12",13.5121200319944,-0.496991399125227,0.170643637422238,-2.91245197672081,0.00358603336652205,0.0132120949650826,"TBC1D12","Astrocytes"
"MEGF9",54.1823760622062,0.290654550348145,0.0998035852171536,2.91226562368212,0.00358817364232322,0.0132129222595269,"MEGF9","Astrocytes"
"KEAP1",6.13852168469682,0.722152255572133,0.247970845030768,2.91224662109987,0.00358839195338682,0.0132129222595269,"KEAP1","Astrocytes"
"GRM5",3.44548917164403,-1.16024104100019,0.398483361425798,-2.91164237535233,0.00359534013066285,0.0132345709982158,"GRM5","Astrocytes"
"BID",5.96721503373962,1.03127929945892,0.35422739065434,2.91134826573945,0.00359872650118119,0.0132430996327271,"BID","Astrocytes"
"ASTE1",3.30553785194831,-0.950689113155899,0.326653501756924,-2.91039008626133,0.00360977908643761,0.0132798260330828,"ASTE1","Astrocytes"
"BRIX1",4.78392972157747,0.878765278995548,0.301983290700944,2.90997981032598,0.00361452104585486,0.0132933216842354,"BRIX1","Astrocytes"
"LINC01277",5.79181064264346,0.858361424332601,0.295002568763826,2.9096744070042,0.00361805456763411,0.013302366303745,"LINC01277","Astrocytes"
"ETFDH",28.1520533232725,-0.528273889312205,0.181636134912593,-2.90841846841997,0.00363261884824222,0.0133519498954537,"ETFDH","Astrocytes"
"SEC61B",12.900283015656,0.517601453607814,0.177975403650308,2.90827520540319,0.0036342835570383,0.0133541048328799,"SEC61B","Astrocytes"
"DPYSL2",151.471373626176,0.445341556422132,0.153171086953914,2.90747794037739,0.0036435604150764,0.0133842208899113,"DPYSL2","Astrocytes"
"WASF3",42.5377563091408,-0.491803325560419,0.169165214555116,-2.90723673217217,0.00364637131814262,0.0133905741496323,"WASF3","Astrocytes"
"TMCO1",14.0070723705407,-0.528999802546023,0.18197736486005,-2.90695385633731,0.00364967030432089,0.0133987154990826,"TMCO1","Astrocytes"
"HSPA1A",187.513590688698,2.09899192799449,0.722398583234765,2.90558699408794,0.00366564935286063,0.0134533894298972,"HSPA1A","Astrocytes"
"SCAMP1",15.3818520588431,-0.629414379182133,0.216644102005461,-2.9052920128251,0.00366910611087154,0.0134620862136066,"SCAMP1","Astrocytes"
"DMPK",12.1041593300559,-0.729418844349499,0.251082393850888,-2.90509753855017,0.00367138669181088,0.0134664636862245,"DMPK","Astrocytes"
"TRIO",144.479958963261,0.886142401220177,0.305057447239041,2.90483779117775,0.00367443473441504,0.0134736527439329,"TRIO","Astrocytes"
"VRK3",6.17212128844409,0.670542786235334,0.230849791470627,2.90467139677123,0.00367638852220225,0.0134768262493873,"VRK3","Astrocytes"
"DNM1L",34.7866290360849,0.526088342523591,0.181199289772516,2.90336867867453,0.00369171759468318,0.0135290141979763,"DNM1L","Astrocytes"
"PI16",11.1953600657963,0.969464968340474,0.333967447596745,2.90287264617201,0.00369756966434527,0.013546451228872,"PI16","Astrocytes"
"PEX5L",24.3727897736872,-0.535975507638087,0.184692719864818,-2.9019850269701,0.00370806263046926,0.0135768597141043,"PEX5L","Astrocytes"
"TLE3",8.75073123182181,0.859059226408653,0.296020876513663,2.90202244019435,0.00370761980517464,0.0135768597141043,"TLE3","Astrocytes"
"LRRC24",2.62907655600535,-1.11541766784371,0.384389355325499,-2.90179124991425,0.00371035695752023,0.0135812445181711,"LRRC24","Astrocytes"
"AKT1S1",4.55585503287362,0.970947290208584,0.334621938206534,2.90162472733423,0.00371232962158487,0.0135844496761482,"AKT1S1","Astrocytes"
"ACTR3-AS1",3.9167466955754,-0.91220206416783,0.314396499776093,-2.90143835830705,0.00371453852176659,0.0135885171388584,"ACTR3-AS1","Astrocytes"
"CFAP54",17.8254720192587,0.81186845589138,0.279887126285967,2.90069953078826,0.00372330708355832,0.0136165716525997,"CFAP54","Astrocytes"
"SELENOM",13.8869839357686,0.455210401015989,0.156951797124312,2.90031977560247,0.00372782141619166,0.0136290559777683,"SELENOM","Astrocytes"
"SLC12A7",4.77581013527723,0.791482545443144,0.272929857383423,2.89994855466193,0.00373223910654243,0.0136411797096561,"SLC12A7","Astrocytes"
"VAPB",8.74399741541991,-0.575558716269248,0.198495712810361,-2.89960275776397,0.00373635852028884,0.0136522064198102,"VAPB","Astrocytes"
"ALKBH5",9.81421518502851,0.601113028094038,0.207403001304827,2.8982850986354,0.00375209345352303,0.0137056558215267,"ALKBH5","Astrocytes"
"KLHDC10",19.1363750148661,-0.480429283419599,0.16577113917908,-2.89814792730959,0.00375373495256289,0.0137076083508069,"KLHDC10","Astrocytes"
"ESYT2",25.7397734383735,0.404473441989984,0.1395924720795,2.89753047542299,0.00376113194799741,0.0137305710236002,"ESYT2","Astrocytes"
"FOXK2",13.2108609131154,0.732777973764215,0.252960306577069,2.89681011096087,0.00376977856576259,0.0137580807485524,"FOXK2","Astrocytes"
"RWDD2A",2.5466225837962,-1.12901204053332,0.389766576071717,-2.89663637121513,0.00377186668621085,0.0137616456026367,"RWDD2A","Astrocytes"
"TNXB",6.01634623239398,1.1191577693145,0.386394847206928,2.89640966333888,0.0037745929938165,0.0137675360949719,"TNXB","Astrocytes"
"NDN",3.40251822141378,-0.903310791348071,0.311938303622667,-2.89579952464175,0.00378193920103948,0.0137902688829422,"NDN","Astrocytes"
"GSDME",1.72397421777776,-1.3184396601281,0.455329235444078,-2.89557436135687,0.00378465349827991,0.0137961037000884,"GSDME","Astrocytes"
"ENSG00000262580",2.72438023311759,-1.21407185802801,0.419304760823486,-2.89544019400985,0.00378627169975909,0.0137979406880862,"ENSG00000262580","Astrocytes"
"ZNF540",12.8050450359141,0.461297218263228,0.159349556832896,2.89487606637635,0.00379308256367673,0.0138186941412206,"ZNF540","Astrocytes"
"BCKDHA",4.13767508535616,-0.847542912383191,0.292813887806572,-2.89447648378981,0.00379791356517771,0.0138322246110575,"BCKDHA","Astrocytes"
"XBP1",9.8072821224829,0.839883580295628,0.290219434557559,2.8939605012188,0.00380416012807357,0.0138509011661085,"XBP1","Astrocytes"
"MAP4K3-DT",13.4290891052367,1.05297594480889,0.363884411753566,2.89370995513266,0.00380719664279023,0.0138578824302385,"MAP4K3-DT","Astrocytes"
"GOLT1B",7.56979941404315,0.741206397918392,0.256187104016244,2.8932229073927,0.00381310576251,0.0138753125645493,"GOLT1B","Astrocytes"
"ZNF672",2.05692340239968,-1.37658478462782,0.475855768795219,-2.89286139813558,0.00381749717043472,0.0138831328814958,"ZNF672","Astrocytes"
"TAP1",6.82837039671162,0.921026128126826,0.318377217741025,2.89287699246122,0.00381730764467642,0.0138831328814958,"TAP1","Astrocytes"
"FKBP8",11.2844042517558,-0.519304711343613,0.179528818894167,-2.89259804939588,0.00382069907305363,0.0138906977749921,"FKBP8","Astrocytes"
"ENSG00000237031",9.3838064561314,-1.095706790551,0.379006455312303,-2.89099769988913,0.00384020930972296,0.0139575321051657,"ENSG00000237031","Astrocytes"
"AGBL5",5.99506718272198,-0.670723406194121,0.232076525028097,-2.89009586864901,0.00385124358042427,0.0139908063906756,"AGBL5","Astrocytes"
"POLR2C",7.57489823102016,-0.608737629641113,0.210631133349882,-2.89006482545926,0.0038516239187445,0.0139908063906756,"POLR2C","Astrocytes"
"GGH",2.47538013735554,-1.13622583482594,0.393204445871356,-2.88965663220827,0.00385662824054416,0.0140048761004863,"GGH","Astrocytes"
"NDUFS2",22.7891234250408,0.495985958037259,0.17171467440812,2.88843082134281,0.00387169182362866,0.0140496271964983,"NDUFS2","Astrocytes"
"CDH12",1.69977270394337,-1.56173358219536,0.540695908764753,-2.88837691737527,0.00387235545680761,0.0140496271964983,"CDH12","Astrocytes"
"ENSG00000278932",2.3351575822488,-1.20812670557695,0.418245524210406,-2.88855859930058,0.00387011911109155,0.0140496271964983,"LOC101930100","Astrocytes"
"DLEU2",44.4201132397609,-0.393256350143567,0.136187209397795,-2.88761589199531,0.00388173577716676,0.0140767550167572,"DLEU2","Astrocytes"
"HSBP1L1",7.43842313545666,-0.681849913046393,0.236131474063161,-2.88758589151063,0.00388210598257498,0.0140767550167572,"HSBP1L1","Astrocytes"
"LINC00240",6.79924096960745,-1.00852337422207,0.349292761181307,-2.88732973111508,0.00388526830326862,0.0140840975993487,"LINC00240","Astrocytes"
"RPS6KL1",10.9689938824081,0.7130161879959,0.247051455302333,2.88610397831228,0.00390043273205591,0.0141349307934001,"RPS6KL1","Astrocytes"
"CRIP3",1.25797001235477,-1.9538110471662,0.677199085727695,-2.88513538831302,0.00391245366882619,0.0141701999944647,"CRIP3","Astrocytes"
"NLRX1",2.34758147567125,-1.21348665159928,0.420586954792579,-2.88522180198799,0.0039113798440576,0.0141701999944647,"NLRX1","Astrocytes"
"DIP2C",67.3926373901909,0.675824116195518,0.234261523672842,2.88491300491727,0.00391521836087799,0.0141760669481732,"DIP2C","Astrocytes"
"ENSG00000287780",0.876335090472967,-1.70545423052075,0.591218656880802,-2.88464210435869,0.00391858862026526,0.0141841224451169,"ENSG00000287780","Astrocytes"
"TSPYL2",20.998825018685,0.478308166494715,0.165856477611386,2.8838678680698,0.00392823538431241,0.0142148856703509,"TSPYL2","Astrocytes"
"CBX3",12.2013032413719,0.590190921818603,0.20469990328568,2.8832007848823,0.00393656434294298,0.014240863645534,"CBX3","Astrocytes"
"SGCZ",5.41597622066338,-0.954714414504827,0.331167264202271,-2.88287677468538,0.00394061560059281,0.0142513560111392,"SGCZ","Astrocytes"
"LCLAT1",11.7003277686117,-0.517298563454641,0.179488610812299,-2.88206901325682,0.00395073192712487,0.0142837703514123,"LCLAT1","Astrocytes"
"PYGO1",6.92821625527262,-0.664923274268311,0.230743284179,-2.88165818838088,0.00395588610087289,0.014298230469092,"PYGO1","Astrocytes"
"UCN",5.68052275507528,0.726843578903652,0.252266604379692,2.88125168486299,0.0039609920686335,0.0143125079620335,"UCN","Astrocytes"
"P2RY14",67.7247686205159,-0.98648923143168,0.342443632784112,-2.88073462897059,0.00396749529827441,0.01433182446865,"P2RY14","Astrocytes"
"INO80D-AS1",5.09306153137093,-0.787869407352114,0.273614711657115,-2.87948481490808,0.00398325479556612,0.0143803627211356,"INO80D-AS1","Astrocytes"
"TRAPPC4",5.18695499188548,-0.80739605361921,0.280388947534178,-2.87955734603552,0.00398233866498049,0.0143803627211356,"TRAPPC4","Astrocytes"
"P2RY1",9.08236439620675,-1.01409580877077,0.352268073241159,-2.87876161878722,0.00399239985702692,0.0144091773330121,"P2RY1","Astrocytes"
"NIBAN1",3.97523458596135,2.72696778178068,0.947451649701949,2.87821313376628,0.0039993483439099,0.0144300496919103,"NIBAN1","Astrocytes"
"TNPO3",16.4586674827451,0.442980640166368,0.153922626887746,2.87794360792341,0.00400276685599205,0.014433972620195,"TNPO3","Astrocytes"
"TMEM8B",6.41055243282248,-0.795650803966711,0.276458454722302,-2.87801219451194,0.00400189669125995,0.014433972620195,"TMEM8B","Astrocytes"
"BCOR",3.18022615598845,-1.0482190153007,0.364306860900451,-2.87729693783378,0.00401097967160098,0.014459377372179,"BCOR","Astrocytes"
"PJVK",5.82987978532957,0.612784201204897,0.213021728289974,2.87662768546667,0.00401949539214584,0.0144858589758271,"PJVK","Astrocytes"
"PNPLA3",2.34244195816388,1.71841335634621,0.597469947802583,2.87615027779441,0.00402558006349095,0.0145035664609277,"PNPLA3","Astrocytes"
"GOT1-DT",4.25036023603975,-0.878610545149451,0.305588865570197,-2.87513926107895,0.00403849331831298,0.014545858859997,"GOT1-DT","Astrocytes"
"TGOLN2",12.5011530834592,0.847632368389014,0.294885262152369,2.87444805549841,0.00404734340093027,0.0145700617667441,"TGOLN2","Astrocytes"
"DPP3",3.2080787721749,0.860705401623763,0.299435088261124,2.87443067084102,0.00404756621800853,0.0145700617667441,"DPP3","Astrocytes"
"ACCS",2.10741623559188,-1.19076578246641,0.414285162185633,-2.87426606394572,0.00404967651684398,0.0145734217692761,"ACCS","Astrocytes"
"HTRA1",49.288633251871,-0.601946697975705,0.209483211577962,-2.87348419685499,0.00405971388019241,0.0146052983667701,"HTRA1","Astrocytes"
"PTRHD1",3.89093167132895,-1.32985950932981,0.462875928995168,-2.873036651996,0.004065469477067,0.0146217567628581,"PTRHD1","Astrocytes"
"CCDC144BP",22.2206039942368,0.414687119153888,0.144350602384505,2.87277719873514,0.00406880953496264,0.0146295204620913,"CCDC144BP","Astrocytes"
"ZIC1",7.35986683873337,-1.04216585459954,0.362809253167994,-2.87248973255094,0.00407251312411828,0.0146347409581104,"ZIC1","Astrocytes"
"MT1G",60.875432855648,-0.869872201134838,0.302829570997338,-2.87248104030925,0.00407262515881842,0.0146347409581104,"MT1G","Astrocytes"
"MN1",4.68536234459183,-0.795279328235267,0.276905197199497,-2.87202745299975,0.00407847534949805,0.014651511532589,"MN1","Astrocytes"
"LINC00963",11.671887413622,0.818192806197743,0.28493042072563,2.87155300621836,0.00408460273780699,0.0146692678950881,"LINC00963","Astrocytes"
"LINC01128",3.05651331243121,1.09969658652537,0.383078007087993,2.87068577725154,0.00409582442908318,0.0147010417116919,"LINC01128","Astrocytes"
"ENSG00000259124",3.21086250216797,-1.16972817145552,0.407463749257262,-2.87075395930985,0.00409494116069718,0.0147010417116919,"ENSG00000259124","Astrocytes"
"COLGALT2",21.3530495648629,0.833905918747325,0.290524150914286,2.87034973210662,0.00410018027182226,0.0147118938587213,"COLGALT2","Astrocytes"
"ACAA2",6.99578888074741,-0.796828671797553,0.277614607348485,-2.8702692535098,0.00410122406527544,0.0147118938587213,"ACAA2","Astrocytes"
"HMBOX1",63.3940770199757,0.597420327045383,0.208248417220479,2.86878687972392,0.00412049337457369,0.0147767360142908,"HMBOX1","Astrocytes"
"ARHGEF7",37.0396970290581,0.405117883518936,0.141299968734507,2.86707695088118,0.00414282267705121,0.0148525110625145,"ARHGEF7","Astrocytes"
"C1orf56",10.1615370369744,-1.15242259436949,0.402054434825907,-2.86633474113647,0.0041525490347345,0.0148830722712351,"C1orf56","Astrocytes"
"FXYD1",83.1206504303286,-0.68610862265516,0.239400559176911,-2.86594411063235,0.00415767640649167,0.0148971374252275,"FXYD1","Astrocytes"
"MID1IP1",7.53155861185609,-0.624992494137349,0.21808763171187,-2.86578605687767,0.00415975263391977,0.0149002652200835,"MID1IP1","Astrocytes"
"BIRC2",13.3280444847608,0.641225494223235,0.223818955617779,2.86492934636989,0.00417102294074941,0.0149363149436958,"BIRC2","Astrocytes"
"THEM6",1.99243504962038,-1.16035638524685,0.405182013721642,-2.86379045947485,0.00418604826207904,0.0149857865363761,"THEM6","Astrocytes"
"APLF",9.11479502582269,-0.652896964117439,0.227995677529516,-2.86363746537658,0.00418807044821624,0.014988692589671,"APLF","Astrocytes"
"SMIM30",6.03811907675346,-0.757139662461843,0.264435225919534,-2.86323298958754,0.00419342084073437,0.0150035048456555,"SMIM30","Astrocytes"
"MRPS30",3.46043152036349,-1.33313333922238,0.465628833146633,-2.86308158842595,0.00419542516471422,0.0150063402122057,"MRPS30","Astrocytes"
"ARFGEF1",27.7016463680014,0.339190658262094,0.11850326041936,2.86228967086445,0.00420592313178021,0.0150395455214653,"ARFGEF1","Astrocytes"
"EIF1B",10.5275090245713,0.567326851433227,0.198213780267125,2.86219681935667,0.00420715556689383,0.0150396095221843,"EIF1B","Astrocytes"
"PLCXD3",3.82510230087807,1.06709995635625,0.372872160429888,2.86183863961842,0.00421191282210881,0.0150522702672939,"PLCXD3","Astrocytes"
"CHCHD10",16.971807779631,-0.447090106919669,0.156237593098824,-2.86160390756195,0.00421503312169493,0.0150590753450514,"CHCHD10","Astrocytes"
"KANSL1-AS1",2.84178811909934,-1.11012188905002,0.387980276199078,-2.86128434137308,0.0042192844941248,0.0150699163226846,"KANSL1-AS1","Astrocytes"
"TOMM20",6.75997033126186,-0.685189760845703,0.23950542247712,-2.86085280975699,0.00422503157920735,0.0150818723256819,"TOMM20","Astrocytes"
"CCNI",19.2746927344101,-0.419780186583995,0.146732675112396,-2.86085008851947,0.00422506784283214,0.0150818723256819,"CCNI","Astrocytes"
"FAH",6.22709386489294,-0.925185208185422,0.323438439052828,-2.86046770104004,0.00423016640449738,0.015095720630228,"FAH","Astrocytes"
"SETD7",5.28438649852628,0.71039830103033,0.248459555061161,2.85921103277939,0.00424696151458203,0.01515128909106,"SETD7","Astrocytes"
"SYNJ2BP",4.92684957315127,-0.883156853858984,0.309050465999052,-2.85764608380074,0.00426796127373164,0.015221821558934,"SYNJ2BP","Astrocytes"
"ZCCHC14",12.4612005230925,0.453278900710722,0.15868620920973,2.85644797344449,0.00428410208789486,0.0152749888149732,"ZCCHC14","Astrocytes"
"MRPS6",22.1169585791433,0.653607563704337,0.228834908595248,2.85624063092754,0.00428690099597831,0.01528056851848,"MRPS6","Astrocytes"
"CCDC82",13.3836936141613,0.455363143619884,0.15951869555748,2.85460674078669,0.00430901489376665,0.015354973073241,"CCDC82","Astrocytes"
"FZD4-DT",3.31012304776842,-0.989441345301623,0.346736255048599,-2.85358491041827,0.00432289738252486,0.0154000110149037,"FZD4-DT","Astrocytes"
"PFKFB3",95.8664237812912,0.706301136659998,0.247579569459374,2.85282480376837,0.00433325040592732,0.0154324532000569,"PFKFB3","Astrocytes"
"TRAFD1",4.72944545254928,0.759011701875964,0.266103947584149,2.85231282273986,0.00434023650186266,0.0154528891899268,"TRAFD1","Astrocytes"
"E4F1",7.23138239126809,0.752183876686801,0.263728580728889,2.85211361850857,0.00434295744651194,0.0154581322391944,"E4F1","Astrocytes"
"COA1",17.540215758813,-0.406859002992628,0.142714057476218,-2.85086844412946,0.00436000044408457,0.0155143349135343,"COA1","Astrocytes"
"MIGA2",9.30807429756905,0.556866640762273,0.195346620741464,2.85065919568309,0.00436287042036906,0.0155200874505688,"MIGA2","Astrocytes"
"TMEM243",2.22793584259183,-1.17793521596495,0.413325299013505,-2.84989866039258,0.00437331607795703,0.0155527779992366,"TMEM243","Astrocytes"
"CLVS1",1.98145321397496,-1.41806550500302,0.497688297973726,-2.8493044959596,0.00438149246424708,0.0155773819077725,"CLVS1","Astrocytes"
"H2AZ1-DT",3.24433837690865,-0.951540297647416,0.334049134516239,-2.84850400533266,0.00439253004570525,0.0156121410895431,"H2AZ1-DT","Astrocytes"
"IZUMO4",37.2220379109744,-0.483954553557269,0.169964758914727,-2.84738175517946,0.00440804665022824,0.0156627953141396,"IZUMO4","Astrocytes"
"KCNA2",10.415276601598,-0.679502377965686,0.238814642479111,-2.84531287910925,0.00443678188799935,0.0157603758230338,"KCNA2","Astrocytes"
"SH3RF1",37.376554700957,-0.733459765364684,0.257796848633119,-2.84510756921043,0.00443964273744353,0.0157660154911853,"SH3RF1","Astrocytes"
"TOM1L2",64.7899578018342,-0.251342017964288,0.0883461714706692,-2.84496785520279,0.00444159050990436,0.0157684103452253,"TOM1L2","Astrocytes"
"ARRDC4",6.30698263172543,0.653327441782221,0.229676940956999,2.84454956191941,0.00444742662566152,0.0157846041575141,"ARRDC4","Astrocytes"
"PDGFC",24.5967384689516,-0.379739478345299,0.133509069947687,-2.84429723384406,0.00445095051942149,0.0157925846080219,"PDGFC","Astrocytes"
"VAMP5",7.40689570033717,0.635292488719327,0.22337492132976,2.84406362602125,0.00445421523041715,0.0157996411338458,"VAMP5","Astrocytes"
"POLR3H",7.01584216600265,-0.795273542829245,0.279639457775278,-2.84392463480006,0.0044561586869786,0.015802008310669,"POLR3H","Astrocytes"
"ADAM32",3.16682354924003,0.878872900666255,0.3090574797873,2.84371988431121,0.00445902302781179,0.0158076387498979,"ADAM32","Astrocytes"
"HSP90AB1",49.4548747693919,1.00278683924222,0.352682107909944,2.84331645057048,0.00446467171506742,0.0158231339003091,"HSP90AB1","Astrocytes"
"PREX2",210.84018269878,-0.632653285006856,0.222523780839765,-2.84308168151438,0.00446796182339319,0.0158302635934415,"PREX2","Astrocytes"
"C8orf76",8.71591569951753,0.558027866703207,0.196290458682668,2.84286801532895,0.0044709581005862,0.0158363484438098,"C8orf76","Astrocytes"
"NR6A1",31.0504943569303,-0.501234391257702,0.176370099004499,-2.8419465322459,0.00448390108324525,0.0158776514480486,"NR6A1","Astrocytes"
"ANKRD42",2.93362192742444,-0.970279755836656,0.341570944453791,-2.84063902855742,0.0045023243034408,0.0159380103362715,"ANKRD42","Astrocytes"
"UNG",8.46482686323058,-0.66099331486616,0.23269870938781,-2.84055427984589,0.00450352080809288,0.0159380103362715,"UNG","Astrocytes"
"GRIK2",26.0436245368162,0.462060956273478,0.162711855905641,2.83974977546463,0.00451489336859155,0.0159736927380769,"GRIK2","Astrocytes"
"SEL1L",14.8717938278113,0.653511812959955,0.230142639374098,2.83959467370872,0.00451708889288088,0.0159768956756767,"SEL1L","Astrocytes"
"HSPBAP1",8.67940992832724,0.674972254259516,0.237724342555011,2.8393064294765,0.00452117166869475,0.0159867700666611,"HSPBAP1","Astrocytes"
"HDAC5",10.2269008781108,0.638727060096538,0.225030028622308,2.83840811827199,0.00453391706503656,0.0160272609238789,"HDAC5","Astrocytes"
"MRPL1",9.86636091933038,-0.674568609811706,0.237687272332248,-2.838051037368,0.00453899242522024,0.0160406230597895,"MRPL1","Astrocytes"
"SLC15A2",45.4204408808188,-0.529538012210881,0.186645129712579,-2.83713811888011,0.0045519915755298,0.0160819719485836,"SLC15A2","Astrocytes"
"PEX16",5.26231847756481,0.667680910415546,0.235362433327088,2.83682022223002,0.00455652605184304,0.0160934004848752,"PEX16","Astrocytes"
"NSUN2",11.9652913612831,0.970333045344722,0.342364985778124,2.83420643363795,0.00459396452054135,0.0162210044647458,"NSUN2","Astrocytes"
"CITED2",1.45789109685529,-1.40113573517961,0.49447831942789,-2.83356353581026,0.00460321562113302,0.0162455334773815,"CITED2","Astrocytes"
"ZMYND11",31.5872461019298,0.332916901973896,0.117491457329778,2.83354134453755,0.0046035352476889,0.0162455334773815,"ZMYND11","Astrocytes"
"GLI4",4.58463075264697,-0.804802022255217,0.284108022732144,-2.83273247448553,0.00461519933593755,0.0162820550931381,"GLI4","Astrocytes"
"EMILIN1",5.70726502331592,0.73385817395805,0.259252352855812,2.83067122004559,0.00464504418433165,0.0163826779078835,"EMILIN1","Astrocytes"
"ABITRAM",3.85595774600557,-1.0763108597038,0.380279401675204,-2.83031595969291,0.00465020560885386,0.0163962118606029,"ABITRAM","Astrocytes"
"ENSG00000262529",5.12693163332012,1.02803846782681,0.36331675120773,2.82959281235844,0.00466072795152707,0.0164286348487787,"ENSG00000262529","Astrocytes"
"PRELP",3.52114150381159,-1.04125816213992,0.368092261403552,-2.82879666681814,0.00467233740131999,0.0164648702448906,"PRELP","Astrocytes"
"ID4",65.1329186539755,-0.699137511742513,0.247199824808562,-2.8282281845626,0.00468064306431246,0.0164817341986374,"ID4","Astrocytes"
"SAMD12",13.285592298357,-0.649840503630807,0.229772101946978,-2.82819584329155,0.0046811159796986,0.0164817341986374,"SAMD12","Astrocytes"
"TANC2",29.8671429283281,-0.356191921246176,0.125935128431991,-2.82837620988754,0.00467847909242932,0.0164817341986374,"TANC2","Astrocytes"
"EIF1B-AS1",24.0642399934099,-0.430523439615372,0.152257758204377,-2.82759607584315,0.00468989401811112,0.016507947022817,"EIF1B-AS1","Astrocytes"
"CREG1",3.65029063570358,-1.05369556361053,0.372684861139335,-2.82730980912206,0.00469408899389674,0.0165180176218878,"CREG1","Astrocytes"
"WASHC2C",4.07741990401026,-0.942062285031815,0.333220362292172,-2.82714501164188,0.00469650548992196,0.0165218259891204,"WASHC2C","Astrocytes"
"RB1CC1",30.1560111842739,0.399902179616805,0.14149340487148,2.82629554345688,0.00470897947875329,0.0165516017273352,"RB1CC1","Astrocytes"
"BEND7",10.2757298957301,0.495078371010821,0.175164915537987,2.82635577729865,0.00470809398986537,0.0165516017273352,"BEND7","Astrocytes"
"N4BP1",10.3602089722661,0.466826687201358,0.165169004412683,2.82635769865736,0.00470806574673322,0.0165516017273352,"N4BP1","Astrocytes"
"PDE6B-AS1",5.05862107196207,1.14878492472485,0.406606453174781,2.8252992931006,0.00472364709371105,0.0165984455055119,"PDE6B-AS1","Astrocytes"
"PI4K2B",14.443173942237,0.456245836053126,0.161518028146224,2.82473629284331,0.00473195432237711,0.0166229192550343,"PI4K2B","Astrocytes"
"TRIM65",7.99773998445247,0.670043549391257,0.237215177691949,2.82462343223833,0.00473362120295309,0.0166240588077618,"TRIM65","Astrocytes"
"KDM4C",44.3122944860702,0.523012074581064,0.185234929832436,2.82350674926259,0.00475014258019152,0.0166773506012225,"KDM4C","Astrocytes"
"MBNL1",84.8639658055345,0.301568102223715,0.106857803639913,2.82214393288424,0.00477037621759331,0.0167388973370524,"MBNL1","Astrocytes"
"ENSG00000227388",3.63172824408206,-1.03233700000396,0.365798438285515,-2.82214709511197,0.00477032917807655,0.0167388973370524,"ENSG00000227388","Astrocytes"
"PRCC",9.44304406247794,0.497433490127558,0.176284074364265,2.82177214204663,0.0047759096955135,0.0167488217953961,"PRCC","Astrocytes"
"FGF1",43.3081634645282,1.22639406828856,0.434616538503617,2.82178416981329,0.00477573059166245,0.0167488217953961,"FGF1","Astrocytes"
"KCNMB3",5.08633478619443,0.761528909700063,0.269951084844778,2.82098851404114,0.00478759170225453,0.0167841644374678,"KCNMB3","Astrocytes"
"ENSG00000289270",4.25502299075142,-0.905150920991232,0.320871463830764,-2.82091436298191,0.00478869845413661,0.0167841644374678,"ENSG00000289270","Astrocytes"
"PDZRN4",11.2269134405135,-0.945464748968855,0.335179121959052,-2.82077458596708,0.00479078534488902,0.0167867274832373,"PDZRN4","Astrocytes"
"DDX59",4.31597434314724,0.71183829407668,0.252366391673071,2.82065408693102,0.00479258507321066,0.0167882831574449,"DDX59","Astrocytes"
"PDSS1",7.75348492780309,0.877070088358606,0.310980026738333,2.82034218582339,0.00479724635271282,0.0167998590457135,"PDSS1","Astrocytes"
"CHMP4B",8.51948946823659,-0.724925389999258,0.257043029568913,-2.8202491669003,0.00479863728988606,0.0167999789541021,"CHMP4B","Astrocytes"
"PIGF",9.81400074625345,-0.564713402881511,0.200255327666369,-2.81996693652185,0.00480285979103182,0.0168100092686114,"PIGF","Astrocytes"
"LINC01135",7.56209054961045,-0.640589747313986,0.227179315220364,-2.81975384375383,0.00480605013887332,0.0168118700932858,"LINC01135","Astrocytes"
"HSD17B10",2.91082090101276,-1.01782682957748,0.360963492177065,-2.81975006236421,0.00480610676978373,0.0168118700932858,"HSD17B10","Astrocytes"
"EIF2AK4",11.6903959391618,-0.491871241430476,0.174456913473138,-2.81944252960896,0.00481071446897358,0.016818485959712,"EIF2AK4","Astrocytes"
"HIRA",6.3225037529239,0.663264286910277,0.235241299804461,2.81950613035042,0.00480976122458963,0.016818485959712,"HIRA","Astrocytes"
"IMPA1",7.95664710770533,0.578152181653662,0.205072551901509,2.81925677665206,0.00481349950281939,0.0168234728601221,"IMPA1","Astrocytes"
"SRP19",16.1602145996091,0.567488802153295,0.201399132333495,2.81773211025356,0.00483641434351748,0.0168797403652134,"SRP19","Astrocytes"
"AVL9",46.8725925773374,0.756157149324655,0.268351486958045,2.81778632157487,0.00483559788982627,0.0168797403652134,"AVL9","Astrocytes"
"SLC25A13",26.3623167642885,0.395381080620599,0.140312001334168,2.81787072282546,0.00483432700664379,0.0168797403652134,"SLC25A13","Astrocytes"
"SPCS2",26.3785125303455,-0.436421261482069,0.154879920466806,-2.81780401337178,0.00483533146817616,0.0168797403652134,"SPCS2","Astrocytes"
"TMEM117",17.1922080087739,-0.488698855769797,0.173418238370095,-2.81803609794984,0.00483183772463688,0.0168797403652134,"TMEM117","Astrocytes"
"PGS1",6.54229871573202,0.616768943722559,0.218933108861532,2.81715701626767,0.00484508327283694,0.0169052313799774,"PGS1","Astrocytes"
"ATG10",31.6875796317401,0.477985752715499,0.169685996768222,2.81688390214302,0.00484920509889009,0.016914846968889,"ATG10","Astrocytes"
"HAPSTR1",4.62064430125155,-0.921962454097922,0.327343302724627,-2.81650012822627,0.00485500235868321,0.0169302996923611,"HAPSTR1","Astrocytes"
"IFFO2",9.94090169243511,-0.909713500942396,0.323030651036007,-2.81618322603385,0.00485979418511724,0.016942238568217,"IFFO2","Astrocytes"
"EMD",7.90353262813035,0.544590541566849,0.193442013280832,2.81526506228113,0.00487370175680128,0.0169859411355109,"EMD","Astrocytes"
"ENSG00000285080",3.07883799613609,-1.02166087974791,0.363022462286399,-2.81431863282853,0.00488807514946958,0.0170312421429043,"LOC124903478","Astrocytes"
"SNRPD3",3.61195092921446,-0.957767189436245,0.340358805498029,-2.81399268643805,0.00489303415667812,0.0170437248838664,"SNRPD3","Astrocytes"
"SNAP47",5.00825182006801,0.952171908315699,0.338433479582895,2.81346842365954,0.0049010199326265,0.0170667406708982,"SNAP47","Astrocytes"
"USP1",3.15505931067237,-0.949132277736644,0.337382188350903,-2.813225802986,0.00490471961467727,0.0170748223189622,"USP1","Astrocytes"
"CHD4",22.1021516913361,0.422937823311096,0.150397081669418,2.81214115737126,0.00492129010457868,0.0171276940317588,"CHD4","Astrocytes"
"WDR11-DT",19.5725217194925,-0.480078151312092,0.170739158833028,-2.81176359654892,0.00492707009645794,0.0171429921338687,"WDR11-DT","Astrocytes"
"ZC3H7B",5.86026184009526,0.602049501080854,0.214126146164295,2.81165804300664,0.00492868708924119,0.0171438011870993,"ZC3H7B","Astrocytes"
"JAK1",69.8124849657882,-0.325273222379334,0.115697460183199,-2.81141195203668,0.00493245886309016,0.0171472875074805,"JAK1","Astrocytes"
"SLC22A23",21.6877953726026,-0.588257025446033,0.209237360077604,-2.8114339868743,0.00493212103434395,0.0171472875074805,"SLC22A23","Astrocytes"
"ILF3-DT",11.4972692916558,-0.657912449416863,0.234073908555066,-2.81070390748865,0.00494332544784694,0.0171802410947765,"ILF3-DT","Astrocytes"
"DECR1",23.5478709870436,-0.648558608974465,0.23076075237041,-2.81052389677347,0.00494609157936742,0.0171850314330266,"DECR1","Astrocytes"
"CD99P1",2.93992331789775,0.908337276175838,0.323216380957473,2.81030705648347,0.00494942551066339,0.0171917913319901,"CD99P1","Astrocytes"
"HERPUD2",14.5339356487514,-0.573139369464199,0.203950983179919,-2.81018193944471,0.00495135011651048,0.0171936535313374,"HERPUD2","Astrocytes"
"ZNF780B",15.3731210503489,-0.499186723475302,0.177670940018757,-2.80961379178047,0.00496009813389171,0.017219202464811,"ZNF780B","Astrocytes"
"EYS",1.42220358006436,-1.45132470080338,0.516760525029992,-2.80850535307267,0.0049772054958375,0.0172737487822185,"EYS","Astrocytes"
"ENSG00000197585",2.3153122537275,-1.36390238789241,0.485872369043141,-2.80712070657245,0.00499865072799438,0.0173384571329844,"ENSG00000197585","Astrocytes"
"LYN",11.192225400165,0.840294988308698,0.29934317562143,2.80712926414395,0.00499851793320082,0.0173384571329844,"LYN","Astrocytes"
"MED24",9.98294395267844,0.762267469478674,0.27156053469855,2.80698913163078,0.00500069288495069,0.0173406832804101,"MED24","Astrocytes"
"CROCC",9.40217139993206,0.527084789136884,0.187892449249314,2.80524731697705,0.00502779854394808,0.0174297954562455,"CROCC","Astrocytes"
"ST3GAL2",5.73374812093042,-0.883930789234404,0.315183153109805,-2.80449884618819,0.00503948679884468,0.0174654254212409,"ST3GAL2","Astrocytes"
"PCGF6",4.99530455702959,0.802671056440319,0.286305743930203,2.80354506836579,0.00505441676123956,0.0175122671389002,"PCGF6","Astrocytes"
"PJA2",27.5411572069644,0.369303580876195,0.131801081270657,2.80197686783632,0.00507905153245794,0.017584780237807,"PJA2","Astrocytes"
"SOX6",137.035400654076,-0.205448626088544,0.0733236629724414,-2.80194166194017,0.00507960582335749,0.017584780237807,"SOX6","Astrocytes"
"CYB5R3",17.6176198840994,0.422531962394625,0.150791477115188,2.80209445837483,0.0050772005523256,0.017584780237807,"CYB5R3","Astrocytes"
"UBASH3B",7.66256531549357,1.61169968248794,0.575296185412353,2.80151289606192,0.00508636081583971,0.0176032437066918,"UBASH3B","Astrocytes"
"CEP290",21.4008470803357,0.352200991862462,0.125744303418475,2.80093000070423,0.00509555706428967,0.0176252187505863,"CEP290","Astrocytes"
"ENSG00000260733",3.63516796509918,-1.37779895291364,0.491897083087782,-2.80099028899458,0.00509460520905779,0.0176252187505863,"ENSG00000260733","Astrocytes"
"AFG1L",17.241314145741,-0.601945386266735,0.215021804270303,-2.7994620745998,0.00511878292183189,0.0177006112597163,"AFG1L","Astrocytes"
"ANKRD40",6.70889860848337,0.793115890293097,0.28358690848629,2.7967295617648,0.00516227233727606,0.0178460129403935,"ANKRD40","Astrocytes"
"SESN2",3.98171230543497,1.26045357708964,0.450894747528169,2.79544967866563,0.00518275696124761,0.0179118279238429,"SESN2","Astrocytes"
"PTPRN2",7.96825382217616,-0.577253862896409,0.206554258942125,-2.79468390462069,0.00519504832368309,0.0179490871835356,"PTPRN2","Astrocytes"
"ASPH",136.311413378164,-0.486328244485872,0.174028117605263,-2.79453832620876,0.00519738796554032,0.0179490871835356,"ASPH","Astrocytes"
"MEG3",28.6546849823171,-1.03978977508115,0.372083396031273,-2.79450732328232,0.00519788634742458,0.0179490871835356,"MEG3","Astrocytes"
"WASHC5",8.04956259562564,-0.608596891289163,0.217862531953902,-2.79349039888115,0.00521425768637414,0.0180006002036161,"WASHC5","Astrocytes"
"AMER2",32.2707995069212,-0.763984002928906,0.273505038392673,-2.79330869887687,0.00521718775292341,0.0180056956366919,"AMER2","Astrocytes"
"DOCK3",86.9588325573795,0.256426265472108,0.0918245539801326,2.79256750354148,0.00522915557297717,0.0180409483896774,"DOCK3","Astrocytes"
"SIRT7",11.0976501396465,0.635562330050195,0.22759652882681,2.79249570863985,0.0052303161365535,0.0180409483896774,"SIRT7","Astrocytes"
"VWA1",10.7391277864275,0.68755444396675,0.246329730779075,2.79119553207077,0.0052513737777944,0.018103845122268,"VWA1","Astrocytes"
"HHIP",6.50210938365002,-0.673950061164316,0.24145623473264,-2.7911893097752,0.00525147473788149,0.018103845122268,"HHIP","Astrocytes"
"AKR1B1",4.41267417167804,-0.778006824491304,0.278760993439897,-2.79094580231881,0.00525542715443163,0.01811242818072,"AKR1B1","Astrocytes"
"MYOT",3.17392712778906,1.02171858706673,0.366117197855725,2.79068722543145,0.00525962710747699,0.0181218593410928,"MYOT","Astrocytes"
"PEA15",20.0125723968966,-0.540477612390118,0.193792134890611,-2.78895535515515,0.00528783537944936,0.0182139820594496,"PEA15","Astrocytes"
"ENSG00000291207",11.8865723692553,0.430677841575483,0.154451945659694,2.78842613303429,0.00529648243552795,0.0182386935481487,"SEPTIN7P2","Astrocytes"
"FNDC4",10.4414233645663,1.3084973751719,0.469363135234384,2.78781454474153,0.00530649119415884,0.0182630017946829,"FNDC4","Astrocytes"
"ARFGEF2",17.9485800605046,0.543332236397803,0.194895217620476,2.78781718213243,0.00530644799610634,0.0182630017946829,"ARFGEF2","Astrocytes"
"ANKRD17",76.9242037159758,0.209067823901369,0.0750138629458369,2.78705582796509,0.00531893147801241,0.0182956468033966,"ANKRD17","Astrocytes"
"ZNF200",1.74682300963003,-1.30454559057534,0.468059772368174,-2.78713460884477,0.00531763852456616,0.0182956468033966,"ZNF200","Astrocytes"
"GTF3C1",14.7425712840202,0.434454690347327,0.15590212309678,2.78671439309156,0.00532453839675183,0.0183047637331976,"GTF3C1","Astrocytes"
"ARSA",7.24970989364139,-0.619010439025344,0.222127001925646,-2.78674107001431,0.00532410012591114,0.0183047637331976,"ARSA","Astrocytes"
"ENSG00000223727",11.9444654639427,-0.497521790462053,0.178548969980986,-2.78647247595455,0.00532851430192076,0.0183133479324687,"ENSG00000223727","Astrocytes"
"ZFYVE26",9.88085942745941,1.17090926982431,0.420253842761257,2.78619527219766,0.00533307343850629,0.0183239312955115,"ZFYVE26","Astrocytes"
"ENSG00000290048",1.71401069511213,-1.53082343236323,0.54973221402109,-2.78467114227456,0.0053582036108478,0.0184051692962908,"ENSG00000290048","Astrocytes"
"GOLGA8A",13.929612826564,-0.494650718281351,0.177678415962393,-2.78396627751368,0.00536986168970568,0.018440099085864,"GOLGA8A","Astrocytes"
"NEURL4",4.51576842146694,0.802400323155028,0.288295934792431,2.78325229848539,0.00538169385915223,0.0184756071688057,"NEURL4","Astrocytes"
"ENSG00000230303",4.58673882619767,-0.749508591542862,0.269385478413655,-2.78229025542332,0.00539767421375063,0.018525332535719,"ENSG00000230303","Astrocytes"
"TRMT1",9.88831793926807,-0.689891738739622,0.247979392721579,-2.78205269868616,0.00540162682362183,0.0185337614178191,"TRMT1","Astrocytes"
"CD63-AS1",2.25488696159902,-1.29199704094472,0.464472744323216,-2.78164231752131,0.00540846114592053,0.0185520704625856,"CD63-AS1","Astrocytes"
"TPRG1",5.34286265595913,-0.831300030620041,0.298895606300407,-2.78123871042968,0.00541519026934324,0.0185700086140342,"TPRG1","Astrocytes"
"MAST1",4.25364223942262,-1.11197302523005,0.399893701993178,-2.78067151267367,0.00542465962713934,0.0185973311635843,"MAST1","Astrocytes"
"GAP43",3.36367204237906,1.23520948298487,0.444244288640279,2.78047352452304,0.00542796855449902,0.0186035246638144,"GAP43","Astrocytes"
"TMEM150C",12.4367354493962,-0.660790153297298,0.237684008714796,-2.78012036598642,0.00543387533068978,0.0186186159988742,"TMEM150C","Astrocytes"
"MITF",10.8277643107774,-0.720039164173422,0.259043738202684,-2.77960459175446,0.00544251237262847,0.0186378956610228,"MITF","Astrocytes"
"FAR1",31.8406989837513,0.424332360867716,0.152655946863887,2.77966479252895,0.00544150362523666,0.0186378956610228,"FAR1","Astrocytes"
"YPEL5",5.86556084202267,-0.670852069385453,0.241390660963947,-2.77911360243406,0.00545074588414527,0.0186576547181706,"YPEL5","Astrocytes"
"GRIN2C",44.5731367809526,-0.545470260844969,0.196277219893056,-2.77908083853121,0.00545129570946793,0.0186576547181706,"GRIN2C","Astrocytes"
"ATL3",8.3645644990819,0.583122771498865,0.209858472756437,2.77864774216498,0.0054585683947333,0.0186773839270468,"ATL3","Astrocytes"
"KHNYN",6.94751400962751,0.775675309888808,0.279168237099324,2.77852279309567,0.00546066820463114,0.0186794072867258,"KHNYN","Astrocytes"
"KPNB1",26.3514122776228,0.327059066673003,0.11773509435378,2.77792334110872,0.00547075233487787,0.018708734096325,"KPNB1","Astrocytes"
"INPP5K",6.60139716631709,0.681585474925268,0.245377317274084,2.7777036708081,0.00547445188976876,0.0187162169384336,"INPP5K","Astrocytes"
"CIBAR1",10.6145685952837,-0.573236507493779,0.206385628588919,-2.77750205483327,0.00547784937187484,0.018722663199538,"CIBAR1","Astrocytes"
"SHQ1",5.59480254850737,0.633230092556058,0.228039285239271,2.77684650647645,0.00548890934256882,0.0187535913065012,"SHQ1","Astrocytes"
"SYBU",18.0311077870876,0.870455023422263,0.313475705171131,2.77678623594472,0.00548992719745352,0.0187535913065012,"SYBU","Astrocytes"
"SEMA4B",34.5512855904157,-0.452917660177071,0.163121797198946,-2.77656124414008,0.00549372838720383,0.0187614006118988,"SEMA4B","Astrocytes"
"RFX2",40.2428961260919,0.389668989562031,0.140360428022036,2.77620263099265,0.0054997919926143,0.0187769297613849,"RFX2","Astrocytes"
"RRAS2",7.30137342255663,0.631651756482671,0.22771978521674,2.77381148889402,0.00554037723646622,0.0189102787539033,"RRAS2","Astrocytes"
"EMP3",9.883385589575,0.872376849807517,0.314694679522523,2.77213727010304,0.00556895468562816,0.0190025808410398,"EMP3","Astrocytes"
"NPNT",11.2026790073342,0.829427597588275,0.299321414299649,2.77102658868884,0.00558798636236739,0.0190521398019807,"NPNT","Astrocytes"
"HNRNPA2B1",82.1986030530004,0.246128739474644,0.088822423842017,2.77102029902289,0.00558809430354469,0.0190521398019807,"HNRNPA2B1","Astrocytes"
"SSRP1",5.79490743745192,0.69266007418719,0.249953646971562,2.77115410228839,0.00558579842157839,0.0190521398019807,"SSRP1","Astrocytes"
"CCDC59",11.289463491712,0.455579454921005,0.164463675459487,2.7700916548787,0.00560405204851461,0.0190960309622335,"CCDC59","Astrocytes"
"ENSG00000262049",1.99746496431282,-1.10548335361504,0.399070326370828,-2.77014671491208,0.00560310475604461,0.0190960309622335,"ENSG00000262049","Astrocytes"
"RELL1",13.9575251028302,1.00785116190152,0.363880339910087,2.76973238551595,0.00561023672565855,0.0191118463201733,"RELL1","Astrocytes"
"TEX2",21.2375158378567,0.751583010719658,0.271364998143272,2.7696387369857,0.00561184985878689,0.0191120838287563,"TEX2","Astrocytes"
"ENSG00000290876",2.69161277924654,1.02918628187571,0.371667004607923,2.76910855447449,0.00562099035650283,0.0191379498445352,"WHAMMP4","Astrocytes"
"RPA3",1.62710559632514,-1.59686493693023,0.576726368540077,-2.76884329213615,0.00562556859413348,0.0191463780102023,"RPA3","Astrocytes"
"C16orf86",2.81509641244653,-0.913540037815149,0.329942452550089,-2.76878598299339,0.0056265581506199,0.0191463780102023,"C16orf86","Astrocytes"
"EVI2A",2.64491245265469,-1.3224623358872,0.477702396929229,-2.76838120216325,0.0056335519705977,0.0191649104538218,"EVI2A","Astrocytes"
"PSMD8",7.75382086497835,0.540129284279089,0.195151210916997,2.76774754171943,0.00564451613100386,0.0191969358006649,"PSMD8","Astrocytes"
"LRRFIP2",44.5909053542111,0.610879135559762,0.220786556089777,2.76683121644129,0.00566040525794754,0.0192351257709013,"LRRFIP2","Astrocytes"
"TMEM106B",15.1573682411507,-0.516176985117933,0.186555669345512,-2.76687911404044,0.00565957371283192,0.0192351257709013,"TMEM106B","Astrocytes"
"ENSG00000257004",4.08565043811269,-1.34251359614278,0.485193472557128,-2.76696549330578,0.00565807437015805,0.0192351257709013,"ENSG00000257004","Astrocytes"
"ZNF652",14.8461176711361,0.460530522179518,0.166550773561489,2.76510587331193,0.00569043233977062,0.0193318583438627,"ZNF652","Astrocytes"
"C8orf34",5.30427056690317,1.19946367179531,0.433860302594456,2.76463106816318,0.00569872080143117,0.0193547064410648,"C8orf34","Astrocytes"
"HEATR6",4.7808425968886,-0.743573943344049,0.268975432460481,-2.76446787924878,0.0057015720308382,0.0193590804655524,"HEATR6","Astrocytes"
"GABPB2",9.53600668588452,-0.601043168002958,0.217439084758109,-2.76419103157829,0.00570641204394348,0.0193702029441207,"GABPB2","Astrocytes"
"PHF8",9.43953494712467,0.505255959505154,0.182870516849324,2.76291645154292,0.00572874283463697,0.0194406748482624,"PHF8","Astrocytes"
"DTWD1",11.1174911437244,-0.620119344156725,0.224474014109917,-2.76254401479662,0.005735282831788,0.0194575362482276,"DTWD1","Astrocytes"
"UBA5",8.6570382971769,-0.642972801496613,0.232815685894519,-2.76172457635832,0.00574969589803958,0.0195010912915432,"UBA5","Astrocytes"
"ASB8",4.67818470500947,0.754183821450427,0.27310985462023,2.76146689213815,0.0057542350402258,0.0195111425254973,"ASB8","Astrocytes"
"RANBP1",10.9503368929335,-0.598071921127735,0.216595036209835,-2.76124481702494,0.00575814951536184,0.0195190707497196,"RANBP1","Astrocytes"
"ENSG00000254787",32.05283427456,-0.591430708514115,0.214238376245649,-2.76061982394774,0.00576917903949286,0.019551106744948,"LOC124902727","Astrocytes"
"NT5E",7.12486324513445,-1.35956943414083,0.492659716623898,-2.75965212552326,0.00578629401943199,0.0196037425014026,"NT5E","Astrocytes"
"RNF11",9.31111162439178,0.593417232528328,0.215057434782863,2.75934302446918,0.00579177050458515,0.0196169294743649,"RNF11","Astrocytes"
"SEC22C",9.4522786853621,-0.560577285698949,0.203178487911213,-2.75903857471327,0.00579716914856371,0.0196298456567308,"SEC22C","Astrocytes"
"ENSG00000272009",2.38139234918112,-1.31328927803094,0.47601508889973,-2.75892363216154,0.00579920854263484,0.019631383100997,"ENSG00000272009","Astrocytes"
"MRPS28",21.875814949677,-0.346165722033332,0.125480611615954,-2.7587187978714,0.00580284446462844,0.0196383227672845,"MRPS28","Astrocytes"
"HAP1",21.5162078837642,0.995145701261003,0.360739669021525,2.75862564258666,0.00580449870228042,0.0196385539427154,"HAP1","Astrocytes"
"LRRTM3",3.02017993181092,-1.20252265819796,0.435949922184419,-2.75839631344001,0.00580857290691991,0.0196428858988624,"LRRTM3","Astrocytes"
"RIC8A",4.93166995398826,0.705450626275534,0.255748629392905,2.75837500263493,0.00580895164028378,0.0196428858988624,"RIC8A","Astrocytes"
"KPNA1",17.0188712653969,0.682762843639976,0.247540270039348,2.75818897479366,0.00581225865286702,0.0196487029479804,"KPNA1","Astrocytes"
"VEZT",30.6191874469081,-0.330574855181637,0.119901199596809,-2.75706044888007,0.00583235683823959,0.0197112649366596,"VEZT","Astrocytes"
"LRIG1",189.981510404512,0.74750480507764,0.271154298430442,2.75675071132754,0.00583788397446109,0.019719180920827,"LRIG1","Astrocytes"
"TRAF4",13.7560754089732,0.825817030877635,0.299553338881646,2.75682799584457,0.0058365044228631,0.019719180920827,"TRAF4","Astrocytes"
"ENTPD6",9.93846410190758,0.551531148539289,0.200093984839485,2.75636046221843,0.00584485452782772,0.0197373421374668,"ENTPD6","Astrocytes"
"ANKRD37",5.00835669400267,-0.840125918089404,0.304815483646882,-2.75617861677479,0.0058481051775301,0.0197429352271961,"ANKRD37","Astrocytes"
"RBM33-DT",1.49971343549926,-1.45070744140255,0.526482856761636,-2.75546947592133,0.00586079727902034,0.0197803904895363,"RBM33-DT","Astrocytes"
"TOM1",5.66351373060697,-0.877800785129216,0.318591903262535,-2.75525139258127,0.00586470549259259,0.0197881874972136,"TOM1","Astrocytes"
"AGBL4",76.5939190850651,-0.552877252639118,0.200771644960533,-2.75376163176727,0.00589146599613973,0.0198662632385431,"AGBL4","Astrocytes"
"SNCA",3.82134175654563,0.958391408327876,0.348038277777613,2.75369541088311,0.00589265806954443,0.0198662632385431,"SNCA","Astrocytes"
"RABGEF1",46.0568763556933,0.645533200961641,0.234417798452629,2.75377213344186,0.00589127697050612,0.0198662632385431,"RABGEF1","Astrocytes"
"ADGRF3",3.38682191315901,-0.991570927304963,0.360183688072094,-2.75295900436916,0.00590592912968169,0.0199055853056201,"ADGRF3","Astrocytes"
"STYXL1",7.06588651890178,-0.683599414191511,0.248443955981226,-2.75152362427834,0.00593187410730657,0.0199875910396673,"STYXL1","Astrocytes"
"VPS8",36.1870585248673,0.317112672343347,0.115274692134167,2.75093055095096,0.00594262406206583,0.0200183660937326,"VPS8","Astrocytes"
"NOL12",3.69537880376563,-1.04441166736747,0.379672970854647,-2.7508191194556,0.00594464581006229,0.0200197305047597,"NOL12","Astrocytes"
"ENSG00000290817",5.60579432049874,-1.493873439012,0.543300904560571,-2.74962442814312,0.00596636057085652,0.0200837450145833,"ENSG00000290817","Astrocytes"
"GAPDH",129.352362632835,-0.348236142166204,0.12665160176269,-2.74955971594187,0.00596753882067509,0.0200837450145833,"GAPDH","Astrocytes"
"ENSG00000285534",5.8692724999364,1.32333868286408,0.481300553095011,2.7495058427719,0.00596851987835472,0.0200837450145833,"ENSG00000285534","Astrocytes"
"GTF2IRD2B",15.7805206192709,0.722392598519469,0.262764575555984,2.74920086541711,0.00597407641088014,0.0200860679326443,"GTF2IRD2B","Astrocytes"
"CERS5",16.0895863019762,0.65108314227778,0.236819641275451,2.74927847526163,0.00597266195694066,0.0200860679326443,"CERS5","Astrocytes"
"ZNF433-AS1",8.60560722671504,0.763856802159574,0.277829850497674,2.74936908611974,0.00597101093892539,0.0200860679326443,"ZNF433-AS1","Astrocytes"
"MIR3659HG",1.92102388370844,-1.18349380492253,0.430640959346804,-2.74821467683346,0.00599207618673119,0.0201411181922617,"MIR3659HG","Astrocytes"
"MTRR",5.64395836673921,0.670650895460372,0.24406020188817,2.74789125909052,0.00599798979350176,0.0201555244539843,"MTRR","Astrocytes"
"SLC45A1",1.75668674858068,-1.21644723555701,0.443085350469281,-2.74540161228225,0.00604368864432337,0.0203035801634987,"SLC45A1","Astrocytes"
"VEGFD",1.78934982345682,-1.26952642570186,0.462462020519526,-2.74514742697288,0.00604837195906044,0.0203138025411026,"VEGFD","Astrocytes"
"ENSG00000270792",2.93256140278582,1.5808666966187,0.576304271317199,2.74311119194983,0.00608600734588395,0.0204346607820176,"ENSG00000270792","Astrocytes"
"GABRB3",7.18064846278828,-0.736834308589266,0.268701131421014,-2.74220768886439,0.00610277409978361,0.020485403002879,"GABRB3","Astrocytes"
"DBP",4.66928267125037,-0.767793464471786,0.280052382210544,-2.7416066180596,0.00611395150182966,0.0205173608257877,"DBP","Astrocytes"
"DHX32",15.4869029496258,0.40403074308841,0.147392710906031,2.74118537209073,0.00612179589951852,0.0205381193778753,"DHX32","Astrocytes"
"L3MBTL4",25.6066765461942,0.905092113054803,0.330200010050757,2.74104205180271,0.00612446686060211,0.0205415149335959,"L3MBTL4","Astrocytes"
"ENSG00000286833",5.80800000502836,-0.675679920660858,0.246518498560173,-2.74088932314315,0.0061273143140955,0.0205455004471824,"ENSG00000286833","Astrocytes"
"RNF212",0.883285686565498,-1.70733687076742,0.622981365885392,-2.7405905926912,0.00613288725319872,0.0205586201560259,"RNF212","Astrocytes"
"MRPS18B",6.31948625817538,0.657241617871411,0.239847017262378,2.74025345561178,0.00613918216624616,0.0205630221164799,"MRPS18B","Astrocytes"
"IFT88",33.8682582347703,-0.41002435241588,0.14962431263349,-2.74035913815857,0.00613720827053377,0.0205630221164799,"IFT88","Astrocytes"
"TMTC4",6.83531829486056,-0.654527966062308,0.23885397707849,-2.74028498109213,0.00613859328629152,0.0205630221164799,"TMTC4","Astrocytes"
"WWC2",7.28475312200892,0.717224801896368,0.261788595584165,2.73970988039385,0.00614934387944037,0.0205914887125771,"WWC2","Astrocytes"
"EPB41L5",21.6278567496737,-0.35551946815486,0.129803256444782,-2.7389102391749,0.00616432007787133,0.0206307434784853,"EPB41L5","Astrocytes"
"PSMD12",7.61791372762687,0.53249937734327,0.194420462006835,2.73890603821603,0.00616439884280025,0.0206307434784853,"PSMD12","Astrocytes"
"YIPF5",2.83028870517888,-0.949106641102343,0.346542779100413,-2.73878637311711,0.00616664285714661,0.0206326772494046,"YIPF5","Astrocytes"
"MAPRE2",83.1048990757451,1.05758238400717,0.386217856939893,2.73830524664674,0.00617567258565392,0.0206573078412081,"MAPRE2","Astrocytes"
"RAB1B",2.94433467405501,-1.10070708322909,0.402007459498131,-2.73802651473984,0.00618090924039343,0.0206692409191984,"RAB1B","Astrocytes"
"CORO7",4.17497314386488,0.77826681873842,0.284307188082142,2.7374152021565,0.00619240823286645,0.0206965158293078,"CORO7","Astrocytes"
"UBE2M",5.2474834014457,0.8422265133526,0.307667157266799,2.73745992531223,0.00619156632287322,0.0206965158293078,"UBE2M","Astrocytes"
"KPNA6",14.9700094209988,0.394103673102631,0.144016466809255,2.73651813458671,0.00620931724565668,0.0207418331408057,"KPNA6","Astrocytes"
"SYNDIG1",3.30750936466957,-1.1403864427856,0.416722803218328,-2.73655877235048,0.00620855035797691,0.0207418331408057,"SYNDIG1","Astrocytes"
"SCN1A",5.90126233186846,0.82583953011258,0.30187494887947,2.73570077006394,0.00622476010206486,0.0207878113117231,"SCN1A","Astrocytes"
"KBTBD12",14.0498496263823,-0.605642030117809,0.221419744552498,-2.7352665921544,0.0062329772862463,0.0208091524733179,"KBTBD12","Astrocytes"
"TIMP2",12.7021877769133,0.480143336328453,0.175543238758735,2.73518558574824,0.00623451148154805,0.0208091524733179,"TIMP2","Astrocytes"
"MAN2C1",20.697345140858,0.412526854578502,0.150937626820278,2.73309487679768,0.00627422560674534,0.0209360645886089,"MAN2C1","Astrocytes"
"CHP1",6.22896032088924,0.608123413256261,0.222525843612815,2.73282151584321,0.00627943504232312,0.0209478028364998,"CHP1","Astrocytes"
"EIF3H",13.9318965283038,-0.520543241279215,0.190488623915961,-2.73267363991703,0.00628225473409029,0.0209515648726744,"EIF3H","Astrocytes"
"ANKRD13A",5.89351994544578,0.660721978827713,0.241816211902005,2.73233119330919,0.00628878886734213,0.0209620652878325,"ANKRD13A","Astrocytes"
"ENSG00000285667",12.9489570878717,0.483436549360434,0.176928499131736,2.73238371281543,0.00628778635953246,0.0209620652878325,"ENSG00000285667","Astrocytes"
"ENSG00000262020",1.74124490062132,-1.23565682697742,0.452370841218017,-2.73151298534272,0.00630442565339416,0.0210085314494025,"ENSG00000262020","Astrocytes"
"MED25",8.88718377393447,0.551777033264782,0.202028880475574,2.73117898770663,0.00631081873971257,0.0210241776846545,"MED25","Astrocytes"
"COPS9",53.0633693858584,0.898383657002722,0.329005216579771,2.73060611725863,0.00632179770577338,0.0210550890238278,"COPS9","Astrocytes"
"PTPN14",12.3459195810026,-0.439365057063226,0.160910423625067,-2.73049468869076,0.00632393521157886,0.0210565446961498,"PTPN14","Astrocytes"
"LDB1",2.7813284908099,1.13246581444545,0.414855769028436,2.72978200857036,0.0063376217638313,0.0210964436294417,"LDB1","Astrocytes"
"RCCD1",2.58899479672974,-1.05536956566073,0.386638234248116,-2.72960476273919,0.00634102979008212,0.021102115530929,"RCCD1","Astrocytes"
"MOB1B",12.9602725828358,0.554907239835252,0.20334181582918,2.7289381555509,0.00635386187113067,0.0211279394835483,"MOB1B","Astrocytes"
"KHDRBS3",2.70677598328046,-1.09987225710615,0.403016978422125,-2.72909657903825,0.00635081012934248,0.0211279394835483,"KHDRBS3","Astrocytes"
"RHBDD3",14.4397580993391,0.507489119442376,0.185965946738999,2.72893574518044,0.006353908312746,0.0211279394835483,"RHBDD3","Astrocytes"
"SND1",32.9849792503248,0.310424539494974,0.113770080017642,2.72852528052048,0.00636182136374581,0.0211485728717488,"SND1","Astrocytes"
"SNHG14",202.926820011621,-0.229151067176977,0.0839944816508114,-2.72816812096802,0.0063687139986027,0.0211658039304072,"SNHG14","Astrocytes"
"DDX10",10.3705320315838,0.6016121828422,0.220548076809977,2.72780516404388,0.00637572539781064,0.0211834203383657,"DDX10","Astrocytes"
"TAF1A-AS1",0.595738097492747,-2.1299754192683,0.780927642934074,-2.72749394715448,0.00638174284242746,0.0211920411954356,"TAF1A-AS1","Astrocytes"
"JOSD1",7.86847693113559,-0.658243743573532,0.241330610516187,-2.72756009760055,0.00638046338199289,0.0211920411954356,"JOSD1","Astrocytes"
"PHLDB1",36.1238373149443,0.362891299054248,0.133072759912479,2.7270141484472,0.00639102986538304,0.0212171911053722,"PHLDB1","Astrocytes"
"NTM-AS1",12.2636980580753,-1.12631904946065,0.41306985057784,-2.72670360203015,0.00639704730822507,0.0212314759629459,"NTM-AS1","Astrocytes"
"IQCK",51.500817783105,-0.314032318571483,0.11519125121076,-2.72618202572443,0.00640716533937999,0.0212593591633286,"IQCK","Astrocytes"
"SUGT1-DT",3.15124605671175,-0.937879853869646,0.344085897389343,-2.72571430850712,0.00641625080432587,0.0212838022260828,"SUGT1-DT","Astrocytes"
"CNTN2",11.6095258272011,0.83628645585841,0.306854200312461,2.72535443545124,0.00642324927200656,0.0213012516184329,"CNTN2","Astrocytes"
"ATRAID",6.14232276387533,-0.862202334197407,0.316373532640237,-2.72526695581029,0.00642495152990769,0.0213012516184329,"ATRAID","Astrocytes"
"ASXL3",1.86126031349365,-1.43553211844569,0.527046900416167,-2.72372746583305,0.00645497481386924,0.0213950623983252,"ASXL3","Astrocytes"
"PLEKHM3",7.43861098980592,-0.584675656035748,0.214716192660858,-2.72301613022376,0.00646888993569947,0.0214354466346713,"PLEKHM3","Astrocytes"
"HECW2",3.19187575641525,-0.93969256141407,0.345261365753906,-2.72168465580322,0.00649500873889311,0.0215162368147976,"HECW2","Astrocytes"
"DERL2",8.41658709147013,0.54952548268294,0.201961463020066,2.72094227515247,0.00650961276751693,0.0215588485959246,"DERL2","Astrocytes"
"HAPLN2",4.64048301338124,0.806504429720979,0.296452894767621,2.72051460436292,0.00651803926152616,0.0215809840041386,"HAPLN2","Astrocytes"
"MAGED1",23.4008968729187,-0.626611185367743,0.230375467276839,-2.71995622092327,0.00652905598324315,0.0216116814329056,"MAGED1","Astrocytes"
"ISOC1",2.90888760428185,-1.50213631466622,0.552326723958976,-2.71965170162179,0.00653507110355267,0.0216200335226537,"ISOC1","Astrocytes"
"ZNF626",8.29810180456035,0.500351273875843,0.183970303964611,2.71973934430251,0.00653333940130537,0.0216200335226537,"ZNF626","Astrocytes"
"LAPTM4B",8.19946452658242,0.794662797074869,0.292345221330064,2.7182342624225,0.0065631351944335,0.0217070788228285,"LAPTM4B","Astrocytes"
"LINC01515",13.1402640652121,-0.886958287616997,0.326393143602688,-2.7174537976713,0.00657863395877345,0.0217525298562061,"LINC01515","Astrocytes"
"LINGO2",4.18477449249105,-1.11382554181151,0.409914234534674,-2.7172160612473,0.0065833615541715,0.0217623508076096,"LINGO2","Astrocytes"
"PGBD5",4.50267516561207,0.735421811252239,0.270667004936128,2.71707226163671,0.00658622261705429,0.0217659980429633,"PGBD5","Astrocytes"
"PROCR",3.05380497431144,-1.1600131615508,0.42697033464968,-2.71684720790396,0.00659070257091109,0.0217749919785464,"PROCR","Astrocytes"
"GNAO1",58.107878006927,-0.413628878977411,0.152259312202773,-2.7166080878295,0.00659546553382532,0.0217849158990021,"GNAO1","Astrocytes"
"MRPL48",5.33742767863969,-0.72891923327325,0.268355009511315,-2.71624977152705,0.00660260852584681,0.0218026937001496,"MRPL48","Astrocytes"
"POLN",9.6949870313383,-0.511899788012688,0.188501392724725,-2.7156286784588,0.00661500642148969,0.0218378097886715,"POLN","Astrocytes"
"SLC12A8",2.03347587192005,-1.37648693567348,0.507055503931494,-2.71466718140476,0.00663424055049079,0.0218842309020528,"SLC12A8","Astrocytes"
"SCOC",5.98497220486594,-0.681707851042491,0.251127351337582,-2.71459021652363,0.00663578235484773,0.0218842309020528,"SCOC","Astrocytes"
"TUBGCP2",13.0359201700867,0.404946996755929,0.14917964500116,2.7144922938567,0.00663774446321163,0.0218842309020528,"TUBGCP2","Astrocytes"
"CRK",5.93103294517639,0.708917970262421,0.261161196618829,2.7144843086973,0.00663790448745136,0.0218842309020528,"CRK","Astrocytes"
"ZNF324",4.59785870948098,0.720734388700871,0.265502287810456,2.71460707417862,0.006635444625145,0.0218842309020528,"ZNF324","Astrocytes"
"ENSG00000249988",2.04258614867164,-1.15630700776322,0.426085448748407,-2.71379135607607,0.00665180461918542,0.0219242205481429,"ENSG00000249988","Astrocytes"
"MEAF6",11.8090279676399,-0.502154325548738,0.185086057106384,-2.71308564999096,0.0066659874674418,0.0219651204921053,"MEAF6","Astrocytes"
"PTPDC1",4.84178005206517,-0.7276156382048,0.268238623607533,-2.71256849002251,0.00667639828698158,0.0219935727554384,"PTPDC1","Astrocytes"
"NDRG4",23.1706446236968,-0.714866589692866,0.263553862032322,-2.7124117407363,0.00667955665349132,0.021998125010687,"NDRG4","Astrocytes"
"PIK3C2B",5.20996389535222,-0.755119892270919,0.278434670165128,-2.71201819738573,0.00668749214185503,0.0220184034013802,"PIK3C2B","Astrocytes"
"ZNHIT1",6.6761662175006,-0.917557023790414,0.338467337262126,-2.71091748826508,0.00670973208566604,0.022085755560022,"ZNHIT1","Astrocytes"
"REC8",4.30381996678627,0.68523211628105,0.252813100262626,2.71042962397605,0.00671961068187259,0.0221123941200182,"REC8","Astrocytes"
"GABRA4",6.32198427970481,-1.61282910430318,0.595251246204874,-2.70949303270854,0.0067386120437009,0.0221631428783926,"GABRA4","Astrocytes"
"PI4K2A",3.56152628410538,0.824740259855626,0.304384241500429,2.70953665600479,0.0067377259524776,0.0221631428783926,"PI4K2A","Astrocytes"
"ZSCAN30",6.85024197741906,-0.591096112785025,0.218224403182371,-2.70866183692134,0.00675551559823645,0.0222128384633462,"ZSCAN30","Astrocytes"
"C1QL2",2.28913363093039,-1.49596211888244,0.552392721122886,-2.70814958575395,0.00676595192871648,0.0222381897352352,"C1QL2","Astrocytes"
"CRTC1",20.5701349888715,0.540396934408415,0.199553970150499,2.70802396966024,0.00676851337495061,0.0222381897352352,"CRTC1","Astrocytes"
"LHFPL1",0.841846439914482,-2.62091176422721,0.967833568040992,-2.70801907556507,0.00676861318841165,0.0222381897352352,"LHFPL1","Astrocytes"
"TRIQK",7.64493460000591,-0.887069876741122,0.327583051719705,-2.70792360008948,0.0067705606439745,0.0222386876536701,"TRIQK","Astrocytes"
"PALS2",36.9212773713884,0.378437153255,0.139783518466938,2.70730882585781,0.006783112531643,0.0222740075521971,"PALS2","Astrocytes"
"KIAA1328",37.2673360152704,0.534624558488704,0.197549511524858,2.70628134872118,0.00680413729179503,0.0223359718176901,"KIAA1328","Astrocytes"
"LIPE",4.25523157974683,-0.820724078871824,0.303274298760797,-2.70621045774524,0.00680559005637928,0.0223359718176901,"LIPE","Astrocytes"
"ENPP2",6.40670394978526,-0.801664472246651,0.296251856759828,-2.70602345252662,0.00680942368084973,0.0223367134940297,"ENPP2","Astrocytes"
"ATP9A",30.7441876913346,0.738044112895123,0.272732762677501,2.70610727383655,0.00680770509625065,0.0223367134940297,"ATP9A","Astrocytes"
"PRKCA",346.803583415242,0.467875414362469,0.172926750427191,2.70562774820349,0.00681754205472465,0.0223574214151629,"PRKCA","Astrocytes"
"ANO10",21.1617464302015,-0.420072641503985,0.155279671915522,-2.70526487029494,0.0068249945972559,0.0223759354243632,"ANO10","Astrocytes"
"GALNTL6",1.70448629555117,-1.6438642491298,0.60815672174898,-2.70302734532352,0.00687110933033271,0.0225211611533907,"GALNTL6","Astrocytes"
"SUGCT",19.8172717011867,-0.45575552627933,0.168630800359252,-2.70268257820271,0.00687823971642512,0.0225358385627915,"SUGCT","Astrocytes"
"PAMR1",134.952713368079,-0.620117921031843,0.229456856016643,-2.70254692667306,0.00688104704885041,0.0225358385627915,"PAMR1","Astrocytes"
"PLD2",12.5395775185728,0.722950401372188,0.267500607499708,2.70261218518159,0.00687969638399458,0.0225358385627915,"PLD2","Astrocytes"
"CNTNAP2",17.4676745984007,-0.763156736447169,0.282436546227394,-2.70204669558853,0.00689140831915984,0.0225638046578943,"CNTNAP2","Astrocytes"
"HSPH1",29.0852560480703,1.18731806465543,0.439429111812814,2.70195586213504,0.00689329125248892,0.02256400358963,"HSPH1","Astrocytes"
"SLC35G2",13.2657162695721,-0.593583333018847,0.21971351859035,-2.7016240822467,0.00690017281621204,0.0225745944473326,"SLC35G2","Astrocytes"
"ENSG00000289956",23.1890297731398,-0.609625668300924,0.225651085487566,-2.70162967301355,0.00690005680504049,0.0225745944473326,"ENSG00000289956","Astrocytes"
"WWP2",10.1189641098205,0.475745642100256,0.176162038810578,2.70061385138607,0.00692116439269175,0.0226372896657956,"WWP2","Astrocytes"
"ADI1",14.3703698413478,-0.415385121163168,0.153830111408066,-2.70028486205327,0.00692801283097722,0.0226537055415873,"ADI1","Astrocytes"
"CAMSAP1-DT",2.7266939342851,0.866894078795488,0.321105719000083,2.6997154753113,0.00693987991082522,0.0226865187264384,"CAMSAP1-DT","Astrocytes"
"TRIM2",57.0037523447139,-0.409736779731939,0.15177589554709,-2.69961694678201,0.00694193528100553,0.0226872485048011,"TRIM2","Astrocytes"
"RNF139-DT",2.71707354809017,-1.24389405991071,0.460815346318975,-2.69933297544672,0.00694786216989792,0.0227006272427034,"RNF139-DT","Astrocytes"
"C1orf87",3.32773495634571,1.05974597395928,0.392650598789489,2.69895417764902,0.00695577529834527,0.0227204868159877,"C1orf87","Astrocytes"
"ASTN1",51.6561985809688,-0.308866910782465,0.11445075583822,-2.69868825697454,0.00696133524621576,0.0227205038181214,"ASTN1","Astrocytes"
"DDX56",7.31456585780096,0.579453597982548,0.21471133437397,2.69875644745095,0.00695990911919296,0.0227205038181214,"DDX56","Astrocytes"
"CNDP2",9.03416616706354,0.509777837062602,0.188904350478606,2.69860294784655,0.00696311976013652,0.0227205038181214,"CNDP2","Astrocytes"
"KDELR1",10.5429112426719,0.664524751415607,0.246239134532665,2.698696747277,0.00696115766679657,0.0227205038181214,"KDELR1","Astrocytes"
"RNF8",6.24083397898096,-0.646524863621332,0.239607712455226,-2.6982639957474,0.00697021409013695,0.0227324344040585,"RNF8","Astrocytes"
"NOTCH1",22.3127583078658,-0.337677853306339,0.125150919299939,-2.69816518484417,0.00697228344234952,0.0227324344040585,"NOTCH1","Astrocytes"
"DLG2",301.079746456843,-0.335368856919402,0.124291908042733,-2.69823564703905,0.00697080772792298,0.0227324344040585,"DLG2","Astrocytes"
"WASHC1",15.5114380850313,1.04932496889181,0.388962415476748,2.69775414574609,0.00698089757213119,0.022754528727481,"WASHC1","Astrocytes"
"INAFM1",3.98311105250271,1.22441883970517,0.454002952495621,2.69694025771116,0.00699798239750602,0.0228042147442939,"INAFM1","Astrocytes"
"ICA1L",28.3492742390997,0.298360855285073,0.110652756039271,2.69637075446349,0.00700995951265862,0.0228372345817552,"ICA1L","Astrocytes"
"ENSG00000291188",6.67970635120374,0.594474411154713,0.220486772333396,2.6961908184488,0.00701374753824486,0.0228375587078848,"ENSG00000291188","Astrocytes"
"SMC1A",6.23360990734705,0.883155719332824,0.327546689582548,2.69627429438652,0.00701198996842748,0.0228375587078848,"SMC1A","Astrocytes"
"ENSG00000287422",4.20914951916214,1.23554260534548,0.458345212207809,2.69565945588038,0.00702494455229172,0.0228680043088928,"ENSG00000287422","Astrocytes"
"HCG17",23.37592451655,-0.54372047215681,0.201717420652224,-2.69545620005832,0.00702923185608514,0.0228759469313804,"HCG17","Astrocytes"
"SANBR",10.6062950810247,0.603158280246866,0.223823920857926,2.69478918041886,0.00704331790819469,0.0229157660686219,"SANBR","Astrocytes"
"OTUB1",12.6472494532755,0.465081649718982,0.172612677277265,2.69436554171469,0.00705227742319378,0.0229388892386153,"OTUB1","Astrocytes"
"DAZAP1",18.1774316296407,0.436498457447402,0.162064544216485,2.6933618303602,0.00707354572729175,0.0230020264551087,"DAZAP1","Astrocytes"
"SLC36A1",1.61506549485273,-1.34160841760095,0.498164252230067,-2.69310455656974,0.00707900653656741,0.0230137405991899,"SLC36A1","Astrocytes"
"TAX1BP3",7.10860846466086,-0.885860080760094,0.328954471245634,-2.69295649761396,0.00708215090321972,0.0230179198515931,"TAX1BP3","Astrocytes"
"SERPINA3",67.3301358992273,1.82338634033211,0.677167584985475,2.69266630707261,0.00708831739320127,0.0230319166308085,"SERPINA3","Astrocytes"
"NBPF15",3.3031645497237,0.964339754663749,0.358171077907102,2.69239984506473,0.00709398390177846,0.0230442819138832,"NBPF15","Astrocytes"
"ACTL6A",2.70691579113174,-1.0614060529288,0.394334325889755,-2.69164002026427,0.00711016446983685,0.0230907858982402,"ACTL6A","Astrocytes"
"ERCC3",11.5326762814168,0.498228636592992,0.185163466485318,2.69075021142196,0.00712915518023647,0.02314032204374,"ERCC3","Astrocytes"
"POFUT1",1.79542196878604,-1.15921099950434,0.430811871435,-2.69075918368521,0.00712896346301865,0.02314032204374,"POFUT1","Astrocytes"
"ARAP2",122.259521118636,-0.169831611143799,0.0631224192987244,-2.69051175526206,0.00713425215201951,0.023150797798338,"ARAP2","Astrocytes"
"RPS27L",24.4814408746194,0.768486216584958,0.285640605743092,2.69039555698234,0.00713673706155063,0.0231527940878128,"RPS27L","Astrocytes"
"ZFAND5",54.1978795082549,-0.63491404035895,0.236044698166257,-2.68980428406722,0.00714939352011245,0.0231817072426165,"ZFAND5","Astrocytes"
"DNAJC24",9.93382101415804,0.522877570997805,0.194387003971393,2.68987926309494,0.00714778744608383,0.0231817072426165,"DNAJC24","Astrocytes"
"CABCOCO1",4.19927478073817,1.21831916443075,0.452971926641437,2.68961296004365,0.00715349320810005,0.0231880405686624,"CABCOCO1","Astrocytes"
"RAD51-AS1",5.50867062111882,-0.677881938291259,0.252043972893815,-2.68953837899091,0.00715509190122417,0.0231880405686624,"RAD51-AS1","Astrocytes"
"SORT1",28.7038862678726,0.517693876650253,0.192572174710468,2.68831090176245,0.00718144978661443,0.0232673711950933,"SORT1","Astrocytes"
"GAREM1",112.812251123096,0.607824174463294,0.226288449723735,2.68605920985078,0.00723002752523292,0.0234186321854458,"GAREM1","Astrocytes"
"C21orf62",2.85285731474694,1.68143189218834,0.626009871141221,2.68595108432248,0.00723236761590297,0.0234200858231502,"C21orf62","Astrocytes"
"RARRES1",2.69286223391652,-1.03883756192699,0.386792722998036,-2.68577328413768,0.0072362171078649,0.0234264252148212,"RARRES1","Astrocytes"
"TRIM27",6.41878950408334,0.589469097114451,0.219539162310584,2.68502936291851,0.0072523434452426,0.0234724957873599,"TRIM27","Astrocytes"
"ENSG00000289405",14.861780789441,-0.664481312178353,0.247493791399866,-2.68484032839748,0.00725644637274218,0.0234796382110443,"ENSG00000289405","Astrocytes"
"NACC2",28.8157948273811,-0.444013481740934,0.165384830245735,-2.68472919240054,0.00725885951247845,0.0234813106956689,"NACC2","Astrocytes"
"RNF20",4.01340256560939,0.716959802542566,0.267060438214186,2.68463501122377,0.00726090506921531,0.0234817935419413,"RNF20","Astrocytes"
"ENSG00000273007",2.13110908991246,-1.72488896703815,0.642784978796834,-2.68346184795233,0.00728642883595899,0.023558184928376,"ENSG00000273007","Astrocytes"
"JADE2",4.21038393770704,0.748808476974464,0.279074955642659,2.68318049267479,0.00729256206038966,0.0235693721763057,"JADE2","Astrocytes"
"TRIM29",0.822827597590439,-2.59109615180269,0.965699608487159,-2.68312851018117,0.00729369572636706,0.0235693721763057,"TRIM29","Astrocytes"
"NEK7",24.4141660780434,-0.304288466601033,0.113413910376433,-2.6829906983285,0.00729670197680556,0.0235729351888294,"NEK7","Astrocytes"
"PDHB",3.09276384183623,-0.999371093791562,0.372569786545166,-2.6823728865905,0.00731019269254839,0.0236103589232725,"PDHB","Astrocytes"
"HSD17B14",11.8179949211361,-0.502841293519158,0.187505478655033,-2.68174187296293,0.00732399478648223,0.0236487685634966,"HSD17B14","Astrocytes"
"PRR16",4.3555522651314,1.04551445854136,0.389885767832158,2.68159175020579,0.00732728184648588,0.0236532145737838,"PRR16","Astrocytes"
"TTC23",7.8829852003777,-0.587242168939634,0.2189982867162,-2.68149206893405,0.00732946518024653,0.0236540962541029,"TTC23","Astrocytes"
"GCKR",2.381398600411,1.99090745102561,0.742755477354699,2.68043455985833,0.00735266392756282,0.0237227820257974,"GCKR","Astrocytes"
"CHST3",9.9583381434154,1.10420388974211,0.411980787431019,2.68023151425962,0.00735712570243918,0.0237309944186779,"CHST3","Astrocytes"
"ZNF451",32.7792721620433,0.291549463372719,0.108813230982927,2.679356735749,0.00737637609189177,0.023786891965077,"ZNF451","Astrocytes"
"MYOM1",19.9999657966107,-0.499373956370352,0.186387897229455,-2.6792187893809,0.00737941586284312,0.0237904989923422,"MYOM1","Astrocytes"
"SPHK1",5.7910970212212,0.864902588363712,0.322866737238329,2.67882221551138,0.00738816098073335,0.0238124928225979,"SPHK1","Astrocytes"
"ZNF365",2.52362339919503,-1.05077826049332,0.392300803847962,-2.6785014208142,0.00739524184131683,0.0238291125997987,"ZNF365","Astrocytes"
"DNAJC8",9.7211580682537,0.585514480520737,0.21862121758365,2.67821434256125,0.00740158364381854,0.0238415952196445,"DNAJC8","Astrocytes"
"SOCS7",9.51194643125312,0.468723916215413,0.175017682172657,2.67815177527612,0.00740296645558696,0.0238415952196445,"SOCS7","Astrocytes"
"IGSF8",8.29662409147795,-0.746298642384962,0.278766810058549,-2.67714310117556,0.00742529136307454,0.0239024565738299,"IGSF8","Astrocytes"
"NUP153",14.1555133378886,0.442854084980328,0.165421609321577,2.67712354387405,0.00742572481947215,0.0239024565738299,"NUP153","Astrocytes"
"CLK3",10.2842067118137,0.578144198922242,0.216031917694287,2.67619805949411,0.00744626267097029,0.0239623364487071,"CLK3","Astrocytes"
"PRKAR2A",21.8851590186902,0.485249750558024,0.181342272737228,2.67587773790158,0.00745338293440401,0.0239727898381103,"PRKAR2A","Astrocytes"
"ZNF148",36.2095883232596,-0.30084570557688,0.112425601939981,-2.67595370080817,0.00745169384202602,0.0239727898381103,"ZNF148","Astrocytes"
"ACY1",7.67431034079273,-0.655727921846911,0.245068964837975,-2.67568732042607,0.00745761851954435,0.0239801844008096,"ACY1","Astrocytes"
"ENSG00000249806",2.33939922958784,-1.12253395790122,0.419577903740562,-2.67538864152227,0.00746426658579113,0.0239953305119033,"ENSG00000249806","Astrocytes"
"ENSG00000264112",8.24692811557564,0.526812669886892,0.196984994008315,2.67437970358622,0.00748676308594138,0.0240614033981864,"ENSG00000264112","Astrocytes"
"PITPNA",16.1312442314888,0.542609896342548,0.202935105651483,2.67380990884059,0.00749949476644124,0.0240960673826782,"PITPNA","Astrocytes"
"RGS5",4.96022260147198,-0.778902355332851,0.291335954190943,-2.67355382721611,0.00750522305919591,0.0241082171574638,"RGS5","Astrocytes"
"DGUOK",8.92464632346126,0.526239018877584,0.196848855161499,2.67331510993979,0.00751056646179268,0.0241191246100567,"DGUOK","Astrocytes"
"TMEM165",31.709527591827,0.473073716848721,0.176969974101206,2.67318633712507,0.00751345030445263,0.0241221299248216,"TMEM165","Astrocytes"
"MAP3K6",8.69804501726865,1.07685733045746,0.402857951209867,2.6730447474685,0.00751662232389468,0.0241260586409507,"MAP3K6","Astrocytes"
"ABI1",83.4483106346882,-0.368942229449357,0.138030675412463,-2.67290026906617,0.00751986029738852,0.024130196958425,"ABI1","Astrocytes"
"BBS10",1.4035855338017,-1.3273737797915,0.496633368351673,-2.67274384763364,0.00752336734178764,0.0241351963195224,"BBS10","Astrocytes"
"LNX2",3.65857805349038,0.735286683939678,0.275139050718314,2.67241848083739,0.00753066692158507,0.0241461026644194,"LNX2","Astrocytes"
"CC2D1A",19.4422729947845,0.421498438584718,0.157717981900037,2.67248181537009,0.00752924551849981,0.0241461026644194,"CC2D1A","Astrocytes"
"ENSG00000290101",0.617130958926766,-2.16488047522311,0.810133246361414,-2.67225235471613,0.0075343963971642,0.0241518070375574,"ENSG00000290101","Astrocytes"
"HKDC1",4.28923635803384,-0.803614293177875,0.300796302320958,-2.67162291217396,0.00754854220004904,0.0241908897679108,"HKDC1","Astrocytes"
"SF3A1",5.34570106678227,0.743650440841365,0.27843594656164,2.67081334154078,0.00756677112651977,0.0242430341163504,"SF3A1","Astrocytes"
"SVIP",6.65163061304417,-0.776160779696078,0.290680257793902,-2.67015305953936,0.0075816677640027,0.024284477993183,"SVIP","Astrocytes"
"ENDOD1",13.8371308335913,0.4397336604284,0.164738184048135,2.66928801582464,0.00760122381997074,0.0243408209368238,"ENDOD1","Astrocytes"
"MOGAT1",2.58826451740072,-1.43287812993882,0.537240547272063,-2.66710719660778,0.0076507264846395,0.0244930057030225,"MOGAT1","Astrocytes"
"CEP104",6.43635712418855,0.555043182392941,0.208128695150309,2.66682680152342,0.00765711212518319,0.0245071128059301,"CEP104","Astrocytes"
"DDI2",8.06310835286235,0.52132177269124,0.195499209729338,2.66661831223252,0.00766186329914823,0.0245159827476363,"DDI2","Astrocytes"
"SLC12A6",9.2043262892675,-0.565337357556706,0.212023923111438,-2.66638476102327,0.00766718873630548,0.0245266851257222,"SLC12A6","Astrocytes"
"CSAD",16.3364026910889,-0.47799420378764,0.179384588594418,-2.66463360945888,0.00770722432221667,0.0246483881151883,"CSAD","Astrocytes"
"ENSG00000290285",3.98245162290375,-0.968645404183341,0.363543450595843,-2.66445565886483,0.00771130317411734,0.0246550651187955,"ENSG00000290285","Astrocytes"
"DHODH",2.00413746008017,-1.18031785276712,0.443054433954217,-2.66404703871914,0.00772067658498814,0.0246786624036934,"DHODH","Astrocytes"
"AGO2",31.3806290782854,0.476594519266387,0.178921636258614,2.66370534739307,0.00772852254118735,0.0246973663554898,"AGO2","Astrocytes"
"CEP68",7.52492760844823,0.621219975679092,0.233229448763372,2.66355719216814,0.00773192671892416,0.024701870113632,"CEP68","Astrocytes"
"MPP1",2.21152755690146,-1.20955632774876,0.454205613456319,-2.66301492521092,0.00774439790448219,0.0247353312486982,"MPP1","Astrocytes"
"MAST2",14.098810572202,0.554397550030199,0.208205093774047,2.66274729393439,0.00775055959369631,0.0247486280166945,"MAST2","Astrocytes"
"CFL1P1",1.79645767248073,-1.40067326003174,0.526241303727901,-2.66165587936438,0.00777573280058005,0.0248226087315243,"CFL1P1","Astrocytes"
"TNRC18",24.2205256420458,0.441319846247911,0.165813566885985,2.66154244514483,0.00777835333089047,0.0248245745609321,"TNRC18","Astrocytes"
"NINL",12.7478454195407,-0.431010657003329,0.161948002974398,-2.66141384325354,0.00778132521821562,0.024827660442454,"NINL","Astrocytes"
"NUCB1",9.96831944559865,0.630045823461313,0.236763512447972,2.66107651870456,0.00778912535476454,0.0248461461277819,"NUCB1","Astrocytes"
"ZNRF1",6.47991239686241,0.65871205550271,0.247568068657611,2.66073108327114,0.00779712030327143,0.0248652435527711,"ZNRF1","Astrocytes"
"UBE3D",10.2046250849326,-0.504459790115715,0.1896160137655,-2.6604281995907,0.00780413645931039,0.024881210549856,"UBE3D","Astrocytes"
"CYB561A3",2.87778335068576,-0.912378640681802,0.343009649639142,-2.65992120525372,0.00781589340069849,0.0249122800465507,"CYB561A3","Astrocytes"
"ARID1B",94.0697355287929,-0.320549407450083,0.12052407154776,-2.65962975971201,0.00782265905535248,0.0249261648121447,"ARID1B","Astrocytes"
"ENSG00000285909",2.52135643339644,2.1058783470598,0.791839079879466,2.65947766480578,0.0078261918893751,0.0249261648121447,"ENSG00000285909","Astrocytes"
"DTNA",1088.9095095028,0.462835560654664,0.174032776979213,2.65947351233696,0.00782628836224005,0.0249261648121447,"DTNA","Astrocytes"
"NAT8L",68.9362059861662,-0.561155884147025,0.211045329800258,-2.65893533241473,0.00783880072996095,0.024959596153023,"NAT8L","Astrocytes"
"TF",15.5085729026891,-0.567355660976869,0.213391086874887,-2.65875988208221,0.00784288371910331,0.0249661771448988,"TF","Astrocytes"
"RPLP2",65.6720790782113,-0.554593655996067,0.208605957335218,-2.65857055608851,0.00784729175249238,0.0249737891984356,"RPLP2","Astrocytes"
"SULT1C4",3.67704633620999,-0.844418179346367,0.317636068165065,-2.65844551037432,0.0078502043798734,0.024976639474813,"SULT1C4","Astrocytes"
"COG3",9.24399844139819,0.483373064336491,0.181849189174924,2.65809854049735,0.00785829124829374,0.0249959467062988,"COG3","Astrocytes"
"NSF",5.56133751573438,-0.693413281804235,0.260888169218489,-2.65789469825868,0.00786304570293779,0.0250046468771132,"NSF","Astrocytes"
"CNN3-DT",9.14322254399758,0.995381756334023,0.374526705462085,2.6577056904552,0.0078674564585802,0.0250058299092912,"CNN3-DT","Astrocytes"
"CACTIN",3.95174624178838,0.70373088064131,0.264783691406904,2.65775764701406,0.00786624376037424,0.0250058299092912,"CACTIN","Astrocytes"
"TTPAL",2.27084123378117,-1.10048260283371,0.414215768626147,-2.65678587390275,0.00788895328978011,0.0250677209615979,"TTPAL","Astrocytes"
"TPM3",6.84155248162351,0.664887609471369,0.250269149270786,2.65669025290838,0.00789119104333008,0.0250683988428826,"TPM3","Astrocytes"
"NDST2",5.93495492356594,0.592965854258716,0.223210134089049,2.65653643674689,0.00789479189198144,0.025073405488178,"NDST2","Astrocytes"
"AGA",2.22475065190107,-1.10950488063249,0.417808298270536,-2.65553576897622,0.0079182535575523,0.0251414702059411,"AGA","Astrocytes"
"ELMOD2",4.73189435063628,-0.824283037252058,0.310466473668021,-2.65498244468566,0.00793125359856807,0.0251762915434679,"ELMOD2","Astrocytes"
"PDCD10",8.850564233681,-0.513757499029008,0.193590746559929,-2.6538329344681,0.00795832181250016,0.0252557403906175,"PDCD10","Astrocytes"
"VARS2",11.4647374102063,0.664511135310715,0.250440599410116,2.65336825129749,0.00796928744943615,0.0252840600784955,"VARS2","Astrocytes"
"ENSG00000291178",7.04327189344635,-0.767506847083722,0.289358160562725,-2.65244583249743,0.00799109487045037,0.0253467540422098,"PMS2P1","Astrocytes"
"ERICH1",10.8341225240669,-0.465451052967122,0.17550520140917,-2.65206415097623,0.00800013403687174,0.0253689269599444,"ERICH1","Astrocytes"
"ENSG00000257322",7.4046829965223,0.756642465496941,0.285315884773033,2.65194651219242,0.00800292186065869,0.0253712701998302,"ENSG00000257322","Astrocytes"
"TMBIM1",35.4744077202209,0.846616404301827,0.319388965194281,2.65073780425332,0.00803161645181527,0.0254557221711872,"TMBIM1","Astrocytes"
"ZNF528",6.91075991857219,-0.619309068699227,0.233787123846982,-2.64902984607731,0.00807232023832644,0.0255781836006132,"ZNF528","Astrocytes"
"NAP1L4",23.8494895386279,-0.305721585697675,0.115417240142159,-2.64883812263332,0.00807690087027017,0.0255861507998351,"NAP1L4","Astrocytes"
"NUP188",12.4856327565524,0.536925783954567,0.202713414740655,2.64869389448889,0.00808034828415266,0.0255905250134686,"NUP188","Astrocytes"
"ANK3",14.8257435400569,-0.620600058021304,0.234331686605396,-2.64838301218036,0.00808778363013846,0.0256009776820052,"ANK3","Astrocytes"
"LCMT1",8.44453543954939,0.543345064814095,0.205161004769622,2.64838371904166,0.00808776671725137,0.0256009776820052,"LCMT1","Astrocytes"
"RBKS",7.79858290317183,-0.612109845749308,0.23117244160655,-2.64784955116365,0.00810055664581354,0.0256348563621541,"RBKS","Astrocytes"
"GAPVD1",17.1800624190212,0.468999217455995,0.177179783508754,2.64702444132303,0.00812034837259152,0.0256909233259583,"GAPVD1","Astrocytes"
"FAM171A1",63.4129248025236,-0.367176197999124,0.138734547286591,-2.64660969585773,0.00813031311783853,0.0257158792690152,"FAM171A1","Astrocytes"
"DRAIC",9.05900005652027,-0.74103561502282,0.280015614107514,-2.64640819185995,0.00813515843683641,0.0257241999906854,"DRAIC","Astrocytes"
"NAA20",9.86263619956424,0.577555943860934,0.218248095001117,2.64632753774083,0.00813709855152344,0.0257241999906854,"NAA20","Astrocytes"
"POLR2F",15.847943506653,-0.456546672520912,0.172538787517408,-2.64605239836202,0.00814372007710713,0.0257385619486518,"POLR2F","Astrocytes"
"ENSG00000287578",6.48832802575395,-0.90425472551734,0.341769639336471,-2.64580179583215,0.00814975529343306,0.0257510639955554,"LOC107986626","Astrocytes"
"FAHD2B",6.49240342255796,0.713744038512097,0.269785724414154,2.64559601907035,0.00815471397158741,0.0257601589566752,"FAHD2B","Astrocytes"
"SLC22A3",1.03492284091973,-1.55778898709628,0.588973302417457,-2.64492292044867,0.00817095274476619,0.0258048732054169,"SLC22A3","Astrocytes"
"ENSG00000239300",2.20206113852838,1.00078291293607,0.378460619460728,2.64435151631389,0.0081847608043081,0.0258418901172226,"ENSG00000239300","Astrocytes"
"CAMK1",8.47919562128711,-0.560620155236317,0.212115104035055,-2.64299969484336,0.00821751093488225,0.0259335209032901,"CAMK1","Astrocytes"
"STRN3",32.1851366476088,0.29451750738889,0.111433845673736,2.64298073541497,0.00821797109137611,0.0259335209032901,"STRN3","Astrocytes"
"SLC25A33",24.9937973834071,-0.408070038289732,0.15441611560769,-2.64266483251318,0.00822564163455943,0.0259511134677069,"SLC25A33","Astrocytes"
"LEPR",10.7433520326158,-0.683190706444452,0.258544585069653,-2.64244832766618,0.00823090236011072,0.0259610962621628,"LEPR","Astrocytes"
"STARD9",5.35617494539505,0.699248306572909,0.264635451133341,2.64230776178428,0.0082343195005617,0.0259652605998104,"STARD9","Astrocytes"
"ZNF425",4.67850884093066,0.85275568781387,0.322768748791645,2.64200202468903,0.00824175631802872,0.0259820948284495,"ZNF425","Astrocytes"
"DDX19B",4.22072458419598,0.705961463009277,0.26733330557596,2.64075387647008,0.00827217894389455,0.0260713646887875,"DDX19B","Astrocytes"
"ENSG00000265334",3.03797868701985,1.01211332104605,0.383301222961733,2.6405168061441,0.00827796868739202,0.0260829736020294,"ENSG00000265334","Astrocytes"
"XNDC1N",7.23868998728822,-0.69059698838888,0.261565070103877,-2.64024928142973,0.00828450654355853,0.0260897868818138,"XNDC1N","Astrocytes"
"POLR2I",11.5122780092011,-0.554385805828058,0.209969914175917,-2.64031067500262,0.00828300577909562,0.0260897868818138,"POLR2I","Astrocytes"
"ZDHHC15",5.9967536016148,-0.897948836329165,0.340110269741512,-2.64016972204814,0.00828645173271207,0.0260897868818138,"ZDHHC15","Astrocytes"
"NRGN",2.22755374904051,-1.59652509201798,0.604735376161807,-2.64003918896057,0.00828964409005501,0.0260932035503689,"NRGN","Astrocytes"
"TFIP11-DT",2.89086925118449,-1.36260536657679,0.516149092067115,-2.63994529394543,0.00829194109581182,0.0260938009121824,"TFIP11-DT","Astrocytes"
"PSMD7",7.70276646490356,0.512844704241007,0.194303824181731,2.63939583485164,0.00830539423810643,0.0261294961510345,"PSMD7","Astrocytes"
"HRH1",12.3331903065076,0.590089302879472,0.223633862028174,2.63864021990163,0.00832392686205845,0.0261811496908483,"HRH1","Astrocytes"
"KMT2D",9.091544969598,0.510189186963162,0.193405164632268,2.63792948824926,0.00834139240950167,0.0262275519410173,"KMT2D","Astrocytes"
"RPL4",16.1586697480528,-0.678444729088511,0.257194386908066,-2.6378675570825,0.00834291586010395,0.0262275519410173,"RPL4","Astrocytes"
"HDAC3",8.57558892641346,-0.546024693748912,0.207008348523149,-2.63769407197533,0.00834718476188566,0.0262343119051853,"HDAC3","Astrocytes"
"ATP1B1",20.3459210754142,-0.503352544610576,0.190837091553158,-2.6376033113582,0.00834941886263656,0.0262346748987639,"ATP1B1","Astrocytes"
"FAM91A1",9.4407003970451,0.475938686256899,0.180483356140236,2.63702258443761,0.00836372630101889,0.0262729636695883,"FAM91A1","Astrocytes"
"ENSG00000287372",3.15715710311738,-1.29255026794823,0.490269013550548,-2.63641028134233,0.00837883543378961,0.026313750742231,"ENSG00000287372","Astrocytes"
"HNRNPD-DT",6.24800531642354,-0.637080214580166,0.241758271597803,-2.63519510778118,0.00840889326656825,0.0263900358011953,"HNRNPD-DT","Astrocytes"
"HSPA4L",11.5150252575854,0.852596649255746,0.323530162030877,2.63529262280769,0.00840647763681852,0.0263900358011953,"HSPA4L","Astrocytes"
"NEMF",40.1407974507738,0.408867530017891,0.155157943042234,2.63516982760333,0.00840951960522626,0.0263900358011953,"NEMF","Astrocytes"
"POT1",13.4959062412661,0.549009681898737,0.208363252448499,2.63486807509129,0.00841699901153086,0.0264068149885449,"POT1","Astrocytes"
"ENSG00000254604",81.139540319871,1.14177042119293,0.433430741364796,2.63426266812017,0.00843202291204835,0.0264472491691729,"ENSG00000254604","Astrocytes"
"VAPA",25.602633671108,-0.353256670862571,0.134163019155451,-2.63304055831705,0.00846242412775031,0.0265358819888407,"VAPA","Astrocytes"
"TIMM23",6.44325070523874,0.662934097332606,0.251791860802973,2.63286547554987,0.00846678750640321,0.0265428429599471,"TIMM23","Astrocytes"
"ENSG00000286753",3.32672618897048,0.901080813085097,0.34234709770738,2.63206791913654,0.00848668952011368,0.0265985007156587,"LOC101929200","Astrocytes"
"SLC25A24",3.11009424337548,-1.0657598100521,0.40502244328704,-2.63135988564662,0.00850439264433754,0.0266347504344175,"SLC25A24","Astrocytes"
"CDK6",2.12319688198348,-1.31646847901151,0.500302066952253,-2.63134727192152,0.00850470832735901,0.0266347504344175,"CDK6","Astrocytes"
"ERCC6L2",41.1392737143945,-0.253853858900966,0.0964678546921805,-2.63148651652914,0.00850122404057501,0.0266347504344175,"ERCC6L2","Astrocytes"
"NHLRC2",17.8890851560549,-0.380769603371815,0.144744848093595,-2.63062629438528,0.00852276961836044,0.0266845654068666,"NHLRC2","Astrocytes"
"ARID5A",10.9603899974663,2.067618572715,0.786138641006715,2.63009406339224,0.00853612459335814,0.0267109567123085,"ARID5A","Astrocytes"
"ENSG00000286271",1.03376608192502,-1.44668412051912,0.550087682340767,-2.62991549704058,0.00854060944911326,0.0267109567123085,"ENSG00000286271","Astrocytes"
"BPHL",3.20263846092985,-0.971344838885476,0.369351280186485,-2.62986725914432,0.00854182134897171,0.0267109567123085,"BPHL","Astrocytes"
"MINDY4",3.37964474536797,-0.888676908847457,0.337905310869488,-2.62995839444115,0.00853953184979873,0.0267109567123085,"MINDY4","Astrocytes"
"ZCCHC8",8.13056460732846,0.504645067905511,0.191890411507845,2.62986078324648,0.00854198405723506,0.0267109567123085,"ZCCHC8","Astrocytes"
"FAM167A",6.90908146365731,-0.568771938789383,0.21628989367651,-2.62967413373486,0.00854667485563201,0.0267188777423103,"FAM167A","Astrocytes"
"HACE1",14.4823143060513,-0.48881389511972,0.185946637733287,-2.62878587684307,0.00856902973525994,0.0267820028298142,"HACE1","Astrocytes"
"PTAR1",45.8549639450987,0.498719484003114,0.189725242694814,2.62864064327665,0.00857268981597356,0.0267866812998235,"PTAR1","Astrocytes"
"NOCT",3.71020003196174,0.979714982323207,0.372837764949891,2.62772464172153,0.00859580650707522,0.0268521372293422,"NOCT","Astrocytes"
"VPS54",24.1238916666321,0.390405023873648,0.148590907123004,2.62738165768428,0.00860447655923147,0.0268724421772921,"VPS54","Astrocytes"
"PCYOX1",4.9698883138922,-0.786670660334454,0.299457352936887,-2.626987290909,0.00861445514059827,0.026896822492695,"PCYOX1","Astrocytes"
"LINC01229",0.560772088042278,-1.91967986135335,0.730834860300765,-2.62669443622782,0.0086218718740491,0.0269131937021301,"LINC01229","Astrocytes"
"FADS3",43.665721409378,0.336143240215632,0.127989758508,2.62632920113386,0.00863112968620595,0.0269353021432178,"FADS3","Astrocytes"
"TUBB2A",21.7379181379107,-0.711168263928653,0.27096057887028,-2.62461892757144,0.0086745992473357,0.0270641376870139,"TUBB2A","Astrocytes"
"NDUFAF2",13.9452822815515,0.671811921627477,0.256059619209322,2.62365430247042,0.00869920307231756,0.027134063386526,"NDUFAF2","Astrocytes"
"ENSG00000290596",3.19391652523486,-1.02310425876406,0.390011004885364,-2.62327023070741,0.00870901659175456,0.0271578323988156,"FAR2P2","Astrocytes"
"TOX",73.9186847126569,-0.494126930788815,0.188429873911798,-2.62233859488815,0.00873286218313657,0.0272227170305864,"TOX","Astrocytes"
"TCFL5",4.94014644280074,0.740263174627573,0.282296931431858,2.62228558728156,0.00873422068662843,0.0272227170305864,"TCFL5","Astrocytes"
"C15orf61",2.59011763637674,-1.10245687023143,0.420455004206141,-2.6220567223667,0.0087400883108264,0.0272341503656173,"C15orf61","Astrocytes"
"SH3BP2",25.3193500615437,0.589672442202108,0.224963410227045,2.62119267131922,0.00876227256252718,0.0272964078344086,"SH3BP2","Astrocytes"
"PLPPR1",3.10207224168616,-1.10548681190386,0.422017692949927,-2.61952716763234,0.00880517587955263,0.0274231622023391,"PLPPR1","Astrocytes"
"CHMP6",2.10626052803978,-1.06977612505426,0.408418095537256,-2.61931617806261,0.0088106243363265,0.0274332313695577,"CHMP6","Astrocytes"
"SMARCD1",6.36983049203083,0.582755070942726,0.222560707027553,2.61840950599866,0.00883407194182714,0.027499324498654,"SMARCD1","Astrocytes"
"RERG",19.9328999911239,-0.815410698604075,0.311444254627958,-2.61815938643062,0.00884055013096746,0.0275125740818723,"RERG","Astrocytes"
"ENSG00000256116",2.34260484697738,-1.09369757729514,0.417795350035414,-2.61778302990312,0.0088503059015452,0.0275360145675463,"ENSG00000256116","Astrocytes"
"GCSH",12.7020935716915,-0.595748248261481,0.227602438665584,-2.61749501347309,0.00885777824877679,0.0275523406316511,"GCSH","Astrocytes"
"SLC35B3",8.5270543573556,-0.575695693170611,0.219989679380378,-2.61692137009388,0.00887267774319409,0.0275799024465101,"SLC35B3","Astrocytes"
"BCL7B",3.60675639646446,0.697434171800615,0.266510671633946,2.61690898726391,0.0088729996146412,0.0275799024465101,"BCL7B","Astrocytes"
"FANCG",3.13522791356914,0.875346918969156,0.334509038748227,2.61681096045957,0.00887554802950359,0.0275799024465101,"FANCG","Astrocytes"
"NUP85",7.85091736120765,0.686976593178888,0.262523046522415,2.61682394090392,0.00887521053774683,0.0275799024465101,"NUP85","Astrocytes"
"MRPS30-DT",6.94661648237641,-0.63950303412664,0.244428854104576,-2.61631564108644,0.00888843490907622,0.027606092169323,"MRPS30-DT","Astrocytes"
"ENSG00000291101",2.4786536834286,-1.06139259024278,0.405681754146335,-2.61631828248288,0.00888836614273256,0.027606092169323,"LOC100289333","Astrocytes"
"RTN4R",2.11704624328573,-1.38400774743514,0.529008552012882,-2.61622943933322,0.00889067935382661,0.0276061390266888,"RTN4R","Astrocytes"
"FGL1",7.0612047644443,-1.10986525624129,0.424395950665897,-2.61516457567483,0.00891844711160548,0.0276854175439986,"FGL1","Astrocytes"
"UBE2V1",12.6894046530867,-0.404467195178904,0.154667976129102,-2.61506748391983,0.00892098275950027,0.0276863482483438,"UBE2V1","Astrocytes"
"ZDHHC17",30.6409763164771,-0.356766268727161,0.136454094327487,-2.61455158590499,0.00893446675360882,0.0277212482610719,"ZDHHC17","Astrocytes"
"PKD1L1",2.26445388469251,-0.991477263764214,0.379295553092157,-2.61399654090676,0.0089489942545725,0.0277593676989908,"PKD1L1","Astrocytes"
"BLTP2",5.36650534538559,0.682548922491505,0.261205433203228,2.61307322026666,0.00897320758030418,0.027827505501354,"BLTP2","Astrocytes"
"MRPL23",1.50769712353179,-1.27810338944596,0.48915079955911,-2.61290258668281,0.00897768870577256,0.0278344314580825,"MRPL23","Astrocytes"
"ENSG00000244055",16.8203792132906,0.416268765890961,0.159342986450418,2.61240720513601,0.00899070958510621,0.0278678239780651,"ENSG00000244055","Astrocytes"
"HOOK2",23.7015292716113,0.302261588665027,0.115744750727677,2.61144964903147,0.00901592632687523,0.0279389929193433,"HOOK2","Astrocytes"
"THAP5",3.44926079351538,-0.895332658884495,0.342868959462427,-2.61129692314013,0.0090199541182835,0.0279444813226681,"THAP5","Astrocytes"
"GFUS",3.96797956060214,-0.773524865330194,0.296362676835534,-2.61006167709661,0.00905258996470667,0.028038574670576,"GFUS","Astrocytes"
"NPM1",13.8710370873665,-0.547209764026876,0.209713992650088,-2.60931451026211,0.00907238163800807,0.0280928486680305,"NPM1","Astrocytes"
"CRYBB2P1",7.19427280115019,-0.607887820452934,0.232994052417793,-2.60902720110169,0.00908000243716362,0.0281094175448493,"CRYBB2P1","Astrocytes"
"RIMKLB",39.7251456220793,-0.366553041494531,0.140532849325152,-2.60830861435417,0.00909908778817964,0.0281614606550933,"RIMKLB","Astrocytes"
"ZBTB7C",28.0558122009516,0.449564783931234,0.172437445209045,2.60711809657252,0.00913078624883246,0.0282525052771845,"ZBTB7C","Astrocytes"
"ATP2A2",32.3534837801106,0.419067611666316,0.160745950409716,2.60701815876655,0.00913345165003375,0.0282536926760849,"ATP2A2","Astrocytes"
"CIAO2B",13.6277535142441,0.595811859280035,0.228568430523058,2.60671107517593,0.00914164610004475,0.0282649197645079,"CIAO2B","Astrocytes"
"TIMM13",9.46670401331856,-0.569188061461367,0.218348324946254,-2.60678922818149,0.00913955998399603,0.0282649197645079,"TIMM13","Astrocytes"
"ATOX1",6.94057386893159,-0.616920985288898,0.23668927474358,-2.60645940107445,0.00914836685412977,0.0282756365751569,"ATOX1","Astrocytes"
"MATCAP2",3.78867582985325,0.731602062919063,0.280693361287314,2.6064102818955,0.00914967905650115,0.0282756365751569,"MATCAP2","Astrocytes"
"NCAPH2",6.83450991925075,0.637336610679587,0.244600226975702,2.60562558980331,0.00917066463485043,0.0283334182069244,"NCAPH2","Astrocytes"
"PTPN11",12.505390064504,0.590291255140967,0.226560937917443,2.6054414347281,0.00917559584496113,0.0283415822769153,"PTPN11","Astrocytes"
"ADRM1",7.8668913429746,0.534634586232666,0.205225906681551,2.6051028102522,0.00918466953491075,0.0283625343767581,"ADRM1","Astrocytes"
"HMGN1",23.7340618684942,-0.667241705728315,0.256175944407659,-2.60462280043951,0.00919754547077453,0.0283881369802096,"HMGN1","Astrocytes"
"GRAMD4",6.72316419449647,-0.693375424981748,0.266207214453014,-2.60464550672097,0.00919693602742919,0.0283881369802096,"GRAMD4","Astrocytes"
"FLJ16779",8.29542839765863,-1.04339442992736,0.400647127132411,-2.60427283578781,0.00920694318613042,0.0284100616680421,"FLJ16779","Astrocytes"
"ENSG00000287759",3.29514516819874,-0.926221911969123,0.355773314398227,-2.60340468069052,0.0092302930480741,0.0284679249848821,"ENSG00000287759","Astrocytes"
"RNF215",2.42818885187569,0.827962617275439,0.31802848213971,2.60342284975506,0.00922980383276027,0.0284679249848821,"RNF215","Astrocytes"
"HIF1AN",6.57918048855591,0.554060088280735,0.212900052571212,2.60244223328883,0.00925624074942752,0.0285408439243429,"HIF1AN","Astrocytes"
"RASD1",20.8539154343068,0.649444089299472,0.249577619902611,2.60217278116882,0.009263516865374,0.0285561686193493,"RASD1","Astrocytes"
"SDK2",5.0745630355271,-0.755890539581091,0.290506566507108,-2.60197402306428,0.00926888727503244,0.0285656125253177,"SDK2","Astrocytes"
"TIGAR",5.68533491954437,0.740507288813648,0.284634375949949,2.60160877034705,0.0092787635847677,0.0285889349266431,"TIGAR","Astrocytes"
"BCL7C",7.25045327472559,0.564811689674924,0.217108964852964,2.60151251726266,0.00928136779843942,0.0285898451363372,"BCL7C","Astrocytes"
"CDK17",24.0140144146857,0.429464525771928,0.165114444241662,2.60101124250137,0.00929494078317024,0.0286245341253412,"CDK17","Astrocytes"
"NRBP2",47.7911527093819,-0.367085418546956,0.141137534469634,-2.60090570468294,0.00929780067990237,0.0286262222325289,"NRBP2","Astrocytes"
"RTCA-AS1",9.25143947735589,-0.643917247368693,0.247614581954938,-2.60048193561507,0.0093092920137522,0.0286544775059144,"RTCA-AS1","Astrocytes"
"FZD3",21.0690106754738,0.4173860234505,0.160524536784877,2.60013846985803,0.00931861506086559,0.0286689218133413,"FZD3","Astrocytes"
"ZNF836",3.61784485600375,0.745208802745469,0.28660046364369,2.60016607534849,0.00931786542866374,0.0286689218133413,"ZNF836","Astrocytes"
"ZNF354A",4.41764865227638,0.844453720978054,0.324833269276704,2.59965280914228,0.00933181207101601,0.0286980562911856,"ZNF354A","Astrocytes"
"MAP1LC3B2",6.57446686174969,1.34808648865834,0.518570710832223,2.5996194164049,0.00933272007466723,0.0286980562911856,"MAP1LC3B2","Astrocytes"
"ETV5",4.52923028241822,-0.900392386052298,0.346424808540589,-2.5990990363694,0.00934688025609036,0.0287300526633421,"ETV5","Astrocytes"
"FLCN",8.69621085933727,0.611225993698064,0.235171354267651,2.5990665215221,0.00934776566103572,0.0287300526633421,"FLCN","Astrocytes"
"FAM181A",11.4847665529556,0.713045940410215,0.274370840542142,2.59884009175784,0.00935393359740452,0.0287418758651762,"FAM181A","Astrocytes"
"OTUD7B",45.6295829876098,0.470390320993648,0.18103117612644,2.59839399521499,0.00936609587082626,0.0287652926902553,"OTUD7B","Astrocytes"
"ENSG00000287876",3.49206363800463,-1.36070098835376,0.523670774458159,-2.59839016176084,0.00936620044634655,0.0287652926902553,"ENSG00000287876","Astrocytes"
"SS18L1",7.02256539608987,0.555276419654012,0.213773016049901,2.59750472680983,0.00939038278037783,0.0288324101089558,"SS18L1","Astrocytes"
"CWC27",25.6631820060073,-0.320366586686846,0.123351889863592,-2.59717615223506,0.00939937072166567,0.0288457020189309,"CWC27","Astrocytes"
"INSR",21.8288429037196,-0.51620592642249,0.198754244456517,-2.59720705756009,0.00939852499999549,0.0288457020189309,"INSR","Astrocytes"
"CIB1",13.4573377409382,-0.420460378290407,0.161914816961561,-2.59679988638856,0.00940967265136487,0.028870162646643,"CIB1","Astrocytes"
"ZFYVE28",60.4062885027333,1.14400761656581,0.4405726337849,2.59663794080398,0.00941410972237658,0.0288766214248673,"ZFYVE28","Astrocytes"
"MAGI3",45.6259054569767,-0.268621899183485,0.103469886287566,-2.59613602393381,0.00942787336516786,0.0289115497690882,"MAGI3","Astrocytes"
"NPHP3",20.3753048567343,-0.34425497437913,0.132607094144133,-2.59605247065405,0.00943016631812542,0.0289115497690882,"NPHP3","Astrocytes"
"BHLHE40-AS1",2.22429571674234,-1.21595844098682,0.468533832517942,-2.59524148865015,0.0094524479587043,0.0289726888793652,"BHLHE40-AS1","Astrocytes"
"TBCE",5.50974202505602,0.630362194279816,0.242953810539311,2.59457628131263,0.00947075949885095,0.0290144519728529,"TBCE","Astrocytes"
"LMBR1",22.5150343224922,0.458089777666987,0.176551841135695,2.59464741188911,0.0094687999375451,0.0290144519728529,"LMBR1","Astrocytes"
"ACOT1",0.560973296264685,-2.13596836456614,0.823354918248856,-2.59422554869654,0.00948042704751693,0.0290297052743329,"ACOT1","Astrocytes"
"RRBP1",11.7358680686771,0.658221319372129,0.253721958101775,2.59426233463048,0.00947941267179045,0.0290297052743329,"RRBP1","Astrocytes"
"YKT6",5.51933763354091,0.638399752386054,0.246106888571932,2.59399383776071,0.00948681872492086,0.0290420954933733,"YKT6","Astrocytes"
"ENSG00000287117",11.4015056137581,-0.723791123645418,0.279099606278888,-2.59330757680172,0.00950577158269405,0.0290929237539546,"ENSG00000287117","Astrocytes"
"DPF1",2.50484347907823,-1.01570223980544,0.391703294515812,-2.59303981872544,0.0095131755621758,0.0291083896680067,"DPF1","Astrocytes"
"EHHADH",7.32592339169798,-0.595734128201274,0.229771993467542,-2.59271863037316,0.00952206376661416,0.0291283882465373,"EHHADH","Astrocytes"
"CNNM3",5.34606341779587,-0.746583970466493,0.288012800649655,-2.59219023870627,0.00953670199542538,0.0291556919454242,"CNNM3","Astrocytes"
"ENSG00000290833",14.4278452216608,0.545652120555819,0.210502442643583,2.59214151485977,0.00953805282006893,0.0291556919454242,"ENSG00000290833","Astrocytes"
"ARHGAP6",5.06790050219353,1.3034899061669,0.502843707740517,2.59223668527943,0.00953541446495545,0.0291556919454242,"ARHGAP6","Astrocytes"
"TMEM80",5.28343956047636,-0.904431166538478,0.348954740575978,-2.59182943050334,0.0095467091241389,0.0291749504156496,"TMEM80","Astrocytes"
"FOXJ2",3.79135722695183,0.702317371502862,0.271016979511536,2.59141465146824,0.00955822471932174,0.0292029352823491,"FOXJ2","Astrocytes"
"PARP4",7.47608759824838,0.759952310637502,0.293289198990128,2.59113637070243,0.00956595762610878,0.0292193520681068,"PARP4","Astrocytes"
"MNT",8.31471555122175,0.564347053326405,0.217822738816923,2.59085463892147,0.00957379211234091,0.0292360709561326,"MNT","Astrocytes"
"NOPCHAP1",3.14468695681035,-0.935139853403496,0.36097520502435,-2.59059303904382,0.00958107188628874,0.029236671554439,"NOPCHAP1","Astrocytes"
"FOXG1",27.180047688486,-0.365319849804663,0.141014988509222,-2.59064553113638,0.00957961074614966,0.029236671554439,"FOXG1","Astrocytes"
"FRMD5",86.7518127462207,0.444837724705927,0.171702582375717,2.59074568682106,0.00957682342045792,0.029236671554439,"FRMD5","Astrocytes"
"RAB11B-AS1",3.61874773568832,0.737597203666151,0.284761718453062,2.59022598849688,0.00959129445120485,0.0292606551340896,"RAB11B-AS1","Astrocytes"
"LRRC75B",5.51413459861932,0.587030973342997,0.226643678728288,2.5901052111264,0.00959466029494289,0.0292637138995758,"LRRC75B","Astrocytes"
"CCDC90B-AS1",7.09929865611183,-0.80892663218619,0.312468863602488,-2.58882316420262,0.00963045356495734,0.0293656504542888,"CCDC90B-AS1","Astrocytes"
"PML",9.15167217103393,0.985696876928738,0.380780323594839,2.58862345518028,0.00963603991365244,0.0293754510710877,"PML","Astrocytes"
"SENP5",17.381357890404,0.626609550329139,0.242094573196853,2.58828416537709,0.0096455373008561,0.0293971667232343,"SENP5","Astrocytes"
"CTDSPL2-DT",10.9798601599472,0.613551111892545,0.237079242408123,2.58795795726536,0.00965467637347073,0.0294177799046969,"CTDSPL2-DT","Astrocytes"
"TRPM4",2.95438322058711,0.862781604856621,0.333437292295979,2.58753782132673,0.00966645830866027,0.0294464337604281,"TRPM4","Astrocytes"
"PFN1",10.8443922063733,0.49036905457374,0.189519623699774,2.58743155458431,0.00966944039305079,0.0294482735826729,"PFN1","Astrocytes"
"SPCS1",16.2896527712117,-0.571504825457075,0.220906063399852,-2.58709433621393,0.00967890893191063,0.0294687063058978,"SPCS1","Astrocytes"
"DCAF15",5.87558215015494,0.715160257940424,0.276441384369056,2.58702313900175,0.0096809090892669,0.0294687063058978,"DCAF15","Astrocytes"
"BBIP1",15.4861575263561,-0.433561374487795,0.167605524468519,-2.58679644279404,0.00968728016516134,0.0294736094066813,"BBIP1","Astrocytes"
"ANO5",27.5318803961381,-0.518146358558122,0.200299726734457,-2.58685504471527,0.0096856328572024,0.0294736094066813,"ANO5","Astrocytes"
"AK3",46.3728869215304,0.518494536742398,0.200502342959186,2.58597744589918,0.00971032842763595,0.0295364767672356,"AK3","Astrocytes"
"CPEB1",10.6493702607587,0.668655545208796,0.258606215242064,2.58561281902259,0.00972060549578789,0.0295604758974316,"CPEB1","Astrocytes"
"CHCHD7",1.86089123180035,-1.06848249661013,0.413368243775363,-2.58481998242413,0.00974298518962143,0.0296212584343438,"CHCHD7","Astrocytes"
"PUS10",3.34951915969461,-0.896844293548462,0.347193110895893,-2.58312813648363,0.00979089516987554,0.0297478554512926,"PUS10","Astrocytes"
"USP37",11.4751715933188,0.535640697389732,0.207366571956966,2.58306192909864,0.00979277430322584,0.0297478554512926,"USP37","Astrocytes"
"GOT1",7.12807647508134,-0.676028766915509,0.261708995456047,-2.58313156465057,0.0097907978785616,0.0297478554512926,"GOT1","Astrocytes"
"ASCC2",7.57448773929475,0.555644655722053,0.215115137326299,2.58301048744524,0.00979423456956471,0.0297478554512926,"ASCC2","Astrocytes"
"PPFIBP2",5.16056640383144,0.675748626615524,0.261758428091419,2.58157352006835,0.00983510403926785,0.0298646624125193,"PPFIBP2","Astrocytes"
"MAP3K10",5.24222480575878,0.900540284627914,0.348866878260418,2.58132927126343,0.00984206592520353,0.0298784756930119,"MAP3K10","Astrocytes"
"KCNMA1",115.258394226899,-0.37255551878896,0.144350568792803,-2.58090786828638,0.00985408760560315,0.0299076389265156,"KCNMA1","Astrocytes"
"ENSG00000286540",5.89219890572164,-0.600043444730786,0.232527014775437,-2.58053218164899,0.00986481613124232,0.029932864041454,"ENSG00000286540","Astrocytes"
"METAP1",5.50452361661917,-0.834700917496759,0.323563425072859,-2.57971344353523,0.00988823298971763,0.0299959637646902,"METAP1","Astrocytes"
"ENSG00000234428",4.82189949900871,0.885461248032136,0.34325048841617,2.57963579926089,0.00989045627483084,0.0299959637646902,"ENSG00000234428","Astrocytes"
"PCGF3-AS1",11.2229955123343,1.01319788244777,0.392794442089993,2.57946084230906,0.00989546766742335,0.0299964690638197,"PCGF3-AS1","Astrocytes"
"NSUN5P1",6.78379754229767,0.707510367400417,0.27427787889534,2.5795385696066,0.00989324100053684,0.0299964690638197,"NSUN5P1","Astrocytes"
"ENSG00000205682",1.04489229481402,-1.39778776018025,0.542003861697287,-2.5789258323789,0.00991080630361841,0.0300356129362963,"ENSG00000205682","Astrocytes"
"FNIP1",55.7815889383162,0.202661286898618,0.0785973492563742,2.57847483173463,0.00992375285903792,0.0300674900057418,"FNIP1","Astrocytes"
"LINC02144",1.3707976780531,-1.38240164918556,0.536307147463027,-2.5776304785885,0.00994803161906978,0.0301336779694083,"LINC02144","Astrocytes"
"FAM193A",30.1097582307179,0.47531139949282,0.184416113062258,2.57738541172028,0.00995508823892376,0.0301476785675209,"FAM193A","Astrocytes"
"MAP1A",7.97186247907495,0.639784072249994,0.248336865016456,2.57627506172956,0.00998711630086562,0.030237276565677,"MAP1A","Astrocytes"
"MICOS13",11.1747035609884,-0.474199951548107,0.184158392023801,-2.57495705917556,0.0100252532140294,0.0303453215715782,"MICOS13","Astrocytes"
"ALKBH2",6.00929627091442,1.19378645069277,0.463715907611217,2.57439184444293,0.0100416476199227,0.0303875177119998,"ALKBH2","Astrocytes"
"TRPV1",15.0914241952096,0.418321368980837,0.162534114861113,2.57374502170388,0.0100604384103641,0.0304369432776787,"TRPV1","Astrocytes"
"KCTD8",18.421884669212,0.488459029877094,0.189815465820328,2.57333630727145,0.010072328076294,0.0304620177928361,"KCTD8","Astrocytes"
"ENSG00000259891",3.5235048139631,-1.24032974080967,0.482001348711266,-2.57329101697736,0.010073646358852,0.0304620177928361,"ENSG00000259891","Astrocytes"
"SIRT2",14.5230057291056,0.54767421061108,0.212887991707644,2.57259325064794,0.0100939759481263,0.0305160410560663,"SIRT2","Astrocytes"
"AK5",5.81837545128944,-0.780534296454209,0.303466280135096,-2.57206268883229,0.010109458436392,0.0305479316295368,"AK5","Astrocytes"
"MEA1",4.30405440939999,-0.752896418436282,0.292716851902109,-2.57209796273727,0.0101084284418518,0.0305479316295368,"MEA1","Astrocytes"
"SLC39A13-AS1",1.14304632013416,-1.33257368381216,0.51825333536114,-2.57127854832534,0.0101323794044715,0.0306097228996267,"SLC39A13-AS1","Astrocytes"
"GNPTG",11.2666604776103,0.45399884855043,0.176579629145712,2.57107148059414,0.0101384398548883,0.0306205611519712,"GNPTG","Astrocytes"
"ZNF254",22.3284477836553,-0.365145698280656,0.142052233672426,-2.57050303849981,0.0101550935914105,0.0306633806248321,"ZNF254","Astrocytes"
"PRPF3",13.6081155332843,0.446585864966261,0.173750832368797,2.57026604637125,0.010162043977707,0.0306768870248527,"PRPF3","Astrocytes"
"CUL9",9.1718124987633,0.494833206327291,0.192567120561297,2.56966612412827,0.0101796571305492,0.0307225674500586,"CUL9","Astrocytes"
"NSMCE1-DT",1.25521009818594,-1.3190454069525,0.513462018228539,-2.56892498398081,0.0102014538329819,0.0307808486388439,"NSMCE1-DT","Astrocytes"
"EVI5",36.0752799985781,0.403161651729689,0.156958127387803,2.56859366532567,0.01021121124356,0.030802784123996,"EVI5","Astrocytes"
"PAG1",17.2473961384177,0.510685012857717,0.198826412121058,2.56849684812891,0.010214064100458,0.0308038859610257,"PAG1","Astrocytes"
"ENSG00000290578",1.21163376338572,-1.3783661099565,0.536798358211978,-2.56775395988114,0.0102359779833351,0.0308624580880542,"ENSG00000290578","Astrocytes"
"NR2F1-AS1",79.2123945830639,-0.278269627670813,0.108435741755345,-2.56621685033199,0.010281452913024,0.0309920232283293,"NR2F1-AS1","Astrocytes"
"MRPS33",5.47488810485595,-0.738089492010342,0.287640205452195,-2.566016426146,0.0102873956357912,0.0309960836580065,"MRPS33","Astrocytes"
"ZFP37",3.86273963700799,0.791993561640855,0.308648777876892,2.56600258419539,0.0102878061725274,0.0309960836580065,"ZFP37","Astrocytes"
"ZC3H3",5.8500272302892,0.669026234828339,0.26073781853292,2.56589641883449,0.0102909554029568,0.0309980298600861,"ZC3H3","Astrocytes"
"KMT5B",21.6226702107622,-0.325239130445642,0.126760982355586,-2.56576688190449,0.0102947990767895,0.0310020663832404,"KMT5B","Astrocytes"
"GINM1",9.9959980077749,0.469151309710588,0.182857938619858,2.56566005967017,0.0102979697119512,0.0310040746275449,"GINM1","Astrocytes"
"DUSP12",2.77312531756659,-1.25623258096527,0.489712568646445,-2.56524471985163,0.0103103058465822,0.0310282549771242,"DUSP12","Astrocytes"
"INPP5A",7.39537209037277,1.09120577640724,0.425394437741423,2.5651623048972,0.0103127552415085,0.0310282549771242,"INPP5A","Astrocytes"
"VPS13C",67.9896171121439,0.233024110366229,0.0908427673562995,2.5651366327522,0.0103135183304404,0.0310282549771242,"VPS13C","Astrocytes"
"BET1",5.47163248330584,-0.645440077438823,0.251650772185584,-2.5648245456717,0.0103227989491094,0.0310486323504547,"BET1","Astrocytes"
"PHAX",3.44485054437513,-0.872316243060735,0.340342541287772,-2.5630537979769,0.0103755970118733,0.0311998586202106,"PHAX","Astrocytes"
"KANSL1L-AS1",11.2077046309357,-0.660746504473475,0.257824269826559,-2.56277853484455,0.0103838260284249,0.0312170229934416,"KANSL1L-AS1","Astrocytes"
"FRMD6-AS2",8.25734114079829,0.677903948005754,0.264581336200739,2.56217599374215,0.0104018593230256,0.0312636466012199,"FRMD6-AS2","Astrocytes"
"RPE",3.93542825344674,-0.828125173223785,0.323245245120069,-2.56190983696042,0.0104098339291119,0.0312724341446367,"RPE","Astrocytes"
"ITPRIPL2",6.26517615140636,0.786206764885396,0.306879877276453,2.56193652012295,0.0104090342012557,0.0312724341446367,"ITPRIPL2","Astrocytes"
"GSG1L",2.75116002886799,-1.04693321247893,0.408850722446648,-2.56067350502371,0.0104469483519087,0.0313763185645611,"GSG1L","Astrocytes"
"MOCS2",4.23166547133364,-0.985461053644415,0.38489799543014,-2.56031744863498,0.0104576589020144,0.0314008705585947,"MOCS2","Astrocytes"
"TTBK1",4.92573604273762,0.672184501403088,0.262560817209427,2.56010972447169,0.0104639119743368,0.0314076705136283,"TTBK1","Astrocytes"
"ENSG00000269514",2.05041692505782,-1.35690632833309,0.530038381231058,-2.56001522980573,0.0104667576259915,0.0314076705136283,"ENSG00000269514","Astrocytes"
"MORC4",1.91194787844324,-1.0779377283604,0.421071152292158,-2.55998949938152,0.0104675326019336,0.0314076705136283,"MORC4","Astrocytes"
"PDHA1",6.08437193814867,-0.618886446969638,0.241837003252713,-2.55910567301779,0.0104941836246907,0.0314800086784266,"PDHA1","Astrocytes"
"DOCK8",1.69897572939094,-1.20312556933163,0.470184745176419,-2.55883582288532,0.0105023327431729,0.0314968240151877,"DOCK8","Astrocytes"
"CEMIP2",9.21099059723739,1.45832235820796,0.570116091278108,2.55793930485042,0.0105294468402354,0.0315704940006379,"CEMIP2","Astrocytes"
"NUDT8",3.18958818121403,0.76918662919289,0.300728365540181,2.55774551832264,0.01053531585593,0.0315804445035054,"NUDT8","Astrocytes"
"CCDC112",4.66371281861491,-0.716743661486326,0.280299817200023,-2.55706075246869,0.0105560779789481,0.0316350226556908,"CCDC112","Astrocytes"
"RPAP2",30.0098975815387,0.338405288153281,0.132371920462631,2.55647335908233,0.0105739167564251,0.0316808156774284,"RPAP2","Astrocytes"
"MED12",4.28995397311677,1.14012412802366,0.446016749300243,2.55623612748266,0.0105811289327318,0.0316947555815235,"MED12","Astrocytes"
"MTMR9",13.372786521957,0.426171226522646,0.166726344136267,2.55611210532111,0.0105849011232275,0.0316983870880112,"MTMR9","Astrocytes"
"NADK2",28.5100683099631,-0.362121279675681,0.141685675300897,-2.55580727484728,0.0105941777640291,0.0317184969177884,"NADK2","Astrocytes"
"LMOD1",4.72178357888782,-1.34137693065013,0.524908128412271,-2.55545086472083,0.010605033252629,0.0317356188473427,"LMOD1","Astrocytes"
"SPDYE2",22.879056163421,-0.946865206152171,0.370521880656544,-2.5554906621827,0.0106038206167842,0.0317356188473427,"SPDYE2","Astrocytes"
"MAMSTR",2.30404296015991,-0.99331544648895,0.388717313986757,-2.55536712862445,0.0106075851093557,0.0317356188473427,"MAMSTR","Astrocytes"
"AKT1",11.4042087018013,0.633391860602389,0.247984653907382,2.5541574876603,0.0106445098804606,0.0318383975482471,"AKT1","Astrocytes"
"NEK8",5.31365225343988,1.38358129460731,0.541801709163175,2.55366727569812,0.0106595063131101,0.0318755534110704,"NEK8","Astrocytes"
"SHC1",16.7032437397057,1.02908270325125,0.403052897047099,2.55321996390712,0.0106732067456434,0.031908816786891,"SHC1","Astrocytes"
"C16orf89",12.2193102147673,-0.521387715421775,0.204241527397528,-2.55279972719243,0.0106860921755846,0.0319396281463346,"C16orf89","Astrocytes"
"C6orf89",13.5426118361878,0.389524797187593,0.152593117769972,2.5527022639041,0.0106890826008428,0.0319408566231265,"C6orf89","Astrocytes"
"KITLG",6.15605387698552,0.789841610223989,0.309465318726787,2.55227827620098,0.010702100299309,0.0319720405322902,"KITLG","Astrocytes"
"KRBA2",9.32162108638197,0.552544587191937,0.216534723951657,2.55175972291306,0.0107180406076604,0.0320119384574671,"KRBA2","Astrocytes"
"CYFIP2",39.9344402160673,-0.296383161869505,0.116175035995845,-2.55117770637148,0.0107359569144774,0.0320577174998732,"CYFIP2","Astrocytes"
"EPRS1",15.1545171663207,0.440835343770199,0.172879722234492,2.54995402625795,0.0107737125200027,0.0321627006111844,"EPRS1","Astrocytes"
"DHRS12",6.12430824135055,0.645525757951336,0.253173307185329,2.54973861631786,0.0107803710147006,0.0321748214690377,"DHRS12","Astrocytes"
"SNED1",28.5013546342375,0.613956328712522,0.240804594140763,2.54960388485625,0.0107845375321074,0.032179500785563,"SNED1","Astrocytes"
"COA4",3.85365483631707,-0.866019694557207,0.339694642103426,-2.54940639980283,0.0107906472666355,0.0321899747296428,"COA4","Astrocytes"
"VIM",54.6799083321454,0.448250151127638,0.175844380660012,2.5491298012776,0.0107992097634206,0.0322077587910494,"VIM","Astrocytes"
"ENSG00000271811",1.93188099519022,1.45268451020578,0.569895341250012,2.5490373495938,0.0108020730819662,0.0322085410483957,"ENSG00000271811","Astrocytes"
"LRIG2-DT",3.73936332028461,-0.729904884369724,0.286370191983189,-2.5488158502634,0.0108089358771443,0.0322134904853617,"LRIG2-DT","Astrocytes"
"ZNF414",4.08140008519035,0.699888405003542,0.274585819950887,2.54888764878217,0.0108067108928119,0.0322134904853617,"ZNF414","Astrocytes"
"AACS",5.30032077774469,0.716438476775749,0.281150415726982,2.54823908022055,0.01082682434499,0.0322590389470672,"AACS","Astrocytes"
"PANTR1",81.8439178768476,-0.266065917643596,0.104435964976904,-2.54764647123657,0.0108452314609872,0.0323061104598038,"PANTR1","Astrocytes"
"CXCL2",2.92102200533568,-1.08104420192804,0.424410526366622,-2.54716632780731,0.0108601656610373,0.0323428165898569,"CXCL2","Astrocytes"
"DCTD",4.03071696326522,0.826291245606838,0.324417924313332,2.5469962775817,0.0108654592206324,0.032350801040897,"DCTD","Astrocytes"
"DUBR",8.56576943772649,-0.597898689287226,0.234868467458542,-2.54567458866211,0.0109066808317196,0.0324657280623038,"DUBR","Astrocytes"
"ULK3",18.9848946405569,-0.42590947997621,0.167373349150885,-2.54466724921815,0.010938191598688,0.0325517006889096,"ULK3","Astrocytes"
"EIF2B5",9.56324432188429,0.690990749703726,0.271634261686858,2.54382766523137,0.0109645165645606,0.0326143667112547,"EIF2B5","Astrocytes"
"ENSG00000265477",2.00291537071144,1.88977399248512,0.742866814018515,2.54389340972502,0.0109624531310416,0.0326143667112547,"ENSG00000265477","Astrocytes"
"SNX9",22.9339906476257,0.323261103501515,0.127088984260087,2.5435808255416,0.0109722668689131,0.0326295822857231,"SNX9","Astrocytes"
"ZSWIM9",2.6513491603999,0.922919730268954,0.362962757468407,2.54273947196714,0.0109987203836191,0.0327003972413819,"ZSWIM9","Astrocytes"
"MAP3K8",3.71982783449037,-0.877601855223784,0.345341776301502,-2.54125598305138,0.0110455017464207,0.0328316006063195,"MAP3K8","Astrocytes"
"DHX58",6.0097779540109,0.76977219836134,0.302924108077389,2.54113877976553,0.011049205239678,0.0328347272577232,"DHX58","Astrocytes"
"FOXJ3",46.1123103327612,0.702335179029247,0.276563112930531,2.53951140333623,0.0111007426474365,0.0329799654998095,"FOXJ3","Astrocytes"
"PEX2",13.9201583987903,-0.46294236939157,0.182370306701527,-2.53847447956118,0.0111336922768276,0.0330699235941366,"PEX2","Astrocytes"
"SLC15A5",1.33082643300457,-1.51105334728747,0.595281555803337,-2.53838428648825,0.0111365623841114,0.0330705160677341,"SLC15A5","Astrocytes"
"SYT14",12.8219596217074,-0.467735116072385,0.184386340851396,-2.53671239373068,0.0111898841782376,0.0332208908604931,"SYT14","Astrocytes"
"DCP1B",11.3608558449904,-0.606830450864253,0.239323725777679,-2.53560506336079,0.011225325049231,0.0333181208256536,"DCP1B","Astrocytes"
"GPC4",16.8200158230679,0.365178652674328,0.144042261477977,2.53521882347119,0.011237710351538,0.03334688887685,"GPC4","Astrocytes"
"RASA1",25.1133632158747,-0.356459835653249,0.140611158130499,-2.5350750281313,0.0112423244418,0.0333525882996669,"RASA1","Astrocytes"
"PDSS2",19.8862195546548,-0.469651308417551,0.185308136401558,-2.53443436180174,0.0112629025300601,0.0333976345856644,"PDSS2","Astrocytes"
"MTDH",31.5308590708503,0.313539015016539,0.12370985542424,2.53447079007015,0.0112617315643568,0.0333976345856644,"MTDH","Astrocytes"
"SART3",6.44311784608999,0.51711040744645,0.204114123627657,2.53343765858044,0.0112949829564317,0.0334847435837907,"SART3","Astrocytes"
"MOAP1",2.93071212768635,-0.886644517790708,0.350497247474408,-2.52967612207981,0.011416785895869,0.0338377356985509,"MOAP1","Astrocytes"
"GPAT4",8.86952352593394,0.723358481071922,0.285961924151694,2.52956222482334,0.0114204921394503,0.0338406207616209,"GPAT4","Astrocytes"
"VKORC1",5.68702573503386,0.590249306841661,0.233556695875056,2.52722065890769,0.0114969242892822,0.0340583713579727,"VKORC1","Astrocytes"
"DOK6",0.826354418889674,-1.62630236470775,0.643534063965648,-2.52714262658606,0.0114994791769106,0.0340583713579727,"DOK6","Astrocytes"
"TOMM7",36.1934601559191,-0.750891161237374,0.29716548667532,-2.52684512470921,0.0115092244287655,0.034059605540999,"TOMM7","Astrocytes"
"DIXDC1",16.0850320436359,0.531894739039668,0.210501816425954,2.52679405845777,0.0115108979398434,0.034059605540999,"DIXDC1","Astrocytes"
"DDX5",99.5514032224502,0.265503488142871,0.105069323544043,2.52693630440647,0.0115062368820261,0.034059605540999,"DDX5","Astrocytes"
"LIME1",9.56403695307302,0.757204999983392,0.299657263966133,2.52690353626459,0.0115073104667573,0.034059605540999,"LIME1","Astrocytes"
"YIF1B",6.52048945050845,-0.628990424339404,0.249049355832994,-2.52556535324343,0.0115512294581563,0.0341707774439439,"YIF1B","Astrocytes"
"JKAMP",7.72326437944186,-0.673017436405807,0.266508063195601,-2.52531735188759,0.011559385148308,0.0341867366351798,"JKAMP","Astrocytes"
"TECPR2",23.6837419894237,0.413418747995881,0.163754049162811,2.52463221587176,0.0115819428671123,0.0342452718537372,"TECPR2","Astrocytes"
"FER",76.971438358459,-0.195866192878785,0.0776180153567794,-2.52346303855446,0.0116205275882978,0.0343511561532327,"FER","Astrocytes"
"ENSG00000286377",0.684983557791746,-2.3545996198954,0.933284596896828,-2.52291704773062,0.0116385851925914,0.0343963246873172,"LOC124900945","Astrocytes"
"GTF2IRD2",9.32423222216929,0.746123157097671,0.295856825697891,2.52190617991542,0.0116720834414566,0.0344870935947403,"GTF2IRD2","Astrocytes"
"REXO2",10.7381278345546,-0.433361302589237,0.171913627034331,-2.52080832721128,0.01170856107088,0.0345866201671533,"REXO2","Astrocytes"
"PHB2",6.8360675637355,0.513087821768301,0.203588872554435,2.52021544856835,0.0117283022816098,0.0346366723475254,"PHB2","Astrocytes"
"RIOK3",11.0231342739416,0.413000504836923,0.163965619147519,2.51882380577205,0.0117747561479859,0.0347655711446135,"RIOK3","Astrocytes"
"PKP4",18.0765692435664,0.45140157991531,0.179233947786538,2.5185049232577,0.0117854235902189,0.0347887724237617,"PKP4","Astrocytes"
"LIMS1",30.9050728853317,0.686867875904494,0.27275332110042,2.51827502276905,0.0117931196708343,0.0348031937282985,"LIMS1","Astrocytes"
"HMG20B",13.6553123103652,0.406358588848502,0.161395457093111,2.51778207495685,0.0118096364721736,0.0348436331748691,"HMG20B","Astrocytes"
"TCHP",8.39125737259924,-0.511919613570206,0.203343716228324,-2.5175088911791,0.0118187986510777,0.0348623591463305,"TCHP","Astrocytes"
"CTNNA3",25.0127906969401,-0.63089229820437,0.25095807728245,-2.51393501670126,0.0119392430928813,0.0352092515406406,"CTNNA3","Astrocytes"
"TAF12",7.01776771299421,0.702868600252138,0.279604600378047,2.51379483492691,0.0119439895106885,0.0352148624073467,"TAF12","Astrocytes"
"LINC01102",2.4282301581597,-1.0855540266598,0.431971935317905,-2.51301980037406,0.0119702616285881,0.0352839204348505,"LINC01102","Astrocytes"
"ZNF33B",4.12733653057352,-0.86993343893483,0.346212625581538,-2.51271436873104,0.0119806292142417,0.0353060760494896,"ZNF33B","Astrocytes"
"CCM2",12.6326575918703,0.4373046827765,0.174098224945607,2.51182734868851,0.0120107834066635,0.0353780996490758,"CCM2","Astrocytes"
"ZNF121",4.56358248149083,0.66976593122973,0.266640633539241,2.51186746123284,0.0120094183320808,0.0353780996490758,"ZNF121","Astrocytes"
"PTOV1",25.7210498303323,0.759465628893268,0.302460950994925,2.51095431127575,0.0120405279374435,0.0354572788226783,"PTOV1","Astrocytes"
"AFDN",43.5430600419051,-0.296280128285273,0.118034081318434,-2.51012355902499,0.0120688924142033,0.0355323572907939,"AFDN","Astrocytes"
"PRPF39",7.85811409520501,-0.641911476833622,0.255771322988462,-2.50970855267688,0.0120830841981017,0.0355656837711181,"PRPF39","Astrocytes"
"MAGEF1",5.36653056538183,-0.687549284044828,0.273976747408015,-2.5095169226931,0.0120896422720454,0.0355765304787877,"MAGEF1","Astrocytes"
"UNC5B",4.35560251941705,0.692762366590998,0.2760792851706,2.50928774378315,0.0120974895097776,0.0355827108312532,"UNC5B","Astrocytes"
"MBOAT7",9.50478327695816,0.503561581567401,0.200674958766092,2.50933940469551,0.0120957202118985,0.0355827108312532,"MBOAT7","Astrocytes"
"MRPS26",11.4222710132625,0.615178356718893,0.245216466682093,2.50871552405341,0.0121171024032582,0.0356319351839342,"MRPS26","Astrocytes"
"RWDD4",4.57898002410723,0.684740428693217,0.272997399589379,2.50823059019298,0.0121337456190167,0.0356724055081397,"RWDD4","Astrocytes"
"USP13",8.13719976794752,0.565431872791449,0.225471047791864,2.50778039277756,0.0121492147905011,0.0357094058273854,"USP13","Astrocytes"
"PISD",14.2633712419495,0.491665626589991,0.196065115203004,2.50766499731951,0.0121531826908985,0.0357125916614609,"PISD","Astrocytes"
"RPL10",61.199962412803,-0.39218416385697,0.156440191723695,-2.50692714919223,0.0121785809334723,0.0357787349227017,"RPL10","Astrocytes"
"SIN3B",15.1584151778402,0.407208425505033,0.162452717834729,2.50662734937625,0.012188914087363,0.035800598468647,"SIN3B","Astrocytes"
"PPP3CA",118.789255135024,0.315131217506504,0.12574072150714,2.50619857854568,0.0122037059661059,0.0358355444577399,"PPP3CA","Astrocytes"
"ENSG00000271717",5.4473667972821,-0.681579596005585,0.272013282924379,-2.50568497493215,0.0122214453704484,0.0358791270797208,"ENSG00000271717","Astrocytes"
"ANGEL2",7.31855116553483,-0.511275385509089,0.204096208872374,-2.5050704681575,0.0122426998977077,0.0359308535370758,"ANGEL2","Astrocytes"
"NME2",12.9557117779875,0.576152511526521,0.230000283307219,2.50500783408573,0.0122448681197173,0.0359308535370758,"NME2","Astrocytes"
"DCAF5",37.2126737156777,0.353052628284325,0.140959411545001,2.50464033876598,0.0122575966685255,0.0359561931255666,"DCAF5","Astrocytes"
"GATD3",8.74729251646865,0.531766403180858,0.212316673922481,2.50459087059272,0.0122593109404944,0.0359561931255666,"GATD3","Astrocytes"
"LRPAP1",9.81131400043141,-0.565472149305677,0.225867139194557,-2.50356094880448,0.0122950501697479,0.0360411038136786,"LRPAP1","Astrocytes"
"LIFR",117.870913079441,-0.221622335541702,0.0885236956188833,-2.50353686651134,0.0122958869505959,0.0360411038136786,"LIFR","Astrocytes"
"RUBCNL",4.81079460537878,-1.1369919400359,0.454160036626847,-2.50350503862164,0.0122969929429696,0.0360411038136786,"RUBCNL","Astrocytes"
"LINC01004",27.2413086763941,0.359122989758054,0.143468421726987,2.5031500690894,0.0123093338092272,0.0360687365261856,"LINC01004","Astrocytes"
"KCNIP4",16.0682561697351,-0.876460449740608,0.35021844513523,-2.50261076169812,0.0123281043607212,0.0361151919325315,"KCNIP4","Astrocytes"
"SCLT1",25.3374210327076,-0.408585950472351,0.163299552194101,-2.50206412070682,0.0123471560284386,0.0361624486991851,"SCLT1","Astrocytes"
"SMIM45",1.93330368010215,-1.54461660662367,0.617493813979477,-2.50142847046401,0.0123693426605758,0.0362188626545071,"SMIM45","Astrocytes"
"ATG12",6.11806187977986,-0.574375203899754,0.229684466007909,-2.50071419231275,0.0123943158371243,0.0362748317208959,"ATG12","Astrocytes"
"RPSA2",2.82445722241056,-0.852677657160322,0.340965751945531,-2.50077215173369,0.012392287748939,0.0362748317208959,"RPSA2","Astrocytes"
"CERK",4.65838999118916,0.707413270906248,0.282927295801792,2.50033588629721,0.0124075605623314,0.0363050147550447,"CERK","Astrocytes"
"SERPINB1",3.32720593176048,0.987705402759393,0.395097375394806,2.49990373075098,0.0124227059303506,0.0363392203952612,"SERPINB1","Astrocytes"
"CDK9",11.3630970066667,0.430093552906121,0.172048783584239,2.49983489534837,0.0124251198541174,0.0363392203952612,"CDK9","Astrocytes"
"ACTR6",4.94096021569459,-0.780287600328775,0.312193251133359,-2.49937369720866,0.0124413038950601,0.0363779613063824,"ACTR6","Astrocytes"
"DAG1",13.6798055789512,-0.638847071478214,0.255636706696961,-2.49904280074896,0.0124529269805777,0.0364033509916179,"DAG1","Astrocytes"
"RAD23B",16.8999751929764,0.371615851903996,0.148767272189459,2.49796777500049,0.0124907547871342,0.0364967004551871,"RAD23B","Astrocytes"
"CRYAB",204.593722485779,0.974801040426757,0.390226856071991,2.4980367836265,0.012488323471641,0.0364967004551871,"CRYAB","Astrocytes"
"YOD1",6.50037534606858,-0.596150546139911,0.238683179279345,-2.49766467808861,0.0125014384774835,0.03651596338498,"YOD1","Astrocytes"
"ENSG00000288565",7.34828103584389,-0.784111130511249,0.313944150169027,-2.49761344522294,0.0125032451548345,0.03651596338498,"ENSG00000288565","Astrocytes"
"CSGALNACT1",215.69057867029,-0.482804939689561,0.193322240623925,-2.49741022104525,0.012510413936158,0.0365282847845897,"CSGALNACT1","Astrocytes"
"P2RY6",2.59041425945365,2.0758175052314,0.831394326724298,2.49679055835051,0.012532295158512,0.0365835480782305,"P2RY6","Astrocytes"
"MKRN1",4.82726214028806,-0.671997992993396,0.269177161389379,-2.49648963353661,0.0125429334854469,0.036605973450457,"MKRN1","Astrocytes"
"CHD2",79.2281074958117,0.509195636104329,0.20404042582214,2.4955625045999,0.0125757597325565,0.036693127419474,"CHD2","Astrocytes"
"PAPLN",38.5343314490193,-0.539944740494423,0.216401547794638,-2.49510572358209,0.0125919606297836,0.0367317428689307,"PAPLN","Astrocytes"
"STK11IP",8.01178747971874,0.57498502934252,0.230487430746228,2.49464809200633,0.0126082102208134,0.036761281636789,"STK11IP","Astrocytes"
"BBOF1",7.3069091384608,-0.595171277660344,0.238575708206087,-2.49468515523057,0.0126068934885839,0.036761281636789,"BBOF1","Astrocytes"
"ENSG00000286125",7.53638763576705,-0.533732153427997,0.213957596242849,-2.49456977831342,0.0126109928444706,0.036761281636789,"ZIM2-AS1","Astrocytes"
"RBMX2",4.13262025971206,-0.827919291272769,0.331979002026442,-2.49389053590451,0.0126351503418391,0.0368230328743218,"RBMX2","Astrocytes"
"ZNF737",4.41355386931497,0.923899374204592,0.370532776016947,2.49343495098079,0.0126513763256046,0.0368616454211676,"ZNF737","Astrocytes"
"JRKL",2.08016117076986,-1.04000681892418,0.417223601633832,-2.49268453378849,0.0126781431878338,0.0369309449764634,"JRKL","Astrocytes"
"LIPT1",5.21236347321876,-0.695357185058233,0.278979479802888,-2.49250298104195,0.0126846265748454,0.0369411408457928,"LIPT1","Astrocytes"
"CTIF",28.0720920282881,-0.33719707073428,0.135294626575058,-2.49231679978961,0.0126912782970426,0.0369518220437993,"CTIF","Astrocytes"
"SQSTM1",40.3380234635301,-0.341786422247872,0.13716820533809,-2.49173211390673,0.0127121875236388,0.03700400049488,"SQSTM1","Astrocytes"
"RPL11",50.7461188321279,-0.538008266712825,0.215935216951425,-2.49152627490981,0.0127195558819624,0.0370167474703504,"RPL11","Astrocytes"
"NCOR2",19.3252112968253,0.352043144674302,0.14131243108589,2.49123974422554,0.0127298190302756,0.0370379109614433,"NCOR2","Astrocytes"
"ENTPD2",26.4214592688859,0.720539219831366,0.289387912170794,2.48987324462299,0.0127788661243803,0.0371718814231153,"ENTPD2","Astrocytes"
"USF2",11.6565401849976,0.450876083971129,0.181118962984966,2.489391925287,0.0127961816657534,0.0372135081181364,"USF2","Astrocytes"
"ENSG00000229321",11.7220817504964,0.461357305298954,0.185374494073413,2.48878524311034,0.0128180367327552,0.0372683138909855,"ENSG00000229321","Astrocytes"
"ROR2",2.09759970607204,-1.17660887919666,0.472788848448358,-2.48865615815213,0.0128226911376778,0.0372730949196864,"ROR2","Astrocytes"
"FAIM2",14.695863205397,-0.594143075468183,0.238798066051961,-2.48805647923004,0.0128443333249201,0.0373272423286752,"FAIM2","Astrocytes"
"PHF3",23.3695057169242,0.402666072860403,0.161908766930732,2.48699363532719,0.0128827703795231,0.0374126045050737,"PHF3","Astrocytes"
"LINC03011",2.72354162208719,-0.929866785831399,0.373889906031491,-2.48700692591867,0.0128822891063166,0.0374126045050737,"LINC03011","Astrocytes"
"RBM38",3.54980287548927,0.812480645285952,0.326673468738723,2.48713386006803,0.0128776934226758,0.0374126045050737,"RBM38","Astrocytes"
"GATC",4.15514837500797,-0.750174195489709,0.301664552396721,-2.48678271785526,0.0128904101624051,0.0374260138431566,"GATC","Astrocytes"
"KPNB1-DT",5.7200381503412,-0.828628400050971,0.333250807783664,-2.48650079968866,0.0129006279684168,0.0374469001718014,"KPNB1-DT","Astrocytes"
"ENSG00000289213",2.23814807805904,-1.28828858592804,0.518225985917195,-2.48595906214145,0.0129202827516444,0.0374951631857541,"ENSG00000289213","Astrocytes"
"SAV1",4.76008647754084,0.705247171412815,0.28371844262567,2.48572903786624,0.0129286362731407,0.0375106145666124,"SAV1","Astrocytes"
"C2orf92",4.49998556286823,0.622919831290433,0.250607796158997,2.4856362844164,0.012932006042825,0.0375116024427973,"C2orf92","Astrocytes"
"NUP205",10.2395864371006,0.600205540526828,0.241479871721682,2.4855303104459,0.0129358570702956,0.0375139855038573,"NUP205","Astrocytes"
"PPIF",4.21327679226007,-0.978670305423558,0.393917462905909,-2.48445524147104,0.0129749817886201,0.0376186372017052,"PPIF","Astrocytes"
"CASP3",8.08688272643682,-0.529010489639164,0.212945532087208,-2.48425259010608,0.0129823685437954,0.0376312429021112,"CASP3","Astrocytes"
"MVK",2.43769056867534,-1.02811062192078,0.413926144748909,-2.48380208634669,0.0129988029849716,0.0376667505991142,"MVK","Astrocytes"
"ASGR1",5.04200763724183,0.718448834817282,0.28925971461191,2.48375006447475,0.0130007019349604,0.0376667505991142,"ASGR1","Astrocytes"
"BAZ2B-AS1",0.632902115295045,-2.07393911760005,0.835038921494342,-2.48364365326665,0.0130045870186182,0.0376691932284326,"BAZ2B-AS1","Astrocytes"
"MYO5A",22.17903526733,-0.329090500488763,0.132531804654555,-2.48310585784703,0.0130242376967506,0.037717290785515,"MYO5A","Astrocytes"
"ATP7A",2.52363249722016,-0.899571285854574,0.362402055650962,-2.48224664244447,0.013055687344253,0.0377995268608568,"ATP7A","Astrocytes"
"ENSG00000251652",3.85115885360339,-1.0572850740884,0.425979146572417,-2.48201134397236,0.0130643116226227,0.0378156547038188,"ENSG00000251652","Astrocytes"
"FPGT",10.7995787618008,-0.444065420108681,0.178945971615851,-2.48156142381327,0.0130808163526148,0.0378391731973107,"FPGT","Astrocytes"
"PIAS3",10.1755032626684,0.474095406506378,0.191036887172952,2.48169562183645,0.0130758915456317,0.0378391731973107,"PIAS3","Astrocytes"
"SLC2A6",2.39592348868418,-1.03282534240736,0.416203387912743,-2.481539969165,0.0130816038486382,0.0378391731973107,"SLC2A6","Astrocytes"
"YIF1A",9.4429215558906,-0.52870264329712,0.213081701168117,-2.48122030375562,0.0130933421818784,0.0378642821667912,"YIF1A","Astrocytes"
"LINC02427",5.58124366294975,-0.668077230712428,0.269289589144117,-2.48088770470399,0.013105565334395,0.0378907811197322,"LINC02427","Astrocytes"
"ZNF26",5.6785423535186,0.727945401516128,0.2934577857597,2.48057961601405,0.0131168967228782,0.0379058418014938,"ZNF26","Astrocytes"
"ENSG00000290397",3.88996212535923,-1.4002271205049,0.564474263056223,-2.48058629444623,0.0131166510007629,0.0379058418014938,"ENSG00000290397","Astrocytes"
"TXNDC15",6.78565348985751,0.641382582595624,0.258607939669142,2.48013492322082,0.0131332676379443,0.0379177554583036,"TXNDC15","Astrocytes"
"MPPE1",6.20895979836799,0.583854385873621,0.235406620117777,2.48019527055574,0.0131310449528204,0.0379177554583036,"MPPE1","Astrocytes"
"ZNF224",6.32820803244025,0.524332914125863,0.211391916860937,2.48038298678559,0.0131241332019978,0.0379177554583036,"ZNF224","Astrocytes"
"CDPF1",1.91521298879998,-1.24250990787904,0.500957349274068,-2.48027084477261,0.0131282619073619,0.0379177554583036,"CDPF1","Astrocytes"
"ERCC6L2-AS1",17.7244543112245,-0.462778429406221,0.186632609936984,-2.47962255665007,0.0131521522940986,0.0379634270064855,"ERCC6L2-AS1","Astrocytes"
"NUDT3",95.8513168718136,0.530547628467622,0.214006926062278,2.4791142895685,0.0131709095728012,0.0380087096807264,"NUDT3","Astrocytes"
"ENSG00000286686",0.724629954244124,-1.65599945152591,0.668319648129782,-2.47785540371293,0.0132174698513788,0.0381341866658023,"ENSG00000286686","Astrocytes"
"HNRNPH1",30.4711560704244,0.365507116334624,0.147533292107631,2.47745516359774,0.0132323033120395,0.038168090359419,"HNRNPH1","Astrocytes"
"SLC44A5",2.80458299262761,-0.890390095541235,0.359522557078502,-2.47659035020387,0.0132644047778292,0.0382517755854352,"SLC44A5","Astrocytes"
"GON4L",22.9304470177656,0.602433018529518,0.243272545362275,2.47637076198792,0.0132725667410599,0.038258318657385,"GON4L","Astrocytes"
"BZW1",15.6484931962056,-0.430055710074109,0.173664240068406,-2.47636306648226,0.0132728528589297,0.038258318657385,"BZW1","Astrocytes"
"SH2D4A",1.73253589089961,-1.12552718426823,0.454705000837278,-2.47529097369883,0.0133127664568526,0.0383555111761763,"SH2D4A","Astrocytes"
"BAHD1",6.26596394264806,0.54679542702637,0.220894821233606,2.4753655335727,0.0133099871928492,0.0383555111761763,"BAHD1","Astrocytes"
"LRP1",68.6663558443851,0.321901800246621,0.130089609303935,2.47446204173421,0.0133436999653088,0.038435691246899,"LRP1","Astrocytes"
"TTC17",58.8804015029131,0.196771522924029,0.0795388536547672,2.47390443641673,0.0133645440199656,0.038486778744008,"TTC17","Astrocytes"
"ROBO1",21.9652017323298,-0.37375242734011,0.15108711203315,-2.47375452684612,0.0133701527524184,0.0384939785010921,"ROBO1","Astrocytes"
"ZNFX1",8.68059977324864,0.744216209737279,0.300911856166168,2.47320334671796,0.013390792554549,0.0385444407724268,"ZNFX1","Astrocytes"
"PIAS2",24.041036683815,-0.327035977540248,0.132265234227983,-2.47257701125409,0.0134142808428005,0.0386030768478731,"PIAS2","Astrocytes"
"ARHGEF1",15.2127028502384,-0.634333533741272,0.256592886877029,-2.47213997808627,0.0134306916405259,0.0386413230912251,"ARHGEF1","Astrocytes"
"OPLAH",8.44219822928708,0.699494996374067,0.283047693165424,2.47129728757498,0.0134623851547525,0.0387069061710607,"OPLAH","Astrocytes"
"CNTRL",16.3242055951143,0.339973951475694,0.137569730217267,2.47128456920549,0.0134628639973155,0.0387069061710607,"CNTRL","Astrocytes"
"FARP1",71.4200744002219,-0.297099635651182,0.120214695075832,-2.47140863655454,0.0134581935437485,0.0387069061710607,"FARP1","Astrocytes"
"PARP2",7.82386890669145,0.721084997928811,0.291825678040902,2.47094430747025,0.0134756803321889,0.0387257715371306,"PARP2","Astrocytes"
"CD226",1.34282522971443,-1.27928562039222,0.517718922958524,-2.47100417555088,0.0134734245533813,0.0387257715371306,"CD226","Astrocytes"
"ZC3H7A",14.3948692451827,0.408709184762815,0.165420151812014,2.47073394798525,0.0134836091469336,0.0387395666047515,"ZC3H7A","Astrocytes"
"DPP7",45.8218113589563,0.233199010555047,0.0943937855934322,2.47049113550197,0.0134927662966679,0.0387478954201389,"DPP7","Astrocytes"
"GPM6B",262.823948741846,-0.393401389590195,0.159235072544196,-2.4705699774841,0.013489792338873,0.0387478954201389,"GPM6B","Astrocytes"
"SLC25A26",28.0601399295695,0.730381578185408,0.295737359922351,2.46969668755134,0.0135227656038465,0.0388250420756856,"SLC25A26","Astrocytes"
"DPYD",12.0865149427704,-0.55699412954628,0.225543429593086,-2.46956486629285,0.0135277490291498,0.0388277757272701,"DPYD","Astrocytes"
"SULT1A1",10.6970487896419,-0.594708371817535,0.240820820217046,-2.469505631953,0.0135299888769418,0.0388277757272701,"SULT1A1","Astrocytes"
"ENSG00000285692",11.4120629675014,-0.73992899809094,0.299668626116864,-2.46915737452737,0.0135431642784871,0.0388565809222674,"ENSG00000285692","Astrocytes"
"SERINC3",11.4949323146117,0.561611754971764,0.227496133138852,2.46866505915064,0.0135618090716709,0.0389010613237205,"SERINC3","Astrocytes"
"SLC25A28",12.4249519152951,0.72893736120499,0.295358825155178,2.46797217188961,0.0135880882692286,0.0389674147841263,"SLC25A28","Astrocytes"
"ENSG00000259969",3.00941559033196,-1.15655352037718,0.46864474799851,-2.46786830603904,0.0135920314735206,0.0389696980172737,"ENSG00000259969","Astrocytes"
"ENSG00000286371",0.585440639172623,-2.17364342188699,0.881552934150167,-2.46569813074517,0.0136746524124059,0.039188433423472,"ENSG00000286371","Astrocytes"
"DENND11",7.11128370696933,-0.836254290541654,0.339146063963535,-2.46576439888027,0.0136721229609134,0.039188433423472,"DENND11","Astrocytes"
"ALMS1",17.0670981020378,0.405648982296734,0.164541358346697,2.46533143018068,0.0136886568286228,0.0392194904000082,"ALMS1","Astrocytes"
"IVNS1ABP",6.94082995786645,0.925534054823734,0.375482553932007,2.46491892933948,0.0137044255111178,0.0392555866537523,"IVNS1ABP","Astrocytes"
"GADD45B",45.2397163196084,0.79685723107835,0.323319639040607,2.46461128511364,0.0137161962789421,0.0392748659100797,"GADD45B","Astrocytes"
"DTD1",8.54703901527046,-0.533982916563085,0.216663088395452,-2.46457724071792,0.0137174993992647,0.0392748659100797,"DTD1","Astrocytes"
"DHRS1",3.59734815692141,-0.75672138411474,0.307074840758016,-2.46428975505375,0.0137285078742274,0.0392972984296252,"DHRS1","Astrocytes"
"PTPRM",64.3359411971479,-0.218465163632765,0.0886652023017474,-2.4639335157583,0.0137421599049518,0.0393272859031703,"PTPRM","Astrocytes"
"DDX23",5.67307763779498,0.623957228351843,0.253323395501966,2.46308568190261,0.0137746993718637,0.0394112990577146,"DDX23","Astrocytes"
"ELF1",20.2683253089836,0.331990025410397,0.134795977845108,2.46290750449454,0.0137815463833212,0.0394217807495186,"ELF1","Astrocytes"
"RPF2",6.96809272840044,0.56696970920452,0.230235432417195,2.46256496340298,0.0137947180152275,0.0394503448458573,"RPF2","Astrocytes"
"ENSG00000262050",9.55767799211697,-0.704103341659616,0.285944361500305,-2.46237882770375,0.0138018800971498,0.0394617135172031,"ENSG00000262050","Astrocytes"
"TNFRSF25",2.43025956969027,-1.27799896397826,0.519032697958652,-2.46227062187914,0.0138060451223309,0.0394632145357706,"TNFRSF25","Astrocytes"
"PIF1",1.18418372070376,-1.35009148268859,0.54832738736698,-2.46219961613009,0.013808778856779,0.0394632145357706,"PIF1","Astrocytes"
"LIN7A",8.15977551930631,-0.941086263801263,0.382259852973629,-2.46190191431425,0.0138202456355055,0.0394868716438543,"LIN7A","Astrocytes"
"BCDIN3D",2.54246342949945,-0.969927934716834,0.394109353156919,-2.46106296881172,0.0138526051031087,0.0395701981526632,"BCDIN3D","Astrocytes"
"IKZF4",6.58571764757965,0.512846576958975,0.20848109885776,2.45991881167546,0.0138968448984864,0.0396874147550638,"IKZF4","Astrocytes"
"ZDHHC2",13.8298559545582,0.487835589053928,0.198333310186484,2.45967552598823,0.0139062678091103,0.0397051681531503,"ZDHHC2","Astrocytes"
"NR2F6",6.93485442023935,0.565787745785632,0.230057086284125,2.45933631049675,0.013919415676426,0.039733546408756,"NR2F6","Astrocytes"
"KLHDC8B",2.85109053693051,-0.916586651908774,0.372803980031902,-2.45862893371025,0.0139468686488097,0.03980273668546,"KLHDC8B","Astrocytes"
"BIRC6",105.560571152781,0.39326524095815,0.15998410646134,2.45815193556857,0.0139654077026546,0.0398464616548322,"BIRC6","Astrocytes"
"LINC02147",0.608800209633723,-1.91495813872748,0.779285758533934,-2.45732469476932,0.0139976109018913,0.0399291443902603,"LINC02147","Astrocytes"
"ENSG00000276517",4.53360355268055,1.14903382757476,0.467651265650444,2.45703136497792,0.0140090455067807,0.0399525588462611,"ENSG00000276517","Astrocytes"
"EOLA2-DT",36.9378379193128,-0.387523562687424,0.157728951519931,-2.45689557277286,0.0140143417604772,0.0399584605157699,"EOLA2-DT","Astrocytes"
"SGMS1-AS1",2.49892513831579,-1.05834138183417,0.430841516439227,-2.45645171473036,0.014031665725077,0.0399986456431004,"SGMS1-AS1","Astrocytes"
"DNAJB11",6.50241881352821,0.759348103829855,0.309207847442608,2.45578535638814,0.0140577094586991,0.0400636631132499,"DNAJB11","Astrocytes"
"ZNF518A",71.7486011867274,-0.301274323252349,0.122691714417949,-2.45553927322313,0.0140673380747753,0.0400818792866871,"ZNF518A","Astrocytes"
"EFCAB7",8.49240336931862,-0.599441253569653,0.244154959305149,-2.45516722361745,0.014081906493475,0.0400948968494925,"EFCAB7","Astrocytes"
"FAM133B",30.5084997462092,0.265672298270787,0.108212772193171,2.45509187951061,0.0140848583780419,0.0400948968494925,"FAM133B","Astrocytes"
"KLRG1",2.14265904233738,-1.0608853619653,0.432093636560963,-2.4552209803618,0.0140798007075804,0.0400948968494925,"KLRG1","Astrocytes"
"DSCAM",7.69982212881903,-0.803847507425232,0.327413902035147,-2.4551416492356,0.0140829084034325,0.0400948968494925,"DSCAM","Astrocytes"
"RAVER2",30.1274249058795,-0.498924326179862,0.203278933925941,-2.45438283517185,0.0141126645794341,0.040164818544503,"RAVER2","Astrocytes"
"ENSG00000255580",19.3431780798813,-0.638417889487281,0.26019565943597,-2.45360699279608,0.0141431458565458,0.0402423196557001,"ENSG00000255580","Astrocytes"
"CNNM2",22.9088588504123,-0.30939788368374,0.12616596516397,-2.45230861810977,0.0141942863450459,0.040372221708177,"CNNM2","Astrocytes"
"PHKG2",5.13054609791337,-0.60605595276462,0.247139542845349,-2.45228240607319,0.0141953204649441,0.040372221708177,"PHKG2","Astrocytes"
"LINC00888",2.93759098153625,-0.841491544831579,0.343223548605972,-2.45173021562582,0.014217120993974,0.0404249389824065,"LINC00888","Astrocytes"
"TRIM52-AS1",1.97267244761136,-0.967223551938542,0.394553832369096,-2.45143621120306,0.0142287403618455,0.0404486896007193,"TRIM52-AS1","Astrocytes"
"DDX46",20.2470820194717,0.447856082109137,0.182810096851325,2.44984325167426,0.0142918416089872,0.0406187213150136,"DDX46","Astrocytes"
"TSPAN31",8.03988626051824,0.849805359989563,0.346904894198283,2.44967820922074,0.0142983934597549,0.0406187213150136,"TSPAN31","Astrocytes"
"WNK3",7.89074908445149,0.465722312473123,0.19011161138808,2.44973102417417,0.0142962965249688,0.0406187213150136,"WNK3","Astrocytes"
"EFHC1",20.789073672704,0.490646956472039,0.200342989070923,2.44903482146982,0.0143239599531013,0.0406820174539572,"EFHC1","Astrocytes"
"SIX5",3.46572038974908,-0.955376511615942,0.390124232329453,-2.44890327860778,0.0143291920738485,0.0406875453910723,"SIX5","Astrocytes"
"DNAL1",5.47081680155021,0.555880488616587,0.227097463582944,2.44776176645214,0.0143746665844683,0.0408073123144134,"DNAL1","Astrocytes"
"SFN",3.23118048324154,5.00728281117612,2.04613857736393,2.44718655254869,0.0143976296209363,0.0408631326142686,"SFN","Astrocytes"
"HK1",18.4726265647434,0.556879992796873,0.227610017699067,2.44664096258342,0.0144194399344526,0.0409154115864225,"HK1","Astrocytes"
"NCOR1",62.4900508149231,0.337032084568761,0.137757509223387,2.44656052848801,0.014422657803015,0.0409154115864225,"NCOR1","Astrocytes"
"CRIPT",10.344972999946,0.4858708680115,0.198611669620825,2.44633595266123,0.0144316455982278,0.0409315317093117,"CRIPT","Astrocytes"
"ABI3BP",11.2563447168976,-1.45580697679982,0.595165209870593,-2.44605523416995,0.0144428872364135,0.0409540354129857,"ABI3BP","Astrocytes"
"ANP32B",3.36521340782218,-0.791210851526097,0.323532599328493,-2.44553671923105,0.0144636719659952,0.0409941977466054,"ANP32B","Astrocytes"
"SCAND1",6.82159922338254,0.595756838624051,0.243605416298389,2.44558125051832,0.0144618858895206,0.0409941977466054,"SCAND1","Astrocytes"
"FOXRED1",12.2994653352784,0.410741481334502,0.168009900171757,2.44474570197708,0.014495430795701,0.041074809964111,"FOXRED1","Astrocytes"
"ZNF778-DT",0.882560691396103,-1.65712908272419,0.67805367292569,-2.44394971798316,0.0145274510930073,0.0411561260317341,"ZNF778-DT","Astrocytes"
"ZGRF1",5.00862604259654,0.656054858838746,0.268576484722644,2.44271146640498,0.0145773866053321,0.0412881469199056,"ZGRF1","Astrocytes"
"PIGX",7.26223129675078,0.636103192602938,0.260419406284908,2.44261056300473,0.014581462441251,0.0412902468351271,"PIGX","Astrocytes"
"EXOSC7",9.84573080272209,0.628798866318674,0.257474980742197,2.44217463190443,0.0145990827490777,0.0413212438129894,"EXOSC7","Astrocytes"
"ANKRD10",32.7291577696054,0.482235891858337,0.197459274443921,2.44220431385862,0.0145978824110642,0.0413212438129894,"ANKRD10","Astrocytes"
"RAB29",5.95452674979142,0.539120598243304,0.220773551043335,2.44196189124793,0.0146076885268214,0.0413361533426941,"RAB29","Astrocytes"
"UCHL1",4.97148189337727,-0.751128679364275,0.307764124178601,-2.44059856349072,0.0146629440513842,0.0414830331707313,"UCHL1","Astrocytes"
"ENSG00000285691",5.59979653050165,-1.13683248768523,0.465959293028432,-2.4397678181211,0.0146967043366991,0.041569047464903,"ENSG00000285691","Astrocytes"
"PPP3CB",25.1414395739461,0.404426823046597,0.165782490317374,2.43950264151757,0.0147074951447681,0.0415845643003689,"PPP3CB","Astrocytes"
"SLC23A2",17.0512920367763,0.396100463671561,0.16237166019298,2.43946796627436,0.0147089066975382,0.0415845643003689,"SLC23A2","Astrocytes"
"NYNRIN",1.48124997904021,-1.1419997619302,0.468285957871427,-2.43868034634458,0.0147410011455543,0.0416657879902759,"NYNRIN","Astrocytes"
"C2orf74",7.19318730334987,-0.688507577061303,0.282432703209763,-2.43777568686849,0.0147779409429063,0.0417511391047247,"C2orf74","Astrocytes"
"HMOX2",4.63296288536955,0.618412102069885,0.253671104088328,2.43785000381657,0.0147749032997318,0.0417511391047247,"HMOX2","Astrocytes"
"ENSG00000246851",10.1427383547017,0.728227969202345,0.298849924411403,2.43676812245015,0.0148191786442168,0.0418580951531332,"ENSG00000246851","Astrocytes"
"MEST",3.85731091763811,-0.893535991822559,0.366722957204384,-2.43654228421966,0.0148284356747137,0.0418746907548414,"MEST","Astrocytes"
"EFEMP2",13.5597448326495,0.387853945616779,0.15922222057064,2.43592850436792,0.0148536200454396,0.041936246471199,"EFEMP2","Astrocytes"
"LINC02966",2.57707565979728,-1.01437832137077,0.416572138840513,-2.43506040560992,0.0148893038762157,0.0420274105081328,"LINC02966","Astrocytes"
"FAM8A1",3.74206838839525,-0.836719586862007,0.343785089423096,-2.43384490079573,0.0149393950011164,0.0421591905876993,"FAM8A1","Astrocytes"
"PDPR",14.6032614446741,0.491492260319551,0.201981023862285,2.43335859439282,0.0149594773014526,0.042206244571403,"PDPR","Astrocytes"
"GALNT8",4.54145399889504,1.03361620298407,0.424808213617889,2.43313610671802,0.0149686729834788,0.0422225689190019,"GALNT8","Astrocytes"
"CDC37L1-DT",1.96206958607906,-1.5665393287315,0.64390958310637,-2.43285605592969,0.0149802548966415,0.0422456152095449,"CDC37L1-DT","Astrocytes"
"NCAM1",193.440305871931,-0.352146443282461,0.14477947669716,-2.43229531778911,0.0150034687795193,0.0422993999876167,"NCAM1","Astrocytes"
"COTL1",11.0827139088443,0.421800043808885,0.173421089394909,2.43223038951379,0.0150061587778083,0.0422993999876167,"COTL1","Astrocytes"
"VMA21",3.35566515518819,-0.791014421516861,0.325332302495404,-2.43140449149846,0.0150404130760455,0.0423863074921874,"VMA21","Astrocytes"
"SEC14L1",20.6758787664003,-0.391005745442805,0.160865906108605,-2.43063154214186,0.0150725336899448,0.0424671637503041,"SEC14L1","Astrocytes"
"ENSG00000286835",1.80479178754229,-1.08334033054995,0.445739684608637,-2.43043275696023,0.0150808041500487,0.0424808002252167,"ENSG00000286835","Astrocytes"
"CD72",3.46520002361793,0.811874211389993,0.334098397217207,2.43004521468018,0.015096939344333,0.0425165794634696,"CD72","Astrocytes"
"ZNF512",6.68861782193744,-0.727524552329309,0.299486138441793,-2.4292428227716,0.0151303950017422,0.0426011098923543,"ZNF512","Astrocytes"
"TNIP1",3.13067545272378,0.835268507512169,0.343912999116553,2.42872037305311,0.015152213576241,0.042652843990587,"TNIP1","Astrocytes"
"CHRDL1",10.5284233915155,-0.705157711595963,0.290359818598527,-2.42856506454485,0.0151587049192155,0.0426614188669649,"CHRDL1","Astrocytes"
"DSCAML1",5.03046834807588,-1.08681726569923,0.447614467082261,-2.42802086532986,0.0151814698386516,0.0427157784621729,"DSCAML1","Astrocytes"
"TPRKB",3.72168009358657,-0.749816393974601,0.308854619866435,-2.42773248559099,0.0151935455274113,0.0427303371033237,"TPRKB","Astrocytes"
"CDIPT",5.67562339696711,-0.831013189807414,0.342289805948373,-2.42780583986411,0.0151904730695296,0.0427303371033237,"CDIPT","Astrocytes"
"LINC02250",5.78549467304278,1.33158834628961,0.548590380029103,2.42729073415209,0.015212059944813,0.0427726926195776,"LINC02250","Astrocytes"
"FAM174A-DT",4.35355751002922,-0.716946129837239,0.295475557764661,-2.42641433782577,0.0152488497437535,0.0428664032637684,"FAM174A-DT","Astrocytes"
"SCAI",15.5251113749236,-0.363070827110798,0.149658343269126,-2.42599790415894,0.0152663584419546,0.0428990578817592,"SCAI","Astrocytes"
"GMFB",3.61821478397097,-0.754368112432742,0.31095483255811,-2.42597327150968,0.0152673946608183,0.0428990578817592,"GMFB","Astrocytes"
"SS18L2",4.11522041489206,-0.764367085016796,0.315101956370152,-2.42577702094268,0.0152756525234149,0.0429027909270688,"SS18L2","Astrocytes"
"RIC1",26.6865161297621,0.284055016746859,0.117098367550833,2.4257811845545,0.015275477285472,0.0429027909270688,"RIC1","Astrocytes"
"TBKBP1",12.3725991407957,0.630125579565147,0.259910694780654,2.42439265570402,0.0153340158546437,0.0430569429315312,"TBKBP1","Astrocytes"
"NDUFB10",12.3724336078953,-0.486143769189752,0.200544470376304,-2.42411953955922,0.0153455532899507,0.0430795707072001,"NDUFB10","Astrocytes"
"CAPN2",40.7341378055298,0.336673753513973,0.138986991407863,2.42234003415463,0.015420913448361,0.0432813171421248,"CAPN2","Astrocytes"
"ADGRG1",74.6611057424523,0.372360654811563,0.153727960318791,2.4222051345727,0.0154266395621495,0.0432875770899834,"ADGRG1","Astrocytes"
"LINC01814",2.86255660422988,-1.09015254754834,0.450301689230313,-2.42093817016698,0.0154805100840861,0.0434288981357585,"LINC01814","Astrocytes"
"CCDC146",14.5033083073649,0.392707155174566,0.162237690238893,2.42056672895373,0.0154963348800447,0.0434634461652532,"CCDC146","Astrocytes"
"SMIM14-DT",2.72360716016738,0.798409251597799,0.329934631283327,2.4199013255816,0.0155247191692467,0.0435331968914814,"SMIM14-DT","Astrocytes"
"ENSG00000267345",1.82475254874099,-1.39537753643579,0.576663253912237,-2.41974415218791,0.0155314304326701,0.0435421559990386,"ENSG00000267345","Astrocytes"
"ENSG00000287299",2.49280815545493,-1.08786789545449,0.449698875239216,-2.41910299392188,0.0155588341822193,0.0436091090263515,"ENSG00000287299","Astrocytes"
"KSR1",20.8039283268491,-0.367665444745172,0.152008896986736,-2.41871003627672,0.0155756506082238,0.043646363765928,"KSR1","Astrocytes"
"THSD1",13.9154171017185,-0.613846375364156,0.253946571009451,-2.41722647769601,0.0156392830081254,0.0438147605180128,"THSD1","Astrocytes"
"ILK",20.3045815670837,-0.433472032330489,0.179340645369115,-2.41703174112219,0.01564765255571,0.0438282926028855,"ILK","Astrocytes"
"SLC39A1",3.43988728527778,-0.793104482949011,0.328144162579154,-2.41693917915636,0.0156516321409902,0.043829525283103,"SLC39A1","Astrocytes"
"CAB39",18.1800588750615,0.531750588909801,0.220039107714052,2.41661854764849,0.0156654241745054,0.0438483154504748,"CAB39","Astrocytes"
"PCCA-DT",8.60520987558761,-0.652954525090093,0.270187881197015,-2.41666843900365,0.0156632773849301,0.0438483154504748,"PCCA-DT","Astrocytes"
"TAS2R4",2.21811215107639,-1.10283135396167,0.45638140321682,-2.41646865141377,0.0156718756602602,0.0438564601810173,"TAS2R4","Astrocytes"
"GTPBP4",4.65068016912664,0.693316181046256,0.286940900566092,2.41623337655401,0.0156820065281906,0.0438748953544023,"GTPBP4","Astrocytes"
"ENSG00000284642",2.72570662582174,1.05876224678177,0.438303490790663,2.41559163690859,0.0157096689476817,0.0439423606458419,"ENSG00000284642","Astrocytes"
"EML2",4.08333191957154,-0.696697869241726,0.288430536736181,-2.41547887794896,0.0157145338945761,0.0439460418284859,"EML2","Astrocytes"
"ZNF445",6.59226544255789,0.581627512027397,0.240873431845653,2.41466029512168,0.0157498911216223,0.0440349744319369,"ZNF445","Astrocytes"
"MFN1",10.3737133469899,0.446522320445047,0.185026239701984,2.41329187235414,0.0158091539843324,0.0441530476803249,"MFN1","Astrocytes"
"MIRLET7A1HG",6.3743700119406,-0.559639687083732,0.231896167263348,-2.41332012377845,0.0158079285080117,0.0441530476803249,"MIRLET7A1HG","Astrocytes"
"NRXN2",12.2550670801925,0.642165720631911,0.266076346812872,2.41346413660564,0.0158016828891378,0.0441530476803249,"NRXN2","Astrocytes"
"ZNF675",4.25153376366559,0.722244220428401,0.299275099160238,2.41331210800701,0.0158082762036934,0.0441530476803249,"ZNF675","Astrocytes"
"EIF3L",5.85537408934925,0.51699725385552,0.214230691240798,2.41327351772584,0.0158099502071033,0.0441530476803249,"EIF3L","Astrocytes"
"ATG3",5.0096023088729,-0.651732174785202,0.270115745513532,-2.41278853828442,0.0158310013704561,0.0442018692154132,"ATG3","Astrocytes"
"ZNF571",4.76809743140993,0.67037424689017,0.277890696059007,2.41236664774061,0.0158493341239325,0.044243080355423,"ZNF571","Astrocytes"
"PXDNL",1.65859425094712,-1.07189859784348,0.444355208235412,-2.41225618149074,0.0158541373870951,0.0442465141456836,"PXDNL","Astrocytes"
"EBAG9",6.74017569836594,-0.567762824905348,0.23538384568272,-2.41207217623019,0.0158621410955285,0.0442588763375235,"EBAG9","Astrocytes"
"PSRC1",13.9786717051236,0.78158205998562,0.324056484080179,2.41186983869219,0.0158709463079627,0.0442734688289035,"PSRC1","Astrocytes"
"LAT",3.33040721007592,-0.991330649968709,0.411178523984214,-2.41094948336058,0.0159110520840545,0.0443753508911818,"LAT","Astrocytes"
"RNF146",13.42452788859,-0.366616353319727,0.152073949740019,-2.41077682237151,0.0159185859487782,0.0443863656392074,"RNF146","Astrocytes"
"OTULIN",7.44609683433497,0.830343513795158,0.344519895335094,2.41014677247458,0.0159461040690381,0.044453085701688,"OTULIN","Astrocytes"
"ENSG00000272030",2.41374926984787,1.34787283267537,0.559416173065921,2.40942771691468,0.0159775607092747,0.0445114952239077,"ENSG00000272030","Astrocytes"
"ENSG00000223725",2.03031088026341,1.09962236088827,0.456399970640071,2.40933924545639,0.0159814348514491,0.0445114952239077,"ENSG00000223725","Astrocytes"
"APEH",3.48934595265394,-0.753869228134409,0.312881798840326,-2.40943778426412,0.0159771199149883,0.0445114952239077,"APEH","Astrocytes"
"DNPH1",8.39047118031042,-0.674473189681267,0.279935010645165,-2.40939205184379,0.0159791223741117,0.0445114952239077,"DNPH1","Astrocytes"
"CCDC7",26.8081238426077,-0.347663425882448,0.14445410302857,-2.40673970896962,0.0160956371438272,0.0448194906121007,"CCDC7","Astrocytes"
"ABL1",22.5498763877172,0.309030903046154,0.1284240960665,2.4063311521082,0.0161136508584582,0.044859563529741,"ABL1","Astrocytes"
"SCLY",8.10134175038858,0.469371050119805,0.195073537729765,2.40612363717945,0.0161228072008932,0.0448749655132974,"SCLY","Astrocytes"
"ENSG00000268403",5.18885090830897,-0.903094800571076,0.375440416858147,-2.40542775902653,0.0161535453635698,0.0449504162330527,"ZNF143-AS1","Astrocytes"
"MED13",38.2583429839929,0.282605358137282,0.117532443129987,2.40448807674942,0.0161951345147785,0.0450560212753319,"MED13","Astrocytes"
"TARS1",5.63465883592688,0.569126978711955,0.23675192693872,2.4038958671676,0.0162213932786153,0.0451088059665603,"TARS1","Astrocytes"
"PRKAA1",10.2480839364564,0.406454677286821,0.169075887689236,2.40397778087607,0.0162177589700422,0.0451088059665603,"PRKAA1","Astrocytes"
"METTL14",8.60925736616522,0.522417473070396,0.217341364583272,2.4036725547945,0.0162313047316266,0.0451262340574164,"METTL14","Astrocytes"
"RBPMS",12.9967942291836,0.492051059583507,0.204759449543726,2.40306887266968,0.0162581250863021,0.0451906538594115,"RBPMS","Astrocytes"
"ZNF514",10.2550201578688,-0.498949189470201,0.207655351642661,-2.402775490847,0.0162711734934465,0.045216773197789,"ZNF514","Astrocytes"
"KIAA1191",7.17812743257083,0.659381032799448,0.274454328319931,2.40251642900238,0.016282703139914,0.0452386612029515,"KIAA1191","Astrocytes"
"TAB3",6.05978222782307,0.550213883904036,0.229041016165633,2.40225044891586,0.0162945481538106,0.0452614153855174,"TAB3","Astrocytes"
"DIP2B",34.8810163091145,0.262047168289343,0.109110786398355,2.40166143915991,0.0163208057489242,0.0453241842540769,"DIP2B","Astrocytes"
"ARHGEF4",87.5162235918727,0.412991418868796,0.171973382401853,2.40148453848371,0.0163286990991932,0.045326336075419,"ARHGEF4","Astrocytes"
"MOB4",12.9898684561277,0.393271088312638,0.163761966433822,2.40148000709043,0.016328901335092,0.045326336075419,"MOB4","Astrocytes"
"LINC00907",5.91762144431035,0.648918323480203,0.270307345851515,2.40066847401427,0.0163651555326466,0.0454167908921477,"LINC00907","Astrocytes"
"OTOGL",2.98736270781837,0.723448013515394,0.301367192987437,2.40055331286691,0.0163703059345336,0.0454209048593614,"OTOGL","Astrocytes"
"SCARB1",9.23627833906573,0.46254138973417,0.192721467078847,2.40005120729458,0.0163927784635021,0.0454730680361888,"SCARB1","Astrocytes"
"ENSG00000224848",6.24033152634749,0.538689766066082,0.224539298738749,2.39908901957,0.0164359184374809,0.0455825258703977,"ENSG00000224848","Astrocytes"
"C1GALT1",10.1058437377815,-0.45368217667866,0.189125040909917,-2.39884773849041,0.0164467519742194,0.0456023577466992,"C1GALT1","Astrocytes"
"MANEA",1.80092451863362,-1.10069314664171,0.458895972584678,-2.39856789424885,0.0164593248557739,0.0456195046814834,"MANEA","Astrocytes"
"ENSG00000278291",3.40099555878551,-0.846948294074258,0.353109032436362,-2.39854610410425,0.0164603042006677,0.0456195046814834,"ENSG00000278291","Astrocytes"
"COL28A1",7.13835308645299,-0.634766934453544,0.26473989176684,-2.39770036248482,0.0164983551170055,0.0457147306811096,"COL28A1","Astrocytes"
"LINC00298",7.48816741434996,-0.514381290645133,0.214573083119075,-2.39723120518188,0.0165194963586169,0.045763070113815,"LINC00298","Astrocytes"
"MKKS",3.17409096440365,-0.931271349130646,0.388715437405433,-2.39576631004579,0.0165856609114122,0.0459360856779282,"MKKS","Astrocytes"
"CAMK2D",58.9216432894118,0.320344910109479,0.133731001786661,2.39544238680362,0.0166003228533361,0.0459664127667398,"CAMK2D","Astrocytes"
"SGK1",19.1020518328768,-0.585068288120025,0.244264811953773,-2.39522133147343,0.0166103351532876,0.0459838542819496,"SGK1","Astrocytes"
"CNOT6L",13.3746192978324,0.357652732283203,0.149342868724872,2.39484305703335,0.0166274807096188,0.0459901929031068,"CNOT6L","Astrocytes"
"HPF1",6.88973272315634,-0.622532099910419,0.259923355347544,-2.39506026335351,0.0166176337807626,0.0459901929031068,"HPF1","Astrocytes"
"GOLM1",11.0421791647886,-0.416390968443827,0.173869261296881,-2.39485096639849,0.0166271220530353,0.0459901929031068,"GOLM1","Astrocytes"
"SSH2",40.5030282281688,0.22526182672761,0.0940570616091043,2.3949485862506,0.0166226959609123,0.0459901929031068,"SSH2","Astrocytes"
"ST8SIA1",50.6095628656994,0.595927457644563,0.248862983965042,2.39460062782288,0.0166384771548509,0.0460103310872084,"ST8SIA1","Astrocytes"
"DENR",12.803120862833,-0.40937724923938,0.171042713075201,-2.39342116293134,0.0166920681455975,0.0461482205507779,"DENR","Astrocytes"
"PPAT",5.8086925327284,0.517615152033879,0.216274627722153,2.39332351411492,0.016696511771156,0.0461502020674609,"PPAT","Astrocytes"
"SCARA3",45.1140680294703,0.535960237705916,0.224016800421024,2.39250019060453,0.0167340194028622,0.0462435532840086,"SCARA3","Astrocytes"
"ANXA6",3.27314856519695,-0.837692899004676,0.350202794540437,-2.39202231411077,0.0167558236344476,0.0462934770337716,"ANXA6","Astrocytes"
"KLHL20",12.3122492800538,0.525966292807851,0.219911300313275,2.39172017108073,0.0167696224831237,0.0463212659398886,"KLHL20","Astrocytes"
"USP5",4.98598861922023,0.691560142163153,0.289178075620067,2.39146809688211,0.0167811423245733,0.0463427487522727,"USP5","Astrocytes"
"CALCOCO2",16.0098983171734,0.513723805762963,0.214841185820174,2.39117934395018,0.016794346927977,0.0463688735806329,"CALCOCO2","Astrocytes"
"CDC7",5.31690912006435,1.17863148240124,0.492928415410569,2.39108041969855,0.0167988728078967,0.0463710303121232,"CDC7","Astrocytes"
"PRPF4",3.30127596409518,0.795794432051769,0.332836722065077,2.39094540744868,0.016805051476356,0.0463777473661056,"PRPF4","Astrocytes"
"ENSG00000288899",29.0052436585875,0.798797375320533,0.334169711060305,2.3903943082872,0.0168302925426179,0.0464370571647142,"ENSG00000288899","Astrocytes"
"DDX6",20.5605572784821,0.427624551345767,0.178932109066818,2.38987040155035,0.0168543190104642,0.046492990043791,"DDX6","Astrocytes"
"RAB11B",20.107720081764,-0.359924104571041,0.150617561561585,-2.38965563404022,0.0168641769887998,0.0465098226397122,"RAB11B","Astrocytes"
"UBA1",17.2600745702355,-0.499424707924857,0.209011942825296,-2.38945536400427,0.0168733740826597,0.0465248254877701,"UBA1","Astrocytes"
"HSPA6",2.06821690723467,1.8976758550424,0.794395118084405,2.38883121489774,0.0169020654184292,0.0465935610143386,"HSPA6","Astrocytes"
"ENSG00000287292",81.4751894708859,-0.514536547602811,0.215403673597979,-2.38870832148908,0.016907719713981,0.0465987743641725,"ENSG00000287292","Astrocytes"
"TMEM175",15.8672236907264,-0.398216740176353,0.166737957327357,-2.38827886918713,0.0169274917484042,0.0466428861416308,"TMEM175","Astrocytes"
"TMEM178B",49.0328714390537,-0.314795409151239,0.131842752256072,-2.38765805297987,0.0169561100695689,0.0467113483851994,"TMEM178B","Astrocytes"
"PIH1D2",3.23250011265902,-0.850164615137735,0.35610875267142,-2.38737354462662,0.0169692394885057,0.0467371202371367,"PIH1D2","Astrocytes"
"AIF1L",2.99689878625862,0.904543526552931,0.378961298325604,2.38690212047919,0.0169910142896236,0.0467866866685365,"AIF1L","Astrocytes"
"ADSL",4.90670688706356,0.647614008082592,0.271331372211043,2.38680106471018,0.0169956851856397,0.0467891439870556,"ADSL","Astrocytes"
"TAF15",36.1405390502198,0.330693199040277,0.138612561955933,2.38573758665112,0.0170449085415645,0.0469142259324724,"TAF15","Astrocytes"
"PTPRS",27.9866165400862,0.325586623369582,0.136556115574216,2.3842698073279,0.0171130505320808,0.0470913121641681,"PTPRS","Astrocytes"
"ZDHHC21",42.2903189872526,-0.304734174024644,0.127864455472114,-2.38325946721842,0.017160094573704,0.047210275740097,"ZDHHC21","Astrocytes"
"SNRPF",7.53933919900795,0.516439996077621,0.216714468747804,2.38304345372812,0.0171701674276319,0.0472274951702279,"SNRPF","Astrocytes"
"ZNG1F",4.0342062980705,0.686047318594205,0.28792243646684,2.38275046228715,0.0171838381036851,0.047254600763476,"ZNG1F","Astrocytes"
"LRRC37A2",15.1007578806895,-0.682268997429737,0.286423778513823,-2.3820263840169,0.0172176638062606,0.0473371072186779,"LRRC37A2","Astrocytes"
"CALU",14.512931019287,0.415128783235791,0.174296988959585,2.38173238513058,0.0172314147841682,0.0473643971747737,"CALU","Astrocytes"
"QTRT2",3.04978901463058,0.756745688142614,0.317749617153117,2.38157859928421,0.0172386115248242,0.0473736632294491,"QTRT2","Astrocytes"
"ARSD",5.78542425304761,-0.643953658959398,0.270416233076336,-2.38134246466489,0.01724966708615,0.0473935272970479,"ARSD","Astrocytes"
"METTL16",11.5540826892056,0.506645335408585,0.212765353969731,2.38123983043152,0.0172544742458963,0.0473962188524697,"METTL16","Astrocytes"
"AKAP12",42.2840461406291,1.01220565231118,0.425100865608905,2.38109525103254,0.0172612480176101,0.0474043100913873,"AKAP12","Astrocytes"
"SPOCK3",9.52616175389172,-0.627285741839927,0.263519036684369,-2.38041907610364,0.0172929588460423,0.047480866827171,"SPOCK3","Astrocytes"
"ATP5IF1",15.8334545955758,-0.414844247315539,0.174371058543459,-2.37908888539634,0.0173554904496452,0.047631435779689,"ATP5IF1","Astrocytes"
"ENSG00000253607",4.60503838970062,0.864448008174651,0.363351213613343,2.37909762176974,0.01735507911104,0.047631435779689,"LOC124902013","Astrocytes"
"DZIP1",21.2534995845572,-0.322407058776365,0.135563143203823,-2.37827960577468,0.017393631223902,0.0477255341115839,"DZIP1","Astrocytes"
"TBC1D2",2.71683225214801,-0.835720799389193,0.351451209095632,-2.37791413931881,0.0174108794758956,0.0477622774811729,"TBC1D2","Astrocytes"
"HMGCR",10.8264686777272,0.792708877865908,0.333457223071996,2.37724308552392,0.0174425890294842,0.0478386666560583,"HMGCR","Astrocytes"
"PAICS",9.08264983798078,0.567929719052779,0.238940211758707,2.37686957282143,0.017460260690637,0.0478659305140931,"PAICS","Astrocytes"
"TUBG2",11.1186602052912,0.376251854872637,0.158293228111105,2.37692957154521,0.017457420968661,0.0478659305140931,"TUBG2","Astrocytes"
"KDSR-DT",4.05742551715659,-0.820378199080635,0.345220568896618,-2.37638852662429,0.017483043110539,0.0479177784058884,"KDSR-DT","Astrocytes"
"NAT9",14.1905055098472,-0.432268496325477,0.18194162759862,-2.37586363291804,0.0175079318856985,0.0479753752026121,"NAT9","Astrocytes"
"CDK11B",6.0919960474458,0.870134899251109,0.366269189842907,2.37567047237664,0.0175170987545675,0.0479792598712252,"CDK11B","Astrocytes"
"NFATC1",6.59442638960758,0.512109610179429,0.215562548021125,2.3756891671611,0.017516211367556,0.0479792598712252,"NFATC1","Astrocytes"
"SPTBN1-AS1",1.64993316299828,-1.4612475518036,0.615141141628644,-2.37546711301867,0.0175267541779038,0.0479950900011019,"SPTBN1-AS1","Astrocytes"
"TBC1D14",8.88775941649393,0.461853275481249,0.194525850384623,2.37425141475058,0.0175845724336055,0.0481427725945914,"TBC1D14","Astrocytes"
"XKR9",2.15205319606796,-0.999036183049609,0.420813905295833,-2.3740569655066,0.0175938358763662,0.0481574866615921,"XKR9","Astrocytes"
"ENSG00000259605",3.81949035055454,-0.831064784043888,0.350099919631691,-2.37379313002464,0.0176064116763266,0.0481771213231406,"ENSG00000259605","Astrocytes"
"ERVK3-1",5.41429169559918,0.554903601825307,0.233767322177648,2.37374324459095,0.0176087903665133,0.0481771213231406,"ERVK3-1","Astrocytes"
"KANK2",6.51894110187887,0.6254623740301,0.263550039917949,2.37322056268641,0.017633730382782,0.0482346992113959,"KANK2","Astrocytes"
"SEC23A",13.6428941878451,0.41605157429525,0.175318536515399,2.3731179974726,0.0176386279630583,0.0482374403857223,"SEC23A","Astrocytes"
"ZNF22",4.60174366114345,-0.813895851530344,0.342994609663281,-2.37291149365102,0.0176484923212963,0.0482431082592963,"ZNF22","Astrocytes"
"IFITM2",12.7669153026368,0.918677554814241,0.387144809162913,2.37295588903959,0.0176463712164666,0.0482431082592963,"IFITM2","Astrocytes"
"WNK2",22.207097581521,-0.554727858467317,0.233792583639681,-2.37273505357321,0.0176569244126483,0.0482555054075974,"WNK2","Astrocytes"
"ARFRP1",12.4242745667504,0.503014470960092,0.212013263966539,2.37256132729262,0.0176652302610709,0.0482675521453753,"ARFRP1","Astrocytes"
"CD74",4.59585152789603,0.631043368791585,0.266023781942881,2.37213140939061,0.0176857993477535,0.0483130936075958,"CD74","Astrocytes"
"TP53TG1",3.07148650336459,-0.759630115334581,0.320409129081596,-2.37081295876913,0.0177490105399308,0.0484750766466616,"TP53TG1","Astrocytes"
"PLAAT4",6.75071652666033,0.568160223557057,0.239746522444776,2.36983718371944,0.0177959200504055,0.0485924758509748,"PLAAT4","Astrocytes"
"KALRN",92.3323957543174,0.584410260304524,0.246623617046751,2.36964434835023,0.0178052032829534,0.0486071058758403,"KALRN","Astrocytes"
"PARG",12.971547565933,-0.628915141394831,0.265422917280193,-2.36948319248153,0.0178129646962739,0.0486175758946352,"PARG","Astrocytes"
"EEF1D",40.5207625972826,0.558108274350991,0.235578156065398,2.3691002751378,0.0178314182352912,0.0486357823805309,"EEF1D","Astrocytes"
"TRIM69",10.6490240949029,0.571844811792194,0.241360403945047,2.3692569387744,0.0178238662832282,0.0486357823805309,"TRIM69","Astrocytes"
"FLYWCH1",14.7971654662145,-0.412076000694494,0.173935282216513,-2.3691340563184,0.0178297895804303,0.0486357823805309,"FLYWCH1","Astrocytes"
"CCDC174",7.85942631124086,0.750488957845498,0.317013507271172,2.36737218014983,0.0179149070546985,0.0488527403784038,"CCDC174","Astrocytes"
"CKB",199.765411441227,-0.437455522324769,0.184945934893529,-2.36531569388971,0.0180147074106724,0.0491140735064634,"CKB","Astrocytes"
"C19orf53",12.3160414803079,-0.780679089331438,0.330084270478676,-2.36509024861841,0.0180256777317179,0.0491331647263619,"C19orf53","Astrocytes"
"C10orf90",10.6557169130971,-0.5039579055955,0.213118625441742,-2.36468260130207,0.0180455289852923,0.0491764492572348,"C10orf90","Astrocytes"
"NLGN2",24.4754225802664,0.391369465452602,0.16557353211209,2.36371997661831,0.0180924820536163,0.0492935545148361,"NLGN2","Astrocytes"
"RHOBTB2",8.08001149485079,0.863865010590973,0.365500695081495,2.36351126609584,0.0181026762388732,0.049310479512971,"RHOBTB2","Astrocytes"
"GK5",9.69514217839559,0.664043108283779,0.281003194669736,2.36311586800367,0.0181220027203901,0.0493522673601476,"GK5","Astrocytes"
"CPSF6",19.3853336090714,0.400387351663282,0.1694608584859,2.36271287210903,0.0181417191621188,0.0493950985893837,"CPSF6","Astrocytes"
"USP14",16.6147058774878,0.748406287833961,0.316779622740756,2.36254554935952,0.0181499108899013,0.0494065391403931,"USP14","Astrocytes"
"ANK2",373.242800037503,0.16316887442947,0.0690714731129835,2.36231930601172,0.0181609923821264,0.0494258392676639,"ANK2","Astrocytes"
"PPP4R1",14.275161734619,0.330819729672592,0.14007743683488,2.36169176954997,0.0181917603891748,0.0494986967477812,"PPP4R1","Astrocytes"
"JAZF1",16.685594571346,-0.436557556237602,0.184868677724872,-2.36144684762284,0.0182037812477344,0.0494987754041931,"JAZF1","Astrocytes"
"SLC39A11",85.8839209286854,0.619170763546245,0.262182358060119,2.36160345847628,0.0181960939277535,0.0494987754041931,"SLC39A11","Astrocytes"
"CRNKL1",1.5595071333445,-1.30387774884141,0.552134625360361,-2.36152142784092,0.0182001200868418,0.0494987754041931,"CRNKL1","Astrocytes"
"CFAP221",6.07268822601949,-0.65925817406383,0.279230190704981,-2.36098457834871,0.0182264885471327,0.049549639446574,"CFAP221","Astrocytes"
"EIF4E",11.2200350074551,-0.418500574832991,0.177327961504932,-2.36003713842586,0.0182731056081816,0.0496654668011661,"EIF4E","Astrocytes"
"PSMB2",6.28730103608604,-0.588135123699366,0.249292422370342,-2.35921781379158,0.0183135031220955,0.0497534245636044,"PSMB2","Astrocytes"
"BCS1L",2.76975809948543,-0.88743699979631,0.376156715436473,-2.35922147173838,0.0183133225902355,0.0497534245636044,"BCS1L","Astrocytes"
"KMT2A",36.0334465400579,0.272291731232749,0.11542277106359,2.3590815635741,0.018320228634078,0.0497607789374398,"KMT2A","Astrocytes"
"BAALC",79.5182600984488,0.693867036919093,0.294282640609185,2.35782523727102,0.0183823447105079,0.0499076024008374,"BAALC","Astrocytes"
"DEPDC4",1.0733355063323,-1.30290188930013,0.552580444745631,-2.35785015863147,0.018381110742959,0.0499076024008374,"DEPDC4","Astrocytes"
"ASPHD1",5.48280704269725,0.849266608883038,0.360243885395714,2.3574768186562,0.0183996040628027,0.0499435109841485,"ASPHD1","Astrocytes"
