"geneID","baseMean","log2FoldChange","lfcSE","stat","pvalue","padj","Symbol","celltype"
"IL1RAPL1",16.5332671477757,-3.01920531416527,0.251399629844112,-12.0095853603183,3.16427587582155e-33,1.37962428185819e-29,"IL1RAPL1","Microglia"
"NEAT1",142.599587925313,1.56403921799915,0.149633763119458,10.4524486011257,1.42790220044732e-25,3.11282679697516e-22,"NEAT1","Microglia"
"PPP2R2B",13.7769366060572,-2.33578790456827,0.25171683430172,-9.27942666626929,1.70392952890336e-20,2.47637758200621e-17,"PPP2R2B","Microglia"
"NTM",10.3234255515956,-3.55865080385104,0.395379594958444,-9.00059297249537,2.24501803968452e-19,2.44706966325613e-16,"NTM","Microglia"
"DPP10",16.8669718081833,-4.46256625746365,0.56360911342161,-7.9178390682363,2.41673881294215e-15,2.10739624488556e-12,"DPP10","Microglia"
"SPARCL1",6.34936526470311,-3.86507155540452,0.493143697288885,-7.83761726379795,4.59176075290852e-15,3.33667948044686e-12,"SPARCL1","Microglia"
"PIM1",4.06667842957863,4.10287435513814,0.525591964331773,7.80619688574282,5.89394824168386e-15,3.67108776196309e-12,"PIM1","Microglia"
"LSAMP",31.2984182998364,-3.80303753588829,0.488370075811171,-7.78720426220123,6.85081507789288e-15,3.73369421745162e-12,"LSAMP","Microglia"
"NFIA",15.8329152614475,-1.17669180452875,0.152282246933708,-7.72704519549797,1.1007157582108e-14,5.33235633977677e-12,"NFIA","Microglia"
"CLU",8.79247213388033,-2.52353257774193,0.329077830048645,-7.66849768448059,1.74022502944995e-14,7.58738112840177e-12,"CLU","Microglia"
"FCGR3A",7.38381765417829,1.75174872881909,0.230891736659484,7.58688359385744,3.27691227832622e-14,1.29884886668203e-11,"FCGR3A","Microglia"
"CPM",12.4344143864529,2.41508696244565,0.322106920050454,7.49778043286793,6.49075047169449e-14,2.35830600471566e-11,"CPM","Microglia"
"FLOT1",7.14724374747336,1.58552556994213,0.212524450216901,7.46043840284708,8.62350633887153e-14,2.89219135672922e-11,"FLOT1","Microglia"
"SAT1",56.8328900425733,-0.986289345950804,0.133111127894283,-7.40951835923225,1.26758927967154e-13,3.94763518526279e-11,"SAT1","Microglia"
"CALM2",14.4993615333553,-1.64065227077131,0.223912534649669,-7.32720154920428,2.35008261985178e-13,6.83090681503585e-11,"CALM2","Microglia"
"MS4A6A",22.7501390712032,0.868733646235186,0.120099461457058,7.23345163829736,4.70870179949606e-13,1.28312124036268e-10,"MS4A6A","Microglia"
"TTLL7",6.83589658393771,-2.64862289773258,0.370456632269126,-7.14961662721274,8.70205877425679e-13,2.23182213269174e-10,"TTLL7","Microglia"
"NRG3",12.5664816262724,-3.9757316791425,0.561864201559049,-7.07596545234726,1.48411835239922e-12,3.59486445358922e-10,"NRG3","Microglia"
"PDE4D",14.995272409797,-2.77445747385669,0.393495437988234,-7.05079959259822,1.77892553575234e-12,4.08216596625273e-10,"PDE4D","Microglia"
"NKAIN3",4.06389409477453,-4.35399946051645,0.621601394346492,-7.00448792444221,2.47890801175978e-12,5.40401946563633e-10,"NKAIN3","Microglia"
"BIN1",18.9355052586396,0.987811916761434,0.141307337906887,6.9905210259664,2.73867246954451e-12,5.42755089418822e-10,"BIN1","Microglia"
"NPAS3",15.3983717274931,-2.19716964351336,0.314299045804044,-6.99069778558355,2.73522391445439e-12,5.42755089418822e-10,"NPAS3","Microglia"
"DPYD",44.2880173488074,2.1142986883571,0.304589381295404,6.94147208732323,3.880349091172e-12,7.35579219022171e-10,"DPYD","Microglia"
"SNHG15",2.6010960306273,3.26709090947598,0.471968831357796,6.92225988753741,4.44494807300994e-12,8.0749889993014e-10,"SNHG15","Microglia"
"NKAIN2",8.68584139027687,-3.2803477573434,0.47787245490537,-6.86448386733859,6.67320811417384e-12,1.16380749511192e-09,"NKAIN2","Microglia"
"MGAT1",6.59025324205405,1.59590436896309,0.232763265371058,6.85634121182734,7.06465242920893e-12,1.18468786889811e-09,"MGAT1","Microglia"
"ERBB4",6.94726007006819,-2.33864530620057,0.344889843273595,-6.78084713658953,1.19473238239134e-11,1.92927155082454e-09,"ERBB4","Microglia"
"NRXN1",13.0991699465734,-4.79746015258189,0.709027037055632,-6.76625841026351,1.32155420261633e-11,2.05784868693114e-09,"NRXN1","Microglia"
"DLG2",27.4834095934889,-2.29433158995821,0.341692835052943,-6.7146025745688,1.88579483442269e-11,2.83519499244239e-09,"DLG2","Microglia"
"HSPA5",11.603432473782,3.82829189201944,0.571301730435187,6.70099824326325,2.07000530563294e-11,2.87222510576866e-09,"HSPA5","Microglia"
"MIR100HG",4.25528459418915,-2.49362102695332,0.371995484486479,-6.70336369914716,2.03675676782726e-11,2.87222510576866e-09,"MIR100HG","Microglia"
"HS3ST4",22.5072326750507,-1.71097562057029,0.255432918308876,-6.6983364238956,2.10805512349994e-11,2.87222510576866e-09,"HS3ST4","Microglia"
"GPM6A",12.4023652131397,-2.96611591486309,0.444605989961008,-6.67133592852227,2.5348524150089e-11,3.34907773619358e-09,"GPM6A","Microglia"
"GNL3",2.64562148170043,2.68753951289794,0.405423570464708,6.62896710671609,3.38043892992049e-11,4.33491580425099e-09,"GNL3","Microglia"
"ADGRB3",27.8416347399136,-2.600923630809,0.394030503539628,-6.60081797587893,4.08895353073666e-11,5.09366782686053e-09,"ADGRB3","Microglia"
"SSBP2",21.3298668960912,-1.08968490771115,0.16605336513653,-6.56225730092977,5.29992594972402e-11,6.41879920577687e-09,"SSBP2","Microglia"
"MYO1E",10.0068616788962,1.97626119285397,0.303844923603045,6.5041770960631,7.81198231894155e-11,9.20547105691491e-09,"MYO1E","Microglia"
"NAV2",15.0625382533328,-1.73561625687509,0.267623223536528,-6.4852976282837,8.85567928003136e-11,1.01607267528781e-08,"NAV2","Microglia"
"ENSG00000227227",1.86227608485623,3.98347130391447,0.618597785454243,6.43951756307916,1.19853846979515e-10,1.30640693207671e-08,"ENSG00000227227","Microglia"
"LINC02712",10.6526989838289,-3.01252290021311,0.46755073614772,-6.443199993725,1.16980381050772e-10,1.30640693207671e-08,"LINC02712","Microglia"
"NALF1",8.15084606839731,-5.11477446908717,0.80121255365798,-6.38379222309409,1.72755453555795e-10,1.83710677439821e-08,"NALF1","Microglia"
"NEBL",3.13442258013304,-3.54540070896967,0.561482039971523,-6.31436173657394,2.71278730022547e-10,2.8161315783293e-08,"NEBL","Microglia"
"SELENOO",5.63461361065213,1.98446342292986,0.315747781886289,6.28496393885841,3.27929802760991e-10,3.3250556745068e-08,"SELENOO","Microglia"
"KCNMB2-AS1",5.37320551840333,-2.67422777703441,0.427329991400931,-6.25799225621256,3.89965179128879e-10,3.86420041136798e-08,"KCNMB2-AS1","Microglia"
"FCGR1A",9.59217174038347,1.26255866000898,0.202214462080716,6.24366154140358,4.27444409182991e-10,4.14146138675075e-08,"FCGR1A","Microglia"
"AIG1",9.18531649355281,-1.43606028683496,0.230951671469053,-6.21801209621205,5.03492755024657e-10,4.75101556686285e-08,"AIG1","Microglia"
"PARVB",3.66616934880724,2.38979938591772,0.384500459323576,6.21533558145008,5.12150760648059e-10,4.75101556686285e-08,"PARVB","Microglia"
"RPL32",24.7243632079198,-1.55204940112843,0.25104666058609,-6.18231446498845,6.31685326185543e-10,5.73780837951868e-08,"RPL32","Microglia"
"TYMP",19.0392278748347,2.50414056175936,0.405627330704217,6.17350058096894,6.67943045676906e-10,5.94332995745165e-08,"TYMP","Microglia"
"ITM2B",25.5668637199115,-1.41326557018275,0.229467311972855,-6.15889713455106,7.32532865575175e-10,6.38768658781553e-08,"ITM2B","Microglia"
"SAMSN1",28.1601733258892,-0.773430693635419,0.125921394277779,-6.14217066187541,8.14013290491569e-10,6.95901558145733e-08,"SAMSN1","Microglia"
"NCAM2",10.7130799465802,-2.12494151442674,0.346433519961809,-6.13376417692201,8.58237124603124e-10,7.19598819859543e-08,"NCAM2","Microglia"
"NTRK2",4.57993520947342,-3.0635480676049,0.504457472937529,-6.0729560606277,1.25576824835085e-09,1.01431711791849e-07,"NTRK2","Microglia"
"AKAP6",4.71443611219009,-2.18156134661278,0.359229360413463,-6.07289266139567,1.25626432035777e-09,1.01431711791849e-07,"AKAP6","Microglia"
"ENSG00000249738",19.8586737001949,-3.07176106273891,0.506348021755987,-6.06650155773535,1.30726459163387e-09,1.03630429445885e-07,"IL12B-AS1","Microglia"
"PPP1R9A-AS1",2.21784871660485,-4.07174588036257,0.673627789149315,-6.04450402128531,1.4987031627993e-09,1.16684746246517e-07,"PPP1R9A-AS1","Microglia"
"AK5",5.17083790773237,-4.79971891161542,0.795724967581226,-6.03188175206464,1.62061350220776e-09,1.17764581160431e-07,"AK5","Microglia"
"LINC03007",2.19489108756893,-3.02923929777175,0.501831192236928,-6.03637108380774,1.57618561933565e-09,1.17764581160431e-07,"LINC03007","Microglia"
"ARHGAP21",16.0811913662176,-0.971494822578686,0.161034403497855,-6.03284019735338,1.61102711995536e-09,1.17764581160431e-07,"ARHGAP21","Microglia"
"RPL23A",20.086359146263,-1.38764226093469,0.229965651683434,-6.03412836124277,1.59822989277783e-09,1.17764581160431e-07,"RPL23A","Microglia"
"CIAO1",5.07885559937905,1.55998320755007,0.259071017109537,6.02145012188105,1.72861294017047e-09,1.23553318346611e-07,"CIAO1","Microglia"
"TNIK",5.77893078756586,-2.628207187406,0.437165479152637,-6.01192754858019,1.83330259713658e-09,1.26876179738341e-07,"TNIK","Microglia"
"MEF2C-AS1",8.76209595362025,-1.42317331932476,0.236704606757941,-6.01244453505767,1.82746367733394e-09,1.26876179738341e-07,"MEF2C-AS1","Microglia"
"HMGN3",9.89491442477908,-1.14622553688683,0.192612531117303,-5.95093958964054,2.66607484467008e-09,1.81626348793149e-07,"HMGN3","Microglia"
"RPL7",17.143433395436,-1.48131807231626,0.24969929773291,-5.93240784321608,2.98523955345559e-09,2.00240683893329e-07,"RPL7","Microglia"
"AIF1",11.3314272667393,-1.14473191085577,0.193573288920657,-5.91368735448299,3.34532604611028e-09,2.20994266076376e-07,"AIF1","Microglia"
"CALR",7.05148789930647,2.57791767006671,0.436213619982138,5.90975969565615,3.42607155288221e-09,2.22950327918902e-07,"CALR","Microglia"
"CTNNA2",8.36723277026036,-3.13175453733829,0.530446545317904,-5.90399648179701,3.54799730746773e-09,2.23938551314021e-07,"CTNNA2","Microglia"
"ADGRV1",2.33760276794973,-3.41560293809349,0.578738174998964,-5.90181032744143,3.59534371375722e-09,2.23938551314021e-07,"ADGRV1","Microglia"
"ZMAT1",2.90405907165583,-3.08365449376417,0.52217632694838,-5.90538929978917,3.51814962547179e-09,2.23938551314021e-07,"ZMAT1","Microglia"
"IMMP2L",28.1131261513532,-1.06048249990721,0.179768333935719,-5.89916186399331,3.65352687141236e-09,2.24357424779689e-07,"IMMP2L","Microglia"
"IFI30",5.14544059120732,1.65566394748551,0.282133215335393,5.86837655934023,4.40082859966077e-09,2.66494620757236e-07,"IFI30","Microglia"
"HSP90B1",8.89258925793112,2.07848154694195,0.354397627081668,5.86482918651985,4.49595291800574e-09,2.68525407157603e-07,"HSP90B1","Microglia"
"NCK2",11.367764915302,0.995529484405188,0.169952387875736,5.85769636336673,4.69331729353229e-09,2.76525181078389e-07,"NCK2","Microglia"
"SRGAP2B",40.8781132581015,-0.559853067510278,0.0956248285027302,-5.85468310141119,4.77920418265214e-09,2.77831069818178e-07,"SRGAP2B","Microglia"
"GAS7",9.06817154742502,1.6394905512431,0.280290590385911,5.8492529092247,4.93785808093622e-09,2.83277121485288e-07,"GAS7","Microglia"
"GBE1",6.02626665597595,1.372572198171,0.234884973511073,5.84359304749777,5.10867415935494e-09,2.89270380971267e-07,"GBE1","Microglia"
"ENSG00000290853",2.46136449550874,-2.93699887230232,0.502925349228638,-5.83983065639254,5.22539090582496e-09,2.92085953197395e-07,"ENSG00000290853","Microglia"
"NLGN1",12.0473344550691,-2.42595340889018,0.415892805751492,-5.83312184135198,5.43998135587927e-09,3.00231882425742e-07,"NLGN1","Microglia"
"UQCRB",12.5008002889808,-2.14029553119332,0.367084879272274,-5.83051945761518,5.52550950935591e-09,3.01140268259897e-07,"UQCRB","Microglia"
"TBC1D8",5.05451350340925,2.01949451913395,0.34825337333401,5.79892306512435,6.67421412521214e-09,3.5238979077891e-07,"TBC1D8","Microglia"
"GRM3",2.88603148030415,-3.04992199317247,0.525943113882351,-5.79895793417444,6.67282668098845e-09,3.5238979077891e-07,"GRM3","Microglia"
"RPS24",14.9015001434883,-1.23052927185214,0.212230925614415,-5.79806768636439,6.70833776024072e-09,3.5238979077891e-07,"RPS24","Microglia"
"LRP1B",15.9787720820585,-2.77664157254141,0.479605671665887,-5.78942605682056,7.06273399047494e-09,3.64041145916501e-07,"LRP1B","Microglia"
"CADM2",29.6544168997161,-2.16840227247895,0.374607514484833,-5.78846442912652,7.10327865962392e-09,3.64041145916501e-07,"CADM2","Microglia"
"ZMAT3",7.11579444941856,-1.35010373984992,0.23331374837999,-5.78664459006098,7.18062810752731e-09,3.64041145916501e-07,"ZMAT3","Microglia"
"SLC9A9",53.6986901730414,-1.08381035190603,0.187395144892029,-5.78355619901725,7.31377385283088e-09,3.66529356302789e-07,"SLC9A9","Microglia"
"ESRRG",2.68657916729407,-3.04896744212982,0.530109547869351,-5.7515799411356,8.84132563629974e-09,4.31688662606918e-07,"ESRRG","Microglia"
"CTNNA3",15.8148334919483,-1.53660650951944,0.267224160765733,-5.75025291544103,8.91100450335381e-09,4.31688662606918e-07,"CTNNA3","Microglia"
"BCL2L1",4.58825501032563,1.70061516895622,0.295728524899435,5.75059565029963,8.89295737123094e-09,4.31688662606918e-07,"BCL2L1","Microglia"
"RPS3",14.4171253135096,-1.03320189997574,0.179819532717061,-5.74577124277954,9.1502945034069e-09,4.38409714668726e-07,"RPS3","Microglia"
"SPP1",128.820611058653,1.41421546243601,0.246329255862456,5.74115915498756,9.40306633417175e-09,4.45623578445531e-07,"SPP1","Microglia"
"H2AC6",9.78601988692731,-2.1150525459012,0.368729934749646,-5.73604784037197,9.69112980084091e-09,4.49220760382121e-07,"H2AC6","Microglia"
"PSD3",7.6874844889085,-1.66234040220222,0.28972321179315,-5.73768457112458,9.59796575027762e-09,4.49220760382121e-07,"PSD3","Microglia"
"ENSG00000225689",10.006672425562,-1.43162151912636,0.249656679199647,-5.73436097810752,9.78806702667465e-09,4.49220760382121e-07,"ENSG00000225689","Microglia"
"CX3CR1",21.1326734916564,-1.92718083889026,0.336200677213986,-5.73223366133686,9.91165989815120e-09,4.501545537077e-07,"CX3CR1","Microglia"
"RERE",20.9792172693664,-0.810274305934409,0.141714514362608,-5.71765220788282,1.08005917461213e-08,4.8286548264239e-07,"RERE","Microglia"
"MED12L",4.97732801951751,-2.09073997743111,0.365827558674874,-5.71509698450368,1.09641474269717e-08,4.8286548264239e-07,"MED12L","Microglia"
"OSCAR",2.04545851704828,2.54298990728557,0.444871210519327,5.71623842396314,1.08907904440172e-08,4.8286548264239e-07,"OSCAR","Microglia"
"IQGAP2",6.26661457855541,1.95357668537079,0.343551529886082,5.68641532761789,1.29733662507919e-08,5.65638768534529e-07,"IQGAP2","Microglia"
"RPL24",9.67465567401323,-1.94124761540058,0.341840778832359,-5.67880643740454,1.35637862084601e-08,5.85525820484018e-07,"RPL24","Microglia"
"ADD3",2.75117083039875,-2.5603988672283,0.451702291473447,-5.66833269513933,1.4419377344143e-08,6.16357698239839e-07,"ADD3","Microglia"
"NR4A2",3.51073931033878,-3.39745350388291,0.600257679699991,-5.6599917315193,1.5138028850303e-08,6.30522234359127e-07,"NR4A2","Microglia"
"ITGAV",10.5635268368193,1.37426552684328,0.242698597514663,5.66243703472678,1.49238144892677e-08,6.30522234359127e-07,"ITGAV","Microglia"
"DENND4C",8.93278208880599,1.26586927043667,0.223672971933328,5.65946461700342,1.51845950935111e-08,6.30522234359127e-07,"DENND4C","Microglia"
"MIR219A2HG",4.11287998473024,-2.62898264343736,0.465715581815631,-5.64503904547932,1.6514376508369e-08,6.75451999474799e-07,"MIR219A2HG","Microglia"
"NCAM1",8.00795603523216,-2.22786571267755,0.394704183957611,-5.64439345521812,1.65764596201384e-08,6.75451999474799e-07,"NCAM1","Microglia"
"ZFC3H1",7.35109626580359,1.14439892430675,0.202869252006458,5.64106641587224,1.69000152199622e-08,6.82259873694772e-07,"ZFC3H1","Microglia"
"TRIM25",2.18728545765711,2.79930204313519,0.496560854247785,5.63737962666371,1.72657212202069e-08,6.90628848808275e-07,"TRIM25","Microglia"
"CD63",11.8513115823067,0.99035413725755,0.175807090181907,5.63318655824878,1.76909902730121e-08,7.01206523548478e-07,"CD63","Microglia"
"MIR31HG",1.90789167262149,-3.28175133362994,0.582965075562637,-5.62941327224898,1.80823666020688e-08,7.10262327792974e-07,"MIR31HG","Microglia"
"KIF9-AS1",2.558182060841,-2.30196002908375,0.40958898458686,-5.62017074606065,1.90768826211701e-08,7.42635787752692e-07,"KIF9-AS1","Microglia"
"CAPS2",3.61270557212878,-2.00330827048234,0.356870957668774,-5.61353684695657,1.9823236567763e-08,7.64861163145546e-07,"CAPS2","Microglia"
"ACER3",14.3838793136789,1.24890908239467,0.222563466433395,5.61147389734973,2.00610552212603e-08,7.67247375128902e-07,"ACER3","Microglia"
"IRF9",4.23472325910956,1.53144455944544,0.273145352503582,5.60670187286223,2.06218418946735e-08,7.81836788354579e-07,"IRF9","Microglia"
"SNRPD2",3.96335350808578,-1.98603801901137,0.354382413703053,-5.60422284576323,2.09191426669676e-08,7.86271224379127e-07,"SNRPD2","Microglia"
"SF3A3",3.15375956829771,2.07636435080035,0.370848563520385,5.59895481619203,2.15647989500162e-08,7.96801045949751e-07,"SF3A3","Microglia"
"LMO2",5.9654701024679,1.9128290770269,0.341596787144778,5.59966940267558,2.14760975358548e-08,7.96801045949751e-07,"LMO2","Microglia"
"CTDSP1",3.94792644703847,3.86403515805408,0.690531175814465,5.59574323852438,2.19678614971157e-08,8.02774782395646e-07,"CTDSP1","Microglia"
"USP53",15.3655054086247,-1.23358123337749,0.220489297243059,-5.59474427467397,2.20947187815315e-08,8.02774782395646e-07,"USP53","Microglia"
"TSPAN5",4.43493439453459,-2.2699326113281,0.406089914547974,-5.58972909695333,2.27424135142106e-08,8.19478701834367e-07,"TSPAN5","Microglia"
"TPRG1",3.83591796515552,1.94803001911658,0.349220520429141,5.57822322904374,2.42987706807919e-08,8.68382296461089e-07,"TPRG1","Microglia"
"BCL6",4.59594497794351,2.73102400456043,0.489763513108084,5.57620960211818,2.45815722927361e-08,8.71346790214061e-07,"BCL6","Microglia"
"SRGAP2C",31.305650114967,-0.584441015221298,0.104953265154742,-5.56858344863884,2.56818626387186e-08,9.02513094526641e-07,"SRGAP2C","Microglia"
"MEG3",23.4340457018557,-3.98958445682616,0.716612999202837,-5.56727893753558,2.58748020219794e-08,9.02513094526641e-07,"MEG3","Microglia"
"AGPS",5.61938448684935,1.28151118541611,0.230744880666136,5.55380115786976,2.79523435050134e-08,9.67239822871893e-07,"AGPS","Microglia"
"XRCC4",5.91549108576179,1.26285275602441,0.227594653921428,5.548692529748,2.87813823779006e-08,9.88085253288555e-07,"XRCC4","Microglia"
"HEXB",3.60445365112878,1.73743773695926,0.314461114133634,5.52512746050029,3.29246495830491e-08,1.12149587642261e-06,"HEXB","Microglia"
"SRGAP2",78.5129427687529,-0.47960446383541,0.0869374880001426,-5.51665886452371,3.4550516842379e-08,1.16775390257963e-06,"SRGAP2","Microglia"
"SCD5",3.65097795753825,-2.35417108754966,0.428050422306797,-5.4997518162997,3.803261901088e-08,1.27555552990336e-06,"SCD5","Microglia"
"SLC12A2-DT",5.79270776489523,1.42645126100576,0.259984928527292,5.48666905072545,4.09583448144647e-08,1.36319376634401e-06,"SLC12A2-DT","Microglia"
"FERMT3",2.93397617205277,1.95033198689229,0.355624571058787,5.48424418786824,4.15240875360274e-08,1.37155319437181e-06,"FERMT3","Microglia"
"POU2F2",10.7074691959805,1.21564631036664,0.221744097829573,5.48220368553375,4.20060196090165e-08,1.37703943981437e-06,"POU2F2","Microglia"
"FNIP2",10.9734464932441,1.09163739021344,0.199664005221838,5.46737199326721,4.56756834780529e-08,1.48616402958441e-06,"FNIP2","Microglia"
"STAT3",9.44291960193347,1.04042383123884,0.190559678375718,5.45983200699718,4.76585320820743e-08,1.53919407316922e-06,"STAT3","Microglia"
"DLC1",3.32698991705791,-2.15815108069288,0.396872440023472,-5.43789606697114,5.39134066248221e-08,1.72840038885459e-06,"DLC1","Microglia"
"ALOX5",15.4656025140268,0.929906392056865,0.171110920648339,5.43452392479364,5.49429252896273e-08,1.74854857126113e-06,"ALOX5","Microglia"
"CDK19",9.05069320774682,-1.0980520672908,0.20264860195944,-5.4185030475097,6.01001150169646e-08,1.89881522807221e-06,"CDK19","Microglia"
"PRELID1",3.15329893079833,2.05131609663887,0.379295798659342,5.40822256373377,6.36532941448079e-08,1.99660692425441e-06,"PRELID1","Microglia"
"LIMCH1",4.33032170004295,-3.0167065408264,0.558389639454412,-5.40251166510529,6.57141824784456e-08,2.04652739718588e-06,"LIMCH1","Microglia"
"APBB2",2.78952175632389,-2.38625698623953,0.444103720751722,-5.37319746432292,7.7352538558262e-08,2.37504977545086e-06,"APBB2","Microglia"
"LAT2",8.15376533194242,1.3604217266021,0.253132773438627,5.37434054121774,7.68634698381353e-08,2.37504977545086e-06,"LAT2","Microglia"
"DENND3",18.7709953785793,0.796871906830839,0.148372083359545,5.37076711998313,7.84024041401638e-08,2.37788884903464e-06,"DENND3","Microglia"
"PYGL",4.60531244689423,1.38017457907572,0.256993705817469,5.37046062931984,7.85357785002265e-08,2.37788884903464e-06,"PYGL","Microglia"
"EEF1A1",30.9371952882367,-1.13975452232241,0.212891266167495,-5.35369319202456,8.61769324241361e-08,2.59125120944299e-06,"EEF1A1","Microglia"
"ANKS1B",9.40551238568628,-2.86875774636906,0.537179877618335,-5.34040433362493,9.27395066939684e-08,2.76948115880618e-06,"ANKS1B","Microglia"
"TNRC6B",18.6685829716829,-0.738511428968195,0.138415731725763,-5.33545876440818,9.53032865635384e-08,2.826682513041e-06,"TNRC6B","Microglia"
"GABRB1",4.07880871109993,-3.04637004857497,0.572552061676629,-5.32068654098311,1.03376388141475e-07,3.04541251551914e-06,"GABRB1","Microglia"
"PDE1A",6.6577940734792,-3.57423359147232,0.672377988854325,-5.31580993239013,1.06183943441258e-07,3.1071274725093e-06,"PDE1A","Microglia"
"SLC24A2",9.14638606270689,-2.51813376514738,0.474173276921812,-5.31057714069071,1.09278616964749e-07,3.17636513310871e-06,"SLC24A2","Microglia"
"RPL26",22.4658049378019,-1.48220759384008,0.279451833508113,-5.30398235442977,1.1330326978901e-07,3.27153812106015e-06,"RPL26","Microglia"
"COLGALT1",3.82139243709187,1.49382255751069,0.281740828458389,5.30211601096117,1.14468057650075e-07,3.2834258641732e-06,"COLGALT1","Microglia"
"AKR1A1",7.4606529318917,1.09917453744445,0.207614000471145,5.2943179889124,1.1946140363668e-07,3.40425960690147e-06,"AKR1A1","Microglia"
"GOLPH3",7.60807018056838,1.45418993722711,0.276795116536378,5.25366905104335,1.49098694458563e-07,4.22123576519048e-06,"GOLPH3","Microglia"
"NDUFAF2",3.16869730506531,1.88471695060284,0.359136500397966,5.24791255835691,1.53832276578142e-07,4.32715307019807e-06,"NDUFAF2","Microglia"
"SEMA6D",3.60935301651086,-3.53435114142757,0.674006203288292,-5.24379616119916,1.57305983326311e-07,4.39650055963281e-06,"SEMA6D","Microglia"
"GNAQ",57.1057964569887,0.55328332705253,0.105627031080194,5.23808462090035,1.62251670066888e-07,4.50584255727153e-06,"GNAQ","Microglia"
"PPARG",6.27755702435105,1.61225596782385,0.308256286955124,5.23024520845719,1.69285346328955e-07,4.67141841768509e-06,"PPARG","Microglia"
"CNTNAP2",10.4868604598434,-2.86881570103865,0.548979073070914,-5.22572870581547,1.73470551451386e-07,4.75680254294367e-06,"CNTNAP2","Microglia"
"MPP1",1.75269308479506,3.09775461130337,0.596374450462573,5.19431140770807,2.05478949137845e-07,5.59930136400627e-06,"MPP1","Microglia"
"WLS",2.49963094505868,-2.52673378822745,0.486688736607535,-5.19168330428201,2.08401270723494e-07,5.6436617413319e-06,"WLS","Microglia"
"MAGI2",16.4616549213822,-2.06675690193211,0.399807648277014,-5.1693781017919,2.34874275350413e-07,6.32130765757903e-06,"MAGI2","Microglia"
"ATG4C",5.52104840489816,-1.35278091409162,0.262101379815791,-5.16128879230767,2.45255488939802e-07,6.56020817041433e-06,"ATG4C","Microglia"
"DPYD-AS1",1.71943912387311,2.92982747069371,0.569499201668527,5.14456817869078,2.68136861809699e-07,7.05662716152912e-06,"DPYD-AS1","Microglia"
"ENSG00000226571",1.29015413006735,-2.86150182106933,0.556258381709174,-5.14419542277639,2.68669749727944e-07,7.05662716152912e-06,"LOC102723690","Microglia"
"PARVG",5.1832092317146,1.38679254921684,0.269528023211594,5.1452629403516,2.67146361169034e-07,7.05662716152912e-06,"PARVG","Microglia"
"MAMDC2",1.73369574834205,-2.68844498138136,0.523230569779054,-5.13816496332891,2.77434289886117e-07,7.1574763544584e-06,"MAMDC2","Microglia"
"UBE2Q2",2.28798666065601,2.12611618298234,0.413642981640081,5.13997886426686,2.74769374354289e-07,7.1574763544584e-06,"UBE2Q2","Microglia"
"CYSLTR1",1.4573592055969,-3.25255024562091,0.632974202250339,-5.13851944369534,2.76911545813857e-07,7.1574763544584e-06,"CYSLTR1","Microglia"
"ENSG00000287616",13.3980946743637,-1.57854987947986,0.307377216298196,-5.13554614909538,2.81325832313493e-07,7.21518016992252e-06,"LOC105377918","Microglia"
"GAB2",26.4030443490924,-0.639226527713072,0.124498377982451,-5.13441651266472,2.83020691663537e-07,7.21620009153813e-06,"GAB2","Microglia"
"NUP58",4.0991248452947,1.931666879263,0.3783689872083,5.1052463192486,3.30363903689505e-07,8.3519460699466e-06,"NUP58","Microglia"
"C3",27.8381575900614,0.794350395027369,0.15561290054215,5.10465644082128,3.31396025252468e-07,8.3519460699466e-06,"C3","Microglia"
"TAFA1",3.06008348577055,-4.44976672550362,0.87224234335604,-5.10152569340155,3.36926269492396e-07,8.44252031601636e-06,"TAFA1","Microglia"
"CTNND2",5.99116490896153,-2.11044447643059,0.414628708468277,-5.08996225617613,3.58134792456649e-07,8.92267254349137e-06,"CTNND2","Microglia"
"LTC4S",2.66634720777809,-2.03777183578665,0.400913433093737,-5.08282254366418,3.71867092414282e-07,9.21216206208108e-06,"LTC4S","Microglia"
"RHBDF2",24.8967516073732,0.694600580586445,0.136821766824477,5.07668185192727,3.8408318781183e-07,9.4078803306718e-06,"RHBDF2","Microglia"
"MYDGF",3.48059360645024,1.7010932750912,0.335068312171232,5.07685511670195,3.83733251550081e-07,9.4078803306718e-06,"MYDGF","Microglia"
"CACNB4",11.5185653567112,-1.05095959007113,0.20708299073837,-5.0750647666612,3.87364037000284e-07,9.40998754996352e-06,"CACNB4","Microglia"
"ATF7IP",9.01125311677996,-0.954948494492109,0.188185177721816,-5.07451493285914,3.88485724539778e-07,9.40998754996352e-06,"ATF7IP","Microglia"
"CSMD1",16.0364810193723,-4.0438367977364,0.797738858581307,-5.06912350355846,3.99651848894541e-07,9.62697271370276e-06,"CSMD1","Microglia"
"ATP1A1",3.89985765612573,1.53418795103591,0.302885147312501,5.06524656177021,4.07872087415868e-07,9.77100165457794e-06,"ATP1A1","Microglia"
"FLG-AS1",1.55443116800853,-2.99129836133624,0.590824087839162,-5.06292553554545,4.12871149987965e-07,9.83671155162582e-06,"FLG-AS1","Microglia"
"DBI",4.28031251456921,-1.77302077444352,0.350358320007363,-5.06059275089073,4.17955080376031e-07,9.90371820891031e-06,"DBI","Microglia"
"LINC03051",9.02562933992513,-3.23372502912606,0.640427425895278,-5.04932315258909,4.43378171655852e-07,1.03931657441909e-05,"LINC03051","Microglia"
"FAM168A",13.1974706172385,0.842233147670247,0.166770543058036,5.05025127475391,4.41229278880513e-07,1.03931657441909e-05,"FAM168A","Microglia"
"KIAA0825",2.51201473450445,-2.52877104569475,0.5018349601075,-5.0390491829287,4.67850258126861e-07,1.08501442842187e-05,"KIAA0825","Microglia"
"RPLP0",11.9994094192551,1.17102248253571,0.232343179668866,5.04005533626873,4.65397259436604e-07,1.08501442842187e-05,"RPLP0","Microglia"
"DPP7",6.14251162158342,1.41906536941004,0.281931350464729,5.03337201439601,4.81926606054872e-07,1.11174603301547e-05,"DPP7","Microglia"
"SYNE3",1.31224257513717,3.17762430004009,0.63150264301705,5.03184639870825,4.85778411209991e-07,1.11473361730293e-05,"SYNE3","Microglia"
"CNP",3.01106121753193,-2.3898525797308,0.475120611406508,-5.02999137978055,4.90501888089451e-07,1.11967970265445e-05,"CNP","Microglia"
"XRRA1",2.8065552227642,-2.64661822892823,0.526593809935091,-5.02591974876131,5.01025390281914e-07,1.12024138545084e-05,"XRRA1","Microglia"
"ENOX1",4.89541029033859,-3.41813707757934,0.679874979456041,-5.02759651533896,4.96665527120166e-07,1.12024138545084e-05,"ENOX1","Microglia"
"DAAM1",4.6041753752257,-1.7475427413406,0.347666181479108,-5.02649620364533,4.99522367857439e-07,1.12024138545084e-05,"DAAM1","Microglia"
"NRXN3",10.7061356529126,-2.17686433978812,0.433095322036284,-5.02629381807488,5.00049562850937e-07,1.12024138545084e-05,"NRXN3","Microglia"
"ATR",7.17220985890271,1.09651366917623,0.218459152348292,5.01930753364842,5.18580729943225e-07,1.151548509024e-05,"ATR","Microglia"
"LINC01684",17.0575283759644,-1.05186870612651,0.209591210873749,-5.01866801447187,5.20309762104882e-07,1.151548509024e-05,"LINC01684","Microglia"
"RPS3A",10.8220496302936,-1.0518566745952,0.209824459626975,-5.01303173359857,5.35790563426682e-07,1.17982164471734e-05,"RPS3A","Microglia"
"RBFOX1",23.296957015241,-4.40664389472468,0.880233596057749,-5.00622097868163,5.5509028426592e-07,1.21617770824091e-05,"RBFOX1","Microglia"
"CTSB",23.0777288946677,0.974649026159435,0.195057997760925,4.99671398941572,5.8315458647475e-07,1.25869009753956e-05,"CTSB","Microglia"
"CNTN1",4.39698239991426,-3.2330143001973,0.646963570930601,-4.99721227819194,5.81650292490151e-07,1.25869009753956e-05,"CNTN1","Microglia"
"RAD51B",23.3997455542978,-0.70510793117446,0.141083106449004,-4.99781971719859,5.7982154190939e-07,1.25869009753956e-05,"RAD51B","Microglia"
"MIR9-1HG",1.91104765901093,-2.8418790434187,0.56927956997552,-4.99206223673354,5.97379978676148e-07,1.2782788199477e-05,"MIR9-1HG","Microglia"
"TTC14",8.21686982201709,-1.41830220114564,0.284124606037126,-4.99183165065371,5.98093759792041e-07,1.2782788199477e-05,"TTC14","Microglia"
"CERCAM",3.74495490468462,-2.15480862240951,0.432172837728182,-4.98598809156255,6.16459415598317e-07,1.30473934563527e-05,"CERCAM","Microglia"
"SORBS1",4.71038612849337,-3.05023970993585,0.611737981648039,-4.98618657242505,6.15826790181599e-07,1.30473934563527e-05,"SORBS1","Microglia"
"RPS6",25.9863785626394,-1.30600291476243,0.26205111650013,-4.98377160992474,6.23566780914853e-07,1.31340635980133e-05,"RPS6","Microglia"
"FGL2",3.88689123802092,-1.5753833063314,0.31720320942664,-4.96647971872346,6.81791796794539e-07,1.42914049712701e-05,"FGL2","Microglia"
"SLCO3A1",2.72006670350333,-1.99479338158255,0.401851910160861,-4.9640012431048,6.90555008266306e-07,1.44058365360818e-05,"SLCO3A1","Microglia"
"TENM2",6.07186192515994,-3.80394427647511,0.766752976636803,-4.96110793486618,7.0092228096785e-07,1.45524816429516e-05,"TENM2","Microglia"
"FBXL7",2.67688490444741,-2.74163646367098,0.554125320176404,-4.94768306706901,7.51020598148236e-07,1.55187194688451e-05,"FBXL7","Microglia"
"PABPC1",19.4430632949552,0.948832848638531,0.192036116911575,4.94090832442437,7.77594655679938e-07,1.59169610270635e-05,"PABPC1","Microglia"
"PRUNE2",2.58503051347707,-2.27041749490272,0.459481283273779,-4.94126219620116,7.76184448106576e-07,1.59169610270635e-05,"PRUNE2","Microglia"
"TMEFF2",2.71939761902773,-2.14763478653731,0.435599216122817,-4.93029993408387,8.21034622391722e-07,1.67276212786351e-05,"TMEFF2","Microglia"
"PWP1",2.30178026819441,1.8921806799362,0.384621602294673,4.91959023790486,8.67255787196436e-07,1.75871406147742e-05,"PWP1","Microglia"
"TMBIM6",4.48716710715059,-1.42951544632711,0.290768140603667,-4.91634139613535,8.81765729172127e-07,1.77986045332892e-05,"TMBIM6","Microglia"
"LRRC7",6.18290704544327,-3.51599303738552,0.715380600136182,-4.91485656266916,8.88474845798531e-07,1.78513839985327e-05,"LRRC7","Microglia"
"CDC42BPA",4.90829527425435,-2.24021079103484,0.456138903638268,-4.9112469319464,9.04990332111758e-07,1.79211479509706e-05,"CDC42BPA","Microglia"
"RPS6KA5",4.80850521117772,-1.86198785108264,0.379024476401575,-4.91257944278477,8.98859439536352e-07,1.79211479509706e-05,"RPS6KA5","Microglia"
"TBC1D2B",8.89672243986723,0.990843253612183,0.201780024497308,4.91051210882077,9.08388462652407e-07,1.79211479509706e-05,"TBC1D2B","Microglia"
"MACROD2",13.6956128555334,-0.905288674869846,0.184328259689133,-4.91128531456113,9.04813171566732e-07,1.79211479509706e-05,"MACROD2","Microglia"
"ENSG00000284959",2.63312488215747,-2.39326987630103,0.487833718024621,-4.90591319925993,9.29936463593587e-07,1.82636170327389e-05,"ENSG00000284959","Microglia"
"ORC2",5.33145816707857,1.29267629942686,0.263752752450795,4.90109122052864,9.53057871523594e-07,1.86337772190263e-05,"ORC2","Microglia"
"DLGAP2",3.28386028279539,-4.01055462244284,0.818455174140651,-4.90015183379319,9.57626195302431e-07,1.86395098728509e-05,"DLGAP2","Microglia"
"ANO4",2.17619534669275,-2.23218994378671,0.455752698726358,-4.89780960162116,9.69108680187799e-07,1.87791726471947e-05,"ANO4","Microglia"
"PRR13",2.62440277934334,-2.05562143071602,0.420017781197534,-4.89412954102831,9.87417856335774e-07,1.90493002372742e-05,"PRR13","Microglia"
"KALRN",8.84593356029266,-4.95212740316118,1.01237376677084,-4.8915998870229,1.00019611651688e-06,1.92108152775929e-05,"KALRN","Microglia"
"NEGR1",4.30150233220502,-4.23506374036142,0.866426461471052,-4.88796675619875,1.01882728870123e-06,1.93977597324776e-05,"NEGR1","Microglia"
"RPLP2",24.4365460811548,-0.986467346733757,0.201789332536926,-4.8886000777729,1.01555566882983e-06,1.93977597324776e-05,"RPLP2","Microglia"
"ENSG00000269514",2.445329149613,-2.12909312072121,0.435835117380262,-4.88508850208964,1.03382405901383e-06,1.95977082491317e-05,"ENSG00000269514","Microglia"
"FRMD5",7.49009841335991,-1.41951362283106,0.291243689791892,-4.87397211539717,1.09376435075102e-06,2.06442102565994e-05,"FRMD5","Microglia"
"NMD3",2.32658079710955,-2.48884018873417,0.512837171939247,-4.85308071433832,1.21558186996836e-06,2.2844555832164e-05,"NMD3","Microglia"
"SLC25A46",4.28014512654262,1.36895101009629,0.282266058820366,4.84986050330439,1.2354833142208e-06,2.3118915236063e-05,"SLC25A46","Microglia"
"NECAB1",3.07434223615832,-3.49623948306811,0.721600157845852,-4.8451201750083,1.26535064806987e-06,2.35766189127548e-05,"NECAB1","Microglia"
"ID2",12.2750097953202,1.51671920856412,0.313350519228891,4.84032773360816,1.29625178604524e-06,2.39805576034961e-05,"ID2","Microglia"
"CARD8",5.46541535369954,-1.2686541586346,0.262115634162253,-4.84005527823376,1.29803018220759e-06,2.39805576034961e-05,"CARD8","Microglia"
"SMIM35",1.05511565120052,-3.40264999358056,0.704025128842214,-4.8331371341479,1.34398138236768e-06,2.47247207895489e-05,"SMIM35","Microglia"
"P2RY13",5.91177681042366,-3.04760112745044,0.63167862750089,-4.82460699914396,1.40279593618642e-06,2.56982784948437e-05,"P2RY13","Microglia"
"MAFB",6.27384055635145,1.51325812668615,0.31406957154896,4.81822584474807,1.44840369320777e-06,2.6422761934669e-05,"MAFB","Microglia"
"LAIR1",6.53605107378491,1.54398217818572,0.320554128841759,4.81660362249741,1.46022349509962e-06,2.65273934943097e-05,"LAIR1","Microglia"
"AKAP11",3.1879061572056,-1.63472294012854,0.340102174248035,-4.80656421483605,1.53546179742355e-06,2.77784789907331e-05,"AKAP11","Microglia"
"LAP3",3.36627804692308,1.57859014244262,0.328699843049627,4.80252782537619,1.56675038952373e-06,2.82274037120804e-05,"LAP3","Microglia"
"LRRTM4",6.21675473553221,-3.83449651230601,0.798902682189427,-4.79970414143235,1.5890019376149e-06,2.85104874403332e-05,"LRRTM4","Microglia"
"KCND2",3.77614602299646,-4.02354020454713,0.841076905577329,-4.78379584300357,1.72015402947246e-06,3.07371785594259e-05,"KCND2","Microglia"
"ST18",9.42642452174017,-1.25014337051355,0.261444044291407,-4.78168616883897,1.73830912030879e-06,3.09348072022299e-05,"ST18","Microglia"
"GRIA4",4.64217283490441,-3.46090326430119,0.724226513093557,-4.77875802905617,1.76381305364533e-06,3.12610768857466e-05,"GRIA4","Microglia"
"TRABD",8.00823916621377,2.06153807591369,0.432778486864162,4.76349480966866,1.90268507086186e-06,3.35858579310028e-05,"TRABD","Microglia"
"FUT9",4.16264374908772,-3.13285483226296,0.658366388756825,-4.75852790446767,1.95009937017782e-06,3.42840050563521e-05,"FUT9","Microglia"
"HS6ST3",2.32184417827883,-4.14106210401896,0.870428487052204,-4.75749836502146,1.96006843946651e-06,3.43208770926665e-05,"HS6ST3","Microglia"
"RPS4X",15.9402655244156,-1.33794002902211,0.281585645067217,-4.75144970086359,2.01963402138965e-06,3.52224173330355e-05,"RPS4X","Microglia"
"HMGN1",4.50845604925343,-1.73016815954402,0.364376154122143,-4.74830237920578,2.05131190407707e-06,3.5632350206279e-05,"HMGN1","Microglia"
"PGBD5",1.82695602463771,3.29054435447553,0.694393686552865,4.73873023070036,2.15061586966342e-06,3.72090682211608e-05,"PGBD5","Microglia"
"CCSER1",6.11193571466204,-3.43934279243561,0.726581886290244,-4.73359280947132,2.20580031070412e-06,3.80130014018576e-05,"CCSER1","Microglia"
"SGCZ",3.60085875119455,-4.26914533240772,0.902207582554802,-4.73188810973931,2.22441022847943e-06,3.81827897487021e-05,"SGCZ","Microglia"
"HMGA1P4",2.95126112248268,-1.8083232146669,0.383124906419552,-4.71993124009182,2.35924378988867e-06,4.03384428388808e-05,"HMGA1P4","Microglia"
"RPL23",10.2655347524716,-0.970448373531189,0.205824232571037,-4.71493740755843,2.41785064366106e-06,4.11790187748524e-05,"RPL23","Microglia"
"SYT1",16.8479738524493,-4.2685843261141,0.905605345602913,-4.71351493985745,2.43479864593941e-06,4.13063116587387e-05,"SYT1","Microglia"
"PPFIA2",4.4712952080179,-3.56147056441247,0.756280400988815,-4.70919325656985,2.48699183234106e-06,4.20282340659186e-05,"PPFIA2","Microglia"
"SLC2A5",18.4968493379265,1.20455004210239,0.25594982839216,4.70619593562222,2.52381958812745e-06,4.23225130932141e-05,"SLC2A5","Microglia"
"RNF2",1.66627791244824,-2.26095554752831,0.480399378495896,-4.70640814442192,2.52119507549691e-06,4.23225130932141e-05,"RNF2","Microglia"
"ENSG00000287733",2.11517930450082,3.39400112395395,0.72134127928456,4.7051253289153,2.53710045907956e-06,4.2382214565467e-05,"ENSG00000287733","Microglia"
"UNC5C",8.61794357261237,-2.74510935759452,0.583948656126876,-4.70094301749379,2.58962778065025e-06,4.30945691741797e-05,"UNC5C","Microglia"
"RPS18",26.3468105519484,-1.04999795850631,0.223421526758474,-4.69962753249553,2.60636416931053e-06,4.32081664570111e-05,"RPS18","Microglia"
"RRBP1",4.24861943743504,1.67418626715578,0.356711016264554,4.69339658945133,2.68705848962306e-06,4.4377178086199e-05,"RRBP1","Microglia"
"EIF5B",7.71798891178261,1.06911103165288,0.227876811879629,4.69161834780107,2.71052405028175e-06,4.44281385685278e-05,"EIF5B","Microglia"
"GPC6",2.27341945559989,-4.10365801181716,0.874562044773199,-4.69224343354778,2.70225313347623e-06,4.44281385685278e-05,"GPC6","Microglia"
"XRN2",6.86077857200309,1.02010589872908,0.217507431394003,4.68998181897157,2.73229325338669e-06,4.46172231639174e-05,"XRN2","Microglia"
"CEBPB",7.50634592071095,0.995013514901364,0.212341583687283,4.68590983274725,2.78718958686471e-06,4.53438305922767e-05,"CEBPB","Microglia"
"ANKRD22",2.90595821630574,1.80070211858078,0.385041905231492,4.6766393322778,2.91614485740803e-06,4.7265396201855e-05,"ANKRD22","Microglia"
"RNF115",5.87054390446916,1.20281980020188,0.257328211611578,4.67426324019797,2.9501074228733e-06,4.74629828919837e-05,"RNF115","Microglia"
"RLIM",2.44867799590531,1.79140660382377,0.38318901763137,4.67499464075745,2.93961295975299e-06,4.74629828919837e-05,"RLIM","Microglia"
"FARP1",3.85235467743635,1.63140315214724,0.349254974161058,4.67109496741177,2.99598376180555e-06,4.80238573583536e-05,"FARP1","Microglia"
"GLYR1",3.92372955229162,1.33959661086798,0.286847730657121,4.67006173553887,3.01109231005729e-06,4.80892398236255e-05,"GLYR1","Microglia"
"RPL3",22.0119896520608,-0.882437928342682,0.18903469823631,-4.66812673321781,3.03958394380967e-06,4.836710217157e-05,"RPL3","Microglia"
"CADM1",5.98901373600228,-1.36425680302713,0.292807771805538,-4.65922333486819,3.17404684977497e-06,5.03230700546141e-05,"CADM1","Microglia"
"SIRPB2",1.62250723014863,2.85362024501435,0.613166815810082,4.65390522030176,3.2570656407482e-06,5.14521963538484e-05,"SIRPB2","Microglia"
"LINC01141",4.93348775754897,-1.94393194725388,0.419304467594927,-4.63608689505268,3.55066750054724e-06,5.55783742848688e-05,"LINC01141","Microglia"
"TANC1",5.79852507433761,-1.53709502013205,0.33151835562472,-4.63653065977452,3.54305661850411e-06,5.55783742848688e-05,"TANC1","Microglia"
"PPP6R3",13.9676007484178,-0.829849691160805,0.179015851612425,-4.63562127982642,3.55866998579772e-06,5.55783742848688e-05,"PPP6R3","Microglia"
"P4HB",3.91949543470323,1.95253120416515,0.42125744125169,4.635007035991,3.56925339444112e-06,5.55783742848688e-05,"P4HB","Microglia"
"CCDC7",5.22156554497221,-1.69587073618823,0.367392628645608,-4.61596287993052,3.91276885600746e-06,6.07105772675891e-05,"CCDC7","Microglia"
"PSTPIP2",4.34285386145262,2.2945658487079,0.497938003383691,4.60813561751744,4.06295637440981e-06,6.28173396894566e-05,"PSTPIP2","Microglia"
"FMN2",3.05856590237564,-3.31647761856859,0.720216289011655,-4.60483561558953,4.12791798992518e-06,6.35961923536176e-05,"FMN2","Microglia"
"KCNJ1",1.010919870563,3.88361198732021,0.844763602831594,4.59727665148284,4.28049090442122e-06,6.57145786735089e-05,"KCNJ1","Microglia"
"KHDRBS3",18.0056158571591,-1.21930398102228,0.265424057842532,-4.59379602185742,4.35254847957889e-06,6.63535362621117e-05,"KHDRBS3","Microglia"
"LIMK2",5.20357397012844,1.46458413300762,0.318791862147557,4.59417038798096,4.3447427544237e-06,6.63535362621117e-05,"LIMK2","Microglia"
"DYNC1I2",7.57135806831262,1.05665331147475,0.230101065622432,4.59212697957945,4.38751265017625e-06,6.66535022814232e-05,"DYNC1I2","Microglia"
"TCF4",24.5035759755829,-0.864207700972554,0.188274783381545,-4.5901404609305,4.42947831468378e-06,6.70573800417406e-05,"TCF4","Microglia"
"CHN1",6.16530394224194,-3.27141512624675,0.71452486622072,-4.57844825408245,4.68438011523784e-06,7.04272320773688e-05,"CHN1","Microglia"
"P2RY12",27.7733755730648,-1.67561829263876,0.3659527752931,-4.57878285332505,4.67689409472138e-06,7.04272320773688e-05,"P2RY12","Microglia"
"PSMA5",1.07467720313975,3.00700045702803,0.657417116869864,4.57396130989888,4.78588254304656e-06,7.17060064868831e-05,"PSMA5","Microglia"
"CALM3",3.93587214497634,-3.00995747067624,0.659089123233381,-4.56684439869056,4.95121260732886e-06,7.39290649587459e-05,"CALM3","Microglia"
"ENSG00000254787",2.45189235580053,-4.04629901479694,0.886780489409594,-4.56290938188199,5.04495932438166e-06,7.50717496733926e-05,"LOC124902727","Microglia"
"SEC31A",8.32349132752249,1.04001431764349,0.227998055573886,4.56150520681288,5.07882165230385e-06,7.53185796055945e-05,"SEC31A","Microglia"
"PCDH9",59.8154480597304,-1.90306595064442,0.41735134560254,-4.55986537648974,5.11864243817381e-06,7.56518001031791e-05,"PCDH9","Microglia"
"ATF5",2.90295175681217,3.00305146428429,0.659220131807121,4.55546079281897,5.22708650572098e-06,7.69935715031874e-05,"ATF5","Microglia"
"GNAS",11.6113425481794,-0.871146880660401,0.192366169290629,-4.52858672537302,5.93795090779541e-06,8.71699190504646e-05,"GNAS","Microglia"
"ENSG00000287195",4.6499513257897,2.06154365452353,0.455606340505379,4.52483530461137,6.04425555113847e-06,8.84327322247105e-05,"ENSG00000287195","Microglia"
"ENSG00000253983",0.940018291840133,3.78606425286461,0.83728524253791,4.52183325408746,6.13063463614104e-06,8.93965451959029e-05,"ENSG00000253983","Microglia"
"SGCD",4.03669140976121,-3.41684240163392,0.75833016299393,-4.50574508093418,6.6140451548435e-06,9.61241229170589e-05,"SGCD","Microglia"
"CSMD3",4.52339061585344,-3.56064183015173,0.790552472657549,-4.50399176942949,6.66887903208186e-06,9.65990451158701e-05,"CSMD3","Microglia"
"ARHGAP18",6.31911469525194,1.61942381579507,0.35988133390023,4.49988277592641,6.79909459649415e-06,9.81591140421009e-05,"ARHGAP18","Microglia"
"IPO9",4.29874696839225,1.42523302009631,0.317715440505136,4.48587899231568,7.26139467489535e-06,0.000104487395321927,"IPO9","Microglia"
"RORA",8.56248965005779,-1.45583254981112,0.324909655026135,-4.48073034239017,7.43880485644702e-06,0.000106688122283253,"RORA","Microglia"
"TSC22D1",3.59913586209322,-1.98833522945308,0.444133671241426,-4.47688468180166,7.57401334917527e-06,0.000108271141647227,"TSC22D1","Microglia"
"TOMM7",6.44389828662205,-1.74595575983892,0.390210242978573,-4.47439756196967,7.6627051751549e-06,0.000109181027985867,"TOMM7","Microglia"
"GALNT13",1.39023801961699,-2.40606754742017,0.537988693336205,-4.4723385030632,7.73688267172435e-06,0.000109878854881818,"GALNT13","Microglia"
"TMEM267",3.41113709780469,1.67217110169011,0.374141034186444,4.46936034516018,7.84538633031881e-06,0.000111058066234383,"TMEM267","Microglia"
"KCNH8",3.27865292362456,-2.34117665144023,0.524451057400769,-4.46405173257411,8.0424132874302e-06,0.000113293053161832,"KCNH8","Microglia"
"CACNA2D1",3.48160161485762,-2.72298640177313,0.610027560436563,-4.46371045895769,8.05524001838712e-06,0.000113293053161832,"CACNA2D1","Microglia"
"CITED2",0.882328746434419,-3.15394074525784,0.70770254644379,-4.45659092383716,8.32732907939206e-06,0.000116743262977972,"CITED2","Microglia"
"ATP8A1",4.72267278109703,-1.8537051333845,0.41693565737062,-4.44602206746908,8.74749664894533e-06,0.000122240658299364,"ATP8A1","Microglia"
"MDGA2",3.47307795368467,-3.03294559023483,0.684167034115827,-4.43304842092313,9.2909989454439e-06,0.00012942094377679,"MDGA2","Microglia"
"LINC01619",2.69563741618615,2.85080412595473,0.643349368177143,4.43119130439525,9.37139006180031e-06,0.000130125033979138,"LINC01619","Microglia"
"GLCCI1",4.7223984347495,-1.72630032058947,0.389790064096543,-4.42879508637732,9.47610015079177e-06,0.000131161259230007,"GLCCI1","Microglia"
"LPAR1",6.66239789517385,-1.0419101729949,0.235308483858933,-4.42784788677454,9.51779838874389e-06,0.000131309191712542,"LPAR1","Microglia"
"ATP5MK",4.78373771702328,-1.69095855705543,0.382007449475506,-4.42650675890511,9.57713829463035e-06,0.000131309191712542,"ATP5MK","Microglia"
"GPC5",6.36240232142202,-2.04203684429494,0.461262096424614,-4.42706404910223,9.55243749134163e-06,0.000131309191712542,"GPC5","Microglia"
"ATP5IF1",3.49399009572239,-1.6989385623111,0.384410734097011,-4.41959188861346,9.8887468394838e-06,0.000135156539875076,"ATP5IF1","Microglia"
"ZNF654",8.0085098850024,0.91722939400764,0.207678337740528,4.41658674653695,1.0027167098386e-05,0.000136620151715509,"ZNF654","Microglia"
"STMN1",4.06073871754322,-2.06242628710654,0.467732803028272,-4.40941125735385,1.03652021798066e-05,0.00014048832202525,"STMN1","Microglia"
"FGF14",7.26595729170596,-4.39064789713801,0.995793335524195,-4.4091959049181,1.03755136908556e-05,0.00014048832202525,"FGF14","Microglia"
"PTMA",18.4768723614873,-0.951923537995549,0.215995089243166,-4.40715361321886,1.04737909456412e-05,0.000141047281430719,"PTMA","Microglia"
"BCO2",5.89995668161736,-2.2364995972669,0.5074886537896,-4.40699428561831,1.04814952255856e-05,0.000141047281430719,"BCO2","Microglia"
"ENC1",2.2074986861632,-3.74457955977985,0.850910506510809,-4.40067378546616,1.07915258430922e-05,0.000144772469771944,"ENC1","Microglia"
"SNTG1",4.25636620953615,-4.33464695659593,0.985411441729281,-4.39881938958323,1.0884135719431e-05,0.000145566968517543,"SNTG1","Microglia"
"NRG1",5.33931140721167,-4.9842697459151,1.13651262261278,-4.38558239191092,1.15675861785229e-05,0.000154234482380305,"NRG1","Microglia"
"HRH1",1.93159396289149,2.29165693860115,0.522945601502532,4.38220903286449,1.17482008784579e-05,0.000156165109238038,"HRH1","Microglia"
"ENSG00000249207",5.56929516399416,1.91086478761471,0.436444696491332,4.37825182199839,1.19635070832467e-05,0.000158543741285579,"ENSG00000249207","Microglia"
"MROCKI",5.53442130450425,-2.3544069501802,0.538360368453157,-4.37329173569184,1.22386997940987e-05,0.000161699185158395,"MROCKI","Microglia"
"ITPR2",84.4531130838747,-0.859887269808656,0.196814099994357,-4.36903285807933,1.24797990336678e-05,0.000163733236882011,"ITPR2","Microglia"
"CORO1C",5.94795094441452,1.35925272604565,0.311142435968431,4.3685867593566,1.25053137343371e-05,0.000163733236882011,"CORO1C","Microglia"
"SLC9A8",2.27328186883416,1.79964206529176,0.411948884091202,4.36860526825297,1.25042541254535e-05,0.000163733236882011,"SLC9A8","Microglia"
"DNAJC6",3.07394867512591,-2.14232111632437,0.490494457825406,-4.36767649898083,1.25575307426454e-05,0.000163924652808185,"DNAJC6","Microglia"
"ZCWPW1",1.62067628924071,2.22687578466821,0.510907546765621,4.35866684445314,1.30857140624315e-05,0.000170309591976721,"ZCWPW1","Microglia"
"CD163",19.2704275166955,3.31144020847526,0.75994640401821,4.35746546199318,1.31577253539311e-05,0.000170737150426011,"CD163","Microglia"
"EDIL3",6.64168465016011,-1.51056264648036,0.347134412979105,-4.35152088067766,1.35196443300435e-05,0.000174912905872373,"EDIL3","Microglia"
"EIF2S2",3.61674949707991,1.49404238465593,0.34358409049408,4.3484038580118,1.37131909523814e-05,0.000176892048971547,"EIF2S2","Microglia"
"GAL3ST4",2.55593150435942,-2.07857076717204,0.478654549246004,-4.34252796812708,1.40852547910854e-05,0.000181155489348473,"GAL3ST4","Microglia"
"PDZD2",3.23247131111665,-3.50215426668661,0.807109532612611,-4.33913133865505,1.43047017044795e-05,0.000183106963553742,"PDZD2","Microglia"
"MYLIP",2.4288432014642,-1.83563131152556,0.423065569180974,-4.3388813584599,1.43209804063821e-05,0.000183106963553742,"MYLIP","Microglia"
"ABCG1",2.12783413601987,-1.77946573670929,0.410245062866535,-4.33756770715411,1.44068161021413e-05,0.000183665842705661,"ABCG1","Microglia"
"UNC93B1",4.13916116946853,1.57055698246076,0.362587105731871,4.33153015546605,1.4807666218906e-05,0.000188225728030408,"UNC93B1","Microglia"
"SIK3",17.8776211753737,-0.637263828863202,0.147179816630198,-4.32983165391748,1.49223374542169e-05,0.000189131951454609,"SIK3","Microglia"
"CYRIB",61.4755171725097,0.736435869387146,0.170111610707971,4.32913348079091,1.49697184748798e-05,0.000189182529131814,"CYRIB","Microglia"
"SH3RF3",34.0580973657167,0.799810012904806,0.184817220184556,4.32757300486462,1.50761382017935e-05,0.000189976770404103,"SH3RF3","Microglia"
"LTBR",3.21820548356557,1.48082046517345,0.342461221715695,4.32405297672739,1.53188484450675e-05,0.000192478902652722,"LTBR","Microglia"
"DHX35",2.86761405544899,1.41509056732811,0.327574932400658,4.31989883034551,1.56100748608485e-05,0.00019557450113017,"DHX35","Microglia"
"MRPL41",3.2791696048648,-2.29771997422072,0.532792323207425,-4.31259962678962,1.61346139130081e-05,0.000200991190459187,"MRPL41","Microglia"
"SH3GL3",1.89705439271887,-2.0125067636752,0.466614505298932,-4.31299657601922,1.61056613510078e-05,0.000200991190459187,"SH3GL3","Microglia"
"ENSG00000287100",7.64960293048539,-2.00608263283752,0.465572654119981,-4.30884978979144,1.64105772784785e-05,0.000203846486991927,"ENSG00000287100","Microglia"
"KCNMB2",2.72055266404286,-3.36526080661951,0.78277039739075,-4.29916718598086,1.71441113030152e-05,0.000212353196821438,"KCNMB2","Microglia"
"HCG22",2.29822478074519,-2.06203910897986,0.479790929874674,-4.29778676624521,1.72511998511676e-05,0.000213074309776461,"HCG22","Microglia"
"CTSC",10.3756444614631,1.13244147923209,0.263590910313166,4.29620838551171,1.73744266319448e-05,0.000213990113319998,"CTSC","Microglia"
"SMYD4",1.79009483488973,-1.84320209951809,0.429905699748415,-4.28745676225449,1.80730421696418e-05,0.000221967503829967,"SMYD4","Microglia"
"CTSZ",4.62879273896226,1.0552053228158,0.246319778647762,4.2838838545919,1.83658812317977e-05,0.0002249304555355,"CTSZ","Microglia"
"MAPK10",6.69537647667646,-2.40907979066383,0.56312344065184,-4.27806696854107,1.88523309157081e-05,0.000229598220090747,"MAPK10","Microglia"
"ENSG00000232884",4.4976776436457,-1.60156717976713,0.374351625376077,-4.27824289037927,1.88374407802528e-05,0.000229598220090747,"LOC105372738","Microglia"
"DPP6",3.54521635333618,-2.4380920539394,0.57053718035432,-4.27332720441685,1.92577535099933e-05,0.000233882466026659,"DPP6","Microglia"
"SCO2",2.86592138423992,2.76274275819946,0.647212572800118,4.26867906203777,1.9663394495286e-05,0.000238145555554019,"SCO2","Microglia"
"CADPS2",6.60971917151925,-2.50463953260913,0.587461492314226,-4.26349567652926,2.01253396421811e-05,0.000243065043877867,"CADPS2","Microglia"
"LINC02798",25.9028097381353,-0.486612692613023,0.11428513916775,-4.25788248723014,2.06372374745874e-05,0.000248558992787848,"LINC02798","Microglia"
"PLEKHA5",7.36264749655035,-2.254974571792,0.529775472681243,-4.2564722001556,2.07677846213213e-05,0.000249442261567385,"PLEKHA5","Microglia"
"AGAP1",6.85516251108978,-1.27189856785571,0.299371147995278,-4.248567627084,2.1514170205468e-05,0.000257697203560001,"AGAP1","Microglia"
"LINC02232",25.6554374915451,-0.964778236181646,0.227180782359852,-4.24674229113907,2.16901201053871e-05,0.000259092941532843,"LINC02232","Microglia"
"HIPK2",5.33855439247773,1.09288287616649,0.25760540731286,4.2424686949183,2.21074386966953e-05,0.000263356373545332,"HIPK2","Microglia"
"ARPP21",3.26338539596852,-3.59487982296126,0.848007263262346,-4.2392087647121,2.24308988543057e-05,0.000266481523173768,"ARPP21","Microglia"
"ALOX5AP",5.53681042654434,-1.41620582924851,0.334289448669433,-4.23646583787016,2.27065448908805e-05,0.000269023194902823,"ALOX5AP","Microglia"
"RPS6KA3",14.6830219844014,0.632792188845295,0.149470102295852,4.23357032025565,2.30010216099284e-05,0.000271773588670157,"RPS6KA3","Microglia"
"LIMS1",17.7065905074069,1.16920617306368,0.276384570743809,4.23035978425677,2.33317840013509e-05,0.000274936697961864,"LIMS1","Microglia"
"PSMF1",4.10361593167432,1.1462643072176,0.271575276206046,4.22079772220474,2.43439308215366e-05,0.000286090399951212,"PSMF1","Microglia"
"TRANK1",4.57764447460257,-1.16410233707648,0.276161893297207,-4.21528952882601,2.49457945822922e-05,0.000292375441878479,"TRANK1","Microglia"
"UBE2K",9.19052165350947,0.759766609274167,0.180362967704933,4.21243129308626,2.52636573329674e-05,0.00029530709375801,"UBE2K","Microglia"
"ZBTB20",40.9320772959827,-0.697122699346048,0.16558832019824,-4.20997506654733,2.55398872484558e-05,0.000296943755742046,"ZBTB20","Microglia"
"SLC1A2",5.73221818463159,-2.17526916100309,0.516656261759452,-4.21028316504923,2.55050812427426e-05,0.000296943755742046,"SLC1A2","Microglia"
"DDIT4",7.50303805523554,1.49290880765328,0.354722439916433,4.20866750917981,2.56881058669442e-05,0.000297872716967757,"DDIT4","Microglia"
"CCK",1.50096645162048,-2.47442546088418,0.588021386761761,-4.20805351062292,2.57579878369392e-05,0.000297890787716326,"CCK","Microglia"
"CNTNAP5",2.86429665478611,-3.39608173249165,0.807656567858582,-4.20485868330894,2.61245334226783e-05,0.000301330597150469,"CNTNAP5","Microglia"
"GAS6",5.74820982846824,1.12395585648921,0.267487110818358,4.20190660047338,2.64676339229586e-05,0.000304482543282584,"GAS6","Microglia"
"SAMD12",6.77081156689952,-1.75139660615625,0.417801161690647,-4.19193809578978,2.76581474011575e-05,0.00031734084912907,"SAMD12","Microglia"
"STT3B",6.57213963319911,1.30187738398315,0.310783400183437,4.18901840707943,2.80163676809966e-05,0.00032060725220248,"STT3B","Microglia"
"ALPK1",12.9556127090236,1.15826832990687,0.276550172266885,4.18827556827223,2.8108208934904e-05,0.000320734006451071,"ALPK1","Microglia"
"MLX",1.43863335471209,2.23790980004454,0.534395560106514,4.18774025667145,2.81745698327431e-05,0.000320734006451071,"MLX","Microglia"
"RSRP1",12.5690894904028,-0.854162902392155,0.204878673239718,-4.16911574487181,3.05783680328603e-05,0.000347191887039769,"RSRP1","Microglia"
"SELPLG",3.207230191515,-1.36956435154914,0.328812595525113,-4.1651821438347,3.11104086820796e-05,0.000351402543662868,"SELPLG","Microglia"
"ENSG00000287950",2.11016872028991,-4.28705941545108,1.02922152864323,-4.1653417618484,3.10886493239854e-05,0.000351402543662868,"ENSG00000287950","Microglia"
"MAP3K14",3.30221057944653,1.24632760888158,0.299529091428244,4.16095679701333,3.16917040414829e-05,0.000357043487392417,"MAP3K14","Microglia"
"MTG1",3.72831599800847,1.1851514130647,0.284936344870137,4.15935500823823,3.19147534635984e-05,0.000358629703869302,"MTG1","Microglia"
"GRIA2",3.09780663074706,-2.59444807316361,0.62413784768181,-4.15685105910495,3.22664195757431e-05,0.000361649329949203,"GRIA2","Microglia"
"ASXL1",5.89935102593642,1.06010012664265,0.255227684974425,4.15354677040179,3.27361264489912e-05,0.000365973105942569,"ASXL1","Microglia"
"LDAH",2.83467240027401,-1.51939532842635,0.367052890410877,-4.13944520836098,3.48146736169235e-05,0.000388007862004134,"LDAH","Microglia"
"SNX3",2.69394829151866,-1.46085898411089,0.352975330387683,-4.13869995533793,3.49279382730291e-05,0.000388007862004134,"SNX3","Microglia"
"GAREM1",14.3127523612846,1.24494309519255,0.300827382501859,4.13839686014907,3.49741031577121e-05,0.000388007862004134,"GAREM1","Microglia"
"SLC11A1",32.13810648596,2.54290336773321,0.61493136500292,4.13526372609264,3.54547232641579e-05,0.000392341607694742,"SLC11A1","Microglia"
"TFCP2",7.96231717414358,-0.902870984956534,0.218528153449112,-4.13160030278104,3.60246433395594e-05,0.00039763910116577,"TFCP2","Microglia"
"PLCB1",5.86786622521182,-3.0773419058567,0.74614650144278,-4.124313254711,3.71842540646929e-05,0.000409402393237528,"PLCB1","Microglia"
"MNDA",10.8452347627451,-1.18570187581122,0.287754945770214,-4.12052648699932,3.7800760508342e-05,0.00041514185344174,"MNDA","Microglia"
"TMEM178B",2.70740919416304,-3.54706408193169,0.861304789735736,-4.118244928163,3.81768820253043e-05,0.000418219109623937,"TMEM178B","Microglia"
"SNHG25",9.86378321839388,1.30260898787135,0.31658974376889,4.11450153869247,3.88016970797082e-05,0.000422938498168819,"SNHG25","Microglia"
"ZFP36",12.1192876231355,1.15299235023343,0.280223304843295,4.11454839874295,3.87938159474671e-05,0.000422938498168819,"ZFP36","Microglia"
"FBXL20",6.58122103873012,-1.29403654786753,0.31466000884118,-4.11249129698166,3.91412230586434e-05,0.000425575392857071,"FBXL20","Microglia"
"SLC22A23",3.25588755548724,-1.33956002298909,0.325864871809252,-4.11078376000349,3.94318357791213e-05,0.000427668666659126,"SLC22A23","Microglia"
"ENSG00000237188",2.25181700517787,-1.95467017870519,0.475686220807478,-4.1091587126218,3.9710310182313e-05,0.000428556812858626,"ENSG00000237188","Microglia"
"HERC3",7.09399238015374,0.917610630068304,0.223305252235161,4.10922099181963,3.96996034709513e-05,0.000428556812858626,"HERC3","Microglia"
"PTPRD",20.5311506673237,-2.08256036898372,0.5075973038499,-4.10278059632789,4.0821432062358e-05,0.00043781168450293,"PTPRD","Microglia"
"TMOD2",2.35930906085579,-1.69514984272931,0.413235899073246,-4.10213596285071,4.09353597736045e-05,0.00043781168450293,"TMOD2","Microglia"
"ENSG00000285367",6.75378362297101,-1.02979181314206,0.251038766743121,-4.10212265819408,4.0937714314084e-05,0.00043781168450293,"LOC105371256","Microglia"
"COX6B1",3.52534784996861,-1.40122455629903,0.341600207639317,-4.10194292908197,4.09695337791733e-05,0.00043781168450293,"COX6B1","Microglia"
"PDE4B",25.6498182560604,-0.690761623284922,0.168602629415475,-4.0969801341753,4.18574807928427e-05,0.000446024497281545,"PDE4B","Microglia"
"ADAM10",11.8139515444803,-0.842257044173396,0.205603597921738,-4.09650926679794,4.19426706159251e-05,0.000446024497281545,"ADAM10","Microglia"
"NIBAN1",5.95408113498417,1.26375109297226,0.308556868013951,4.09568291610713,4.20925726581028e-05,0.000446529481239242,"NIBAN1","Microglia"
"EIF2B4",1.4803659084568,2.91690570044396,0.712488610269935,4.09396818194588,4.24052528944273e-05,0.000448754618008988,"EIF2B4","Microglia"
"SLC2A3",14.911457807075,2.07805577393177,0.507831361222278,4.09201938401399,4.27632895537856e-05,0.000451447802553281,"SLC2A3","Microglia"
"SDR39U1",3.58769355775315,1.60596107319524,0.393610716651541,4.08007456417143,4.50212568805995e-05,0.000473821275730627,"SDR39U1","Microglia"
"YWHAH",6.22813431111206,-1.47311893545169,0.361087897216733,-4.07966854277449,4.50999608780299e-05,0.000473821275730627,"YWHAH","Microglia"
"TBC1D5",29.3793803683174,-0.625803206805857,0.153520435131603,-4.07635117936839,4.57479114861792e-05,0.000479473303076302,"TBC1D5","Microglia"
"LINC02615",0.895059807483046,-2.53819132432797,0.623405563005931,-4.0714929011691,4.6712786182057e-05,0.000488411865116951,"LINC02615","Microglia"
"ENSG00000289576",0.897723937862761,-3.19695620418057,0.78603523534068,-4.06719197873484,4.75830416155294e-05,0.000493968762521585,"ENSG00000289576","Microglia"
"SDCCAG8",23.7697516651099,-0.674531437031941,0.165892359655485,-4.06607898297889,4.78107380238782e-05,0.000493968762521585,"SDCCAG8","Microglia"
"MMP16",5.37249676035189,-4.51577176213516,1.11012155434271,-4.06781738852812,4.74555470031166e-05,0.000493968762521585,"MMP16","Microglia"
"LPAR5",2.81233831415913,-1.74571953196969,0.429323708576531,-4.06620807818375,4.77842748927573e-05,0.000493968762521585,"LPAR5","Microglia"
"BPTF",9.98213700510947,-0.698461124647134,0.171750542104076,-4.06671860298342,4.76797587787546e-05,0.000493968762521585,"BPTF","Microglia"
"AQR",2.55635977561256,1.53853378325832,0.378742156610498,4.06221952429914,4.86083332180794e-05,0.000501022063429849,"AQR","Microglia"
"SPG11",7.33431105505732,0.912316035399357,0.225189888328573,4.051318832168,5.09297522668019e-05,0.000523711603498246,"SPG11","Microglia"
"CADPS",5.18830484637219,-4.60652699044006,1.14192671656336,-4.03399528500694,5.48364185944554e-05,0.000562256760319019,"CADPS","Microglia"
"UNC5D",3.60789029096564,-3.71812416650047,0.921795162050093,-4.03356875754401,5.49360963063995e-05,0.000562256760319019,"UNC5D","Microglia"
"ROCK1",12.8222512018725,0.6537781949033,0.162266299884488,4.02904481934143,5.60039413277815e-05,0.000571843522691164,"ROCK1","Microglia"
"CYTH1",7.74270012093581,0.809462757939243,0.200959776651245,4.02798396489075,5.62571795117971e-05,0.000573087155774382,"CYTH1","Microglia"
"PRKACB",4.86143905408113,-1.08683640454083,0.269937024688129,-4.02625910912555,5.6671239386169e-05,0.000573438579648901,"PRKACB","Microglia"
"KLHL5",15.5178464537529,0.607702971224172,0.150937223805974,4.02619682474986,5.6686244914834e-05,0.000573438579648901,"KLHL5","Microglia"
"POLR2B",4.23171728905724,1.11020255799829,0.275700512444119,4.0268425624465,5.65308566144242e-05,0.000573438579648901,"POLR2B","Microglia"
"QDPR",5.22203993551127,-1.21676534495219,0.302459077763624,-4.02290899631422,5.74837117774662e-05,0.000578819822978644,"QDPR","Microglia"
"CFDP1",5.54265408347576,0.949887588139321,0.236113062123344,4.02302007181249,5.74565977219357e-05,0.000578819822978644,"CFDP1","Microglia"
"RPS7",8.1753165308763,-1.01738130609184,0.253700330765342,-4.01016941137874,6.06751980919571e-05,0.000608146813059616,"RPS7","Microglia"
"ENG",4.47668228171062,1.21109694411965,0.301987162720697,4.01042525519462,6.06094856172742e-05,0.000608146813059616,"ENG","Microglia"
"CD47",4.90955225261142,-1.3911764734297,0.34736096443787,-4.00498794008424,6.20206452300199e-05,0.000620206452300199,"CD47","Microglia"
"ENSG00000288819",5.40453591781594,2.5334652871868,0.63297043139687,4.00250179395556,6.26761924702083e-05,0.00062532768688812,"ENSG00000288819","Microglia"
"CCDC50",5.24220237811008,-1.00709002827195,0.251728808891198,-4.0006943691027,6.3156886398938e-05,0.000627252903643211,"CCDC50","Microglia"
"KCTD16",5.63849054229822,-4.81105187511388,1.2024623670697,-4.00099995381809,6.30753701787625e-05,0.000627252903643211,"KCTD16","Microglia"
"CPNE4",2.24930350022105,-3.62501259438904,0.906831201864433,-3.99745022771169,6.40284482877686e-05,0.000634463714851525,"CPNE4","Microglia"
"RPL31",33.9506391721691,-1.47748873512397,0.36971497429042,-3.99629129969557,6.43425533573091e-05,0.000636130459496299,"RPL31","Microglia"
"VAC14",1.43946799381746,2.19438741525226,0.549258072978711,3.99518463761808,6.4643853632457e-05,0.000637663352573558,"VAC14","Microglia"
"TM6SF1",3.12722765656952,-1.28305019999585,0.32122587600707,-3.99423052695673,6.49046917098435e-05,0.000638791096737963,"TM6SF1","Microglia"
"MIAT",4.8776569171293,-4.61752822818056,1.15878430995927,-3.98480389188464,6.75358773869272e-05,0.000663190147313069,"MIAT","Microglia"
"ASXL2",5.1817639691038,1.00458057849388,0.252220538115898,3.98294518756546,6.80664584833557e-05,0.000665044822898329,"ASXL2","Microglia"
"RPS27A",28.704562106442,-0.981447101421823,0.246503069459298,-3.98148024515321,6.8487414101227e-05,0.000665044822898329,"RPS27A","Microglia"
"RIMS1",2.82024189302583,-4.25079145828169,1.067130288895,-3.98338563014955,6.79403754350181e-05,0.000665044822898329,"RIMS1","Microglia"
"TAF1D",9.56423695543482,0.809679858073634,0.203335667517224,3.98198637730416,6.83416977682332e-05,0.000665044822898329,"TAF1D","Microglia"
"MAPRE2",7.19392206698608,-1.09586693651531,0.275237414495244,-3.98153331924371,6.84721201918208e-05,0.000665044822898329,"MAPRE2","Microglia"
"DMD",5.29006489660568,-2.05755046935116,0.517289122742404,-3.97756376249142,6.96249559827053e-05,0.000674588462410211,"DMD","Microglia"
"CCDC18-AS1",11.9035262871589,-1.00282869590066,0.252183988786918,-3.9765755975412,6.99147796072745e-05,0.000675894543431745,"CCDC18-AS1","Microglia"
"ICE1",4.84827319669478,1.59347858264546,0.400829483025529,3.97545253063125,7.02455549162646e-05,0.000676094082637779,"ICE1","Microglia"
"OPCML",4.84109179452361,-2.9590623535083,0.744251085036215,-3.97589256233911,7.01157769893803e-05,0.000676094082637779,"OPCML","Microglia"
"EFNA5",2.22801799852967,-4.08666375502752,1.02852076981782,-3.97334101065492,7.0871470282835e-05,0.000680615882011367,"EFNA5","Microglia"
"STK10",4.21189201440805,1.15346567724889,0.290379196252308,3.97227381346787,7.11898218408699e-05,0.000680886298076286,"STK10","Microglia"
"CARMIL1",9.27992382049375,-0.781100009773344,0.196667503977243,-3.97167805548459,7.13681280323079e-05,0.000680886298076286,"CARMIL1","Microglia"
"LACTB",2.60328280459177,1.88210819331652,0.473856368111361,3.97189595830061,7.13028623012075e-05,0.000680886298076286,"LACTB","Microglia"
"PBX1",1.59250066592622,-2.13948538973165,0.539103067247342,-3.96860177527064,7.22955797128526e-05,0.000682384520534025,"PBX1","Microglia"
"ZEB2-AS1",1.81500925449148,-2.05352724871339,0.517448731126787,-3.96856176309809,7.23077175428256e-05,0.000682384520534025,"ZEB2-AS1","Microglia"
"TMEM144",6.31860890526161,-1.16236912724378,0.2928769191899,-3.96879730386028,7.22362931585816e-05,0.000682384520534025,"TMEM144","Microglia"
"UNC79",3.66301394200806,-2.97503269174607,0.749550811294568,-3.9690874146448,7.21484129063109e-05,0.000682384520534025,"UNC79","Microglia"
"CHMP1B",0.776153947890937,-2.84557002756355,0.717012858954221,-3.96864573909299,7.22822453584728e-05,0.000682384520534025,"CHMP1B","Microglia"
"DIDO1",3.14675513354258,1.19592129739017,0.301406599356482,3.96780063855113,7.25389746865519e-05,0.000683088400935996,"DIDO1","Microglia"
"PTPRG",9.61804964695954,2.08256562867195,0.525110492198987,3.96595699307181,7.31020437961424e-05,0.000686907135670649,"PTPRG","Microglia"
"HM13",4.5711300323363,1.01963386815704,0.257180062841458,3.96466917727449,7.34978061418501e-05,0.000689140719953691,"HM13","Microglia"
"ANXA5",2.91626273518023,1.36249090125129,0.344076743931476,3.95984595088656,7.49981266416907e-05,0.000701699210638994,"ANXA5","Microglia"
"NALCN",2.36971519843653,-1.95267856258893,0.493278045994422,-3.95857585482531,7.53979957408546e-05,0.000703929895995988,"NALCN","Microglia"
"YIPF4",4.46983505627621,1.0734344844344,0.271420150000954,3.9548813322468,7.6572649015452e-05,0.000713369123306348,"YIPF4","Microglia"
"RFC3",1.40340140616404,-2.23044777371057,0.564427081372661,-3.95170226114279,7.75972478140911e-05,0.000721373135329291,"RFC3","Microglia"
"RNF216P1",3.00047985952957,1.32966975804891,0.337277185416872,3.94236496134609,8.0682078683934e-05,0.000748455027791388,"RNF216P1","Microglia"
"CLN8",3.69422997717059,1.11453220468015,0.282847814506945,3.94039532044108,8.13474425723659e-05,0.000753025158419354,"CLN8","Microglia"
"CUL4A",4.10394169075117,1.01405968015606,0.257462520822527,3.93866911935918,8.19348314242352e-05,0.000756855646206918,"CUL4A","Microglia"
"FLVCR2",1.53054850478783,2.72079137225222,0.691527009864607,3.93446869527905,8.33809349186181e-05,0.000768585362040539,"FLVCR2","Microglia"
"CD86",19.5028395918091,-1.02791485224258,0.26140926178869,-3.93220517593405,8.41701772448016e-05,0.000770970531065829,"CD86","Microglia"
"GRIN1",4.14460007305343,-3.73886724234688,0.950802740661033,-3.93232695116916,8.41275376725431e-05,0.000770970531065829,"GRIN1","Microglia"
"TPP2",6.27382407947339,0.878178426363112,0.223301082529966,3.93271011682295,8.39935054260051e-05,0.000770970531065829,"TPP2","Microglia"
"CS",1.97227719951426,1.56496420108059,0.398103724670556,3.93104636831933,8.45769566214396e-05,0.000773072391759909,"CS","Microglia"
"DDX17",24.195898409011,-0.836873353129171,0.212967222986385,-3.92958757405909,8.50916827575765e-05,0.000776150077035635,"DDX17","Microglia"
"ARRB2",14.3984387446838,0.586525624110514,0.149327198429216,3.92778830836056,8.57306194132749e-05,0.000779083378893523,"ARRB2","Microglia"
"TGFB1",6.11999970057204,1.21793672352543,0.310090934209961,3.92767601100126,8.57706472176355e-05,0.000779083378893523,"TGFB1","Microglia"
"CNTN4",3.12646378962992,-4.00573199478846,1.02147448909744,-3.92151936983554,8.79923735487873e-05,0.000797602388092958,"CNTN4","Microglia"
"SHTN1",19.709581887329,-0.611465398899947,0.155952856683647,-3.9208348721711,8.824271716337e-05,0.000798212130357455,"SHTN1","Microglia"
"THADA",8.62752611374055,-0.754110227931342,0.192478295029208,-3.91789748458083,8.93246770224383e-05,0.000804660313673204,"THADA","Microglia"
"NACA",11.0494508777773,-0.923089045507833,0.235581216191132,-3.9183473981173,8.91581466453409e-05,0.000804660313673204,"NACA","Microglia"
"LCP2",6.45893449241389,1.23053334574755,0.314179862433197,3.91665250668062,8.97870242645083e-05,0.000807157578955167,"LCP2","Microglia"
"PLCB2",5.40392555735262,1.26210599787875,0.322363364166281,3.91516573585494,9.03421279625301e-05,0.000810476703532163,"PLCB2","Microglia"
"WARS1",3.57125958394521,1.11225852244709,0.284555644104505,3.90875579343141,9.27726843321105e-05,0.000830572697511298,"WARS1","Microglia"
"STXBP5-AS1",1.9874850090929,-3.43678613193617,0.880583004435309,-3.90285312642398,9.50653946562468e-05,0.000849354755535319,"STXBP5-AS1","Microglia"
"ARMC8",5.67009011282291,1.0260257966806,0.26316754950642,3.89875498937823,9.66885471090996e-05,0.000861937817872334,"ARMC8","Microglia"
"DELEC1",1.65672387077863,-2.04681036100349,0.525051633579714,-3.89830300507529,9.68691584306063e-05,0.000861937817872334,"DELEC1","Microglia"
"SLC15A2",5.13388234203063,-0.985403335918638,0.252866943480018,-3.89692429685458,9.74220551567237e-05,0.00086509197654443,"SLC15A2","Microglia"
"CAPG",3.01481871354715,1.74447151363516,0.448234445272966,3.89187295182728,9.94733335694246e-05,0.000876342523253062,"CAPG","Microglia"
"PTPN2",13.9393183354042,1.1115214101328,0.285526408124369,3.89288478580463,9.90592045016439e-05,0.000876342523253062,"PTPN2","Microglia"
"LINGO3",2.90776573008903,1.95784437540821,0.503129177087581,3.89133539569582,9.96940118196144e-05,0.000876342523253062,"LINGO3","Microglia"
"RAB5IF",2.3515254881864,1.42469837443675,0.366028532448755,3.89231507419768,9.92921786020362e-05,0.000876342523253062,"RAB5IF","Microglia"
"MX2",3.05422256558347,1.99202466595225,0.511872052579851,3.89164568745721,9.95665741108989e-05,0.000876342523253062,"MX2","Microglia"
"SRSF4",6.21822621826594,0.847859828008291,0.217926192645257,3.89058248444898,0.000100003875009902,0.000877297575539581,"SRSF4","Microglia"
"DKK3",2.46365957837211,-3.74568660385884,0.963127110319371,-3.88908853642047,0.000100621408109464,0.000880942448508563,"DKK3","Microglia"
"BAZ1A",8.47224651902756,0.888990212340173,0.228688835136213,3.88733543467772,0.000101350654336112,0.000885548803417732,"BAZ1A","Microglia"
"MAPK14",6.02824790633315,1.20145943198498,0.309110162165002,3.88683252459246,0.000101560771340609,0.000885609926090113,"MAPK14","Microglia"
"SCD",2.94515263514144,-1.35579929767308,0.349291893868454,-3.88156530819373,0.000103786271375052,0.000903209866657141,"SCD","Microglia"
"CHI3L1",2.38630955645764,1.84608671781418,0.475694420128225,3.88082483144654,0.000104102802283664,0.000903794687510454,"CHI3L1","Microglia"
"TTLL5",4.94760996647854,1.50164115012307,0.386977122041241,3.88043908694694,0.000104268056838935,0.000903794687510454,"TTLL5","Microglia"
"IRF1",1.45121875091191,2.31907639859149,0.598085315580107,3.87750098218366,0.000105534901701623,0.000912960657577531,"IRF1","Microglia"
"TRIM2",3.98441039085629,-1.37410467505149,0.354601411001004,-3.87506826657155,0.000106594812030872,0.000920303723672479,"TRIM2","Microglia"
"SRSF7",11.3643743292097,-0.985938740277177,0.254470718473432,-3.87446833251313,0.000106857737129489,0.000920750462222472,"SRSF7","Microglia"
"MAP7",4.53845741537145,-1.22157059820819,0.315352104359181,-3.87367194105303,0.000107207706428379,0.000921943984275608,"MAP7","Microglia"
"PRIM2",8.22045279557455,1.05531049503651,0.273102648793409,3.86415327606291,0.000111475209433928,0.000956755734511668,"PRIM2","Microglia"
"EMC2",2.69350319575969,-1.3910260586002,0.360050600561333,-3.8634182429679,0.000111811326519291,0.00095775517411416,"EMC2","Microglia"
"ATRNL1",3.87047113365121,-3.46518213878408,0.899168121794368,-3.85376444604042,0.000116315505272148,0.000992437579230071,"ATRNL1","Microglia"
"TMEM132B",2.13252237954023,-3.48795661202442,0.905023519778536,-3.85399554353896,0.000116205711023977,0.000992437579230071,"TMEM132B","Microglia"
"MAST2",2.87721308073017,1.47184642932137,0.382401389816485,3.84895679910502,0.000118621923308719,0.00100989235531483,"MAST2","Microglia"
"NRIP1",15.4030321416176,-0.831546208383039,0.216068034340313,-3.84853877586229,0.000118824490430392,0.00100989235531483,"NRIP1","Microglia"
"EIF3D",2.16157372253754,1.47920934413884,0.384492012510845,3.84717834443211,0.000119485993350582,0.0010135387762812,"EIF3D","Microglia"
"ENSG00000268027",1.42945680767017,-2.09369261308609,0.54443468732851,-3.84562677914526,0.00012024467218077,0.0010179937295304,"ENSG00000268027","Microglia"
"IKZF2",4.44220134969122,1.35612458635687,0.353031871311553,3.84136588381869,0.000122351580514794,0.00103382343225679,"IKZF2","Microglia"
"FLI1",19.771292878878,0.58090556932669,0.151419755286732,3.8363922080489,0.000124854958662852,0.00105293543475829,"FLI1","Microglia"
"EMB",3.30367011761323,-1.15577506400249,0.30134269031386,-3.83541761971631,0.000125351117630055,0.00105507890514873,"EMB","Microglia"
"APOD",5.04199097546435,-1.83496437307882,0.478775838745885,-3.83261690457346,0.000126787315155014,0.00106306287322281,"APOD","Microglia"
"PIK3R1",23.0564104235234,0.594213012530149,0.155027933393945,3.83294158363176,0.000126620029509914,0.00106306287322281,"PIK3R1","Microglia"
"CANX",9.49410795648275,1.69909187582453,0.44343563142004,3.83165392096126,0.000127284702922637,0.00106518484595528,"CANX","Microglia"
"REL",7.78884680462622,0.97277584139654,0.254034021290322,3.82931324101981,0.000128501359122291,0.0010705740465862,"REL","Microglia"
"PTPRK",8.36385682968763,-2.08188510867769,0.543674385970504,-3.82928672455546,0.000128515204626636,0.0010705740465862,"PTPRK","Microglia"
"PTPRN2",2.404267119664,-3.36536130843569,0.878914034159135,-3.82899939884947,0.000128665321195222,0.0010705740465862,"PTPRN2","Microglia"
"PLCXD3",1.62980568447815,-2.06326629735822,0.539247685531593,-3.8261940713278,0.000130139705253439,0.0010807792664857,"PLCXD3","Microglia"
"RIMS2",9.15379362367647,-4.22045121207007,1.10333233198756,-3.82518583903663,0.000130673476066051,0.00108314896511023,"RIMS2","Microglia"
"RALYL",7.6991140996621,-4.81851067005659,1.25990074938806,-3.8245160758869,0.000131029196775777,0.00108403661848651,"RALYL","Microglia"
"DLGAP1",9.13689022780579,-3.66961513237122,0.960426217434544,-3.82081940888012,0.000133009022747291,0.00109833208177687,"DLGAP1","Microglia"
"PTPN7",2.15198892553036,1.73270567705955,0.45360057162709,3.81989306328307,0.000133509544423599,0.00110038112228146,"PTPN7","Microglia"
"ATP11A",10.4617311372262,0.854803063471333,0.223829473545003,3.81899242281631,0.000133997878176436,0.00110232216764011,"ATP11A","Microglia"
"TRIM33",7.86279207677574,0.757364087958855,0.198375577062079,3.81782928712968,0.000134631029073923,0.00110544498448645,"TRIM33","Microglia"
"EFR3A",6.65046645096074,0.831103574581793,0.217720787418475,3.81729087257227,0.000134925067489752,0.00110577686890097,"EFR3A","Microglia"
"SOX2-OT",3.08730612144899,-1.34794397684203,0.353509137347212,-3.81303857364822,0.00013726867864141,0.00112287324367082,"SOX2-OT","Microglia"
"DTNB",14.085859732538,1.04136814880038,0.273234705385278,3.8112587027771,0.000138260976367157,0.00112887239131237,"DTNB","Microglia"
"NABP1",6.43318320165999,1.05437421946123,0.277132100601548,3.80459072468541,0.000142038846156935,0.00115539061426163,"NABP1","Microglia"
"HLA-A",12.062852746697,0.665242210745685,0.174850334453355,3.80463790833155,0.000142011775070658,0.00115539061426163,"HLA-A","Microglia"
"GLA",1.30270253682017,1.86359083150677,0.490026784779619,3.80303871010825,0.000142932011009528,0.00116049081564533,"GLA","Microglia"
"PDK1",2.62293606044444,1.23661519365167,0.325448681393923,3.79972408662143,0.000144857276459527,0.00117393629249728,"PDK1","Microglia"
"PTPN11",3.62592419797584,1.09572614952584,0.288541099907956,3.79746992672924,0.000146180504862196,0.00118246196882964,"PTPN11","Microglia"
"NDUFS5",4.05869946070266,-2.06688519733038,0.544550335307453,-3.79558153455807,0.000147297774484372,0.00118929314213308,"NDUFS5","Microglia"
"N4BP2L2",43.6533158823579,-0.430591407606463,0.11352379808019,-3.7929616070659,0.00014886117931067,0.00119969453196769,"N4BP2L2","Microglia"
"EGLN1",4.05557842049001,1.13306353526497,0.29893943400741,3.79027791708765,0.000150478822769984,0.00121049385106482,"EGLN1","Microglia"
"STX18-AS1",2.48837878672839,1.72792418092366,0.456016942863618,3.78916662629448,0.000151153506923771,0.00121145090108023,"STX18-AS1","Microglia"
"ENSG00000226149",2.50144122533522,1.7201949880144,0.453956218115231,3.78934117293609,0.000151047348411226,0.00121145090108023,"ENSG00000226149","Microglia"
"MAPKAP1",9.92674826366359,0.669171859632117,0.176679545459351,3.78748913968695,0.000152177334391108,0.00121741867512886,"MAPKAP1","Microglia"
"ARID3A",6.91894173690886,0.996055570347991,0.263150216984993,3.78512159997495,0.000153633438111763,0.00122681646550785,"ARID3A","Microglia"
"MAP2",3.67757883683891,-3.33098194163597,0.880366622728332,-3.78363042809706,0.000154557271590706,0.00123193730189301,"MAP2","Microglia"
"ETV6",56.3279786276607,0.851380423843426,0.225143639551248,3.78149889350808,0.000155886915173798,0.00124026815722219,"ETV6","Microglia"
"PLD1",7.03271308955052,-0.99038793198686,0.262091021814404,-3.77879381418944,0.000157589837830613,0.00125153313832691,"PLD1","Microglia"
"TMC6",4.60918890895939,1.06782650887711,0.282673478949356,3.77759708072373,0.000158348787384359,0.00125527402362873,"TMC6","Microglia"
"MFSD1",9.98734250933185,1.06696561946409,0.283485691907269,3.76373711239404,0.00016739285701122,0.00132456053823761,"MFSD1","Microglia"
"ENSG00000259678",2.07087290151645,1.89516098398777,0.50396667873511,3.76048866711659,0.000169581757850104,0.00133945011635227,"ENSG00000259678","Microglia"
"MCM9",2.81069034400415,1.2961336299501,0.345068656765018,3.75616157694883,0.000172539320806918,0.00136034618213049,"MCM9","Microglia"
"TNFAIP8",2.98408834518385,1.3223361357938,0.35279744089178,3.74814548668858,0.000178146914433514,0.00140202264788831,"TNFAIP8","Microglia"
"RYR2",3.30424708913381,-3.30287914026644,0.882196871822576,-3.74392524589535,0.000181167574285714,0.00142322634934363,"RYR2","Microglia"
"PID1",3.86133302162552,-1.25147369165889,0.334511723965246,-3.74119530647275,0.00018314712255971,0.00143618966611571,"PID1","Microglia"
"SNAP91",2.18005096517306,-3.06245383849543,0.818762319582092,-3.74034535450843,0.000183767583603076,0.00143846797937058,"SNAP91","Microglia"
"PPP1R12B",8.96465859908236,-0.941622220525142,0.252243954988014,-3.73298230504626,0.000189225892934564,0.00147853923511595,"PPP1R12B","Microglia"
"SRP19",3.86479260201397,1.05634071485348,0.283028816303808,3.73227266625596,0.00018975993057218,0.00148005956582237,"SRP19","Microglia"
"ZNF655",3.01467969979174,-1.20392478639296,0.322755826937133,-3.73014113429923,0.000191372541977625,0.00148997193396865,"ZNF655","Microglia"
"FAM13A",14.7556240707223,-0.841808596208369,0.225779223030593,-3.72845908896721,0.000192654176583571,0.0014972766664962,"FAM13A","Microglia"
"MARCHF1",38.1783868762666,0.620976984719642,0.166623220617805,3.72683340543524,0.00019390052802538,0.00150033428627112,"MARCHF1","Microglia"
"UBAC2",11.5792169433891,-0.633636170218057,0.169993507967164,-3.72741393359827,0.000193454591332146,0.00150033428627112,"UBAC2","Microglia"
"GLDN",12.7592261437177,1.5755977596924,0.422797637525841,3.72660019794009,0.000194079939783695,0.00150033428627112,"GLDN","Microglia"
"TMEM59",3.83003089497065,-1.05031649716702,0.28195848629887,-3.72507496033903,0.000195257191353779,0.00150676345894244,"TMEM59","Microglia"
"NDUFS6",2.57538974774401,1.23781938313263,0.332552820216391,3.72217376574099,0.000197515016041743,0.00152149376314841,"NDUFS6","Microglia"
"NRGN",2.60127342872979,-3.72519391157678,1.00115082224738,-3.72091180349277,0.000198504761263791,0.00152642109190499,"NRGN","Microglia"
"DGKI",3.25267539264072,-3.44456955117327,0.927335190337552,-3.71448165352104,0.000203620641089928,0.00156164822974525,"DGKI","Microglia"
"PSMA3-AS1",4.30452461408604,-0.968199113352251,0.26067106476707,-3.71425618036054,0.000203802257505745,0.00156164822974525,"PSMA3-AS1","Microglia"
"SERINC5",2.74335422895742,-1.33495322868857,0.359462899584912,-3.7137441172096,0.000204215284714945,0.00156206779185466,"SERINC5","Microglia"
"PGK1",6.30837095630549,1.37065314379788,0.369215618253673,3.71233792947557,0.000205353555740963,0.00156802364803958,"PGK1","Microglia"
"NAIP",10.3973285327004,0.694419525874222,0.187127471720783,3.7109437726513,0.000206487969338065,0.00157320169667247,"NAIP","Microglia"
"LPAR6",44.2589395309132,-0.890177797279381,0.239900101536911,-3.71061867659284,0.000206753342246176,0.00157320169667247,"LPAR6","Microglia"
"SMC5",8.74267952274115,0.671567538112491,0.181117578664211,3.70790921050003,0.000208977548093383,0.00158459497336896,"SMC5","Microglia"
"CNNM2",3.9147449868168,-1.15457867349579,0.31137876104277,-3.70795576945982,0.000208939138712853,0.00158459497336896,"CNNM2","Microglia"
"ODF3B",1.42057975926951,4.3291559424094,1.16770462476996,3.70740669393364,0.00020939252751082,0.00158498510407496,"ODF3B","Microglia"
"AHCYL1",3.53293054971767,-1.09555136039751,0.29561349024444,-3.70602626927346,0.00021053647223866,0.00159088218190738,"AHCYL1","Microglia"
"GAK",3.93088182222998,-1.04017221059366,0.280749984559415,-3.70497691113329,0.000211409989118792,0.00159471894906217,"GAK","Microglia"
"CASP8",2.47607196093553,1.36456919181342,0.368461517333327,3.7034239062175,0.000212709004502577,0.00160174656240283,"CASP8","Microglia"
"SESN3",4.35177804517448,-1.10634675733681,0.29932271702038,-3.6961670278487,0.0002188790010519,0.00164536628376945,"SESN3","Microglia"
"SEC24D",5.7338402971098,0.819419258266788,0.221934159456925,3.69217276093016,0.000222346337800825,0.00166855427334182,"SEC24D","Microglia"
"OTULINL",7.60578620540487,-0.838450628220674,0.227303252934577,-3.68868732583427,0.000225414032128073,0.00168674978776452,"OTULINL","Microglia"
"PEX3",2.52439296611293,1.35336379644907,0.366910450169679,3.68853979444632,0.000225544753730897,0.00168674978776452,"PEX3","Microglia"
"C1orf35",1.56428383957954,1.61965788818882,0.439405871919459,3.68601785204567,0.000227790379233558,0.00169776431613618,"C1orf35","Microglia"
"FTH1",93.1501395250903,-0.841599678382224,0.228403327408298,-3.68470848446864,0.000228964545387173,0.00169776431613618,"FTH1","Microglia"
"MARK3",10.9784086855803,-0.723072831516162,0.196172085372062,-3.68591091920532,0.000227886058170864,0.00169776431613618,"MARK3","Microglia"
"TJP1",5.91019277249027,-0.966989063831791,0.262393262185847,-3.68526636612679,0.000228463576105649,0.00169776431613618,"TJP1","Microglia"
"RPL39",10.3994898492727,-1.37699776664845,0.373668345892725,-3.685080049686,0.000228630770919259,0.00169776431613618,"RPL39","Microglia"
"TIAM2",3.68557102901733,-1.28525096417913,0.349777136307696,-3.67448535300634,0.000238329314971518,0.00176420341812533,"TIAM2","Microglia"
"PTGDS",17.9838313946566,-1.04725583479093,0.285065429886362,-3.67373846491453,0.000239027392675851,0.00176637191875714,"PTGDS","Microglia"
"GUCY1A1",2.15151743739305,-1.5716207648532,0.427876836218695,-3.67306811638179,0.000239655565965699,0.00176801737328333,"GUCY1A1","Microglia"
"CAMK2N1",3.02081012477771,-2.60581136234133,0.709656232771788,-3.671934722765,0.000240721176161774,0.0017728789325428,"CAMK2N1","Microglia"
"MIR3667HG",6.0084131810167,-1.91887834837566,0.522839044960471,-3.67011294751472,0.000242443318550348,0.00178255121227575,"MIR3667HG","Microglia"
"PRELID2",3.66095836595963,-1.12645210161276,0.307047001774669,-3.66866341342564,0.000243821827432779,0.00178764295019685,"PRELID2","Microglia"
"CREM",5.24708466395893,-1.31272945871036,0.357853368073285,-3.66834456743613,0.000244126035351229,0.00178764295019685,"CREM","Microglia"
"SNHG14",15.8453786946801,-1.69020181612212,0.460784829356579,-3.66809345368911,0.000244365871173698,0.00178764295019685,"SNHG14","Microglia"
"LINC02245",4.51850132563199,-0.993835338516297,0.271059421909054,-3.66648512535288,0.00024590721590983,0.00179590529542188,"LINC02245","Microglia"
"TRMT13",3.94703717699964,-1.12903937448293,0.308171266176992,-3.66367503527889,0.000248622179539182,0.00181269682740942,"TRMT13","Microglia"
"TG",4.44548785140944,1.2040404827518,0.328746904467534,3.66251504239093,0.000249751081974852,0.0018178876751425,"TG","Microglia"
"FBXW11",7.06743576326955,0.770823999806458,0.210642408129553,3.65939606678049,0.000252810350321939,0.00183708854567276,"FBXW11","Microglia"
"SLC44A1",9.87444483454073,-1.06505146954093,0.291137177110976,-3.65824619208613,0.000253947052853907,0.00184227812053749,"SLC44A1","Microglia"
"PRDM11",6.41656970232643,-1.76856997836462,0.483993917098701,-3.65411612808339,0.000258069451883111,0.00186907443556539,"PRDM11","Microglia"
"SPG7",5.71720376358528,1.00183940835314,0.274505459425995,3.64961560490651,0.000262633024728416,0.00189582779439718,"SPG7","Microglia"
"MIR99AHG",24.4964190985786,-0.783576161297517,0.214695200920515,-3.64971437618493,0.000262532062798119,0.00189582779439718,"MIR99AHG","Microglia"
"CACNA1B",2.83794642209873,-3.99389033428952,1.09501958414593,-3.6473232005294,0.00026498652416831,0.00190650370523734,"CACNA1B","Microglia"
"PARP4",5.73926283731674,0.837697874923204,0.229660063045659,3.64755571262148,0.000264746917453248,0.00190650370523734,"PARP4","Microglia"
"TMA7",7.01889106239435,-1.02226444159083,0.280385191037666,-3.6459287946256,0.000266427748220427,0.00191371496250587,"TMA7","Microglia"
"ZNF33A",5.14206852749936,-1.08709768598473,0.2984775861784,-3.64214177655194,0.000270379083644985,0.00193890263929627,"ZNF33A","Microglia"
"ICAM1",1.95963399723613,1.6868938707779,0.463346970271007,3.64067098526889,0.000271928448939503,0.00194681122721877,"ICAM1","Microglia"
"FAU",14.6631896253955,-0.732892524336449,0.201344571553268,-3.63999147671361,0.000272647065737527,0.00194875607641905,"FAU","Microglia"
"HCK",14.0289705261438,1.07589455295022,0.29628343723521,3.63130171227255,0.000281995277966391,0.00201227399661778,"HCK","Microglia"
"LINC01410",2.52484433420277,-1.45324970140696,0.400273802522452,-3.63063905818679,0.000282720330631072,0.00201415137508411,"LINC01410","Microglia"
"CXCL12",0.957308009383251,-2.40367896690889,0.662869883757266,-3.62617012147906,0.000287655883136561,0.00204597006602839,"CXCL12","Microglia"
"URM1",1.71026409965602,1.65767839007626,0.457445214364051,3.62377469044199,0.00029033454548274,0.00206165898746701,"URM1","Microglia"
"SS18",3.81585246353663,0.993503314757704,0.274241779688114,3.62272778381027,0.000291512558891097,0.0020666581410816,"SS18","Microglia"
"FRMPD4",3.03368266026704,-3.81585747366374,1.05353878858396,-3.62194303144032,0.000292398522211292,0.0020695739559111,"FRMPD4","Microglia"
"LNPEP",6.31097365152378,-1.09090011829418,0.301419761478369,-3.61920569820523,0.000295508677060566,0.00208599699361044,"LNPEP","Microglia"
"SIGLEC9",1.98293625373774,1.92148542846121,0.530935028444766,3.61905944328008,0.000295675720653957,0.00208599699361044,"SIGLEC9","Microglia"
"TRPC4AP",7.47935741887365,0.715125834278027,0.197684310921206,3.61751436391462,0.000297445828277515,0.0020950950101615,"TRPC4AP","Microglia"
"OXA1L",3.98777388420528,1.0795222525415,0.298527679551298,3.61615463652842,0.000299011794744823,0.00210272810497973,"OXA1L","Microglia"
"MDC1-AS1",1.20917477109045,2.80566607442505,0.776349092634887,3.61392329950792,0.000301598316512751,0.00211750186794782,"MDC1-AS1","Microglia"
"EML4",20.6673740346596,0.844586924327857,0.233875394440775,3.61126883974849,0.000304702601579893,0.0021358574644507,"EML4","Microglia"
"F13A1",6.65449911107816,1.39359845986736,0.38607996605527,3.60961091585844,0.000306656630590131,0.00214610418839963,"F13A1","Microglia"
"POLR2F",3.19645224305681,-1.16423649676849,0.322630025068899,-3.60858074669231,0.000307876691917893,0.00215118970634938,"POLR2F","Microglia"
"TPCN1",2.99475595225319,-1.36091361842254,0.377350339143058,-3.60649899378149,0.00031035606173651,0.0021650438866739,"TPCN1","Microglia"
"ABHD12",7.71467960569419,1.0054435907577,0.278861452471281,3.60553092529434,0.00031151538913472,0.00216965989876578,"ABHD12","Microglia"
"CLEC9A",3.22266208033885,-1.77974117102403,0.493722790088536,-3.60473773289841,0.00031246831135574,0.00217282589714677,"CLEC9A","Microglia"
"G2E3",3.34598204894522,1.09443793125946,0.303654772266549,3.60421778683182,0.000313094442089292,0.00217371300558808,"G2E3","Microglia"
"SNAP25",5.8915408858152,-2.59177871435128,0.719490845348189,-3.60224001612837,0.000315486865721595,0.00218684059546288,"SNAP25","Microglia"
"CYP27A1",3.51152485993762,-1.24776835379264,0.34650396758666,-3.60102183672854,0.000316968950084681,0.00219362638471303,"CYP27A1","Microglia"
"ANP32A",7.48618903852931,-0.835725540477388,0.232208135059357,-3.59903644316233,0.000319398432291617,0.00220693686971704,"ANP32A","Microglia"
"DGLUCY",3.27884357512185,-1.53471555810048,0.426481793517134,-3.59854882770939,0.000319997777006931,0.0022075796008706,"DGLUCY","Microglia"
"FOXO3",11.2245598287703,-0.698721899455161,0.194319355195122,-3.59574010912887,0.000323470614724201,0.00222449823375002,"FOXO3","Microglia"
"RPN2",4.3465640866545,1.01324420109483,0.281767857569421,3.59602479088727,0.000323117020290562,0.00222449823375002,"RPN2","Microglia"
"KLHL32",2.94842400346435,-1.47205140014848,0.409491189378819,-3.5948304587005,0.000324602892464405,0.00222525116872527,"KLHL32","Microglia"
"TRIP11",5.72295313905559,1.01094037660142,0.281231281856335,3.59469391146129,0.000324773178056594,0.00222525116872527,"TRIP11","Microglia"
"ZNF24",2.46454360841547,-1.54260852013528,0.429167214706118,-3.59442302970794,0.000325111237265596,0.00222525116872527,"ZNF24","Microglia"
"SRSF5",12.0557885643727,-0.91803278193718,0.25577450011101,-3.58922715727619,0.000331659750978547,0.00226651491264336,"SRSF5","Microglia"
"RUNX1",44.5326172356498,0.709927793787569,0.197817473961892,3.58880224061668,0.000332200710154427,0.00226665899260297,"RUNX1","Microglia"
"ARHGEF10L",6.45898064913079,1.11440713492168,0.310996045594988,3.5833482473696,0.000339217872023724,0.0023074931179804,"ARHGEF10L","Microglia"
"PLAC8",2.52602541971764,-2.01498326256836,0.562321704999934,-3.583328270369,0.000339243827666384,0.0023074931179804,"PLAC8","Microglia"
"CSGALNACT2",2.10838162021484,1.58205970386504,0.442869631645997,3.57229213930308,0.000353870334419081,0.00239949402498786,"CSGALNACT2","Microglia"
"ASIC2",2.39366954422706,-3.86853233854326,1.08286516049427,-3.57249681648034,0.00035359378299472,0.00239949402498786,"ASIC2","Microglia"
"SNX29",17.7932787811286,-0.60604144379861,0.169692174624367,-3.57141656732345,0.00035505565660691,0.00240006614388547,"SNX29","Microglia"
"CSTB",3.57811848918144,-1.34001095444898,0.375189150293657,-3.57156104700834,0.00035485980902853,0.00240006614388547,"CSTB","Microglia"
"KSR1",2.05082599904081,-1.66648127561207,0.466782430890784,-3.57014567243211,0.000356782762485808,0.00240800749913022,"KSR1","Microglia"
"TPM3",5.11462482959026,0.881321080864967,0.246929139367624,3.56912547106428,0.000358174865279569,0.00241366678921008,"TPM3","Microglia"
"SMC6",2.79984092508221,-1.46887821584366,0.411662977062244,-3.56815720064514,0.000359500803129961,0.00241886342846702,"SMC6","Microglia"
"ARHGAP32",6.82805670974551,-0.9506511551052,0.266588897373261,-3.56598179621171,0.000362496534588934,0.00243526177320147,"ARHGAP32","Microglia"
"TPD52",2.90722020288426,-1.43695932794665,0.403377486914935,-3.56231910446127,0.000367593190290193,0.00245908111422695,"TPD52","Microglia"
"UBASH3B",7.96259500177259,0.700900447633975,0.19676383727477,3.56214057085706,0.000367843325116092,0.00245908111422695,"UBASH3B","Microglia"
"KLHDC1",2.08928844659563,-1.73555865213122,0.487267883155385,-3.56181622497325,0.000368298157704175,0.00245908111422695,"KLHDC1","Microglia"
"RASSF2",3.95471839490712,-1.11725905841023,0.313576116814224,-3.56295967231505,0.000366697029836358,0.00245908111422695,"RASSF2","Microglia"
"VPS53",6.22350259997147,0.799009884368513,0.2243795717698,3.56097428151012,0.000369481276245057,0.00246320850830038,"VPS53","Microglia"
"PLAG1",4.20501478760079,-1.03179275542871,0.289840080192644,-3.55986913453421,0.000371039647934121,0.00246982116792789,"PLAG1","Microglia"
"FIGN",2.59266422350642,-2.2315984705761,0.627179240100666,-3.5581510482042,0.00037347453412991,0.00248223928171708,"FIGN","Microglia"
"NUDT3",23.9309198876201,-0.500338801865149,0.140850024072919,-3.55228055627536,0.000381907422759347,0.00253442368832687,"NUDT3","Microglia"
"DNMT3A",4.8432769735542,-0.941030535935363,0.265084727624522,-3.54992362015017,0.000385342935269099,0.00255333616682868,"DNMT3A","Microglia"
"OIP5-AS1",4.38777990150436,-0.990730561171135,0.279328356994296,-3.54683130575019,0.000389894163066252,0.00257957291497551,"OIP5-AS1","Microglia"
"HIBCH",7.8330198873309,0.83603819528314,0.235807116670483,3.54543241564426,0.000391969489428104,0.00258937420288869,"HIBCH","Microglia"
"TLR2",28.1620469641377,0.830743999549421,0.23486199126553,3.53715812027754,0.000404457443758168,0.00266782822206598,"TLR2","Microglia"
"MRPS25",5.40733702423373,0.869597507636984,0.24596347590775,3.5354741366687,0.000407044088547772,0.00268083417835088,"MRPS25","Microglia"
"KLHL2",4.34496379655948,0.927804587530985,0.262847608223788,3.52981940296392,0.000415843419047416,0.00273465657171453,"KLHL2","Microglia"
"TUBGCP2",3.21318282956599,1.1399211647919,0.323092046052309,3.5281622643454,0.000418455558178607,0.00274769011093182,"TUBGCP2","Microglia"
"HIP1",2.83180089604507,1.29663729085573,0.367576341413943,3.52753195667599,0.00041945312542612,0.00275009868700433,"HIP1","Microglia"
"IGF2R",4.46993357943205,1.31916102007561,0.374662734768441,3.52092935234381,0.00043003717366081,0.00281525837411582,"IGF2R","Microglia"
"RPS27",52.760451562638,-0.834951985368415,0.237188976496254,-3.52019726086048,0.000431225958197367,0.00281749835511228,"RPS27","Microglia"
"KIF13A",4.87169890448304,-0.944331977439494,0.26828198309811,-3.51992320369183,0.000431671766333716,0.00281749835511228,"KIF13A","Microglia"
"KAT2A",5.85075033492691,-1.26244665201553,0.359016934657954,-3.51639861562046,0.000437443689287673,0.00285090356546227,"KAT2A","Microglia"
"TMEM220-AS1",1.03829737664062,2.18995400292552,0.623977144435887,3.50967022182419,0.000448662774421418,0.00291965626339908,"TMEM220-AS1","Microglia"
"TGFBR1",27.1443779616317,0.892906678507214,0.254488244283598,3.50863624770098,0.000450410466259472,0.00292272948798883,"TGFBR1","Microglia"
"ENSG00000284977",4.96189828897724,-1.45516149309405,0.414741619229359,-3.50859770427168,0.000450475737598279,0.00292272948798883,"LOC105376244","Microglia"
"APP",9.71547445714383,-1.20496367346094,0.343488658683956,-3.50801589222086,0.000451462079695856,0.00292477662328965,"APP","Microglia"
"UHRF2",3.4651085600146,1.01144834381901,0.288408626415325,3.50699754161465,0.000453193335417421,0.00292729324802956,"UHRF2","Microglia"
"CALM1",9.67411908966164,-1.20006106127052,0.342175535311659,-3.50715038752693,0.000452933093839502,0.00292729324802956,"CALM1","Microglia"
"LDHA",2.69993966609584,1.1962102635638,0.341249030845251,3.50538801707616,0.000455942260785497,0.00294069268790646,"LDHA","Microglia"
"PARP14",14.8616484953285,0.662210872703877,0.189010573709779,3.50356522233875,0.000459074218235317,0.0029565193375273,"PARP14","Microglia"
"SPCS2",5.17196382095903,0.835419451742689,0.238854506331103,3.49760808190331,0.000469450448987783,0.00301888489319577,"SPCS2","Microglia"
"MTURN",2.61129148157383,-1.3651631869698,0.390413743976556,-3.49670883269871,0.000471035648993684,0.00302461771666048,"MTURN","Microglia"
"VAMP2",7.19174621651015,-1.02240343213272,0.292534846908251,-3.4949799756792,0.000474097322862729,0.00303533675136784,"VAMP2","Microglia"
"ARL17B",6.17864954118452,-1.23601777290833,0.353646537848979,-3.4950653848509,0.000473945634881822,0.00303533675136784,"ARL17B","Microglia"
"KAT2B",5.5337795869133,-0.956786482131478,0.274136410416154,-3.49018388574879,0.000482688290492632,0.00308128981925018,"KAT2B","Microglia"
"IL4R",8.89542445035225,0.914095624857346,0.261900499836622,3.49024009281225,0.000482586774485057,0.00308128981925018,"IL4R","Microglia"
"ENSG00000236449",2.62641622896739,1.20991195445136,0.347115879482933,3.48561395766065,0.000491009034437991,0.00312525458416006,"ENSG00000236449","Microglia"
"MID1",0.707129874059995,-2.83283794469406,0.812712825558956,-3.485656748121,0.000490930506676703,0.00312525458416006,"MID1","Microglia"
"ATP6V0B",5.62822105715233,0.797144827362582,0.228826860701509,3.48361562501358,0.000494689387965115,0.00314408998765,"ATP6V0B","Microglia"
"PLB1",2.80919986743658,-1.33240508149237,0.382690243813707,-3.4816802963521,0.000498278211408215,0.00316228966774355,"PLB1","Microglia"
"SATB2",4.62718300267997,-2.06622487118162,0.593793175745688,-3.4797046439391,0.000501966838687042,0.00316725820068814,"SATB2","Microglia"
"ADAM23",1.96682457907258,-3.63632462505973,1.04490322083551,-3.4800587772637,0.000501303789557121,0.00316725820068814,"ADAM23","Microglia"
"FAS",2.56064586211658,-1.53016871932037,0.439726832204918,-3.47981657532168,0.000501757179559447,0.00316725820068814,"FAS","Microglia"
"ENSG00000273748",3.51135148651517,-1.23181124769702,0.353905670032771,-3.48062026692865,0.000500254177562787,0.00316725820068814,"ENSG00000273748","Microglia"
"GCC2",8.04797103003214,-0.680487483569679,0.196267365238046,-3.4671453542179,0.000526017359261179,0.00331213836600922,"GCC2","Microglia"
"UBB",6.65865421285238,-1.3012011500583,0.375318457571589,-3.46692555031113,0.000526447680652383,0.00331213836600922,"UBB","Microglia"
"PDGFC",7.63352848261623,-0.864603758247873,0.249495408798492,-3.46540949355176,0.000529424689526256,0.00332606865466063,"PDGFC","Microglia"
"TNS3",13.1657071032922,0.906564872775215,0.261637820720427,3.46496110645993,0.000530308167482071,0.00332682533844868,"TNS3","Microglia"
"TMEM276",3.39106645342042,-1.50378003461018,0.434126739481809,-3.46391939921772,0.000532365997909724,0.00333493642368735,"TMEM276","Microglia"
"CNBP",4.99142582332454,-0.94124030312551,0.271821652993451,-3.46271274845123,0.000534758964960526,0.00333578753670787,"CNBP","Microglia"
"GPM6B",11.9626411587189,-1.0847238010967,0.313260121689796,-3.46269354441113,0.000534797130311652,0.00333578753670787,"GPM6B","Microglia"
"VSIG4",16.7903608481674,1.56766284074643,0.452649295333295,3.46330560305442,0.000533581996874732,0.00333578753670787,"VSIG4","Microglia"
"ZNG1E",8.88680724924347,0.845309352207954,0.244299494813849,3.4601354900552,0.00053990365280407,0.00336282846603678,"ZNG1E","Microglia"
"POMP",3.18194333204585,-1.09811274542409,0.317650133935999,-3.45698813917498,0.000546248891033753,0.00339749666891179,"POMP","Microglia"
"NUP160",3.67491599668047,1.22620735937556,0.354923682060267,3.45484796127903,0.000550603218561058,0.00341970090160429,"NUP160","Microglia"
"TLE4",10.0454114597548,-0.699181548744708,0.202573709649382,-3.451492051732,0.000557496176772146,0.00345758653019425,"TLE4","Microglia"
"RBM5",7.06974146166958,-0.805576474813225,0.233530012250829,-3.44956293646735,0.000561494827992758,0.00347743955972788,"RBM5","Microglia"
"SCIN",15.8600087407856,1.0506471286723,0.304740551445578,3.44767745443924,0.000565428834679403,0.0034932241695166,"SCIN","Microglia"
"NT5C2",10.87455368915,0.687278608586233,0.199351386313938,3.44757376055518,0.000565645932036403,0.0034932241695166,"NT5C2","Microglia"
"CACNA2D3",3.80920686726483,-3.40726148029899,0.989039222922914,-3.44502159401676,0.00057101377239326,0.00352138620598955,"CACNA2D3","Microglia"
"CAMKMT",10.9427720121461,0.605696751689852,0.175843006318459,3.44453137131261,0.000572050247913103,0.00352279531200725,"CAMKMT","Microglia"
"FPR1",4.29978726433781,1.48377809846177,0.431171883687337,3.44126821483037,0.000578994291277621,0.00356052906906971,"FPR1","Microglia"
"WIPF1",16.1747438892854,0.69971414897933,0.203459050108533,3.43909080773784,0.000583671414821453,0.00357416765255833,"WIPF1","Microglia"
"CCR1",3.17657202332788,1.93698015592825,0.56314759101811,3.43956040445171,0.000582659744543736,0.00357416765255833,"CCR1","Microglia"
"ZFP14",3.78737421350066,-1.00998308376175,0.29364641600841,-3.43945312696348,0.000582890712587275,0.00357416765255833,"ZFP14","Microglia"
"S100B",1.52486764472787,-1.97710096259604,0.575808049824556,-3.43361118900377,0.000595597867904601,0.00364208513893978,"S100B","Microglia"
"LPIN1",3.00821939733806,-1.22243678843999,0.356392923414813,-3.43002542454295,0.000603524695819304,0.00368538889884057,"LPIN1","Microglia"
"METTL25",4.53541569196837,-0.871583576784928,0.254397093086963,-3.42607522047033,0.000612370768993042,0.00373417699693659,"METTL25","Microglia"
"TAFA2",3.76224477141937,-1.71321843849763,0.500454950364494,-3.42332199381752,0.00061860752759224,0.00376168594184402,"TAFA2","Microglia"
"ENSG00000286403",1.01357411109271,-2.58529503541537,0.755170805756004,-3.42345733668454,0.000618299565453631,0.00376168594184402,"ENSG00000286403","Microglia"
"LINC01608",2.99172384043122,-2.1765655630786,0.636428219078811,-3.4199702304669,0.000626279889130486,0.00380303665265866,"LINC01608","Microglia"
"RPL4",7.08484080317937,-0.925595132168549,0.270795201010342,-3.41806327702683,0.000630684424059668,0.00382445631279576,"RPL4","Microglia"
"FGF12",4.89898469873439,-2.37265859039982,0.694466223190655,-3.4165212233057,0.000634267196537809,0.00383681342455443,"FGF12","Microglia"
"AQP4-AS1",2.59386225033153,-3.4911809456201,1.02188016013611,-3.4164289334623,0.000634482219977923,0.00383681342455443,"AQP4-AS1","Microglia"
"ZNF621",1.33441276204362,2.58186853977678,0.756088802994275,3.4147689127944,0.000638361452001721,0.00385492511181095,"ZNF621","Microglia"
"CABLES1",3.20041225074026,-1.18567691337975,0.3475476225116,-3.41155236456889,0.000645940931651412,0.00389530077731695,"CABLES1","Microglia"
"VCP",4.27833251018903,0.901862798224736,0.264629943015932,3.40801493567355,0.000654373128687267,0.00394070005673547,"VCP","Microglia"
"PHLPP1",6.54475447449357,-1.11769077290088,0.32800360855899,-3.40755633089282,0.000655473773359877,0.00394188365772285,"PHLPP1","Microglia"
"DCLRE1C",4.47341366866166,-1.0789442253908,0.316669411192692,-3.40716276108609,0.000656419707463464,0.00394213488228747,"DCLRE1C","Microglia"
"PCNX4",5.69330430279726,1.05650185536503,0.310391549310978,3.40377132596008,0.00066462368650482,0.00398591371824073,"PCNX4","Microglia"
"GGA1",3.48591771040072,1.10029395444552,0.323559694260316,3.40059028971726,0.000672405257666161,0.0040270424772314,"GGA1","Microglia"
"YARS1",3.06239863074662,1.21659857382108,0.358111101019913,3.39726573780081,0.000680628362607501,0.00407029612760909,"YARS1","Microglia"
"DNAJC13",7.41825605043727,-0.669338891189698,0.197043009330607,-3.39691772605164,0.000681494535127209,0.00407029612760909,"DNAJC13","Microglia"
"RICTOR",12.5553590513677,0.552008272049192,0.162736506782435,3.39203712162251,0.00069375040444398,0.00413782730967955,"RICTOR","Microglia"
"KDM2A",11.3615855194055,0.607497411293816,0.179141019836878,3.39116865499031,0.000695952596088103,0.00414529141932258,"KDM2A","Microglia"
"TSPAN14",7.41070890065814,0.992082478197527,0.292918752993505,3.38688618621671,0.000706907072413282,0.00420479513741052,"TSPAN14","Microglia"
"CDKAL1",17.32824472471,0.563414748366394,0.166445545003404,3.38497944390683,0.00071183585090279,0.00422834374650704,"CDKAL1","Microglia"
"RPL37",14.9863637511853,-0.837486593525516,0.247556029874347,-3.38301835730118,0.000716938398948357,0.00425285907403379,"RPL37","Microglia"
"EIF3J",4.44622239949971,1.2111186429858,0.358489578748802,3.37839288721539,0.000729108302443743,0.00431917418295478,"EIF3J","Microglia"
"CTSD",7.0627076562294,1.36551193310506,0.404578063561766,3.37515069671242,0.000737752806913301,0.0043644535117259,"CTSD","Microglia"
"MRPS28",4.06830270788184,-1.03614957253964,0.307066504194214,-3.37434906897007,0.000739904779444926,0.00436721334912593,"MRPS28","Microglia"
"PUM3",7.30067066697862,0.688527075414631,0.204054525571914,3.37423085072414,0.000740222629588088,0.00436721334912593,"PUM3","Microglia"
"OLR1",22.0226635792536,-1.30375817754716,0.386433203777775,-3.37382544978436,0.000741313583313691,0.00436773949087526,"OLR1","Microglia"
"LNCAROD",40.3115934402001,1.00916920943481,0.299290736248098,3.37186918006797,0.000746599021514282,0.00439294431012452,"LNCAROD","Microglia"
"RAP1A",20.7612292908246,0.524717385668976,0.155777986678917,3.36836671763194,0.000756149468901278,0.00444314243181883,"RAP1A","Microglia"
"GPR155",4.81198933547592,-0.891065131596222,0.264655920805996,-3.36688153011098,0.000760233399055762,0.0044611273484295,"GPR155","Microglia"
"DENND1B",4.55087530440678,0.870267380888383,0.25870843956404,3.36389250522675,0.000768514700120102,0.00450366141468232,"DENND1B","Microglia"
"RPL11",23.3104736561786,-0.565932357165794,0.168345875738865,-3.36172391917493,0.000774575257522215,0.00453308472858639,"RPL11","Microglia"
"ESRRA",2.51612841378429,1.32318293240495,0.393952102059225,3.35874063239808,0.000782985185474128,0.00457616006523753,"ESRRA","Microglia"
"ALOX15B",1.38879812170265,4.24589435818485,1.26483879381647,3.35686601244533,0.000788313046247666,0.00460113103298504,"ALOX15B","Microglia"
"SENP5",5.88421106881369,0.81589302119377,0.243586144093721,3.34950505591915,0.000809560781790517,0.00471883022540996,"SENP5","Microglia"
"CCDC18",4.28159852961808,1.08692775218993,0.32454736281563,3.3490574157196,0.000810869903050329,0.00472015057049324,"CCDC18","Microglia"
"NRCAM",6.7077864882112,-2.23506286796124,0.667472686655947,-3.34854580965546,0.00081236849738886,0.00472256886482057,"NRCAM","Microglia"
"CYC1",2.01431001267629,1.57349331813304,0.470798154613313,3.34218242513168,0.000831224116694662,0.0048257485336734,"CYC1","Microglia"
"ATRX",15.6445491169698,-0.573530691240772,0.171714712222922,-3.3400206878966,0.000837721491853743,0.00485700226659883,"ATRX","Microglia"
"ROBO2",5.80990010136807,-3.81173669157721,1.14245223451889,-3.33645169260176,0.000848551740342866,0.00491326107290159,"ROBO2","Microglia"
"SYNPR",3.73090335415752,-4.59601437718068,1.37778682822753,-3.3357949742438,0.0008505586672078,0.00491834985281964,"SYNPR","Microglia"
"KDM5A",4.03185323830634,-1.07843177215724,0.323335347082772,-3.33533522359116,0.000851966280761016,0.00491996421737488,"KDM5A","Microglia"
"MS4A7",10.3633047300241,0.603614288207543,0.181038813143153,3.33417059981632,0.000855541670192317,0.00493407629899273,"MS4A7","Microglia"
"UBXN7",2.65069984692399,-1.19463764190593,0.358795762008787,-3.32957567619394,0.000869784244114406,0.00500794570466896,"UBXN7","Microglia"
"ARID5B",6.59990085590073,1.07253703152966,0.322150966253851,3.32929943995424,0.0008706474413163,0.00500794570466896,"ARID5B","Microglia"
"RAP1B",10.3165390185538,0.558773571311493,0.168034934232869,3.32534168482563,0.00088310236989881,0.00507289371904982,"RAP1B","Microglia"
"DDX3X",4.09737576566171,-1.0201160203062,0.306928142962414,-3.32363142219617,0.00088853545250736,0.00509738759596327,"DDX3X","Microglia"
"GAP43",2.12521891737757,-2.76560288260092,0.833168352539838,-3.31938061997941,0.000902173698858859,0.00516882697375115,"GAP43","Microglia"
"PURA",3.04862677656856,-1.09521729623225,0.330343488987976,-3.31538938329767,0.000915155520853177,0.00523632292771634,"PURA","Microglia"
"ARFGEF2",6.7569155565746,0.800109488944937,0.241583624890126,3.31193593650577,0.000926527604809302,0.00529444345605316,"ARFGEF2","Microglia"
"CCNH",18.6772034788778,-0.492506805101504,0.148729085880615,-3.31143570328159,0.000928185670546573,0.00529697581620819,"CCNH","Microglia"
"ADGRL3",9.79597367047799,-2.35245113682278,0.710915131457239,-3.30904637238584,0.00093614330516745,0.00533540498108507,"ADGRL3","Microglia"
"OBI1-AS1",1.13835860332127,-3.054179184945,0.923164541265211,-3.30838008656528,0.000938373604825783,0.00534113435644963,"OBI1-AS1","Microglia"
"JUN",2.37971349754587,-1.35535749233586,0.409812981865963,-3.3072585601477,0.000942138879223005,0.00535344897152898,"JUN","Microglia"
"UPF3B",4.09616156931183,0.911009316181887,0.27547868183165,3.3070047748327,0.000942992846361069,0.00535344897152898,"UPF3B","Microglia"
"RASA1",13.6859941517307,0.512038641256541,0.155030628011434,3.30282246691782,0.000957169653995628,0.00542686565854479,"RASA1","Microglia"
"RUFY1-AS1",2.45978684815969,1.25684741466434,0.380989171371119,3.29890587215682,0.000970624518464424,0.00549600376688947,"RUFY1-AS1","Microglia"
"HAMP",16.9557460783466,1.55079372287572,0.470457231054038,3.29635431344361,0.000979484006002322,0.00553897570190678,"HAMP","Microglia"
"ORC4",4.30231109847394,-0.899119129328667,0.272864589688993,-3.29511106719077,0.000983827866564036,0.00555633354691606,"ORC4","Microglia"
"ATP2A2",7.00505899843646,1.05107105849684,0.319044454856292,3.29443449807104,0.000986199264447894,0.00556252107761037,"ATP2A2","Microglia"
"EIF2AK2",5.31485331625106,0.866574904108077,0.263106816924009,3.29362391381277,0.000989047358470003,0.00556418901023124,"EIF2AK2","Microglia"
"FAM200A",3.33830394054886,-1.57414329685777,0.477903129229526,-3.29385434114147,0.000988236948087748,0.00556418901023124,"FAM200A","Microglia"
"CH25H",4.15168673239764,-1.89029490740072,0.574231936666867,-3.29186655547747,0.00099524823921951,0.00559185866365601,"CH25H","Microglia"
"UIMC1",4.25353753331034,0.966980537904712,0.293810478344885,3.29117104111459,0.000997712304423819,0.00559848860654807,"UIMC1","Microglia"
"MINDY3",2.58768011964336,1.71277082461594,0.520507911592595,3.2905759671844,0.00099982501178059,0.00560313245676526,"MINDY3","Microglia"
"GCA",4.47370387879607,1.18258691844527,0.359458895883189,3.28990861539165,0.00100219925559841,0.00560922818281011,"GCA","Microglia"
"RIN2",11.5713350840891,-0.658606690286366,0.200277787632591,-3.28846597554082,0.00100734959651806,0.00563082594976763,"RIN2","Microglia"
"ARL6IP4",5.18535202993404,1.01507752528747,0.308818522375031,3.28697099345211,0.00101271264547776,0.00565355586976062,"ARL6IP4","Microglia"
"ATP2C1",17.077713976728,-0.666876779086791,0.202943110933085,-3.28602816829134,0.00101610848197239,0.00566525956700716,"ATP2C1","Microglia"
"TM9SF3",6.98370884134867,0.770836257610967,0.234758993363568,3.28352173676765,0.00102518738417359,0.00570857853767159,"TM9SF3","Microglia"
"CLMN",1.87062927015939,-1.55331812852794,0.473813430702104,-3.27833283709626,0.0010442219125898,0.00580715247307592,"CLMN","Microglia"
"RNF111",10.2189853223839,0.640327003507845,0.19540705309489,3.27688787772108,0.00104958039688064,0.00582951659923513,"RNF111","Microglia"
"SEC13",1.36576357487199,2.09199849137931,0.638794004671904,3.27491879397616,0.00105692350715553,0.00586283268600269,"SEC13","Microglia"
"CUL5",7.13868030323727,0.719585747976568,0.219921268440772,3.27201526745633,0.00106783809444601,0.00591585018015832,"CUL5","Microglia"
"DNAAF9",11.8429874157952,0.749740917333568,0.229493763659601,3.26693373004082,0.00108719126887183,0.00601542377193042,"DNAAF9","Microglia"
"LRP8",1.3553170919758,1.81342601816752,0.555161014000696,3.26648660917182,0.00108890957675944,0.00601590335906395,"LRP8","Microglia"
"STRBP",10.6364801974791,-0.656519501431976,0.201004475063816,-3.26619345775034,0.00109003753524324,0.00601590335906395,"STRBP","Microglia"
"TRIM9",5.71245135890168,-2.30593077564839,0.706307465839058,-3.26476908028865,0.00109553350819438,0.00603859177715231,"TRIM9","Microglia"
"HCN1",1.90251363044633,-3.67746354606841,1.12706683490995,-3.26286199909541,0.00110293212713126,0.00607169706350037,"HCN1","Microglia"
"PTCHD4",2.63601705915797,-1.17879487867735,0.361443082151511,-3.26135686886163,0.00110880395093868,0.00609632437086084,"PTCHD4","Microglia"
"SAMHD1",8.08523724609851,0.715404100516991,0.21945895607081,3.25985374817039,0.00111469677147605,0.0061210049416065,"SAMHD1","Microglia"
"LARS2",2.77194768181952,1.07618747236286,0.3302060195095,3.25913947287051,0.00111750714734907,0.00612871844332319,"LARS2","Microglia"
"PTPRT",2.07614784150465,-2.86372867482452,0.879127569806848,-3.25746657615766,0.00112411495832406,0.0061572125857951,"PTPRT","Microglia"
"ZMYM4",9.32010711932234,-0.603397510474229,0.18533090201953,-3.25578467432615,0.00113079473812269,0.00617827701530693,"ZMYM4","Microglia"
"NDUFA13",5.53159309299184,-1.44802112103953,0.44474102649074,-3.2558748457844,0.00113043568758003,0.00617827701530693,"NDUFA13","Microglia"
"ASAP1",13.251912728471,0.536959967203899,0.164949586276854,3.25529744768597,0.00113273663319452,0.00618114107725673,"ASAP1","Microglia"
"ENSG00000285755",2.18529383202137,-2.02682419324478,0.62338940551703,-3.25129714317773,0.0011487972346066,0.00626094492860596,"ENSG00000285755","Microglia"
"SFMBT2",65.8314829430822,-0.840055467726799,0.258419987575353,-3.25073720345199,0.00115106202358224,0.00626545620826289,"SFMBT2","Microglia"
"RPL14",11.4503825541521,-0.924567518565601,0.284713555158868,-3.24736037962682,0.00116480798427092,0.00633237258281945,"RPL14","Microglia"
"CDK5RAP1",2.45153140450405,1.08516957841266,0.334219661037464,3.24687534851822,0.00116679480265959,0.00633527439551159,"CDK5RAP1","Microglia"
"ARFGAP3",3.20389666270333,1.22643228336356,0.377925205367742,3.24517197039073,0.0011737971378605,0.00636536756352213,"ARFGAP3","Microglia"
"ERGIC2",3.48421843852898,0.979796977064621,0.302600078662864,3.23792704018508,0.00120401596255578,0.0065211299338425,"ERGIC2","Microglia"
"EOLA2-DT",3.74346124449632,-1.19431470275332,0.369122993897659,-3.23554674863861,0.00121410002579312,0.00656758822885609,"EOLA2-DT","Microglia"
"KAZN",7.88804685608534,-1.89267244659274,0.585139764244241,-3.23456473520868,0.00121828299439113,0.0065777376237508,"KAZN","Microglia"
"ENSG00000288932",1.84106843090739,-1.77315498604053,0.548217894892895,-3.23439822479154,0.00121899357797951,0.0065777376237508,"ENSG00000288932","Microglia"
"ARF1",2.50472641103065,-1.1395021254127,0.352351331865328,-3.23399409157969,0.00122071980976266,0.00657891022319557,"ARF1","Microglia"
"ETS2",7.77630997836105,1.04234354061064,0.32245676892689,3.2325063110924,0.00122709425311264,0.0066050999303347,"ETS2","Microglia"
"ANKUB1",4.15391073507367,1.29667461978332,0.401198626950512,3.23200163878743,0.00122926351113945,0.00660861764311713,"ANKUB1","Microglia"
"RPL12",14.873652868639,-0.901051595180396,0.279004564096326,-3.22952277895106,0.00123997003035744,0.0066579671580769,"RPL12","Microglia"
"LARGE1",10.1740922487695,1.30009107629406,0.402637196438652,3.22893932253016,0.00124250254301408,0.00666335927126859,"LARGE1","Microglia"
"MED28-DT",2.57159957763655,1.70046020019617,0.52681862533094,3.22779058756316,0.00124750263150827,0.00668195512699763,"MED28-DT","Microglia"
"CDC16",4.23724461772938,-0.946351122761392,0.293284144364823,-3.22673810004609,0.00125210008800348,0.006698351391037,"CDC16","Microglia"
"HPGDS",6.24891062730993,-1.10278633242081,0.341820309236205,-3.22621653138451,0.00125438418725754,0.00670234688289569,"HPGDS","Microglia"
"BICD1",4.21136182314356,1.05467968028754,0.3272991979768,3.22237172228665,0.00127134079097565,0.00678463384168157,"BICD1","Microglia"
"EFHD2",3.1469048169695,1.23392239192623,0.382995065910536,3.22177098807445,0.0012740092188119,0.00679056258437637,"EFHD2","Microglia"
"YBX1",4.16702846782729,-0.893387433543825,0.277399882303029,-3.2205761088532,0.00127933218168648,0.00680230281969885,"YBX1","Microglia"
"ADCY7",10.1146305680217,0.591068938795509,0.183518198443552,3.22076471874976,0.00127849059769043,0.00680230281969885,"ADCY7","Microglia"
"CAP1",4.49962978848928,0.995361420600042,0.309267484756914,3.21844833246018,0.0012888618861979,0.00682525349363736,"CAP1","Microglia"
"XRN1",6.98184105291252,0.709910208456045,0.22054335398705,3.21891453821696,0.00128676829531841,0.00682525349363736,"XRN1","Microglia"
"BDP1",4.54390580228337,0.936213275946296,0.290854391290167,3.2188383740519,0.00128711011118349,0.00682525349363736,"BDP1","Microglia"
"SETBP1",12.1284999006455,0.752258246229086,0.233750142569939,3.21821513329776,0.00128991029329293,0.00682525349363736,"SETBP1","Microglia"
"TRPM3",2.1499567300362,-1.34867462532357,0.419617736146603,-3.21405533929189,0.00130874447300838,0.00691086668712708,"TRPM3","Microglia"
"ENSG00000265987",5.62135505362161,1.21864607495786,0.37917486415087,3.21394214167365,0.00130926052375389,0.00691086668712708,"ENSG00000265987","Microglia"
"CXCL16",3.38264215295855,-1.12833354128393,0.35154449761393,-3.20964642866658,0.00132898336412983,0.00700649028731081,"CXCL16","Microglia"
"UBN2",3.45362583649777,-0.963998876290197,0.300484983620692,-3.20814326451358,0.00133594931455391,0.00703470895103265,"UBN2","Microglia"
"ANKAR",3.12832280415038,-1.13964736152766,0.355434047007482,-3.20635395264671,0.00134428523932652,0.00707006470864131,"ANKAR","Microglia"
"PDXDC1",4.7954360572777,0.969863423654263,0.302569370263308,3.20542499992729,0.00134863187943294,0.00708437951123808,"PDXDC1","Microglia"
"RAB30-DT",3.33739896299039,-1.07384845461848,0.335161926638357,-3.20396909454805,0.00135547026122576,0.00711173325986078,"RAB30-DT","Microglia"
"MITD1",2.52276154471778,-1.11846750221585,0.349240256491081,-3.20257324700599,0.00136205657199527,0.00713770030516751,"MITD1","Microglia"
"MAP4K4",25.8161310742347,-0.569505516404418,0.177904872092014,-3.20117998853828,0.0013686600928,0.00715510552111271,"MAP4K4","Microglia"
"RPS2",24.6732619606469,0.503623254233708,0.157307625723915,3.20151837468832,0.00136705356034881,0.00715510552111271,"RPS2","Microglia"
"CTSL",4.57415072538987,0.951353035450975,0.29724510694351,3.20056752231678,0.00137157228515784,0.00716174271052476,"CTSL","Microglia"
"TRERF1",5.84704678152161,0.865381784332121,0.270461639057668,3.19964704550062,0.00137595977587716,0.00717605816127325,"TRERF1","Microglia"
"YWHAB",5.16764941057742,-1.46229280111096,0.4571294231296,-3.19885950700746,0.00137972388183969,0.00718709214435012,"YWHAB","Microglia"
"TIMM23B",3.64857228482189,1.03716363243427,0.324611780410166,3.19508931907446,0.00139787571467689,0.00726428857686681,"TIMM23B","Microglia"
"NAA60",2.49928345775289,1.32560419123792,0.414854829292372,3.19534472697121,0.00139663911598222,0.00726428857686681,"NAA60","Microglia"
"GANC",3.77968237374896,-0.962616126231803,0.301379953241662,-3.19402838801268,0.0014030231989591,0.00728235850888294,"GANC","Microglia"
"EPS8",15.6250283368939,0.993777832641003,0.311179366070655,3.19358524695805,0.00140517842553148,0.00728487269359959,"EPS8","Microglia"
"KCNK6",2.91634399632902,1.12433613841673,0.352228319837936,3.19206626807875,0.00141258920014792,0.00731459490812935,"KCNK6","Microglia"
"COPA",9.4605539251148,0.786425866609607,0.246554848272186,3.18965890194715,0.00142440806987524,0.00736238887806102,"COPA","Microglia"
"ENSG00000286162",2.42530994016299,-1.51351573070168,0.474530870276742,-3.18949898837774,0.00142519637914759,0.00736238887806102,"INCR1","Microglia"
"SIGLEC10",4.02753844676009,1.20814805191035,0.379006546442132,3.18767067020785,0.00143423787930976,0.00740032799265152,"SIGLEC10","Microglia"
"LINC02391",4.67046853283965,-1.09515663616655,0.34402664488183,-3.18334830298603,0.00145582374906842,0.00750282688645188,"LINC02391","Microglia"
"SUMF1",13.3783468258487,-0.607793370934966,0.190953648416464,-3.18293667586485,0.00145789494990151,0.00750463043869016,"SUMF1","Microglia"
"MTCH1",5.23241886986284,0.781228010998439,0.245518425244206,3.18195267919866,0.00146285717605772,0.00751513384313887,"MTCH1","Microglia"
"ENSG00000227531",4.07948848854857,-1.61827218855571,0.508594961072059,-3.18184864660196,0.00146338271395066,0.00751513384313887,"LOC105376219","Microglia"
"RABEP2",2.1101753895368,1.73377966551835,0.544983442201686,3.18134374599351,0.00146593577528162,0.0075193882120328,"RABEP2","Microglia"
"UBE2W",13.2148295955818,0.606646431464618,0.190858284915415,3.17851767207,0.00148030193963107,0.00758415564840363,"UBE2W","Microglia"
"TMEM260",3.07011695950563,-1.00706412612241,0.316944919768875,-3.17741053195234,0.00148596529588487,0.00760423555171132,"TMEM260","Microglia"
"ENO1",3.40901682545447,0.962015860538325,0.302885885488912,3.17616603027064,0.00149235512685438,0.00760778859884482,"ENO1","Microglia"
"GRIA1",3.06261823295953,-3.00533097257409,0.946388654788098,-3.17557797990193,0.00149538324056293,0.00760778859884482,"GRIA1","Microglia"
"SYNE1",5.28613199698176,-1.28946261579287,0.406056061110666,-3.17557780633999,0.00149538413513991,0.00760778859884482,"SYNE1","Microglia"
"ECPAS",7.17817287942378,0.690342056347954,0.21731941617517,3.17662392297017,0.00149000116199855,0.00760778859884482,"ECPAS","Microglia"
"LTN1",2.75542405237319,-1.04132367790784,0.327900755071606,-3.17572820983728,0.00149460910680839,0.00760778859884482,"LTN1","Microglia"
"BCAS1",2.50983680298611,-1.64205056096271,0.517372620825986,-3.17382577829723,0.00150443964458512,0.00764493805406892,"BCAS1","Microglia"
"PLCL1",7.81734062712237,-1.24807490435129,0.393301893758151,-3.17332543819062,0.00150703495401876,0.00764921117522911,"PLCL1","Microglia"
"CAPN3",1.7544457101166,-1.47743769411871,0.465694394387639,-3.17254773070965,0.00151107718214528,0.0076608099001784,"CAPN3","Microglia"
"AXL",5.6141549639231,0.947383364792321,0.298680045904821,3.17190042582965,0.0015144492407127,0.00766898802497953,"AXL","Microglia"
"TMEM51",5.69401522738559,0.790638412757334,0.249390446393581,3.17028348194851,0.0015229028264359,0.00770284956294725,"TMEM51","Microglia"
"GIMAP4",1.79702936590936,-1.41386059110263,0.446034240526063,-3.16984765437534,0.00152518881269967,0.00770547302823934,"GIMAP4","Microglia"
"CDK5RAP2",4.02405554286233,-0.973801253902034,0.307251940722192,-3.16939008298247,0.00152759224961849,0.00770868311150074,"CDK5RAP2","Microglia"
"ARHGAP26",80.0512076928803,0.65941296045768,0.208093926584607,3.16882367150478,0.00153057221110068,0.00771479172300458,"ARHGAP26","Microglia"
"KCNQ5",5.67920592144374,-2.99738114688969,0.946204293377083,-3.1677949126523,0.00153599833754742,0.0077332017918092,"KCNQ5","Microglia"
"LSAMP-AS1",3.42146020847345,-2.80671906440504,0.886630900179137,-3.1656003234694,0.00154763282454555,0.00775838926705199,"LSAMP-AS1","Microglia"
"TBC1D14",9.1260438187974,0.9117871813399,0.287993869495937,3.16599510585334,0.00154553394047774,0.00775838926705199,"TBC1D14","Microglia"
"TLR1",7.01882282461646,0.915066291520959,0.289073985969146,3.16550895596197,0.0015481189592512,0.00775838926705199,"TLR1","Microglia"
"CHST11",72.1218798505898,0.551369962806735,0.174169858036416,3.1657025447621,0.0015470891072532,0.00775838926705199,"CHST11","Microglia"
"MIR646HG",9.87921395569929,-0.935136156540628,0.295461397641658,-3.16500281933541,0.00155081448420189,0.00776297491517821,"MIR646HG","Microglia"
"DST",24.7224650109238,-0.526303934846243,0.166380928983589,-3.16324676188192,0.00156020024237152,0.00780100121185761,"DST","Microglia"
"ARIH2",4.74893684215947,0.843939649361495,0.266839037064191,3.162729331685,0.00156297575840142,0.00780592704081351,"ARIH2","Microglia"
"ARPC5",2.91740037517006,1.15311541605508,0.36468766086181,3.16192605291362,0.00156729358636089,0.00781853551090785,"ARPC5","Microglia"
"CLTC",8.07422208031336,0.729898003949039,0.230924674807611,3.16076228994209,0.00157356859363749,0.00784086750658225,"CLTC","Microglia"
"ARSB",6.90352983959226,0.74405209384946,0.235649210401221,3.15745634191866,0.00159152066416639,0.00792126723260899,"ARSB","Microglia"
"SLFNL1",3.28056857351591,1.65704118345214,0.524949799170673,3.15657075413681,0.00159636152834452,0.00792726225920511,"SLFNL1","Microglia"
"SLC4A7",15.8899437589989,-0.779399884719039,0.246889073043748,-3.15688286690975,0.00159465389025789,0.00792726225920511,"SLC4A7","Microglia"
"CDH12",4.46143819105256,-4.5969950071588,1.457369043724,-3.15431086378242,0.00160877619761677,0.00797982277771231,"CDH12","Microglia"
"C9orf72",5.6643014759386,-0.842293335195878,0.267072983884516,-3.15379460305161,0.00161162470848187,0.00798486787384199,"C9orf72","Microglia"
"TMEM248",1.78412978197004,-1.37422273499592,0.435957415014361,-3.15219488800448,0.00162048077286095,0.00801074243160838,"TMEM248","Microglia"
"PCSK5",3.19255946114467,1.22600440143263,0.388978479426279,3.15185663546454,0.00162235907502528,0.00801074243160838,"PCSK5","Microglia"
"NEDD4L",9.26044726434717,-0.898319620834556,0.28500309276327,-3.15196446510397,0.00162176008410422,0.00801074243160838,"NEDD4L","Microglia"
"PPAN",0.974876790886863,2.13566336752615,0.677752883850835,3.1510944747174,0.00162659866798282,0.0080135256411357,"PPAN","Microglia"
"DIP2A",6.67707155108309,-0.846927381824594,0.26875699383848,-3.15127569232147,0.00162558970456396,0.0080135256411357,"DIP2A","Microglia"
"RPS28",31.8195221609196,0.989472543560961,0.314175908086305,3.14942208518787,0.00163593725362745,0.00805043614651883,"RPS28","Microglia"
"SMAP2",17.58865588995,-0.715672005090786,0.227284714342747,-3.14879074538883,0.00163947545111946,0.0080587519356041,"SMAP2","Microglia"
"GRAMD1B",5.96161446478508,-0.765663241293899,0.243652931465257,-3.1424339394951,0.00167549516626193,0.00822653032083562,"GRAMD1B","Microglia"
"LRRC4C",15.4860615684723,0.739172660679836,0.235465026887531,3.13920360254986,0.0016940769727028,0.00830840899998224,"LRRC4C","Microglia"
"LINC00174",2.77225144271223,-1.28096623610937,0.408118865208854,-3.13870870794919,0.0016969404326843,0.00831310144550959,"LINC00174","Microglia"
"TMCC1",11.6977823523749,0.509947486442219,0.162724065148393,3.13381727513495,0.00172548267649484,0.00844343935972784,"TMCC1","Microglia"
"GRM5",3.63510952162098,-3.01516076499833,0.963375294982459,-3.12978833970746,0.00174932298184863,0.00855050246733188,"GRM5","Microglia"
"VPS35",4.75660167338629,0.796037455430024,0.254412621226158,3.12892281677485,0.00175448387484024,0.00856612507760743,"VPS35","Microglia"
"USP15",27.6235996717357,0.42187457700591,0.135159410907638,3.12131115527132,0.00180047684122689,0.00878084902432799,"USP15","Microglia"
"WSB1",26.1521493835428,-0.346408230818908,0.111019734760902,-3.12024012275792,0.00180703668769541,0.00880299436687371,"WSB1","Microglia"
"CEBPD",24.4791181871126,0.846039352455836,0.271525626870818,3.11587293695247,0.00183401279116064,0.00891448803730256,"CEBPD","Microglia"
"ARSG",1.93131271813403,1.35934633811174,0.436222227077527,3.11617852950476,0.00183211317245958,0.00891448803730256,"ARSG","Microglia"
"BORCS5",2.71825081441677,1.02576681258586,0.330189977182435,3.10659584927105,0.00189254943786455,0.00918877009920872,"BORCS5","Microglia"
"FCGR2A",5.37921986381963,0.862584268493468,0.277710746904924,3.10605289174776,0.00189602798354003,0.00919541936399838,"FCGR2A","Microglia"
"FKBP5",42.6939532998289,1.40995789712486,0.454128564649578,3.10475492377986,0.00190436743763371,0.00922560225342554,"FKBP5","Microglia"
"ZNF565",4.2769400248078,-1.02867338715962,0.331427514414447,-3.10376580827044,0.00191074511453084,0.00924622497153659,"ZNF565","Microglia"
"RPL10A",11.5257416366177,-0.682528515847555,0.219945080002887,-3.10317701054552,0.00191455090639452,0.00925437023490032,"RPL10A","Microglia"
"MGAT5",17.1179546257853,-0.465270580071042,0.149970366743811,-3.10241676521235,0.00191947517510987,0.00925764575606088,"MGAT5","Microglia"
"TSC22D4",2.56863731341317,-1.1257119468505,0.362826915304719,-3.10261422007535,0.00191819510162439,0.00925764575606088,"TSC22D4","Microglia"
"KPNA4",4.88634826562618,0.72594490277354,0.23406778875206,3.10143017389936,0.00192588287436085,0.00927828655493184,"KPNA4","Microglia"
"FGFR1OP2",3.51305123030507,-0.999205716865009,0.322316134403273,-3.1000797360483,0.00193468552433453,0.00931040715904917,"FGFR1OP2","Microglia"
"CCDC88A",17.9821811430658,-0.471786281534322,0.152235739291036,-3.09905074676576,0.00194141763695011,0.00932222565760183,"CCDC88A","Microglia"
"DOCK3",6.41376332122778,-1.31344404866836,0.423804659264953,-3.09917321566591,0.00194061526400626,0.00932222565760183,"DOCK3","Microglia"
"IFNGR1",19.5246846440249,-0.590639377298949,0.190726930662132,-3.09678017282862,0.00195634891648808,0.00938358776225306,"IFNGR1","Microglia"
"USP25",7.95729767222676,0.700303138776908,0.226285916424321,3.09477120734166,0.00196964768868097,0.00943182944326556,"USP25","Microglia"
"MSN",8.53587427244431,0.999041482683032,0.322832990030498,3.09460778029114,0.0019707331703704,0.00943182944326556,"MSN","Microglia"
"ITCH",9.21415152298575,0.699047788697306,0.225923502366859,3.09417914193884,0.00197358279372333,0.00943511072437907,"ITCH","Microglia"
"NDRG2",4.59900938709237,-1.09766668884868,0.354828695415727,-3.09351161005349,0.00197802813373305,0.00944600510742181,"NDRG2","Microglia"
"EXOC5",5.30877926116672,1.2041815100319,0.389564470205062,3.09109685849439,0.00199418571997495,0.00951274588521966,"EXOC5","Microglia"
"RARS2",2.8004371444016,1.08271338198778,0.351054984582803,3.08417037084515,0.00204120666623442,0.00972640553528097,"RARS2","Microglia"
"PTPRM",10.3440841456936,0.780515676293467,0.253139735728464,3.08333922387714,0.00204691680715621,0.00974296646200992,"PTPRM","Microglia"
"RPL19",20.6702540221229,-0.685279951369173,0.222277025315949,-3.08299947057103,0.00204925519529032,0.00974345981621133,"RPL19","Microglia"
"TOP2B",5.11004176479987,0.74649070522127,0.242292508243062,3.08094835715023,0.00206342433856021,0.00978947781950219,"TOP2B","Microglia"
"FNBP4",7.66418061623731,0.641966375585408,0.208352897908304,3.08114925220736,0.00206203259062971,0.00978947781950219,"FNBP4","Microglia"
"CROCCP2",1.66843929030379,-1.30300580979638,0.422975907940516,-3.08056743974085,0.00206606560010956,0.00979135436573659,"CROCCP2","Microglia"
"NDUFB9",3.84493488315735,1.11872057707714,0.363579693936651,3.07696110573233,0.00209122585452602,0.0098998314068767,"NDUFB9","Microglia"
"POLR1C",1.12228422483358,2.00976923218807,0.654109606834905,3.07252670070527,0.002122548435383,0.0100154882881709,"POLR1C","Microglia"
"SMARCA2",13.93116875406,-0.497322305684133,0.161845928510066,-3.07281320118722,0.00212051180110656,0.0100154882881709,"SMARCA2","Microglia"
"CST3",17.7967262701404,-0.823936132502708,0.26810883586712,-3.07314053950488,0.00211818705807501,0.0100154882881709,"CST3","Microglia"
"ALCAM",17.1349706429786,0.66221348850572,0.215623157432384,3.07116126297046,0.00213227953516085,0.0100396747011893,"ALCAM","Microglia"
"MPRIP",5.1207532039646,1.07635220979963,0.350455436791658,3.07129551093112,0.00213132097668055,0.0100396747011893,"MPRIP","Microglia"
"PADI2",18.1710933834822,-0.951389988705559,0.309874052082809,-3.07024735472628,0.00213881554355352,0.0100551258950523,"PADI2","Microglia"
"CLIP2",4.5867195797001,0.843886194280151,0.274876322594001,3.07005778568492,0.00214017358500196,0.0100551258950523,"CLIP2","Microglia"
"GRIN2A",2.22167926609831,-2.959345650192,0.964565824331547,-3.06805982084515,0.0021545348326021,0.010100829967898,"GRIN2A","Microglia"
"BTK",2.54462834535322,-1.15462023431172,0.37633147572207,-3.06809371205623,0.00215429048981,0.010100829967898,"BTK","Microglia"
"ENSG00000290441",8.27653922470614,0.912390343722674,0.298111156123148,3.06057094805862,0.00220915413995386,0.010345770193554,"LOC100419170","Microglia"
"RPS20",14.5880686578675,-0.670607385626409,0.219541034103333,-3.05458789681554,0.00225369963803849,0.0105430583925406,"RPS20","Microglia"
"DDI2",3.0873823093156,1.01911458544384,0.334058979172014,3.05070256746214,0.00228306616414582,0.0106689908635324,"DDI2","Microglia"
"RAP1GAP",2.57857485844255,-3.28696709415732,1.07925584829922,-3.04558654867349,0.00232226930632487,0.0108405719224587,"RAP1GAP","Microglia"
"CNTLN",5.73727558533778,-0.793916585293596,0.261059541369024,-3.04113223033418,0.00235690298596841,0.0109904780949971,"CNTLN","Microglia"
"RELCH",7.08464050426161,-0.744984319887919,0.245015179846373,-3.04056393712027,0.00236135549485196,0.0109994764503788,"RELCH","Microglia"
"KCTD5",2.06684814383543,1.27674232085113,0.420234799305529,3.03816419525715,0.00238024223533447,0.0110756202199128,"KCTD5","Microglia"
"ZNF518A",7.82745111679457,-0.626536426294327,0.206277773166377,-3.03734336800786,0.00238673408525473,0.0110939878589665,"ZNF518A","Microglia"
"CATSPER2",3.29367206863947,-1.15521386182008,0.380565543541001,-3.0355187993934,0.00240122253535129,0.011149446490023,"CATSPER2","Microglia"
"GUSB",1.83969678176072,1.38783276808044,0.457338708390052,3.03458408969133,0.00240867598013634,0.0111721566738239,"GUSB","Microglia"
"PARP9",4.12651728747524,0.861663888362184,0.284034377256922,3.03366056138609,0.0024160610564161,0.0111945018129375,"PARP9","Microglia"
"CYRIA",9.14067518644427,-0.869241769941785,0.286648562570725,-3.03243024191799,0.00242593161163515,0.0112283034254026,"CYRIA","Microglia"
"COMMD1",9.00669462081192,0.562788694075732,0.185645587729001,3.03152205748769,0.00243324141751346,0.0112501936164992,"COMMD1","Microglia"
"VIRMA",2.27543197559618,1.0918080456932,0.360448315272393,3.02902801714613,0.00245341929173949,0.0113314704576104,"VIRMA","Microglia"
"TNFSF10",2.99424364514475,0.970018386836201,0.320429312177424,3.0272461038118,0.00246792940209854,0.0113864256012165,"TNFSF10","Microglia"
"SRGAP2-AS1",3.3603337643933,0.878176616637998,0.290159201090567,3.02653375573603,0.0024737519861533,0.0113878206190084,"SRGAP2-AS1","Microglia"
"NEO1",3.17308231004003,-1.09616909117534,0.362220161170666,-3.02625090672096,0.0024760674189954,0.0113878206190084,"NEO1","Microglia"
"RPL36A",21.3974157858694,-0.662858536772473,0.219020958855742,-3.02646166940153,0.00247434190455013,0.0113878206190084,"RPL36A","Microglia"
"ARL6IP5",3.00157294212987,-1.047253036589,0.346425952750672,-3.02302130736357,0.00250264621537113,0.0114979320326851,"ARL6IP5","Microglia"
"RNF135",2.866522493648,0.982339766137156,0.325006948910091,3.02251927053076,0.00250680121405712,0.0115048982034622,"RNF135","Microglia"
"ANKRD36C",4.75911411859377,-0.90965304001557,0.301043639557366,-3.02166503618234,0.002513885605472,0.0115252799577896,"ANKRD36C","Microglia"
"CREB5",3.35778587418053,-1.10669767683945,0.366405271683923,-3.02041963466655,0.00252424686738705,0.0115606264094617,"CREB5","Microglia"
"RIPK2",2.41044099210713,-1.45946118522457,0.483268689102066,-3.01997877813337,0.00252792397545044,0.0115653185025855,"RIPK2","Microglia"
"SCAMP3",2.95346385138901,1.4084514484874,0.466475992008778,3.01934391611927,0.00253322785812616,0.0115697986933951,"SCAMP3","Microglia"
"ENSG00000285692",1.31041071428568,1.96172297826055,0.649743576179738,3.01922643051708,0.00253421049362209,0.0115697986933951,"ENSG00000285692","Microglia"
"SH3TC1",8.99685567300498,0.790556036981611,0.261894646488696,3.01860327265503,0.00253942834244931,0.0115814932772793,"SH3TC1","Microglia"
"ENSG00000228655",3.59997395877375,0.986528787555281,0.327118570953673,3.01581406607146,0.00256290366235785,0.011676342704159,"ENSG00000228655","Microglia"
"MED28",1.7633771463699,-1.23464523517164,0.409509257253908,-3.01493852288208,0.00257031348340468,0.0116978776488981,"MED28","Microglia"
"FKBP15",6.76986248264955,0.798809824002293,0.265089005038775,3.01336460139284,0.00258368303978157,0.0117464630380059,"FKBP15","Microglia"
"LILRB1",11.4374204598738,1.19126232197332,0.395901654768253,3.00898545794318,0.00262121661938836,0.0119046921463888,"LILRB1","Microglia"
"STIM2",3.9967340965228,-0.851655838271848,0.283148198543729,-3.00780948864246,0.00263138038958701,0.0119260067553008,"STIM2","Microglia"
"SELENOH",5.69089239053698,0.827102664362112,0.274977681385725,3.00789016837295,0.00263068193441041,0.0119260067553008,"SELENOH","Microglia"
"HECA",2.54699179539779,-1.25050234505263,0.415906570872006,-3.00669052289984,0.00264108492031622,0.0119451558636709,"HECA","Microglia"
"KIF13B",5.80141946353385,0.703021510352882,0.233812465714374,3.00677514436589,0.00264034987604339,0.0119451558636709,"KIF13B","Microglia"
"LASP1",2.40238890556909,1.05709228184239,0.352206584144292,3.00134162571281,0.0026879282026163,0.0121444217237379,"LASP1","Microglia"
"RALA",2.48154256093069,1.06401710396049,0.354839723109729,2.99858509254743,0.00271236402464756,0.0122421399042064,"RALA","Microglia"
"FOXO1",5.5570465639939,-0.872293120566576,0.290949716540463,-2.99808891700799,0.00271678396458191,0.0122494085683321,"FOXO1","Microglia"
"RALGPS2",5.79879327458078,0.811045954143497,0.270655613989679,2.99659756613962,0.00273010858848334,0.0122840799234132,"RALGPS2","Microglia"
"WAS",2.54209486746407,1.42251790279029,0.474697244285416,2.99668456034892,0.0027293296931671,0.0122840799234132,"WAS","Microglia"
"RBM47",26.5917644036644,0.470500622473961,0.157080277345936,2.99528769889923,0.00274186094948488,0.0123242409688186,"RBM47","Microglia"
"EIF4A1",10.1389382759393,0.748862529702866,0.250189030588182,2.993186903288,0.00276080619528775,0.012396616901601,"EIF4A1","Microglia"
"RPS15",33.041137251282,-0.840587907643075,0.280992480984415,-2.99149608807396,0.00277614095070673,0.0124526487089314,"RPS15","Microglia"
"CUTA",1.8703694667538,-1.27023477481898,0.424816100813109,-2.99008152560065,0.002789029973751,0.012497606048874,"CUTA","Microglia"
"SLC16A3",2.7350711278653,1.14927753282911,0.384423535061306,2.9896128306656,0.00279331260562406,0.0125039455446827,"SLC16A3","Microglia"
"LINC01170",0.857649445065558,-2.06062534343149,0.689821319059003,-2.98718709685926,0.0028155735279264,0.0125906672633427,"LINC01170","Microglia"
"SLA",7.49518753043188,0.846206053023267,0.283466054542978,2.98521124297431,0.00283382549984914,0.0126593024378507,"SLA","Microglia"
"UQCR11",4.48605604955588,-1.06003386661063,0.355186888001979,-2.98443974825085,0.00284098147044296,0.0126782796429184,"UQCR11","Microglia"
"PCM1",15.5895610605745,-0.59039378191644,0.198095139484292,-2.98035470962807,0.00287914781073823,0.0128354646777287,"PCM1","Microglia"
"HNMT",3.35828880712579,-1.03549455494937,0.347504621079345,-2.9798008202974,0.00288435865509951,0.0128455605068783,"HNMT","Microglia"
"CNTN5",2.23920337941572,-2.55273190271857,0.856811994248407,-2.97933726401417,0.0028887262857986,0.0128518842919203,"CNTN5","Microglia"
"BTBD9",15.8512238219976,0.514511775857223,0.172719925030504,2.97887910596508,0.00289304898549694,0.0128579954910975,"BTBD9","Microglia"
"MAPKAPK2",2.01918453824606,1.3233858863948,0.44480931008586,2.97517578069431,0.00292820702662227,0.0130010006477323,"MAPKAPK2","Microglia"
"FMN1",25.3166273841468,1.00146958229858,0.336765826885306,2.97378624060823,0.00294149911149055,0.0130467305453701,"FMN1","Microglia"
"LRBA",12.8768528628575,-0.443921975807404,0.149513599740319,-2.96910767032849,0.0029866592646177,0.0132335715383467,"LRBA","Microglia"
"WNT5A",2.43777990921334,1.31563983039449,0.443517303628111,2.96637768049215,0.00301330198463875,0.0133380676680457,"WNT5A","Microglia"
"FCGBP",9.28973451340427,1.73973116984674,0.586613536438476,2.96571944181381,0.00301975827143474,0.0133530893138493,"FCGBP","Microglia"
"ZBTB8OS",2.00758108540959,-1.18685731677617,0.400251183359357,-2.96528121869556,0.00302406354545908,0.0133585785797382,"ZBTB8OS","Microglia"
"STK3",14.9479825562596,0.490673181637532,0.165659295251873,2.96194174248719,0.00305705620207014,0.0134906528755322,"STK3","Microglia"
"KDM4C",13.3759315375371,0.434779742238051,0.147004811374487,2.95758851817764,0.00310055711964687,0.0136687856841864,"KDM4C","Microglia"
"ZNF780B",3.64033253403059,-0.985059237517307,0.333358271449004,-2.95495663940049,0.0031271299780779,0.0137720067721411,"ZNF780B","Microglia"
"HMOX1",1.95750282373128,1.22489045726575,0.414616279890383,2.95427487215309,0.0031340472397904,0.0137885428511465,"HMOX1","Microglia"
"GATAD2A",2.77049270321231,0.997292003668664,0.3376538406496,2.95359295114194,0.00314098001261084,0.0138051137651041,"GATAD2A","Microglia"
"ANKRD11",8.38612647418387,0.585885474721553,0.198545161516279,2.95089273517005,0.00316856934325945,0.0139123487780576,"ANKRD11","Microglia"
"SPTBN4",2.41653698200464,-2.89619742551004,0.981607651599017,-2.95046337586326,0.00317297659949166,0.0139176840782532,"SPTBN4","Microglia"
"DAB1",3.46188656443127,-1.05316263448927,0.35708599965768,-2.94932491192285,0.00318468968393354,0.0139470500699302,"DAB1","Microglia"
"MCF2L",6.83888757763187,-1.04107768936903,0.35300448916428,-2.94919107639035,0.00318606923615836,0.0139470500699302,"MCF2L","Microglia"
"AGBL4",2.66810613526117,-2.02871688741453,0.688014666350875,-2.94865354858572,0.00319161546287501,0.0139573153642277,"AGBL4","Microglia"
"GYPC",2.81656519896797,-1.07941120659266,0.366297716457121,-2.94681391146215,0.00321066354223992,0.0140265461364389,"GYPC","Microglia"
"YAF2",8.15138034850331,0.594056508666636,0.201703981686554,2.94518979595452,0.00322756609521061,0.0140862744495678,"YAF2","Microglia"
"PDE1C",2.36751061228384,-1.46930533391484,0.499330979348176,-2.94254791848258,0.00325523402739203,0.0141928203594293,"PDE1C","Microglia"
"DTWD2",3.17709119875881,1.04389370889345,0.354944137574653,2.94100845284112,0.00327145606405124,0.0142492991401233,"DTWD2","Microglia"
"VKORC1L1",3.90840785506811,0.846027162180357,0.287711951087929,2.94053534787576,0.00327645615604819,0.0142568351700301,"VKORC1L1","Microglia"
"APBB1IP",64.4112194498698,0.542183306793202,0.184465501065149,2.9392125013214,0.00329047385907398,0.0143035553594841,"APBB1IP","Microglia"
"KLF3",7.21132018662047,0.829415702579491,0.282318379374487,2.93787356110916,0.00330471771054902,0.0143383905285633,"KLF3","Microglia"
"PTPN9",3.91992055580158,0.799437506345553,0.272117349473813,2.93784100091893,0.00330506478926745,0.0143383905285633,"PTPN9","Microglia"
"XYLT1",2.91715801741776,1.01352083673129,0.345056303551551,2.9372621983701,0.00331124013859362,0.0143509015947,"XYLT1","Microglia"
"SLMAP",5.49000471628547,0.769887021935057,0.262177778148523,2.93650753840365,0.00331930752637966,0.0143625425351346,"SLMAP","Microglia"
"SPI1",8.47971227077448,0.631623208726932,0.215101597452874,2.93639478370361,0.0033205144209669,0.0143625425351346,"SPI1","Microglia"
"DDX50",2.66800696882084,0.978327567433132,0.333215555731034,2.9360200945205,0.00332452785991333,0.0143656506136989,"DDX50","Microglia"
"SLC25A29",4.55747071259731,-0.991141964317678,0.337763276032131,-2.93442785124867,0.0033416323110494,0.0143988297336616,"SLC25A29","Microglia"
"SUZ12",3.72916552215746,0.869923123344207,0.296404178863616,2.93492192545801,0.00333631623151609,0.0143988297336616,"SUZ12","Microglia"
"SYAP1",1.77350347841715,-1.375477658903,0.468745078543446,-2.93438314739663,0.00334211369047375,0.0143988297336616,"SYAP1","Microglia"
"DISC1",49.9731204067293,0.351079832453616,0.119674113731257,2.93363219085131,0.00335020957713064,0.0144194607663274,"DISC1","Microglia"
"MILR1",3.86989294030112,0.887778978917807,0.302672066110867,2.93313813304667,0.0033555456341498,0.0144281843835238,"MILR1","Microglia"
"CD300A",3.14123629944422,1.11572201024666,0.380515024809407,2.93213654521397,0.00336638701026689,0.0144605392756292,"CD300A","Microglia"
"ZZEF1",4.07730875873797,0.788938353170242,0.269406033937105,2.92843609194895,0.00340671858348171,0.0146193828976184,"ZZEF1","Microglia"
"AGK",2.46417924302685,0.977119970856963,0.333727106202937,2.92790112848306,0.00341258545475716,0.0146301598650356,"AGK","Microglia"
"STARD13",11.2563178667903,0.843132614320206,0.28805378378565,2.92699718517708,0.0034225197830742,0.0146583362025575,"STARD13","Microglia"
"AKAP9",16.4252338973477,0.418785268370141,0.143191593889409,2.92464981354688,0.00344844044308162,0.014728087611075,"AKAP9","Microglia"
"GRK5",4.09473881454667,-0.937034332250218,0.320375420513163,-2.9248009436845,0.00344676623429321,0.014728087611075,"GRK5","Microglia"
"ELK3",1.76464623205729,-1.29538427221914,0.44292626948316,-2.92460475132959,0.00344893978231824,0.014728087611075,"ELK3","Microglia"
"MR1",3.17739803229579,0.914150070207417,0.31293353769557,2.92122754543722,0.00348655079186093,0.014874130579759,"MR1","Microglia"
"MYO1F",14.7298356138209,0.70607926102269,0.241748168019501,2.92072228222939,0.00349220975679124,0.01488370922738,"MYO1F","Microglia"
"CHD8",2.79729580395173,1.10307989867866,0.377726669634356,2.92031245701145,0.00349680595101323,0.0148887440882985,"CHD8","Microglia"
"CD14",23.8396685386676,0.685413341109096,0.234789284292509,2.91927011564626,0.0035085206360317,0.0149240487542421,"CD14","Microglia"
"MRPL3",3.73557526669394,0.882248966339345,0.30232010319882,2.91826099886959,0.0035198959267935,0.0149578423399802,"MRPL3","Microglia"
"ZMYND11",6.75142495020724,-0.689330871798359,0.236237563134449,-2.91795624138759,0.00352333790386487,0.0149578902247817,"ZMYND11","Microglia"
"NLRC5",3.16052533397593,0.946668386068111,0.324887139176792,2.91383767442074,0.00357015493142893,0.0151419022383562,"NLRC5","Microglia"
"RPS25",22.946754021185,-0.591739974890315,0.203122943758987,-2.91321090537383,0.00357732901481609,0.0151575845525735,"RPS25","Microglia"
"ZNF718",3.94366763064088,0.796574636101363,0.273572684028641,2.91174770949708,0.00359412802111574,0.0152139788078297,"ZNF718","Microglia"
"M6PR",4.1216099325454,0.798002184936276,0.274219491888376,2.91008556481868,0.00361329819630653,0.0152802911114418,"M6PR","Microglia"
"ACTR2",12.2207277909858,0.482756808041642,0.165992602886291,2.90830313910038,0.00363395891449297,0.0153512163892805,"ACTR2","Microglia"
"MRPL16",2.30615552822729,1.14616064116772,0.394136190747196,2.90803196477555,0.00363711158947862,0.0153512163892805,"MRPL16","Microglia"
"PRKCD",3.83448767851975,1.17249781067223,0.403343128973637,2.90694876507704,0.00364972970504171,0.0153895759322842,"PRKCD","Microglia"
"CKB",3.63695988991807,-1.05076062918867,0.361514467709356,-2.90655208309242,0.00365436057430177,0.0153942145931939,"CKB","Microglia"
"MTCH2",3.30707331652193,1.04231839892455,0.358748870045531,2.90542629107728,0.00366753219467248,0.0154347880007452,"MTCH2","Microglia"
"ZNF331",5.41015482883125,-1.36832969875265,0.471181188977967,-2.90404144045027,0.00368379397173337,0.0154882755224277,"ZNF331","Microglia"
"ANGEL2",2.53832535276223,-1.03226729507054,0.355886766234856,-2.90054981811076,0.0037250861964723,0.0156467975111939,"ANGEL2","Microglia"
"MAP2K6",1.9734864048528,-1.2779660073166,0.440709654643357,-2.89979126586368,0.00373411234644819,0.0156696148513129,"MAP2K6","Microglia"
"CIITA",11.8478333608905,0.859423218618876,0.296519002911522,2.89837484336651,0.00375101985119165,0.0157254293761496,"CIITA","Microglia"
"TLR4",4.92978628808186,-1.32041726013798,0.455778588069922,-2.89705856023104,0.00376679436167341,0.0157763913706975,"TLR4","Microglia"
"TMEM181",3.7843086034448,0.846473852426636,0.292370648416944,2.89520804160716,0.00378907319098053,0.0158544713173465,"TMEM181","Microglia"
"VGLL4",4.96510459511436,0.876242713986234,0.30274540012133,2.89432213878416,0.00379978111134877,0.0158840322583707,"VGLL4","Microglia"
"COG6",3.21123148697078,0.924133818249688,0.319428481456069,2.89308521906737,0.00381477778013376,0.0159314474342751,"COG6","Microglia"
"FGD2",12.8574967190834,0.711292784317889,0.245979034455766,2.89168052834925,0.00383187374284654,0.0159874713454747,"FGD2","Microglia"
"ANKRD12",18.6312065978964,0.442320686938499,0.152979031259735,2.89138114744305,0.00383552638242351,0.0159874713454747,"ANKRD12","Microglia"
"TNPO1",6.0277322678001,0.684083265440765,0.236961848750121,2.88689199991066,0.00389067754630908,0.0161864065857897,"TNPO1","Microglia"
"RNMT",10.0149238144389,-0.514744738484215,0.178298822571806,-2.88697777730368,0.00388961701755197,0.0161864065857897,"RNMT","Microglia"
"CYBC1",4.25781059401862,1.00063469808908,0.346798644584129,2.88534777662989,0.00390981489209859,0.0162505175686843,"CYBC1","Microglia"
"ADAM9",9.02469012717402,0.787052404671285,0.272876169450314,2.88428412879269,0.00392304621660591,0.0162899823851446,"ADAM9","Microglia"
"ENSG00000288827",2.20206118677468,-1.23743062323985,0.429284786730724,-2.88254012601673,0.00394482889363528,0.0163648467899618,"ENSG00000288827","Microglia"
"ARHGAP26-AS1",11.9504077564811,0.845167104024705,0.293360283890168,2.88098679486256,0.00396432249148601,0.0164300818088203,"ARHGAP26-AS1","Microglia"
"GABRB3",2.10664722615139,-2.31968043665162,0.80615865313365,-2.87744903268693,0.00400904666741393,0.0165996614149333,"GABRB3","Microglia"
"MAPK6",3.53136749590797,0.999352754986785,0.347440802327468,2.87632525682715,0.00402334894513784,0.0166430753328283,"MAPK6","Microglia"
"USO1",4.32752821779384,0.95591048034792,0.332641748408099,2.8736936506694,0.00405702276610171,0.0167664637537473,"USO1","Microglia"
"PLP1",20.7087292768759,-1.03785861862436,0.361706368003881,-2.86934018981171,0.00411329133299724,0.0169829073976023,"PLP1","Microglia"
"NDUFB8",5.76751538273136,-0.713373292795511,0.248827460500108,-2.86693957074405,0.00414462142758549,0.0170960732490754,"NDUFB8","Microglia"
"ZNF638",16.2106513766969,-0.596368490635172,0.208513806448422,-2.86009114117194,0.00423519271669249,0.0174366763406792,"ZNF638","Microglia"
"GCNT2",5.9688754264149,-0.923486822708205,0.322867914877058,-2.86026198378942,0.00423291164256886,0.0174366763406792,"GCNT2","Microglia"
"AKR1B1",3.17844863886445,1.20414408834798,0.421244375073616,2.85854045680146,0.00425594834780851,0.0175055988645708,"AKR1B1","Microglia"
"GARS1-DT",7.09398738254221,-0.636398253041791,0.222692558785644,-2.85774368264529,0.00426664886485974,0.0175165621947161,"GARS1-DT","Microglia"
"MAP2K4",6.72586314486528,0.590454173799384,0.20660881103827,2.85783636637846,0.00426540288816417,0.0175165621947161,"MAP2K4","Microglia"
"SEPTIN6",5.37120896357397,0.901793138181279,0.315613808856013,2.85726768879332,0.00427305300245772,0.0175263509790364,"SEPTIN6","Microglia"
"SEPTIN2",8.70034458557473,0.640147673442116,0.224150981715034,2.85587717949835,0.00429181121289776,0.0175867451957089,"SEPTIN2","Microglia"
"MICOS10",12.1289807000982,-0.533507720808166,0.187059816533116,-2.85207015967386,0.00434355125925158,0.0177653691278958,"MICOS10","Microglia"
"RPL5",8.29760636333222,-0.569873858968142,0.199805464096701,-2.85214351641723,0.00434254897026009,0.0177653691278958,"RPL5","Microglia"
"BEX3",2.4483928382413,-1.88745789970454,0.662464874062334,-2.84914411858603,0.00438370181501305,0.0179127834240458,"BEX3","Microglia"
"RPS27L",2.71834953338693,-0.982342765511488,0.345097145901726,-2.84656879136066,0.00441931796908591,0.0180414104355942,"RPS27L","Microglia"
"ENSG00000251680",4.76194995013901,1.07365319518619,0.37730694799733,2.84556963736006,0.00443320649294879,0.0180535632377687,"ENSG00000251680","Microglia"
"MARCKS",5.65074225184122,-0.924922992547405,0.325052055627269,-2.84546113933209,0.00443471702469043,0.0180535632377687,"MARCKS","Microglia"
"SLCO2B1",35.2685168241452,0.5052624852942,0.177545938164471,2.84581269792917,0.00442982424615036,0.0180535632377687,"SLCO2B1","Microglia"
"DOP1B",3.14738038065226,0.923455582671999,0.324852881692677,2.84268859755913,0.00447347551262013,0.0181943593610296,"DOP1B","Microglia"
"CDCP1",1.8626034647175,1.38095274949872,0.485945271779882,2.8417865749381,0.00448615126918815,0.0181949949150329,"CDCP1","Microglia"
"ASAH1",10.481201047079,0.586672025733074,0.206423355531821,2.8420816250254,0.00448200147355467,0.0181949949150329,"ASAH1","Microglia"
"NUBPL",7.41232430593532,0.61921965901359,0.217894098490098,2.84183767850753,0.00448543226283637,0.0181949949150329,"NUBPL","Microglia"
"PRKCE",6.75052163286363,0.944131756268459,0.332455862567614,2.83987098009573,0.00451317834395809,0.0182706198511209,"PRKCE","Microglia"
"NDUFA12",1.55901425183618,-1.31898734214918,0.464405573156469,-2.84016260438973,0.00450905432859382,0.0182706198511209,"NDUFA12","Microglia"
"MCCC2",1.90476073925541,-1.40541695830181,0.495124526939908,-2.83851209510448,0.00453244015975627,0.0183315761563426,"MCCC2","Microglia"
"RELL1",1.71381890733718,1.23387972140482,0.435191245663761,2.83525859883255,0.00457886051218514,0.0185016337523227,"RELL1","Microglia"
"TMX2",1.4994953977193,1.34464644744303,0.474306820570123,2.83497177170412,0.00458297349828177,0.0185016337523227,"TMX2","Microglia"
"LST1",12.1375474211997,-0.72109138616315,0.254628181685466,-2.83193863848853,0.00462667264476806,0.0186607703341247,"LST1","Microglia"
"PHF21A",13.1806323489119,0.494015749550587,0.174469947527477,2.83152346035287,0.00463268349375114,0.0186677449470933,"PHF21A","Microglia"
"LINGO2",2.54459473312693,-2.43751042020181,0.861076701930801,-2.8307703770595,0.00464360450108261,0.0186944742610528,"LINGO2","Microglia"
"ZFP36L2",16.2629301625334,-0.697492370706129,0.246504603730591,-2.82953080855411,0.00466163115661971,0.0187497341723819,"ZFP36L2","Microglia"
"MEF2C-AS2",0.994230981112322,1.95520526764751,0.691382180445144,2.82796595421169,0.00468447881618074,0.0188242651046526,"MEF2C-AS2","Microglia"
"ZNF536",1.97889433358153,-1.28648090976934,0.455242487103674,-2.82592452640821,0.00471443707113895,0.018927205920963,"ZNF536","Microglia"
"CCNT2",6.41048453055779,-0.620465190377069,0.219678646483753,-2.82442194682293,0.00473659833800443,0.0189986833060711,"CCNT2","Microglia"
"AVL9",8.90432579531839,0.527532999634222,0.186870621871708,2.82298519879913,0.00475787680953874,0.0190664916264604,"AVL9","Microglia"
"CREB3L2",4.86554929730032,1.03995699075104,0.368459915807396,2.82244267594812,0.00476593413725661,0.019081242275885,"CREB3L2","Microglia"
"DSE",7.92796745890717,0.754939694405827,0.267599221637644,2.8211580354598,0.00478506235636517,0.0191269387677636,"DSE","Microglia"
"TNPO3",4.25232048229762,-1.04417798869089,0.37016698070426,-2.82082963397841,0.00478996337201626,0.0191269387677636,"TNPO3","Microglia"
"YWHAE",4.7209387010538,-1.03817143688461,0.36804238776953,-2.8207931243363,0.00479050851706372,0.0191269387677636,"YWHAE","Microglia"
"ENSG00000263300",0.923348970361865,2.11878118234943,0.751557346860319,2.81918763910802,0.00481453646932801,0.0192052872884448,"ENSG00000263300","Microglia"
"CHD4",3.46929053849712,0.810969753822107,0.287802657263945,2.81779800621633,0.00483542192873981,0.0192709685642647,"CHD4","Microglia"
"COX5B",2.8754854984931,-0.910716644210633,0.324279118275445,-2.80843444084199,0.00497830175102034,0.019822279118218,"COX5B","Microglia"
"NHLRC2",4.44899129044022,-0.739456391888612,0.26337554532758,-2.80761219105932,0.00499102913117638,0.0198548239159936,"NHLRC2","Microglia"
"OARD1",1.64113652872953,1.36317815025184,0.485654462278785,2.8068889635144,0.00500224808654531,0.0198813141817115,"OARD1","Microglia"
"ENSG00000267476",0.96401984697243,2.18915642283046,0.780901631594165,2.80337027643473,0.00505715719851387,0.0200812435205104,"LOC105372146","Microglia"
"SRRM2",9.17618772153667,-0.59689058994582,0.21310420983325,-2.80093288824691,0.00509551147096545,0.020215131950327,"SRRM2","Microglia"
"SPATA6",11.8300797357915,0.765377493506297,0.273460717360801,2.79885718465539,0.0051283814326843,0.020327039133185,"SPATA6","Microglia"
"CD58",5.89235994098538,0.9902812842147,0.353951991935471,2.79778418197245,0.0051454480763343,0.0203761613195437,"CD58","Microglia"
"LIMD2",4.03156987122185,1.03062694516267,0.368446508981693,2.79722271765066,0.00515439888777947,0.0203930845287826,"LIMD2","Microglia"
"SMAD5",4.27659551455774,0.754872462096183,0.270116157956301,2.79462164650774,0.00519604877922253,0.0205392318018225,"SMAD5","Microglia"
"CC2D2B",2.76387078899446,1.12287230313109,0.402662424226567,2.78861953729083,0.00529332088857914,0.0209047817701133,"CC2D2B","Microglia"
"CHCHD2",5.12086682870702,0.795901608324383,0.285743167797455,2.78537406321661,0.00534660044747983,0.0210770144222532,"CHCHD2","Microglia"
"FTL",132.981241581415,-0.475867152045427,0.170827463331363,-2.78565953486274,0.00534189463019955,0.0210770144222532,"FTL","Microglia"
"UBXN4",6.81714618001304,0.605011462993122,0.217271391336043,2.78458870849398,0.00535956583946822,0.021100772117944,"UBXN4","Microglia"
"RPL13A",37.3214919899993,-0.552174610662831,0.198308455535702,-2.78442292927556,0.005362306308872,0.021100772117944,"RPL13A","Microglia"
"ABL2",5.35804230977868,0.807801140694649,0.290241091993105,2.78320735064571,0.00538243952867115,0.0211608984174988,"ABL2","Microglia"
"LMBR1L",2.08035034965656,1.11434273812587,0.400739979782216,2.78071266742955,0.00542397204646187,0.021304971281598,"LMBR1L","Microglia"
"FOS",10.2820616570903,-0.87594950689787,0.315075186461901,-2.78012850435555,0.00543373914656943,0.0213241248236208,"FOS","Microglia"
"TNRC6C",3.27961970491321,-0.859550884031143,0.309299738838997,-2.77902234013387,0.00545227752104891,0.0213776348846882,"TNRC6C","Microglia"
"PLCL2",14.7489260514287,-0.540874706097973,0.194968087873693,-2.77417043987409,0.00553426751258146,0.0216796103817207,"PLCL2","Microglia"
"CXADR",4.35460385846614,1.08256597470972,0.390527311295498,2.77206214110485,0.00557024018450228,0.0218009400398833,"CXADR","Microglia"
"NCOR2",7.76380385916439,0.718816205266945,0.259359273061616,2.77150763410791,0.00557973639122555,0.0218185207764515,"NCOR2","Microglia"
"RPS4Y1",1.92926932161276,-1.19991000083295,0.433031345637218,-2.77095414205466,0.00558922978163291,0.0218360590035121,"RPS4Y1","Microglia"
"HECTD2",7.08280544505327,-0.57644865212191,0.208065273321811,-2.77051832301841,0.00559671511958741,0.021845727772069,"HECTD2","Microglia"
"COP1",15.9327794911421,0.393480857615991,0.142051420596784,2.76998889530922,0.00560582038465374,0.0218616966700271,"COP1","Microglia"
"C1QC",25.1786255326953,0.520663775446373,0.188470337952013,2.76257675931447,0.00573470756751836,0.0223049649379083,"C1QC","Microglia"
"PHC2",14.6320576029578,0.519042695730503,0.187884018171395,2.76256970008493,0.00573483158151267,0.0223049649379083,"PHC2","Microglia"
"LRCH3",4.33217045521857,-0.77086768846637,0.279034056573875,-2.76262940062401,0.00573378286026701,0.0223049649379083,"LRCH3","Microglia"
"RALY",5.02879651235028,0.715007549607797,0.259022563357688,2.76040643077272,0.00577294924176468,0.0224332073922406,"RALY","Microglia"
"SFXN1",2.30180364731017,0.973647804945912,0.352798259474949,2.75978630505417,0.00578391815280896,0.0224358390980846,"SFXN1","Microglia"
"PKM",5.40840614921109,0.823644295706321,0.298421606971528,2.76000221319398,0.00578009699473272,0.0224358390980846,"PKM","Microglia"
"SCYL2",3.39064784719061,0.837056427711003,0.30336246207899,2.75926171608223,0.00579321185870925,0.022451914403531,"SCYL2","Microglia"
"APOC1",16.2474827017625,0.982489727641468,0.356200713399292,2.75824750115007,0.00581121804824264,0.022501696883071,"APOC1","Microglia"
"ENSG00000234162",1.93580971300195,1.31639876488884,0.477752755786126,2.75539753344333,0.00586208628148049,0.0226785236799068,"LOC105373530","Microglia"
"CPPED1",2.10356585777735,1.34654421517704,0.48875683723111,2.75503913726392,0.00586851151943487,0.0226807384421414,"CPPED1","Microglia"
"AKAP10",8.47676961181953,-0.522459413564928,0.189655207807798,-2.75478548469074,0.00587306277549946,0.0226807384421414,"AKAP10","Microglia"
"RHOB",2.45208914276049,-0.966243041775916,0.351179192253413,-2.75142452369065,0.0059336691687142,0.0228945111288442,"RHOB","Microglia"
"VMO1",0.737459662312862,-2.59548657164584,0.944272559611976,-2.74866249709976,0.00598389658607759,0.0230475168863059,"VMO1","Microglia"
"ACTG1",5.03790165143618,-0.874485050124936,0.318139075788308,-2.74875083470358,0.00598228425603669,0.0230475168863059,"ACTG1","Microglia"
"GDI1",4.02845109536404,-1.03397414009149,0.376220272552046,-2.7483211712055,0.0059901301156725,0.0230511626693134,"GDI1","Microglia"
"EIF2AK4",4.97848040412141,0.737485056987344,0.268383110343633,2.74788177260142,0.0059981633307669,0.0230617214480985,"EIF2AK4","Microglia"
"HINT1",4.41715575067633,-1.19845879178281,0.436211154310697,-2.74742812039417,0.00600646731719587,0.0230733017647348,"HINT1","Microglia"
"DNAJC8",2.20366794379132,1.31975522614077,0.480693050268194,2.74552591389545,0.00604139960094623,0.0231870618487021,"DNAJC8","Microglia"
"RPS23",15.1157962872653,-0.699746843161798,0.255026497465225,-2.74382015248127,0.00607287987965772,0.0232873845869021,"RPS23","Microglia"
"ENSG00000289315",1.58150097293322,-1.82700874853699,0.665971397294653,-2.74337419889017,0.00608113439909561,0.0232985465554102,"ENSG00000289315","Microglia"
"CHD2",14.1250009695024,0.613059988581343,0.223726916605694,2.74021560696618,0.00613988922691894,0.0235030000257828,"CHD2","Microglia"
"HIVEP3",24.9109869699882,0.624341106617474,0.228168646400492,2.73631419770796,0.00621316708904638,0.023761726982378,"HIVEP3","Microglia"
"SP110",7.32995857249842,0.928698019128979,0.339431657311516,2.73603831323447,0.00621837855203975,0.023761726982378,"SP110","Microglia"
"CLDND1",5.91534385097516,-1.09618813104321,0.400738033752375,-2.73542324091096,0.00623001145060646,0.023779157277771,"CLDND1","Microglia"
"SLC4A8",2.63675035241344,-0.92439106090662,0.337958500856421,-2.73522062195246,0.00623384788268171,0.023779157277771,"SLC4A8","Microglia"
"NIPSNAP3B",2.27512991290752,-1.25714522504109,0.459934821138374,-2.73331169388209,0.00627009649368047,0.0238965216017892,"NIPSNAP3B","Microglia"
"KRBOX4",3.64268945657105,-0.97847271707932,0.35809573719832,-2.73243330047636,0.00628683994768155,0.0239394080103856,"KRBOX4","Microglia"
"ARL6IP1",3.50456994519686,-0.90280714591377,0.330482096472219,-2.73178836478866,0.00629915896955216,0.0239653866555387,"ARL6IP1","Microglia"
"DOCK1",2.02947021994738,-1.19066530405096,0.436080344306462,-2.73038058146047,0.00632612477557212,0.0240469956595418,"DOCK1","Microglia"
"NHSL1",12.2177567326538,0.930037170013108,0.340828943202641,2.7287505611287,0.00635747724472008,0.0241451226367418,"NHSL1","Microglia"
"C12orf75",2.99537625498553,-1.35383990571695,0.496386271362048,-2.72739192001042,0.00638371667094814,0.0242236768366701,"C12orf75","Microglia"
"RING1",2.69435412053917,-0.964154821409954,0.353863977030533,-2.72464812468538,0.00643700490086202,0.024404644667616,"RING1","Microglia"
"AGO4",12.4630105227138,0.59513381347132,0.218561166276218,2.72296228836548,0.00646994428598133,0.0245006798707714,"AGO4","Microglia"
"CDH10",1.71573331630825,-2.86275849786279,1.05141130285649,-2.72277698564321,0.00647357413099282,0.0245006798707714,"CDH10","Microglia"
"DICER1",10.1513946985434,0.545410011279619,0.200366298783326,2.72206461162124,0.00648754569840982,0.0245168973872882,"DICER1","Microglia"
"PRKX",2.65908401050807,0.970978441391277,0.356717020909481,2.72198517165142,0.00648910540938775,0.0245168973872882,"PRKX","Microglia"
"TMSB4X",132.71105877263,-0.439943861456616,0.161741113457163,-2.72004966488088,0.00652721119865246,0.0246395158667747,"TMSB4X","Microglia"
"UCHL1",2.60694223580733,-1.90466222920997,0.701757346277953,-2.71413222720375,0.0066449637222353,0.0250623199212335,"UCHL1","Microglia"
"ARHGAP30",2.50539201682586,0.879399690071911,0.324225341602879,2.71231016590007,0.00668160401830422,0.025178732514958,"ARHGAP30","Microglia"
"ATP5ME",7.12385673014141,-1.16707872550913,0.430433689066466,-2.71140190731891,0.00669993616929716,0.0252260118291327,"ATP5ME","Microglia"
"NELL2",3.8785705038001,-4.23105002206213,1.5606487870387,-2.71108404222737,0.00670636258206253,0.025228421792746,"NELL2","Microglia"
"IP6K2",3.24524664351871,-1.04644186967123,0.386209072397806,-2.70952171883048,0.00673802934964878,0.0253256965210937,"IP6K2","Microglia"
"ABI3",3.34868216007569,1.12460353724395,0.415277163164021,2.70807941538496,0.00676738267001766,0.0254141157978269,"ABI3","Microglia"
"TUBA1B",14.9113464203349,0.5978689136498,0.220838398245043,2.70726883730791,0.00678392970452527,0.0254543317656886,"TUBA1B","Microglia"
"DAB2",6.47691483751682,0.647285012016625,0.239615998982786,2.70134304372191,0.00690600676274335,0.0258678603827844,"DAB2","Microglia"
"PLEKHA2",5.20378958735983,0.949960191849057,0.351636112395277,2.70154332380173,0.00690184878928406,0.0258678603827844,"PLEKHA2","Microglia"
"CELF4",2.28595988513939,-3.80233158832546,1.40907926788108,-2.6984511623986,0.00696629585533359,0.0260712874929223,"CELF4","Microglia"
"DCTN4",7.49253447050169,0.660422281832407,0.244860858197485,2.69713292150501,0.00699393468404858,0.0261522772062194,"DCTN4","Microglia"
"FER",19.9737715659628,-0.449755374863519,0.166927392655756,-2.69431737780163,0.00705329668714078,0.0263516482912886,"FER","Microglia"
"ENSG00000251314",4.42811445098531,0.786544161601473,0.292452369441695,2.68947782198866,0.00715639021567173,0.0267139223804184,"ENSG00000251314","Microglia"
"CACNB2",3.50074138368297,-1.26245215184535,0.469891058660131,-2.68669115655269,0.00721636429914722,0.0269147547855277,"CACNB2","Microglia"
"LDB2",2.25066850355787,-2.40906295705195,0.897252811570363,-2.68493219077869,0.00725445227211207,0.0270105994076931,"LDB2","Microglia"
"ZNF433-AS1",3.82423753309209,1.50011339287405,0.558677841654217,2.68511346079574,0.00725051879972465,0.0270105994076931,"ZNF433-AS1","Microglia"
"MTUS2",2.74138934904925,-2.2085178208675,0.823308121599143,-2.6824924507945,0.00730758010889006,0.0271851956269289,"MTUS2","Microglia"
"INPPL1",2.69995204217271,0.891499876165825,0.33260110703579,2.68038757931703,0.00735369607383959,0.0273334312719016,"INPPL1","Microglia"
"SORL1",52.4726702627738,-0.567841293635228,0.211950400292613,-2.67912347818773,0.00738151678616115,0.0274134694954537,"SORL1","Microglia"
"ATG7",22.8781689453658,0.79713714897449,0.297618207369277,2.67838838228544,0.00739773837646145,0.0274503313373378,"ATG7","Microglia"
"IL1B",0.627781425161909,-2.68490818981217,1.00268848007712,-2.67770922191673,0.00741275403195059,0.0274826595062114,"IL1B","Microglia"
"ZNF7",2.33746143224474,1.08020072091762,0.403931521878614,2.67421744134697,0.00749038675119282,0.0277468872006803,"ZNF7","Microglia"
"TSG101",2.60240232103609,1.08792858455877,0.406909470844717,2.67363790353738,0.00750334192254372,0.0277712824977,"TSG101","Microglia"
"PRKCA-AS1",2.41742302600073,1.43964787285418,0.538993284436683,2.6709940817886,0.00756269801893344,0.0279672293151398,"PRKCA-AS1","Microglia"
"SLC25A37",17.0541942774798,0.592386655310727,0.22183544196025,2.67038778869643,0.00757636902473179,0.0279940414812124,"SLC25A37","Microglia"
"TMEM156",8.85449981497364,-0.763282142562443,0.285893908425902,-2.66980904477813,0.00758943950211883,0.0279948868267666,"TMEM156","Microglia"
"DCLK2",2.23311078801648,-1.54948756106967,0.580325864252346,-2.6700301615299,0.00758444336935087,0.0279948868267666,"DCLK2","Microglia"
"IRF2BP2",3.11613173191221,-0.840450666578124,0.314970700661868,-2.66834554710019,0.00762258168596802,0.0280933695273209,"IRF2BP2","Microglia"
"PTPN12",4.41856274786389,0.730805018972165,0.27429880937491,2.66426609957794,0.00771565023972408,0.028412360680065,"PTPN12","Microglia"
"SRGN",45.5581040440853,-0.976202296328441,0.366582781959653,-2.66297912605149,0.00774522185605791,0.0284971875885337,"SRGN","Microglia"
"AP3S1",5.2992192602706,0.98067081979194,0.368328173503769,2.66249201211839,0.00775644105381889,0.0285144038740728,"AP3S1","Microglia"
"FIG4",3.53258830580338,0.767721792906719,0.288442489839171,2.66161130884282,0.00777676236378773,0.0285650243522447,"FIG4","Microglia"
"SPDYE1",2.07779024187173,1.23377398279836,0.463629666206653,2.66111958040327,0.0077881292260774,0.0285826964862773,"SPDYE1","Microglia"
"BCAR3",8.57244351388744,0.896421121606464,0.33692378516763,2.6606050420586,0.00780003930101447,0.02860233082626,"BCAR3","Microglia"
"LRRFIP1",12.4401235600196,0.522932143602737,0.196808333799921,2.65706300900022,0.0078824708948715,0.0288803135307897,"LRRFIP1","Microglia"
"UBE3A",5.0401517612469,0.745143516563121,0.280572613559243,2.65579561422799,0.00791215522854799,0.0289647328265905,"UBE3A","Microglia"
"DENND6A",4.90524671119441,0.826962463691343,0.311554968878924,2.65430677182592,0.0079471540704663,0.0290684494523767,"DENND6A","Microglia"
"LYN",23.8699549722881,0.735995304950058,0.277349558799579,2.65367397062243,0.00796207153467652,0.029080209767787,"LYN","Microglia"
"GLG1",6.41574762541512,0.652260208350718,0.245801583605156,2.65360458132148,0.00796370882172882,0.029080209767787,"GLG1","Microglia"
"LIPC",1.70280539174293,-1.20680272513817,0.454915692893622,-2.65280522081345,0.00798259202342421,0.0291247708971796,"LIPC","Microglia"
"S100Z",2.91963504255088,-0.921807063087789,0.34774167759093,-2.65083860374127,0.00802921996730898,0.0292704005497217,"S100Z","Microglia"
"CEP162",2.16013280351768,-0.97527178832686,0.368525436651282,-2.6464164785719,0.00813495912550843,0.0295414348934227,"CEP162","Microglia"
"SDK1",34.6132131881725,0.810581544233103,0.306186307316498,2.64734746415431,0.00811259494554588,0.0295414348934227,"SDK1","Microglia"
"UBE3C",6.2022532485974,0.720827986878069,0.272379519620781,2.64641037579345,0.00813510590861988,0.0295414348934227,"UBE3C","Microglia"
"POLA1",3.27670338353927,0.991710766372536,0.374751862727995,2.64631310743436,0.00813744571261484,0.0295414348934227,"POLA1","Microglia"
"TAFAZZIN",3.40737797167597,0.743181057117899,0.280831474299604,2.64635956126855,0.00813632818399595,0.0295414348934227,"TAFAZZIN","Microglia"
"HSPD1",5.01498257479306,1.46254772725091,0.552747088575718,2.64596188289207,0.0081458994834721,0.0295475222528605,"HSPD1","Microglia"
"CHRM3",2.22579495774249,-2.46059364915524,0.930062722156843,-2.64562119364278,0.0081541071857351,0.0295527076723234,"CHRM3","Microglia"
"ABCB7",5.93634554997667,0.733785869813923,0.277409921465297,2.6451320339879,0.008165904700799,0.0295708841324615,"ABCB7","Microglia"
"TUT4",9.82454278473043,-0.553617813141258,0.209350741652596,-2.64445116731399,0.00818235122178807,0.0295884081704075,"TUT4","Microglia"
"UBA3",5.76692434447072,-0.687665519738784,0.260069814205581,-2.64415738458287,0.00818945677486137,0.0295884081704075,"UBA3","Microglia"
"TMEM132D",3.64487425065912,-3.39949138399633,1.28569459080463,-2.64408935707571,0.00819110290405547,0.0295884081704075,"TMEM132D","Microglia"
"SORT1",7.40969488024382,-0.817842457040066,0.309539138984964,-2.64212939184984,0.00823865748067649,0.0297109566714222,"SORT1","Microglia"
"ENSG00000233912",4.75407036575405,0.84338244931631,0.319197501633418,2.64219627346862,0.00823703067138918,0.0297109566714222,"ENSG00000233912","Microglia"
"RPL8",12.3766936506248,-0.629799651864701,0.2386900415374,-2.63856693730567,0.00832572619745255,0.030000137372639,"RPL8","Microglia"
"NAPSB",6.70917707444422,0.700956853965065,0.265713466603597,2.63801779761048,0.00833922050963969,0.0300239483253749,"NAPSB","Microglia"
"CCDC97",1.63265899420117,1.21809325460648,0.461982941421632,2.63666284053285,0.00837260035145844,0.030119255389735,"CCDC97","Microglia"
"RBM27",3.14772162340307,0.964557737238697,0.366089202326773,2.63476150377614,0.00841964196901595,0.0302385823598925,"RBM27","Microglia"
"TCOF1",0.880824354237191,3.1111199995519,1.18074879243081,2.63487036319303,0.00841694227498404,0.0302385823598925,"TCOF1","Microglia"
"VPS54",6.60798150911439,0.536922934003093,0.203853280324313,2.63386948274217,0.00844179312088499,0.0302931835449042,"VPS54","Microglia"
"SLC4A10",2.70200352352328,-3.68579473793266,1.40005027725492,-2.6326159837341,0.00847300876915001,0.0303363573306261,"SLC4A10","Microglia"
"PNISR",19.4899714935082,-0.479372028405273,0.182086903190809,-2.63265517730805,0.00847203117785871,0.0303363573306261,"PNISR","Microglia"
"SRSF1",3.05156702551416,-0.863702049847475,0.328085931026873,-2.63254826912018,0.00847469798823453,0.0303363573306261,"SRSF1","Microglia"
"SLC35F1",2.45097447362072,-1.95624286432948,0.743347544871667,-2.63166654390069,0.00849672114774368,0.0303653313148873,"SLC35F1","Microglia"
"IL4I1",3.87959169248623,5.36207387429656,2.03744230890121,2.63176721660813,0.00849420402491271,0.0303653313148873,"IL4I1","Microglia"
"ARHGEF7",7.34856962886824,-0.651578999180937,0.247792304474486,-2.62953686379726,0.00855012613656516,0.0305311629446553,"ARHGEF7","Microglia"
"REEP3",4.70800075288106,0.644862291877312,0.245357263508751,2.62825841246926,0.00858232922552623,0.0305960387762014,"REEP3","Microglia"
"MYO1D",3.2382364955255,-1.17564008784708,0.447284159351504,-2.62839643047406,0.00857884745728159,0.0305960387762014,"MYO1D","Microglia"
"ENSG00000286153",1.72753408629431,2.3070776364774,0.878348710863467,2.62660786990785,0.00862406531458985,0.0307197097807285,"RUNX1-AS1","Microglia"
"PILRB",4.38788979292643,-0.949966056653635,0.361981259231477,-2.62435148899838,0.00868141432367814,0.0308987481234585,"PILRB","Microglia"
"IVNS1ABP",3.22800227457549,-0.975764032099875,0.372006443157079,-2.6229761608937,0.00871653713382434,0.0309984517972872,"IVNS1ABP","Microglia"
"NFATC2",10.5829368897339,0.739910650061789,0.282259713196685,2.62138242004874,0.0087573965139294,0.0311183771807108,"NFATC2","Microglia"
"APEX1",2.13366747045533,1.05885743684758,0.403978392848205,2.62107443267502,0.0087653122147018,0.0311211410880292,"APEX1","Microglia"
"ENSG00000225313",2.92300080746534,1.24978515801062,0.477134083262565,2.61935837713541,0.00880953437413371,0.0312527012784564,"ENSG00000225313","Microglia"
"ZNF277",3.08848600078881,-0.79323326425957,0.303039176153067,-2.61759312551359,0.00885523218062517,0.0313892782988014,"ZNF277","Microglia"
"HSP90AA1",37.8433774729854,1.55102627254891,0.593177138971351,2.61477756077821,0.00892855822368345,0.0316234881033792,"HSP90AA1","Microglia"
"ERC2",13.1696190342742,-1.39965695515976,0.535836074082597,-2.61209915281667,0.00899881510235296,0.0318464560440413,"ERC2","Microglia"
"ST8SIA4",9.70478067228737,0.500990052973333,0.191862252954202,2.6111965499171,0.00902260210430497,0.0319047406121408,"ST8SIA4","Microglia"
"WDFY2",15.2167102285662,-0.743289210491695,0.285155248593189,-2.60661241256721,0.00914428028011073,0.0323088022862907,"WDFY2","Microglia"
"RNASEK",6.268514508434,-0.736680583902587,0.282852733961431,-2.60446690256506,0.00920173078947214,0.0324854625442093,"RNASEK","Microglia"
"UTY",8.41775722511291,-1.33517533510526,0.513068546076381,-2.60233324633877,0.00925918315016887,0.0326618434747057,"UTY","Microglia"
"MEF2C",133.823593390797,-0.529042467332798,0.203541257552719,-2.59919032482037,0.00934439479945777,0.032935781184831,"MEF2C","Microglia"
"SOX5",12.445550142302,-1.40714776080795,0.541985376346621,-2.59628363092221,0.0094238238013482,0.0331889109643604,"SOX5","Microglia"
"ENSG00000232949",1.75258165794401,-1.15797631533301,0.446443215897609,-2.59378186093569,0.00949266940860426,0.0333795567107004,"ENSG00000232949","Microglia"
"LUC7L3",18.425839046549,-0.41628691325395,0.160495530365402,-2.59376016457395,0.0094932684223093,0.0333795567107004,"LUC7L3","Microglia"
"SHISA9",2.19865569397877,-3.89476622444821,1.50267319890278,-2.59189172156134,0.0095449807936456,0.0335343402580941,"SHISA9","Microglia"
"MFSD14CP",6.32223588907389,0.654940251038606,0.252721830336854,2.59154600995741,0.00955457644727593,0.0335391357687324,"MFSD14CP","Microglia"
"OPHN1",4.71202853895256,-0.715581885424607,0.276149065110051,-2.59128845914953,0.00956173067902164,0.0335391357687324,"OPHN1","Microglia"
"SMARCB1",2.27690090014813,1.08645828650083,0.419442904638996,2.59024118535493,0.00959087101722588,0.0336143067806309,"SMARCB1","Microglia"
"SH3D19",3.14813654286649,1.02569548435266,0.396420566902335,2.58739220411175,0.00967054486408132,0.0338629142780471,"SH3D19","Microglia"
"XBP1",2.68062699018999,0.965086608020308,0.373030748877214,2.58715028432676,0.00967733742900153,0.0338629142780471,"XBP1","Microglia"
"JUNB",14.5812149510445,1.1456803697932,0.44353615304441,2.58305971661905,0.00979283710455186,0.0342395908386897,"JUNB","Microglia"
"TMEM176B",4.65741710863017,0.742604977027436,0.287594700233272,2.58212330208136,0.00981944951494214,0.0343051281130991,"TMEM176B","Microglia"
"GSTK1",3.61260624370094,0.891147813371921,0.345301415842333,2.58078239035899,0.00985766973607061,0.0344110809041376,"GSTK1","Microglia"
"NDUFS7",1.64723743120102,-1.22870263028669,0.476584682857471,-2.57814125061621,0.00993333842638006,0.0346474844312136,"NDUFS7","Microglia"
"RAD23A",3.97145521503202,1.13959776487444,0.442072907087333,2.57785027447817,0.00994170645941734,0.0346489529680732,"RAD23A","Microglia"
"ENSG00000236540",1.18647895581329,1.87667471066836,0.728103631606869,2.57748296973424,0.0099522785539675,0.0346580946448069,"ENSG00000236540","Microglia"
"RESF1",3.29731202748505,-0.923771997696971,0.358578462640226,-2.57620603004208,0.00998911054801672,0.0347585969587813,"RESF1","Microglia"
"MAP1B",2.83340541703897,-1.52489634032422,0.592077196435273,-2.57550256876162,0.0100094529792733,0.034801606849786,"MAP1B","Microglia"
"FSCN1",4.02333156384355,-0.910093744823127,0.353794421345458,-2.57238014483693,0.0101001921156346,0.0350891136447544,"FSCN1","Microglia"
"DUT",4.14883178333292,-0.773284741408966,0.300733318788442,-2.57133045491694,0.0101308607100754,0.0351676374967586,"DUT","Microglia"
"PIP5K1A",3.479458903948,0.74685175723559,0.290972883214537,2.56674006520714,0.0102659536092543,0.0355799346075906,"PIP5K1A","Microglia"
"CXCR4",4.05722907501164,1.05526396081741,0.411091814744208,2.56697876963086,0.010258889329312,0.0355799346075906,"CXCR4","Microglia"
"PHEX",0.945063618166417,2.67964176646359,1.04422573894799,2.56615180656552,0.0102833811729783,0.035612026937399,"PHEX","Microglia"
"FHIT",41.644301278372,-0.488457712640288,0.190368020051622,-2.56586012980453,0.0102920320573822,0.0356136982303067,"FHIT","Microglia"
"SCLT1",9.6385785310571,0.461213977483849,0.179986134288919,2.56249726850344,0.0103922405099429,0.0359319338805323,"SCLT1","Microglia"
"CFLAR",5.61837833731829,-0.697885293450727,0.272416088982315,-2.56183581541703,0.0104120527338343,0.0359719096034212,"CFLAR","Microglia"
"PDZD8",1.77911841679122,1.45035156218517,0.56642628403148,2.56053012205303,0.0104512602879274,0.036078776607572,"PDZD8","Microglia"
"HIVEP1",2.39781018524699,1.23367846112964,0.48213533424049,2.55878043676898,0.0105040060270351,0.0362268371468136,"HIVEP1","Microglia"
"ENSG00000262879",5.88548375074406,0.602323156888239,0.235415208616553,2.5585566898072,0.0105107681171374,0.0362268371468136,"ENSG00000262879","Microglia"
"GMDS-DT",17.7275674132914,-0.425959630938405,0.166525632196799,-2.55792231693803,0.0105299612195529,0.0362356992243493,"GMDS-DT","Microglia"
"GRIPAP1",2.08793697328169,1.06796810382269,0.417491717586883,2.55805818135886,0.0105258479876232,0.0362356992243493,"GRIPAP1","Microglia"
"CSK",1.53083263591146,1.25530503558912,0.490869205789934,2.55731062527953,0.0105484976138092,0.0362708593030032,"CSK","Microglia"
"NPHP3",2.7083488426878,-0.885201898560389,0.346361233951056,-2.55571874618473,0.0105968732344339,0.0364084848716562,"NPHP3","Microglia"
"CCDC200",1.3978302695254,1.6011666121533,0.626572380081059,2.55543758878449,0.0106054378002376,0.0364092195346741,"CCDC200","Microglia"
"HMGB1",14.378178054037,-0.490479170252094,0.192047491527497,-2.55394728851155,0.010650937937142,0.0365366557088428,"HMGB1","Microglia"
"ITFG2",2.35526093429479,0.930335036876754,0.364332669320348,2.55353174507317,0.010663655743424,0.0365515244035603,"ITFG2","Microglia"
"HAVCR2",13.3832789842841,0.697888685593585,0.273403012558189,2.55260056962632,0.0106922036370293,0.0366205874763924,"HAVCR2","Microglia"
"CSNK1G2",1.23644100102617,1.35332545284498,0.531020884008622,2.54853527158642,0.0108176347136515,0.0370211046715232,"CSNK1G2","Microglia"
"DENND11",4.65381402151654,-0.791319612146021,0.310613472366748,-2.54760235000912,0.0108466030289634,0.0370911287892396,"DENND11","Microglia"
"CYTIP",1.72861486355225,-1.4850207234999,0.583202351321323,-2.54632156426562,0.0108864852424619,0.0371983351544936,"CYTIP","Microglia"
"TBC1D4",11.3340100895772,-0.636079764097755,0.249940115033698,-2.54492866826118,0.0109300063386019,0.0373160162249533,"TBC1D4","Microglia"
"CSE1L",1.58506908179066,1.18135088333873,0.464244857721125,2.54467198438712,0.0109380432879565,0.0373160162249533,"CSE1L","Microglia"
"CPED1",13.219319381399,-0.934789110355781,0.367396580270054,-2.54435985677566,0.0109478232944679,0.0373201794870055,"CPED1","Microglia"
"MAN1A1",11.3684694119747,0.448831162501193,0.176451466852572,2.54365220367478,0.0109700252289458,0.0373374785309942,"MAN1A1","Microglia"
"TNFRSF12A",1.58175485994385,1.54179790306977,0.606099412457573,2.54380365890503,0.0109652701046781,0.0373374785309942,"TNFRSF12A","Microglia"
"ARMH4",3.74523775052218,0.800765840648356,0.31505399284552,2.54167812131489,0.011032171785557,0.0375197105967462,"ARMH4","Microglia"
"LMO3",1.77695142953026,-3.94766555254256,1.55430468572529,-2.53982735096784,0.0110907202245195,0.037667960774697,"LMO3","Microglia"
"ZNF397",2.44683137397956,-1.0122139632778,0.398548010778145,-2.53975414731465,0.0110930416593374,0.037667960774697,"ZNF397","Microglia"
"BASP1",6.77722397111554,-1.55449433444103,0.612289420234939,-2.53882279044534,0.0111226145593623,0.0377389879212604,"BASP1","Microglia"
"ANKHD1",7.35764045709062,0.607275449151715,0.239252348546023,2.53822147553507,0.011141744988081,0.0377745008927163,"ANKHD1","Microglia"
"PDE8A",8.99182389754415,0.596288538848669,0.23496986915528,2.53772341531421,0.011157612561701,0.0377989050264307,"PDE8A","Microglia"
"GRIK1",5.20847538890744,0.899393573029506,0.354514731812692,2.53697094174552,0.0111816234953374,0.0378508372978811,"GRIK1","Microglia"
"RAB10",9.84060380066705,0.500641059648055,0.197741128159317,2.53180036094816,0.0113478580339971,0.0383837556464139,"RAB10","Microglia"
"PKP4",4.14046863853768,-1.23235542756315,0.486830286178008,-2.53138611658302,0.011361270473218,0.0383993327621941,"PKP4","Microglia"
"CERT1",7.08505309360843,0.670513836502822,0.265154082865851,2.52877055203428,0.0114462828827167,0.0386390602080167,"CERT1","Microglia"
"RNF213",10.391944476861,0.567316854737753,0.224354833932125,2.52865893190154,0.0114499233460453,0.0386390602080167,"RNF213","Microglia"
"ZNF846",5.12825222499559,-0.793730456905664,0.313943363122312,-2.52826003076366,0.01146294180956,0.0386530752433731,"ZNF846","Microglia"
"FUT8",5.02970422468275,-0.63682313407345,0.252075859689512,-2.52631543083039,0.0115265937241237,0.0388376728262593,"FUT8","Microglia"
"YTHDC2",10.6150824518183,-0.503639008625123,0.199497175430041,-2.52454205198377,0.0115849143690941,0.039004036022587,"YTHDC2","Microglia"
"CIRBP",10.969929854375,-0.533838798555668,0.211588342397123,-2.5230066671335,0.0116356194951524,0.0391445223756671,"CIRBP","Microglia"
"PRPF18",18.1486201971538,1.0677045051212,0.423481551051022,2.5212538833659,0.011693744694781,0.0393097354427489,"PRPF18","Microglia"
"PRKD3",9.15117674499132,0.563811485707211,0.223932551584794,2.51777368550065,0.0118099177483166,0.0396696774904934,"PRKD3","Microglia"
"SCFD2",11.2009756211349,0.485491424175804,0.192980376548104,2.51575539886454,0.011877758420706,0.0398668411965188,"SCFD2","Microglia"
"SKI",5.88971511166816,-0.629591923736534,0.250326670246158,-2.51508128605484,0.0119004942371915,0.0399124268262731,"SKI","Microglia"
"TCF7L2",4.45601918269267,-0.747297704010704,0.297187650144537,-2.51456513636168,0.011917928504256,0.0399343104043116,"TCF7L2","Microglia"
"CHASERR",2.24864252820651,-1.23170490526933,0.489870889377202,-2.51434598784847,0.01192533764826,0.0399343104043116,"CHASERR","Microglia"
"RAP1GAP2",5.52613497283364,-0.813252286117078,0.324085667277508,-2.50937442852326,0.0120945208361606,0.0404697704110976,"RAP1GAP2","Microglia"
"NAV1",3.61747531148218,-0.73252493845963,0.292100329222818,-2.50778539143943,0.0121490429362638,0.0405277943397937,"NAV1","Microglia"
"TENM3",2.53800151352465,-1.78442803451874,0.711521532636413,-2.50790447325869,0.0121449495344576,0.0405277943397937,"TENM3","Microglia"
"NEDD9",4.1705561766115,0.757097307071597,0.301804724127233,2.50856678688841,0.0121222049980026,0.0405277943397937,"NEDD9","Microglia"
"MIR222HG",2.37697883046829,-1.03459825054351,0.412468882731296,-2.50830618710577,0.0121311497562346,0.0405277943397937,"MIR222HG","Microglia"
"ERP44",6.53163784479043,0.907553214054478,0.362406382658699,2.50424180555666,0.0122714134923982,0.0409047116413272,"ERP44","Microglia"
"MAP2K5",8.80914452599055,0.507549208982237,0.202808415809286,2.50260427782009,0.0123283301857565,0.0410630401909078,"MAP2K5","Microglia"
"PUS7",1.75302246648388,1.10689436079116,0.442705557864884,2.50029470180944,0.0124090032128187,0.0413001938991523,"PUS7","Microglia"
"SUPT20H",4.91774560595443,0.863559762357883,0.345579508514543,2.49887432871773,0.0124588484311542,0.0414344616017028,"SUPT20H","Microglia"
"TRAF3",3.51885811443284,0.792634305179564,0.317455388062798,2.49683683120466,0.0125306600244102,0.0416415226420949,"TRAF3","Microglia"
"VAPA",6.19779739897687,0.590626477593994,0.236585117745658,2.49646504912008,0.0125438029496266,0.0416534507695141,"VAPA","Microglia"
"OSBPL6",4.4806159969902,-1.00154618108293,0.401306317498315,-2.49571496239187,0.0125703565394646,0.0417098588371885,"OSBPL6","Microglia"
"ATP6V0E1",6.19238050057913,-0.682976615292141,0.274113320079756,-2.49158492222641,0.0127174561161535,0.0421658621037485,"ATP6V0E1","Microglia"
"PLEKHB2",1.69093385653437,1.04269414220783,0.418781961774236,2.48982582198691,0.0127805712400803,0.0423429259929713,"PLEKHB2","Microglia"
"FHOD1",1.05500072338235,1.63168463181599,0.655441008066889,2.48944544472181,0.0127942552699286,0.0423560766718974,"FHOD1","Microglia"
"ZBTB16",11.3023437327016,1.41496221273754,0.568614533054224,2.48843835407669,0.0128305478705652,0.0424439975080913,"ZBTB16","Microglia"
"HACD4",2.18216909150865,-1.39833662000669,0.562334235396829,-2.48666457061771,0.0128946914038789,0.0426238472486065,"HACD4","Microglia"
"ZRANB2",11.452995782119,-0.482436512897758,0.194223079141928,-2.48392989663818,0.0129941385785482,0.0428944730529111,"ZRANB2","Microglia"
"SMARCA1",1.81330236526232,-1.06889130360773,0.430332621752353,-2.48387235728287,0.0129962382804806,0.0428944730529111,"SMARCA1","Microglia"
"REV1",4.98119139122472,-0.622880802703795,0.251104505090512,-2.48056402842822,0.0131174702587369,0.0432618535008268,"REV1","Microglia"
"TENT5A",1.77455443271279,1.26948954680648,0.512087456709879,2.4790483152289,0.0131733460481572,0.0433805051132668,"TENT5A","Microglia"
"ARHGAP45",3.62569806233011,0.673729227819129,0.271762795656617,2.47910765780616,0.0131711544700911,0.0433805051132668,"ARHGAP45","Microglia"
"TERF2IP",5.35006053419329,-0.604678770726829,0.24402466024971,-2.47794124621692,0.0132142903230457,0.0434497027213267,"TERF2IP","Microglia"
"BRWD1",12.2509059632657,-0.410011350829542,0.165458225747021,-2.47803546169069,0.0132108014459294,0.0434497027213267,"BRWD1","Microglia"
"DOCK4",184.507368244584,-0.438675333780489,0.177170066251458,-2.47601269820533,0.0132858852812913,0.0436433533727057,"DOCK4","Microglia"
"TMLHE",2.90742277089693,-0.821421943890356,0.331778261279486,-2.47581604871454,0.0132932048804939,0.0436433533727057,"TMLHE","Microglia"
"RASA2",11.7100050792442,0.550590733580903,0.222783008803179,2.47142157087631,0.013457706720071,0.0441501890891719,"RASA2","Microglia"
"ROCK2",8.09179317752004,-0.678189425056525,0.274490058913237,-2.47072490618282,0.0134839500405706,0.0441698138068277,"ROCK2","Microglia"
"STXBP5L",2.19966626083533,-1.95250540766391,0.790172415593118,-2.47098654563678,0.013474088799017,0.0441698138068277,"STXBP5L","Microglia"
"RPL15",14.7301030639075,-0.428665897836233,0.173579542962657,-2.46956461873191,0.013527758389572,0.0442553375353737,"RPL15","Microglia"
"NHLRC3",4.93635812440617,0.752123085434149,0.304565438531668,2.46949584647618,0.0135303589299663,0.0442553375353737,"NHLRC3","Microglia"
"ENSG00000255476",1.5499246122363,1.24596905428486,0.504756163194744,2.46845733670446,0.0135696826627475,0.0443506869637025,"LOC101928008","Microglia"
"RHEB",4.0207463094976,-0.696332840470129,0.282151709764497,-2.46793769582802,0.0135893970200177,0.0443818509417807,"RHEB","Microglia"
"BLNK",20.013204154532,-0.755880997340626,0.306344106976475,-2.46742463826364,0.0136088864366656,0.0444122341795375,"BLNK","Microglia"
"MARCHF3",11.3658249726492,-0.689679368779633,0.279553838922113,-2.46707171483982,0.0136223071997963,0.0444227818931277,"MARCHF3","Microglia"
"MPZL1",5.00895295826105,0.796963545709266,0.323254035192861,2.46544036251173,0.0136844953447356,0.0445922269828455,"MPZL1","Microglia"
"HSPA4",1.90121153099981,1.07265789510599,0.435464067500315,2.46325236721218,0.013768296699293,0.0448317950776083,"HSPA4","Microglia"
"ST3GAL3",4.17857563276823,0.648380358355726,0.2634442861053,2.4611669053113,0.0138485924790156,0.0450595994093342,"ST3GAL3","Microglia"
"CREBL2",5.06385724728943,-0.793714953607885,0.322584112920281,-2.46048990578787,0.0138747474977236,0.0451110358613535,"CREBL2","Microglia"
"LINC00910",1.88263690042326,2.10642192120486,0.856555162676276,2.45917836117339,0.0139255414777359,0.0452424447413775,"LINC00910","Microglia"
"ENSG00000227088",3.30833428281356,-1.51991640548147,0.618206987458862,-2.45858820154894,0.0139484508999224,0.0452494389312959,"ENSG00000227088","Microglia"
"SERPINE1",6.1960530301049,4.12049426201281,1.67587688660937,2.4587094045729,0.0139437432035029,0.0452494389312959,"SERPINE1","Microglia"
"HLA-C",11.5848809143842,0.651924226814675,0.265641678002182,2.45414888099495,0.0141218500548625,0.0457778931146473,"HLA-C","Microglia"
"RASGEF1C",13.462625640791,-0.666406460631646,0.271742463006475,-2.45234569989074,0.0141928235044337,0.0459396514323169,"RASGEF1C","Microglia"
"MIS18BP1",11.4558765969432,-0.60531059731943,0.246818060113516,-2.45245666804543,0.014188446712014,0.0459396514323169,"MIS18BP1","Microglia"
"DHRS9",3.14325954546963,-1.05756384560531,0.431584742028973,-2.45041991205129,0.0142689701494621,0.0460641068381409,"DHRS9","Microglia"
"CACNA1D",8.36513796187571,-0.541967364797824,0.221141248102228,-2.4507746494552,0.0142549166285115,0.0460641068381409,"CACNA1D","Microglia"
"PRORP",3.59719682160999,0.781217455144154,0.318824605940085,2.45030477757718,0.0142735340225524,0.0460641068381409,"PRORP","Microglia"
"AP1G1",4.95171926163873,0.601792954481307,0.245594365303817,2.45035326334482,0.0142716119139811,0.0460641068381409,"AP1G1","Microglia"
"PIP5K1B",3.87202356855367,-0.74780544849185,0.305272000064283,-2.44963654817468,0.0143000477375836,0.0461155385620299,"PIP5K1B","Microglia"
"DDX19B",1.7854784429944,1.03111824274279,0.421004125503556,2.44918797769377,0.014317870283665,0.046138887240783,"DDX19B","Microglia"
"KLHL24",5.95797431624489,-0.742720220992015,0.303523529632913,-2.44699388508784,0.0144053283024917,0.0463864338248626,"KLHL24","Microglia"
"RNF24",3.0143998114828,0.795769854390015,0.325475590983324,2.44494480211509,0.0144874312687676,0.0466163840087283,"RNF24","Microglia"
"SLC38A10",3.50526900713296,-0.727120467248531,0.29744172324881,-2.44458127564133,0.0145020401206911,0.0466289785591541,"SLC38A10","Microglia"
"USP3-AS1",1.19108852707203,1.3767792385952,0.563266730244992,2.44427580161955,0.0145143260907577,0.0466340911980129,"USP3-AS1","Microglia"
"RAB3GAP2",6.1724990938462,0.562016425614028,0.23000351245745,2.44351236035145,0.0145450713504407,0.0466984617731381,"RAB3GAP2","Microglia"
"TMEM117",10.7020666643472,0.628755914499565,0.257604836989447,2.44077681866401,0.014655708934374,0.0470190514745184,"TMEM117","Microglia"
"KCNMB4",4.47023385984817,-0.813257452642544,0.333334947349046,-2.43976054449207,0.0146970002287347,0.0471038620806172,"KCNMB4","Microglia"
"IDS",4.47712003723375,-0.819838906061446,0.336055383554666,-2.43959462095058,0.014703751443055,0.0471038620806172,"IDS","Microglia"
"PTGS1",2.545684199888,-0.972312026369291,0.398941242384029,-2.43723115855072,0.0148002148785236,0.0473780740604719,"PTGS1","Microglia"
"CERS6",7.96886557770237,-0.883009053856967,0.362717999863207,-2.43442303439581,0.0149155515495114,0.0477122558737121,"CERS6","Microglia"
"CCL8",0.922139379501989,-3.08117260760891,1.26613521403214,-2.43352571941869,0.0149525730976156,0.0477956148868064,"CCL8","Microglia"
"FTX",33.7782567905309,-0.444345677572287,0.182664222672268,-2.43258187658084,0.0149916016349449,0.0478852623650988,"FTX","Microglia"
"MTHFR",3.04134122405319,0.873781640958115,0.359464063080405,2.4307899751377,0.0150659449440825,0.0480874963076132,"MTHFR","Microglia"
"EXOC6B",11.9095530306036,-0.695107822521047,0.286020494281044,-2.43027278261408,0.0150874627871597,0.0481209493430991,"EXOC6B","Microglia"
"CLASRP",5.3566447292183,0.649563651942361,0.267389354536817,2.42928015241131,0.0151288370988744,0.0482176387069389,"CLASRP","Microglia"
"SKIC3",8.31563038508249,0.447671204162817,0.184486860570784,2.42657500256531,0.0152420994211887,0.0485431362135739,"SKIC3","Microglia"
"NUDCD3",2.79982947402048,0.778642936815546,0.3211883678835,2.42425633887829,0.0153397734262775,0.0488185490062554,"NUDCD3","Microglia"
"ZDHHC21",7.81299088538639,-0.544866785539039,0.224785993106157,-2.42393566436198,0.0153533251614555,0.0488260377125791,"ZDHHC21","Microglia"
"NCF4",2.99679016754039,0.9789766150369,0.40399784094198,2.42322239335308,0.0153835058582474,0.0488863597244596,"NCF4","Microglia"
"SPOCK1",5.66613131011007,-1.41239301932252,0.583683308062026,-2.41979340476947,0.0155293270855113,0.0493138136145881,"SPOCK1","Microglia"
"SREBF2",4.22847322208665,-0.953705069520669,0.394459677782813,-2.41775046534863,0.0156167821922845,0.0495554369420382,"SREBF2","Microglia"
"CDH20",6.81138930523627,-1.2692379207042,0.52508602008376,-2.41719998658837,0.0156404213330971,0.0495943541907662,"CDH20","Microglia"
"RPL38",11.8725692230129,-0.855120644901622,0.353849794184575,-2.41662043882827,0.015665342793663,0.0496012306320774,"RPL38","Microglia"
"BACH1",25.6302568487762,0.451556182633504,0.186848679097361,2.41669454028205,0.0156621543685854,0.0496012306320774,"BACH1","Microglia"
"ELMO1-AS1",11.1687607385336,0.973097613498708,0.402769050865715,2.4160188361224,0.0156912495991812,0.049647204827598,"ELMO1-AS1","Microglia"
"SLIRP",5.10976575865295,-0.812023603926692,0.336387990722971,-2.41394944623759,0.0157806517204439,0.0498577112327068,"SLIRP","Microglia"
"TMEM259",5.25024485760303,0.659236177730011,0.273089079081015,2.413996853878,0.0157785986039718,0.0498577112327068,"TMEM259","Microglia"
"CDK11A",2.04463353705027,0.911447616816984,0.377725736405368,2.41298786122118,0.0158223465172295,0.0499532446163074,"CDK11A","Microglia"
