"geneID","baseMean","log2FoldChange","lfcSE","stat","pvalue","padj","Symbol","celltype"
"DIRC3-AS1",23.356496083164,-2.04638087063197,0.139009951781553,-14.7211105709018,4.71847213817531e-49,4.99686199432765e-45,"DIRC3-AS1","OPCs"
"KAZN",169.022924775299,-1.1557090896907,0.0971897237485413,-11.8912683884241,1.31395826107925e-32,6.95740899241464e-29,"KAZN","OPCs"
"ENSG00000251600",22.0086159674735,-1.97792411880838,0.167945868887797,-11.7771525546116,5.11933660476867e-32,1.80712582148334e-28,"GUSBP5","OPCs"
"LMNA",16.100853341479,2.71054310475551,0.237583137424616,11.4088193890257,3.77822490879292e-30,1.00028504460293e-26,"LMNA","OPCs"
"RAB27B",9.48105067496605,-2.92605574407803,0.277306913028239,-10.5516869814928,4.98931115589554e-26,1.05673610281868e-22,"RAB27B","OPCs"
"NR2F2-AS1",21.9479533749672,-3.63738021339054,0.353193830651259,-10.2985383597543,7.15400069380761e-25,1.26268112245704e-21,"NR2F2-AS1","OPCs"
"FOXN3",51.7255056733049,-0.935801288455985,0.0911353780870085,-10.2682548544711,9.7960642349095e-25,1.48200457496702e-21,"FOXN3","OPCs"
"ENSG00000287292",24.6452174251441,-1.73722754674888,0.169730221232503,-10.2352281999866,1.37869764579714e-24,1.82505100862397e-21,"ENSG00000287292","OPCs"
"HES5",5.26189914929164,-4.9675965744163,0.498643776208699,-9.96221513519341,2.23036927787834e-23,2.62440118363685e-20,"HES5","OPCs"
"SAMD4B",19.5022336496471,1.36793647285659,0.13782338242835,9.92528588948062,3.23175266717041e-23,3.42242607453346e-20,"SAMD4B","OPCs"
"ENSG00000251294",18.2726052836513,-2.81645720718028,0.290916865849018,-9.68131290346703,3.62036502080623e-22,3.485424142758e-19,"ENSG00000251294","OPCs"
"ENSG00000286481",8.63811005526171,-2.98102636871914,0.311744787024497,-9.56239363991321,1.15064110736817e-21,9.29193808604421e-19,"ENSG00000286481","OPCs"
"MAGI1",73.0900722842635,-0.891353158746467,0.0932804616445773,-9.55562550861673,1.22839596982643e-21,9.29193808604421e-19,"MAGI1","OPCs"
"UBALD2",9.8111559798163,2.59030969045939,0.270737109957304,9.56761963983396,1.09395275789914e-21,9.29193808604421e-19,"UBALD2","OPCs"
"DIRC3",14.4898915550845,-1.86035182488824,0.195890263045674,-9.49690809519448,2.16214724106556e-21,1.52647595219229e-18,"DIRC3","OPCs"
"PHLDA3",9.14629039967683,2.39099020170885,0.262698116800456,9.10166479619279,8.89576221785727e-20,5.58804459527024e-17,"PHLDA3","OPCs"
"RANBP17",24.958858780051,-2.16441080339533,0.237827551477731,-9.10075720809831,8.97042097446591e-20,5.58804459527024e-17,"RANBP17","OPCs"
"ANKRD36BP2",4.76873087258025,-4.26442266261991,0.470216450934837,-9.06906309666924,1.20044761204849e-19,7.06263345088529e-17,"ANKRD36BP2","OPCs"
"SLC25A12",24.3262881819937,-1.45891693511229,0.161640022136014,-9.02571600667477,1.78524049513954e-19,9.45284842176386e-17,"SLC25A12","OPCs"
"GRIN2B",29.2452305663367,-2.40331555802971,0.266169117701451,-9.02928025153313,1.72804592321881e-19,9.45284842176386e-17,"GRIN2B","OPCs"
"ID2",7.0540186490592,-3.43529834312645,0.382181402108008,-8.988659113652,2.50264955502234e-19,1.26205041846127e-16,"ID2","OPCs"
"PTPRT",68.1692925048926,-2.23979849143569,0.253731750207978,-8.82742695622355,1.07111280072422e-18,5.15594752712249e-16,"PTPRT","OPCs"
"ANKS1B",291.129235698264,-0.978850468799862,0.111779183333532,-8.75700143450787,2.0051310649879e-18,9.23232086009648e-16,"ANKS1B","OPCs"
"RBFOX1",248.906336947656,-2.53922400319074,0.290536964592758,-8.73976227689286,2.33601455403054e-18,9.91201912651902e-16,"RBFOX1","OPCs"
"L3MBTL1",21.3985903340207,1.15584918573516,0.132254663983614,8.73957220804227,2.33994785800732e-18,9.91201912651902e-16,"L3MBTL1","OPCs"
"FHIP1A",3.52430036131269,-4.58366895463945,0.528485774004622,-8.67321161723335,4.20100192041808e-18,1.71110039758567e-15,"FHIP1A","OPCs"
"SLC4A4",10.3987089036032,-2.06633461049552,0.238928581397943,-8.6483358265706,5.22558605325551e-18,2.04959097422133e-15,"SLC4A4","OPCs"
"DANT2",55.4752626965248,-1.16117298245605,0.134411530831041,-8.63893875232832,5.67375806583547e-18,2.14589635418563e-15,"DANT2","OPCs"
"KCNJ6",6.83213812536876,-2.64463740428434,0.308009069330959,-8.58623224968306,8.98679082946788e-18,3.28172809945051e-15,"KCNJ6","OPCs"
"APOE",33.0375063655941,-2.11449032705091,0.246535765517707,-8.57680962683297,9.75408611665417e-18,3.44319239917892e-15,"APOE","OPCs"
"SPP1",83.5717940477384,2.03399991702663,0.237993798476226,8.5464408318598,1.26942462931044e-17,4.33651833045084e-15,"SPP1","OPCs"
"CDH19",53.8657766902685,2.1627313990234,0.253765617365731,8.52255487356445,1.56071666478054e-17,5.16499671250809e-15,"CDH19","OPCs"
"KHDRBS2",51.1129999129483,-2.47388679162721,0.290416481724073,-8.51841044606301,1.61758045440595e-17,5.19096273095728e-15,"KHDRBS2","OPCs"
"CLASRP",15.3044043924319,1.23007707133753,0.144844640450515,8.49238927661787,2.02431636261928e-17,6.30515008239358e-15,"CLASRP","OPCs"
"CD22",19.1383946352771,1.60929945607321,0.189772703610514,8.48014190373821,2.24919450275257e-17,6.80541993832849e-15,"CD22","OPCs"
"SORBS2",44.0258696025552,-1.77234578915708,0.20955786764188,-8.45754830921405,2.73057435471767e-17,8.03243956012782e-15,"SORBS2","OPCs"
"MAGED1",26.9759255335834,-1.15995455690202,0.137472344991657,-8.4377301992805,3.23559438629186e-17,9.26079582454887e-15,"MAGED1","OPCs"
"LINC02223",20.8430566202992,-2.36426104012131,0.281918356902067,-8.38633236267979,5.01544070023469e-17,1.39772413198646e-14,"LINC02223","OPCs"
"ENSG00000287042",36.2465931641454,-0.879114362822315,0.104891316159016,-8.38119298159604,5.23939138505402e-17,1.42269627609544e-14,"ENSG00000287042","OPCs"
"ZNF521",22.9827072684529,-1.13842503108015,0.135884915269801,-8.37786172821167,5.3897910993379e-17,1.42694719354971e-14,"ZNF521","OPCs"
"MROH9",7.28341575951799,-2.4648460698739,0.294330385308938,-8.37441933589943,5.54968187639216e-17,1.43344222124373e-14,"MROH9","OPCs"
"FKBP5",43.3371623223571,2.22828085323283,0.267214803828806,8.33891244536136,7.49769000988697e-17,1.89048898106436e-14,"FKBP5","OPCs"
"CNTN4",41.2235721807529,-2.57901591995031,0.309544963533563,-8.33163586481895,7.97328647018411e-17,1.96365357486627e-14,"CNTN4","OPCs"
"CBFB",28.4847656643612,1.03642843404464,0.124721303937408,8.30995508646038,9.57383020513689e-17,2.2672006809774e-14,"CBFB","OPCs"
"TRIM47",6.85188120882351,2.15801753968414,0.259713873694764,8.30921162964291,9.63399722794931e-17,2.2672006809774e-14,"TRIM47","OPCs"
"ADGRV1",12.0067614055431,-2.69856405523519,0.325546435933774,-8.28933681148996,1.13881641854665e-16,2.62175345052371e-14,"ADGRV1","OPCs"
"CHST3",7.27857740641604,1.85732964383152,0.224405221653164,8.27667747723878,1.26659675814756e-16,2.85388503591121e-14,"CHST3","OPCs"
"ENSG00000258526",23.6051492456645,-1.22216237101022,0.148160600603483,-8.24890265044923,1.59855586871835e-16,3.52681388535986e-14,"LOC105370460","OPCs"
"CRYAB",139.343728171374,1.78119285629727,0.216826098772677,8.21484529020969,2.12437965606793e-16,4.59126133831823e-14,"CRYAB","OPCs"
"CTNND2",222.695762934587,-0.759630060221286,0.0926060288811823,-8.20281432428039,2.34823742407181e-16,4.9735668641841e-14,"CTNND2","OPCs"
"EDIL3-DT",13.2497655728617,-1.64143058446839,0.200235499548837,-8.19750038413168,2.45437024540824e-16,5.09642762723006e-14,"EDIL3-DT","OPCs"
"ENSG00000225689",15.0608274914148,-2.29694848893919,0.281862171670785,-8.14919034833104,3.66368881029569e-16,7.46124317327526e-14,"ENSG00000225689","OPCs"
"ISG20",3.1879770738335,3.73124651304169,0.458506726147871,8.13782285025486,4.02449110758755e-16,8.04138883572681e-14,"ISG20","OPCs"
"SMYD3",65.1648424461625,-0.799493640482769,0.0983961303938739,-8.12525489856606,4.46423236911805e-16,8.75485570165928e-14,"SMYD3","OPCs"
"PACS2",21.956397707489,1.28581027965143,0.158392991649279,8.11784831047656,4.7452137100298e-16,9.13669330713011e-14,"PACS2","OPCs"
"FAXC",5.69935795908768,-2.67557186023901,0.330014103957408,-8.10744700955059,5.16944005662886e-16,9.60427547363152e-14,"FAXC","OPCs"
"SLAIN1",114.972362244425,0.96575711912053,0.119088304661198,8.10958827458392,5.07915697184483e-16,9.60427547363152e-14,"SLAIN1","OPCs"
"NEAT1",215.130550003435,3.22152910406569,0.399428231616647,8.06535154269608,7.30254267229072e-16,1.33334356723377e-13,"NEAT1","OPCs"
"RAB9B",7.81833154057677,-2.1206844742944,0.264045610410073,-8.03150815876428,9.62816699169222e-16,1.72817438037323e-13,"RAB9B","OPCs"
"MYRF",45.6129670920268,1.70906970314557,0.213164416440276,8.01761256257521,1.07820263628911e-15,1.90302765305027e-13,"MYRF","OPCs"
"CNTN6",7.02530642352618,-3.16287541046156,0.395226526820884,-8.00269009244659,1.21730039760715e-15,2.11331331322291e-13,"CNTN6","OPCs"
"PRPF4B",21.857272143708,0.995918315641873,0.124712529568751,7.98571177319313,1.39713785155371e-15,2.38640158837964e-13,"PRPF4B","OPCs"
"RALYL",68.5831517677836,-2.34218107996998,0.294066726851245,-7.96479460647985,1.65498437431881e-15,2.78194992445019e-13,"RALYL","OPCs"
"MTCH1",25.8066842229893,1.10490350100635,0.139610309215647,7.91419707623222,2.48853840880695e-15,4.11775339832276e-13,"MTCH1","OPCs"
"RPGR",5.42248177169169,2.00864332452264,0.254971051327622,7.87792698058753,3.32857130222976e-15,5.42301078317125e-13,"RPGR","OPCs"
"GADD45B",8.71695548124135,3.95548149565291,0.502696416911837,7.86852932024504,3.58834463667821e-15,5.75766207612458e-13,"GADD45B","OPCs"
"DGUOK",8.10086318642454,1.60278679341424,0.203795325078611,7.86468871548451,3.70016387059454e-15,5.84846796859644e-13,"DGUOK","OPCs"
"ITPKB",42.1113224630183,2.57533578882013,0.328051447521641,7.85040214965136,4.14705324591882e-15,6.36889948301797e-13,"ITPKB","OPCs"
"TMSB10",21.1492338938202,1.11580223103305,0.142134583211112,7.85032189791386,4.14970787845364e-15,6.36889948301797e-13,"TMSB10","OPCs"
"GALNTL6",13.8923340142757,-3.17397832687028,0.40576615162402,-7.82218604032615,5.19138088060389e-15,7.77441351964369e-13,"GALNTL6","OPCs"
"ARHGAP23",13.9641986406157,1.4563443156026,0.186193293744913,7.82167975178421,5.21230745887348e-15,7.77441351964369e-13,"ARHGAP23","OPCs"
"GALNT10",21.460801357271,-1.1448143075369,0.146767706135526,-7.80017851120308,6.18196639491183e-15,9.09264223918281e-13,"GALNT10","OPCs"
"NPTX2",6.25948132826065,4.00932471403146,0.514264627332505,7.79622883033558,6.37846757893986e-15,9.25314680287303e-13,"NPTX2","OPCs"
"FAT3",24.9853836193974,-1.96531732652157,0.253139994623184,-7.76375668904897,8.24500019394252e-15,1.1799263791061e-12,"FAT3","OPCs"
"ENSG00000286778",18.7682155205672,-2.5688952114521,0.331137499637147,-7.75779008498597,8.6422038148768e-15,1.2202791786606e-12,"ENSG00000286778","OPCs"
"ANO3",3.86421864796901,-3.97961633122458,0.514967116001645,-7.72790379728221,1.0933191565369e-14,1.52345392996392e-12,"ANO3","OPCs"
"ZNF24",16.6077504685504,1.09169891901061,0.141440808130767,7.71841545193444,1.1778474981706e-14,1.61992272800347e-12,"ZNF24","OPCs"
"DACH1",3.80186035755709,-3.92200794046966,0.508823172479552,-7.70799789120703,1.27806860066985e-14,1.73522390783252e-12,"DACH1","OPCs"
"SPAG16",18.4532299996162,-1.35464366159668,0.176073351950456,-7.69363249231407,1.43015463280174e-14,1.91713133688234e-12,"SPAG16","OPCs"
"TMEM258",22.9673276172638,0.981823100592953,0.128274200977766,7.65409640527118,1.94676197376914e-14,2.57702616277689e-12,"TMEM258","OPCs"
"MEF2C-AS1",25.200737085948,-1.92639230047012,0.252106033031137,-7.64119873415402,2.15208581656284e-14,2.77934009724396e-12,"MEF2C-AS1","OPCs"
"OXR1",66.2690653938388,-1.80521719434889,0.236211712331405,-7.64236953591942,2.1326005303421e-14,2.77934009724396e-12,"OXR1","OPCs"
"ARHGAP1",14.4501635668823,1.11732162347812,0.14668859900638,7.61696294767613,2.59713846007268e-14,3.31369834845418e-12,"ARHGAP1","OPCs"
"NSG2",15.2527937723364,-2.1670691802474,0.284845423119957,-7.60787783251404,2.78633021482694e-14,3.51276630654968e-12,"NSG2","OPCs"
"PRICKLE1",17.8529271246772,-1.8121530961368,0.238707758768222,-7.59151317698201,3.16191007921911e-14,3.93936796928593e-12,"PRICKLE1","OPCs"
"KCTD16",47.4497854264695,-2.0806266330654,0.274764069881529,-7.57241161103236,3.66358482173034e-14,4.51132130954934e-12,"KCTD16","OPCs"
"PLAAT1",10.6102694051099,-1.83745941011788,0.244968127875342,-7.50081010968461,6.34246159430381e-14,7.72030669927325e-12,"PLAAT1","OPCs"
"NTRK2",92.9639127979144,-1.17167369547697,0.156340626578601,-7.49436484372732,6.6620175623379e-14,8.01713249831345e-12,"NTRK2","OPCs"
"BEX5",2.93049222091281,-3.85670594559567,0.514780147162154,-7.49194771176911,6.78589585452147e-14,8.07445360667217e-12,"BEX5","OPCs"
"SCN7A",3.33205267294523,-3.54826187706388,0.475645595226967,-7.45988591646841,8.6597427490832e-14,1.01896306347546e-11,"SCN7A","OPCs"
"FARS2",29.8192630018203,-0.904857238631668,0.121627057403992,-7.43960478815273,1.00986966758371e-13,1.17522195381445e-11,"FARS2","OPCs"
"CLSTN2",17.5114007966961,-3.11197981422501,0.419261192784849,-7.42253246372358,1.14901813471793e-13,1.32261978768075e-11,"CLSTN2","OPCs"
"PYDC2-AS1",4.06835692117481,-3.14858895732344,0.425510695813057,-7.39955302723281,1.36643649970514e-13,1.54354407987397e-11,"PYDC2-AS1","OPCs"
"SEMA6D",22.7161776171981,-1.32201018510393,0.17866939227098,-7.39919786092346,1.37009578383525e-13,1.54354407987397e-11,"SEMA6D","OPCs"
"SLC8A1-AS1",9.26508503724491,-2.36997822364686,0.320580293837588,-7.39277575448084,1.43794873481477e-13,1.60293443175667e-11,"SLC8A1-AS1","OPCs"
"PHF19",5.16299515047867,1.98934177118164,0.269927447452172,7.36991287828975,1.70739579419159e-13,1.86799551348644e-11,"PHF19","OPCs"
"PHLDB1",52.6309229976012,0.933726754939279,0.126699250204169,7.36963126012684,1.71100627769768e-13,1.86799551348644e-11,"PHLDB1","OPCs"
"COPA",30.6068010960853,0.831326081378965,0.11289403838786,7.36377308536747,1.78783500735399e-13,1.93195640080395e-11,"COPA","OPCs"
"DENND4B",9.76947687433716,1.31661090403848,0.179612933351637,7.3302678124013,2.29693256615171e-13,2.43245158755466e-11,"DENND4B","OPCs"
"CCP110",35.0423016989126,1.69266801026214,0.230872717002722,7.33160692279716,2.2740928041832e-13,2.43245158755466e-11,"CCP110","OPCs"
"ZFHX3",38.5752987270202,-1.28888737860388,0.175975838413786,-7.32422922499861,2.40275680470087e-13,2.51932619423586e-11,"ZFHX3","OPCs"
"SRGAP3",30.3408803168964,-1.02472271690615,0.140093847126094,-7.31454477071952,2.58255394778824e-13,2.68129865755661e-11,"SRGAP3","OPCs"
"CTSV",4.43980730218985,-2.84636464384266,0.389569602068221,-7.30643414868958,2.74324845451732e-13,2.82048554692606e-11,"CTSV","OPCs"
"NSUN7",4.46869082458105,-2.61487736103773,0.358001728172608,-7.3040914477848,2.79146484680776e-13,2.84246276227829e-11,"NSUN7","OPCs"
"SFRP1",6.09422896471952,1.76747295653573,0.242113516649395,7.3001829100488,2.87376786611088e-13,2.89840016210612e-11,"SFRP1","OPCs"
"TAFA2",60.7809106225258,-1.64695301996676,0.225893985561603,-7.2908227984566,3.08067741936561e-13,3.07777111991338e-11,"TAFA2","OPCs"
"MGST1",6.42022974815166,-2.14758172871338,0.29470132595013,-7.28731613877027,3.16190368267804e-13,3.12939813080004e-11,"MGST1","OPCs"
"HTATIP2",7.23635729307378,1.69242605339102,0.232334406850498,7.28444002906574,3.23009121004529e-13,3.16728388096108e-11,"HTATIP2","OPCs"
"RGS7BP",7.72882816356754,-1.67193374335995,0.230870674326786,-7.2418627798237,4.42563509312428e-13,4.29976840698955e-11,"RGS7BP","OPCs"
"LARP7",15.8824275038468,1.10687824043528,0.15294953760506,7.23688516988793,4.59106539956798e-13,4.41994387103863e-11,"LARP7","OPCs"
"GHR",28.8397303366567,-1.89659867306593,0.262306842069189,-7.23045826065664,4.81366923974724e-13,4.59250065305615e-11,"GHR","OPCs"
"ENSG00000259072",9.45645473808298,-3.0775911638308,0.426214711008116,-7.22075302504563,5.17004756099767e-13,4.86938751321782e-11,"LOC112268136","OPCs"
"ATF7IP2",5.53820619856994,-2.5418096910173,0.352047497759406,-7.22007600450099,5.19585258728625e-13,4.86938751321782e-11,"ATF7IP2","OPCs"
"AKAP7",16.9307271685363,-1.00416477886459,0.139278182717337,-7.20977800882519,5.60431662202841e-13,5.20611517783165e-11,"AKAP7","OPCs"
"PPP1R9A",95.8750202633004,-0.570636016342729,0.0792195449837241,-7.20322259437324,5.88058536483384e-13,5.41525208813829e-11,"PPP1R9A","OPCs"
"MTSS1",50.3954308674576,-1.07408680135388,0.149271959322174,-7.19550280060088,6.22310092839627e-13,5.68126196825142e-11,"MTSS1","OPCs"
"MIDN",18.1208032643453,1.23733723902267,0.172146227521,7.1877104531479,6.58867992620043e-13,5.96360003576603e-11,"MIDN","OPCs"
"NES",3.28247164653504,2.94560831663913,0.41042415213593,7.17698581165263,7.12650801013837e-13,6.3957389684208e-11,"NES","OPCs"
"HAPLN2",23.7711215346332,1.50217883757109,0.209718565908719,7.16283191744178,7.90272244161428e-13,7.03275887871388e-11,"HAPLN2","OPCs"
"ITGA9-AS1",7.18697007742939,-1.65003394258393,0.230660303778866,-7.15352366901333,8.45781923218818e-13,7.46402547240607e-11,"ITGA9-AS1","OPCs"
"PABPC1",22.1628305446472,0.925854236075502,0.129765667911747,7.13481655799106,9.69163241059737e-13,8.48218076266331e-11,"PABPC1","OPCs"
"ENSG00000230333",4.77371530333826,-2.4202399573622,0.339674269854448,-7.12517894981944,1.0394554950989e-12,9.02281450253883e-11,"ENSG00000230333","OPCs"
"COL8A1",4.7770198438926,-3.53338551723703,0.496120315456337,-7.12203352121749,1.06346182477882e-12,9.15614693041281e-11,"COL8A1","OPCs"
"ANGEL1",11.1698564217907,-1.46359148848351,0.205557267047028,-7.12011552551273,1.07836638075034e-12,9.2095967517307e-11,"ANGEL1","OPCs"
"MYO9B",28.8265850925738,1.47913021652178,0.20800267561613,7.11111148998642,1.15112100647642e-12,9.75229716686821e-11,"MYO9B","OPCs"
"CAPN3",22.7763159553058,1.40543647970297,0.197782181158368,7.10598129453136,1.19470595760812e-12,1.00412191198968e-10,"CAPN3","OPCs"
"ANKRD30BL",14.3220835116551,-2.49891677642213,0.351927735786295,-7.10065312368439,1.24168673737436e-12,1.03539075187358e-10,"ANKRD30BL","OPCs"
"POT1-AS1",17.2484495263402,-1.19341666815724,0.168111080910049,-7.09897682946788,1.25683877062129e-12,1.03983770163121e-10,"POT1-AS1","OPCs"
"INPP4B",21.0203659675849,-1.99909770505471,0.282200564330424,-7.08396069227556,1.40091660009865e-12,1.15005479031354e-10,"INPP4B","OPCs"
"NUP214",15.2869430746617,1.07222027450186,0.151550724969722,7.07499271096245,1.49456616416905e-12,1.21749659065771e-10,"NUP214","OPCs"
"SLC8A3",14.3083603390537,-1.44002580192733,0.203574348946397,-7.07370947951063,1.5084592721351e-12,1.2194338696115e-10,"SLC8A3","OPCs"
"CUX2",3.5351845077377,-2.70097610292124,0.382342479149379,-7.0642846406454,1.61445512005932e-12,1.29523331222941e-10,"CUX2","OPCs"
"SEMA4C",7.60949758117176,1.46069493610277,0.207027276327399,7.05556756585438,1.71897631054016e-12,1.36871873147521e-10,"SEMA4C","OPCs"
"DAZAP2",11.6108754426998,1.19676216354204,0.169697848700333,7.05231193387366,1.75969164186738e-12,1.39068167816236e-10,"DAZAP2","OPCs"
"MCAM",10.9895701262359,1.86492275993283,0.26451130292304,7.05044638669157,1.78344721598776e-12,1.39901526054151e-10,"MCAM","OPCs"
"HMG20B",4.46041179153931,2.0943502367216,0.297338036285783,7.04366741263014,1.87244782696265e-12,1.45803106525989e-10,"HMG20B","OPCs"
"NRG2",18.8075995645101,-0.952090035077358,0.135246146395439,-7.03968327713821,1.92677292949612e-12,1.48938141046452e-10,"NRG2","OPCs"
"ERBIN",176.304078150288,1.87150271972121,0.266018496556907,7.03523530861268,1.98925006117392e-12,1.52653319911825e-10,"ERBIN","OPCs"
"ENSG00000233635",8.57217786704322,-2.09517519757885,0.298477441582284,-7.0195428722249,2.22595308194823e-12,1.69588799552747e-10,"ENSG00000233635","OPCs"
"SLC18B1",12.8113525197801,-1.52659809004347,0.217554929048607,-7.01706965095878,2.26569681338037e-12,1.71383780383558e-10,"SLC18B1","OPCs"
"CLDN11",43.9186577227764,1.57459725810764,0.224818694707381,7.00385375049483,2.49016055322529e-12,1.87026952189049e-10,"CLDN11","OPCs"
"AZGP1",9.93313776108763,2.0885015476882,0.298273909725364,7.00195853405747,2.52408794758512e-12,1.88240080034693e-10,"AZGP1","OPCs"
"ENSG00000289644",7.09106920778148,-4.66388180253625,0.666429603894937,-6.99831126240231,2.59066044023741e-12,1.91853804630169e-10,"ENSG00000289644","OPCs"
"RIMS1",41.1273971453523,-1.41071651550661,0.201726033855544,-6.99322982038512,2.68628920774561e-12,1.97554185486291e-10,"RIMS1","OPCs"
"VASH1-DT",5.27805017045184,-2.17014382058372,0.310478261999689,-6.9896803937465,2.75513153106838e-12,2.01219606303546e-10,"VASH1-DT","OPCs"
"PDK4",15.755882241359,1.5297957554508,0.219287219712534,6.97621939598772,3.03229075674241e-12,2.19944925437686e-10,"PDK4","OPCs"
"LINC02058",1.78976769699752,-4.20715324976809,0.603187178929897,-6.97487180883373,3.0614984120723e-12,2.20552844788066e-10,"LINC02058","OPCs"
"SQSTM1",18.4736245445586,1.04557671678193,0.150075304795396,6.96701378156396,3.2373896921089e-12,2.31648357023197e-10,"SQSTM1","OPCs"
"ENSG00000232006",5.53724980162706,-3.01742969286311,0.434072931984194,-6.95143481780843,3.61589476063717e-12,2.56995473256024e-10,"ENSG00000232006","OPCs"
"EPHA5-AS1",3.76892454382942,-2.46625140262283,0.355078475985923,-6.94565165003302,3.76717298788107e-12,2.65962412944404e-10,"EPHA5-AS1","OPCs"
"GRIA4",150.760385196473,-0.864334535069205,0.124867570735041,-6.92200969379996,4.45280766852662e-12,3.12286312646999e-10,"GRIA4","OPCs"
"PLCL2",16.8712129511803,-1.11609276129905,0.161531269796516,-6.90945327616757,4.86525077782103e-12,3.38760280951908e-10,"PLCL2","OPCs"
"SPOCK1",155.964653792354,0.960170732235169,0.138981762987822,6.90860952972156,4.8942703480304e-12,3.38760280951908e-10,"SPOCK1","OPCs"
"CA8",16.923012728304,-2.21417460126624,0.321007743244122,-6.8975738058206,5.289816249275e-12,3.61413897289176e-10,"CA8","OPCs"
"NOVA1-DT",3.430881773888,-3.35431380268357,0.486257620745423,-6.89822361558359,5.26568152511461e-12,3.61413897289176e-10,"NOVA1-DT","OPCs"
"FGF13",5.62280533653384,-2.40222546911121,0.348978376273668,-6.8835940345696,5.83610419839669e-12,3.96181688852698e-10,"FGF13","OPCs"
"KCNIP4-IT1",8.71544519801911,-2.09670616259367,0.304819406917317,-6.8785192642357,6.0477873229488e-12,4.07936737261323e-10,"KCNIP4-IT1","OPCs"
"CALCRL-AS1",13.3181972599784,-2.01133837859503,0.292494496033552,-6.87649992006791,6.13409696544813e-12,4.09669721892681e-10,"CALCRL-AS1","OPCs"
"ENSG00000259048",46.7918702003587,-1.17446123105256,0.170803117239925,-6.87611122110147,6.15084851566915e-12,4.09669721892681e-10,"ENSG00000259048","OPCs"
"MPHOSPH8",49.2133351662345,1.02689892556267,0.149565328373175,6.86588888435758,6.60784938636551e-12,4.37357031260067e-10,"MPHOSPH8","OPCs"
"ENSG00000261227",5.97406724435127,-2.5042555431198,0.365263498196853,-6.85602463832883,7.08031710084846e-12,4.65717752161399e-10,"ENSG00000261227","OPCs"
"ABCA6",7.35839920119166,3.57430194534707,0.521476468166148,6.85419604439036,7.17146783969148e-12,4.68801508779832e-10,"ABCA6","OPCs"
"ENSG00000257458",4.98634125419487,-2.3627711427352,0.345799875026475,-6.83277037782127,8.3290220384767e-12,5.41130941027413e-10,"ENSG00000257458","OPCs"
"SF3B2",16.0826956253765,1.1344632136413,0.166074020210603,6.83106973747402,8.42837455369457e-12,5.44246869046497e-10,"SF3B2","OPCs"
"PBX1",64.3264450382133,-0.714954100585889,0.104842203111523,-6.81933495641423,9.14629224460662e-12,5.87025665881116e-10,"PBX1","OPCs"
"GABRB2",12.2686483016876,-3.02797431958822,0.44503627864191,-6.80388198649446,1.0183697206489e-11,6.49670803715173e-10,"GABRB2","OPCs"
"ADAMTS8",3.22664363852078,2.61578140049963,0.385084937813636,6.79273880549841,1.10024476381448e-11,6.97700122682358e-10,"ADAMTS8","OPCs"
"ENSG00000231533",18.7931412006624,-1.59345794490037,0.234736981288979,-6.78826973129857,1.13486330373634e-11,7.15369189676658e-10,"ENSG00000231533","OPCs"
"CRPPA",16.5999044049895,-1.65008200595604,0.243305834050106,-6.781925359078,1.1858474134181e-11,7.43084266751344e-10,"CRPPA","OPCs"
"NUP42",28.5883823841185,-1.27191150755658,0.187709556918074,-6.77595498300443,1.2358715906977e-11,7.69875302675801e-10,"NUP42","OPCs"
"ENSG00000203279",4.11092580232239,-2.4361183864987,0.360704033628193,-6.75378748054092,1.44034684875007e-11,8.92004276506623e-10,"ENSG00000203279","OPCs"
"XACT",3.72750149762122,-2.61101034232837,0.386796531456937,-6.75034580194795,1.47493198595486e-11,9.08112193678023e-10,"XACT","OPCs"
"SPEN",18.4494986547348,0.900790956809309,0.133641100481656,6.7403736841643,1.57979794893215e-11,9.67055507467714e-10,"SPEN","OPCs"
"ENSG00000231918",6.31774657361935,-2.02592243656337,0.300644027588463,-6.7386086223424,1.59910490889039e-11,9.73248332479841e-10,"NRXN1-DT","OPCs"
"ZNF704",57.0321362358836,-0.682918104277929,0.101394576396251,-6.73525279704385,1.63645164551098e-11,9.90287024340646e-10,"ZNF704","OPCs"
"TSHZ2",36.2319826433958,-2.80519780578129,0.416791348420958,-6.73046073631079,1.69126684407721e-11,1.01764294765782e-09,"TSHZ2","OPCs"
"MRPL39",7.30207085399486,1.4657581914193,0.218103648032117,6.72046618497394,1.81144069585857e-11,1.08379417904758e-09,"MRPL39","OPCs"
"PIP5K1B",9.55582049449167,-1.22863879889202,0.183018258077693,-6.71320343553071,1.90397367949748e-11,1.13275737448754e-09,"PIP5K1B","OPCs"
"PIK3C2A",19.8690270973179,0.944205034118618,0.14098267811777,6.69731237003368,2.12287530527441e-11,1.25593572529922e-09,"PIK3C2A","OPCs"
"TAGLN2",2.1849677455565,2.9962694460729,0.44764861657497,6.69335129190799,2.18116675375675e-11,1.28325310679355e-09,"TAGLN2","OPCs"
"SNX30",12.5037293572531,1.37440986173711,0.205366664208908,6.6924681619165,2.1943750206546e-11,1.28389124136642e-09,"SNX30","OPCs"
"SLC35D2",13.517536450195,1.64112744389433,0.245480371147269,6.68537136482406,2.30339773285159e-11,1.34027373576365e-09,"SLC35D2","OPCs"
"TUBB2A",9.11388475000347,-1.57653171050747,0.236010550050695,-6.67992049579489,2.39071912318153e-11,1.3774062231671e-09,"TUBB2A","OPCs"
"KSR2",17.9930827459429,-1.73381800254028,0.259562653075811,-6.67976683854392,2.39322705441688e-11,1.3774062231671e-09,"KSR2","OPCs"
"ENSG00000245768",8.53976720195159,-1.80565680660792,0.271787902362193,-6.64362464596251,3.06061415277644e-11,1.75199480421094e-09,"ENSG00000245768","OPCs"
"PACRG",14.5896066740449,-1.44780670240799,0.218459203862208,-6.62735502469919,3.41755003616307e-11,1.94579864962187e-09,"PACRG","OPCs"
"NADSYN1",5.98048704785933,1.66942475351845,0.252070343371373,6.62285269734766,3.52332086538776e-11,1.99529240451638e-09,"NADSYN1","OPCs"
"BRINP3-DT",3.23229650975851,-3.06958355366767,0.46421509273298,-6.61241653216415,3.78096314447249e-11,2.0963560052337e-09,"BRINP3-DT","OPCs"
"ARL15",29.0386780233031,-0.709804281538153,0.107324962420225,-6.61359916213111,3.75086536157134e-11,2.0963560052337e-09,"ARL15","OPCs"
"FBXO32",8.00147812354924,1.32866025376177,0.200914353467522,6.61306786115978,3.76435778752459e-11,2.0963560052337e-09,"FBXO32","OPCs"
"ATF4",13.2441510487399,1.24637441732572,0.188467454327469,6.61320768497305,3.76080235409567e-11,2.0963560052337e-09,"ATF4","OPCs"
"HTR2C",18.5915413816645,-4.97705116018328,0.753269675333088,-6.60726340534349,3.91489128317666e-11,2.15930722337713e-09,"HTR2C","OPCs"
"PAK5",15.1398090519027,-2.00565597423822,0.303875645144725,-6.60025245946578,4.10458203897899e-11,2.25220330532578e-09,"PAK5","OPCs"
"ABCA2",67.4451117750223,1.07513336713836,0.163109522943093,6.59148128042446,4.35459737866274e-11,2.37707145567208e-09,"ABCA2","OPCs"
"ENSG00000283674",53.0111861111934,-1.7235562379638,0.261786853995094,-6.58381508338115,4.58527355077155e-11,2.49015625141901e-09,"LOC729732","OPCs"
"CACNB2",33.3654720097161,-1.51553643280143,0.2303085475565,-6.58046107658959,4.68991600537348e-11,2.53399033147475e-09,"CACNB2","OPCs"
"PAK2",19.2941942565481,1.02593545751209,0.156031780304286,6.57516985008672,4.85976604265071e-11,2.61243260871426e-09,"PAK2","OPCs"
"LZTS2",8.60391835212047,1.50082717430216,0.228444554636314,6.56976559012968,5.03945324561748e-11,2.69534393288329e-09,"LZTS2","OPCs"
"PIM3",12.2454868686047,1.88917001908341,0.287874213874232,6.56248433528943,5.29186012896319e-11,2.81612054099096e-09,"PIM3","OPCs"
"SLC12A8",3.54426831197915,-2.64505133516237,0.404463739258078,-6.53965010562944,6.16629250883932e-11,3.26505188343042e-09,"SLC12A8","OPCs"
"OTUD7B",24.500258104739,0.905664066877472,0.138648665987183,6.53207919765485,6.48628384879573e-11,3.41740029645506e-09,"OTUD7B","OPCs"
"DAB1",156.347605719049,-1.15531261024739,0.176925201057193,-6.52994939863837,6.57919152568861e-11,3.44919001272487e-09,"DAB1","OPCs"
"ELAVL4",17.5020367066701,-2.01968280571541,0.309715265105286,-6.52109544884342,6.9795749711233e-11,3.64106891350718e-09,"ELAVL4","OPCs"
"LINC01010",4.93946176004069,3.88377233637587,0.59595069810392,6.51693562694448,7.17582020276173e-11,3.72509489937484e-09,"LINC01010","OPCs"
"AIG1",24.7983114977665,-0.753884105777915,0.11602041199312,-6.49785751340569,8.14719108020301e-11,4.20871968484633e-09,"AIG1","OPCs"
"BMPER",18.5007214852828,-1.8108183008019,0.27909892725447,-6.48808764195239,8.69327093419953e-11,4.45707909080774e-09,"BMPER","OPCs"
"WFDC1",9.62479552947933,-1.78738160524124,0.27550053482681,-6.48776092708807,8.71213759959587e-11,4.45707909080774e-09,"WFDC1","OPCs"
"LINC00461",43.3977155742964,-0.731632945293712,0.112847359444985,-6.48338560062095,8.96868880634673e-11,4.56626992592365e-09,"LINC00461","OPCs"
"NPC2",10.4056123901775,1.08859935081129,0.168194402457162,6.47226860649267,9.65422996752542e-11,4.89178446679877e-09,"NPC2","OPCs"
"ZBTB17",6.63424428442077,1.45566023633657,0.225151983206838,6.46523390824104,1.01142234271338e-10,5.1004583853975e-09,"ZBTB17","OPCs"
"SLC30A10",2.31030495693878,-3.69980350687717,0.572374888092717,-6.46395148327655,1.02003588630397e-10,5.11951660471994e-09,"SLC30A10","OPCs"
"TEX14",2.25449964864248,2.82065209081658,0.436414917609727,6.46323481851967,1.02488063380414e-10,5.11956882640842e-09,"TEX14","OPCs"
"EXOC4",76.9273082482594,-0.4728207330785,0.0732338384953231,-6.45631504224233,1.07283156392087e-10,5.33393721216994e-09,"EXOC4","OPCs"
"ENSG00000226939",5.8719863909536,-3.85589248908911,0.597727116321579,-6.45092448343037,1.11169888515939e-10,5.50135102515789e-09,"LOC105373643","OPCs"
"TMTC4",28.8628585677952,2.23818074457513,0.347265203722658,6.44516271881545,1.15476456327804e-10,5.68788684889042e-09,"TMTC4","OPCs"
"NELL1",63.6809839151152,-1.64012866723677,0.254837959607798,-6.43596687777979,1.22689788274634e-10,6.01520767513136e-09,"NELL1","OPCs"
"GRIP1",25.0729216451025,-2.94839219370974,0.459110312822952,-6.42196899385865,1.34522827396537e-10,6.56496194529642e-09,"GRIP1","OPCs"
"ADSS2",13.7810389947791,1.71753521668914,0.267486717126971,6.42101123800424,1.35372032945258e-10,6.57610013252423e-09,"ADSS2","OPCs"
"GPAT4-AS1",2.89332122940609,2.59121966573063,0.404474372915626,6.40638774479581,1.49007726077985e-10,7.20544209664775e-09,"GPAT4-AS1","OPCs"
"MEF2C",33.4071456941473,-2.10090235817478,0.32925428547047,-6.3807897144689,1.76177088709171e-10,8.48052440650054e-09,"MEF2C","OPCs"
"ARHGAP21",108.762740708626,0.612271212391261,0.0961129135233524,6.37033245530008,1.88618890931888e-10,9.03834414012984e-09,"ARHGAP21","OPCs"
"PALS1",16.5224686320355,0.948203318765216,0.14891113439436,6.36757837230692,1.92035931999933e-10,9.16063297242926e-09,"PALS1","OPCs"
"ENSG00000285519",7.147421725661,-2.05956185193066,0.32367974356763,-6.36296182525964,1.97899890536475e-10,9.39802619184428e-09,"ENSG00000285519","OPCs"
"SYN3",21.2600524790434,-1.68718437839938,0.265446973047935,-6.35601287528978,2.07057679112489e-10,9.78902152589848e-09,"SYN3","OPCs"
"LINC02328",41.107187030312,-1.11900487259638,0.176226665505636,-6.34980449403439,2.1558873817666e-10,1.01470432768481e-08,"LINC02328","OPCs"
"EPCAM-DT",8.02638416547975,1.54308317571272,0.243306008261129,6.34214989897249,2.26580688301913e-10,1.06172101288374e-08,"EPCAM-DT","OPCs"
"CDH18",30.8984981870494,-2.37394657982508,0.374390094484473,-6.34083704349592,2.28520153173795e-10,1.06609181590771e-08,"CDH18","OPCs"
"LINC00299",4.60330390962981,-1.9513967825811,0.308122760280139,-6.33317960934443,2.40159715576286e-10,1.1154786789267e-08,"LINC00299","OPCs"
"NONO",9.98503590545507,1.14204011258435,0.180388732713545,6.33099471017346,2.43585697222666e-10,1.12645088802971e-08,"NONO","OPCs"
"ENSG00000286364",6.65998343162313,-2.26166221348161,0.358566977861054,-6.30750279061675,2.83573467892982e-10,1.30001862553536e-08,"ENSG00000286364","OPCs"
"PPFIA2",120.858447491007,-0.627382350787899,0.0994629695707905,-6.3076977642556,2.83216577654293e-10,1.30001862553536e-08,"PPFIA2","OPCs"
"GNG7",44.5886791119272,0.849853439328678,0.134829324045938,6.30317955935998,2.9160073471492e-10,1.33105680199612e-08,"GNG7","OPCs"
"UNC5D",29.9167085327579,-2.42928706560128,0.386107621944332,-6.29173558752363,3.13935905346901e-10,1.42685890026768e-08,"UNC5D","OPCs"
"GOLGA6L9",2.38504286527294,-3.33397636901934,0.530823273310046,-6.2807652502305,3.36910533324638e-10,1.52473613158458e-08,"GOLGA6L9","OPCs"
"ENSG00000237705",1.74724651852776,-3.64095087911651,0.580533651773422,-6.27173096338875,3.57056153002426e-10,1.60903177033859e-08,"ENSG00000237705","OPCs"
"LDB2",26.300896472011,-2.27521757898099,0.362915846837313,-6.26927040747527,3.62743716981788e-10,1.62773557747336e-08,"LDB2","OPCs"
"UNC80",56.7015127563125,-1.30456226520227,0.208273248190605,-6.26370538000338,3.7593545236073e-10,1.67981284409288e-08,"UNC80","OPCs"
"DCX",9.14759940880114,-1.80177825635445,0.288029242284241,-6.25553934060754,3.96144462340459e-10,1.76267641016196e-08,"DCX","OPCs"
"C2CD5-AS1",3.36838024671359,-2.40359847526396,0.38462284984768,-6.24923474051488,4.12468606661197e-10,1.82763286382514e-08,"C2CD5-AS1","OPCs"
"ENSG00000228566",27.1379929624004,-2.05047050288456,0.328711909440316,-6.23789538497649,4.4349707401576e-10,1.95377338593212e-08,"LOC124902438","OPCs"
"BPTF",63.6833372020314,0.550205706309481,0.0882093680995394,6.23749742418067,4.44626426826856e-10,1.95377338593212e-08,"BPTF","OPCs"
"CTNNA2",229.344721111657,-1.18921988250884,0.190744920795628,-6.23460838458192,4.52909664172915e-10,1.98194766264098e-08,"CTNNA2","OPCs"
"CCDC7",20.108286244025,-0.895255588069179,0.143655791527881,-6.23194915114455,4.6066701927422e-10,2.00759824449135e-08,"CCDC7","OPCs"
"CCDC136",5.02656966177955,-1.71859482110811,0.276434283443647,-6.21701042178605,5.06716120384056e-10,2.19923103068326e-08,"CCDC136","OPCs"
"IQGAP1",17.5100151413768,1.34766524770736,0.216807070961327,6.21596538217958,5.10100498138853e-10,2.20488337766957e-08,"IQGAP1","OPCs"
"LRP2",13.4928517919792,2.04583124232047,0.329299155381027,6.21268293249423,5.20874855633522e-10,2.23990494483809e-08,"LRP2","OPCs"
"KCNIP4",632.921545708127,-1.09668731674534,0.176537280110285,-6.21221373785878,5.22432975802652e-10,2.23990494483809e-08,"KCNIP4","OPCs"
"UTRN",11.616398295735,-1.87377906618213,0.302340100533854,-6.1975869653861,5.73353605711859e-10,2.40945027162246e-08,"UTRN","OPCs"
"MET",3.18664817439859,2.52807694825573,0.407834071592562,6.19878799822629,5.68996122741994e-10,2.40945027162246e-08,"MET","OPCs"
"MATCAP1",7.87763641416284,-1.80022148407717,0.290465938988019,-6.19770252701273,5.72932923268991e-10,2.40945027162246e-08,"MATCAP1","OPCs"
"CASC3",9.68051205738452,1.1252344153964,0.181527604424513,6.19869588960684,5.69329155940689e-10,2.40945027162246e-08,"CASC3","OPCs"
"APOOL",5.89070973211908,-1.50355527879657,0.242518471377731,-6.19975571450277,5.65508662200504e-10,2.40945027162246e-08,"APOOL","OPCs"
"ELOVL5",16.6679525797863,0.856914406015682,0.138539374302453,6.18534918560342,6.19651517023811e-10,2.5937191957637e-08,"ELOVL5","OPCs"
"CCSER1",73.8579034281338,-1.90575964450389,0.308432065308881,-6.17886354518734,6.45646686305673e-10,2.69188913699885e-08,"CCSER1","OPCs"
"ROBO2",25.9500518882997,-3.96899829551921,0.642620942702766,-6.17626664768535,6.56351003437839e-10,2.72578710839479e-08,"ROBO2","OPCs"
"NELL2",17.7451937378719,-2.4136391744169,0.39133193527613,-6.16775416683996,6.92667194068037e-10,2.86536936921114e-08,"NELL2","OPCs"
"DNAJC9",10.1889155628519,1.17196065188871,0.190119438049183,6.16433892249109,7.07782026205325e-10,2.91650259047253e-08,"DNAJC9","OPCs"
"PHACTR1",43.1842923792098,-1.62278551797059,0.2636108454111,-6.15598920234054,7.46103070189183e-10,3.06249283461374e-08,"PHACTR1","OPCs"
"SUN2",50.4158208317894,1.5510732192796,0.252587082338612,6.14074641077754,8.21346162400428e-10,3.35025607459746e-08,"SUN2","OPCs"
"ENOX2",27.4151405766648,1.04390037553616,0.17000205250117,6.14051630658388,8.22536902167458e-10,3.35025607459746e-08,"ENOX2","OPCs"
"CCNQ",3.43257992278804,2.25644397818315,0.36771865464201,6.13633262739932,8.44482461563027e-10,3.42646332105458e-08,"CCNQ","OPCs"
"METTL25",16.547396970184,-0.903428770171354,0.147307383123381,-6.13294969346283,8.6264432955218e-10,3.48679520990748e-08,"METTL25","OPCs"
"CACNA1C",30.570665284754,-1.35854534386532,0.22161039768596,-6.13033214168266,8.76957987846848e-10,3.5311730385164e-08,"CACNA1C","OPCs"
"ATG13",15.8871683293404,1.04763153470926,0.1710727099874,6.12389629407529,9.13143426088642e-10,3.66295033419649e-08,"ATG13","OPCs"
"ERF",7.4716700851665,1.51958474488006,0.248223996267796,6.12182854086618,9.25075397907298e-10,3.69681074107105e-08,"ERF","OPCs"
"DOCK5",84.4776817115951,1.55368863391473,0.253897621784637,6.11935087455292,9.39573122898819e-10,3.74063134266861e-08,"DOCK5","OPCs"
"SYN2",23.9207090926264,-1.87784346876487,0.3073823917226,-6.10914456824042,1.00166564683518e-09,3.97289857677325e-08,"SYN2","OPCs"
"BCL2L1",11.8885109498834,1.47969559895215,0.242381446695329,6.10482204445339,1.02915282451959e-09,4.06668970584421e-08,"BCL2L1","OPCs"
"PIK3R3",6.10348063263231,-2.25334645684801,0.370066067749136,-6.08903829133431,1.13590951497017e-09,4.47185195670411e-08,"PIK3R3","OPCs"
"PRRC2C",21.3850354676138,0.776522981370706,0.127748056333446,6.07855026258745,1.21273970165974e-09,4.75663460762099e-08,"PRRC2C","OPCs"
"GLUL",63.2561262696905,1.19536905840721,0.19668364791539,6.07762298023592,1.21977127236578e-09,4.76656006433712e-08,"GLUL","OPCs"
"THSD7A",26.997796210296,-1.58049385635202,0.260110647306866,-6.07623668125905,1.23035774338489e-09,4.79025312589928e-08,"THSD7A","OPCs"
"DOT1L",7.2351721652848,1.38591016059108,0.228134286193936,6.07497533015677,1.24006783916767e-09,4.81037304644162e-08,"DOT1L","OPCs"
"UBTD1",3.84952615024968,2.4413847125367,0.402264398482721,6.06910460320434,1.28625351875251e-09,4.97132290641938e-08,"UBTD1","OPCs"
"FHIP1B",4.04735031545367,-1.94613175646867,0.320836155954104,-6.06581184929501,1.31288756333798e-09,5.0558106529997e-08,"FHIP1B","OPCs"
"ARHGEF28",8.81820811517128,-1.31800068600086,0.217562232705714,-6.05803989786984,1.3779022428781e-09,5.27648239149647e-08,"ARHGEF28","OPCs"
"RALY",13.8356058275243,1.14546147484234,0.189089412754961,6.05777689059053,1.38015639513175e-09,5.27648239149647e-08,"RALY","OPCs"
"ENSG00000286746",9.15973848633462,-1.64185475444274,0.271398166710315,-6.04961623117826,1.45191281657555e-09,5.53084774371767e-08,"ENSG00000286746","OPCs"
"EFHD1",17.8060221414416,1.94757970244927,0.321991497863685,6.04854387575717,1.46160819189124e-09,5.54782464233988e-08,"EFHD1","OPCs"
"CHKA",38.740269832228,0.954812689720755,0.157956353187729,6.04478813578315,1.49606462859901e-09,5.65833014887984e-08,"CHKA","OPCs"
"PTPRO",16.9750232364418,-1.54249343156851,0.2552869059059,-6.0421956468738,1.52030951427742e-09,5.72956503779285e-08,"PTPRO","OPCs"
"SPATA13",28.1606583507159,1.50173603749295,0.248833373693105,6.03510700837537,1.58857382542747e-09,5.96560170612655e-08,"SPATA13","OPCs"
"CNDP2",9.57864683784482,1.50957409087039,0.250212387819528,6.03317087545327,1.60773251305246e-09,6.01621459831293e-08,"CNDP2","OPCs"
"ENSG00000290067",3.37665005443984,-2.80834363889216,0.465583532090452,-6.03187923396434,1.6206387613488e-09,6.04315650798724e-08,"ENSG00000290067","OPCs"
"C2orf27A",19.4343534122891,-1.26428825919473,0.209772713222903,-6.02694335107019,1.67089535055093e-09,6.20081236676306e-08,"C2orf27A","OPCs"
"PELP1",5.38537214014323,1.46413118254539,0.242945516726551,6.02658242997483,1.674629213309e-09,6.20081236676306e-08,"PELP1","OPCs"
"ZNF385D",71.6815020146008,-2.80335919864554,0.465230611126311,-6.0257410660461,1.6833650335332e-09,6.21144101223576e-08,"ZNF385D","OPCs"
"PTPRJ",60.4993056986916,0.476603006996044,0.0791443772528365,6.02194399070798,1.72334535627187e-09,6.32808857579673e-08,"PTPRJ","OPCs"
"VPS13C",55.342522955314,0.493619817874838,0.08197475313495,6.02160786092545,1.72692879924953e-09,6.32808857579673e-08,"VPS13C","OPCs"
"ADD1",45.7531709482594,1.17466256574695,0.195268720802207,6.01562073496039,1.79198682337317e-09,6.52135410980134e-08,"ADD1","OPCs"
"PREX1",30.3380004981355,1.00553159438573,0.167152159960172,6.01566617281715,1.79148420206904e-09,6.52135410980134e-08,"PREX1","OPCs"
"BASP1-AS1",17.5480230487982,-1.71307802700112,0.284853336185107,-6.01389490445675,1.8111795506781e-09,6.56862720605516e-08,"BASP1-AS1","OPCs"
"HMGCLL1",2.89726259940812,-4.05278395431149,0.67408186474015,-6.01230231267798,1.82906814820632e-09,6.61086405785151e-08,"HMGCLL1","OPCs"
"DPY19L2P2",10.8134499657147,-1.71633819202087,0.285724083141783,-6.00697768682378,1.89013516826282e-09,6.80834402445688e-08,"DPY19L2P2","OPCs"
"NFASC",69.5358213671229,1.20008390217107,0.199818862580809,6.00585893979723,1.90321609466143e-09,6.83222320083542e-08,"NFASC","OPCs"
"KIAA0232",26.5589786637804,0.775510843790698,0.129147893767991,6.0048276527364,1.91535249926902e-09,6.85256181326314e-08,"KIAA0232","OPCs"
"ZNF146",19.3329999458839,1.57380802685578,0.262119115905529,6.00417112433339,1.92311790990799e-09,6.85717800199514e-08,"ZNF146","OPCs"
"UST",38.6238649235023,-1.10593356744753,0.184313740356414,-6.00027738197351,1.96980741271002e-09,7.00008741630844e-08,"UST","OPCs"
"SFT2D2",6.3136707188683,1.70062804196925,0.283590940319458,5.99676435380317,2.01287818215161e-09,7.12922406320588e-08,"SFT2D2","OPCs"
"HNRNPM",21.1957440705966,0.941489280490526,0.157170898105379,5.99022651037651,2.09548979740551e-09,7.39707898484144e-08,"HNRNPM","OPCs"
"RERG",2.22640794961984,-2.99891099640621,0.500781316107045,-5.98846422570041,2.11831718685584e-09,7.45281694644629e-08,"RERG","OPCs"
"LPAR4",2.07272947229757,-3.53077361756936,0.589698396494635,-5.98742278859407,2.13192091562535e-09,7.4601519381008e-08,"LPAR4","OPCs"
"BEX3",37.6250912914706,-0.707954305107027,0.118244110969291,-5.98722675745676,2.13449106444244e-09,7.4601519381008e-08,"BEX3","OPCs"
"ENSG00000250243",6.84915230405835,-1.82592551907022,0.305274048677766,-5.98126675680049,2.21408930369695e-09,7.71289662044432e-08,"ENSG00000250243","OPCs"
"EPHA6",12.0139414180122,-2.63728816326948,0.441511336029733,-5.97331925151719,2.32474329406777e-09,8.05523103422321e-08,"EPHA6","OPCs"
"MIR9-3HG",10.9760922057317,-1.82714841339149,0.305922354413257,-5.97258875343016,2.33518029037443e-09,8.05523103422321e-08,"MIR9-3HG","OPCs"
"DYNC1LI2",22.9355959872404,0.705469237920584,0.118114594964325,5.97275246241722,2.33283733636334e-09,8.05523103422321e-08,"DYNC1LI2","OPCs"
"ADAMTS17",40.4223079643211,-1.12566498735872,0.188674120600993,-5.96618647948689,2.42862711992307e-09,8.35037701298224e-08,"ADAMTS17","OPCs"
"RIT2",24.3776922032353,-1.59609748063419,0.267664758596506,-5.96304679406914,2.47577483200601e-09,8.48493704561284e-08,"RIT2","OPCs"
"LINC01550",6.57422753613779,-1.64298046609654,0.275841230254804,-5.95625412698044,2.58084912987692e-09,8.81651364045052e-08,"LINC01550","OPCs"
"MLLT11",5.21934012234182,-1.71124977100303,0.287397270299586,-5.95430071141319,2.61186176814752e-09,8.89376724266311e-08,"MLLT11","OPCs"
"SELENOW",47.0235247508834,0.844618546619225,0.141867832268256,5.95355926086292,2.62372788867403e-09,8.90553792982629e-08,"SELENOW","OPCs"
"RILPL1",10.5031238561468,1.38448827243347,0.232671777770829,5.95039194567518,2.6750112504802e-09,9.05059717015505e-08,"RILPL1","OPCs"
"EPS15",28.9611889862814,1.21024902820047,0.203487043605557,5.94754833898142,2.72188399672135e-09,9.12175681179719e-08,"EPS15","OPCs"
"ENSG00000275443",4.18106597002917,-4.14795668102759,0.697343345532112,-5.94822723641604,2.71062119558486e-09,9.12175681179719e-08,"LOC105370997","OPCs"
"ADAMTS18",22.5589596142439,4.16585214961487,0.700427326444068,5.94758655514496,2.7212487879154e-09,9.12175681179719e-08,"ADAMTS18","OPCs"
"CITED1",2.65315038219792,3.77830372456757,0.635977705230723,5.9409373842702,2.83396854540748e-09,9.43764996725321e-08,"CITED1","OPCs"
"LAMP2",79.5910072039253,0.993469189926051,0.167210448249095,5.94143009799286,2.82546217152991e-09,9.43764996725321e-08,"LAMP2","OPCs"
"KCNJ3",7.47028510882858,-3.2944241884454,0.554600631541795,-5.94017388564249,2.84719912438274e-09,9.45198706182233e-08,"KCNJ3","OPCs"
"PID1",82.5170682413972,-1.24948543793644,0.210416827596865,-5.93814407434328,2.88266668544992e-09,9.53982506216083e-08,"PID1","OPCs"
"ENSG00000274893",3.84704934146823,-3.32001105671917,0.559357958232235,-5.93539612310435,2.93136874337919e-09,9.6707772561949e-08,"ENSG00000274893","OPCs"
"WBP2NL",4.64659366979261,-1.61399619175591,0.272016514915849,-5.93344926963429,2.96635684264715e-09,9.75581334274328e-08,"WBP2NL","OPCs"
"RAB40B",23.5648212895922,1.24073427978175,0.209243706455404,5.92961337188981,3.03648799097502e-09,9.95554421808838e-08,"RAB40B","OPCs"
"TSHZ1",14.1924579863727,-1.00319492874126,0.169217890875393,-5.92842118260401,3.05861159121287e-09,9.99712862683467e-08,"TSHZ1","OPCs"
"THUMPD1",8.22882057524099,1.16801754410133,0.197107257208303,5.92579674967,3.10786796511626e-09,1.01268682309481e-07,"THUMPD1","OPCs"
"FRMPD4",25.2783940491882,-5.03833780285054,0.850524484176668,-5.92380101523802,3.1458408125884e-09,1.02191577316905e-07,"FRMPD4","OPCs"
"MGAT4C",11.9856472670586,-3.87536539391859,0.654287983704997,-5.92302700100618,3.16068923405739e-09,1.02359935745161e-07,"MGAT4C","OPCs"
"NFKBIA",20.0206079976852,1.72060109078052,0.290534133249418,5.92219947287027,3.17663972339536e-09,1.02562849605966e-07,"NFKBIA","OPCs"
"C1orf198",10.6766073181283,1.17522776457829,0.198563054526575,5.91866280149818,3.24569627795311e-09,1.04473931864813e-07,"C1orf198","OPCs"
"KCND3",15.0040951640938,-1.08437110308702,0.183411018789146,-5.912246222969,3.37473554988295e-09,1.07971146444896e-07,"KCND3","OPCs"
"FTX",136.086239715245,-0.787500073027961,0.133191370286083,-5.91254577031893,3.36860196969369e-09,1.07971146444896e-07,"FTX","OPCs"
"ALOX12P2",23.2999041541743,-1.06371101267683,0.180040298092288,-5.90818291209213,3.4590183521098e-09,1.10334350448322e-07,"ALOX12P2","OPCs"
"PCGF5",38.3734180413017,0.839033063763463,0.142034305034543,5.90725644455687,3.47852047886232e-09,1.10623218832288e-07,"PCGF5","OPCs"
"DDAH2",3.34715833035153,-2.31594178735399,0.392224575499881,-5.90463201955761,3.53434746613771e-09,1.12062094809576e-07,"DDAH2","OPCs"
"ENSG00000254787",27.0643763941506,-1.4591675396138,0.247265704738233,-5.9012127911493,3.60839145962297e-09,1.14068255395246e-07,"LOC124902727","OPCs"
"SLC22A3",9.00650832235099,-2.15170081212596,0.365172887381002,-5.89227975701545,3.80903593566912e-09,1.19757837194385e-07,"SLC22A3","OPCs"
"SH3GL2",14.2243557980375,-2.97094521360509,0.50421705535989,-5.89219500217927,3.81099066425948e-09,1.19757837194385e-07,"SH3GL2","OPCs"
"PLGRKT",5.0791465653949,-1.79623710082342,0.305250340419618,-5.88447206432002,3.99326576857588e-09,1.25114451151534e-07,"PLGRKT","OPCs"
"SOCS4",3.25659677209795,2.08529827402245,0.354453521962032,5.88313599616545,4.02564875386277e-09,1.25756992045448e-07,"SOCS4","OPCs"
"ENSG00000239922",6.27858474020743,1.47116785273603,0.250281708665585,5.87804782291036,4.15133000930588e-09,1.29301719995733e-07,"LOC124909496","OPCs"
"SPRY3",5.40142610089932,-1.48776113992234,0.25317659858515,-5.87637699628059,4.19342732691569e-09,1.30229898510373e-07,"SPRY3","OPCs"
"ZNF804B",13.1666426178037,-3.17553798403323,0.540659079535948,-5.87345723807842,4.26799161103779e-09,1.32157985850556e-07,"ZNF804B","OPCs"
"LARP6",22.3411874148758,2.05700335925599,0.350522841360097,5.86838606943393,4.40057623412183e-09,1.35866187519971e-07,"LARP6","OPCs"
"CNTN5",46.0698886269247,-2.37288587245506,0.404699448198166,-5.86332865789613,4.53678974413338e-09,1.39664544739455e-07,"CNTN5","OPCs"
"TRIM56",3.94504268219794,1.96492993206243,0.335269504730011,5.86074756081608,4.60788018497661e-09,1.41441887417108e-07,"TRIM56","OPCs"
"ASIC2",50.6435801688227,-2.3226353960229,0.396760335256099,-5.8540009916155,4.79885757746142e-09,1.46878328743689e-07,"ASIC2","OPCs"
"OBI1-AS1",4.30056130585994,-2.38146397305671,0.406918699534582,-5.8524318881893,4.84436661531187e-09,1.47843926386607e-07,"OBI1-AS1","OPCs"
"S100A6",29.4692925027987,2.50129057431829,0.427616025517224,5.84938455309959,4.9339519209955e-09,1.50145261044087e-07,"S100A6","OPCs"
"LINC01013",29.0387242840749,-1.19061718984516,0.203746080886614,-5.84363235191624,5.10746834945509e-09,1.54980200059397e-07,"LINC01013","OPCs"
"MAP3K11",7.25993573149292,1.86911443707101,0.319962643342426,5.84166456916869,5.16817885242157e-09,1.56374325848984e-07,"MAP3K11","OPCs"
"ADD3-AS1",13.437622457599,-1.0741012859051,0.184143753997491,-5.83294986980517,5.44559328559029e-09,1.64298669214818e-07,"ADD3-AS1","OPCs"
"SMIM29",13.3205417197993,0.896313001700532,0.153730354072022,5.83042306193227,5.52870258013402e-09,1.66332273646646e-07,"SMIM29","OPCs"
"GUSBP1",49.4804564240295,-0.608119735973735,0.104424800405459,-5.82351829845532,5.7621502228407e-09,1.72864506685221e-07,"GUSBP1","OPCs"
"CARS1",10.4403669417146,1.14894812324554,0.197432529514759,5.81944690709973,5.90426743438191e-09,1.76627661384476e-07,"CARS1","OPCs"
"C1orf21",44.5262852831445,-1.30656291117366,0.224660919613262,-5.8157106871227,6.03768135178499e-09,1.80109987367333e-07,"C1orf21","OPCs"
"TMEM45A",3.16303300814969,-2.44624921361871,0.420761768742046,-5.81385809108152,6.10491732040016e-09,1.81222025578738e-07,"TMEM45A","OPCs"
"MIR4458HG",14.2920698701074,1.48112344803198,0.254762535914146,5.81374118732715,6.10918443169117e-09,1.81222025578738e-07,"MIR4458HG","OPCs"
"DNAH7",3.10297251195721,-3.27302466534264,0.563120061048325,-5.8123034353446,6.1619017426667e-09,1.82275249873856e-07,"DNAH7","OPCs"
"PLEKHM1",3.2738935181139,1.9531303888729,0.336076986293048,5.81155648417366,6.18946420688141e-09,1.82580573679315e-07,"PLEKHM1","OPCs"
"GPLD1",4.77447683411228,-1.83904001789598,0.316794277866559,-5.80515541594039,6.43063270221531e-09,1.89167778656834e-07,"GPLD1","OPCs"
"PRKAR2B",9.32613660797914,-1.91699117875229,0.330564484125916,-5.79914440542888,6.66541172445865e-09,1.9553105308038e-07,"PRKAR2B","OPCs"
"CSTF3",25.2802039934811,-0.758548489374338,0.130864000820785,-5.79646415069607,6.77276541075527e-09,1.98131452209664e-07,"CSTF3","OPCs"
"TENM2",32.301592801238,-3.83838732195863,0.662328609089463,-5.79529144488483,6.82026354191822e-09,1.98971324817945e-07,"TENM2","OPCs"
"RUNX1T1",53.3337637006479,-1.16160035624275,0.200717112721025,-5.7872512238518,7.15475350310224e-09,2.08156152741354e-07,"RUNX1T1","OPCs"
"TSBP1-AS1",25.2816160298032,-1.09241711592953,0.188866278694778,-5.78407709136348,7.29115021071263e-09,2.11543234880676e-07,"TSBP1-AS1","OPCs"
"SPTLC1",13.6561488439655,0.976099129431025,0.169095946758286,5.77245728323877,7.812375352718e-09,2.26046598320447e-07,"SPTLC1","OPCs"
"MMAB",6.33319411981112,1.69455008211672,0.293843238159678,5.76685069470915,8.07665442244751e-09,2.33056594914766e-07,"MMAB","OPCs"
"USP32",32.7615300374493,0.890665481536385,0.154618519412861,5.76040622377283,8.39117398431826e-09,2.41474273081332e-07,"USP32","OPCs"
"LONP1",6.50722978515027,1.33122675366011,0.231661371186356,5.74643388685299,9.11452447125974e-09,2.61579442142658e-07,"LONP1","OPCs"
"MOSPD2",15.4583971689599,0.820832590354534,0.142869560462399,5.74532872991208,9.17425764029942e-09,2.62582130839921e-07,"MOSPD2","OPCs"
"LINC00862",11.434346646171,1.64206065076733,0.285995246821205,5.74156622887474,9.38048572908562e-09,2.67383310159089e-07,"LINC00862","OPCs"
"YPEL4",4.42031493773262,1.59650605918507,0.278071568503776,5.74134949421623,9.39250154666487e-09,2.67383310159089e-07,"YPEL4","OPCs"
"ATP5F1A",14.8127686233205,-0.937739233921814,0.163429628655016,-5.73787777430057,9.58702608475729e-09,2.72189292862144e-07,"ATP5F1A","OPCs"
"DLG2",546.811659269407,-0.411090384214979,0.0716662764010663,-5.73617613275165,9.6837956565674e-09,2.74201593591039e-07,"DLG2","OPCs"
"LINC01301",11.3745827848364,-1.79220762202014,0.312821446740228,-5.72917119556838,1.00922504209619e-08,2.85005151887964e-07,"LINC01301","OPCs"
"ICOSLG",5.13896744652042,1.99429522542005,0.348122368684685,5.72871899313772,1.01191858763898e-08,2.85005793699382e-07,"ICOSLG","OPCs"
"PTP4A2",17.2456888740017,1.05983365240449,0.18509574425058,5.72586720832276,1.0290669398158e-08,2.89066814128628e-07,"PTP4A2","OPCs"
"MAFF",2.20615444186802,3.26894821183832,0.571808293101186,5.71686044305036,1.08510161119117e-08,3.04000689484509e-07,"MAFF","OPCs"
"IL6R",4.12078547556588,3.18806664351086,0.558059531012056,5.71277160651519,1.11150812752388e-08,3.10577073099681e-07,"IL6R","OPCs"
"PLSCR4",5.94832369912766,-1.48980339903426,0.261130237291739,-5.70521213661606,1.16198279557954e-08,3.23294865303919e-07,"PLSCR4","OPCs"
"MCC",5.35620800564417,-1.5588121785878,0.273234021752045,-5.70504422762694,1.16312883551268e-08,3.23294865303919e-07,"MCC","OPCs"
"TMED10",29.6774557377392,0.964517158905828,0.169180908208331,5.70109930913785,1.19037259070682e-08,3.30001197266628e-07,"TMED10","OPCs"
"CCK",8.284206552706,-1.73628331320154,0.30562198652477,-5.68114661168468,1.3379472293518e-08,3.69944155583174e-07,"CCK","OPCs"
"AMER2",39.2584018694056,1.22241800029867,0.215542374015883,5.6713581534951,1.41669873723993e-08,3.90698948629449e-07,"AMER2","OPCs"
"RARB",5.86860305306505,-3.60672214188375,0.636558444937947,-5.66597171173393,1.4619364449734e-08,4.02127453305671e-07,"RARB","OPCs"
"MAD2L2",6.78648950666053,1.25847138793591,0.222177543412609,5.66426007149957,1.47660309581639e-08,4.05109502194186e-07,"MAD2L2","OPCs"
"ENSG00000259124",4.8400536059775,-1.99353527108978,0.352166557941067,-5.66077393249642,1.50691833542866e-08,4.12358273183192e-07,"ENSG00000259124","OPCs"
"CYP27A1",15.5717560687537,1.01522119025595,0.179481724267711,5.65640426287454,1.54577137010875e-08,4.21899969315765e-07,"CYP27A1","OPCs"
"TSPAN3",20.6055546070889,-0.948855906948556,0.16783844790939,-5.65338823593511,1.57315418763023e-08,4.28269996066946e-07,"TSPAN3","OPCs"
"HMGA1",6.67381133320583,1.8494170623442,0.32719528655106,5.65233405969494,1.58283582361137e-08,4.29800804411395e-07,"HMGA1","OPCs"
"TENM3",7.51624587258014,-2.14803703524008,0.380176765804148,-5.65010076482859,1.60353812171496e-08,4.34308662633284e-07,"TENM3","OPCs"
"LINC02253",1.53556572457426,-4.0383947686903,0.714864118533994,-5.64917816405729,1.61216703674908e-08,4.35531860182978e-07,"LINC02253","OPCs"
"DDX60L",4.69966462026475,-1.62506086837054,0.287817252613814,-5.64615516829705,1.64075769651281e-08,4.42127837304598e-07,"DDX60L","OPCs"
"SDHA",9.79874789824101,1.12745440163245,0.199964688231502,5.63826749414465,1.71769541752248e-08,4.61685138872159e-07,"SDHA","OPCs"
"DMD",204.902001157386,-0.563391424717404,0.0999806442442397,-5.63500494496827,1.75053314061216e-08,4.69320150862855e-07,"DMD","OPCs"
"LDLR",3.89651322576148,2.81838934808733,0.500496389612293,5.6311881695502,1.78972329564634e-08,4.78615396487241e-07,"LDLR","OPCs"
"PAK3",28.3331723483631,-1.72176221762288,0.305778682128675,-5.6307464131798,1.79431383064956e-08,4.78634344246319e-07,"PAK3","OPCs"
"ATP6V0A4",1.66212331040591,-3.13023129018279,0.556335490050626,-5.62651735537839,1.83884293639683e-08,4.88053801915851e-07,"ATP6V0A4","OPCs"
"ENSG00000259481",13.4620431471617,-1.9741139257485,0.350834865564622,-5.62690347942307,1.8347332039871e-08,4.88053801915851e-07,"ENSG00000259481","OPCs"
"NRSN1",7.07905832469632,-2.11098810993846,0.37554806564744,-5.62108636160632,1.89760376730191e-08,5.02390597393182e-07,"NRSN1","OPCs"
"ENSG00000250195",7.81118216466929,2.24189832414155,0.399252889169229,5.61523381535579,1.96296625059458e-08,5.18399316553531e-07,"ENSG00000250195","OPCs"
"FAM178B",3.30226513052875,2.12697757635169,0.378871672829636,5.61397889809543,1.97726337985538e-08,5.20140277848263e-07,"FAM178B","OPCs"
"NUP58",18.7407281327497,0.841301081258207,0.149863198633133,5.61379370607004,1.97938179388905e-08,5.20140277848263e-07,"NUP58","OPCs"
"KCTD1",10.6349463454864,-1.24474863645123,0.221748651084784,-5.61333126655777,1.98468127151443e-08,5.20241947161827e-07,"KCTD1","OPCs"
"BDH2",3.55480531604842,1.95823735139816,0.349084925499111,5.60963023137803,2.02759368973455e-08,5.30178201834295e-07,"BDH2","OPCs"
"LGI3",12.2354722900582,1.36797118143226,0.243977899129445,5.6069471305123,2.0592653007046e-08,5.37133486070485e-07,"LGI3","OPCs"
"PSME4",27.6540209689145,1.05745178298802,0.188658183507274,5.60512013488803,2.08110566781987e-08,5.410601177195e-07,"PSME4","OPCs"
"INF2",17.5260507745802,1.55457528192824,0.277363268201118,5.60483474257667,2.08453756401847e-08,5.410601177195e-07,"INF2","OPCs"
"CYB5R2",7.50489928099762,2.52207251699651,0.450442990643114,5.59909371304824,2.1547529924091e-08,5.57611442528865e-07,"CYB5R2","OPCs"
"HNRNPUL1",10.1366796818289,0.977913263617162,0.174665872442249,5.59876551694719,2.15883561319013e-08,5.57611442528865e-07,"HNRNPUL1","OPCs"
"SMAD3",8.95879052793799,-1.6276110573199,0.290956902679024,-5.59399362013225,2.21905111963933e-08,5.69001243510424e-07,"SMAD3","OPCs"
"NGFR",2.41404230820985,2.41881579862163,0.432377964467298,5.59421616594565,2.21620697496397e-08,5.69001243510424e-07,"NGFR","OPCs"
"ARHGEF9",16.2132564979661,-0.832641353440453,0.148836989546452,-5.59431735335243,2.21491496625456e-08,5.69001243510424e-07,"ARHGEF9","OPCs"
"MKLN1",125.524359728571,0.40691734551864,0.0727692017773959,5.59188963984266,2.24611575385389e-08,5.7454989935538e-07,"MKLN1","OPCs"
"MAP3K1",24.7229435828937,-1.26954570553703,0.227089496260927,-5.59050826410007,2.26405909096757e-08,5.77744235502327e-07,"MAP3K1","OPCs"
"ANO5",16.6149599125588,-1.27753406978165,0.22864412503398,-5.58743448838579,2.30448647801802e-08,5.86646918322375e-07,"ANO5","OPCs"
"WASF2",12.6232498979323,0.979394655670632,0.175357389083833,5.58513479692844,2.33519017155815e-08,5.93037504000019e-07,"WASF2","OPCs"
"STAT3",16.1976702888854,1.30835993601223,0.234951919668942,5.56862841493598,2.56752370021513e-08,6.50480286729145e-07,"STAT3","OPCs"
"COL12A1",4.69713042552789,-3.70486327666255,0.666189581141154,-5.56127472050266,2.67811227383379e-08,6.76878495940329e-07,"COL12A1","OPCs"
"LINC01876",3.70960761497521,-2.05642759925543,0.36983062121949,-5.56045789955008,2.69067755821747e-08,6.78435127179118e-07,"LINC01876","OPCs"
"LRRC4",2.34243346511596,-2.45087484536418,0.440902969809433,-5.55876238806805,2.71694276042021e-08,6.81810991299764e-07,"LRRC4","OPCs"
"ZNF700",3.84393660972323,1.63072118777243,0.293343770019761,5.55907898661892,2.71201950883553e-08,6.81810991299764e-07,"ZNF700","OPCs"
"TVP23C",16.2056885398681,-1.03163214963086,0.185966500867019,-5.54740851078633,2.89934784230472e-08,7.25865098108913e-07,"TVP23C","OPCs"
"XYLT1",166.860522591398,-1.25642519862308,0.226548632128573,-5.54594034321967,2.92378509053191e-08,7.30256700677665e-07,"XYLT1","OPCs"
"SEMA3B",20.3955197382717,1.2581280434742,0.226927552734929,5.54418371991966,2.95328626679059e-08,7.35889448595585e-07,"SEMA3B","OPCs"
"CRB2",2.7755667600115,2.53210328439381,0.456862564103915,5.54237419159141,2.98397786292918e-08,7.41791680009859e-07,"CRB2","OPCs"
"EPB41L4A",15.113053853631,-1.37815899898352,0.24877351879686,-5.53981390643461,3.0279323412987e-08,7.50955585347852e-07,"EPB41L4A","OPCs"
"RALGDS",24.8532545507258,1.08058411642877,0.195116536689093,5.53814727734033,3.05688155108382e-08,7.56363916494806e-07,"RALGDS","OPCs"
"GARS1",8.67401049878892,1.07908869189025,0.194866926303073,5.53756716115059,3.06702097971506e-08,7.57103780307285e-07,"GARS1","OPCs"
"IRAK2",6.7859203672324,2.50016704289113,0.451655353064998,5.53556384514131,3.10228698147465e-08,7.64028351949223e-07,"IRAK2","OPCs"
"TMEM87A",32.5179861567578,0.68942714575196,0.124571053572073,5.53440888539229,3.12279712358064e-08,7.67295163311345e-07,"TMEM87A","OPCs"
"RPL31",40.9894871205069,-0.644547297532383,0.116513719704078,-5.5319433554212,3.1670218779391e-08,7.76289546417664e-07,"RPL31","OPCs"
"NTMT1",3.01516776498611,1.85350678909856,0.335078865922378,5.53155384478332,3.17406396221764e-08,7.76289546417664e-07,"NTMT1","OPCs"
"CD63",45.5549343866395,1.06368663653494,0.192338875696137,5.53027375607303,3.1973142395032e-08,7.80174142772786e-07,"CD63","OPCs"
"LINC01877",3.56334914743168,-1.84021962951822,0.333062314070148,-5.52515115574032,3.29202062214614e-08,8.01436744563853e-07,"LINC01877","OPCs"
"RAB2A",40.829967924378,-0.641459853961076,0.116139599968554,-5.52317946793992,3.32919363003634e-08,8.08627535368918e-07,"RAB2A","OPCs"
"ME1",17.8893370201278,-0.94790961459714,0.171703820595753,-5.52060875121021,3.37827232239629e-08,8.14940863193091e-07,"ME1","OPCs"
"STARD10",6.86965869247328,2.19013654891818,0.396701178608181,5.52087230141901,3.37320865950096e-08,8.14940863193091e-07,"STARD10","OPCs"
"ATP8A2",29.7639688312349,-1.72135418561991,0.311780971557028,-5.52103669772888,3.37005379707911e-08,8.14940863193091e-07,"ATP8A2","OPCs"
"PTPN4",30.5166855412978,-0.624873387851967,0.113221480744678,-5.51903564360811,3.40865057300066e-08,8.1853989950288e-07,"PTPN4","OPCs"
"ARHGDIA",10.5136813601784,1.07282441318495,0.194379187299506,5.51923499675872,3.40478625698356e-08,8.1853989950288e-07,"ARHGDIA","OPCs"
"MID1IP1",16.6344200060923,2.06115678725283,0.373748618125463,5.51482115864552,3.49134804864934e-08,8.36501715728427e-07,"MID1IP1","OPCs"
"MSRA",53.401387204289,-0.875540249877652,0.15886245932503,-5.51130993185943,3.56172910392731e-08,8.51438176311292e-07,"MSRA","OPCs"
"UQCRB",18.87000546346,-0.897923963047035,0.162938665900366,-5.51080959258683,3.57186953978078e-08,8.5193915374501e-07,"UQCRB","OPCs"
"SEZ6L2",8.4969245166651,1.42934286118229,0.259480531642533,5.50847823586006,3.6194898041665e-08,8.61357236542094e-07,"SEZ6L2","OPCs"
"PLEKHF1",3.10747833243714,1.88969296038019,0.343279657718172,5.50482068451492,3.6954421024851e-08,8.77460355724601e-07,"PLEKHF1","OPCs"
"LSAMP-AS1",56.887915998532,-1.61095095143458,0.293174016165852,-5.49486265018537,3.91014619097404e-08,9.21436834624807e-07,"LSAMP-AS1","OPCs"
"ITGA2",8.90014811923413,1.58211970952287,0.28793448368751,5.49472119233872,3.91328162238832e-08,9.21436834624807e-07,"ITGA2","OPCs"
"GPR37",36.7620183328452,1.216451289337,0.22138938998213,5.49462324926769,3.91545397149351e-08,9.21436834624807e-07,"GPR37","OPCs"
"ASPH",28.2031073757806,-0.794045448120604,0.14448473686699,-5.4957047044463,3.89153230084886e-08,9.21436834624807e-07,"ASPH","OPCs"
"ZC2HC1A",17.9753961355513,-0.742888079854168,0.13523396483352,-5.49335428247409,3.94370523240561e-08,9.26027459227837e-07,"ZC2HC1A","OPCs"
"HAPLN1",2.48205740648172,-2.86258106572647,0.521214617308251,-5.49213504507975,3.97103550035338e-08,9.30381990016423e-07,"HAPLN1","OPCs"
"PDE7B-AS1",11.5430718873738,-2.09912464370547,0.382691962054687,-5.48515477679541,4.13107559777186e-08,9.65741513916204e-07,"PDE7B-AS1","OPCs"
"TMPRSS5",9.98798886006106,1.68666053108083,0.307698065568252,5.48154414934631,4.21629473969668e-08,9.83492539501934e-07,"TMPRSS5","OPCs"
"KLK6",12.1887230413974,1.1707571405004,0.213597320987536,5.48114150068726,4.22590315293609e-08,9.83567349221827e-07,"KLK6","OPCs"
"ANKRD12",72.6220752822006,0.828816534264724,0.151324027605599,5.47709803511771,4.32357707296801e-08,1.00409388602481e-06,"ANKRD12","OPCs"
"PRUNE2",108.783154880174,1.53431662229342,0.280176912525016,5.47624216594371,4.34453034532482e-08,1.00455406892991e-06,"PRUNE2","OPCs"
"ENSG00000287277",3.2597461046469,-2.44714209272606,0.446850693708559,-5.47642003734274,4.34016763370593e-08,1.00455406892991e-06,"LOC105376387","OPCs"
"SLC5A11",26.0858570277651,2.96475198745426,0.54161265002035,5.47393416188278,4.40152649577446e-08,1.01551559020156e-06,"SLC5A11","OPCs"
"ACOT11",8.43719717119503,-1.49866365407782,0.273820971148282,-5.47315148212751,4.42101886280442e-08,1.01779542950215e-06,"ACOT11","OPCs"
"DISC1",71.3411651512599,-0.946323877989368,0.173225459462366,-5.4629607040815,4.68258284321585e-08,1.07567358589275e-06,"DISC1","OPCs"
"GTF2IRD2B",8.25973738025611,1.45971644982291,0.267293309715714,5.46110357709822,4.73183861938453e-08,1.0846357354823e-06,"GTF2IRD2B","OPCs"
"JAM3",35.8080625701819,0.829244476018726,0.151935223777215,5.45788169065167,4.81848532377514e-08,1.10211143798658e-06,"JAM3","OPCs"
"CACNA1E",8.93940059937188,-2.16456764668931,0.397022407890613,-5.45200372490233,4.9805412593875e-08,1.13672267105417e-06,"CACNA1E","OPCs"
"CALD1",38.5706666352017,0.777231663348579,0.142667836729452,5.44784081097748,5.09849576972041e-08,1.16114129465246e-06,"CALD1","OPCs"
"BOD1L1",18.8266604574354,0.848024110916859,0.155688159486915,5.44694030497632,5.12436514802629e-08,1.16452847462657e-06,"BOD1L1","OPCs"
"E2F6",3.78223245853844,1.59567744064394,0.293143630006097,5.44332974457182,5.22937143568888e-08,1.18584675597313e-06,"E2F6","OPCs"
"FDPS",11.9254996389983,0.851740147095234,0.156489533692093,5.44279305458925,5.24515700787766e-08,1.18688488703898e-06,"FDPS","OPCs"
"STXBP6",29.8218209278139,-0.696997825977468,0.128158415082678,-5.43856465084887,5.37115198782853e-08,1.21280382838175e-06,"STXBP6","OPCs"
"ERC2",58.6793027235361,-1.48635058877016,0.273653487787714,-5.43150610206434,5.58804047592897e-08,1.25909252425719e-06,"ERC2","OPCs"
"TM7SF3",14.0550453493909,-0.891034229009324,0.164138359411649,-5.4285557148446,5.68119114801734e-08,1.27736336003192e-06,"TM7SF3","OPCs"
"ZDBF2",4.92724859859018,-2.44960344661575,0.451461687858528,-5.42593870641659,5.76507416831096e-08,1.29347744581384e-06,"ZDBF2","OPCs"
"LRRC3B",7.73956251025348,-1.91361057721033,0.352748428972916,-5.42485924822436,5.80002257857734e-08,1.29856742298381e-06,"LRRC3B","OPCs"
"ARFGAP1",16.2610483103844,1.1459562905979,0.211257064244005,5.42446376739528,5.81287793252046e-08,1.29869994315172e-06,"ARFGAP1","OPCs"
"PDE4D",175.932266275633,-1.08619873270325,0.200292363050769,-5.42306614270625,5.85853017391298e-08,1.30614388508923e-06,"PDE4D","OPCs"
"ADAMTS1",3.87751452958899,1.58979974075702,0.29337161820453,5.41906456557314,5.99116797473651e-08,1.33290900950546e-06,"ADAMTS1","OPCs"
"ENSG00000228999",1.93892424773534,-2.58409338888404,0.477296811507948,-5.41401770675983,6.16260681035757e-08,1.36469792598664e-06,"LINC01830","OPCs"
"CFLAR",11.8400981693803,0.82047160311697,0.151554001159356,5.41372446019595,6.1727129985609e-08,1.36469792598664e-06,"CFLAR","OPCs"
"GPRC5B",69.3012010129083,1.15675110812593,0.213666802501408,5.41380829676763,6.1698220916909e-08,1.36469792598664e-06,"GPRC5B","OPCs"
"PRRC2B",20.4465331215828,0.805000782045242,0.148769665141598,5.41105460766513,6.26546606851851e-08,1.3823184513669e-06,"PRRC2B","OPCs"
"SNRPN",20.3259431862804,-1.14544940737444,0.211892827025256,-5.40579605008483,6.45211816498008e-08,1.42053911366193e-06,"SNRPN","OPCs"
"FABP7",17.1421451514401,-1.61287802877333,0.29838177167837,-5.4054174278175,6.46576327510381e-08,1.4205898979948e-06,"FABP7","OPCs"
"LRFN2",6.54652802136703,-1.80814747840437,0.334671389590095,-5.40275486535909,6.56251161487929e-08,1.43886124226856e-06,"LRFN2","OPCs"
"EML6",18.583128253577,-1.68020810937787,0.311028857098957,-5.40209717210674,6.58662506586945e-08,1.44116445139582e-06,"EML6","OPCs"
"SPDYE18",4.84230523399177,-1.49271890032006,0.276341127196111,-5.40172545239972,6.60029161880714e-08,1.44117707717871e-06,"SPDYE18","OPCs"
"MED12L",23.714395509884,-1.34581842159242,0.2493436264851,-5.39744464522274,6.7596719114919e-08,1.47294085478805e-06,"MED12L","OPCs"
"ENSG00000259692",3.640579179452,-4.05947519766007,0.752218447524648,-5.39667062276754,6.78888509645548e-08,1.47626885362348e-06,"ENSG00000259692","OPCs"
"SLC44A5",42.271736341702,-1.16496816277652,0.216026388233942,-5.39271230843771,6.94020225075318e-08,1.50608077531714e-06,"SLC44A5","OPCs"
"ELF2",42.1000266401768,0.808764148847815,0.150123661860501,5.38731961920394,7.15161904809102e-08,1.5487862110283e-06,"ELF2","OPCs"
"TMEM178A",10.7933673089351,-2.30279995050681,0.427517417783488,-5.38644708897696,7.18640717554297e-08,1.55314391814286e-06,"TMEM178A","OPCs"
"CYP2U1-AS1",9.47617260456315,1.05021537103991,0.195057721716619,5.38412610276293,7.27974561338548e-08,1.57011213942469e-06,"CYP2U1-AS1","OPCs"
"LAMP1",26.7138236038616,0.948045995820052,0.176164587442154,5.38159234829961,7.38298106670174e-08,1.58914165643031e-06,"LAMP1","OPCs"
"CAMK1D",19.6720622532896,-1.61095882470669,0.299389991507631,-5.38080386920892,7.41539518837381e-08,1.59288103539308e-06,"CAMK1D","OPCs"
"PFKFB3",9.05288754698725,1.39300844293588,0.258968067390656,5.3790741730119,7.48698599909028e-08,1.60500367875235e-06,"PFKFB3","OPCs"
"TMEM108",58.5751461889933,-1.15286049631022,0.214399667051211,-5.37715618762995,7.56715264804819e-08,1.61891205137031e-06,"TMEM108","OPCs"
"C3orf14",5.02741635427938,-1.6322824775754,0.303671610216232,-5.37515665825042,7.65161255436465e-08,1.63368098690971e-06,"C3orf14","OPCs"
"OLFM3",12.9591673337979,-5.69309464211479,1.05966165314681,-5.37255889670856,7.76270621695788e-08,1.65406557017271e-06,"OLFM3","OPCs"
"SHOC1",2.95783977107182,-2.20722748451923,0.411238604029536,-5.36726723340569,7.99385725139757e-08,1.69989856008635e-06,"SHOC1","OPCs"
"NCALD",58.963259814261,-1.77302949443602,0.330532735775666,-5.36415701844245,8.13281350027852e-08,1.72598186308516e-06,"NCALD","OPCs"
"UGDH",9.19154510606371,-1.34428755389244,0.250938642844683,-5.35703683838154,8.45978770376592e-08,1.79178303565762e-06,"UGDH","OPCs"
"KIF19",10.5502223016992,2.30705599676929,0.431290725543811,5.34918990864071,8.83487968845228e-08,1.8674925329483e-06,"KIF19","OPCs"
"MYOT",3.44332787159918,2.29435553504658,0.428960422736434,5.34864153762806,8.86168598591701e-08,1.86942738228807e-06,"MYOT","OPCs"
"RPRM",3.24400973896918,-2.20171510931032,0.412065144222474,-5.34312387296126,9.13582850910729e-08,1.92342791076434e-06,"RPRM","OPCs"
"AGBL1",2.1893314894339,-2.37905834455491,0.445468664287564,-5.34057395116609,9.26527720626147e-08,1.94681122250613e-06,"AGBL1","OPCs"
"CAPNS1",5.96169112694789,1.31336405600353,0.246084821014158,5.33703806106743,9.44772133763002e-08,1.98121522703964e-06,"CAPNS1","OPCs"
"JPH3",2.10553758445329,-2.54704161821701,0.477933827582701,-5.32927671409966,9.86046647693685e-08,2.06368260851307e-06,"JPH3","OPCs"
"CTSD",28.6895871358587,1.54104186245173,0.289371945835762,5.32547085033036,1.00691863814111e-07,2.10320875304031e-06,"CTSD","OPCs"
"ZNF385B",19.4795235950789,-4.15382847721882,0.7801456884248,-5.32442662806463,1.01271968485169e-07,2.11116170523216e-06,"ZNF385B","OPCs"
"EPB41L5",18.1412531307795,-0.857944371686134,0.161170615121359,-5.32320591467691,1.01954222311679e-07,2.12120867245714e-06,"EPB41L5","OPCs"
"CLMN",45.5010809967495,1.68652599513481,0.317356844881666,5.31428901671768,1.07074560210436e-07,2.22337175025199e-06,"CLMN","OPCs"
"SGK1",137.705156373605,0.855025421611659,0.160947199027164,5.31245915915165,1.0815567101627e-07,2.23825158015119e-06,"SGK1","OPCs"
"PNMA2",5.27795609364881,-2.29734037171047,0.432451841871735,-5.31236116781729,1.08213862987479e-07,2.23825158015119e-06,"PNMA2","OPCs"
"NEU4",10.3733068692037,-1.57588363222228,0.296805570226333,-5.30948132483017,1.0993764744296e-07,2.26947307294532e-06,"NEU4","OPCs"
"ENSG00000290122",2.73215681013919,4.12271199888288,0.776957552920853,5.30622552465599,1.11918476142977e-07,2.30586899290685e-06,"ENSG00000290122","OPCs"
"BRSK1",12.9157122576178,0.893748526408057,0.168484247405329,5.30464147344253,1.12894659701305e-07,2.32146494414916e-06,"BRSK1","OPCs"
"SFRP4",1.93598586248818,-3.04473180631081,0.574054263346701,-5.30390940494058,1.13348581500765e-07,2.32628193428896e-06,"SFRP4","OPCs"
"OPHN1",112.396516931243,-0.684388115846802,0.129080096775698,-5.30204216561798,1.14514382143251e-07,2.34566210231534e-06,"OPHN1","OPCs"
"SEMA3C",6.60739257820521,2.7545248051407,0.520184816070506,5.29528106173586,1.18833492738935e-07,2.42943376082109e-06,"SEMA3C","OPCs"
"RABL6",8.78973975193169,1.52826062006043,0.288850419863449,5.29083745414979,1.2175754333214e-07,2.48441692463846e-06,"RABL6","OPCs"
"BTBD9",39.2264936822592,-0.687944166303221,0.130094704937788,-5.28802587801096,1.23643489509262e-07,2.5180472190444e-06,"BTBD9","OPCs"
"LINC02774",4.39763007370215,-1.48626859203105,0.281267858544999,-5.28417501992419,1.26272487752572e-07,2.56173495268149e-06,"LINC02774","OPCs"
"ENSG00000236501",1.32840756580079,-3.10300628146331,0.587187566285989,-5.28452313983772,1.26032618560487e-07,2.56173495268149e-06,"ENSG00000236501","OPCs"
"CCND2",11.0349331073312,-1.59186911517852,0.301357526973175,-5.28232737760758,1.2755300208784e-07,2.58276537688379e-06,"CCND2","OPCs"
"RRP1",4.6469458924341,1.43335902330913,0.271553402040205,5.27836886792864,1.30338888820672e-07,2.63413899353229e-06,"RRP1","OPCs"
"TTLL4",5.49656881556355,1.2904345011104,0.24450980599075,5.27763905370415,1.30858898232418e-07,2.63903397103661e-06,"TTLL4","OPCs"
"PLPP2",14.1943284152541,0.964053070848917,0.182678175553904,5.27733029917658,1.310794965784e-07,2.63903397103661e-06,"PLPP2","OPCs"
"RPS27",85.5247787384356,0.462981099666884,0.0877684165267161,5.27503079112697,1.32733799549151e-07,2.66726933059869e-06,"RPS27","OPCs"
"FBXL2",12.1675690323805,-1.31042248780614,0.248437921435382,-5.27464760707625,1.33011424333424e-07,2.66778595396014e-06,"FBXL2","OPCs"
"CARHSP1",9.76868958895596,1.14949086617239,0.217950177882868,5.27409923377148,1.33409709528982e-07,2.67071611325504e-06,"CARHSP1","OPCs"
"FANCB",7.79303732395614,2.94207756570004,0.557895548056815,5.2735275912265,1.33826123334289e-07,2.6739974454908e-06,"FANCB","OPCs"
"SLC4A10",34.9201484119616,-1.64089856439838,0.311521321272401,-5.26737161262725,1.38390882350402e-07,2.75999895308993e-06,"SLC4A10","OPCs"
"BCL6",23.6980323119404,0.989325121584127,0.187842553846161,5.26677848723439,1.38838565460333e-07,2.76372257185136e-06,"BCL6","OPCs"
"PLPPR5-AS1",6.01912641666944,-1.64786254343387,0.312941016527078,-5.26572886392885,1.39634242334836e-07,2.77434639085538e-06,"PLPPR5-AS1","OPCs"
"RPH3A",6.83995605590065,-2.58056712568531,0.490134039665331,-5.26502327291398,1.40171599485953e-07,2.77980756283941e-06,"RPH3A","OPCs"
"BCL11B",6.61002438980305,-2.17776152949137,0.413660993939207,-5.26460449836714,1.40491471025439e-07,2.78094332366243e-06,"BCL11B","OPCs"
"ECPAS",29.3705296429235,0.697614587739295,0.132535849780832,5.26359161610164,1.4126806017302e-07,2.78884558976927e-06,"ECPAS","OPCs"
"JAM2",5.16534639435463,-1.73180760606291,0.329028467582678,-5.26339747677832,1.41417382597365e-07,2.78884558976927e-06,"JAM2","OPCs"
"ECHDC2",15.8278980121644,-1.1859409780274,0.22539021481615,-5.2617234470217,1.4271131345605e-07,2.80352214151926e-06,"ECHDC2","OPCs"
"CTDSPL",19.0924414394425,-1.17590126312956,0.223509963304875,-5.26106865994872,1.43220536219256e-07,2.80352214151926e-06,"CTDSPL","OPCs"
"ICA1",13.9804626531591,-1.24783902203478,0.237142118035614,-5.2619881797943,1.42505930380906e-07,2.80352214151926e-06,"ICA1","OPCs"
"POLR2I",12.7541254390829,0.915545640808581,0.174018027770127,5.26121145343626,1.43109337226553e-07,2.80352214151926e-06,"POLR2I","OPCs"
"CLNS1A",16.4084102242239,0.912814449197131,0.173659497339969,5.2563462590827,1.46945507821764e-07,2.87113086315956e-06,"CLNS1A","OPCs"
"CLIC4",30.512298630917,1.27536547146169,0.242764343808156,5.25351232168405,1.49225687484918e-07,2.91031313161193e-06,"CLIC4","OPCs"
"PROM1",10.7643727974864,-2.68384054972864,0.511008007404044,-5.25205184819458,1.50414104810851e-07,2.92809810652006e-06,"PROM1","OPCs"
"ENSG00000290461",8.03738686572784,-1.76266150132213,0.335761407983403,-5.24974419159352,1.52310571741229e-07,2.95957606374242e-06,"CYP4F35P","OPCs"
"PEX5L",174.250256972154,0.923698282756123,0.176050621376337,5.24677661194713,1.54783386325535e-07,3.00211732818209e-06,"PEX5L","OPCs"
"MMADHC-DT",20.0390364264013,-0.844246521427395,0.160925334682106,-5.24620019026295,1.55268187464698e-07,3.00601481764378e-06,"MMADHC-DT","OPCs"
"RORA",233.50755285797,-0.978051159263378,0.18654523947034,-5.24297034885677,1.58011939767736e-07,3.05355190171593e-06,"RORA","OPCs"
"CREB3L1",4.02374189744187,-1.59383740530653,0.304030784557046,-5.24235533460419,1.58539682137815e-07,3.05816982484419e-06,"CREB3L1","OPCs"
"SPON1",12.2405348039524,-1.60483695790725,0.306605697248461,-5.23420462277566,1.65696812318401e-07,3.19041680445793e-06,"SPON1","OPCs"
"ZFAND6",24.0125063301241,0.786245590846115,0.150415861693454,5.22714547517918,1.72147053414472e-07,3.30859763277543e-06,"ZFAND6","OPCs"
"RPS6KA5",26.4055415667981,0.869194706996487,0.166433289309327,5.22248109499917,1.76541585555168e-07,3.38691194027035e-06,"RPS6KA5","OPCs"
"EIF2B4",6.71143860931068,1.12955580803658,0.216372920379722,5.22041208324164,1.78525442158684e-07,3.41877835887968e-06,"EIF2B4","OPCs"
"ADAM22",33.2633261475377,-0.630479809780621,0.120838802262053,-5.21752779718348,1.81327018069405e-07,3.46367611762192e-06,"ADAM22","OPCs"
"EXT1",32.1498114091432,-0.52534723832903,0.100692804327158,-5.21732651940193,1.81524102481602e-07,3.46367611762192e-06,"EXT1","OPCs"
"FHIT",166.712708294885,-0.776439035740207,0.148945013749514,-5.21292399251424,1.85887073769204e-07,3.54054696261848e-06,"FHIT","OPCs"
"NRP2",4.83723368909217,2.43055717967168,0.466495541573183,5.21024739373715,1.88588989824784e-07,3.57913512947037e-06,"NRP2","OPCs"
"HS6ST2",12.2890135228752,-1.5725495398466,0.301805203832405,-5.21047854668488,1.88354160792857e-07,3.57913512947037e-06,"HS6ST2","OPCs"
"DNAJB2",40.0376269760545,1.82177866391392,0.34969145591075,5.20967450911607,1.89172205665598e-07,3.58378114132144e-06,"DNAJB2","OPCs"
"DGKB",53.2915758962184,-1.28424969076954,0.246569332402265,-5.20847292020222,1.90401132223257e-07,3.60062141115052e-06,"DGKB","OPCs"
"EPHA5",19.5025609727264,-1.53543020370765,0.29485981369359,-5.20732270862529,1.91584739427199e-07,3.61011101518512e-06,"EPHA5","OPCs"
"PIP4K2A",178.245762260407,1.00158528758546,0.19234104175916,5.20734045331623,1.91566425634452e-07,3.61011101518512e-06,"PIP4K2A","OPCs"
"CERS2",7.27236251106842,1.29296592426064,0.248450892158542,5.20411061126546,1.94927883022408e-07,3.66658309273056e-06,"CERS2","OPCs"
"SNHG14",177.46674129344,-1.34240062833736,0.25799048030491,-5.20329520201995,1.95785491852409e-07,3.67618503318619e-06,"SNHG14","OPCs"
"DYNLRB1",15.8434695639889,0.733790574505845,0.141098358456473,5.20056067648874,1.98688240572642e-07,3.7240857834766e-06,"DYNLRB1","OPCs"
"STK3",26.7977635889914,0.981126999049455,0.188698065792509,5.19945445613786,1.99874292761522e-07,3.73969745643909e-06,"STK3","OPCs"
"WHRN",13.4401642189069,0.944012819473816,0.181620021829453,5.19773541465749,2.01730981429814e-07,3.76777970607008e-06,"WHRN","OPCs"
"SH3PXD2B",19.3612329273334,1.76390550836858,0.339409597232709,5.1969818259417,2.0255015685579e-07,3.77641929771622e-06,"SH3PXD2B","OPCs"
"SCMH1",31.6748932948102,-0.709898429953045,0.136624888054271,-5.19596714817477,2.03658224751975e-07,3.78769013558767e-06,"SCMH1","OPCs"
"LASP1NB",2.26973797868618,-2.33685215672834,0.449760177507374,-5.19577382257243,2.0387000729792e-07,3.78769013558767e-06,"LASP1NB","OPCs"
"FRZB",2.30164586312945,-2.70418033496813,0.52061841077034,-5.19416962409541,2.05635589736306e-07,3.81380191822677e-06,"FRZB","OPCs"
"PEX16",6.18659200506803,1.37264989050071,0.264485819098643,5.18988086082895,2.10428675664958e-07,3.89587355820263e-06,"PEX16","OPCs"
"MVK",2.44694042608275,2.46275498565747,0.475143210236778,5.18318463275568,2.18128911999488e-07,4.03138774533085e-06,"MVK","OPCs"
"TNFRSF12A",3.28448485418237,4.07725257507283,0.787594299958745,5.17684368117747,2.25671142780582e-07,4.16351463771144e-06,"TNFRSF12A","OPCs"
"VSNL1",7.39720413936799,-2.74911660924694,0.531142414100152,-5.17585592162589,2.26868486625634e-07,4.1783256928095e-06,"VSNL1","OPCs"
"SMPD4",12.6746701546941,0.939964674027106,0.181687575225334,5.17352203562259,2.29722016367502e-07,4.21621517041914e-06,"SMPD4","OPCs"
"KCNMB4",37.8908274927675,1.82847159841656,0.353415665573265,5.17371406117681,2.29485932798663e-07,4.21621517041914e-06,"KCNMB4","OPCs"
"ASB3",80.6451119832217,-0.572729125747807,0.110727771781416,-5.17240721576529,2.31097261314915e-07,4.23411764243072e-06,"ASB3","OPCs"
"NEU3",4.5149340899634,1.3022258415851,0.251823044914671,5.17119408998629,2.32602814062158e-07,4.2543416250747e-06,"NEU3","OPCs"
"STK33",12.8978095586375,-1.1673045881192,0.226114579954701,-5.16244723517189,2.43742092097835e-07,4.45039440571736e-06,"STK33","OPCs"
"STN1",2.54928821513433,2.33518368859762,0.452795615055502,5.15725773605688,2.50592761049371e-07,4.567602993998e-06,"STN1","OPCs"
"CIRBP",67.345942537173,-0.637011218110941,0.12356264438234,-5.15537055147377,2.53129860062915e-07,4.60591961867056e-06,"CIRBP","OPCs"
"SEH1L",3.36926061992305,1.60644682681321,0.311669438721174,5.15432900128001,2.54540710157953e-07,4.62364686204583e-06,"SEH1L","OPCs"
"YARS1",11.016008742631,0.981022199008988,0.19036389655473,5.15340469891539,2.55799099161852e-07,4.63854873308907e-06,"YARS1","OPCs"
"NKX6-2",17.4429145159955,1.28625519855821,0.249839135722134,5.14833352605236,2.62810884693868e-07,4.75755088702234e-06,"NKX6-2","OPCs"
"CALM3",16.1930234473754,-1.09425558334509,0.212662243297252,-5.14550945376596,2.6679576462235e-07,4.82144564394315e-06,"CALM3","OPCs"
"ENSG00000284634",5.84389878461924,-1.64689978332724,0.320180130685584,-5.14366640990752,2.69427777197485e-07,4.86071577601596e-06,"LOC374443","OPCs"
"LINGO2",21.8250351260463,-4.23529387716429,0.823541372544115,-5.1427821580845,2.70699444183979e-07,4.87535223453799e-06,"LINGO2","OPCs"
"MICALL2",15.4298455008617,1.33348743289697,0.259374383443318,5.14116858879544,2.73034919120818e-07,4.90906586330978e-06,"MICALL2","OPCs"
"SCN1A-AS1",10.7110827877369,-1.9439292373765,0.378186964218395,-5.14012755937805,2.74552016804056e-07,4.9096656737379e-06,"SCN1A-AS1","OPCs"
"XKR6",38.8253141838143,-1.13543421252021,0.220907012169515,-5.13987401924992,2.749227331942e-07,4.9096656737379e-06,"XKR6","OPCs"
"CYRIB",44.2747618822089,-0.439714361675427,0.085548815482232,-5.13992343665767,2.74850439096704e-07,4.9096656737379e-06,"CYRIB","OPCs"
"APOLD1",8.17214908726269,1.32823130212506,0.258401893498717,5.1401763514231,2.7448073041347e-07,4.9096656737379e-06,"APOLD1","OPCs"
"CDC42EP1",7.69717983607938,1.31541900951463,0.256172989202095,5.13488566305052,2.82315604162551e-07,5.03320243784751e-06,"CDC42EP1","OPCs"
"KIZ",36.7740293059702,-0.693431661591446,0.135093455308395,-5.13297746370067,2.85194067108533e-07,5.07597507677204e-06,"KIZ","OPCs"
"NAV3",193.019316103667,-0.908280392175565,0.176987512165821,-5.13188970826703,2.86847575842155e-07,5.09683863786649e-06,"NAV3","OPCs"
"ANLN",18.0012715513157,1.58027299398467,0.307976524491127,5.13114756586,2.87981023366222e-07,5.10840709790333e-06,"ANLN","OPCs"
"TNS1",6.29838753033549,1.15913387781194,0.225920099555287,5.13072488943497,2.88628493742375e-07,5.11133068349792e-06,"TNS1","OPCs"
"KRIT1",21.194028943307,0.758171875365655,0.147874119962133,5.12714378661934,2.94170850443109e-07,5.2007834827922e-06,"KRIT1","OPCs"
"SH3BGRL2",5.48162539461206,-1.59404778538423,0.311183792668195,-5.12252830302094,3.01465827504074e-07,5.32087185544691e-06,"SH3BGRL2","OPCs"
"ZMYM5",13.7612345518283,0.79868861633114,0.155949261486617,5.12146456300905,3.03171718711556e-07,5.34207737297068e-06,"ZMYM5","OPCs"
"ELOVL7",6.43061905169247,1.71715148974518,0.335895491758595,5.1121599779591,3.18495921048398e-07,5.60277708289458e-06,"ELOVL7","OPCs"
"IMP4",4.63439699927105,1.31570609917378,0.257420917204087,5.11110796070497,3.20274881115028e-07,5.62472801162213e-06,"IMP4","OPCs"
"TMEM163",27.0529491736896,-1.0490497333892,0.205420964565904,-5.10682897242766,3.27610014212876e-07,5.74402326244098e-06,"TMEM163","OPCs"
"GOLGA8A",23.5834236335519,-0.9829567659177,0.192591778335943,-5.10383555523904,3.32837526006816e-07,5.826032066797e-06,"GOLGA8A","OPCs"
"CDK11A",5.44877769546847,1.48816539286936,0.29173320631223,5.10111759878524,3.37653669949362e-07,5.8908605679798e-06,"CDK11A","OPCs"
"PON3",2.10076265383141,-3.37257490351638,0.661134360262191,-5.10119441104059,3.3751664169777e-07,5.8908605679798e-06,"PON3","OPCs"
"SYNM",2.81576118014525,1.77563461555793,0.348439416909824,5.09596368661547,3.46971638120971e-07,6.04346981529784e-06,"SYNM","OPCs"
"STX16",24.9350293686558,0.539800673054596,0.105947128461201,5.09500050539148,3.48740325321827e-07,6.06430220879827e-06,"STX16","OPCs"
"PRMT3",14.4836438105079,0.892917917734832,0.175356530683332,5.09201404849476,3.54279846046405e-07,6.15053044201874e-06,"PRMT3","OPCs"
"COX20",9.95278739889581,-0.987975089155668,0.194047743421041,-5.09140210413052,3.55425367691322e-07,6.16031856604108e-06,"COX20","OPCs"
"KTN1",51.7861357678198,0.53920301573858,0.105951050173635,5.08917103563317,3.59632142635763e-07,6.2128946011627e-06,"KTN1","OPCs"
"HAGH",11.2274228294494,0.854799591582361,0.167955561752198,5.0894390317573,3.5912429628888e-07,6.2128946011627e-06,"HAGH","OPCs"
"COPS2",10.2710556530194,0.918581658769601,0.180549753973885,5.08769266394273,3.62446104482179e-07,6.24114511620533e-06,"COPS2","OPCs"
"ATP2C2",13.8740186453462,-1.48303255854492,0.291478815013597,-5.08796002370101,3.61935637484875e-07,6.24114511620533e-06,"ATP2C2","OPCs"
"LINC01505",21.9867651510068,-0.742322794013354,0.146045587465058,-5.0828156255728,3.71880641705021e-07,6.39320778515612e-06,"LINC01505","OPCs"
"DENND1B",17.3411899916993,-1.09069226744656,0.21464734274356,-5.08132201175029,3.74817112181664e-07,6.43324670665124e-06,"DENND1B","OPCs"
"KCNMB2-AS1",81.3530161128225,-1.2307518954444,0.242548100707316,-5.07425905152545,3.89008802960231e-07,6.66602463325056e-06,"KCNMB2-AS1","OPCs"
"SORT1",37.8720131227096,0.796176451430533,0.156925965935978,5.07358005848028,3.9040011255918e-07,6.67905846850036e-06,"SORT1","OPCs"
"AFDN-DT",2.06857828348656,-2.67447832953035,0.527195971607813,-5.07302497280825,3.91541092513446e-07,6.68777446728612e-06,"AFDN-DT","OPCs"
"ARL3",11.363796973384,-0.879989675756236,0.173584566566939,-5.0695156439319,3.98829356887773e-07,6.80129289765139e-06,"ARL3","OPCs"
"GRIA1",24.6260756591427,-1.8508593047134,0.365148803506546,-5.06878096529275,4.00371642365353e-07,6.81661686921075e-06,"GRIA1","OPCs"
"STIP1",12.4147960970838,1.83525799886247,0.362203769907108,5.06692130601829,4.04301324263563e-07,6.87247355369364e-06,"STIP1","OPCs"
"RASSF8-AS1",7.20242450395829,-1.10538703116406,0.218233371304942,-5.06516040399467,4.08056607122027e-07,6.92519145740748e-06,"RASSF8-AS1","OPCs"
"GSDME",2.36121919723472,-2.3342064189113,0.461561120481073,-5.05719896094893,4.25459293710545e-07,7.20898227263147e-06,"GSDME","OPCs"
"SLC43A2",3.82730840273841,-2.2771130302182,0.450503261297494,-5.05459832557015,4.31297516146983e-07,7.29623114376445e-06,"SLC43A2","OPCs"
"LINC02283",6.12682202993164,-2.69396492390207,0.533395383226049,-5.05059662798091,4.40432245928922e-07,7.43887956042629e-06,"LINC02283","OPCs"
"SHANK2",7.86974438014289,-1.95489789509093,0.387247174458545,-5.0481915015243,4.46011959154964e-07,7.52112523479469e-06,"SHANK2","OPCs"
"ATP11B",19.5339662218578,0.622009806740543,0.123236535525333,5.04728410360642,4.48134719682059e-07,7.54490728367728e-06,"ATP11B","OPCs"
"SIK2",33.102111602713,0.722778836348258,0.143210706240277,5.04696091041957,4.48893146838302e-07,7.5456800397105e-06,"SIK2","OPCs"
"LINC02981",17.4582522591853,-1.73125798213335,0.343097793792671,-5.04596069533319,4.51248173316902e-07,7.5732458881553e-06,"LINC02981","OPCs"
"C1orf52",11.7324646426382,0.804312404654238,0.159629958618523,5.03860560771272,4.68935649625426e-07,7.84767322857274e-06,"C1orf52","OPCs"
"GOLGB1",24.304780810182,0.992725742733595,0.197026237008071,5.03854592062746,4.69081884200807e-07,7.84767322857274e-06,"GOLGB1","OPCs"
"DAB2",2.83169576966081,-2.02418186223218,0.401784229631583,-5.03798236204607,4.70464784220921e-07,7.85839442413179e-06,"DAB2","OPCs"
"KIAA1549L",10.8907841683568,-1.53759204036324,0.305238490727023,-5.03734649159406,4.72029849835239e-07,7.87211985788217e-06,"KIAA1549L","OPCs"
"KLRC3",5.99511485892826,-1.93549938520992,0.384293333947413,-5.03651563593028,4.74082400911116e-07,7.89391922271812e-06,"KLRC3","OPCs"
"ERICH3",3.31584097859512,-2.08894871587248,0.414833587238907,-5.03563062426146,4.76278207104978e-07,7.91803173193363e-06,"ERICH3","OPCs"
"WDFY1",12.1627536978064,0.862155557415538,0.171317857641456,5.0324908873184,4.84147627225512e-07,8.01113026924714e-06,"WDFY1","OPCs"
"ENSG00000257060",4.11913789267847,-1.62992303079879,0.323868946380618,-5.03266228211725,4.83714827386665e-07,8.01113026924714e-06,"ENSG00000257060","OPCs"
"MINK1",8.82963792689082,0.992650381705397,0.197239601179845,5.03271338903332,4.83585846321158e-07,8.01113026924714e-06,"MINK1","OPCs"
"PPM1L",22.0527150180389,-0.751008429786582,0.14925128672023,-5.03183889593086,4.85797427048967e-07,8.02588884937373e-06,"PPM1L","OPCs"
"GXYLT2",6.28778133227818,1.68048208699539,0.334018110417588,5.03111069305332,4.87646482325094e-07,8.04388823648402e-06,"GXYLT2","OPCs"
"HHIP",52.1448931274661,1.28022270698983,0.254720224426747,5.02599552065799,5.00827577387581e-07,8.23877405080485e-06,"HHIP","OPCs"
"HSP90AB1",62.3897491159302,1.02444121617185,0.203831460865376,5.02592294546946,5.01017043316178e-07,8.23877405080485e-06,"HSP90AB1","OPCs"
"LINC01036",2.69124848308053,-2.1531699783252,0.428513043643661,-5.02474781168087,5.04094503899681e-07,8.2765283663529e-06,"LINC01036","OPCs"
"MOG",30.9742840730396,0.830247030694552,0.16537713667896,5.02032534464711,5.1584035171625e-07,8.4562683044506e-06,"MOG","OPCs"
"MYT1L",35.4996080708935,-1.75922185935929,0.350817640937824,-5.01463339943923,5.31346773848765e-07,8.68900469679684e-06,"MYT1L","OPCs"
"WASF3",11.4673648856261,-0.803386733196884,0.160212301593493,-5.0145134000716,5.31678474364906e-07,8.68900469679684e-06,"WASF3","OPCs"
"CDH4",16.2067683610957,-1.24694711804052,0.248792747275705,-5.0119914334106,5.38696028348948e-07,8.79012471527791e-06,"CDH4","OPCs"
"FBLN2",4.57383784021975,-2.59423116221143,0.517885152918395,-5.00927888662646,5.46343554440222e-07,8.88752418052527e-06,"FBLN2","OPCs"
"ATOX1",12.452461256236,0.875223691925405,0.174719520580716,5.00930685373002,5.46264174902549e-07,8.88752418052527e-06,"ATOX1","OPCs"
"LPL",9.41251278058092,1.71357430170831,0.34221275994372,5.00733608527666,5.51885147316418e-07,8.96390139582955e-06,"LPL","OPCs"
"ITGB1",16.6639667736673,0.668138540799939,0.133470313540027,5.00589624073646,5.56027043639063e-07,9.01734516406995e-06,"ITGB1","OPCs"
"PLIN3",4.44478741074479,1.89624236166463,0.37885708380863,5.00516538479842,5.58140894777773e-07,9.03778604846577e-06,"PLIN3","OPCs"
"PRICKLE2",14.0487132162167,-1.22618278899346,0.245183372938728,-5.00108459352945,5.70086900332345e-07,9.21713019010616e-06,"PRICKLE2","OPCs"
"SDK1",24.9896142946828,-1.02803400578604,0.205612945793495,-4.99985057759218,5.73747608187716e-07,9.25919429281008e-06,"SDK1","OPCs"
"UHRF2",15.3135910706797,1.3446969434044,0.268959886359638,4.99961894543022,5.74437266324478e-07,9.25919429281008e-06,"UHRF2","OPCs"
"GUK1",22.0670859698819,0.724380494690227,0.144908681873883,4.99887574245325,5.76655467683068e-07,9.27877466243372e-06,"GUK1","OPCs"
"FBXO31",9.55272758124869,1.57007502647294,0.31410135554688,4.99862543967469,5.77404391175054e-07,9.27877466243372e-06,"FBXO31","OPCs"
"RNFT1",4.40624688907009,-1.59432027972942,0.319106668512567,-4.99619856633185,5.84714553383546e-07,9.38201078838144e-06,"RNFT1","OPCs"
"ENSG00000289159",3.80789041447618,2.71750692262117,0.543992508731322,4.99548592858169,5.8687803282802e-07,9.40247861974089e-06,"ENSG00000289159","OPCs"
"SLC38A2",33.2057750086027,1.27021646896112,0.254412166125968,4.99275049736494,5.95254342100404e-07,9.52227112211976e-06,"SLC38A2","OPCs"
"TRMT9B",13.2207113498149,-3.13653288811125,0.628555482211666,-4.99006527963911,6.03588911470193e-07,9.6265159223936e-06,"TRMT9B","OPCs"
"SAMHD1",12.8350406402248,1.28211751557739,0.256933278065503,4.99007962390345,6.03544091319366e-07,9.6265159223936e-06,"SAMHD1","OPCs"
"FBN2",5.93998559256741,-1.72696378069087,0.34618053834713,-4.98862180103023,6.08115654482389e-07,9.6841274901782e-06,"FBN2","OPCs"
"SOX11",1.99745743378386,-2.65132695356085,0.531519557486372,-4.98820206371961,6.09438078411869e-07,9.6906144900626e-06,"SOX11","OPCs"
"PURG",9.75508984546832,-1.14862197903879,0.230342540451489,-4.98658205639047,6.14568114577625e-07,9.75753573219947e-06,"PURG","OPCs"
"VSTM4",4.93200066920633,-1.50431494745024,0.301723307854,-4.98574325646117,6.17240650545792e-07,9.78529713964062e-06,"VSTM4","OPCs"
"MTO1",2.6369187966137,1.9359530726727,0.388418911054854,4.98418850775084,6.22223954501904e-07,9.83335488993724e-06,"MTO1","OPCs"
"EIF4A1",25.9426340721049,0.820471847860087,0.164614523234654,4.98420085748161,6.22184218598348e-07,9.83335488993724e-06,"EIF4A1","OPCs"
"TRPC4AP",30.6818312225681,0.791185834437624,0.158747395107004,4.98392955616263,6.23057708323691e-07,9.83335488993724e-06,"TRPC4AP","OPCs"
"GFAP",39.0958428971942,2.34714039006634,0.470974072926778,4.98358726093028,6.24161458599109e-07,9.83611584310204e-06,"GFAP","OPCs"
"TMEM232",21.9001526785674,-1.72338631687785,0.345856375701569,-4.98295372864519,6.26209293060094e-07,9.85372423997979e-06,"TMEM232","OPCs"
"SHMT1",2.94383530590051,2.10244181744227,0.422206541481221,4.97965239966747,6.36985762684592e-07,1.00084261525665e-05,"SHMT1","OPCs"
"FANCI",6.80307315765609,2.88008994952101,0.578611470726597,4.97758875382182,6.43812632362156e-07,1.01007048543929e-05,"FANCI","OPCs"
"STK40",6.29193803066455,1.52297586061829,0.306089541531452,4.97558934225067,6.50494227889236e-07,1.01904347238861e-05,"STK40","OPCs"
"KLHL4",33.6534555850378,1.03993914581538,0.209154482024344,4.97211025912575,6.62280188531918e-07,1.03597447511861e-05,"KLHL4","OPCs"
"CCNL1",19.131421524282,0.826557195521567,0.166369788185773,4.9681928704424,6.75797299365888e-07,1.05400491904046e-05,"CCNL1","OPCs"
"ENSG00000291255",1.1023944957627,-2.83233104435743,0.570078954336423,-4.96831363938753,6.75376637983384e-07,1.05400491904046e-05,"ENSG00000291255","OPCs"
"SUSD4",17.5699265636314,-1.20005466310253,0.241694219832066,-4.96517733827623,6.86383211050993e-07,1.06894091250441e-05,"SUSD4","OPCs"
"IFI16",14.303519143646,0.895397493602741,0.180443097788818,4.96221526107179,6.96936928363334e-07,1.08378297670598e-05,"IFI16","OPCs"
"LIFR",46.5508570773568,0.90306810706062,0.182018609520487,4.96140537189949,6.99849630377161e-07,1.08671665479386e-05,"LIFR","OPCs"
"GOLGA7",14.9737777755982,0.833197902782341,0.167964888378825,4.96054806944628,7.02945628703388e-07,1.08992594552985e-05,"GOLGA7","OPCs"
"GABRG3",8.92183313328862,-4.44831165472327,0.897551266638887,-4.95605300784781,7.19395971521925e-07,1.11380165766333e-05,"GABRG3","OPCs"
"LRATD2",5.80326276171219,1.23690867926501,0.249635137305423,4.95486610024645,7.23801156109354e-07,1.11898602090483e-05,"LRATD2","OPCs"
"ENSG00000272800",3.57152488606158,1.67220462351382,0.337555930804042,4.95385940792303,7.27557834195901e-07,1.12315414929076e-05,"ENSG00000272800","OPCs"
"SLC2A9",2.2265977295735,-2.17676936286989,0.439536669884748,-4.95241810755098,7.32969057616223e-07,1.12986059973156e-05,"SLC2A9","OPCs"
"EDNRB",6.83503607187507,-1.77670799449871,0.359350137140549,-4.94422517446767,7.64473019834689e-07,1.17671065116996e-05,"EDNRB","OPCs"
"FRMD4A",89.262160820928,-1.69519203237533,0.342943353788092,-4.94306716736316,7.69029736331523e-07,1.18200651781579e-05,"FRMD4A","OPCs"
"DLGAP2",16.8687393396474,-5.51202694571808,1.11564925549917,-4.94064502669511,7.78645519337845e-07,1.19505160141852e-05,"DLGAP2","OPCs"
"KLF13",7.25145033309387,1.11452968545689,0.225603473437411,4.94021509720284,7.80364378395063e-07,1.19595640625235e-05,"KLF13","OPCs"
"CD55",15.4602037631293,1.83949443756025,0.37302500865949,4.9312898461438,8.16884192717481e-07,1.2497499203443e-05,"CD55","OPCs"
"GALNT14",2.98825903248144,-3.9462845863284,0.800290518251522,-4.93106502742312,8.17825018695563e-07,1.2497499203443e-05,"GALNT14","OPCs"
"KCNA2",4.40872805654434,-1.93939074155403,0.393381595158945,-4.9300495127903,8.22087784593721e-07,1.25445383845065e-05,"KCNA2","OPCs"
"RBFOX2",41.0473932275608,-0.698775072273674,0.141775471909838,-4.92874446376773,8.27597341093947e-07,1.26104400606977e-05,"RBFOX2","OPCs"
"HNRNPL",18.3562967632347,0.649135294779772,0.131771769718903,4.92620912783152,8.38402652405121e-07,1.27567300128883e-05,"HNRNPL","OPCs"
"ENSG00000285999",2.69766002174281,1.80929481401085,0.367445152635844,4.92398607256618,8.47988744460927e-07,1.28840757587392e-05,"ENSG00000285999","OPCs"
"CDKN2A",8.84841811224771,1.75353257477248,0.356294940997125,4.92157584349935,8.58501196259404e-07,1.30251112727609e-05,"CDKN2A","OPCs"
"RYBP",38.970246586883,0.830286310610258,0.168772567604661,4.91955726214434,8.67401901472362e-07,1.31413249450534e-05,"RYBP","OPCs"
"NRXN3",189.172830585593,-0.752658155452696,0.15303033351368,-4.91835924402145,8.72726376241927e-07,1.32031033205743e-05,"NRXN3","OPCs"
"SH3BP5",10.962803699035,1.79793114427377,0.365704050819041,4.91635556195528,8.81701957439017e-07,1.33198626665894e-05,"SH3BP5","OPCs"
"PRKAG2",9.30645729609152,-1.53808683715112,0.312876065446329,-4.91596196390728,8.83475512055323e-07,1.33276434083559e-05,"PRKAG2","OPCs"
"PRR16",6.93685150011397,-4.87310366057286,0.992720483086003,-4.90883762710745,9.16177925805172e-07,1.38013147002515e-05,"PRR16","OPCs"
"SLK",9.58630250260576,0.875072937981685,0.178526291461904,4.90164743140042,9.50362863783142e-07,1.42959413742379e-05,"SLK","OPCs"
"HS3ST4",5.54615096515392,-5.46767330468127,1.11614623482359,-4.89870693829419,9.64694029188634e-07,1.44909358427059e-05,"HS3ST4","OPCs"
"TTC6",5.26646242247042,-2.12567697655161,0.434210279419285,-4.89550127508382,9.80554560702973e-07,1.47083184105446e-05,"TTC6","OPCs"
"CNDP1",120.46722581011,1.56657292855316,0.320494681047731,4.88798417319087,1.01873718029832e-06,1.52594437614699e-05,"CNDP1","OPCs"
"ITPK1",19.2434548220544,0.765294320934784,0.156626074088169,4.88612336988018,1.02840771406173e-06,1.53825391128724e-05,"ITPK1","OPCs"
"MTUS2",8.56912099933146,-3.27245881238112,0.67017064385431,-4.88302321564017,1.04471565393945e-06,1.56044270454425e-05,"MTUS2","OPCs"
"MAG",38.3771932605208,1.27217864620149,0.260556497069354,4.88254432535939,1.04725688080448e-06,1.56203526305907e-05,"MAG","OPCs"
"TCP11L1",9.57099873154279,0.852924107557972,0.174855254413817,4.8778866292426,1.07228523143219e-06,1.59711682150026e-05,"TCP11L1","OPCs"
"ENSG00000289612",10.2484743411743,-1.40640959731275,0.288465234105323,-4.87549080801623,1.08538250768413e-06,1.6143540388167e-05,"ENSG00000289612","OPCs"
"PNMA3",8.84496086974176,-2.92466802166913,0.599946789569393,-4.87487902680218,1.08875153818285e-06,1.61709379934872e-05,"PNMA3","OPCs"
"ENSG00000234173",12.4833361327482,-2.76725902597171,0.567819388641828,-4.87348456450341,1.09646838511948e-06,1.62627453759317e-05,"LOC105378311","OPCs"
"PTPN14",2.51095472092369,-2.12364370537709,0.435795661910199,-4.87302626205283,1.09901606807833e-06,1.62777344908385e-05,"PTPN14","OPCs"
"SLIT1",11.3060972630544,-2.13110371916056,0.437506523139373,-4.87102158813223,1.11022707283615e-06,1.64208166219761e-05,"SLIT1","OPCs"
"LINC01924",1.72587501969151,4.40373870632817,0.905111578182929,4.86540975994248,1.14219917175681e-06,1.68701383945672e-05,"LINC01924","OPCs"
"FYTTD1",7.83028579043765,1.05846354397017,0.21766115134128,4.8628960080734,1.15680630426806e-06,1.7062087412533e-05,"FYTTD1","OPCs"
"KCNH7",10.6777783852925,-3.8334133300575,0.788766148306478,-4.86001248695578,1.17378349130722e-06,1.72884105326056e-05,"KCNH7","OPCs"
"HDAC9",57.8048977064615,-0.718664055153048,0.147903820870583,-4.85899587260753,1.1798259293647e-06,1.73292047045384e-05,"HDAC9","OPCs"
"OTUD5",7.75560877466833,1.38975532120671,0.286003512489037,4.85922466165508,1.17846347456723e-06,1.73292047045384e-05,"OTUD5","OPCs"
"GDNF-AS1",7.51436988523383,-1.26544650106292,0.260494353060021,-4.85786538632315,1.18658032973132e-06,1.74042738114331e-05,"GDNF-AS1","OPCs"
"THOC7",4.57739763445584,-1.55054055595262,0.319339419119041,-4.85546244253243,1.20106117870299e-06,1.75923068913758e-05,"THOC7","OPCs"
"BRD2",8.52010247087453,1.10172850801161,0.226961567566211,4.85425140399686,1.20842354211668e-06,1.76756979433917e-05,"BRD2","OPCs"
"MAP1A",8.29005238832894,1.01324778863258,0.208777830088684,4.85323459968031,1.21463859540635e-06,1.7742100310832e-05,"MAP1A","OPCs"
"ALK",68.0487307904772,1.76380557842831,0.36373751627885,4.84911646308194,1.24012598717102e-06,1.80778401847313e-05,"ALK","OPCs"
"STAG2",22.6362708929784,0.657427961735315,0.135580932165538,4.84897065711737,1.24103775394709e-06,1.80778401847313e-05,"STAG2","OPCs"
"MAP3K2",28.5464587630141,0.847681358861669,0.174853722236381,4.84794574584866,1.24746504252601e-06,1.81465038466352e-05,"MAP3K2","OPCs"
"TCEAL2",6.68175805337117,-1.48474704827362,0.306391268493758,-4.8459182781962,1.26027388365489e-06,1.83076823428056e-05,"TCEAL2","OPCs"
"ZBTB26",4.88221873346243,1.25738402526536,0.259600937916407,4.84352651171948,1.27554692428619e-06,1.85041670249188e-05,"ZBTB26","OPCs"
"GPM6A",217.339025224497,-1.15660372985859,0.239105628067129,-4.83720830500014,1.31675414944375e-06,1.90758227669074e-05,"GPM6A","OPCs"
"ENSG00000291189",1.69348962994684,-2.76612230752144,0.572019861112341,-4.8357102533861,1.32671056834831e-06,1.91938045338916e-05,"ENSG00000291189","OPCs"
"TRABD",10.2392735531797,0.897200678127357,0.18564937546353,4.83276970842064,1.34646512329354e-06,1.94530227226174e-05,"TRABD","OPCs"
"SLC48A1",13.1747058446745,0.773278216838434,0.160033412164666,4.83197981208306,1.35181965534251e-06,1.95037740464266e-05,"SLC48A1","OPCs"
"TSHZ3",10.6374591683787,-1.30989958256312,0.271131208735396,-4.83123867839753,1.35686225376741e-06,1.95498928808121e-05,"TSHZ3","OPCs"
"SERTAD2",10.1481276888301,1.17192826640546,0.242605372556665,4.83059486298778,1.36125738743238e-06,1.95865702892784e-05,"SERTAD2","OPCs"
"RPL28",44.1200663324673,0.539524454176104,0.111701460612637,4.83005729036156,1.36493771978442e-06,1.96128771404572e-05,"RPL28","OPCs"
"ADIPOR2",31.2651335266437,1.15355661205142,0.238928488954231,4.82804129846731,1.3788250339095e-06,1.978557873862e-05,"ADIPOR2","OPCs"
"EEIG1",17.2530901222706,0.776515342907077,0.160845959014113,4.82769568888543,1.38121939566071e-06,1.97931169148131e-05,"EEIG1","OPCs"
"MEG3",365.388585324391,-1.36744457495713,0.283355347874125,-4.82590000582797,1.39372427548986e-06,1.99453244289698e-05,"MEG3","OPCs"
"ERBB3",31.0957659405247,1.03517841704992,0.214560237103048,4.82465172031269,1.40248122921991e-06,2.00435576483655e-05,"ERBB3","OPCs"
"PICALM",77.4205074786305,0.589813232374806,0.122311867509628,4.82220772508751,1.41977976203345e-06,2.02634335309086e-05,"PICALM","OPCs"
"KLF15",5.33797182940898,1.91736512318957,0.398148224763423,4.81570682458486,1.46679747649743e-06,2.08501815786681e-05,"KLF15","OPCs"
"P2RY14",9.4053137069975,-1.61947757535914,0.33626313506645,-4.8161020536465,1.46389674836063e-06,2.08501815786681e-05,"P2RY14","OPCs"
"CLTA",18.8604652752293,0.629151436367167,0.13064094509576,4.81588246246994,1.46550772529309e-06,2.08501815786681e-05,"CLTA","OPCs"
"FLRT3",3.88972057231157,-2.12413812218863,0.441155660603244,-4.81494019431609,1.47243981640072e-06,2.0902329297163e-05,"FLRT3","OPCs"
"FGF1",13.03681762734,0.978311183752328,0.203216893857048,4.81412330040098,1.4784750575333e-06,2.09599074421388e-05,"FGF1","OPCs"
"OPCML",573.502853877138,-0.964303567288569,0.200697209905756,-4.8047681766049,1.54930911641249e-06,2.19347373566955e-05,"OPCML","OPCs"
"UBE3D",21.3456418167631,-0.685048575893316,0.14265078559386,-4.80227692431863,1.56871538190415e-06,2.21798343048931e-05,"UBE3D","OPCs"
"ZBTB37",7.43407549553879,1.20161901649767,0.250286528132683,4.80097360997656,1.57896078039636e-06,2.22949262191966e-05,"ZBTB37","OPCs"
"SRSF11",78.604059430627,0.383425022641114,0.0799365418993718,4.79661758603204,1.61367247768048e-06,2.27547157638299e-05,"SRSF11","OPCs"
"FAM110B",36.1487367626346,-1.02230459207179,0.213142707701261,-4.7963385803686,1.61592059940187e-06,2.27561158878535e-05,"FAM110B","OPCs"
"ADAL",4.09548554546678,-1.46430081197486,0.305399091429884,-4.79471240441148,1.62908373908214e-06,2.29110183225496e-05,"ADAL","OPCs"
"KCNB2",8.52092047434097,-3.36302531011459,0.70156653290809,-4.79359426706743,1.63819427432076e-06,2.30085906698366e-05,"KCNB2","OPCs"
"SPARCL1",52.8878624781002,-0.803278272303799,0.167595852581829,-4.79294839298962,1.6434791222531e-06,2.30522435823315e-05,"SPARCL1","OPCs"
"PPP1R14C",3.57678886996755,-1.62860166898031,0.339954812022128,-4.79064161290442,1.66248839784395e-06,2.32880319221791e-05,"PPP1R14C","OPCs"
"LINC01414",3.15677679390614,-4.25718895321008,0.888963030509415,-4.78893813027357,1.67666160147014e-06,2.34289067658746e-05,"LINC01414","OPCs"
"FAM107B",31.7369135221545,1.09808384267272,0.229297659361497,4.78890122878029,1.67696990826562e-06,2.34289067658746e-05,"FAM107B","OPCs"
"CDK18",25.5699549882075,1.23029008093453,0.256961642668886,4.78783552345144,1.68589727301857e-06,2.35225983152394e-05,"CDK18","OPCs"
"RHOG",9.41997931022909,1.00590633089448,0.210269847033314,4.78388292514003,1.71940856210801e-06,2.39586008851629e-05,"RHOG","OPCs"
"ENSG00000291041",6.22704404086169,-1.72722116049029,0.361192837693161,-4.78199172364982,1.73566826899218e-06,2.41216889352063e-05,"ENSG00000291041","OPCs"
"AQP4-AS1",9.27114323605704,-1.62637376098546,0.340091977940588,-4.78215855261832,1.73422802608458e-06,2.41216889352063e-05,"AQP4-AS1","OPCs"
"ENSG00000225140",3.62801013373992,1.80366550801354,0.377267846857894,4.78086198714128,1.74545163315111e-06,2.4225862116737e-05,"DIP2C-AS2","OPCs"
"RPL7",36.374681444991,-0.812676350905939,0.17008740728335,-4.77799246802612,1.77054011492974e-06,2.45419107553743e-05,"RPL7","OPCs"
"PLEKHA5",39.5660479414216,-1.11459184907624,0.233305048749474,-4.77740132521996,1.77575140817774e-06,2.45819704739899e-05,"PLEKHA5","OPCs"
"MTMR9",11.7481328211986,0.771288526369686,0.16147084916737,4.77664253545989,1.78246222000544e-06,2.46200357993199e-05,"MTMR9","OPCs"
"NCOA6",18.3288546050129,0.740710143610392,0.155071724193277,4.77656482807395,1.78315084589975e-06,2.46200357993199e-05,"NCOA6","OPCs"
"GALT",4.27775070839523,-1.49975730245579,0.314089211700238,-4.77494051558556,1.79760380901847e-06,2.47872712727937e-05,"GALT","OPCs"
"PSMD13",8.93420548625722,0.90144499884533,0.18884985260971,4.7733423478403,1.81193396509481e-06,2.49523806116437e-05,"PSMD13","OPCs"
"ATP1B3",20.4883866846802,0.975789762908054,0.204455492097722,4.77262680936769,1.81838544059916e-06,2.50087036570716e-05,"ATP1B3","OPCs"
"NFKBIB",3.38181064012975,1.49880175376028,0.314224119615643,4.76984948066241,1.84363627120806e-06,2.53230974216515e-05,"NFKBIB","OPCs"
"DROSHA",12.7098654810497,-0.753190491420109,0.157931319798177,-4.76910148273706,1.8504942753119e-06,2.53843709527889e-05,"DROSHA","OPCs"
"C3orf33",2.70404428550956,-2.27249465151025,0.476566204696203,-4.76847629797605,1.85624506834264e-06,2.54303173010978e-05,"C3orf33","OPCs"
"AMMECR1L",2.73588331945375,1.612599544344,0.338358943183408,4.76594331798078,1.87972102579168e-06,2.57186636474597e-05,"AMMECR1L","OPCs"
"ZNF516",8.05518767200314,-1.19137488338675,0.250018967263476,-4.76513800703469,1.88724431984653e-06,2.57882804479674e-05,"ZNF516","OPCs"
"DCLK1",25.9696737175246,-3.96050318381764,0.831340589190743,-4.76399593056432,1.89796333472135e-06,2.59013295292514e-05,"DCLK1","OPCs"
"DUSP1",6.29775193438012,1.26198365121014,0.264926563907303,4.76352251204112,1.90242375499776e-06,2.59287870854908e-05,"DUSP1","OPCs"
"PTPRR",6.02791949560406,-4.53799629350946,0.95311441749995,-4.76122930278694,1.9241726743554e-06,2.61915020840921e-05,"PTPRR","OPCs"
"RHOBTB1",11.2358548870488,1.53600381795845,0.32268872695418,4.76001697504776,1.93576677564813e-06,2.63154944211985e-05,"RHOBTB1","OPCs"
"DNAJB1",17.3605749527587,1.70961290331658,0.359186900676308,4.75967497728222,1.93904959094682e-06,2.63263271386242e-05,"DNAJB1","OPCs"
"NOMO1",7.31345959585061,1.02995396972545,0.216456446048503,4.75825039414472,1.95278170731334e-06,2.64788198213166e-05,"NOMO1","OPCs"
"EIF5",15.0672268475235,0.857757152946728,0.180305416009245,4.75724563316916,1.96252312551203e-06,2.65768796664608e-05,"EIF5","OPCs"
"MIEN1",7.69853516415742,1.00549366051247,0.211711791935895,4.74935123508344,2.04070248603885e-06,2.76003056540886e-05,"MIEN1","OPCs"
"RCC2",8.14746988247165,0.893009602276802,0.188075441918578,4.74814570773896,2.052901212885e-06,2.76593178682597e-05,"RCC2","OPCs"
"ECE1",5.90684040072392,1.63712401888081,0.344768134442224,4.74847834046321,2.04952832459146e-06,2.76593178682597e-05,"ECE1","OPCs"
"ATP1A1",33.1344691907793,0.721467082548962,0.151942356999063,4.74829466120111,2.05139016948017e-06,2.76593178682597e-05,"ATP1A1","OPCs"
"FSIP2-AS1",11.6867652436505,-0.898277601565524,0.189267104784351,-4.74608412586547,2.07392483335967e-06,2.79070698669364e-05,"FSIP2-AS1","OPCs"
"EIF1",58.5247861267905,0.590661951236577,0.124533840462694,4.74298350586495,2.10593422500534e-06,2.83018317802114e-05,"EIF1","OPCs"
"MFSD6",13.9904323973275,0.711132602652186,0.149963785461621,4.74202888692872,2.11588444312137e-06,2.8399513628207e-05,"MFSD6","OPCs"
"ENSG00000231424",58.1746514481202,-1.50176294261345,0.316728210904084,-4.74148778325348,2.12154452880776e-06,2.8433693379608e-05,"ENSG00000231424","OPCs"
"BOK",22.2778669851364,1.97615350599939,0.416813544494357,4.74109714547951,2.12563973745574e-06,2.8433693379608e-05,"BOK","OPCs"
"ARPP21",95.178157231641,-0.666404505373001,0.140561523411058,-4.74101652572565,2.12648585048626e-06,2.8433693379608e-05,"ARPP21","OPCs"
"SREBF2",35.851842089492,0.773330560735424,0.16319898842534,4.73857447400298,2.1522692899566e-06,2.87421586136701e-05,"SREBF2","OPCs"
"TUBA1A",66.9817697115722,0.683667334582644,0.144373608239162,4.73540381043962,2.18619374055129e-06,2.91584278494184e-05,"TUBA1A","OPCs"
"TLN2",29.128436875732,-0.892547531044959,0.188504068071632,-4.73489797952684,2.19165314443264e-06,2.91944739616877e-05,"TLN2","OPCs"
"NSRP1",14.5352500154725,0.80723933869146,0.170580848262628,4.73229759913391,2.2199261917839e-06,2.9533942677125e-05,"NSRP1","OPCs"
"FAM13B",39.6669129214924,0.541318051278826,0.11440129668814,4.7317475146673,2.22595179322484e-06,2.95769504269148e-05,"FAM13B","OPCs"
"LMBRD1",40.3889534429851,-0.523511288521389,0.110702448030815,-4.72899468651014,2.25634288051934e-06,2.99431968730574e-05,"LMBRD1","OPCs"
"INO80D",14.5369194700151,0.711410811724134,0.150450802564369,4.72852786158958,2.26153595969709e-06,2.99745504545584e-05,"INO80D","OPCs"
"CDC42BPA",127.874641810584,0.378327782600746,0.0800434196471731,4.72653197812379,2.28386839165211e-06,3.01986005976735e-05,"CDC42BPA","OPCs"
"EIF5B",19.8132127782086,0.869695406957083,0.184003813496949,4.72650751323426,2.28414344463989e-06,3.01986005976735e-05,"EIF5B","OPCs"
"RELA",6.13563928187023,2.29565289457903,0.485799310875664,4.72551698445406,2.29530647918212e-06,3.03083486465569e-05,"RELA","OPCs"
"ENSG00000278390",2.1971771017659,1.97357394542148,0.418012054734007,4.72133261007825,2.34304416024042e-06,3.09001714283263e-05,"KBTBD6-DT","OPCs"
"NRN1",3.25708031800364,-1.70633717843708,0.361558991457493,-4.71938803556955,2.36555202878834e-06,3.11243891099525e-05,"NRN1","OPCs"
"ZNF506",9.63139834312561,0.814634107487054,0.172615521360273,4.71935606408649,2.36592381808421e-06,3.11243891099525e-05,"ZNF506","OPCs"
"WDR17",19.9271763093264,-1.07045743794971,0.226840284099088,-4.71899178843435,2.37016386204767e-06,3.11414830013459e-05,"WDR17","OPCs"
"MEAK7",2.39313343132248,-2.07803060970756,0.440596087296282,-4.71640731641397,2.4004564126476e-06,3.15004131473831e-05,"MEAK7","OPCs"
"TANC2",126.830528478969,-0.517051296682527,0.109682071601526,-4.71409127428749,2.42791820696859e-06,3.1821353727472e-05,"TANC2","OPCs"
"GALNT6",3.92310367623999,2.40158122393578,0.509685068687066,4.71189244394029,2.45426911948941e-06,3.21269591784832e-05,"GALNT6","OPCs"
"REV3L",120.561598365583,-0.996718179142121,0.211545914080399,-4.71159267469148,2.4578827684027e-06,3.21345413794872e-05,"REV3L","OPCs"
"SULT1A1",4.63295206578502,-1.23797500844932,0.262935221887128,-4.70828898298287,2.49804785300708e-06,3.26193918167015e-05,"SULT1A1","OPCs"
"SLC25A53",4.61521608848666,-1.23047558343509,0.261413299154868,-4.70701218114432,2.51373892721741e-06,3.27838611320595e-05,"SLC25A53","OPCs"
"RAB26",9.73678905276676,-1.86005860121071,0.395334466882311,-4.70502512942904,2.53834686050596e-06,3.30640753416459e-05,"RAB26","OPCs"
"ZNF160",6.01964257039003,1.0753518940587,0.22856731713646,4.70474916331408,2.54178269745628e-06,3.3068155732263e-05,"ZNF160","OPCs"
"HLF",5.67540589201262,-2.21067450966189,0.470451374931528,-4.69904994960137,2.61374527824623e-06,3.39626533700952e-05,"HLF","OPCs"
"CAST",12.6845420705591,0.715592130239525,0.152413854368656,4.69505960074117,2.66529001262669e-06,3.45621093181912e-05,"CAST","OPCs"
"SLC6A8",18.6061555891139,1.25491712001688,0.267289471643419,4.69497400066331,2.66640635627594e-06,3.45621093181912e-05,"SLC6A8","OPCs"
"CNTNAP2",176.823745737352,-1.2223174463467,0.260611528052438,-4.69018947657894,2.72952171406607e-06,3.53369620439605e-05,"CNTNAP2","OPCs"
"ATP11A",13.795439434838,0.943634690769463,0.20125617301457,4.68872420972226,2.74913595188536e-06,3.55474355683345e-05,"ATP11A","OPCs"
"CNTN2",44.0237657696487,1.25551867896808,0.26782310149161,4.68786550516221,2.76069345866906e-06,3.56530394955016e-05,"CNTN2","OPCs"
"RAPGEF4",50.4409296101986,-1.13316251619972,0.241735263191968,-4.68761777341457,2.76403639526032e-06,3.56530394955016e-05,"RAPGEF4","OPCs"
"WIPI2",10.7533881148916,0.924964036483371,0.197353813951104,4.68683132068852,2.77467468894928e-06,3.57467213576312e-05,"WIPI2","OPCs"
"CLVS2",2.83831907585992,-3.75477072468455,0.801290357797278,-4.68590528782388,2.7872514463372e-06,3.58651188538407e-05,"CLVS2","OPCs"
"DPP10",222.09433018713,-1.30889931222131,0.279404473751581,-4.68460398878599,2.80501729848633e-06,3.60499189210804e-05,"DPP10","OPCs"
"FDFT1",14.7921976343156,1.11529674526284,0.238190705681122,4.68236886940478,2.83578592768382e-06,3.64011793626323e-05,"FDFT1","OPCs"
"ENSG00000267345",1.39775130217122,-2.61431238516772,0.558376326126585,-4.68199001792038,2.84103318826671e-06,3.64243843386737e-05,"ENSG00000267345","OPCs"
"TSPAN19",3.34925042906472,4.03469731959903,0.862091419838049,4.68012698741043,2.86697282942432e-06,3.6712505760101e-05,"TSPAN19","OPCs"
"ACTN4",21.9288441021693,0.616411724789815,0.131727389220161,4.67944994916419,2.87645565223316e-06,3.67894509144314e-05,"ACTN4","OPCs"
"KIAA0825",13.3156855503026,-1.36161664558373,0.291105617719247,-4.6773973523827,2.90538928431212e-06,3.71146833786071e-05,"KIAA0825","OPCs"
"POLR2A",8.24899348480837,1.02911267752999,0.220067416047385,4.67635189258733,2.92023333002734e-06,3.72593626084212e-05,"POLR2A","OPCs"
"RSRP1",32.3065680110561,-0.693777241986756,0.14844249558657,-4.67371044420467,2.95806302790471e-06,3.76777405021373e-05,"RSRP1","OPCs"
"KCNH5",13.39437583308,-1.29700455182366,0.277519232050854,-4.67356637678353,2.96013976371844e-06,3.76777405021373e-05,"KCNH5","OPCs"
"UXS1",5.64007478602041,-1.10283517382338,0.236145452709844,-4.67015206588987,3.00976853411114e-06,3.82175644799004e-05,"UXS1","OPCs"
"ENSG00000176593",5.37462131570449,-1.125419805633,0.240977342156229,-4.67023080080026,3.00861514280462e-06,3.82175644799004e-05,"ZNF606-AS1","OPCs"
"TPRN",11.3023385952635,1.43561319342291,0.307476991921871,4.66901014105047,3.02654440821364e-06,3.83845572251287e-05,"TPRN","OPCs"
"KAT5",7.42951022233988,0.942831151481336,0.201964855122819,4.66829315876754,3.037123307544e-06,3.84726505106351e-05,"KAT5","OPCs"
"MARK1",25.5413641328058,-0.798562646276687,0.171090733488714,-4.66748040640883,3.04915816771113e-06,3.85789545950548e-05,"MARK1","OPCs"
"SCUBE2",5.17243933996891,-1.63344508279041,0.350008795766124,-4.66686866887161,3.05824665516621e-06,3.86017068870204e-05,"SCUBE2","OPCs"
"ENSG00000261195",3.90626211872109,1.66934365573278,0.357697348891231,4.66691648933747,3.05753525880919e-06,3.86017068870204e-05,"IQCK-AS1","OPCs"
"CDC7",3.76221050883691,-1.36847434537437,0.293317123058987,-4.66551127701865,3.07850610760281e-06,3.88111662851355e-05,"CDC7","OPCs"
"MACROD2",102.419613922402,-0.881959210188103,0.189066661405836,-4.66480554334726,3.08909018555119e-06,3.88982937752522e-05,"MACROD2","OPCs"
"MMD2",19.3790478592389,-1.19161672125005,0.255667958894591,-4.66079803821385,3.14985687095844e-06,3.95693763504744e-05,"MMD2","OPCs"
"HYCC1",21.0065483420368,1.09957515055691,0.235914891718994,4.66089759126632,3.14833353376307e-06,3.95693763504744e-05,"HYCC1","OPCs"
"TMEM41A",4.8305066274109,-1.27547037780257,0.273824191769928,-4.65799011240848,3.19311544673688e-06,4.00652755698384e-05,"TMEM41A","OPCs"
"HSD11B1L",3.92415203230434,-1.62674081214821,0.349302445547619,-4.65711257646044,3.20675113166606e-06,4.01887508690457e-05,"HSD11B1L","OPCs"
"PATJ",9.85932176347041,-1.42823740615495,0.307235900243548,-4.64866705037651,3.34086988267962e-06,4.1820108815103e-05,"PATJ","OPCs"
"ATG4B",18.7193895813404,0.914295189835234,0.196707261076162,4.64799918840431,3.35170232379466e-06,4.1906171911435e-05,"ATG4B","OPCs"
"CCDC90B",11.8931082901886,-0.780147945443141,0.167873494199206,-4.64723718991269,3.36410275919348e-06,4.20116134668148e-05,"CCDC90B","OPCs"
"KCNK2",6.40032277724703,-1.54148195378811,0.332000520672978,-4.64301065149978,3.43368641558415e-06,4.28300814382052e-05,"KCNK2","OPCs"
"QTRT2",3.37364245841942,1.5688010124353,0.338032042896476,4.64098314169508,3.46755417369719e-06,4.32016455287685e-05,"QTRT2","OPCs"
"LINC01122",16.0791550850791,-1.60735317485877,0.346439490110755,-4.63963612908247,3.49023167412433e-06,4.34330827602545e-05,"LINC01122","OPCs"
"SPG7",32.2792255600571,0.962378638377499,0.207482292639282,4.63836516425353,3.51175922189069e-06,4.36496832861766e-05,"SPG7","OPCs"
"TMTC2",166.321795210249,1.29113772189541,0.2784093988698,4.63755076925121,3.52562027470627e-06,4.37705963764823e-05,"TMTC2","OPCs"
"SNAPC3",10.0631157412504,-0.834917719799857,0.180118973482487,-4.63536796627944,3.56303092225682e-06,4.41832523029271e-05,"SNAPC3","OPCs"
"C1orf122",13.2609236265989,0.828106953419334,0.178662650878831,4.63503115702092,3.56883722093119e-06,4.4203492596095e-05,"C1orf122","OPCs"
"TRANK1",5.25664710589179,-1.60616398796725,0.346561132516182,-4.63457623278703,3.57669412263906e-06,4.42490546247052e-05,"TRANK1","OPCs"
"CACNA2D3",43.2828772067921,-0.90272426901452,0.194852995119926,-4.63284779614972,3.60669706810782e-06,4.45681703048562e-05,"CACNA2D3","OPCs"
"ARHGEF2",12.0144793862564,1.03735173925576,0.224026441351231,4.63048795936274,3.64804997607284e-06,4.49862783089158e-05,"ARHGEF2","OPCs"
"TARBP1",22.4484483122526,-0.935969724775355,0.202134409739015,-4.63043242357314,3.64902861825861e-06,4.49862783089158e-05,"TARBP1","OPCs"
"TULP4",26.1206058422234,0.754315826224642,0.162964502583947,4.62871247581094,3.67946215278764e-06,4.53087258116524e-05,"TULP4","OPCs"
"MAPRE2",28.5707378123639,-0.708417670934054,0.153058374444073,-4.62841496590509,3.68475105373599e-06,4.53211540755681e-05,"MAPRE2","OPCs"
"ENSG00000225339",2.41074791601076,2.2310853609461,0.482286218906549,4.62606077777731,3.72685976684527e-06,4.57858989917534e-05,"SMIM29-AS1","OPCs"
"PIEZO2",21.8818671819217,1.57204066107278,0.340042350767095,4.62307314817241,3.78096318080944e-06,4.63967556022851e-05,"PIEZO2","OPCs"
"MIS18BP1",2.99867550551997,-1.85271696025123,0.400783080406367,-4.62274245303144,3.78699785990612e-06,4.64170223800993e-05,"MIS18BP1","OPCs"
"IST1",22.1385626415878,0.863147004992179,0.186745697780133,4.6220449266168,3.79975693781093e-06,4.65195675970147e-05,"IST1","OPCs"
"ENSG00000226310",2.7277777122091,-1.84279895263806,0.398773885870258,-4.62116256338216,3.81595607208256e-06,4.66639431909403e-05,"ENSG00000226310","OPCs"
"TMEM168",18.0408694931673,-0.721684521516573,0.156206764180142,-4.62005935085057,3.83630287582973e-06,4.68586475836641e-05,"TMEM168","OPCs"
"RAP1A",31.2647074951544,0.825634788062316,0.1788151161286,4.6172538761686,3.88851444845253e-06,4.7441668213263e-05,"RAP1A","OPCs"
"SERPINB1",3.50735212190936,2.48187600291092,0.538086939435643,4.61240706848221,3.98032518135755e-06,4.84501651385937e-05,"SERPINB1","OPCs"
"TMEM176B",3.05409861434331,-2.36728264532995,0.51322716649249,-4.61254352825571,3.97771210129916e-06,4.84501651385937e-05,"TMEM176B","OPCs"
"ITGB8",44.6197300018881,0.505806941453525,0.109687910648175,4.61132807129406,4.00104500752569e-06,4.86178524013541e-05,"ITGB8","OPCs"
"ENSG00000286608",5.72760237454191,-1.1644948723575,0.25253553975818,-4.61121184555877,4.00328303059309e-06,4.86178524013541e-05,"ENSG00000286608","OPCs"
"CADPS",51.2984195916021,-1.63705907529096,0.35507745921123,-4.61042804273616,4.01840716318849e-06,4.87456264125615e-05,"CADPS","OPCs"
"INSIG1",9.82979171100182,1.10015915322462,0.238734703780829,4.60829169702376,4.05990829123843e-06,4.91927103023055e-05,"INSIG1","OPCs"
"DDX46",15.5942418885582,0.747549864066975,0.162253627890532,4.60729213753746,4.07946671859404e-06,4.93732029141838e-05,"DDX46","OPCs"
"PTPN7",7.72085539105179,2.90364389978425,0.630334757079023,4.60651085343884,4.09481698136414e-06,4.95024107678609e-05,"PTPN7","OPCs"
"RRBP1",13.3639825200209,0.736182018077767,0.159869477835104,4.60489411766952,4.12675773932286e-06,4.98316584486079e-05,"RRBP1","OPCs"
"ENSG00000285336",1.15280675343375,3.58055037334399,0.777642698348719,4.60436442205024,4.13727440645345e-06,4.99017493899112e-05,"LOC101928882","OPCs"
"MYEF2",22.886573692783,-0.803796447235741,0.174592596733421,-4.60384038197811,4.14770405788081e-06,4.99706325062091e-05,"MYEF2","OPCs"
"FOXP2",7.94258032720241,-4.64055760919494,1.0081602788744,-4.60299587916324,4.16456472219076e-06,5.01167504636365e-05,"FOXP2","OPCs"
"CCDC18",4.18432517259277,1.34243171250536,0.291671997409656,4.60253889446887,4.17371587802707e-06,5.01307037558407e-05,"CCDC18","OPCs"
"ELOB",22.7567263890249,0.565895192357868,0.122954798696018,4.60246528284704,4.1751917575686e-06,5.01307037558407e-05,"ELOB","OPCs"
"RUNDC3B",7.42860969703164,-2.05121922188673,0.445774078621348,-4.601477116459,4.1950525265624e-06,5.03121248655671e-05,"RUNDC3B","OPCs"
"HMGN1",23.8677226416978,-0.957898034869951,0.20822981797352,-4.60019628404882,4.22093022671099e-06,5.0565216177454e-05,"HMGN1","OPCs"
"FAM50A",8.31537686193258,0.967315253236045,0.210298722326244,4.59972006741635,4.23059057177511e-06,5.06236770114106e-05,"FAM50A","OPCs"
"C4orf48",27.9759295386166,0.911554281095095,0.198365082735587,4.59533637938771,4.3205170863755e-06,5.16186772832357e-05,"C4orf48","OPCs"
"FRMD6",10.6457816549196,-1.12344324885792,0.244482281451707,-4.59519292026829,4.32349072240133e-06,5.16186772832357e-05,"FRMD6","OPCs"
"KCNQ5",15.1345742897444,-2.96089818569115,0.644424996861855,-4.59463583832065,4.33505658016925e-06,5.16984788108022e-05,"KCNQ5","OPCs"
"B3GNTL1",1.82900364845882,-2.23592023754301,0.486767486727099,-4.59340506198714,4.36071453521616e-06,5.19459695477381e-05,"B3GNTL1","OPCs"
"CGREF1",1.79971521885576,-2.24699663220929,0.489323958055762,-4.59204295072186,4.38928003694038e-06,5.22029533441331e-05,"CGREF1","OPCs"
"PDE3A",6.39767808726716,-1.6832665163399,0.366572453025214,-4.59190673616743,4.39214649949222e-06,5.22029533441331e-05,"PDE3A","OPCs"
"KCNC2",6.12440821376407,-4.70890989404745,1.025964641688,-4.58973896634485,4.43800657013754e-06,5.2688889661162e-05,"KCNC2","OPCs"
"MAML3",14.9609725306503,1.82888241462366,0.398627544747936,4.58794791960529,4.47624266777663e-06,5.30833257018528e-05,"MAML3","OPCs"
"BABAM2",34.2908445440779,-0.63943266965173,0.13942746974098,-4.58613120384117,4.51534907560651e-06,5.33976902152729e-05,"BABAM2","OPCs"
"HS6ST3",126.11256286918,-1.2196124478587,0.265941705964037,-4.58601422983887,4.51787822784556e-06,5.33976902152729e-05,"HS6ST3","OPCs"
"ZNF708",17.7131665379457,0.797044695741241,0.173787360405433,4.58632143259322,4.51123894279703e-06,5.33976902152729e-05,"ZNF708","OPCs"
"TMEM51",1.72309845596697,-2.25214237984883,0.491191743598455,-4.58505748355969,4.53861551473562e-06,5.35829858428653e-05,"TMEM51","OPCs"
"H2BC4",3.77925606021363,1.69455493957102,0.369646132792828,4.58426259397865,4.55591391161163e-06,5.36688097938157e-05,"H2BC4","OPCs"
"MGRN1",11.6682904202597,0.841952652381795,0.183661719927153,4.58425769243447,4.55602077475357e-06,5.36688097938157e-05,"MGRN1","OPCs"
"RBL2",17.0758364400431,0.582285191129586,0.12702536992169,4.58400704905295,4.56148848715368e-06,5.36735145321749e-05,"RBL2","OPCs"
"MFSD4B",12.8607516677967,-0.765086381890934,0.167058795475087,-4.57974319589194,4.65547185052155e-06,5.4657923389161e-05,"MFSD4B","OPCs"
"DCC",175.310116486985,-0.886412995292387,0.193542377354178,-4.57994268443997,4.65103368947272e-06,5.4657923389161e-05,"DCC","OPCs"
"TH2LCRR",2.57227332054537,-1.80319198939281,0.393785098900354,-4.57912702747825,4.66920581050107e-06,5.47584601696637e-05,"TH2LCRR","OPCs"
"DST",208.969062312099,0.455927076152029,0.099576729646676,4.57865083307894,4.67984642642523e-06,5.4822537229915e-05,"DST","OPCs"
"ZFR2",7.82334866475686,-1.92632909868586,0.420836483548375,-4.5773814153269,4.70832531499979e-06,5.50952100396108e-05,"ZFR2","OPCs"
"HIBADH",27.5617592979324,-0.595937043537222,0.130234431204776,-4.57587934330664,4.74223815716942e-06,5.54307970026756e-05,"HIBADH","OPCs"
"PSMC6",11.2375225036008,0.846945158175122,0.185117932587742,4.57516538962906,4.75843927059107e-06,5.54976562506161e-05,"PSMC6","OPCs"
"TOB2",11.4180364688495,1.09030539288281,0.238304302832676,4.57526523827965,4.75617030986778e-06,5.54976562506161e-05,"TOB2","OPCs"
"MTURN",9.46131644132916,0.911124898238475,0.199356990727414,4.57031827634418,4.86984046943184e-06,5.67344450729188e-05,"MTURN","OPCs"
"TPTEP1",8.93144254560225,1.56160649554655,0.341837483228737,4.56827168512007,4.9176234707697e-06,5.72281676433529e-05,"TPTEP1","OPCs"
"GTDC1",49.7797548914292,-0.494443716569049,0.108257950696318,-4.56727393589825,4.94108102277278e-06,5.735136583967e-05,"GTDC1","OPCs"
"ST7",12.6312354389469,-0.969878772846437,0.212360633224746,-4.56713072530724,4.94445675274965e-06,5.735136583967e-05,"ST7","OPCs"
"CLN6",4.71349441259881,1.11308117555876,0.243701047173268,4.56740415549947,4.9380134297372e-06,5.735136583967e-05,"CLN6","OPCs"
"PLET1",2.76565677369331,2.26749992073053,0.496532687861717,4.56666796801507,4.95537987655218e-06,5.74151782195706e-05,"PLET1","OPCs"
"CIBAR1-DT",3.1565040218777,-1.54711768380609,0.338985529097138,-4.56396380083455,5.0196737709667e-06,5.80965521688932e-05,"CIBAR1-DT","OPCs"
"FGFR2",25.1936761700583,1.22713770117037,0.268950795317753,4.56268478299371,5.05036106615802e-06,5.8387907959185e-05,"FGFR2","OPCs"
"CIC",6.6679469667091,1.14180104391907,0.250274957204275,4.56218655143804,5.0623636201852e-06,5.84628470422697e-05,"CIC","OPCs"
"TRIT1",10.182291933263,1.02923663852366,0.225664067040208,4.56092390792673,5.09290355032902e-06,5.87514690609851e-05,"TRIT1","OPCs"
"PPM1B",48.9555538232012,0.654940945257813,0.143611609605075,4.56050139023487,5.10316244867213e-06,5.88057566174514e-05,"PPM1B","OPCs"
"ARPC5",8.43708456620534,1.32063605957196,0.289661819385769,4.55923415233801,5.1340503057386e-06,5.90332168705448e-05,"ARPC5","OPCs"
"TMEM196",9.53246823545177,-1.48123589440815,0.32487414656245,-4.55941449968047,5.12964359093181e-06,5.90332168705448e-05,"TMEM196","OPCs"
"HDAC2",11.0109005564268,0.799587649041016,0.175413061212543,4.55831306696244,5.1566132504106e-06,5.92090252056903e-05,"HDAC2","OPCs"
"ZFAND2A",4.3905850873817,1.35727897537683,0.297769450078453,4.55815388388308,5.16052221575563e-06,5.92090252056903e-05,"ZFAND2A","OPCs"
"TET1",6.07147639386645,-1.31716046428483,0.288985181540068,-4.55788237052635,5.16719615780562e-06,5.92214364839411e-05,"TET1","OPCs"
"EFTUD2",6.5392665149352,0.997716818978203,0.218921702246116,4.55741394636402,5.17872970520914e-06,5.92894568412592e-05,"EFTUD2","OPCs"
"TMC6",11.3345104375117,1.29360276083827,0.284031977233139,4.55442648901625,5.25286892523803e-06,6.00733066072038e-05,"TMC6","OPCs"
"NMD3",13.2400317705155,-0.800400368756718,0.175785465410404,-4.55327957227881,5.28160084865148e-06,6.03367346140444e-05,"NMD3","OPCs"
"CCDC26",3.34251881248002,-2.41963167852429,0.531627778941593,-4.55136427095944,5.32991766855551e-06,6.08230906357789e-05,"CCDC26","OPCs"
"CREM",27.1871447540846,-0.651197641127255,0.143103596237024,-4.55053302817542,5.3510186509712e-06,6.09325672191236e-05,"CREM","OPCs"
"PSMD3",7.80953831034537,0.927366564822096,0.203783813789201,4.55073711487895,5.34583054286347e-06,6.09325672191236e-05,"PSMD3","OPCs"
"CAVIN4",2.252206382559,-1.93840566385799,0.426015684461348,-4.55008051243208,5.36253929774189e-06,6.09981645145935e-05,"CAVIN4","OPCs"
"FUT9",45.8129884034675,-0.541187281541446,0.119067428875366,-4.54521682926349,5.48787307435537e-06,6.23568410487375e-05,"FUT9","OPCs"
"PPP4R3B",16.2662402659749,0.602302318496519,0.132611887818943,4.54184257838824,5.57646766271213e-06,6.3295597586411e-05,"PPP4R3B","OPCs"
"WNK2",6.03391043960717,-2.87609527894435,0.633462520306434,-4.54027694890781,5.61803843320066e-06,6.36991723850053e-05,"WNK2","OPCs"
"METTL16",10.8819621159708,0.964798122545949,0.212525587640505,4.53967982517918,5.63397134162992e-06,6.38115042864822e-05,"METTL16","OPCs"
"ITM2A",14.1442349147367,1.22242461508997,0.269308864766599,4.53911762670495,5.64901187426599e-06,6.39134997312786e-05,"ITM2A","OPCs"
"TUBB4A",17.8915057889696,1.36043556677592,0.299757500065849,4.53845380508267,5.66682062358073e-06,6.4046563931398e-05,"TUBB4A","OPCs"
"PDCD2",4.02516653631134,1.25032107241695,0.275534661172094,4.53779958970761,5.68442423247569e-06,6.41770283815752e-05,"PDCD2","OPCs"
"SLC31A2",13.4603778897354,1.30209487906086,0.286964076687507,4.53748390422676,5.69293740012398e-06,6.42046933624206e-05,"SLC31A2","OPCs"
"CHCHD10",9.84908008941243,-0.970488357728458,0.214016268493766,-4.53464759739388,5.76997412958616e-06,6.50042830131036e-05,"CHCHD10","OPCs"
"NINL",6.88859209148884,-1.06085603042219,0.234019399272284,-4.53319696452972,5.809759338759e-06,6.53829451620168e-05,"NINL","OPCs"
"ST6GALNAC5",6.89037570422362,-2.99069720633713,0.659892620358257,-4.53209675949017,5.84010862395655e-06,6.5592358404818e-05,"ST6GALNAC5","OPCs"
"FAM53B",12.1512007396085,1.121141043253,0.247379277931443,4.53207339203126,5.84075486078786e-06,6.5592358404818e-05,"FAM53B","OPCs"
"PSMC4",6.83050552012462,0.934499036786437,0.206225495323121,4.53144280401524,5.85821990244373e-06,6.57188016598296e-05,"PSMC4","OPCs"
"SCN3B",3.85576684158027,-3.03215265468532,0.669203603740848,-4.53098673966426,5.8708823960099e-06,6.5791158279095e-05,"SCN3B","OPCs"
"C5orf64",33.3218260259243,-1.01052420868881,0.223177573377731,-4.52789316325472,5.95746870308838e-06,6.66909022893297e-05,"C5orf64","OPCs"
"CNP",81.3945255253341,0.585043907565004,0.129268506617285,4.5258038703665,6.01663604195244e-06,6.72821284944839e-05,"CNP","OPCs"
"VLDLR-AS1",15.3661816445808,-0.694751002310786,0.153561221490607,-4.52426071873413,6.06069767232192e-06,6.77033632382796e-05,"VLDLR-AS1","OPCs"
"TOX",65.8646431922994,-1.18878022467058,0.262783301461963,-4.52380428306116,6.07378935131855e-06,6.77067676110141e-05,"TOX","OPCs"
"DLG3",3.81404161725744,-1.54325789979471,0.341141115225315,-4.52381091260557,6.07359900641675e-06,6.77067676110141e-05,"DLG3","OPCs"
"PFN2",5.80861025962008,-1.28868835812049,0.284927878359554,-4.52285808443875,6.10101486837529e-06,6.79387460106144e-05,"PFN2","OPCs"
"HSPA4",9.7538494999229,1.10692585043023,0.244870963882112,4.52044551498206,6.17096263458128e-06,6.86388206304884e-05,"HSPA4","OPCs"
"PSAP",77.4074329404019,0.82478981436535,0.182465780942752,4.52024379641969,6.17684570924036e-06,6.86388206304884e-05,"PSAP","OPCs"
"HSD17B3",6.30893855119512,2.12631783265247,0.470739563557676,4.51697285986023,6.2729941835004e-06,6.96341807162152e-05,"HSD17B3","OPCs"
"XKR4",94.2700847121527,-1.07438059639297,0.237895889988611,-4.51617973074023,6.29652285525848e-06,6.98221749080495e-05,"XKR4","OPCs"
"SGSM1",10.484704056319,-1.28459975860036,0.284530673377006,-4.514802370352,6.33758390304035e-06,7.02039890514616e-05,"SGSM1","OPCs"
"SLC4A2",2.42668920199335,2.04130691126845,0.452578279001281,4.51039523101521,6.4706953481437e-06,7.14542896108882e-05,"SLC4A2","OPCs"
"TMEM273",1.36548995628155,2.87492959886456,0.637394880656037,4.51043722834038,6.46941434615524e-06,7.14542896108882e-05,"TMEM273","OPCs"
"SLC24A4",3.43158883837639,-1.86127003959207,0.412638201261255,-4.51065857185055,6.46266693684234e-06,7.14542896108882e-05,"SLC24A4","OPCs"
"ENSG00000225649",16.3512460198648,-1.05819084013148,0.234865982499171,-4.50550917962422,6.62139764896527e-06,7.30422928151481e-05,"LOC100506474","OPCs"
"RC3H2",9.33016417128659,0.799769915962766,0.177542838321289,4.50465883909925,6.64796572720237e-06,7.32590604069439e-05,"RC3H2","OPCs"
"BTN3A1",2.42598002874479,-2.01224334778456,0.44700116995015,-4.50165118809189,6.74275756546349e-06,7.42264060480856e-05,"BTN3A1","OPCs"
"HSPBP1",3.84540011274817,1.26505399530844,0.281280744858551,4.4974781190394,6.87642352968407e-06,7.56192369463699e-05,"HSPBP1","OPCs"
"TKT",9.20744620561625,1.02038450464334,0.226983934459512,4.49540407814786,6.94379557669905e-06,7.62809078394637e-05,"TKT","OPCs"
"RNF165",6.07128467386704,-1.22041182921985,0.271501547771214,-4.49504556875769,6.95550502162927e-06,7.63303608073098e-05,"RNF165","OPCs"
"ZC3H6",16.9124071882916,1.02935359350859,0.229102417313032,4.49298442845386,7.02319218656823e-06,7.69933801819437e-05,"ZC3H6","OPCs"
"TTL",15.0960130770027,1.40937138195684,0.313808177472032,4.4911875570306,7.08271445827078e-06,7.75656112855093e-05,"TTL","OPCs"
"NUP188",5.97771356674867,1.0970955184052,0.244306234457249,4.49065706752226,7.10037923646623e-06,7.75985718412563e-05,"NUP188","OPCs"
"DAAM1",21.4948686812266,-1.20937231110704,0.269304725595686,-4.49072071955655,7.09825746392165e-06,7.75985718412563e-05,"DAAM1","OPCs"
"GOT1-DT",1.66826571702612,-2.06793207915654,0.460585662208705,-4.48978821711455,7.12940215487114e-06,7.78354317732839e-05,"GOT1-DT","OPCs"
"JUP",4.54627977107434,1.49222779131309,0.332480439930816,4.48816715841568,7.18385528942032e-06,7.83491529505265e-05,"JUP","OPCs"
"TEK",13.6093167667408,-1.39264453166005,0.310595554908444,-4.48378770929471,7.33296176689536e-06,7.98109610600431e-05,"TEK","OPCs"
"LDLRAD4",36.3339875666527,-0.736463864473108,0.1642465680601,-4.48389195081158,7.32937853696581e-06,7.98109610600431e-05,"LDLRAD4","OPCs"
"VEGFA",16.5576999399441,-1.85841484977301,0.414584327421909,-4.48259793448912,7.37397830865566e-06,8.01749797624881e-05,"VEGFA","OPCs"
"DAZAP1",10.1706137153518,0.85415779938898,0.190594684686607,4.48154050462354,7.41061642611122e-06,8.04906953359157e-05,"DAZAP1","OPCs"
"AHSA1",7.66894942861687,1.57073015277246,0.350768291736181,4.47797075670064,7.53559209357196e-06,8.17642625726711e-05,"AHSA1","OPCs"
"BIN1",56.7610971774329,1.04449524036308,0.233280147590665,4.47742875315669,7.55474279133999e-06,8.18044234767797e-05,"BIN1","OPCs"
"GNAO1",47.2478291043971,0.764043397435088,0.170641643743005,4.47747326312547,7.55316836127337e-06,8.18044234767797e-05,"GNAO1","OPCs"
"FMN2",38.3970806548474,-1.51929384984499,0.339487659360936,-4.47525501429113,7.6320164622137e-06,8.24725044233093e-05,"FMN2","OPCs"
"ZBTB44",22.4375390206003,0.663010920551686,0.148145442717739,4.47540544203523,7.6266446974842e-06,8.24725044233093e-05,"ZBTB44","OPCs"
"ANKFN1",12.8804523586624,-1.35841148768991,0.303705010847516,-4.4727990621529,7.72023168461408e-06,8.33407273599012e-05,"ANKFN1","OPCs"
"DOK6",22.0451102241107,-1.1081935549032,0.247821696910013,-4.47173741734807,7.75866589281757e-06,8.36703378869023e-05,"DOK6","OPCs"
"ANKRD13A",5.59674984116087,1.04647915129485,0.234047688683769,4.47122190003248,7.77739483167987e-06,8.37869900991758e-05,"ANKRD13A","OPCs"
"NYAP2",4.3414638118412,-4.72189293717251,1.05614122719547,-4.47089159629841,7.78941760258877e-06,8.38312321254218e-05,"NYAP2","OPCs"
"SHC3",39.4359534175022,-1.24713635472177,0.279257659527913,-4.46589847107528,7.97334182354598e-06,8.572354305721e-05,"SHC3","OPCs"
"CSRP1",24.7148646951659,1.16079418101594,0.259950807604983,4.4654378715371,7.99051582969727e-06,8.57551886043631e-05,"CSRP1","OPCs"
"OTULIN",4.19234109219716,1.62947342783753,0.364912172773269,4.46538523353116,7.99248075094489e-06,8.57551886043631e-05,"OTULIN","OPCs"
"CRACD",24.0289385217674,-1.08352797617994,0.242755522354324,-4.46345345997291,8.0649122025949e-06,8.64310108407546e-05,"CRACD","OPCs"
"LYRM4",14.8114439011161,-0.756021984381785,0.169387431069192,-4.46327085551561,8.07179128626121e-06,8.64310108407546e-05,"LYRM4","OPCs"
"RBFOX3",3.59470711222916,-3.37704577802509,0.757053542652436,-4.46077534515348,8.16636620396196e-06,8.73553718181386e-05,"RBFOX3","OPCs"
"FRRS1L",8.79275553718792,-1.23062787133892,0.276078801495219,-4.45752395574721,8.29117739646011e-06,8.86009774253406e-05,"FRRS1L","OPCs"
"CAMK4",21.6727911884945,-1.45903422296615,0.327471723262582,-4.4554510185792,8.37170087041411e-06,8.93712824775055e-05,"CAMK4","OPCs"
"HOMER1",15.6206043943531,-1.11329785856065,0.250188865623062,-4.44982975476599,8.59383853524739e-06,9.16503022036957e-05,"HOMER1","OPCs"
"CLCN3",22.2911158597674,-0.593946390622456,0.133536583658191,-4.4478177766084,8.67470703066545e-06,9.24196654474317e-05,"CLCN3","OPCs"
"MIR9-1HG",74.319052847377,-1.2356050115029,0.277824800734026,-4.44742516952544,8.69057186505032e-06,9.24468905013933e-05,"MIR9-1HG","OPCs"
"NLGN4X",91.0672447081522,-0.889755428933151,0.200065412768694,-4.44732258624754,8.69472171287892e-06,9.24468905013933e-05,"NLGN4X","OPCs"
"LDAH",8.57594462902816,-1.29264235389397,0.290810171511001,-4.44496953864309,8.79043216133732e-06,9.33707889554285e-05,"LDAH","OPCs"
"PLAAT3",28.2432421921237,0.982175392677794,0.221012426468942,4.44398266816829,8.83087216845252e-06,9.37063489618358e-05,"PLAAT3","OPCs"
"ASTN1",41.1663006147366,-0.982197412641092,0.221132324311804,-4.44167272106344,8.92622547747058e-06,9.4623351157571e-05,"ASTN1","OPCs"
"UBXN1",10.4761347422726,0.736320274188542,0.165945584364533,4.43711881221899,9.11709764713369e-06,9.65500640831458e-05,"UBXN1","OPCs"
"C5orf15",10.8468602594602,0.903263931912638,0.203598192291088,4.43650271030515,9.14321844240122e-06,9.66334164720847e-05,"C5orf15","OPCs"
"ZNF98",4.96444214083825,-1.31515661241758,0.296435912503702,-4.43656303755421,9.1406576010644e-06,9.66334164720847e-05,"ZNF98","OPCs"
"RB1CC1",28.9369483267782,0.501930570656061,0.113143075945473,4.43624646459104,9.15410350060958e-06,9.66520000712417e-05,"RB1CC1","OPCs"
"LRRC28",13.0157843163177,-0.730734085110689,0.1647293246174,-4.43596843978988,9.16592771676754e-06,9.66804527097294e-05,"LRRC28","OPCs"
"COX7C",22.7584919498472,-0.979124865781426,0.220739848750137,-4.43565070523235,9.17945863129631e-06,9.67268327417194e-05,"COX7C","OPCs"
"PIDD1",7.44484483860991,1.12495091275788,0.253651875357551,4.43501910313945,9.20641247677593e-06,9.69144215994603e-05,"PIDD1","OPCs"
"ENTPD1-AS1",31.1257751677087,-0.763635554863065,0.172259310550529,-4.43305823309369,9.29057594982818e-06,9.7703276374062e-05,"ENTPD1-AS1","OPCs"
"ZSWIM6",151.155127114254,-0.298321392076186,0.0673103169709238,-4.43203071239514,9.33497169280676e-06,9.80727680821662e-05,"ZSWIM6","OPCs"
"MTX3",5.66222039434735,-1.17305107055756,0.264714166075627,-4.43138759042621,9.36286190025672e-06,9.81939212364171e-05,"MTX3","OPCs"
"C8orf34",4.62385858310487,-4.80674486965688,1.08471655267578,-4.43133725377343,9.36504820101806e-06,9.81939212364171e-05,"C8orf34","OPCs"
"RTN4",120.547639904647,0.604122315292563,0.136369804809032,4.43002991856268,9.42200157238736e-06,9.86933695861347e-05,"RTN4","OPCs"
"DGKI",55.4640944555075,-0.734102154314352,0.165820522714888,-4.42708865160536,9.55134843714304e-06,9.99493873017241e-05,"DGKI","OPCs"
"PACRGL",10.3039994475673,0.763114864754142,0.172441690291962,4.42535017757079,9.62859636799221e-06,0.000100566104998226,"PACRGL","OPCs"
"DPF3",18.8401643539405,-0.673180704581103,0.152119718101501,-4.42533494659732,9.62927577603413e-06,0.000100566104998226,"DPF3","OPCs"
"SHLD1",7.69606918957069,0.863933746019995,0.195251000663007,4.42473402485194,9.65611766865858e-06,0.000100747079912408,"SHLD1","OPCs"
"RABL2A",4.75297586126972,1.35351601186128,0.305982779849073,4.42350387341703,9.71128899775739e-06,0.000101222982762058,"RABL2A","OPCs"
"CBR4",30.571852508007,-0.749143685681677,0.169387373492619,-4.42266545749539,9.74906370639585e-06,0.000101475324346385,"CBR4","OPCs"
"ADGRB3-DT",26.159607454787,-0.603438168151922,0.136446017625143,-4.4225414464623,9.75466290695188e-06,0.000101475324346385,"ADGRB3-DT","OPCs"
"ACVR2A",14.87577789735,-0.809681926132575,0.183200365314432,-4.41965235573028,9.88598047562567e-06,0.000102740464413028,"ACVR2A","OPCs"
"ZNF197",11.280488985888,1.02375953586614,0.231659029136942,4.4192516030142,9.90432866174079e-06,0.000102830235811603,"ZNF197","OPCs"
"SLC27A1",21.9672424790351,0.931817025468077,0.210941033410453,4.41742893927579,9.988189221523e-06,0.000103599337762908,"SLC27A1","OPCs"
"COX16",12.6314804532126,-0.835999577979721,0.189285827907342,-4.41659889291317,1.00266039157298e-05,0.000103896022962406,"COX16","OPCs"
"ENSG00000286863",24.44468874612,-1.23709946652139,0.280138929755149,-4.41602124918039,1.00534205978526e-05,0.000104072066599471,"ENSG00000286863","OPCs"
"NFIB-AS1",2.74834352025292,-1.76187355765575,0.399028947747962,-4.41540286136983,1.00822047087329e-05,0.000104268113149885,"NFIB-AS1","OPCs"
"LINC02821",2.90295712346927,1.67277316301307,0.378878099409316,4.4150695583117,1.00977516012135e-05,0.000104327014104245,"LINC02821","OPCs"
"PLPP5",6.31161331938415,-1.00514441522809,0.22789187040665,-4.410619884924,1.03075119901563e-05,0.000106390401535823,"PLPP5","OPCs"
"DKK3",10.2832378811144,-1.36866609224376,0.310514690442551,-4.40773378642121,1.04457823658343e-05,0.000107712595184211,"DKK3","OPCs"
"CDH6",9.29182296974008,-1.75068118419582,0.397228840973298,-4.40723583893423,1.04698170402106e-05,0.000107855410949251,"CDH6","OPCs"
"CPE",50.3622898283169,-0.952962153720676,0.216273396866652,-4.40628467267402,1.05158743054426e-05,0.000108224595621611,"CPE","OPCs"
"SPEN-AS1",2.70983589059144,1.65116336721759,0.375120788507093,4.40168451817584,1.07413664123699e-05,0.00011043793233689,"SPEN-AS1","OPCs"
"PCED1B",3.64325180723268,-1.5359120436072,0.348997787550279,-4.40092200695092,1.07791867275339e-05,0.000110661340375884,"PCED1B","OPCs"
"TMEM35A",3.69768223552412,-1.5676011848802,0.356206187209025,-4.40082525562733,1.07839946428623e-05,0.000110661340375884,"TMEM35A","OPCs"
"SMAP1",23.6972192120951,-1.00571780786735,0.228669616613525,-4.39812609458785,1.09189538641093e-05,0.00011193777485084,"SMAP1","OPCs"
"ZMYM1",3.76792058645748,-1.24611220112427,0.283523225749878,-4.39509743100758,1.1072308048133e-05,0.000113290572202636,"ZMYM1","OPCs"
"SLC2A8",3.89845913322237,1.31029942450823,0.298116869566506,4.39525420488128,1.1064319706507e-05,0.000113290572202636,"SLC2A8","OPCs"
"BAZ1A",11.6872579646275,0.893588517933546,0.203337817324403,4.39460071762217,1.10976542297475e-05,0.00011344030723265,"BAZ1A","OPCs"
"CDON",4.03360611096017,-1.73840634529911,0.395656664055683,-4.39372441621369,1.11425050683046e-05,0.00011378893796851,"CDON","OPCs"
"HYPK",1.98353498439355,1.7286064841906,0.39358356817122,4.39196812057613,1.12329172695318e-05,0.000114601728212275,"HYPK","OPCs"
"RNFT2",3.66156617676295,-1.41978732415309,0.323395303885292,-4.39025337441724,1.13218659610838e-05,0.000115398037081691,"RNFT2","OPCs"
"TAB2",17.955961264146,-0.672273441302457,0.153297361111184,-4.38542083457566,1.15761754321445e-05,0.000117876632525395,"TAB2","OPCs"
"SCARB2",38.5327482610263,0.509562354851006,0.116319515567211,4.38071249150427,1.18291870472199e-05,0.000120337263045205,"SCARB2","OPCs"
"MYL11",5.05692078834171,2.93533441544084,0.670188828325609,4.37986175146256,1.18754625835974e-05,0.000120692081343854,"MYL11","OPCs"
"RFX3",49.5675129631835,-0.396351220331353,0.0905139372354254,-4.37889713382425,1.19281414455123e-05,0.000121111234811099,"RFX3","OPCs"
"TSPAN13",4.94422299470654,-1.99300892992623,0.455282863582208,-4.37751799890964,1.20038450918265e-05,0.000121678738771761,"TSPAN13","OPCs"
"SLC6A12",2.97953475675759,1.59420273791968,0.364184384610133,4.37746044390757,1.20070143547205e-05,0.000121678738771761,"SLC6A12","OPCs"
"MRPL24",5.88469793869723,0.995153417398337,0.227410688394631,4.37601866659593,1.20866668056669e-05,0.000122333928444568,"MRPL24","OPCs"
"BRMS1",2.64461758319785,1.43559515227813,0.328070609244515,4.37587248545073,1.20947708292222e-05,0.000122333928444568,"BRMS1","OPCs"
"SMC4",5.30881941130806,1.78027682133188,0.406904678736636,4.37516920881646,1.21338317804518e-05,0.000122378360528557,"SMC4","OPCs"
"TMEM165",86.4175834774322,1.14019371888193,0.260596221648921,4.37532713125064,1.21250500835319e-05,0.000122378360528557,"TMEM165","OPCs"
"EIF4B",10.5126366890084,0.858254894529494,0.19616439714161,4.37518177118514,1.21331329943753e-05,0.000122378360528557,"EIF4B","OPCs"
"TTYH2",27.4514872142918,1.01997053907415,0.233153287288266,4.3746779251415,1.21611897454344e-05,0.000122537582687107,"TTYH2","OPCs"
"CKMT1B",2.78608119739442,-3.0292260153173,0.69308301078058,-4.3706539739095,1.23874966337144e-05,0.000124699229421137,"CKMT1B","OPCs"
"RABGEF1",34.8681724656993,0.609339003957952,0.139549880292314,4.36646024118098,1.26276260613965e-05,0.000126995783466467,"RABGEF1","OPCs"
"NEGR1",122.351283126458,-0.983702524148928,0.225338925071211,-4.36543541617614,1.26869784072106e-05,0.000127471633142657,"NEGR1","OPCs"
"IDH2",11.3061371298867,-0.75201849780855,0.172275874569304,-4.36519913010818,1.27007005356466e-05,0.000127488548504737,"IDH2","OPCs"
"DHRS4L2",4.67985901117749,-1.42304497147417,0.326069726322138,-4.3642351822269,1.27568279255306e-05,0.000127809657267142,"DHRS4L2","OPCs"
"AATK",46.5970545891373,0.904999871254815,0.207360415939885,4.36438105678366,1.27483189775498e-05,0.000127809657267142,"AATK","OPCs"
"FBXO8",2.48625900786659,-1.70990614016868,0.391858843266205,-4.36357675615113,1.27953017779125e-05,0.000128073956359256,"FBXO8","OPCs"
"AGBL4",43.1641248448128,-1.75459492993725,0.402176840747445,-4.36274482308912,1.28440725105412e-05,0.000128440725105412,"AGBL4","OPCs"
"AGL",7.89981619773608,-0.913842081380859,0.209535730073497,-4.36127089666435,1.29309148625874e-05,0.00012918715886302,"AGL","OPCs"
"MSH6",4.27747574692099,1.11287884373047,0.255323060326229,4.3587086975557,1.30832121627538e-05,0.000130462539363053,"MSH6","OPCs"
"METTL15",21.4001445024432,-0.569113147934192,0.130568724309946,-4.35872488562592,1.30822445927905e-05,0.000130462539363053,"METTL15","OPCs"
"NUP205",6.94322943252165,0.908662479659182,0.208625441963074,4.35547300036403,1.32779883492097e-05,0.000132190721695349,"NUP205","OPCs"
"TMEM259",27.326497918988,0.781828268399855,0.179507167540836,4.35541532469447,1.32814851637253e-05,0.000132190721695349,"TMEM259","OPCs"
"PTPRG",130.293638511873,-0.801697781920927,0.18409392513505,-4.35483018428125,1.33170113092961e-05,0.000132295637678654,"PTPRG","OPCs"
"DUSP22",4.32890997210437,1.09412868456948,0.251240073700275,4.35491308554049,1.33119725458446e-05,0.000132295637678654,"DUSP22","OPCs"
"SLC15A2",2.48079465828103,-1.89402293534973,0.43502375795754,-4.3538379242602,1.33774625635815e-05,0.000132620955236853,"SLC15A2","OPCs"
"B3GAT1",22.8052383318667,0.984226812726561,0.226054872832928,4.35392876248229,1.33719175781479e-05,0.000132620955236853,"B3GAT1","OPCs"
"PCSK2",10.2160518719523,-1.86390170719846,0.428121324526647,-4.35367640063079,1.33873277760336e-05,0.000132620955236853,"PCSK2","OPCs"
"MBD3",6.30124417458454,1.35012834300033,0.310323023123957,4.3507192260789,1.35691713999694e-05,0.000134296752453903,"MBD3","OPCs"
"RMDN2",6.96690731252693,-1.10769012045746,0.254732279605781,-4.34844819106436,1.37104197259184e-05,0.000135568015777288,"RMDN2","OPCs"
"ELK4",6.23430012790217,1.39442481476744,0.320891291113904,4.34547416331243,1.38975129921003e-05,0.000137283101479813,"ELK4","OPCs"
"FRYL",100.121813660613,0.871806970351072,0.20063308426005,4.34528020922553,1.39097986674069e-05,0.000137283101479813,"FRYL","OPCs"
"TMEM41B",12.4850346038855,0.818648149101133,0.188531453896026,4.34223643951005,1.41039629654502e-05,0.000139069802424691,"TMEM41B","OPCs"
"DOP1B",4.15182497821779,-1.93898221945495,0.446674307930572,-4.34093070729364,1.41880464761272e-05,0.000139768755518313,"DOP1B","OPCs"
"GRAMD2B",30.6718422302896,-0.843483403249638,0.19433413975844,-4.34037685966089,1.42238560805765e-05,0.000139991297298611,"GRAMD2B","OPCs"
"RMST",2.90820382947929,-4.03393809939217,0.929467049483329,-4.3400549827286,1.4244706960641e-05,0.000140066338638058,"RMST","OPCs"
"MAST4",27.3482026110148,-0.869147262825043,0.200301606857875,-4.33919266280151,1.43007109744996e-05,0.000140486576270826,"MAST4","OPCs"
"ENSG00000249776",9.56305033727778,-1.2613510021413,0.290781879242854,-4.33779094290761,1.43921950648274e-05,0.000141254259255349,"ENSG00000249776","OPCs"
"HMGCS1",8.0593237951553,1.14093426861107,0.263107569731897,4.33637948833502,1.44848782794694e-05,0.000142032278684797,"HMGCS1","OPCs"
"ITM2C",42.5019557126561,-1.08555151516188,0.250391101112755,-4.33542370450712,1.45479627760279e-05,0.000142518895280421,"ITM2C","OPCs"
"DPH5-DT",5.1060454826132,-1.53500676998739,0.354086028244183,-4.33512380479703,1.45678109666057e-05,0.000142581440052083,"DPH5-DT","OPCs"
"GIT1",14.8392560711038,1.21223109665496,0.27992778346127,4.33051368344323,1.48761901036621e-05,0.000145465238409771,"GIT1","OPCs"
"GIPC2",5.62896190240594,1.2889309380118,0.297658120139724,4.33023946199339,1.48947280417966e-05,0.000145512149412017,"GIPC2","OPCs"
"GRIA3",54.6783770638143,-0.709290643476278,0.163823066753342,-4.32961400084284,1.49370929627782e-05,0.000145791534079097,"GRIA3","OPCs"
"CLDN10",8.81700407529735,-1.22830021587113,0.283803605310823,-4.32799370017125,1.50473772531151e-05,0.000146732711888112,"CLDN10","OPCs"
"PLXNB1",26.447102102637,0.983257057629581,0.227244718381175,4.32686429253018,1.5124708072311e-05,0.000147215678755306,"PLXNB1","OPCs"
"TSPAN15",5.79624806480617,1.7829013087054,0.412048489981915,4.32692110771636,1.51208088880716e-05,0.000147215678755306,"TSPAN15","OPCs"
"BSCL2",16.7220448922282,-0.703220960981468,0.16256375517159,-4.32581641731395,1.51967950989846e-05,0.000147645926695639,"BSCL2","OPCs"
"HMGXB4",7.53387906532376,1.12371350194628,0.259768773311984,4.32582210563351,1.51964028966225e-05,0.000147645926695639,"HMGXB4","OPCs"
"FGF12",218.29259824025,-1.00483187165172,0.232361259204776,-4.32443805430653,1.52921165021391e-05,0.000148435851290241,"FGF12","OPCs"
"DHPS",5.98319791344354,1.007233985511,0.233094404145457,4.32114185324871,1.5522383922466e-05,0.00015053300891842,"DHPS","OPCs"
"ZDHHC6",5.48436697781869,0.95439416701541,0.220994750615475,4.3186282224234,1.57001998209231e-05,0.000152110347025422,"ZDHHC6","OPCs"
"GRIN2A",16.464779925047,-2.45703362729729,0.568963552996068,-4.31843764747137,1.57137601176403e-05,0.000152110347025422,"GRIN2A","OPCs"
"SMDT1",7.07745823010846,-1.04320516010246,0.241640088451724,-4.31718580632318,1.58031123914023e-05,0.00015283558011411,"SMDT1","OPCs"
"IMMP2L",61.4587739341944,-0.568829478428209,0.131768858646685,-4.31687338169502,1.5825487631405e-05,0.000152912330307097,"IMMP2L","OPCs"
"RECQL",5.18209779344975,1.13274732786912,0.262440220310605,4.31621085567024,1.58730364126395e-05,0.000153231955888653,"RECQL","OPCs"
"CYP46A1",9.09325368874859,-1.23942270786765,0.287209141781948,-4.31540131410105,1.59313212191099e-05,0.000153654546184312,"CYP46A1","OPCs"
"RNF175",11.3659847826193,-1.02696033772569,0.238031710901768,-4.31438455756637,1.60048139963963e-05,0.000154222911939797,"RNF175","OPCs"
"NEXMIF",8.72120922338152,-1.38627615461295,0.32143568310863,-4.31276372680892,1.61226388256403e-05,0.000155217041057755,"NEXMIF","OPCs"
"RHOU",15.7112220400474,0.736011361985434,0.170772707480684,4.30988869851281,1.63336731770115e-05,0.000157058460305286,"RHOU","OPCs"
"SGSM3-AS1",4.28954601793327,1.59632145616385,0.370397287214377,4.30975471815466,1.63435716011733e-05,0.000157058460305286,"SGSM3-AS1","OPCs"
"EIF4H",10.0434866407705,0.801147063646778,0.185914681533633,4.30921892256179,1.63832131801216e-05,0.000157296670514495,"EIF4H","OPCs"
"PTPRD",326.825123028509,-0.526185292779798,0.122126835943063,-4.30851490351482,1.64354403399661e-05,0.000157655175000218,"PTPRD","OPCs"
"AMPH",17.8783574810354,-1.15584724027168,0.268311964092326,-4.30784830703244,1.64850375592014e-05,0.000157987826019858,"AMPH","OPCs"
"RHOBTB3",28.9380367301277,0.426905270911894,0.099123414348335,4.3068055486031,1.65629088158201e-05,0.00015859060068674,"RHOBTB3","OPCs"
"GON4L",8.3564317391397,1.02349466254182,0.23771168651132,4.30561356727018,1.66523531774042e-05,0.000159302999230994,"GON4L","OPCs"
"KPNA1",16.6753087542767,0.660483845730471,0.153450702574692,4.30420867841243,1.67583648232144e-05,0.000160172458012492,"KPNA1","OPCs"
"NUP98",11.0340274104112,0.785845978812991,0.182613591883371,4.30332688113864,1.68252326625543e-05,0.000160666558968845,"NUP98","OPCs"
"GPR155",23.4386585839261,-0.517266787170207,0.120223272791352,-4.30255120460683,1.68842633688925e-05,0.000161084999168082,"GPR155","OPCs"
"TULP3",7.69935307536845,1.31564848346453,0.30603826359331,4.29896728604131,1.71595795809916e-05,0.000163564309417372,"TULP3","OPCs"
"CNNM2",22.3468089856273,-0.571065472419697,0.132845098902709,-4.29873196028047,1.71778061560297e-05,0.000163590797834851,"CNNM2","OPCs"
"CNRIP1",5.87095712509084,-1.4143964081985,0.329120781903172,-4.29749953807117,1.72735620635277e-05,0.000164354916669145,"CNRIP1","OPCs"
"GNL1",6.75680064660838,0.968838387787213,0.225538988583809,4.29565812044598,1.74175835611753e-05,0.000165576490047438,"GNL1","OPCs"
"SDHAF2",3.91417026820924,-1.239047787766,0.288504972583629,-4.29471900144404,1.74914740697998e-05,0.000166129785111372,"SDHAF2","OPCs"
"DDHD1",27.6966555540095,0.545640430463976,0.127083200630518,4.29356852642051,1.75824013215495e-05,0.000166843754475994,"DDHD1","OPCs"
"SUGCT",6.81919029481057,-1.14365077817832,0.266393656787873,-4.29308562361526,1.76207013565952e-05,0.000167057499880343,"SUGCT","OPCs"
"ZNF140",2.95632001515871,1.39920613434102,0.326262014944238,4.28859649683756,1.79805679987448e-05,0.000170316829254658,"ZNF140","OPCs"
"NPLOC4",8.82297745295446,0.92445304397392,0.215660817824916,4.28660640953534,1.81423318351238e-05,0.000171695526482539,"NPLOC4","OPCs"
"TACC1",28.5394036185975,0.889560768575617,0.207557085855877,4.28586075443991,1.82032985662386e-05,0.000172118689121846,"TACC1","OPCs"
"LRRN1",34.6039583099291,-1.34052604930085,0.312811580567988,-4.28541055566671,1.8240202449853e-05,0.000172313776934829,"LRRN1","OPCs"
"PGLS",4.61493752268886,1.29878753805734,0.30315953461794,4.28417182950935,1.83421120444003e-05,0.000173122073574153,"PGLS","OPCs"
"BNIP3L",22.5335113551447,0.76201614324871,0.177908110643054,4.28320069554097,1.84223859846606e-05,0.000173724904343327,"BNIP3L","OPCs"
"ENSG00000289187",1.55409677136929,2.95355601328478,0.689620841404297,4.2828694203475,1.8449845665623e-05,0.000173829061920772,"ENSG00000289187","OPCs"
"PTPRG-AS1",3.06004940711939,-1.62578561223941,0.379670690126896,-4.28209407393558,1.85142672872284e-05,0.00017393016506496,"PTPRG-AS1","OPCs"
"STX17",13.7436608222438,-0.831405688628342,0.194174148048029,-4.2817527306606,1.85426965399755e-05,0.00017393016506496,"STX17","OPCs"
"ETNK1",28.7585960124032,0.595029099716679,0.138962371373747,4.28194405315892,1.85267568598753e-05,0.00017393016506496,"ETNK1","OPCs"
"ADARB1",4.52019832707816,-1.95334303533019,0.456124627370771,-4.28247658230997,1.84824588758633e-05,0.00017393016506496,"ADARB1","OPCs"
"EIF4ENIF1",5.98390807756821,1.08847822778753,0.254206653908627,4.28186363752216,1.85334549491642e-05,0.00017393016506496,"EIF4ENIF1","OPCs"
"OBSL1",8.82022596701614,-1.3634702015268,0.318519267702154,-4.28065219213607,1.86346398737315e-05,0.000174483498021942,"OBSL1","OPCs"
"C2orf72",7.31980220759606,-1.16622908643,0.272430793060819,-4.28082697013493,1.86200092791088e-05,0.000174483498021942,"C2orf72","OPCs"
"DSCAM",598.728553866687,-0.887089489737838,0.207321081421903,-4.2788195182746,1.87887131270783e-05,0.000175770734996254,"DSCAM","OPCs"
"GRM1",3.90946649621075,-3.40267989933959,0.795345260989888,-4.27824250201052,1.8837473639688e-05,0.000176071355555424,"GRM1","OPCs"
"TJP2",14.357222337761,0.675461899555628,0.157932333010949,4.27690699350842,1.89507929681883e-05,0.000176974336448955,"TJP2","OPCs"
"CMTM8",2.07727926409658,-1.98026824241553,0.463313428024705,-4.27414385734129,1.91873128326365e-05,0.000179025236033146,"CMTM8","OPCs"
"EPG5",9.42347861842706,0.741683458930735,0.173537314340129,4.27391343326343,1.92071632485964e-05,0.000179052692607954,"EPG5","OPCs"
"DDX49",4.63994766347135,1.05390746912016,0.246646286048191,4.27295089663035,1.92902948976412e-05,0.000179669501289376,"DDX49","OPCs"
"FOLH1",15.7688015897879,1.07853638564705,0.252514248496302,4.27119020835313,1.94432482257797e-05,0.000180934972505278,"FOLH1","OPCs"
"MAP2K3",2.66632679053712,1.48226165253277,0.347174277986171,4.26950308971858,1.95908935769001e-05,0.000182148870043347,"MAP2K3","OPCs"
"OSTM1",9.55064564292914,0.831996686253185,0.194923260157608,4.26832942143723,1.9694234279585e-05,0.000182949071070882,"OSTM1","OPCs"
"ANKRD65",3.72535699814351,1.42547607691351,0.334069841640438,4.26700018748703,1.98118993061832e-05,0.000183880818275618,"ANKRD65","OPCs"
"NR0B1",1.86342312443513,-2.13113431870834,0.499769502725523,-4.26423442624263,2.00588762761225e-05,0.000186010069846005,"NR0B1","OPCs"
"CACNB4",35.2842334179984,-1.16637880480454,0.273555200392834,-4.26377858337031,2.00998625206253e-05,0.000186227072697657,"CACNB4","OPCs"
"DPY19L2",12.9826525005509,-1.20994487847506,0.28383126390076,-4.26290205612485,2.01788980051997e-05,0.000186795917722959,"DPY19L2","OPCs"
"ENSG00000283294",5.00084011442791,-2.13935070004907,0.50188614198252,-4.26262158105887,2.02042505636819e-05,0.000186867260671958,"ENSG00000283294","OPCs"
"IRF3",5.15706727924695,1.01720697120666,0.238867964693199,4.25844868948063,2.05850455170087e-05,0.000190223064594347,"IRF3","OPCs"
"KMT5C",5.65947855266838,1.01740293275772,0.239134745493145,4.25451738792547,2.09500380349635e-05,0.000193427116643647,"KMT5C","OPCs"
"SOX2-OT",321.758808340243,-0.817742531584296,0.192285861984415,-4.25274392586686,2.11167000941064e-05,0.000194796040066713,"SOX2-OT","OPCs"
"RPS6KB1",11.9717617981195,0.73730352664072,0.173493806512486,4.24973975418344,2.14019024412172e-05,0.000197255132160566,"RPS6KB1","OPCs"
"ARG2",4.15104946071181,1.35515953632057,0.319043798351838,4.24756583052624,2.16105676216163e-05,0.000199005140098189,"ARG2","OPCs"
"RNF138",7.92238721408606,0.76650954193102,0.180493755783694,4.24673717161504,2.16906155133074e-05,0.000199568738736686,"RNF138","OPCs"
"GLYATL2",3.71393548352322,-1.39951263040384,0.329628664399653,-4.24572490669993,2.17887826226568e-05,0.000200297923588486,"GLYATL2","OPCs"
"H2AC6",8.20779351934641,1.41010017510725,0.332197008751537,4.24477083766255,2.18816930478333e-05,0.000200792650243285,"H2AC6","OPCs"
"TMEM72-AS1",4.6934624256328,-1.14912192664811,0.270714442536789,-4.24477510649233,2.1881276496315e-05,0.000200792650243285,"TMEM72-AS1","OPCs"
"DBNDD2",52.6450125437694,1.06584443637847,0.251106652245142,4.24458861144764,2.18994816837577e-05,0.000200792650243285,"DBNDD2","OPCs"
"SYNJ2",27.5568495698445,1.57833204743011,0.37190819975008,4.24387536626172,2.1969240020722e-05,0.000201258003304019,"SYNJ2","OPCs"
"SPOPL-DT",2.94858944143623,-1.49557722768429,0.352481074844568,-4.24300007693687,2.20551360075994e-05,0.000201870259568261,"SPOPL-DT","OPCs"
"RNF157",21.0743447500986,0.88990944716635,0.210007389992309,4.23751491411297,2.26007411086395e-05,0.000206685533972791,"RNF157","OPCs"
"RNH1",14.687629834762,0.853906521939156,0.201534554155516,4.23702290417271,2.26503038373134e-05,0.000206850217440276,"RNH1","OPCs"
"RELT",2.45380961762343,2.39515155761879,0.565301086981062,4.23694843823823,2.26578141860926e-05,0.000206850217440276,"RELT","OPCs"
"TMIGD3",4.3320023668625,3.04174945509251,0.718177047669687,4.23537547595298,2.28170119991628e-05,0.000208124166297273,"TMIGD3","OPCs"
"EPHX1",8.04351535849632,1.22633451054953,0.28968687448251,4.2333105797086,2.3027614348406e-05,0.000209765745822353,"EPHX1","OPCs"
"BLVRA",2.47934961993265,-1.8733218059751,0.44252850534226,-4.23322290736106,2.30365970152405e-05,0.000209765745822353,"BLVRA","OPCs"
"CIBAR1",5.77045114691064,-1.54290999255574,0.36460160928815,-4.23176956231248,2.31859894052759e-05,0.000210944697424289,"CIBAR1","OPCs"
"IFT88",20.2560084666733,0.566342641300068,0.133854182509329,4.23104179998705,2.32611435899547e-05,0.000211446790229717,"IFT88","OPCs"
"TMEM144",123.397287194317,1.34708834731376,0.318441622771298,4.23025211211547,2.33429548837608e-05,0.000212008483892819,"TMEM144","OPCs"
"MAL",23.2774442228278,1.21077885611674,0.286277080320531,4.22939501395323,2.34320596841914e-05,0.000212635400219012,"MAL","OPCs"
"MYO5A",74.4066249056742,-0.464280415965263,0.109908015333661,-4.22426348575024,2.39723455966631e-05,0.000217352003312211,"MYO5A","OPCs"
"ARL16",5.95104135635067,-1.0178981019364,0.240992196304532,-4.22378034453086,2.40238204040449e-05,0.000217632385011835,"ARL16","OPCs"
"ENSG00000287299",5.15944922932438,1.28852652312565,0.305287844753812,4.22069383130775,2.43551537375324e-05,0.000220396922567033,"ENSG00000287299","OPCs"
"ENSG00000253642",6.86196745213116,-1.98540607239132,0.47041397411682,-4.22055079490108,2.43706134396597e-05,0.000220396922567033,"ENSG00000253642","OPCs"
"LINC00276",4.12485627790463,-1.44703556307319,0.343038387577707,-4.21829047556782,2.46161568203574e-05,0.000222267291680596,"LINC00276","OPCs"
"RHOXF1",7.92187244797883,-0.987622645790516,0.2341303012174,-4.21826068926238,2.46194082286439e-05,0.000222267291680596,"RHOXF1","OPCs"
"LSS",19.6716046012412,1.39255764877503,0.330150691761691,4.2179455731088,2.46538306555028e-05,0.000222388472437628,"LSS","OPCs"
"TNKS",85.5599730250018,0.411346013934474,0.097570358865339,4.21589116528915,2.48793733629888e-05,0.000224231969288555,"TNKS","OPCs"
"ARMC10",8.60890538040073,0.775897533897176,0.184191809543978,4.21244319070507,2.52623262558882e-05,0.000227296546346522,"ARMC10","OPCs"
"CA2",29.8367028401262,1.15469377818162,0.274111526214521,4.21249625700873,2.52563901372898e-05,0.000227296546346522,"CA2","OPCs"
"SLC44A1",221.433721949467,1.16283472986108,0.276097796815358,4.21167696111222,2.53481865208492e-05,0.000227875462865698,"SLC44A1","OPCs"
"ORMDL1",17.6898265140002,-0.797681826496737,0.189425814832056,-4.21105131422534,2.54184994982966e-05,0.000228313748674267,"ORMDL1","OPCs"
"CUL4A",17.6188483404728,0.692544082036331,0.164487878752752,4.21030465762963,2.55026549019043e-05,0.000228749287711053,"CUL4A","OPCs"
"DDX3X",13.6409123092001,0.73974093377418,0.175700506172895,4.21023792069359,2.55101896871344e-05,0.000228749287711053,"DDX3X","OPCs"
"ZNF717",10.1847447389297,-0.75165659553645,0.178573766865623,-4.20922181757007,2.56251724216781e-05,0.000229585935656151,"ZNF717","OPCs"
"WSB1",124.553379182276,-0.544319430773073,0.129322208881653,-4.20901742616536,2.56483609286306e-05,0.000229599443984952,"WSB1","OPCs"
"PER1",12.0917531171566,1.40188908527127,0.333160562667649,4.2078482340353,2.57813916032153e-05,0.00023059538604565,"PER1","OPCs"
"POLDIP3",6.76572544910383,0.967930404575257,0.230068487478495,4.20714029628126,2.58622594621428e-05,0.000231123483294593,"POLDIP3","OPCs"
"PGAP1",30.8728538077665,0.85644049260543,0.203585405511018,4.20678727168917,2.59026756176424e-05,0.000231289489705592,"PGAP1","OPCs"
"TTF1",8.59058327669203,0.784560144901954,0.18664488562969,4.20349125696672,2.62829308607544e-05,0.000234092714731194,"TTF1","OPCs"
"NPIPB13",6.25580813854032,1.06945125897365,0.254406818717283,4.20370516940471,2.62580919413916e-05,0.000234092714731194,"NPIPB13","OPCs"
"CHERP",5.13691882893746,1.20920765348215,0.287660022869252,4.20359993516292,2.62703086586826e-05,0.000234092714731194,"CHERP","OPCs"
"ABCA8",30.7874167461776,1.19938541132004,0.285360054283064,4.20305993539765,2.63330826954877e-05,0.00023434230734892,"ABCA8","OPCs"
"SYT16",17.033171812431,-1.06741506637699,0.254123214706687,-4.20038392639183,2.6646274905008e-05,0.000236930353689366,"SYT16","OPCs"
"CDK11B",2.90367850981182,1.42656338446262,0.339855975399154,4.19755275094738,2.69814822169736e-05,0.000239709644863885,"CDK11B","OPCs"
"ZNF638",101.746309578398,0.400446707338278,0.0954141168911029,4.19693353967015,2.70553285029364e-05,0.000240164232058756,"ZNF638","OPCs"
"RBM19",4.93458855664549,1.02774534734907,0.244895546875437,4.19666817327561,2.7087034528782e-05,0.000240244301222614,"RBM19","OPCs"
"TNS2-AS1",7.16125510350474,1.07362463489819,0.256081905720656,4.19250486236751,2.75891167087755e-05,0.000244492674431743,"TNS2-AS1","OPCs"
"ZNF423",3.52463401919418,-1.89274806200736,0.451592107342942,-4.19127799452437,2.77387530297511e-05,0.000245613206174803,"ZNF423","OPCs"
"MYO6",59.591385835293,0.516707345280624,0.123311587717185,4.19025782447708,2.78637664901043e-05,0.000246514024336011,"MYO6","OPCs"
"RBBP8",1.91208066907482,-1.79926251910763,0.429434146404216,-4.18984501855152,2.79145045417704e-05,0.000246756763854214,"RBBP8","OPCs"
"ALG1",4.69098089223072,1.04967579346078,0.250542640081202,4.18960937395958,2.79435070314886e-05,0.000246807122154683,"ALG1","OPCs"
"CPVL-AS2",3.04457230302531,-2.13033441793432,0.508515550010062,-4.1893201061249,2.79791484927565e-05,0.000246915985448576,"CPVL-AS2","OPCs"
"CACNA1B",12.5090796368413,-3.42206081760718,0.816979517083419,-4.18867394598066,2.80589197732755e-05,0.000247413788841788,"CACNA1B","OPCs"
"ENSG00000253853",7.89832686255235,1.50091543638,0.358357100997549,4.18832341315949,2.81022849942473e-05,0.00024759001504915,"ENSG00000253853","OPCs"
"FIRRE",1.53187135388577,2.24457135633664,0.536072984053647,4.18706299907852,2.82587407733373e-05,0.000248761483615662,"FIRRE","OPCs"
"ENSG00000288830",1.39486560501137,-2.47505181225195,0.59117388742189,-4.18667310060945,2.83073065144589e-05,0.000248982039857242,"ENSG00000288830","OPCs"
"MAIP1",5.79636813141003,1.06526269419697,0.254479723885593,4.18604153577234,2.83861426142646e-05,0.000249468257497976,"MAIP1","OPCs"
"ANKRD7",3.90937713206766,-1.57502075530678,0.376349556801707,-4.18499431404043,2.85173239355427e-05,0.000250413317145437,"ANKRD7","OPCs"
"GRM5P1",5.61581856819796,-4.95397576751849,1.18434192609948,-4.18289318172998,2.87822646265944e-05,0.000252530391379979,"GRM5P1","OPCs"
"NRG1",7.08629196848465,-3.13014507440848,0.748504736027588,-4.18186408682004,2.89128796312714e-05,0.000253466386833745,"NRG1","OPCs"
"DBX2-AS1",2.73340367203112,-1.97086205465355,0.471534373572472,-4.17967843939302,2.919215838436e-05,0.000255491700239977,"DBX2-AS1","OPCs"
"RARG",2.40497499724797,-1.6807671952749,0.402117807269139,-4.1797880245327,2.91780949127788e-05,0.000255491700239977,"RARG","OPCs"
"NIPAL2",4.6816105863943,-2.17969619396901,0.521943086553536,-4.17611852733189,2.96525354529875e-05,0.000259306647768074,"NIPAL2","OPCs"
"MVP",4.77221397245387,2.07215616879514,0.496270839498511,4.17545421546243,2.9739206513644e-05,0.00025984999750783,"MVP","OPCs"
"CLDN1",2.33044579135966,-1.95554723295863,0.468394773937611,-4.17499797557328,2.97988703653768e-05,0.000260156667081072,"CLDN1","OPCs"
"ZNF621",7.84857899471462,1.52905352938168,0.366280273047763,4.17454512813003,2.98582030667484e-05,0.000260459942732179,"ZNF621","OPCs"
"ATXN10",39.8688748873194,-0.408922726654564,0.0979877284736793,-4.17320345133223,3.00346512611354e-05,0.000261783503584711,"ATXN10","OPCs"
"ITPRID2",12.3586200173882,0.751038502549097,0.179989539472523,4.1726786164912,3.01039432502998e-05,0.000262171676826213,"ITPRID2","OPCs"
"CRB1",38.3459545473172,-0.801032780418953,0.192116986226197,-4.16950523820847,3.05261600297095e-05,0.000265630266815632,"CRB1","OPCs"
"DTNBP1",7.29017059583063,-0.878565215511574,0.210761649753114,-4.1685250449535,3.06577078855163e-05,0.000266185291652691,"DTNBP1","OPCs"
"TPK1",9.18394032408485,-0.811320720959237,0.194617354252895,-4.16879945816634,3.06208257780707e-05,0.000266185291652691,"TPK1","OPCs"
"ANKRD46",4.9820363488443,-1.21665964558372,0.291872117011414,-4.16846822519926,3.06653499354375e-05,0.000266185291652691,"ANKRD46","OPCs"
"MDGA2",312.606158621472,-0.855829429069508,0.205323236111213,-4.16820543684569,3.07007175646914e-05,0.000266274036863294,"MDGA2","OPCs"
"GPM6B",262.794228358477,0.614886619078683,0.147555091288589,4.16716640346949,3.0840936890844e-05,0.000267271294332273,"GPM6B","OPCs"
"ZNF350-AS1",4.44259225651764,-1.30320407420029,0.312757957233302,-4.16681348646924,3.08887019462178e-05,0.000267466356181886,"ZNF350-AS1","OPCs"
"RAD23B",12.1692053897922,0.669086382104497,0.160586450850528,4.16651827449176,3.09287109839543e-05,0.000267593994542545,"RAD23B","OPCs"
"VWC2",24.1029075802942,-1.09922309995613,0.263871605772881,-4.165749841619,3.10330850301303e-05,0.000268277853444146,"VWC2","OPCs"
"LAMA4",18.6502391442779,-1.36101944357811,0.326847483028484,-4.16408115175695,3.12608921622909e-05,0.000270026792821093,"LAMA4","OPCs"
"PPM1D",7.59100541635242,0.786423731227893,0.188919400066626,4.16274734596101,3.14441231654135e-05,0.000271388153481442,"PPM1D","OPCs"
"SLC27A4",4.97287457889412,1.08985909751014,0.261857377579215,4.162033193739,3.15426485306099e-05,0.000272016814282702,"SLC27A4","OPCs"
"NMT1",24.4800254467327,0.480650370671059,0.115495661250191,4.16163140215159,3.15982090859356e-05,0.000272274234515914,"NMT1","OPCs"
"RAPGEF6",55.4756584329257,0.603326499575932,0.144991844241704,4.16110645899623,3.16709394097724e-05,0.000272457553492681,"RAPGEF6","OPCs"
"INPPL1",8.23908430860268,1.43104488812722,0.343895852329829,4.16127405559609,3.16477018095185e-05,0.000272457553492681,"INPPL1","OPCs"
"FKBP4",10.699281647509,1.49996741265507,0.360577845864831,4.15989897842297,3.18388387740845e-05,0.000273679628748016,"FKBP4","OPCs"
"SCRN3",6.86424672674061,-1.15588267843553,0.2779169503997,-4.159093847184,3.19512613146824e-05,0.000274423241948489,"SCRN3","OPCs"
"ENSG00000287117",3.76999212339875,-1.17518698177785,0.282591173202285,-4.15861177991085,3.20187540115119e-05,0.000274780068867027,"ENSG00000287117","OPCs"
"EIF2AK2",16.2595948438614,-0.656710433101604,0.157930047185257,-4.15823616092042,3.20714370929967e-05,0.000275009326975575,"EIF2AK2","OPCs"
"LRCH1",10.2541085694934,-1.26682315050014,0.304783427709774,-4.15646992364185,3.2320269751246e-05,0.000276918816072569,"LRCH1","OPCs"
"IRF2BP2",14.6776489508726,0.967877292151557,0.232947754977048,4.15491144032239,3.25413556806835e-05,0.000278587677169312,"IRF2BP2","OPCs"
"KCNN2",11.2932220794059,-1.30520946334777,0.314297106122791,-4.15278867645012,3.28448024046682e-05,0.000280623926156867,"KCNN2","OPCs"
"ENSG00000227681",3.60057515820507,-3.76756744970425,0.907259088633792,-4.15269187920475,3.28587033460354e-05,0.000280623926156867,"ENSG00000227681","OPCs"
"HSPB1",30.155495158343,1.92301528704119,0.463060211174232,4.15284069033873,3.28373350575167e-05,0.000280623926156867,"HSPB1","OPCs"
"KCTD3",18.1351669459139,0.678758471407815,0.163498097782474,4.15147625944167,3.30337536153125e-05,0.000281438013504553,"KCTD3","OPCs"
"GRHPR",11.9115845969935,0.707708405541667,0.170466453743726,4.15159927363546,3.30159992615453e-05,0.000281438013504553,"GRHPR","OPCs"
"RAB39A",3.10924209286049,2.31789203652251,0.558307800742995,4.15163827809295,3.30103717315076e-05,0.000281438013504553,"RAB39A","OPCs"
"INPP5A",7.91801251642613,1.24162514936666,0.299132716229442,4.15075009185655,3.31387446335744e-05,0.000282105551181313,"INPP5A","OPCs"
"TESK2",8.45098899877984,0.990801861642721,0.238774497236816,4.14952967384974,3.33159099197643e-05,0.000283385932570525,"TESK2","OPCs"
"TAGAP-AS1",5.37017710885174,-1.69624890333082,0.40883555085469,-4.14897603641546,3.33965765130063e-05,0.000283844097329644,"TAGAP-AS1","OPCs"
"ENSG00000291055",5.20659942650118,-1.18903806056748,0.286647491623706,-4.14808465210078,3.35268437641787e-05,0.000284722754982079,"ENSG00000291055","OPCs"
"NREP",6.86491893262246,-2.01138810192567,0.484975527348518,-4.14740123676431,3.36270450735329e-05,0.000285344877667238,"NREP","OPCs"
"PABPC4",7.2293768031278,1.31949141320828,0.318196047035491,4.14678757169196,3.37172620371657e-05,0.000285881349058115,"PABPC4","OPCs"
"DCBLD2",16.3126039101618,0.715546772104134,0.172616357343142,4.14530107758969,3.3936750423367e-05,0.000287512149586765,"DCBLD2","OPCs"
"ENSG00000289128",6.56837580470607,-1.62457005435798,0.392014753612669,-4.14415539054722,3.4106842261784e-05,0.000288722189889922,"LOC105371031","OPCs"
"EMX2",3.85252606196398,-1.53793044981394,0.371162180818452,-4.14355375976788,3.41964859447257e-05,0.000289249829197001,"EMX2","OPCs"
"RTCA",7.43222916073548,1.15214871838056,0.27811876835802,4.14265000950028,3.43315664495607e-05,0.000289941959080584,"RTCA","OPCs"
"ENSG00000229618",7.81202253160954,-2.27947940782307,0.550296548204407,-4.14227458860303,3.4387828196904e-05,0.000289941959080584,"ENSG00000229618","OPCs"
"BIVM",12.0797909203886,-0.776200562115541,0.187370908298624,-4.14258845817444,3.43407847276675e-05,0.000289941959080584,"BIVM","OPCs"
"TMEM145",6.03872458045969,-1.35915226478282,0.328106647123257,-4.14241002643339,3.43675209713595e-05,0.000289941959080584,"TMEM145","OPCs"
"GEN1",3.44763946600152,1.18318768989947,0.285760244874866,4.14049088744862,3.46563377145444e-05,0.000291973441843297,"GEN1","OPCs"
"MAP3K13",28.4997418980014,-0.695355577815249,0.168052918265595,-4.13771795807967,3.50777181015413e-05,0.000295288580838889,"MAP3K13","OPCs"
"FMO5",4.49033950931416,1.78881045402877,0.432359080633787,4.13732597313923,3.51376760491553e-05,0.000295323801079806,"FMO5","OPCs"
"ENSG00000289001",6.82741024607463,1.54656180609481,0.373801386435387,4.1373891649868,3.51280036594894e-05,0.000295323801079806,"ENSG00000289001","OPCs"
"EGR1",3.28445668748991,1.62673321893762,0.393310483346219,4.1360026946082,3.53408041600514e-05,0.000296795492509869,"EGR1","OPCs"
"PJA1",2.82700861246223,-1.67695903099581,0.405533525671251,-4.13519209840927,3.54657838794315e-05,0.000297609073916941,"PJA1","OPCs"
"PTCH2",2.3788377410001,-1.52560895820272,0.368957541392399,-4.13491740118731,3.55082325062963e-05,0.000297729360444717,"PTCH2","OPCs"
"ATP2B2",14.9589835864218,-1.28090361142434,0.309808726814947,-4.13449816147186,3.55731101243013e-05,0.000297880606313123,"ATP2B2","OPCs"
"ENSG00000286314",5.16096147015282,2.25723712112803,0.545970958435606,4.13435382643024,3.55954721013996e-05,0.000297880606313123,"ENSG00000286314","OPCs"
"TBC1D17",7.6819007769487,1.37084189917728,0.331581291041594,4.13425587092402,3.56106560521637e-05,0.000297880606313123,"TBC1D17","OPCs"
"SUB1",21.6823481269236,-0.722252426030703,0.174719690213323,-4.13377808276143,3.56848055544813e-05,0.000298265265052847,"SUB1","OPCs"
"TMCO1",13.7254427518898,-0.702661259745149,0.169991318130225,-4.13351262566753,3.57260660385237e-05,0.000298374636709753,"TMCO1","OPCs"
"PLCG1",7.17566289914288,1.26776827513213,0.306730348548868,4.13316869729356,3.57795908286903e-05,0.000298586183511292,"PLCG1","OPCs"
"TMEM130",5.76043647213276,-1.38011319770103,0.334100018883832,-4.13083843069433,3.61442557094386e-05,0.000301391864537759,"TMEM130","OPCs"
"ENSG00000285755",28.6673508007251,-0.642530041497303,0.155645026037903,-4.12817587463947,3.6565240147753e-05,0.000304662386439579,"ENSG00000285755","OPCs"
"CCSAP",6.85801666959335,1.09807149472892,0.266162740089741,4.12556428581507,3.69826857378328e-05,0.000307865612805039,"CCSAP","OPCs"
"SLC8A1",119.935295161929,-0.97990316335143,0.23754372588996,-4.12514857919405,3.70495497553451e-05,0.000307865612805039,"SLC8A1","OPCs"
"SOX4",14.623302212056,-1.45427669001891,0.352557302947272,-4.12493707508425,3.70836130098678e-05,0.000307865612805039,"SOX4","OPCs"
"ENSG00000227598",2.89971110088637,1.93895698474498,0.470065432615519,4.12486613609582,3.7095044564611e-05,0.000307865612805039,"ENSG00000227598","OPCs"
"FAM66C",14.4595709739103,-0.771739982172964,0.187077993380163,-4.12523123767264,3.70362454799228e-05,0.000307865612805039,"FAM66C","OPCs"
"PHTF1",6.29996698396443,-1.05030899814177,0.254642073235728,-4.1246483143792,3.71301666374601e-05,0.000307875174005048,"PHTF1","OPCs"
"YY1AP1",13.0537545887084,0.737930685149665,0.178914038848754,4.12449850161551,3.71543411122239e-05,0.000307875174005048,"YY1AP1","OPCs"
"LINC01344",4.22266084569562,1.65347007583426,0.400912133903242,4.12427047227589,3.71911656557372e-05,0.000307939362231632,"LINC01344","OPCs"
"TTC28",54.643643532323,-0.538048083876802,0.130521987081996,-4.12227928723449,3.75141984800885e-05,0.000310371376487607,"TTC28","OPCs"
"UBR2",36.0241530201413,0.435424518163953,0.105633169782366,4.12204347423306,3.75526306882832e-05,0.000310446806392599,"UBR2","OPCs"
"FRAS1",4.95444128197737,-3.53909897718368,0.859302989927977,-4.11856937385998,3.81231803905135e-05,0.000314720262880996,"FRAS1","OPCs"
"SDR39U1",15.1819515138271,0.877312171608092,0.213015633465656,4.11853420021184,3.81289987985191e-05,0.000314720262880996,"SDR39U1","OPCs"
"CELF2",87.7939781625334,-1.53405370695807,0.372831262927754,-4.11460588071804,3.87841504475959e-05,0.000319878624018723,"CELF2","OPCs"
"TIMP4",2.00267409730044,-2.06919043485803,0.502917502995705,-4.11437347583367,3.88232430146383e-05,0.000319951862665385,"TIMP4","OPCs"
"INPP5K",3.33896471254266,1.22673756376006,0.298179870690887,4.11408577285144,3.88716890214699e-05,0.000320102011459849,"INPP5K","OPCs"
"MT1G",2.15359583624416,-2.13157115681841,0.5182137253202,-4.11330509530856,3.90034357631253e-05,0.000320937361873735,"MT1G","OPCs"
"ENSG00000243176",3.09730580984829,-2.55651187261638,0.621552991871,-4.11310363887199,3.90375021791894e-05,0.000320968282668956,"ENSG00000243176","OPCs"
"CRY1",9.91858384006612,0.936539311879085,0.227747293552884,4.11218635035772,3.91929736285858e-05,0.000321996579307,"CRY1","OPCs"
"MAPK10",90.4830420114144,-0.740429554999635,0.180071547674661,-4.11186311530673,3.92478987080207e-05,0.000322197866137938,"MAPK10","OPCs"
"PIANP",3.77070966400404,-1.60683091854971,0.390801157489085,-4.11163295644687,3.928705251943e-05,0.000322269470318175,"PIANP","OPCs"
"SIRT7",5.55366023258759,1.30876343358423,0.318961673925627,4.10319966495223,4.07475304442313e-05,0.000333990980963165,"SIRT7","OPCs"
"PCSK6",29.8129075921141,0.974836608388789,0.23762190791444,4.10246941010083,4.08763911784767e-05,0.000334788076241352,"PCSK6","OPCs"
"HSD17B7",6.40274460677182,1.11757908268454,0.27252543646685,4.10082485207021,4.11680072367748e-05,0.000336915917030483,"HSD17B7","OPCs"
"NDE1",6.67602290775983,1.48903021079617,0.363165425646513,4.10014309083905,4.12894762661631e-05,0.000337388544489713,"NDE1","OPCs"
"NUPR1",4.05922708370014,1.47406621956767,0.359504428757532,4.10027276899516,4.12663454199267e-05,0.000337388544489713,"NUPR1","OPCs"
"ATG3",5.2134925221917,1.02630715182056,0.250399117540523,4.09868517869064,4.15503738308513e-05,0.000338997271855713,"ATG3","OPCs"
"SPDYE3",6.04464777579267,-1.05360485080516,0.257052639644875,-4.09879024102124,4.15315204486433e-05,0.000338997271855713,"SPDYE3","OPCs"
"CHN1",38.8104782989679,-1.40305874080788,0.342479394313597,-4.09676834315801,4.18957779134386e-05,0.000341297588209094,"CHN1","OPCs"
"SYPL1",6.62150384942206,0.924563594443973,0.225681503792115,4.09676282242264,4.18967766451201e-05,0.000341297588209094,"SYPL1","OPCs"
"AIF1L",6.43434176931193,1.0462083969809,0.255585567075015,4.09337823318417,4.25133380807284e-05,0.000346053997136752,"AIF1L","OPCs"
"KIAA0930",39.7157342610064,0.961916500432658,0.235013884862791,4.0930198698441,4.25791217855841e-05,0.000346323271666157,"KIAA0930","OPCs"
"AKT1S1",4.71151647002779,1.56854724407355,0.3833154303303,4.09205348900759,4.27569991413301e-05,0.000347503162629844,"AKT1S1","OPCs"
"IFRD2",3.68445689695097,1.39268501460675,0.340411929984562,4.09117569607478,4.291918130506e-05,0.000348553780690633,"IFRD2","OPCs"
"HLTF",12.4083868557738,-0.677803703212434,0.165732165981375,-4.08975348387473,4.31831904643933e-05,0.000350160786384322,"HLTF","OPCs"
"MMUT",6.6924956067328,0.850198096176997,0.207880452132009,4.08984148080024,4.31668107427502e-05,0.000350160786384322,"MMUT","OPCs"
"STAT4",5.73812630933095,-4.28044818661019,1.04719888752072,-4.08752170921831,4.3600588733677e-05,0.000352997628501028,"STAT4","OPCs"
"SETD7",6.71500533269389,-1.0405623190764,0.25458122305737,-4.08734904554179,4.36330401990411e-05,0.000352997628501028,"SETD7","OPCs"
"SETBP1",23.6736183428528,-1.20142709375403,0.293913868289442,-4.08768426187661,4.35700585183315e-05,0.000352997628501028,"SETBP1","OPCs"
"GTF2IRD1",9.61847301903292,0.974942781962784,0.238648527188798,4.08526628446985,4.40262964069501e-05,0.000355907235839391,"GTF2IRD1","OPCs"
"TMC7",9.90617529972479,1.45596701667027,0.356553979725039,4.08344065544594,4.43737650230712e-05,0.000358442541261879,"TMC7","OPCs"
"GALNT15",3.95118599665689,1.57000773067888,0.384596985647305,4.08221538199641,4.46084260216634e-05,0.000359809779533314,"GALNT15","OPCs"
"LINC03000",4.00759915909846,-3.72663655365638,0.912898593349511,-4.08220209868327,4.46109764426102e-05,0.000359809779533314,"LINC03000","OPCs"
"AKR1B1",6.17962170242765,0.863711164360112,0.2116582457802,4.08068753086542,4.49026849214449e-05,0.000361886935554111,"AKR1B1","OPCs"
"PUS10",2.62731457141355,-1.57095272798487,0.385048566156617,-4.07988203583101,4.50585607049948e-05,0.000362867040202202,"PUS10","OPCs"
"WDR27",8.24100943068823,-0.857341871306734,0.210186594270477,-4.07895600707755,4.52383957464479e-05,0.000364038458172404,"WDR27","OPCs"
"QDPR",118.747777443389,1.0815632122736,0.265292241852627,4.07687463727047,4.56450858898754e-05,0.000367032239615626,"QDPR","OPCs"
"CACNG5",11.1020203215442,1.13395533452275,0.278199879589514,4.07604538217599,4.58080824487964e-05,0.00036806342422819,"CACNG5","OPCs"
"CXCR4",2.86553807734896,1.4699260093441,0.360676173926259,4.07547300211917,4.59209100328903e-05,0.000368690248103342,"CXCR4","OPCs"
"NOP2",2.7493510144004,1.38198435297519,0.339175816401169,4.07453682175444,4.61060181618763e-05,0.000369896009344144,"NOP2","OPCs"
"ADGRE5",2.47269664982778,1.41967742997123,0.348942785647146,4.06851062227381,4.73146044633451e-05,0.000379304815493432,"ADGRE5","OPCs"
"EPS8",23.0405229217947,-0.503291442239585,0.123766656712728,-4.06645420993931,4.77338589997278e-05,0.000382376374286776,"EPS8","OPCs"
"CYRIA",19.2323473578406,-0.989595546506601,0.243373192990253,-4.06616494753484,4.7793114667588e-05,0.000382561666160058,"CYRIA","OPCs"
"TRAF3IP2",5.66576232233309,-1.16863256371752,0.287500651024217,-4.06479971281553,4.80737268247051e-05,0.000384517195674945,"TRAF3IP2","OPCs"
"TMCC3",7.51353875436492,1.16471291885568,0.28657022680188,4.06431935324845,4.81728315278038e-05,0.000385019083682598,"TMCC3","OPCs"
"PKD1L2",2.52544526773228,1.97238801916561,0.485459204189355,4.06293258453964,4.84600286485405e-05,0.000387022400745131,"PKD1L2","OPCs"
"MTRR",6.6325465840964,0.920008077095301,0.226556276671898,4.06083685082656,4.88971330296335e-05,0.000390106557436846,"MTRR","OPCs"
"ENSG00000291112",6.44369197937957,-1.15416616001151,0.28423869518024,-4.06055255523754,4.89567152817345e-05,0.000390106557436846,"ZNF204P","OPCs"
"ENSG00000290767",0.879390252068759,-2.68759713091723,0.661869215792889,-4.06061660942731,4.8943284895167e-05,0.000390106557436846,"DNM1P46","OPCs"
"KHDRBS2-OT1",4.37353912254946,-2.40751399976743,0.593033649949785,-4.0596583346852,4.91445737362478e-05,0.000391309049523958,"KHDRBS2-OT1","OPCs"
"ATF7",18.31921928077,0.752724208726834,0.185425362907432,4.05944578953102,4.91893257721667e-05,0.000391371119404392,"ATF7","OPCs"
"FAAH2",4.48831363539041,-1.08454548551119,0.267299507124,-4.05741670525441,4.96185048919575e-05,0.000394489464568942,"FAAH2","OPCs"
"KNOP1",19.7618496467423,1.19950542319191,0.295788505140913,4.05528072370653,5.007412801299e-05,0.000397813215046935,"KNOP1","OPCs"
"ACTN2",9.43621462754127,1.42261035539211,0.350829564574123,4.05498994111012,5.01364602409826e-05,0.000397885843070495,"ACTN2","OPCs"
"SEC24C",6.93044921911321,0.913182395419759,0.225205353009001,4.05488760910253,5.01584136448641e-05,0.000397885843070495,"SEC24C","OPCs"
"HSD11B1",3.91454236579595,1.46863141477673,0.362406306391913,4.05244442183775,5.06852670830742e-05,0.000401764205396524,"HSD11B1","OPCs"
"INTU",7.84641455637812,-0.915006864337041,0.225873806801209,-4.05096490511773,5.10068581517207e-05,0.000403815218955503,"INTU","OPCs"
"SLC25A16",6.09066673698124,-0.970772026039272,0.239652874888706,-4.05074225164249,5.10554217013367e-05,0.000403815218955503,"SLC25A16","OPCs"
"CORO2B",9.05664102537603,1.04854771009304,0.258854104153198,4.05072855044432,5.10584115374332e-05,0.000403815218955503,"CORO2B","OPCs"
"NRXN1",653.126826101795,-1.12499560240163,0.277781028287238,-4.04993677695778,5.12314722260922e-05,0.000404546661407678,"NRXN1","OPCs"
"TRUB2",4.49377793797352,1.34608299954964,0.332384112853342,4.04978140499625,5.12654976023705e-05,0.000404546661407678,"TRUB2","OPCs"
"SPG11",22.464524392929,0.659346339920946,0.162796855908504,4.05011716130142,5.11919961610935e-05,0.000404546661407678,"SPG11","OPCs"
"MLLT3",43.7373531568454,-0.529736251019248,0.130813142843561,-4.04956443598911,5.13130481399347e-05,0.000404620387045353,"MLLT3","OPCs"
"CLTC",24.6436699825316,0.50090818640748,0.123760095188859,4.04741274352682,5.17868773629326e-05,0.000408052850649893,"CLTC","OPCs"
"PNKD",19.1947032337719,-0.521324196579417,0.128819396934866,-4.04693865197189,5.18918341761713e-05,0.000408575854219817,"PNKD","OPCs"
"GRM7-AS1",4.05066514036546,-1.86820845233887,0.461713921618353,-4.0462467447172,5.20453739922445e-05,0.000409480319894405,"GRM7-AS1","OPCs"
"RASAL2",39.4758659216125,-0.831144349005998,0.205555847619574,-4.04339919603849,5.26818116549378e-05,0.000414179944636816,"RASAL2","OPCs"
"ZNF350",3.90305847908795,1.21227629573406,0.299896738380746,4.04231237151692,5.29266599164055e-05,0.000415796237770574,"ZNF350","OPCs"
"MAPK10-AS1",12.6368457652686,-1.2847154229448,0.318177656703778,-4.03772985273087,5.39709536872149e-05,0.000423685989286587,"MAPK10-AS1","OPCs"
"PIAS4",6.01784815039048,1.14887034023151,0.284614668227106,4.03658162591526,5.42356612465428e-05,0.000425448631556213,"PIAS4","OPCs"
"LRP4-AS1",21.0136299285301,-1.25891098268505,0.311898211445988,-4.03628791857648,5.43035686437458e-05,0.00042566601919857,"LRP4-AS1","OPCs"
"SLC25A46",21.5976016576477,0.664343761026652,0.164651783441879,4.03484096642755,5.46392927572582e-05,0.000427980850813139,"SLC25A46","OPCs"
"KCMF1",12.1599688209404,0.999033593048126,0.247631487744922,4.03435605926335,5.47522409175176e-05,0.000428548581904295,"KCMF1","OPCs"
"GNG5",2.92070387563553,1.42717347998591,0.353782321441101,4.03404408160489,5.48250259591415e-05,0.000428683203643636,"GNG5","OPCs"
"CRISPLD1",8.262898950834,-1.42520324526916,0.353303436947427,-4.03393541139324,5.48504004662066e-05,0.000428683203643636,"CRISPLD1","OPCs"
"LINC01411",5.36143751404662,-1.50271465998959,0.372715024983184,-4.0318059623633,5.53498778780995e-05,0.000431949304885095,"LINC01411","OPCs"
"PDE4A",3.4129533743665,-1.92878122973431,0.478389158667643,-4.03182470753756,5.53454623262287e-05,0.000431949304885095,"PDE4A","OPCs"
"STARD13",50.6424668511479,1.19080740518966,0.295368813414462,4.03159491154104,5.53996153552444e-05,0.000432019091761442,"STARD13","OPCs"
"UCHL1",22.7962200352686,-0.833107768137801,0.206697827820004,-4.03055889326175,5.56443841765466e-05,0.000433608556607527,"UCHL1","OPCs"
"RPS27L",18.4250968647962,0.543857078748066,0.134950972386905,4.03003453127278,5.57686596387259e-05,0.000434076893298165,"RPS27L","OPCs"
"ARFGAP3",10.0197440140415,0.828229324694629,0.205518026849941,4.02995949985138,5.57864638129181e-05,0.000434076893298165,"ARFGAP3","OPCs"
"LY6H",19.3555396458124,-1.19891722681481,0.297601167883524,-4.02860390414882,5.61090614514061e-05,0.000436266491020845,"LY6H","OPCs"
"SFT2D1",14.8770196573299,0.733733375167013,0.182182176495704,4.02747068500587,5.63800943412859e-05,0.000438052237031708,"SFT2D1","OPCs"
"COPB2",11.3980236537406,0.737016355402545,0.183130750539917,4.02453631205916,5.70876854242175e-05,0.000442900064939533,"COPB2","OPCs"
"ENSG00000285980",5.52508068026638,-1.04902559433662,0.260656939752079,-4.02454504121161,5.70855680677149e-05,0.000442900064939533,"ENSG00000285980","OPCs"
"CLDND1",72.4742524117545,0.804990082887963,0.200029742438769,4.02435194423338,5.71324233455037e-05,0.000442922667078246,"CLDND1","OPCs"
"FADS1",12.987217006578,1.3097735113345,0.325563939140697,4.02309148486026,5.74391718564202e-05,0.00044497500362801,"FADS1","OPCs"
"GPC6",134.571673104148,-1.32490862547761,0.329493219051814,-4.02104974812626,5.79393661476193e-05,0.000448521847590123,"GPC6","OPCs"
"FRMD8",4.32786517329178,1.5325110163299,0.381307510102482,4.01909476138566,5.84221719773895e-05,0.000451929000175716,"FRMD8","OPCs"
"CYP4V2",8.73695658032997,-0.926514473397906,0.230545537304423,-4.01879162021901,5.84973764264661e-05,0.000452180449895092,"CYP4V2","OPCs"
"ABCF1",3.98480661821443,1.27801883540385,0.318117166874417,4.01744692988661,5.88320791824986e-05,0.000454104751124388,"ABCF1","OPCs"
"ENSG00000261448",1.08501426093232,-2.70492136783008,0.673284450887475,-4.01750161356712,5.88184327315279e-05,0.000454104751124388,"LOC102723692","OPCs"
"DHCR24",5.94535831536776,1.80475789642938,0.449581191458764,4.01430916309789,5.96201583112129e-05,0.000459852495641474,"DHCR24","OPCs"
"OXR1-AS1",1.7382806406537,-1.9097848293338,0.475790514638987,-4.01391950989793,5.97187181812694e-05,0.000460277456724631,"OXR1-AS1","OPCs"
"ZCCHC2",12.8692601797595,0.653393088578342,0.162801189875427,4.01344172655193,5.983978049423e-05,0.000460875109406469,"ZCCHC2","OPCs"
"STK38L",8.52360534846972,-0.91067878874937,0.227054496481609,-4.01083793917789,6.05036313558769e-05,0.000465649313996175,"STK38L","OPCs"
"ENSG00000290921",10.9820364652882,0.713400187488941,0.177914201902287,4.00979899221734,6.07704583397212e-05,0.000467363219911146,"PARGP1","OPCs"
"LINC00963",3.39987755656507,1.24822107005721,0.311400619351918,4.00840907977314,6.1129164510746e-05,0.000469780734520174,"LINC00963","OPCs"
"ARAP2",113.542703366211,0.637723409495999,0.159128962846061,4.00758855013038,6.13418654495949e-05,0.0004710734989929,"ARAP2","OPCs"
"MIR124-2HG",3.99310360568657,-2.5973362229259,0.648532290069637,-4.0049451086653,6.20318838652614e-05,0.00047587917698164,"MIR124-2HG","OPCs"
"ENSG00000271774",4.57360781729743,-1.77291774955384,0.442692956362545,-4.00484743222772,6.20575206243291e-05,0.00047587917698164,"ENSG00000271774","OPCs"
"ADAMTSL1",4.30456799020812,-2.79959554918758,0.699245069851905,-4.00374013331337,6.23488513870389e-05,0.00047776724760401,"ADAMTSL1","OPCs"
"BDH1",7.5852666547193,-0.903421929205229,0.225827458045684,-4.00049638349323,6.3209753255739e-05,0.000484013945754357,"BDH1","OPCs"
"ZNF337-AS1",4.21075096970474,-1.10408829892377,0.276019487928125,-4.000037487249,6.33324505644943e-05,0.000484603071877164,"ZNF337-AS1","OPCs"
"NHERF2",2.13039803333541,1.85478112282345,0.46385783825137,3.99859821236506,6.37187405331549e-05,0.00048720683194665,"NHERF2","OPCs"
"TTF2",3.11849977417905,1.56559461209507,0.391630291815007,3.99763410751332,6.39787448277548e-05,0.000488841924766179,"TTF2","OPCs"
"HEY2-AS1",1.7511028396933,2.11020474826159,0.527956196861487,3.99693148940388,6.41688624344746e-05,0.000489941062134885,"HEY2-AS1","OPCs"
"LINC00506",2.7070457752444,-1.55789230267829,0.389976895241796,-3.99483231362299,6.47400574303886e-05,0.000493590502655015,"LINC00506","OPCs"
"ACAT2",5.94674954986568,0.930595296025665,0.232947090989815,3.99487837376064,6.47274727881315e-05,0.000493590502655015,"ACAT2","OPCs"
"SPTSSA",8.86200990638877,0.979247428807342,0.245149595897179,3.99448926368233,6.4833859097381e-05,0.000493950048806666,"SPTSSA","OPCs"
"ADRM1",7.75223236685435,0.851443700731091,0.213181801139263,3.99397929926897,6.49735387054668e-05,0.000494658357218471,"ADRM1","OPCs"
"PTH2R",3.03473014815712,-1.83483804941945,0.459694050347995,-3.99143310214795,6.56752154077426e-05,0.000499641186183903,"PTH2R","OPCs"
"TTC39B",6.21249363319077,-1.18405354564905,0.296689301518515,-3.99088723317231,6.58265757467919e-05,0.000500433192504326,"TTC39B","OPCs"
"NFXL1",6.77828665889469,0.96614813653529,0.242131439379076,3.99018045328145,6.60230444896227e-05,0.000501566744006531,"NFXL1","OPCs"
"NAA30",6.52092438258036,-1.29194459658795,0.323796322116414,-3.989991572923,6.60756428287159e-05,0.000501606492871757,"NAA30","OPCs"
"ENSG00000253108",0.931284944110038,-2.84217710755245,0.712843827033577,-3.987096471579,6.68868332462919e-05,0.000507037626398161,"ENSG00000253108","OPCs"
"HSPA2",16.4030480345535,0.975112637500295,0.244564834212389,3.98713347583518,6.68764056690125e-05,0.000507037626398161,"HSPA2","OPCs"
"TLE1",13.7849508328722,1.00425426778498,0.251966790182745,3.98566123359598,6.7292463882523e-05,0.000509747634131558,"TLE1","OPCs"
"LINC00844",35.1973893177022,1.09500016930324,0.274835003205265,3.98420927659429,6.7705187565891e-05,0.000512507459844736,"LINC00844","OPCs"
"BBX",48.0635615125341,0.439177924247769,0.110251046266276,3.98343543323005,6.7926132499432e-05,0.000513812673692132,"BBX","OPCs"
"TFEB",14.068348840934,0.965734252485658,0.242525186826869,3.98199570577,6.83390148417577e-05,0.000516566857369175,"TFEB","OPCs"
"RPS6KA1",2.54283057090593,1.4010370785702,0.351883729031658,3.98153413465773,6.84718852461035e-05,0.000517202043335404,"RPS6KA1","OPCs"
"SESTD1",33.6737006301555,0.517936805414196,0.130093299699307,3.9812719533699,6.85474670127535e-05,0.000517403902826129,"SESTD1","OPCs"
"FAM204A",10.3530052840066,-0.759552912094472,0.190796633359863,-3.98095552693466,6.86387917289188e-05,0.000517724219664708,"FAM204A","OPCs"
"HIKESHI",9.65186540185713,-0.720624165990873,0.181045163312439,-3.98035580076368,6.88121963235177e-05,0.00051866274666623,"HIKESHI","OPCs"
"ADD2",6.53713008894481,-1.93683658434476,0.486735816646258,-3.97923579507686,6.91371447386736e-05,0.000520741367555159,"ADD2","OPCs"
"ERMN",23.0099320392859,0.87999459350662,0.22132967854774,3.97594484065909,7.01003737024967e-05,0.000527621149615807,"ERMN","OPCs"
"CA13",4.5618271839997,-1.37501682655098,0.346198046774038,-3.97176367505172,7.13424767269875e-05,0.000536588656632668,"CA13","OPCs"
"ANXA2R-AS1",4.29403123111184,1.01480424261461,0.255765219729754,3.96771790819281,7.25641532689721e-05,0.000545236806492394,"ANXA2R-AS1","OPCs"
"BMS1",5.39385731544266,1.09781898731165,0.276694888855605,3.96761570787291,7.2595268853095e-05,0.000545236806492394,"BMS1","OPCs"
"SAMD3",2.60844135731887,-4.02263916142788,1.01396988533422,-3.96721758664653,7.27165999497937e-05,0.000545761015923682,"SAMD3","OPCs"
"DIS3",6.69057089392426,0.849855699643851,0.214323296346577,3.96529781937271,7.3304363858394e-05,0.000549782728937955,"DIS3","OPCs"
"SNX19",14.6854286828335,0.956316066324078,0.241255286335929,3.96391756155131,7.3729722898624e-05,0.000552581575015165,"SNX19","OPCs"
"NECTIN3-AS1",5.01033807373326,-1.27692418904703,0.322181515337264,-3.96336887207924,7.38994620733604e-05,0.000553070885764585,"NECTIN3-AS1","OPCs"
"MICAL2",4.08847340757981,-3.38191748336463,0.85329181375408,-3.96337739194497,7.38968235980523e-05,0.000553070885764585,"MICAL2","OPCs"
"CARMIL1",7.62092519058753,-2.52113182209625,0.636184109275552,-3.96289656616409,7.40458676202353e-05,0.00055377523876998,"CARMIL1","OPCs"
"AKIRIN1",11.6495108406881,0.655554923524017,0.165439588985747,3.96250333758078,7.41679699725605e-05,0.000554296966837978,"AKIRIN1","OPCs"
"CDK19",65.968091389437,0.699754389327825,0.176677646381585,3.96062775149556,7.47529874756728e-05,0.000557881703571089,"CDK19","OPCs"
"SCRN2",3.54062849745982,-1.37783831506562,0.34787778631066,-3.96069645514872,7.47314812135486e-05,0.000557881703571089,"SCRN2","OPCs"
"FYCO1",3.45747232287532,1.28807584850066,0.325504315362211,3.95716980608176,7.58430184013445e-05,0.000565618003429745,"FYCO1","OPCs"
"ZNF652",27.6399857143218,0.893728539300388,0.225908666790342,3.95614985471021,7.61673921139395e-05,0.000567637355725981,"ZNF652","OPCs"
"CASP8AP2",8.08283272052559,0.764581030866521,0.193299258208114,3.95542661650228,7.63981969764684e-05,0.000568957036554712,"CASP8AP2","OPCs"
"AKAP9",57.9860451903778,0.354389549620509,0.0896140785124718,3.95461913466183,7.66566675668466e-05,0.000570446615041214,"AKAP9","OPCs"
"OSBPL5",8.10317727938079,0.982167656792834,0.248369258317537,3.95446547389189,7.67059471028034e-05,0.000570446615041214,"OSBPL5","OPCs"
"UBAP2L",7.25796821231747,0.8005742628353,0.202562863319985,3.95222623591495,7.74274859049108e-05,0.0005754084741986,"UBAP2L","OPCs"
"KIF13B",32.7321378776273,0.945310621263476,0.239246178771889,3.9512046801165,7.77587841685072e-05,0.000577465304589405,"KIF13B","OPCs"
"UBE2D3",38.6300040301908,0.441762972627848,0.111832384981298,3.95022401339045,7.80780823038692e-05,0.000579430197335652,"UBE2D3","OPCs"
"MMS22L",6.49772627175033,0.983069757905928,0.248891766912066,3.94978817540898,7.82203855819391e-05,0.000580079750219002,"MMS22L","OPCs"
"PET100",13.2856718342811,0.719415049974551,0.182150123531973,3.94957212229545,7.8291018873772e-05,0.000580197263732152,"PET100","OPCs"
"PRIMA1",4.30972592606724,1.22912999351063,0.311274324231105,3.94870343561669,7.85756238849044e-05,0.00058166958563381,"PRIMA1","OPCs"
"BCL7C",5.4850380259829,1.01037514689786,0.255879888420731,3.94863055918074,7.85995445743136e-05,0.00058166958563381,"BCL7C","OPCs"
"CBLB",22.7025975587659,-0.502717047075648,0.127324304591134,-3.94831959766034,7.87016908068155e-05,0.000582018788857665,"CBLB","OPCs"
"ADCY5",13.168416066959,0.973064086695882,0.246556240159257,3.94662120929227,7.92618043099931e-05,0.000585343450239071,"ADCY5","OPCs"
"SMC1A",4.44639994866442,1.35111708244314,0.342342266361357,3.94668498518666,7.92407036592278e-05,0.000585343450239071,"SMC1A","OPCs"
"DYNC2H1",23.7142173938741,-0.757377565073071,0.191926037681393,-3.946194972932,7.94029636967645e-05,0.000585977272159398,"DYNC2H1","OPCs"
"TBC1D9",4.45378789732578,-1.3520050264708,0.342632622037891,-3.94593199687006,7.94901736497089e-05,0.000586212353029539,"TBC1D9","OPCs"
"PUS7",6.31489091817202,0.922262615298549,0.233876379069841,3.94337649217299,8.03423762992595e-05,0.000591672993747676,"PUS7","OPCs"
"TRHDE",19.5630169660574,-1.82632476253308,0.463126977898266,-3.94346442701565,8.03129091049767e-05,0.000591672993747676,"TRHDE","OPCs"
"CDK14",55.3938133940557,-0.905677825743431,0.229850470430222,-3.9402913731185,8.13827006742955e-05,0.000598917859722578,"CDK14","OPCs"
"WIPI1",3.4087474550903,1.31333603218711,0.333533163282801,3.93764751684838,8.22843465540019e-05,0.000605132798615889,"WIPI1","OPCs"
"KMT2C",80.6492955841228,0.294491690230722,0.0749048204767627,3.93154523776051,8.44016099224179e-05,0.000620272761331302,"KMT2C","OPCs"
"BCHE",27.5848372187499,-1.298409250185,0.330300680040942,-3.93099175582703,8.45961731572429e-05,0.000621271479705411,"BCHE","OPCs"
"GALNT17",6.94389465298409,-2.44735037991378,0.62297569131881,-3.92848455247563,8.54828405547921e-05,0.000627194222646298,"GALNT17","OPCs"
"NR1H2",3.7640625769499,1.30991993218347,0.333450674206329,3.928376919019,8.55211008027624e-05,0.000627194222646298,"NR1H2","OPCs"
"ADCY2",26.5581848032949,-1.37683905618401,0.350571444156829,-3.92741359609449,8.58642524928061e-05,0.000629275040760427,"ADCY2","OPCs"
"ASPHD1",6.23507548218234,1.32174292981053,0.33655722029514,3.92724579984183,8.592415720242e-05,0.000629278578681623,"ASPHD1","OPCs"
"GSTA4",16.8026817124075,-0.804310849936749,0.204830257186311,-3.92671893784304,8.61125082475296e-05,0.000630222157803274,"GSTA4","OPCs"
"DOHH",4.75113333500787,1.08824167266756,0.277167250646842,3.92629962640919,8.62626891198826e-05,0.000630885274709639,"DOHH","OPCs"
"ITGAE",4.2370189124445,1.05156586163418,0.267857709308509,3.92583758126229,8.6428462109565e-05,0.000631661431152721,"ITGAE","OPCs"
"AP3B1",29.5641964256687,0.44465733482344,0.113273084217737,3.92553392444673,8.65375722499352e-05,0.000632022682846078,"AP3B1","OPCs"
"CRTAC1",10.3515998130246,-1.25973061375559,0.321032870459952,-3.92399261779873,8.70934051965044e-05,0.000634332297820483,"CRTAC1","OPCs"
"SLCO3A1",57.0138905115431,1.07927110203009,0.275027468774591,3.92423021176349,8.70075036400045e-05,0.000634332297820483,"SLCO3A1","OPCs"
"RAB12",10.1746536307829,0.879701028555835,0.224169643350681,3.92426474613991,8.69950244802303e-05,0.000634332297820483,"RAB12","OPCs"
"RANGAP1",13.8623351886941,1.75236916157583,0.446571113091139,3.9240539976848,8.70712057654205e-05,0.000634332297820483,"RANGAP1","OPCs"
"SETDB1",8.79928310243844,0.738720072815541,0.188288056272446,3.92335067576799,8.73258987696915e-05,0.000635588500323734,"SETDB1","OPCs"
"DNAH14",4.48390170508533,-1.5286497404355,0.390080378245636,-3.91880706051025,8.89883107595103e-05,0.000647243276746713,"DNAH14","OPCs"
"C17orf75",3.11229856122901,1.14950648615979,0.293634223568523,3.91475650280099,9.04954880319221e-05,0.000657753753094067,"C17orf75","OPCs"
"LRRC1",15.3750051395364,0.792565497425726,0.202534718926889,3.9132327614004,9.1068675228378e-05,0.000661465892090894,"LRRC1","OPCs"
"SBF1",7.18524442663589,0.839311970151577,0.214523216986821,3.91245284282279,9.13633830465268e-05,0.000663151628829828,"SBF1","OPCs"
"DOK5",8.54984561215479,-1.31176669417128,0.335312675883428,-3.91207010207785,9.15083385688934e-05,0.000663748839345604,"DOK5","OPCs"
"NDRG1",2.90968297920793,1.69468825010351,0.433239967452797,3.91166184428299,9.16631975888877e-05,0.000664417017430747,"NDRG1","OPCs"
"DAPK3",3.74762369407879,1.18219056739504,0.302348893048243,3.91002115296783,9.22880390039221e-05,0.000668488599898451,"DAPK3","OPCs"
"MSANTD2",8.8593161560388,-0.795663320550688,0.203532109926249,-3.90927662882776,9.25729088248842e-05,0.000670093714597077,"MSANTD2","OPCs"
"CPOX",10.8517670962655,1.17411053475351,0.300418899697045,3.90824457428456,9.29691672695675e-05,0.000672292268184567,"CPOX","OPCs"
"FSTL4",3.87319339076303,-2.95034305668458,0.754951502262945,-3.90799017929101,9.30670883058144e-05,0.000672292268184567,"FSTL4","OPCs"
"ZFAND4",5.95993976286282,-0.882855915572117,0.22590372279292,-3.9081069787478,9.30221180852226e-05,0.000672292268184567,"ZFAND4","OPCs"
"PLEKHH1",40.1650288495357,0.768337613852498,0.196621517222209,3.90769853018767,9.31794689373395e-05,0.000672388266400629,"PLEKHH1","OPCs"
"RAD23A",12.6184303684418,0.975738822723587,0.249701167671303,3.90762619103172,9.3207363085564e-05,0.000672388266400629,"RAD23A","OPCs"
"PLOD3",13.5042465074484,1.24261012295778,0.318136514150827,3.90590223908931,9.38744610789325e-05,0.000676739647941386,"PLOD3","OPCs"
"LINC01811",3.54909570545746,-3.39879681732066,0.870215151568406,-3.9056971269633,9.39541304456959e-05,0.000676853225455727,"LINC01811","OPCs"
"ACP7",1.29388858315502,2.37072972219836,0.607142072970884,3.90473635041933,9.43281647230223e-05,0.000679085835769413,"ACP7","OPCs"
"ANAPC2",5.27668630515371,1.02882454474353,0.263512094537535,3.90427827060129,9.45069917173088e-05,0.000679911034161889,"ANAPC2","OPCs"
"DPH5",4.31210680930522,-1.09089300999245,0.279477770561261,-3.90332657871739,9.48795409172108e-05,0.000682127860362025,"DPH5","OPCs"
"TLL1",10.6682464457087,-1.78536583589659,0.457574302604462,-3.90180529311739,9.54779447922336e-05,0.000685964338771881,"TLL1","OPCs"
"CSMD1",667.060765603348,-0.899373549180859,0.2306442805318,-3.89939671214548,9.64326630855699e-05,0.000692353831916058,"CSMD1","OPCs"
"UBE2I",8.06953665394921,0.731806780583552,0.187779249962509,3.89716531900975,9.73251847857953e-05,0.000698288419296458,"UBE2I","OPCs"
"RNF145",15.7911798945056,-0.598516638046056,0.153601364663278,-3.89655807653866,9.7569418782327e-05,0.000699093467459298,"RNF145","OPCs"
"ZNF487",3.84369159846101,1.26514240206826,0.324671330883581,3.89668653103808,9.75177059479199e-05,0.000699093467459298,"ZNF487","OPCs"
"VAC14",4.26544106372218,1.03338211177283,0.265237957625564,3.89605666181331,9.77715247335928e-05,0.000699594896573478,"VAC14","OPCs"
"KPNB1",20.4340534887219,0.596379655116655,0.153070278333151,3.89611661787575,9.77473373688874e-05,0.000699594896573478,"KPNB1","OPCs"
"PLEKHG3",12.7561596161612,0.787864268561787,0.20226543996632,3.89519963812392,9.81178819220697e-05,0.000701599169179418,"PLEKHG3","OPCs"
"GUCY1A2",34.2498337844438,-0.73392852694341,0.188454735360733,-3.89445521513987,9.84196724957363e-05,0.000703282275121354,"GUCY1A2","OPCs"
"CCDC171",12.2294601088573,-0.629500934775634,0.161690524664266,-3.89324566843191,9.89118946290214e-05,0.000706322969737921,"CCDC171","OPCs"
"TAF12",5.00949842435072,0.913159293187398,0.23459946013339,3.89241856169741,9.92498206980003e-05,0.000706850167360415,"TAF12","OPCs"
"ENSG00000272211",2.34334280182365,-1.62442704962329,0.417305851308745,-3.89265342081544,9.91537550708648e-05,0.000706850167360415,"ENSG00000272211","OPCs"
"UBE2Q2P2",6.67925979506767,-1.17502495850068,0.301875831499203,-3.89241150132876,9.9252709996689e-05,0.000706850167360415,"UBE2Q2P2","OPCs"
"ARRDC2",5.13692134182684,1.84966604729652,0.47519343323736,3.89244867020838,9.92375003514347e-05,0.000706850167360415,"ARRDC2","OPCs"
"POM121C",9.45488119141193,0.683016623710718,0.175592443102732,3.88978370390982,0.00010033360967557,0.000714067826924921,"POM121C","OPCs"
"CLN8",7.78111408302894,0.782518483252217,0.201191041108799,3.88943006080002,0.000100479920221618,0.000714521000150439,"CLN8","OPCs"
"SRPK3",2.73631613032757,1.79580112546256,0.461728175989315,3.88930374806522,0.000100532227594349,0.000714521000150439,"SRPK3","OPCs"
"LINC00327",1.43135494949674,-1.94914397152927,0.501319351276813,-3.88802859208404,0.000101061724001815,0.000717802586974664,"LINC00327","OPCs"
"SLC38A6",10.6679271852333,-0.798906029247359,0.205537322961096,-3.88691463787614,0.000101526436156159,0.000720619945639224,"SLC38A6","OPCs"
"ELMOD1",13.0414788822578,-1.25581233082343,0.323203766994696,-3.88551266744374,0.000102114167991792,0.000724306121254571,"ELMOD1","OPCs"
"STMN3",6.96947948352538,-1.60603268014524,0.413421920885475,-3.88473034208106,0.000102443527686716,0.000726155929184954,"STMN3","OPCs"
"DNHD1",14.7044613241347,0.892502022100694,0.229799637361956,3.88382693874717,0.000102825108722138,0.000728234694626969,"DNHD1","OPCs"
"MAFG",7.49903515161693,0.981268574123597,0.252662637115009,3.88371064803276,0.000102874325133328,0.000728234694626969,"MAFG","OPCs"
"HAUS5",4.19042384939354,1.01880324484054,0.262430745668786,3.88217943840456,0.000103524438986273,0.000732347233710507,"HAUS5","OPCs"
"UBA6-DT",40.3765495346191,-0.654965610109451,0.168724722557008,-3.88185916197404,0.000103660909903488,0.000732823121413841,"UBA6-DT","OPCs"
"MAGI3",23.7308814486396,-1.00317962361763,0.258860941461051,-3.87536110297494,0.000106466696344853,0.000752156313737155,"MAGI3","OPCs"
"DGCR5",4.88701645466362,-2.98695491491976,0.77097945444668,-3.87423412866878,0.000106960544504851,0.000755141444204247,"DGCR5","OPCs"
"BCKDK",2.88009716717461,-1.48198661529944,0.382561835161517,-3.87384856273954,0.000107129997917946,0.000755833896036673,"BCKDK","OPCs"
"CCDC85A",6.48227616422398,-1.53295982065242,0.395764093867104,-3.87341814077551,0.00010731946445088,0.000756666530316127,"CCDC85A","OPCs"
"TIMP2",26.0866566530011,0.602433187255304,0.15561225906844,3.87137357211908,0.000108223784785242,0.000762534850882044,"TIMP2","OPCs"
"ANKZF1",7.19414947622787,0.826975707278884,0.213666618522708,3.8704019981998,0.000108656031146936,0.000765071389525302,"ANKZF1","OPCs"
"PARVA",4.13756502261671,-1.23874325194895,0.32011598361966,-3.86967010501025,0.000108982720361679,0.000766861799754276,"PARVA","OPCs"
"MLIP",4.7814059590235,-3.09826633201461,0.800721915052021,-3.86934124541018,0.000109129812299148,0.000766877712175169,"MLIP","OPCs"
"NDRG2",59.9427635169019,1.25439383605079,0.324183248091646,3.86939745787288,0.000109104656389953,0.000766877712175169,"NDRG2","OPCs"
"ZNF511",4.18718988350405,1.21828563510481,0.314907689496562,3.86870716638411,0.000109413951312182,0.000768364551986741,"ZNF511","OPCs"
"SEC23IP",8.42666349365252,0.841485478805339,0.217521943217753,3.86850846566299,0.000109503135210482,0.000768481247103381,"SEC23IP","OPCs"
"SQLE",7.89075614901981,0.914458494678975,0.23642910508135,3.86779154945551,0.000109825482967394,0.000770233022930265,"SQLE","OPCs"
"YWHAH",7.50825485693044,-1.54126544634566,0.398579294940121,-3.86689791946469,0.0001102285401935,0.000772548140734059,"YWHAH","OPCs"
"KIF25",2.45083153585773,2.34939878923421,0.607788337435558,3.86548843491639,0.000110867102713161,0.000776509667812419,"KIF25","OPCs"
"EPB41L1",9.52504957945648,0.851513084766652,0.220305367387528,3.86514906497398,0.00011102137363073,0.000777076237111323,"EPB41L1","OPCs"
"HP1BP3",43.8194964169448,0.852366708231559,0.220564902084435,3.86447118365761,0.000111330131621208,0.000778722651168158,"HP1BP3","OPCs"
"AHCYL2",24.8493441297693,-0.592757133565881,0.153428766733113,-3.86340284281222,0.000111818378940791,0.000781621539922754,"AHCYL2","OPCs"
"LINC01473",52.5311783427266,-0.336768444266353,0.0871892194336786,-3.86250096575896,0.000112232121481055,0.000783996152034544,"LINC01473","OPCs"
"CDH8",15.1055276430417,-1.58791318634649,0.411277515206839,-3.86092875888898,0.000112956837645822,0.000788538504066744,"CDH8","OPCs"
"FARP2",31.8113048711919,0.822419634354386,0.213128637795682,3.85879458931656,0.000113947658141426,0.000794931290986631,"FARP2","OPCs"
"ANKRD11",19.56892283312,0.541288954151205,0.140301255563061,3.85804782700545,0.000114296285664259,0.00079683848925905,"ANKRD11","OPCs"
"HDGFL3",13.3506739750137,-0.617131090241949,0.159986417102944,-3.85739678040827,0.000114601048748791,0.000798437569901113,"HDGFL3","OPCs"
"JARID2",21.3022799329248,-0.663885836538465,0.172138727109364,-3.85669074987806,0.000114932416699633,0.000800219784910657,"JARID2","OPCs"
"TBC1D16",2.50791747070542,-1.595825361109,0.413811468105312,-3.85640680384159,0.000115065938390957,0.000800623053587536,"TBC1D16","OPCs"
"ENSG00000247134",2.88503275206821,-2.28772300283361,0.593299125977314,-3.85593523176888,0.00011528801192119,0.000801115515909057,"ENSG00000247134","OPCs"
"ZNF121",3.25724713669681,1.13210586445942,0.293590702453611,3.8560685164691,0.000115225204316901,0.000801115515909057,"ZNF121","OPCs"
"SCAMP3",9.91366982130133,0.631985067337175,0.163993554071976,3.85371895202541,0.000116337130966591,0.000807875552089313,"SCAMP3","OPCs"
"CSPG4",27.0031806055359,1.36470486919908,0.354186922061765,3.85306397326859,0.000116648897336977,0.000809509713498421,"CSPG4","OPCs"
"KLHL7",33.5794192195073,-0.514341704177141,0.133554899496501,-3.85116312554761,0.000117558158031396,0.000814998362857128,"KLHL7","OPCs"
"ZNF280C",4.77496565196457,-1.11839229291592,0.290409355533187,-3.85108906310049,0.000117593720344258,0.000814998362857128,"ZNF280C","OPCs"
"NAPA",8.7317062902959,0.711979774061553,0.184894454695562,3.85073622264044,0.000117763281880531,0.000815639735196089,"NAPA","OPCs"
"ENSG00000231252",14.9637265652641,-1.28219742378276,0.333014831963086,-3.85027122132774,0.000117987095762633,0.000816122367162821,"LOC101926964","OPCs"
"SAMD5",3.28545084149856,-3.55227059418107,0.922581215891172,-3.85036084953208,0.000117943924839382,0.000816122367162821,"SAMD5","OPCs"
"STXBP5L",71.4365701384928,-0.980811931129991,0.254851427345964,-3.84856361741513,0.000118812443516257,0.000821294893496844,"STXBP5L","OPCs"
"ENSG00000289956",26.7883115532173,-0.57741429849308,0.150194564635548,-3.84444204019096,0.000120827037335313,0.000834676011337878,"ENSG00000289956","OPCs"
"FAM177A1",12.9194460110774,0.695183559951044,0.180845332535557,3.84407797649055,0.000121006528386044,0.000835371014086187,"FAM177A1","OPCs"
"DPYSL2",63.3469778975557,0.457093810147642,0.118926468273699,3.84349940583185,0.00012129229317257,0.000836798296219879,"DPYSL2","OPCs"
"SMIM5",2.25594168331863,1.50337237561904,0.391321384210585,3.84178436517545,0.00012214312062465,0.000842119562119172,"SMIM5","OPCs"
"PLA2G4C",15.2567527312625,1.22782949087539,0.319623266666937,3.84148971280881,0.000122289862141429,0.000842582719634179,"PLA2G4C","OPCs"
"RPL34",51.3453463516901,-0.509211018192194,0.132615886548986,-3.8397437248523,0.000123162807637543,0.000848045600053046,"RPL34","OPCs"
"PCDH11X",33.3902642894727,-0.979669553446996,0.255280571072546,-3.83761893563217,0.000124233067990638,0.00085485912282057,"PCDH11X","OPCs"
"REV1",19.2900597604232,0.603824816667342,0.157373841473797,3.83688172705551,0.000124606445517544,0.000856871596123892,"REV1","OPCs"
"LSM8",7.86809692922343,0.726851407279322,0.189527161250516,3.83507779298489,0.000125524558612376,0.000862624968011074,"LSM8","OPCs"
"MRPL27",6.60670725247027,-0.842750556102056,0.219782749544031,-3.83447089387341,0.000125834871025099,0.000864196682331907,"MRPL27","OPCs"
"TMLHE",6.01407472556273,-0.891463789178339,0.232525952839306,-3.83382490553393,0.000126165964441199,0.000865908984726053,"TMLHE","OPCs"
"NKAIN3",70.561262055633,-1.12940521447592,0.294681308898094,-3.83263267934814,0.000126779182644653,0.000869554108942276,"NKAIN3","OPCs"
"NGLY1",14.3561715216585,-0.642946349125469,0.167849645299413,-3.83048976945153,0.000127888450830623,0.000876495928834816,"NGLY1","OPCs"
"LPAR1",37.1514862909928,1.15642785918644,0.301911147172774,3.83035826936409,0.000127956818317151,0.000876495928834816,"LPAR1","OPCs"
"CASC15",11.4579164609919,-1.15771983472909,0.302360068108772,-3.82894421862812,0.000128694169636192,0.000880976894923897,"CASC15","OPCs"
"UBE3B",11.4339522122245,0.631419609144144,0.164956365191915,3.82779778403539,0.00012929491097874,0.000883946486291063,"UBE3B","OPCs"
"POLA1",14.2384953038688,0.670108565605559,0.175061956932287,3.82783659767241,0.000129274529158101,0.000883946486291063,"POLA1","OPCs"
"SGK3",34.3984098966075,0.61184113714369,0.159848955106291,3.82762049796853,0.00012938804596771,0.000884012520514871,"SGK3","OPCs"
"LAPTM4A",11.5471329913596,-0.910347224153508,0.23792529329404,-3.82618935359871,0.000130142198086836,0.000888591797382073,"LAPTM4A","OPCs"
"TENM4",12.1882358931523,-1.1013260167202,0.287895898741789,-3.8254314199452,0.00013054327272836,0.000890755965330755,"TENM4","OPCs"
"RHOQ",12.6424110846495,0.708116416345804,0.185124928736729,3.82507326905084,0.000130733199890191,0.000891477518890614,"RHOQ","OPCs"
"LINC-PINT",94.9307404230771,0.574522449408894,0.150211066823064,3.82476778548968,0.000130895403342691,0.000892009215829532,"LINC-PINT","OPCs"
"IFI44",8.56760963562669,-0.986230316257637,0.257883017440049,-3.82433215667995,0.000131127038450037,0.000893013078576139,"IFI44","OPCs"
"ENSG00000226266",3.75327384132724,-1.51096257706562,0.395202206206266,-3.82326452974558,0.000131696357691922,0.000896313899715589,"ENSG00000226266","OPCs"
"SLC16A1",4.84842007960069,0.949142265388949,0.248298199984992,3.82259019777959,0.000132057149069845,0.000898192169974088,"SLC16A1","OPCs"
"SMARCA1",7.87158055033387,-0.826017156977876,0.216299713067392,-3.8188546127221,0.000134072748090492,0.000911316047675422,"SMARCA1","OPCs"
"GTF2IRD2",7.63741725469988,0.896172761585147,0.234698216305146,3.81840465468206,0.000134317477276334,0.000912393896315831,"GTF2IRD2","OPCs"
"PLPPR1",93.2734535403379,-0.749785279651804,0.19637375072404,-3.81815429448849,0.000134453828699119,0.000912734644822864,"PLPPR1","OPCs"
"DNAJC6",67.2758297548,0.783827185724739,0.20530743941333,3.81782164330985,0.000134635199281196,0.000913380371805169,"DNAJC6","OPCs"
"RWDD1",9.95480382328057,1.06908303183011,0.280110725686619,3.81664439735227,0.000135278919249433,0.000917159894271126,"RWDD1","OPCs"
"CPNE4",9.64774009314093,-3.6704908681849,0.961863880710304,-3.81601902493143,0.000135622052078262,0.000918897972814329,"CPNE4","OPCs"
"DDRGK1",8.56995090260107,0.923803930836352,0.242156783369112,3.81490007417313,0.000136238051206752,0.000922481433682546,"DDRGK1","OPCs"
"GMDS",16.1138955474504,-0.752159605570888,0.197250817343146,-3.81321413873991,0.000137171163515206,0.000928181132957543,"GMDS","OPCs"
"TNS3",17.264912407786,-1.08846895957636,0.28545790163637,-3.8130629887517,0.000137255113712135,0.000928181132957543,"TNS3","OPCs"
"DDB2",3.70337234197305,1.0928990223944,0.286639040906216,3.81280588624346,0.000137398022177277,0.000928554597866858,"DDB2","OPCs"
"LINC01748",16.601098422663,-1.47109666586712,0.385982159776277,-3.81130741047669,0.000138233731591631,0.000933428714445096,"LINC01748","OPCs"
"MTUS1",37.6639279522634,0.816655069327321,0.214277845391591,3.81119694308523,0.000138295529080676,0.000933428714445096,"MTUS1","OPCs"
"UPF2",17.2360518846073,0.78433560022546,0.205828337846005,3.81062981139302,0.000138613202941402,0.000934976954872256,"UPF2","OPCs"
"NUDT3",31.5496075756771,0.476472134680512,0.125064624831303,3.80980741215365,0.000139075083969207,0.000937495314598282,"NUDT3","OPCs"
"ITGA9",9.96680888513799,-0.874100152351347,0.229553758583982,-3.80782330789656,0.000140195383933724,0.000944446002454288,"ITGA9","OPCs"
"ZNF274",6.13558819052492,0.873593520756251,0.229436586419074,3.80755978979134,0.000140344814011458,0.000944851608634034,"ZNF274","OPCs"
"CSE1L",8.86029895441258,0.736194203572082,0.193402636849254,3.80653653727535,0.000140926481075699,0.00094816482502646,"CSE1L","OPCs"
"NCKAP1",34.3359850794175,-0.619063016073482,0.16264378513855,-3.80625066949914,0.000141089387707116,0.000948658168773559,"NCKAP1","OPCs"
"IFITM10",6.32464744122489,-1.1167092224168,0.293500360549882,-3.80479676523943,0.000141920668422261,0.000953642054943998,"IFITM10","OPCs"
"USP34",58.4134887613743,0.474986572101953,0.124868466384319,3.80389529763298,0.000142438403732796,0.000956514074527783,"USP34","OPCs"
"LINC01106",2.87508517581823,-3.4075495891268,0.895930149699616,-3.80336524032512,0.000142743658765864,0.000957956493238593,"LINC01106","OPCs"
"PRKCSH",14.5989525947115,0.898723773316878,0.236414082508279,3.80148155212118,0.000143833449553244,0.000964658790860579,"PRKCSH","OPCs"
"KCNB1",7.66899994201136,-1.14578293755218,0.301473282013207,-3.80061188142699,0.000144339229105128,0.000967438250774242,"KCNB1","OPCs"
"ZNF529",9.63657309681589,0.913287111125413,0.240329673316707,3.80014293916125,0.000144612649215804,0.000968657783172273,"ZNF529","OPCs"
"ADH5",6.44154020475421,-0.841775885197769,0.221523641332526,-3.79993701861459,0.000144732866694871,0.000968850226484629,"ADH5","OPCs"
"GPC2",2.97641633402449,-1.85235671690528,0.487512092335277,-3.79961183738467,0.00014492290084455,0.000968897424206932,"GPC2","OPCs"
"ABI1",24.2976487837764,-0.582133349037098,0.153206904625451,-3.79965479010398,0.000144897786046711,0.000968897424206932,"ABI1","OPCs"
"GRM8",17.4801292618949,-1.54806264801178,0.407528887028848,-3.79865746278298,0.000145481989831507,0.000970888847413453,"GRM8","OPCs"
"AGO2",19.4043122288135,0.576848605323218,0.151856110743101,3.79865256985996,0.000145484861415637,0.000970888847413453,"AGO2","OPCs"
"TERF2IP",27.8539724011679,0.640001807761317,0.168482096801405,3.79863391963662,0.000145495807445246,0.000970888847413453,"TERF2IP","OPCs"
"ARHGEF26-AS1",9.31248165661316,-1.47081400045903,0.387219073259821,-3.79840276997958,0.000145631536209664,0.00097118259978611,"ARHGEF26-AS1","OPCs"
"HUNK",5.52143270821602,-1.19170524267115,0.31398633338059,-3.79540481854877,0.000147402739141426,0.000982375712717242,"HUNK","OPCs"
"NR4A2",4.30848322153266,1.24638402040881,0.328427933899894,3.79500003428063,0.000147643435819364,0.000983360997061048,"NR4A2","OPCs"
"ANKRD27",4.37256105662015,1.016711384018,0.267956783460637,3.79431104854771,0.000148053978303115,0.000985475568969195,"ANKRD27","OPCs"
"ZNF131",20.7796293588042,0.521973965449416,0.137731419097738,3.78979588585381,0.000150771123482848,0.00100293102869558,"ZNF131","OPCs"
"M6PR",7.37117828515826,1.14819172431169,0.302986104375552,3.7895854223351,0.00015089891480712,0.00100315097790797,"M6PR","OPCs"
"FAM162B",2.64284843516689,-2.06696240840099,0.545507252652737,-3.7890649452406,0.000151215381273081,0.00100462414534626,"FAM162B","OPCs"
"PDPR",8.39939783363657,0.965246303969394,0.254772279100554,3.78866298710791,0.000151460211954363,0.00100561983987254,"PDPR","OPCs"
"CDKN1C",6.9385840889584,1.12305319654277,0.296610733321762,3.786286436656,0.000152915399466474,0.00101464541375311,"CDKN1C","OPCs"
"PITHD1",6.55173291114574,0.782798084096563,0.206822765636991,3.78487388313193,0.000153786546538286,0.00101978680515995,"PITHD1","OPCs"
"RPS29",28.9184187010112,0.572341476190326,0.15130108322012,3.7827982722216,0.000155075092099667,0.00102768787567927,"RPS29","OPCs"
"CRYM",4.56586709666198,-4.22217256340497,1.11664286713582,-3.781130644066,0.000156117715708518,0.00103395034981439,"CRYM","OPCs"
"MDM4",30.0398070064396,0.492512792311813,0.130331595327412,3.77892092147381,0.000157509429810755,0.00104251553855993,"MDM4","OPCs"
"UGGT2",48.6848757069393,-0.455127978929789,0.120457290523407,-3.77833485173193,0.000157880499007587,0.00104301589799772,"UGGT2","OPCs"
"BRF1",8.1526095801729,0.878544052904565,0.232516034905212,3.77842351071707,0.000157824311935597,0.00104301589799772,"BRF1","OPCs"
"STK4",13.4227317021235,0.758604821537423,0.200776866040974,3.77834775736867,0.000157872318971259,0.00104301589799772,"STK4","OPCs"
"ZNF761",4.40461707187469,1.05074245719586,0.27832394596406,3.77524992884206,0.000159847313978197,0.00105535103181366,"ZNF761","OPCs"
"PLS3",10.0675325574866,1.41823314400257,0.375782405983314,3.77408074838272,0.000160598740772672,0.00105965150453744,"PLS3","OPCs"
"DDX23",3.4133728994949,1.07621774879115,0.285221512563978,3.77326990210719,0.000161121818486662,0.0010624408827981,"DDX23","OPCs"
"LSG1",4.17561388023574,0.979227772484181,0.259586203974218,3.77226430947555,0.000161772754271527,0.00106606936386775,"LSG1","OPCs"
"FIBIN",4.88763305708278,-1.54781907386693,0.410699012433677,-3.76874311115342,0.000164071636468917,0.00108054641181955,"FIBIN","OPCs"
"MYL6B",6.35539199840113,-1.01402796928071,0.269134573012403,-3.76773581309443,0.00016473490305396,0.00108356684679592,"MYL6B","OPCs"
"NDUFS7",19.7891651019235,0.610846763088624,0.162119525511559,3.76787904579127,0.000164640436288607,0.00108356684679592,"NDUFS7","OPCs"
"E2F3",3.1669238201679,-1.52024442236641,0.403770041904849,-3.76512436433969,0.000166466207279982,0.00109427506833955,"E2F3","OPCs"
"CEP162",12.6294651387777,-0.656849139724863,0.174483451485566,-3.76453545670031,0.00016685899187263,0.00109505756165935,"CEP162","OPCs"
"ENSG00000242593",23.3490213190424,-0.81014012003879,0.215193025846597,-3.76471364186453,0.000166740055555075,0.00109505756165935,"LOC102724577","OPCs"
"ZBED5",15.7764997001535,0.613684417041385,0.163019667733222,3.76448084807575,0.000166895458405872,0.00109505756165935,"ZBED5","OPCs"
"PCA3",4.13240980105485,1.90153568737463,0.505239542230465,3.76363195758586,0.000167463295295134,0.00109810297038729,"PCA3","OPCs"
"LURAP1L-AS1",6.73804326685772,1.36372418232996,0.36250614401795,3.76193398328285,0.00016860455609933,0.0011049023818638,"LURAP1L-AS1","OPCs"
"STRBP",26.5216014358596,-0.961914686614389,0.255723047034808,-3.76154866668492,0.00016886455578922,0.00110573768361118,"STRBP","OPCs"
"NAA16",19.360565332608,0.597987425833059,0.15897850502022,3.76143570954452,0.00016894084722218,0.00110573768361118,"NAA16","OPCs"
"ENSG00000287550",12.9118640962708,-1.48068685884351,0.393738324937282,-3.76058606710273,0.000169515737082367,0.00110881510543686,"ENSG00000287550","OPCs"
"PDZRN3",5.27132493546855,-2.74882260862404,0.731024639767303,-3.76023249982248,0.000169755511558422,0.00110901349007014,"PDZRN3","OPCs"
"OSBPL3",6.96751824657483,-1.24751066047065,0.331750843331805,-3.7603842930489,0.000169652532715047,0.00110901349007014,"OSBPL3","OPCs"
"DST-AS1",5.99416221041954,-0.93203667818102,0.247903900689785,-3.75966927340658,0.000170138127021548,0.00111030347581699,"DST-AS1","OPCs"
"EEF1D",25.3880972751117,0.890272747195343,0.236797766909789,3.75963320437267,0.000170162657341925,0.00111030347581699,"EEF1D","OPCs"
"TMEM88B",7.77636057938946,0.830036273468621,0.220854039754054,3.75830242631268,0.000171070040162504,0.00111537787024225,"TMEM88B","OPCs"
"MRPS21",13.6332224581477,-0.545281328185795,0.145091705289616,-3.75818401953002,0.000171150995197702,0.00111537787024225,"MRPS21","OPCs"
"CSRNP3",51.2502701410261,-0.835504743795617,0.222396579234272,-3.75682371856763,0.000172083625172506,0.00112076604586521,"CSRNP3","OPCs"
"MNAT1",38.6094471465734,-0.347830927187779,0.0926057178451081,-3.75604158449006,0.000172622022765861,0.0011235815741183,"MNAT1","OPCs"
"GRIK2",168.553351309897,-0.741325373341782,0.197379233457862,-3.75584280248026,0.000172759110602494,0.00112378315803465,"GRIK2","OPCs"
"FAM114A1",6.70198511966177,1.57482059948698,0.419413958429002,3.75481208442796,0.000173471577448429,0.00112703313201157,"FAM114A1","OPCs"
"TMEM185A",3.82409061535277,-1.43956701540172,0.383391024670381,-3.75482711583919,0.000173461167406551,0.00112703313201157,"TMEM185A","OPCs"
"ARRB1",7.73177746715834,1.48638730965076,0.395883009279858,3.75461253655369,0.000173609830520265,0.00112723979473305,"ARRB1","OPCs"
"UBE2Z",10.1174122024467,0.995669667704356,0.265196688470559,3.75445739329015,0.00017371739027047,0.00112724703613007,"UBE2Z","OPCs"
"ENSG00000253809",2.59402619849876,-1.98306050279318,0.528318563827777,-3.75353174877199,0.000174360436774623,0.00113072689861804,"ENSG00000253809","OPCs"
"RAVER2",6.60155034428859,-1.10769871271185,0.295172859953252,-3.75271192916341,0.000174931835266394,0.00113373814900313,"RAVER2","OPCs"
"PRR18",4.60841983390913,1.36564099682031,0.363997679855323,3.75178489424192,0.000175580082112707,0.00113724346762909,"PRR18","OPCs"
"SMAD9",2.0993672957144,1.49501450770843,0.398505413458066,3.75155382391247,0.000175742013803768,0.00113759653189603,"SMAD9","OPCs"
"RHBDL1",5.13204106801704,-1.65863403162509,0.442281879316645,-3.75017406136509,0.000176711863882108,0.00114247780128909,"RHBDL1","OPCs"
"YES1",7.01358474593288,0.907303370764428,0.241931456770207,3.75024969004427,0.000176658573549459,0.00114247780128909,"YES1","OPCs"
"ZMYM4",28.7105419604929,-0.45532034032985,0.121431971235148,-3.74959193776195,0.000177122552643995,0.00114443430902984,"ZMYM4","OPCs"
"ENSG00000286619",5.47375146019235,2.2598397666003,0.602728163587069,3.74935153710275,0.000177292417260727,0.0011448333529214,"ENSG00000286619","OPCs"
"ASTN2",128.217343793239,-0.599340004867664,0.159877183957618,-3.74875257389161,0.000177716304995281,0.00114687121870812,"ASTN2","OPCs"
"GNA11",4.82678352614345,0.93687710714027,0.249990574337874,3.74764972488137,0.000178499287834712,0.0011512225689218,"GNA11","OPCs"
"CRCP",5.38017161796483,1.18921709700346,0.317347420330101,3.74736651637643,0.000178700878414077,0.00115182124309499,"CRCP","OPCs"
"ARL6",5.73230370953162,-0.896361581011742,0.239230127230808,-3.74685910753597,0.000179062592442729,0.0011527494553,"ARL6","OPCs"
"SLC16A10",5.520596676056,-1.23451745771322,0.329475744078837,-3.74691454499857,0.000179023039540651,0.0011527494553,"SLC16A10","OPCs"
"MAP6D1",10.1711681877612,0.932958220339945,0.249129087602525,3.74487872659992,0.000180480934043151,0.00116117441768953,"MAP6D1","OPCs"
"MAX",15.4048351084602,0.783547913028212,0.209257983387414,3.74441108694799,0.000180817394063213,0.00116263278878532,"MAX","OPCs"
"TMTC1",6.63706480244438,-1.80809051542644,0.483049959867943,-3.74307145356298,0.000181784508482578,0.00116743356266252,"TMTC1","OPCs"
"LMO7",5.70460578384804,-1.75101436977322,0.46779539789026,-3.74312012830873,0.000181749284005756,0.00116743356266252,"LMO7","OPCs"
"RIPK2-DT",22.0195756950815,-0.816445239895313,0.218495564323352,-3.73666734344801,0.000186475361984578,0.00119683277782829,"RIPK2-DT","OPCs"
"ADAMTS4",3.95964287393903,1.57752935691562,0.422219937833512,3.73627395477867,0.000186767187378603,0.0011979797179524,"ADAMTS4","OPCs"
"ENSG00000253154",2.63493775709584,1.87236179640462,0.501292066505322,3.73507167080759,0.000187661734303118,0.00120298896263318,"ENSG00000253154","OPCs"
"TUBGCP5",5.8899639253165,0.803890034364579,0.215289891982762,3.73398874866334,0.000188470917201176,0.00120744525902024,"TUBGCP5","OPCs"
"GINM1",11.6406099200189,0.840605849271403,0.225134477837493,3.73379438523037,0.000188616496449767,0.00120764733821223,"GINM1","OPCs"
"MATN2",41.5345319135305,1.35608294379226,0.363345154236834,3.73221695123625,0.000189801918747391,0.00121450291210566,"MATN2","OPCs"
"EDC4",8.64153959556082,1.07585725456222,0.288340999010038,3.73119763840719,0.000190571640278125,0.00121869183003946,"EDC4","OPCs"
"SACM1L",9.34175502778961,0.746493647793953,0.20016170684373,3.72945284872473,0.000191896009617407,0.00122343058310584,"SACM1L","OPCs"
"CILK1",11.0651265158479,1.11803159759729,0.299795938357495,3.72930868817871,0.000192005819558254,0.00122343058310584,"CILK1","OPCs"
"SLC35A1",8.71922265472198,-0.738103509509915,0.197888987171915,-3.72988674134095,0.00019156586106465,0.00122343058310584,"SLC35A1","OPCs"
"PTGES3",22.8135418500013,0.967211557947165,0.259312619018216,3.72990547706134,0.000191551617099525,0.00122343058310584,"PTGES3","OPCs"
"UBC",41.6540739964095,0.651673482255191,0.174730474454182,3.72959258704511,0.000191789624507919,0.00122343058310584,"UBC","OPCs"
"CDK8",21.156828848239,-0.455376290406778,0.1221046251829,-3.72939427744585,0.000191940617399344,0.00122343058310584,"CDK8","OPCs"
"PES1",3.37476825909121,1.34853812687108,0.362137973149537,3.72382414123203,0.000196227638012611,0.0012495794868031,"PES1","OPCs"
"KANSL1L-AS1",10.9447910092247,-0.828490602019679,0.222502403156741,-3.72351305094017,0.000196469699861894,0.00125036906342395,"KANSL1L-AS1","OPCs"
"TBC1D1",9.29039964759486,-1.24239288607621,0.333822987260319,-3.72171160611948,0.00019787694418562,0.00125856867202746,"TBC1D1","OPCs"
"FADS3",12.4048027280594,0.795693029488624,0.213812804957248,3.72144703703655,0.000198084414868161,0.00125913202488225,"FADS3","OPCs"
"RPTOR",14.3758909482,0.908336529929318,0.244148376984266,3.72042829507671,0.000198885205634037,0.00126194986678517,"RPTOR","OPCs"
"APLP1",71.6291369848279,0.709368266788951,0.190654010743812,3.72070990807611,0.000198663537685507,0.00126194986678517,"APLP1","OPCs"
"COL9A3",19.1573458038261,-0.954803707925212,0.256631760410977,-3.72052043128319,0.000198812656272808,0.00126194986678517,"COL9A3","OPCs"
"TMCC2",6.15908880084437,1.16497562105449,0.313148566221596,3.72020103783617,0.000199064257575477,0.00126232963336784,"TMCC2","OPCs"
"IVNS1ABP",13.8128368794387,0.662952519258062,0.178217774421887,3.7199012354889,0.000199300698210046,0.00126307264754302,"IVNS1ABP","OPCs"
"RGS12",23.3827444884458,-0.671480415599856,0.180528525004622,-3.71952529708345,0.000199597556808192,0.00126419744413801,"RGS12","OPCs"
"PIKFYVE",21.4154679883307,-0.446575611452245,0.120089689232731,-3.7186840461115,0.00020026335363683,0.00126765625523851,"PIKFYVE","OPCs"
"UHRF1",3.37215862540236,1.61561254807036,0.434523315481742,3.71812625584701,0.000200705959060136,0.0012696989883195,"UHRF1","OPCs"
"FAM135B",8.56953335992208,-1.47433611099089,0.396616574616544,-3.71728315291992,0.000201376704183138,0.00127318167002951,"FAM135B","OPCs"
"METAP1D",11.63755149238,-0.783244731173667,0.210764713097449,-3.71620429085549,0.000202238083293299,0.00127766843520363,"METAP1D","OPCs"
"ENSG00000273319",3.78724106928495,-1.69300513099074,0.455587476323382,-3.71609234005594,0.000202327664384937,0.00127766843520363,"ENSG00000273319","OPCs"
"LINC01678",0.747258067830772,3.33366163413536,0.897383263620678,3.71486940895801,0.000203308663399835,0.00128309817962113,"LINC01678","OPCs"
"LIPA",24.7796680850517,0.584419258898452,0.157447517176258,3.71183534284769,0.000205761829726628,0.00129780689505955,"LIPA","OPCs"
"SEC14L5",8.23182435466543,0.892113860421877,0.24040127275057,3.7109365113366,0.000206493893187372,0.0013016490052704,"SEC14L5","OPCs"
"ENSG00000289731",5.3503399023364,-3.62435100525437,0.976792644635952,-3.71046099206158,0.000206882174011437,0.00130332077500364,"ENSG00000289731","OPCs"
"HCFC2",9.39076388825282,0.631376620864476,0.170188281274121,3.70987130334503,0.000207364631344561,0.00130558349936914,"HCFC2","OPCs"
"ENSG00000237188",8.71909920805069,-0.78707713020425,0.212254702573165,-3.70817287279156,0.000208760124201801,0.00131358866030723,"ENSG00000237188","OPCs"
"NOXA1",4.14567380864942,-1.83117936705493,0.493943563938417,-3.7072643531463,0.000209510213466988,0.00131752562981912,"NOXA1","OPCs"
"ANKRD18A",9.03583508963326,-1.32286342935341,0.356948185640286,-3.70603768998149,0.000210526983975184,0.0013224911082509,"ANKRD18A","OPCs"
"PIGT",8.0349076557277,0.947679819266398,0.255714283557941,3.70601049765633,0.000210549575874505,0.0013224911082509,"PIGT","OPCs"
"CTSK",2.62191056317198,-1.58448806283432,0.427565876682962,-3.7058337656099,0.000210696463705873,0.00132262925349448,"CTSK","OPCs"
"GRB10",16.1798797326961,0.538304799968578,0.145320384882243,3.70426214054401,0.000212006932887177,0.00133006719151375,"GRB10","OPCs"
"LCORL",41.9786642976627,0.474228775660857,0.128052144575075,3.70340361916252,0.000212726023158926,0.00133378838676911,"LCORL","OPCs"
"TMEM39A",6.05454709759141,1.12631673683057,0.304154384293325,3.70310866781509,0.000212973600088202,0.00133449160870321,"TMEM39A","OPCs"
"USP30",7.77988111428455,0.960479510202626,0.259380861091428,3.70296985737923,0.000213090208717388,0.00133449160870321,"USP30","OPCs"
"CCNC",10.3821243394825,-0.883599702970626,0.238644835060857,-3.70257207848348,0.000213424697686659,0.00133505207252199,"CCNC","OPCs"
"RCBTB2",3.43783210189522,-1.14393069924144,0.308956394713027,-3.70256359414076,0.000213431837467396,0.00133505207252199,"RCBTB2","OPCs"
"HSPA9",16.4000247052947,0.64612234546822,0.17455635946669,3.70151134821024,0.000214319068961499,0.00133981047243345,"HSPA9","OPCs"
"ZSCAN26",4.18178006909652,-1.18280224829888,0.319658669730934,-3.70020387463439,0.000215426328421807,0.00134593794571501,"ZSCAN26","OPCs"
"SLC25A4",9.37435128527519,-0.695445879869349,0.188034480232809,-3.69850188650669,0.000216875738519616,0.00135419461728935,"SLC25A4","OPCs"
"RUFY3",43.6066570652255,0.537074421241502,0.145257282242054,3.69740100428515,0.000217818119166838,0.00135927747906707,"RUFY3","OPCs"
"GUSB",4.76748005588773,0.965563015209097,0.261172462189188,3.69703224878916,0.000218134641062008,0.00136027835157524,"GUSB","OPCs"
"APPBP2",19.9944785989725,0.478311469755449,0.129381247449317,3.6969149639929,0.000218235403146962,0.00136027835157524,"APPBP2","OPCs"
"ZNF430",4.86927954236069,1.11260485514311,0.300998742613708,3.69637708610295,0.000218698066516407,0.00136236030847574,"ZNF430","OPCs"
"UCK1",4.20899965097755,1.64997350646874,0.446424234651856,3.69597655861015,0.000219043183992764,0.00136370800616307,"UCK1","OPCs"
"GOLGA8B",23.6345995601869,-0.895680592280285,0.242360563959529,-3.69565319393237,0.000219322186537129,0.00136464274702009,"GOLGA8B","OPCs"
"PFDN2",12.6296796136367,0.74882549816497,0.202641959452125,3.69531315325582,0.000219615937191038,0.00136566810032478,"PFDN2","OPCs"
"KIDINS220",42.4015228249088,-0.419967737068519,0.11366473841,-3.69479350362514,0.000220065560129066,0.00136685881628552,"KIDINS220","OPCs"
"B3GALNT1",3.00847565345945,-1.39628532325336,0.377903873054182,-3.69481612339329,0.000220045970567674,0.00136685881628552,"B3GALNT1","OPCs"
"NSUN2",8.45473025895434,1.15441562162092,0.312728847475496,3.69142671339707,0.000222999653769743,0.00138383953665209,"NSUN2","OPCs"
"MAP7",83.0600294627859,0.72709291506515,0.196971715556952,3.69135696975193,0.000223060820497179,0.00138383953665209,"MAP7","OPCs"
"KLHL23",15.4150632605895,-0.633974965817585,0.171772970756653,-3.69077255300965,0.000223573986249929,0.00138539994990447,"KLHL23","OPCs"
"NPC1",28.3638792804766,0.836625370729802,0.22667643845551,3.69083516765244,0.000223518952506067,0.00138539994990447,"NPC1","OPCs"
"RAB5B",10.4606321086726,0.783152270182797,0.21226595400754,3.68948602164895,0.000224707573823113,0.0013916100624484,"RAB5B","OPCs"
"SHTN1",86.7098117034693,0.808676944092714,0.219343775374269,3.68680142717913,0.000227090419237612,0.00140485770079599,"SHTN1","OPCs"
"ENSG00000288827",1.52046334684934,2.18146562653931,0.591699879530275,3.68677720244101,0.000227112028683922,0.00140485770079599,"ENSG00000288827","OPCs"
"RGS7",109.469605467224,-0.929140954778981,0.252119090323824,-3.68532566726933,0.000228410385109548,0.00141206420216585,"RGS7","OPCs"
"SMIM10L1",2.72915895329717,-1.53418293780178,0.416394367075684,-3.68444690685003,0.000229199792998497,0.00141529201624145,"SMIM10L1","OPCs"
"PPP2R5C",22.1861161667997,0.550902382490042,0.149519988173806,3.68447315451669,0.000229176177146919,0.00141529201624145,"PPP2R5C","OPCs"
"MEGF9",26.7929862210534,0.553826625356078,0.15038520129155,3.68272024507506,0.000230758351632666,0.00142408563157922,"MEGF9","OPCs"
"PTPRS",28.0236193999353,0.481432493144011,0.130745635341461,3.68220699594813,0.000231223546441149,0.00142612542621536,"PTPRS","OPCs"
"MSH2",9.6961423293782,-0.944677112519718,0.256570301225899,-3.68194256313388,0.000231463564419544,0.00142677482375027,"MSH2","OPCs"
"B3GALT1",14.0092587754789,-1.29170822362721,0.350953458628826,-3.68056843968404,0.000232714585293708,0.0014329312802096,"B3GALT1","OPCs"
"ZNF462",76.8695110147497,-0.77741424565757,0.21122239816934,-3.68054833386706,0.000232732936917895,0.0014329312802096,"ZNF462","OPCs"
"BCL11A",6.32203523914582,-3.34082003181661,0.908074091014854,-3.67901701510165,0.000234134648695827,0.00144072395682092,"BCL11A","OPCs"
"SNHG25",46.9675310780404,1.26731707718041,0.34452983068659,3.67839578551111,0.000234705554633038,0.00144339827152373,"SNHG25","OPCs"
"ARNT2",45.1210952837261,-0.418244666312748,0.113722660583377,-3.6777601242112,0.000235291075188772,0.00144615930716721,"ARNT2","OPCs"
"ZNF22",6.54678500380276,-0.976890183757003,0.265666092848698,-3.67713535920958,0.000235867894326834,0.00144817749577619,"ZNF22","OPCs"
"SLC6A15",9.94264589460253,1.80799593736197,0.491689611707361,3.67710826975543,0.000235892934864394,0.00144817749577619,"SLC6A15","OPCs"
"CHCHD3",39.0433308712706,-0.394337276167148,0.107249624795021,-3.67681730281871,0.000236162051788113,0.00144898964567562,"CHCHD3","OPCs"
"RPRD1A",25.1763151612523,0.517880143145367,0.140898488662491,3.67555499041513,0.000237332910878685,0.00145533035680676,"RPRD1A","OPCs"
"KIFAP3",19.1740328070717,-0.474522618400473,0.129113646073385,-3.67523211396855,0.000237633268798817,0.00145632888690942,"KIFAP3","OPCs"
"FN3K",3.79427239933458,1.56897547656501,0.426995201938125,3.67445692467611,0.00023835585040741,0.00145991235154105,"FN3K","OPCs"
"XPO7",19.4888681139383,0.571649381696014,0.155725381778476,3.67088123443617,0.000241715644623867,0.00147963507315997,"XPO7","OPCs"
"SOCS6",4.53408554822772,0.934787831248203,0.254752077877605,3.66940218519953,0.000243118338312877,0.00148736175778935,"SOCS6","OPCs"
"GOLGA4",53.5145670080268,0.924172796206566,0.251904753050314,3.66873901748879,0.000243749746492917,0.00148950364417772,"GOLGA4","OPCs"
"CCT6B",1.73331561471824,1.82913102388881,0.4985671421867,3.66877571567653,0.000243714765635081,0.00148950364417772,"CCT6B","OPCs"
"RBP7",11.5060134830466,2.8399313063591,0.774531397896874,3.66664452089421,0.000245754052723119,0.00150088547770348,"RBP7","OPCs"
"ADGRL2",8.78895504683853,-3.50687024278815,0.956516807082373,-3.66629233989628,0.000246092583109882,0.00150208671765629,"ADGRL2","OPCs"
"TMEM181",13.7925231835513,0.571155021397544,0.155809620501699,3.66572371820465,0.000246640088336005,0.00150456136836307,"TMEM181","OPCs"
"NUP88",8.91354566728888,0.646812512201457,0.176523074149021,3.66418110108039,0.000248131178463865,0.00151278594123911,"NUP88","OPCs"
"ELF1",17.321545982471,0.674072268329248,0.183981306689817,3.66380846215913,0.000248492636166511,0.00151411796145187,"ELF1","OPCs"
"POLG",6.30163564569034,0.971239246298578,0.265112219635669,3.66350237508217,0.000248789908328152,0.00151474712345425,"POLG","OPCs"
"SULF2",31.9899152461024,-1.19711651921315,0.326776769180328,-3.6634076596569,0.000248881963627045,0.00151474712345425,"SULF2","OPCs"
"MIRLET7BHG",12.4882839613037,0.608869098411087,0.166222163938242,3.66298382830166,0.000249294282955815,0.0015163850985078,"MIRLET7BHG","OPCs"
"CAP2",8.11966498860623,-1.56932388352017,0.428609441899609,-3.66143096746745,0.000250810445635625,0.00152385692442988,"CAP2","OPCs"
"BIN3",7.14673163457882,0.736985925660902,0.201276854535951,3.66155327377328,0.0002506907167068,0.00152385692442988,"BIN3","OPCs"
"COPG2IT1",5.34961606546956,-1.49327622509434,0.407986155318614,-3.6601149466167,0.000252102131422225,0.00153082658931271,"COPG2IT1","OPCs"
"OTOGL",8.48413142889608,-1.05128429130717,0.287272627748449,-3.65953519326501,0.000252673141629725,0.00153341465321421,"OTOGL","OPCs"
"GAS5",10.9147544322271,-0.727611047197994,0.198920930086866,-3.65779029326003,0.000254399054677356,0.00154035791254042,"GAS5","OPCs"
"PCLO",19.5387523976331,-1.56171351013166,0.42695027242013,-3.65783467306209,0.000254355021107082,0.00154035791254042,"PCLO","OPCs"
"FOCAD",27.5469441749733,-0.942775409751596,0.257725271159196,-3.6580635089108,0.000254128083957314,0.00154035791254042,"FOCAD","OPCs"
"LINC00173",2.17793234297271,-1.72094932511795,0.470442799052575,-3.65814787384093,0.000254044466936233,0.00154035791254042,"LINC00173","OPCs"
"BDNF-AS",9.75570324944365,-0.758841328164728,0.207617340535491,-3.65499975198366,0.00025718222655881,0.0015563198738616,"BDNF-AS","OPCs"
"PDE8A",100.689271701776,1.05772442778684,0.289415829261561,3.65468754934935,0.000257495374384956,0.00155732496558349,"PDE8A","OPCs"
"COL9A1",36.6339544303171,-1.15577920687676,0.316273295311288,-3.65436862362723,0.00025781563479329,0.00155748292781571,"COL9A1","OPCs"
"DYNC1H1",23.2083902504518,0.581408087689104,0.159097770738725,3.65440750671428,0.000257776568999791,0.00155748292781571,"DYNC1H1","OPCs"
"HSP90AA1",99.0884960661492,0.918866950683102,0.251457424468927,3.65416512407112,0.000258020181138874,0.00155782994199582,"HSP90AA1","OPCs"
"ACADL",1.1479889823747,-2.46576475070612,0.675004623704043,-3.65295979333504,0.000259234835248813,0.00156427174090309,"ACADL","OPCs"
"LINC01145",2.73975865391062,-1.45063937172265,0.397611998089293,-3.64837927098184,0.000263899862748264,0.00158953482451345,"LINC01145","OPCs"
"LINC02018",7.64144888695741,-0.895377533338859,0.245425878418039,-3.64826048137329,0.000264021884449402,0.00158953482451345,"LINC02018","OPCs"
"SVEP1",8.64631663161196,1.53309046466819,0.420197777040204,3.64849732301536,0.000263778651070612,0.00158953482451345,"SVEP1","OPCs"
"RAP2A",10.0707077843829,-0.868270331447222,0.237979755311178,-3.64850501805033,0.000263770751891513,0.00158953482451345,"RAP2A","OPCs"
"NRG3",230.589554763421,-0.969511665632822,0.26580226035434,-3.64749217835985,0.000264812370155297,0.00159157945513314,"NRG3","OPCs"
"ESD",9.06855076733133,-0.680905942889688,0.18667095191011,-3.64762667100758,0.000264673834380904,0.00159157945513314,"ESD","OPCs"
"TMEM143",2.30105443894117,1.60287103466382,0.439412979609234,3.64775532140455,0.000264541380070693,0.00159157945513314,"TMEM143","OPCs"
"C4orf19",6.59546922438224,-0.974132543494168,0.267182965493937,-3.64593806230612,0.000266418145160611,0.00159941505513088,"C4orf19","OPCs"
"LRRTM3",106.121608639669,-0.529455697675402,0.145213431962909,-3.64605181847529,0.000266300298808985,0.00159941505513088,"LRRTM3","OPCs"
"ENSG00000271860",104.562685396858,-0.881262430685256,0.241720545747649,-3.6457903400784,0.000266571251808151,0.00159942751084891,"LOC101927314","OPCs"
"SET",12.1104273037337,-0.668234825587548,0.183309534468801,-3.64539044585966,0.000266986135993798,0.00160100972829803,"SET","OPCs"
"ANKRD10",25.1329659167327,0.67519514163674,0.185336923803998,3.64306867610897,0.000269406920966599,0.0016146119372022,"ANKRD10","OPCs"
"TOX3",8.93102828477032,-1.02405140457265,0.28129780689493,-3.64045285626828,0.000272158938376484,0.00163018278133878,"TOX3","OPCs"
"ENSG00000268205",11.1304396288583,0.823147077411521,0.226154490111122,3.63975562460451,0.000272896907851577,0.00163367905830876,"ENSG00000268205","OPCs"
"CRYBG3",5.59336541798126,1.68295798106424,0.462416440289111,3.63948561173998,0.000273183200474753,0.00163446897911166,"CRYBG3","OPCs"
"SNCAIP",5.80500137453264,-1.70224219834877,0.467832042940147,-3.63857547604228,0.000274150285487937,0.00163932892338636,"SNCAIP","OPCs"
"DSCAML1",60.1453771080949,-0.555849382990103,0.152778303416611,-3.63827435283371,0.00027447095644943,0.00164032021941279,"DSCAML1","OPCs"
"PSMD11",12.08044499559,0.630959067932102,0.173462748732872,3.63743266229317,0.000275369151844555,0.00164475990864853,"PSMD11","OPCs"
"FREM1",2.52752972489493,-1.79968924757023,0.495319581740896,-3.63339006555098,0.000279721657081381,0.00166981530354669,"FREM1","OPCs"
"ENSG00000251555",2.20303227318031,2.99837322517986,0.825402492954969,3.63261954109877,0.000280558531203439,0.00167386751856023,"ENSG00000251555","OPCs"
"GET3",4.36856818301539,-1.10780176190162,0.305020422290372,-3.63189373873145,0.000281348977565619,0.00167763832906526,"GET3","OPCs"
"TCFL5",5.50747522646427,0.875050232696503,0.240973079534308,3.63131945853694,0.000281975884607562,0.00168043028587174,"TCFL5","OPCs"
"EFNB2",4.14954991434364,1.13666513187968,0.313144883830542,3.62983778618839,0.000283599387167045,0.00168915495506131,"EFNB2","OPCs"
"SYNPR",4.75484327443982,-2.52229404593712,0.695068518870913,-3.62884230469019,0.000284695073664492,0.00169400246673571,"SYNPR","OPCs"
"CBLN2",3.73996146363715,-2.05348929156467,0.56588539126186,-3.62880774671638,0.000284733181377673,0.00169400246673571,"CBLN2","OPCs"
"WDTC1",5.44943960955542,0.829072001639009,0.228538474454967,3.62771303001051,0.000285942822139602,0.00170024395646175,"WDTC1","OPCs"
"OTUD4",12.2205753264037,0.607575878363217,0.167537255491021,3.62651206492863,0.000287275402801294,0.00170720904358345,"OTUD4","OPCs"
"IPO5",7.01712458885596,0.848190131860099,0.233909332064672,3.62614917657748,0.000287679203857627,0.00170864989840285,"IPO5","OPCs"
"C5orf24",10.7049336038257,0.601948459777458,0.166028464421893,3.6255738549015,0.000288320478323441,0.0017114988035007,"C5orf24","OPCs"
"ENSG00000274265",17.5390856506943,0.567579918996129,0.15660892671702,3.62418625102833,0.000289872666447633,0.00171890087541659,"ENSG00000274265","OPCs"
"XPO6",19.1899774486877,0.441830830652961,0.121912315975717,3.62416895386489,0.000289892064541456,0.00171890087541659,"XPO6","OPCs"
"ADAMTS6",13.839848871984,-1.18550254581033,0.327164137440593,-3.62357119910672,0.00029056317081668,0.00172191604865621,"ADAMTS6","OPCs"
"PSMB4",9.24910303137449,0.72022448570961,0.198816294445293,3.62256266629992,0.000291698762757819,0.0017271818100079,"PSMB4","OPCs"
"EPB41L3",17.0503966474566,-1.01062060087492,0.278984870784434,-3.62249249585942,0.00029177792805516,0.0017271818100079,"EPB41L3","OPCs"
"SCRG1",41.3502697947131,-1.01568948810039,0.280445497180497,-3.62170011040214,0.000292673284042785,0.00173151401006318,"SCRG1","OPCs"
"EGFL8",4.43892852997991,0.977437335063902,0.269910468609337,3.62133910588931,0.000293082053905654,0.00173296423833661,"EGFL8","OPCs"
"MTMR7",23.3089123439146,-0.451094318848952,0.124579641592772,-3.62093126197535,0.000293544503949359,0.00173473007635252,"MTMR7","OPCs"
"DNAJC21",7.35753854476193,0.759522684916941,0.209980005066815,3.61711909034035,0.000297900261951482,0.00175948899836374,"DNAJC21","OPCs"
"CDH1",3.84556024585112,1.31476918715171,0.363553449153954,3.61643986657639,0.000298682663332023,0.00176312675846495,"CDH1","OPCs"
"IRS2",12.7129034184396,0.644971884936519,0.17837343244526,3.61585173360641,0.000299361691043141,0.00176516720943589,"IRS2","OPCs"
"DCAF11",4.17938400754812,1.1662393902398,0.322524231176422,3.61597448348576,0.00029921985114929,0.00176516720943589,"DCAF11","OPCs"
"CD81",48.2758709523865,1.12826964709261,0.312064692662703,3.61549920135343,0.000299769399177588,0.00176658761118011,"CD81","OPCs"
"ADGRA3",10.1134710151435,-0.872841984893575,0.241436112102116,-3.61520891507897,0.000300105509375102,0.00176758472985669,"ADGRA3","OPCs"
"GOLT1B",8.35204836473164,0.658729569283959,0.182479701135015,3.60987860669812,0.00030634033788313,0.00180330415685511,"GOLT1B","OPCs"
"TSPAN14",4.08656769978935,1.39476689306057,0.386393043936714,3.60971015122367,0.000306539342431314,0.00180347313130423,"TSPAN14","OPCs"
"ENSG00000272865",2.21884230197379,-1.46360039948773,0.4055436584413,-3.60898356816391,0.000307399077789821,0.00180752705929717,"ENSG00000272865","OPCs"
"ENSG00000229195",4.07008238125765,-1.82917595229043,0.506890161936949,-3.60862389852017,0.000307825494794688,0.00180902996108532,"ENSG00000229195","OPCs"
"SOX21-AS1",3.99041687715151,-1.12193524519341,0.311047176227728,-3.60696167957495,0.000309803392131001,0.00181964388389756,"SOX21-AS1","OPCs"
"FNIP1",55.7150446027026,0.640035269446099,0.177594721369794,3.60390930828059,0.000313466473862104,0.00184013855776035,"FNIP1","OPCs"
"B3GAT2",22.7246454533425,-0.720521642491983,0.199953170456578,-3.60345195250831,0.000314018816498058,0.00184235970455093,"B3GAT2","OPCs"
"ENSG00000284624",3.52876033389885,-1.40058730271516,0.388719506634614,-3.60307954401598,0.000314469242280563,0.00184398077284117,"LOC105374312","OPCs"
"CFL1P1",2.19075528787673,-1.56981835049625,0.435863181763405,-3.60163100756782,0.000316226996368118,0.00185326169979987,"CFL1P1","OPCs"
"AHCTF1",14.6136334897286,0.559520561071557,0.155373758966873,3.60112650161763,0.000316841355228277,0.00185583515036917,"AHCTF1","OPCs"
"PRKDC",24.1316539096116,0.505917349008711,0.140570300188342,3.59903442143087,0.000319400915099698,0.00186979308507783,"PRKDC","OPCs"
"SGIP1",94.7234900250543,-0.303331418829502,0.0842870088727251,-3.59879206637333,0.000319698672635725,0.00187050217857035,"SGIP1","OPCs"
"NUBPL",23.8439200153517,0.657669624311881,0.182818350563244,3.59739392837573,0.000321421504966006,0.00187954375350083,"NUBPL","OPCs"
"AEBP1",9.43510245505863,2.32469181892751,0.646308825903137,3.59687462983201,0.000322063612312495,0.00188225919116409,"AEBP1","OPCs"
"COQ7",3.05324142827817,1.45066799651011,0.403343534062073,3.59660655000573,0.000322395559977807,0.0018831599449338,"COQ7","OPCs"
"HABP4",8.486579462597,0.830010910765846,0.23094286706924,3.59400972759638,0.000325627671088034,0.00189942590345145,"HABP4","OPCs"
"DLEU2",66.39059807233,0.510456214130827,0.142032384359205,3.59394244090042,0.000325711820540669,0.00189942590345145,"DLEU2","OPCs"
"SCG3",19.9965677788173,-0.877847569362102,0.244257903684192,-3.5939372119442,0.000325718360780721,0.00189942590345145,"SCG3","OPCs"
"PLOD2",10.9057450366057,-0.853637698865109,0.237612093411338,-3.59256840259956,0.000327434664980965,0.00190838365555774,"PLOD2","OPCs"
"SIK3",258.450708191391,0.839534307519615,0.233742071113187,3.5917124526251,0.000328512209132731,0.00191361072316591,"SIK3","OPCs"
"THAP12",3.24068619570949,1.14583847912251,0.319144855268627,3.59033981029727,0.000330247140943551,0.00192265927575162,"THAP12","OPCs"
"NALCN-AS1",0.866294797719283,2.73494657478907,0.762453882491133,3.58703213085268,0.000334463123665688,0.00194613432946134,"NALCN-AS1","OPCs"
"ELAVL2",2.77303316582437,-3.12073269542583,0.870215642309463,-3.58616019259746,0.000335582858187026,0.00195157741252092,"ELAVL2","OPCs"
"SMS",5.27472168006114,-0.921757128280755,0.257078117992886,-3.58551375541913,0.000336415269555812,0.00195534451404833,"SMS","OPCs"
"NUDC",10.8354407047308,0.897413339754203,0.250347430793902,3.58467165773711,0.000337502528892184,0.00196058792154044,"NUDC","OPCs"
"DLGAP1",181.525278710305,-0.97172282063221,0.271132021110958,-3.58394709946319,0.000338440659815681,0.00196495975189039,"DLGAP1","OPCs"
"ZSCAN23",2.55746648946901,-1.47113084844895,0.410544567652074,-3.583364546418,0.000339196696433394,0.00196827014533131,"ZSCAN23","OPCs"
"RNF220",118.529540265059,0.994820289969583,0.277649814829739,3.58300361402952,0.000339665906497232,0.00196991344458143,"RNF220","OPCs"
"S100B",48.6168385296949,-1.02468091885846,0.286043856450202,-3.58225109804745,0.000340646126515104,0.00197451695664749,"S100B","OPCs"
"SCN1A",103.773199666011,-0.793523631221721,0.221532485785277,-3.58197412180376,0.000341007578904038,0.00197553077713007,"SCN1A","OPCs"
"PPA1",21.1915274626024,1.09869116847009,0.306835035804127,3.5807226694003,0.000342645194587278,0.00198361586632387,"PPA1","OPCs"
"CC2D1A",17.292870286722,0.942820402686074,0.263311937481013,3.58062156887231,0.000342777812594209,0.00198361586632387,"CC2D1A","OPCs"
"CELF4",8.39938855142502,-2.39569078871524,0.669152316526957,-3.58018754406977,0.000343347687746806,0.00198582851624177,"CELF4","OPCs"
"PEF1",4.96302207350538,0.87105698940078,0.243366526243381,3.57919802220324,0.000344650246734783,0.00199227407910554,"PEF1","OPCs"
"ARHGAP39",3.86604596042455,-1.13972381879311,0.318450517189035,-3.5789667696365,0.000344955322156389,0.00199294973357128,"ARHGAP39","OPCs"
"TXLNA",4.95730305278138,1.31821049285404,0.368396087441871,3.57824238038911,0.000345912594292472,0.00199739060717409,"TXLNA","OPCs"
"NAA25",22.5735094315015,1.11697638617716,0.312178178067781,3.57800917761343,0.000346221297482403,0.00199808367320907,"NAA25","OPCs"
"IFIT1",4.12593206706329,-1.29273255277423,0.3614841213083,-3.57618074092858,0.000348650645040801,0.00201100780554579,"IFIT1","OPCs"
"NSUN4",3.88677976084237,1.23936090162676,0.346625765938805,3.57550137183271,0.000349557342733629,0.00201514004330383,"NSUN4","OPCs"
"SH3RF1",31.0584933209109,0.76023149842113,0.212661667179689,3.57484030151409,0.000350441735351183,0.00201913926951525,"SH3RF1","OPCs"
"RAPGEF2",41.8053108288226,-0.43540677258359,0.121806068404491,-3.57459015209078,0.000350776935533748,0.00201997158635258,"RAPGEF2","OPCs"
"CTNNA1",31.4867649248164,0.760400724096035,0.212851561479718,3.57244606903432,0.000353662332015069,0.00203548048697803,"CTNNA1","OPCs"
"BTBD8",15.7255514583976,-0.916633182000538,0.256628760612217,-3.57182562006615,0.000354501432298951,0.00203920161219223,"BTBD8","OPCs"
"MITF",30.5977597407199,-0.616963501577177,0.172742478887417,-3.571579530124,0.000354834761769246,0.0020400109267841,"MITF","OPCs"
"LRMDA",82.4835879439675,-0.883144648949011,0.247708671719038,-3.56525527677412,0.000363502206985241,0.00208870774388155,"LRMDA","OPCs"
"GABRG2",4.41742384175156,-1.9590746520225,0.549589456010359,-3.56461469665746,0.000364391082853362,0.00209154556499572,"GABRG2","OPCs"
"ENSG00000235189",4.09045337130494,1.3420672493913,0.37648435135344,3.56473581057657,0.000364222868229923,0.00209154556499572,"ENSG00000235189","OPCs"
"MTMR10",13.70432506797,0.827277638171807,0.232116055258735,3.56406900526402,0.00036514989273354,0.00209422751328657,"MTMR10","OPCs"
"PDZD11",2.05530909729971,-1.44271271992906,0.404802192622644,-3.56399433160669,0.00036525384485744,0.00209422751328657,"PDZD11","OPCs"
"AMD1",36.1928373351804,0.891894129090829,0.250285811664708,3.56350255397475,0.000365939132872074,0.00209702132960782,"AMD1","OPCs"
"SMARCAD1",24.877771303929,-0.591893059123183,0.166178916164356,-3.56178192026347,0.000368346294182083,0.00210967401589413,"SMARCAD1","OPCs"
"BMP8B",2.94016126974204,-1.34301386478326,0.377117678554595,-3.56125936585823,0.000369080271786957,0.00211045360595242,"BMP8B","OPCs"
"CPEB4",68.260765986985,-0.596590392398661,0.167514580983271,-3.56142366173032,0.00036884935529211,0.00211045360595242,"CPEB4","OPCs"
"UBE4A",15.6469602147054,0.549730837401997,0.15435867924526,3.56138598807608,0.000368902293364623,0.00211045360595242,"UBE4A","OPCs"
"AP1S2",7.16162804647537,0.905897374000604,0.254396396039248,3.56096779712572,0.000369490402025664,0.00211165858470145,"AP1S2","OPCs"
"PRKCA-AS1",8.465802977987,-1.20027145447382,0.337131765862465,-3.56024431991225,0.000370509910069295,0.00211520212810449,"PRKCA-AS1","OPCs"
"PCP4",4.03539524253185,-4.45604978143382,1.25157092835788,-3.56036536201777,0.000370339157231516,0.00211520212810449,"PCP4","OPCs"
"CHD2",41.7668451565301,0.465206874924618,0.130686670090332,3.55971174874271,0.000371262077391563,0.00211721346234607,"CHD2","OPCs"
"HPN",2.1648854160294,1.28632924695888,0.361353416992026,3.55975393194431,0.00037120244868837,0.00211721346234607,"HPN","OPCs"
"DECR1",15.2934430145094,-0.513423061470149,0.14423776838992,-3.55956048960912,0.000371475965660181,0.00211729304431718,"DECR1","OPCs"
"PMM2",5.20017902400772,0.816183782136283,0.229334409190841,3.55892421471344,0.000372376953497415,0.00212128667968673,"PMM2","OPCs"
"FRMD5",252.181824204875,1.05428314097231,0.296256350580039,3.55868537132835,0.000372715691251509,0.00212207482277069,"FRMD5","OPCs"
"SHOC2",15.2382847988978,0.606015956652066,0.17036181769395,3.55722875498285,0.000374787769109314,0.00213272567161076,"SHOC2","OPCs"
"RRAGC",3.93942297407479,0.964923484398646,0.271308269445028,3.55655758806186,0.000375746142534593,0.00213703096103187,"RRAGC","OPCs"
"DUSP3",3.66616880415703,1.12324995404545,0.31588847656834,3.55584339842938,0.000376768464461941,0.00214169513615242,"DUSP3","OPCs"
"FOXO1",20.6703135212166,0.498353173997333,0.14020607633491,3.55443349549928,0.00037879429763602,0.00215205558581838,"FOXO1","OPCs"
"CDH12",8.23459391477054,-2.21946185185011,0.624730651422839,-3.55267001354141,0.000381342506323401,0.00216537112169695,"CDH12","OPCs"
"ENDOV",5.85579953828841,-0.789669964996046,0.222306561301804,-3.55216670336593,0.00038207271662961,0.0021683548065957,"ENDOV","OPCs"
"CHSY3",22.6135550550821,-1.33026115173469,0.374794363003682,-3.54930938948413,0.0003862429813637,0.00218850357016671,"CHSY3","OPCs"
"GRM4",2.32944970518761,-3.4820565683178,0.981018504423066,-3.54943005928883,0.000386066006246517,0.00218850357016671,"GRM4","OPCs"
"PLCB4",21.0426364580396,-0.960421070183434,0.270593254695756,-3.54931637620935,0.000386232732519807,0.00218850357016671,"PLCB4","OPCs"
"NDFIP2",11.6432917235079,-0.868531951184533,0.244779283400922,-3.54822491150925,0.000387836889730388,0.00219635971243038,"NDFIP2","OPCs"
"NBPF1",3.06570198742565,-1.46851810150892,0.413944290534894,-3.54762255474357,0.000388724854969664,0.00220021176596939,"NBPF1","OPCs"
"STEAP1B",7.38571244933131,-0.843083745094293,0.237732056726915,-3.54636121313144,0.000390590421744675,0.00220959004608767,"STEAP1B","OPCs"
"LINC02822",3.30200943975202,-4.08570413318951,1.15237358580606,-3.54546839975652,0.000391915976025144,0.00221590506465898,"LINC02822","OPCs"
"HPN-AS1",5.63901283108147,2.12253903597597,0.598712522390909,3.5451722765039,0.000392356555822297,0.00221721234053262,"HPN-AS1","OPCs"
"XRCC5",28.1932796492167,0.378977684042421,0.106930654473976,3.54414443553839,0.000393889397712708,0.00222352487785263,"XRCC5","OPCs"
"ZDHHC21",38.5729928058785,-0.724883895302365,0.204530169866207,-3.54414165781286,0.000393893547766907,0.00222352487785263,"ZDHHC21","OPCs"
"ARSD",1.51588623985149,-1.68360593573016,0.475184693450715,-3.54305590843865,0.00039551884179893,0.00223151014099663,"ARSD","OPCs"
"DENND4A",56.3054438071912,0.445178752285093,0.125682232668339,3.54209773993965,0.000396958358539243,0.00223843930613982,"DENND4A","OPCs"
"RMND1",6.37701158955375,0.812781977372664,0.229488044506656,3.54171817150627,0.00039752996052377,0.00224046954866776,"RMND1","OPCs"
"IPO7",9.16766982059276,0.632797231164284,0.178742575372932,3.54027142019188,0.000399715720166092,0.00225159014710581,"IPO7","OPCs"
"NTM",353.60336938314,-0.565266250737115,0.159726873498841,-3.53895520744176,0.000401714010609873,0.00225924130236779,"NTM","OPCs"
"HAP1",9.5126538281666,1.7089426795094,0.482880896789551,3.53905629912336,0.000401560201711215,0.00225924130236779,"HAP1","OPCs"
"KIAA1671",3.52542689663461,-1.86872794228957,0.528017179186148,-3.53914231572902,0.000401429372552165,0.00225924130236779,"KIAA1671","OPCs"
"FEN1",1.85637108722192,1.4771924465425,0.417603852690789,3.53730559961158,0.00040423164427134,0.00227219379662075,"FEN1","OPCs"
"CBR1-AS1",2.42821571626977,1.82737558842697,0.516654582034907,3.53693870521699,0.000404793599107431,0.00227414547190859,"CBR1-AS1","OPCs"
"NALF1",288.47364981834,-0.851491434650211,0.24079343921193,-3.53619034404332,0.000405942091720564,0.00227938852137899,"NALF1","OPCs"
"KDM7A",9.76126673581247,1.20578522188562,0.341080821942601,3.53518915258312,0.000407483357725003,0.00228683029057116,"KDM7A","OPCs"
"QSOX2",2.98814844196234,1.17853544093403,0.333437322563038,3.53450367185941,0.000408541759141307,0.00229155573586146,"QSOX2","OPCs"
"SPRY4-AS1",17.1096551666362,-0.92725660450917,0.262483354343249,-3.53263012364814,0.000411447685338137,0.00230663366211269,"SPRY4-AS1","OPCs"
"CASTOR2",7.41007509729605,0.846667792243378,0.239688017258101,3.53237430026245,0.000411845969340919,0.00230764487583086,"CASTOR2","OPCs"
"ENSG00000289227",4.93960293052688,1.36803537103378,0.387320709311393,3.53204808869108,0.000412354361023312,0.0023092716463442,"ENSG00000289227","OPCs"
"MSRB3",6.31104627781015,-1.238446959765,0.35080839770749,-3.53026600234822,0.000415142056288421,0.00232365453281944,"MSRB3","OPCs"
"EFEMP2",3.35413408931935,-1.15209129707547,0.326391710788829,-3.52978111573692,0.000415903598762302,0.00232668732746581,"EFEMP2","OPCs"
"LAYN",4.21273515754472,0.880067671500623,0.249456103675398,3.52794603352661,0.00041879752966222,0.00234163983058232,"LAYN","OPCs"
"PRRG1",14.4976558942447,0.858717021275335,0.243505966593817,3.52647219814423,0.000421135378005849,0.00235346894621738,"PRRG1","OPCs"
"SEMA7A",2.55920478262691,1.2595802826195,0.357213413072743,3.52612818142693,0.00042168282066359,0.00235528537490898,"SEMA7A","OPCs"
"EFNA1",6.4883529571498,0.942107953332211,0.267211166074299,3.52570578233342,0.000422355904111661,0.00235780127809304,"EFNA1","OPCs"
"ENSG00000287195",2.6278500418452,-1.27412380548772,0.361499158586826,-3.5245553833888,0.000424194129298755,0.00236681550541297,"ENSG00000287195","OPCs"
"TMEM178B",39.2739861049575,-1.0206668462098,0.289638770916124,-3.5239303183805,0.000425196051799271,0.00237115649739562,"TMEM178B","OPCs"
"ARIH2",18.5296402333195,0.585455656115208,0.166278562953868,3.5209328593827,0.000430031486233173,0.002396859704847,"ARIH2","OPCs"
"PLAGL1",4.93031830558141,-1.58477622452735,0.450192912672545,-3.52021584506832,0.000431195742879264,0.00240208464865408,"PLAGL1","OPCs"
"CACHD1",13.180293157956,-1.04853085360673,0.29790371420116,-3.5196971491893,0.000432039812448897,0.00240425728525161,"CACHD1","OPCs"
"MTERF2",5.66959166518063,-1.16400988427058,0.3307083924345,-3.519747036662,0.000431958563974464,0.00240425728525161,"MTERF2","OPCs"
"NT5E",7.79354314360929,-1.42253862871049,0.404255071832255,-3.51891349751765,0.000433317968666465,0.00241010361774048,"NT5E","OPCs"
"IRF2",13.6917054287447,0.656416593700312,0.186627129377794,3.51726244672344,0.000436022437853259,0.00242387276475906,"IRF2","OPCs"
"ZFYVE1",4.06025427687416,1.02304493089709,0.290916940159292,3.51662206517407,0.00043707563621736,0.00242845277415627,"ZFYVE1","OPCs"
"TALAM1",3.407135586263,-1.57632040270275,0.448308233420825,-3.51615314016118,0.000437848355641633,0.00243147041753796,"TALAM1","OPCs"
"APBB1",29.5847999733173,0.542911820770113,0.154427323700549,3.51564611598706,0.000438685291666614,0.00243484132009929,"APBB1","OPCs"
"GTPBP6",9.34673019728917,0.793931022512563,0.225849180331411,3.51531504939512,0.00043923258321399,0.00243660191526252,"GTPBP6","OPCs"
"ZMAT1",23.5337199477146,-0.45699366754127,0.130013610799994,-3.51496789243309,0.000439807158549452,0.00243851194190508,"ZMAT1","OPCs"
"ZNF883",5.53843674470876,-1.04296191821656,0.29681071962838,-3.51389572291188,0.000441586126139158,0.00244587674434149,"ZNF883","OPCs"
"TRMT112",13.2366306417068,0.642405524123554,0.182818960283304,3.51388894854261,0.000441597387646924,0.00244587674434149,"TRMT112","OPCs"
"RAB20",1.05924856228095,-2.32853317813446,0.662793894476083,-3.51320855177021,0.000442729825355237,0.00245086714611184,"RAB20","OPCs"
"KCNJ2",4.98009703883459,1.43659910267559,0.409009089379984,3.51238918639517,0.000444097156984878,0.00245715198143671,"KCNJ2","OPCs"
"EPHA4",4.30551754135594,-3.70504538764372,1.05491687108601,-3.51216810461045,0.000444466766102103,0.00245767443421407,"EPHA4","OPCs"
"EAF2",2.91731312714475,-1.36377067087063,0.388311292524639,-3.51205514010153,0.000444655733329005,0.00245767443421407,"EAF2","OPCs"
"ZNF281",11.98238338525,0.630609692618698,0.179570869478575,3.51175942094516,0.000445150767999753,0.00245912709082806,"ZNF281","OPCs"
"ENSG00000248458",2.61523916815045,-1.48096502329912,0.421749392717845,-3.51148110434838,0.000445617140574565,0.00246041997845915,"ENSG00000248458","OPCs"
"AMPD3",4.74596231943972,1.23949486895345,0.353046132499873,3.51085808581659,0.000446662780568405,0.0024649082054296,"AMPD3","OPCs"
"EIF3D",4.69221089889717,0.951989859746368,0.271226775867495,3.50994055325663,0.000448206887059628,0.00247214111143826,"EIF3D","OPCs"
"D2HGDH",9.14981024874449,-0.726410884218324,0.207118021883103,-3.50723166247845,0.00045279476865035,0.0024948473465178,"D2HGDH","OPCs"
"CYP7B1",19.0036325996209,-0.704162991613284,0.200769008380004,-3.50732913060209,0.000452628935622078,0.0024948473465178,"CYP7B1","OPCs"
"SLFNL1",2.69234205606876,1.31392104993584,0.374697199808981,3.50662094780977,0.000453835134705651,0.00249927929096872,"SLFNL1","OPCs"
"METTL2B",3.77254145436701,1.08459371954061,0.309442802643613,3.50498932363194,0.000456625594270256,0.00251262455666485,"METTL2B","OPCs"
"LENG1",1.78227946201934,1.61222891998976,0.459989337661642,3.50492671892251,0.000456732981263441,0.00251262455666485,"LENG1","OPCs"
"ENSG00000236449",5.71754275139378,-1.06043029893442,0.302859786982683,-3.50139022911962,0.000462837594828438,0.00254429249641525,"ENSG00000236449","OPCs"
"ZNG1E",11.5184408687344,-0.746710279996502,0.213265725555197,-3.50131404402927,0.000462969937732974,0.00254429249641525,"ZNG1E","OPCs"
"ECE2",5.45826069971416,-0.824551130556017,0.235572718838219,-3.5001978778463,0.000464912908497881,0.00255364507312892,"ECE2","OPCs"
"ERGIC3",9.42610976817484,0.603257176173575,0.172379304479217,3.49959165919659,0.000465971371495226,0.00255813210167674,"ERGIC3","OPCs"
"PRKG1",13.1962874950963,-2.09695458232742,0.599271308854857,-3.49917399905974,0.000466701917311093,0.00256081518358781,"PRKG1","OPCs"
"ATCAY",14.0683129578699,-0.764557473878092,0.218650570613492,-3.4967092550131,0.000471034903365625,0.00258325200758258,"ATCAY","OPCs"
"SH3BGRL",18.8517772967859,-0.691657898675149,0.197832434538784,-3.49618049379842,0.00047196933420609,0.0025870368784899,"SH3BGRL","OPCs"
"DIP2B",73.8892847482492,0.919725658024977,0.263173230414464,3.49475384170543,0.000474499158934357,0.00259861049311576,"DIP2B","OPCs"
"FRS2",15.6754700409135,-0.473701957689959,0.135548166884187,-3.49471312359902,0.00047457154803455,0.00259861049311576,"FRS2","OPCs"
"RNF114",9.53543545619977,0.656922925438908,0.187995076335244,3.49436239631853,0.000475195501536008,0.00260068235724358,"RNF114","OPCs"
"FLVCR1",8.23439071268049,0.81420593155967,0.233097227206485,3.49298848947019,0.000477647097320344,0.00261179890309792,"FLVCR1","OPCs"
"SORL1",25.1419413979229,-0.85232064215224,0.244011849796575,-3.49294775177022,0.000477719969339062,0.00261179890309792,"SORL1","OPCs"
"IGSF21",26.6687272124843,-0.897561046159572,0.257014676407931,-3.49225600150153,0.000478958963566232,0.00261587180204559,"IGSF21","OPCs"
"SLC6A6",6.20257930806293,1.96455418685222,0.562543714680226,3.49226937495685,0.000478934981977958,0.00261587180204559,"SLC6A6","OPCs"
"RBMS3",74.5236956355498,-0.968283501810435,0.277419461589007,-3.49032290764421,0.000482437238266307,0.00263351049136093,"RBMS3","OPCs"
"MSANTD3",5.72600060712557,1.07339449319637,0.307625505166546,3.4892896563152,0.000484306046540885,0.0026423498366141,"MSANTD3","OPCs"
"RCN2",30.1222746495638,-0.571433836515786,0.16378432156531,-3.48894101129164,0.000484938151437946,0.00264443616051898,"RCN2","OPCs"
"XIAP",8.65829375378881,0.61100900627919,0.175169527496818,3.48810101283335,0.000486464257763489,0.00265139294375468,"XIAP","OPCs"
"NCAPD2",2.29233009673387,1.22443764025302,0.351130661260023,3.48712822702283,0.000488237208327176,0.00265968726141193,"NCAPD2","OPCs"
"PSMD6",5.27071891991847,0.858770008799922,0.246323147213789,3.48635529593399,0.000489650207850567,0.00266601321395244,"PSMD6","OPCs"
"POMT1",11.7678611758997,0.58497827982779,0.167838080408403,3.48537279742685,0.000491451823497934,0.00267444748758639,"POMT1","OPCs"
"KBTBD7",4.34953338076955,-1.25127898649604,0.359112168805362,-3.48436810331044,0.000493300530543622,0.00268312923392756,"KBTBD7","OPCs"
"GDAP1",53.7810918959674,-0.55211829058341,0.158483068984391,-3.48376829223183,0.000494407313918175,0.00268776871375435,"GDAP1","OPCs"
"TSTD1",1.83023357323369,-1.70492832787492,0.489505531918821,-3.48296028686692,0.000495901922361338,0.00269103802719931,"TSTD1","OPCs"
"HECTD2",13.8290197847518,-0.643040145612058,0.184621978192419,-3.48300972564524,0.000495810352082416,0.00269103802719931,"HECTD2","OPCs"
"THY1",18.0414081771609,-0.841809127633012,0.241698191774951,-3.48289377529491,0.000496025139668844,0.00269103802719931,"THY1","OPCs"
"SAP30BP",16.6154758164842,0.836489310815416,0.240164467288643,3.48298530694,0.000495855578325799,0.00269103802719931,"SAP30BP","OPCs"
"CORO6",4.64953378965646,-2.79085042222739,0.801728787734207,-3.48104055252239,0.000499469864462843,0.00270833889639606,"CORO6","OPCs"
"ENSG00000226994",54.7863733432907,-0.669487482597546,0.192365777251976,-3.48028371866062,0.000500883052571025,0.00271450243860196,"ENSG00000226994","OPCs"
"AP3S2",9.4422597757124,0.736753284840773,0.211701135959008,3.48015744697483,0.000501119194283931,0.00271450243860196,"AP3S2","OPCs"
"DCLK2",39.3351916449101,-0.934386191448505,0.268509978420217,-3.47989373410248,0.000501612700675183,0.00271578655426901,"DCLK2","OPCs"
"ACSL6",11.4877144901447,-1.07254662339598,0.308238952683789,-3.47959469125327,0.000502172871032196,0.00271743009924934,"ACSL6","OPCs"
"POGLUT3",3.42613198748241,1.1125768359291,0.319954651936211,3.47729538919445,0.000506499471172741,0.002739443002921,"POGLUT3","OPCs"
"VIPR2",8.07238751338423,-1.02211180545583,0.294042199210837,-3.47607182982245,0.00050881598706595,0.00275056728076999,"VIPR2","OPCs"
"SLC16A7",16.1946927152032,-0.657073870768522,0.189050834135287,-3.47564650414773,0.000509623549770231,0.00275352724085038,"SLC16A7","OPCs"
"STK19",4.68019960902477,0.967379539638131,0.278366748025994,3.47519790527494,0.00051047659568895,0.00275672980537786,"STK19","OPCs"
"MCCC1",16.7571358316334,0.630636557650652,0.181513829158158,3.47431686376448,0.000512155840721711,0.00276438855924716,"MCCC1","OPCs"
"MAP3K5",29.9200393632081,-0.81598371249884,0.234918829004914,-3.47347088334827,0.000513773104775253,0.00277170513477836,"MAP3K5","OPCs"
"WDR55",3.04033930113624,1.31851825817928,0.379688112901933,3.47263507435596,0.00051537559783879,0.00277657103403792,"WDR55","OPCs"
"PRDX3",5.32989037047653,0.842051100726859,0.242469374449184,3.47281425804699,0.00051503165787302,0.00277657103403792,"PRDX3","OPCs"
"ARHGAP5",33.3907769043874,0.419723445164748,0.120867540459092,3.47259027171818,0.00051546162917078,0.00277657103403792,"ARHGAP5","OPCs"
"USP39",3.39931946856834,0.985013675986217,0.283713055208691,3.47186587963557,0.000516854487211674,0.00278029315308899,"USP39","OPCs"
"AP1S1",5.17599802158271,-1.01965742610858,0.29369524725544,-3.47182133738017,0.000516940247255168,0.00278029315308899,"AP1S1","OPCs"
"ENSG00000257545",4.23861738172509,-1.19179601728356,0.343263303853088,-3.47195870897295,0.000516675799587333,0.00278029315308899,"LOC100287944","OPCs"
"SEPSECS",4.38722842895443,1.00301568420643,0.288937131248167,3.47139767005213,0.000517756624272618,0.00278327038124214,"SEPSECS","OPCs"
"AGK",9.18456181990037,-0.624801444587314,0.180058782440244,-3.46998594636541,0.000520485597579569,0.00279652079064822,"AGK","OPCs"
"IFT20",10.7153849155964,-0.682561875706013,0.196754365889739,-3.46910663262497,0.000522192149712127,0.00280426717314981,"IFT20","OPCs"
"TCEAL5",1.82477869509734,-1.41119751963444,0.406828401237383,-3.46877827443274,0.000522830756024527,0.00280627354602116,"TCEAL5","OPCs"
"GMCL1",10.7865681983292,0.65186919256839,0.187982441297139,3.46771319741507,0.000524907180305848,0.00281599140802378,"GMCL1","OPCs"
"GUCA1B",1.71765238243908,1.80897643759593,0.521705702008255,3.46742700076394,0.000525466444473745,0.00281756437821618,"GUCA1B","OPCs"
"ARID5A",6.3430513259472,1.36703473495614,0.394279775939715,3.46716930052521,0.000525970498152648,0.00281883986611161,"ARID5A","OPCs"
"TRERF1",12.6279196711003,-0.788343460607842,0.227626390478895,-3.46332188877254,0.000533549699646593,0.00285573836511349,"TRERF1","OPCs"
"ATP5MK",16.5628236603698,-0.606425177504443,0.175109079372472,-3.46312812378234,0.000533934085262012,0.00285573836511349,"ATP5MK","OPCs"
"LUZP2",277.5540995919,-0.98398309051024,0.284128291543729,-3.463164773786,0.000533861360219253,0.00285573836511349,"LUZP2","OPCs"
"KATNIP",8.82048120660872,0.917285595950457,0.264856014983784,3.46333684740601,0.000533520035848192,0.00285573836511349,"KATNIP","OPCs"
"KANSL3",8.55605414759147,0.733209316384702,0.211799317422732,3.46181151717917,0.000536552774135381,0.00286684857623294,"KANSL3","OPCs"
"ENSG00000242021",2.63317840833774,-1.63539433638138,0.472397703609054,-3.46190153738512,0.000536373346357034,0.00286684857623294,"ENSG00000242021","OPCs"
"ZCWPW1",4.42353861547344,0.964216343841655,0.278548616153914,3.46157291016255,0.00053702863493706,0.0028679441472433,"ZCWPW1","OPCs"
"ENSA",14.0936569899081,-0.800036435463812,0.231165010363053,-3.46088897367004,0.000538394808907793,0.00287379083988585,"ENSA","OPCs"
"ENSG00000260733",3.50787904559493,-2.59795198638929,0.750737212299534,-3.46053445043929,0.000539104248308514,0.00287612795445197,"ENSG00000260733","OPCs"
"ENSG00000230490",20.2421585298363,-0.78535859431831,0.227082379631055,-3.45847438975362,0.000543243917548423,0.00289675382016002,"ENSG00000230490","OPCs"
"HES4",2.49787609216955,-1.70239127911472,0.492302961721512,-3.45801551378383,0.000544170047817855,0.00289902882976743,"HES4","OPCs"
"RFFL",17.7677808385243,0.723875680872007,0.209334126534306,3.45799174198851,0.000544218065493641,0.00289902882976743,"RFFL","OPCs"
"ENSG00000179066",1.7858999761609,1.66933480399954,0.482922945795914,3.45673117943957,0.000546769992098646,0.00291115847980124,"LOC124904701","OPCs"
"REEP1",7.35675289518068,-1.07458785421449,0.31103641529498,-3.45486187909985,0.000550574797718795,0.00292994327027238,"REEP1","OPCs"
"LYPD1",7.41593247594186,-1.25234945436952,0.36251425533278,-3.45462126232772,0.000551066340905669,0.00293108616282824,"LYPD1","OPCs"
"RAB33A",5.32451131421592,1.1538835746629,0.334120202681957,3.4534983679549,0.000553365651900522,0.00294183848073621,"RAB33A","OPCs"
"RIGI",7.94692008550425,0.943184428076591,0.273156179526233,3.45291265133546,0.000554568546412425,0.00294675409257781,"RIGI","OPCs"
"GMDS-DT",34.9058589756783,-0.4249718026263,0.123130319896603,-3.45139850999466,0.000557689455704761,0.00296185122162158,"GMDS-DT","OPCs"
"SCN8A",18.7606931536356,-0.937982298139856,0.271789399186797,-3.45113643485114,0.000558231296186744,0.00296324282035971,"SCN8A","OPCs"
"CC2D2B",4.24729738376341,-1.16284229627146,0.336998361225868,-3.45058739170569,0.000559368033143703,0.00296778931412415,"CC2D2B","OPCs"
"SIPA1L2",20.1053796306268,-0.575156896767678,0.166709524845609,-3.45005420236386,0.000560474009554342,0.00297216813278943,"SIPA1L2","OPCs"
"MFF",27.6083021408761,-0.498436419113699,0.144521883903703,-3.44886466776073,0.000562948764830132,0.00298230486220665,"MFF","OPCs"
"NEK11",7.54903550078415,-1.01901518723791,0.295454893460561,-3.4489704174554,0.000562728347489058,0.00298230486220665,"NEK11","OPCs"
"FHIP2A",5.50522206028695,-1.05631064287183,0.306332155756343,-3.44825256840493,0.00056422616278565,0.00298684490802609,"FHIP2A","OPCs"
"ELFN2.1",2.6824918945449,-1.89573529414538,0.549777913290275,-3.44818379989096,0.000564369845227593,0.00298684490802609,"ELFN2.1","OPCs"
"ENSG00000244701",3.89724234829996,-0.988940881866125,0.286847134591524,-3.44762335964902,0.00056554207985289,0.00299155375906199,"ENSG00000244701","OPCs"
"SGCD",127.469798061493,-0.57644224028498,0.167246072605963,-3.44667131074041,0.000567538614679408,0.0029991914253033,"SGCD","OPCs"
"LINC00511",76.8125973841702,-0.719284659642061,0.208690055288222,-3.44666476152233,0.000567552371700455,0.0029991914253033,"LINC00511","OPCs"
"GRM5",120.660139900652,-0.830854187380964,0.241108824996736,-3.44597169926158,0.000569009946604402,0.00300539418181577,"GRM5","OPCs"
"APRG1",2.01935664659966,2.61153881773973,0.75791198861485,3.44570195084596,0.000569578194623903,0.00300689585297464,"APRG1","OPCs"
"C12orf57",6.17846149049006,0.885090449133854,0.256889582901005,3.44541199039173,0.000570189610327928,0.00300862380337457,"C12orf57","OPCs"
"BMS1P1",15.1205983558956,-0.722292901810293,0.209654712244086,-3.44515462628563,0.000570732804722268,0.00300999024004423,"BMS1P1","OPCs"
"ENSG00000253452",3.35774875630542,-1.6954053305487,0.492279700773498,-3.4439878952652,0.00057320136425647,0.00302150445369638,"LOC124902062","OPCs"
"PPP1R9A-AS1",10.2084885654648,-1.25863937428993,0.365485725633455,-3.4437442723884,0.000573718072605898,0.00302197513555067,"PPP1R9A-AS1","OPCs"
"TBC1D2",7.35529886641518,0.936423653177925,0.271925538755686,3.44367674129815,0.000573861378431766,0.00302197513555067,"TBC1D2","OPCs"
"CDIN1",17.9019481333486,-0.465615680881638,0.135251258853364,-3.44259776085667,0.000576155577855332,0.0030325484937813,"CDIN1","OPCs"
"ZNF682",5.73689289072501,0.885354312707444,0.257429628684241,3.43920906553226,0.000583416493557354,0.00306924027162066,"ZNF682","OPCs"
"RAPGEF3",21.0297726746606,1.40346952918664,0.408142162383159,3.43867813359867,0.000584561804380831,0.00307373858410774,"RAPGEF3","OPCs"
"LIMS1",15.2104688408955,0.697325653577776,0.202889961228483,3.43696479291298,0.000588272065011626,0.00309171273869634,"LIMS1","OPCs"
"TMEM132B",41.4278122115272,-0.711535732595682,0.207097413709577,-3.43575383125501,0.000590907627766726,0.00310402369942938,"TMEM132B","OPCs"
"UBE2J2",8.76469108597874,0.771616255766383,0.224597302162309,3.43555442713538,0.000591342667694102,0.00310476888987632,"UBE2J2","OPCs"
"LINC00623",2.11311175301838,-1.7104338737721,0.49795547353979,-3.43491328976308,0.000592743458228301,0.00311058137890867,"LINC00623","OPCs"
"FXR1",28.2109280683365,0.763243518977741,0.222244778365522,3.43424725022087,0.000594201926962119,0.00311669064216386,"FXR1","OPCs"
"SERPINE2",42.8298684746298,-0.899879055345769,0.262069454132759,-3.43374262492228,0.000595309160191036,0.00312095247842727,"SERPINE2","OPCs"
"EML3",4.22026228423257,1.18265820305833,0.344495699525644,3.43301296558069,0.000596913552584864,0.00312781520132296,"EML3","OPCs"
"RASSF8",18.5275028798465,0.57116410142922,0.16640678166875,3.4323366854494,0.000598404166426835,0.00313290014833375,"RASSF8","OPCs"
"USP22",17.5934201515129,0.750973637737345,0.218795762937342,3.43230429902066,0.000598475637401244,0.00313290014833375,"USP22","OPCs"
"ENSG00000287092",2.7092365122578,1.95649920830089,0.570332304959928,3.43045482657405,0.000602570294774903,0.00314966407782143,"ENSG00000287092","OPCs"
"ZFPM2-AS1",15.4567725057776,-0.818722605838079,0.238654051261919,-3.4305833129962,0.000602284990390956,0.00314966407782143,"ZFPM2-AS1","OPCs"
"ENSG00000289415",4.54680967498957,1.208094234773,0.352144150826181,3.43068096385709,0.00060206824053103,0.00314966407782143,"ENSG00000289415","OPCs"
"C16orf46",3.02717249489932,1.06516891914881,0.310528807962681,3.43017746449089,0.000603186606784086,0.00314998621557376,"C16orf46","OPCs"
"P4HB",14.9324185889254,0.948355468365047,0.276475628266578,3.43015937538856,0.000603226822019224,0.00314998621557376,"P4HB","OPCs"
"TAOK1",36.0196437167045,0.421876891233602,0.123059851409851,3.42822526112551,0.000607541122085998,0.00317095144548581,"TAOK1","OPCs"
"RNF216P1",11.3821751654501,0.536215405500804,0.156444596782852,3.4275099078371,0.000609144074709896,0.00317775160156542,"RNF216P1","OPCs"
"ENSG00000227227",2.7456133495174,-1.62040167817971,0.472811227174849,-3.42716413030622,0.000609920297867167,0.0031802343448613,"ENSG00000227227","OPCs"
"FAM53C",7.40672849315803,0.701027003469199,0.204564509933692,3.42692387695417,0.000610460175577117,0.00318148290322917,"FAM53C","OPCs"
"ABCA10",3.93307322771121,-1.86157341747468,0.543326870905191,-3.42624949576535,0.000611977966905086,0.0031878242348868,"ABCA10","OPCs"
"LINC02930",44.2671608566028,0.874361407889921,0.255210886473831,3.42603491555827,0.000612461646326357,0.00318877523824785,"LINC02930","OPCs"
"RPRD2",33.160460287608,-0.381565056391099,0.111424474177177,-3.42442770503337,0.000616095742374414,0.00320611985835137,"RPRD2","OPCs"
"EPS8L2",2.26504706165978,-3.00490403249281,0.877568833080541,-3.42412346384802,0.000616785922826611,0.00320813503081229,"EPS8L2","OPCs"
"SEC23B",6.32564256907706,0.76182177148095,0.222531845359456,3.42342809520308,0.000618366090080703,0.00321477510748878,"SEC23B","OPCs"
"STX1A",3.40037088737886,-2.16316486386947,0.631928822936336,-3.4231147327923,0.000619079410536022,0.00321690429714253,"STX1A","OPCs"
"CCDC88A",139.618828810588,0.426851641742809,0.124746381481694,3.42175569882521,0.00062218190817355,0.00323144012141143,"CCDC88A","OPCs"
"CCDC3",3.89195530193536,-1.57164612744513,0.459451814258825,-3.42069849039658,0.000624605374507535,0.00324243672354647,"CCDC3","OPCs"
"LINC01252",3.91245246806069,1.3752626818722,0.402068432363565,3.42046918179501,0.000625132182299757,0.00324358148483804,"LINC01252","OPCs"
"CCT6A",8.39260084379525,0.66119318630326,0.193426437380541,3.4183185879728,0.000630093060180886,0.00326770040786294,"CCT6A","OPCs"
"LRIG3",2.92453828329359,1.29813638447285,0.379773363719902,3.41818702543415,0.000630397727409253,0.00326770040786294,"LRIG3","OPCs"
"PHGDH",15.8724462781541,0.553007799111292,0.161790427644656,3.41805017244824,0.000630714791461343,0.00326774444304091,"PHGDH","OPCs"
"SNRPD2",12.7274366029261,0.537787088580442,0.157417447687662,3.41631182870838,0.000634755156571129,0.00328706949050771,"SNRPD2","OPCs"
"DNAJB4",4.25822304176932,1.68376362651138,0.492977190861762,3.41550006313281,0.000636650147066777,0.00329527128906998,"DNAJB4","OPCs"
"GABRA1",3.97824206028499,-2.15943332396745,0.632349816256721,-3.41493469034355,0.000637973064192184,0.00330018165509993,"GABRA1","OPCs"
"CSNK1D",11.5753008945026,0.878334208190603,0.257211815574633,3.41482838270214,0.000638222099116587,0.00330018165509993,"CSNK1D","OPCs"
"APTR",4.40974081216877,0.838844179766227,0.245664146469368,3.41459749752625,0.00063876327927378,0.00330136804661266,"APTR","OPCs"
"ENSG00000243004",1.18501338919109,-3.04429450320135,0.891906028253319,-3.41324579806149,0.000641940150725717,0.00331616887618797,"MACC1-OT1","OPCs"
"TECR",25.2330762312034,0.842710558124658,0.246941779154826,3.41258802382038,0.000643491414120999,0.00332094253194024,"TECR","OPCs"
"PAXBP1",23.9376011142685,0.577001303853633,0.169076825967861,3.41265753334708,0.00064332732156541,0.00332094253194024,"PAXBP1","OPCs"
"LAMA4-AS1",1.38330339691213,-2.10373960762262,0.61687664513719,-3.41030840477801,0.000648894580307907,0.0033471961059234,"LAMA4-AS1","OPCs"
"NCOR1",42.827168576111,0.343699782297803,0.100809239735352,3.4094075424048,0.00065104141775351,0.0033566351577457,"NCOR1","OPCs"
"REPS2",12.7368201610799,-0.525529369495272,0.154181114704581,-3.40851971723135,0.000653163647553388,0.00336593821293936,"REPS2","OPCs"
"MIR99AHG",191.391319493102,-0.417093972933552,0.12237882975577,-3.40821998188691,0.000653881577035931,0.00336799897899344,"MIR99AHG","OPCs"
"ZBTB16",34.5698314685554,1.01370323265549,0.297498958867867,3.40741774866418,0.000655806707212602,0.00337627274155637,"ZBTB16","OPCs"
"LMBR1L",5.74582029833793,0.890476057419262,0.261361429721752,3.40706759358973,0.000656648630410987,0.00337896452675041,"LMBR1L","OPCs"
"VWC2L",6.8535155333983,-2.97478576631745,0.873260596109984,-3.40652696293512,0.000657950512874575,0.00338401939356083,"VWC2L","OPCs"
"PEX1",11.0973975359216,0.573637596285439,0.168472889552204,3.40492525420648,0.000661821660127106,0.0034022773692942,"PEX1","OPCs"
"KLHL21",6.31192152140609,0.963454542556318,0.282998799355811,3.4044474561356,0.000662980538198132,0.00340658122247366,"KLHL21","OPCs"
"KPNA4",11.1436558278526,0.531796094347873,0.156227642162709,3.40398208016232,0.000664111100671175,0.00341073547822878,"KPNA4","OPCs"
"TMEM175",9.55046712393696,-0.596545172653986,0.175270561036606,-3.40356742812841,0.000665119946698783,0.00341426089943777,"TMEM175","OPCs"
"PRPF38B",13.6971474284194,0.530722028414677,0.156000005593247,3.40206416273136,0.000668789342171027,0.00342645337861208,"PRPF38B","OPCs"
"LINC01114",1.43948026946225,-1.66312907211293,0.48885481082689,-3.40209206348971,0.000668721066735074,0.00342645337861208,"LINC01114","OPCs"
"ZXDC",19.6019449419214,0.422962460292103,0.124311165539234,3.40244947794824,0.000667847017383303,0.00342645337861208,"ZXDC","OPCs"
"DLEU7",6.32865301352314,-0.977102365612745,0.287197068242515,-3.40220174109737,0.000668452739467758,0.00342645337861208,"DLEU7","OPCs"
"SRSF4",16.3567466405373,0.604369583130012,0.177709063741075,3.40089340637453,0.000671660127332827,0.003437835064502,"SRSF4","OPCs"
"DIP2C",76.0544874276164,0.609925921704926,0.179337434887755,3.40099612825772,0.000671407787568931,0.003437835064502,"DIP2C","OPCs"
"WRNIP1",8.38920204099126,0.786917685090653,0.231516881831547,3.39896459759344,0.000676414712992676,0.0034604984592234,"WRNIP1","OPCs"
"ENSG00000290999",2.83244702708482,-1.20403709967104,0.354325676367488,-3.39810851986429,0.000678534985827579,0.00346966948329988,"ENSG00000290999","OPCs"
"DDX39A",5.75008862449496,0.881458260872435,0.259514290803199,3.39656925306239,0.000682362882239954,0.00348755932573413,"DDX39A","OPCs"
"NDST3",4.93649574369324,-1.64295823243335,0.483753021333925,-3.39627487576817,0.000683097231541299,0.00348962840425584,"NDST3","OPCs"
"METTL5",5.8074134473109,0.775859290842853,0.228464112192808,3.39597884059831,0.000683836457332745,0.00349172038724868,"METTL5","OPCs"
"HMGXB3",5.60294055042029,1.16292494315598,0.342461060335613,3.39578736927436,0.000684314973962495,0.00349247979482546,"HMGXB3","OPCs"
"FAM120AOS",7.55362733619106,0.70486383833862,0.20761365338663,3.39507458609181,0.000686099067368699,0.00349989842169293,"FAM120AOS","OPCs"
"SOX6",221.557252405125,-0.955986708426476,0.281704652680847,-3.39357798789907,0.000689859124297944,0.00351738475027214,"SOX6","OPCs"
"KIF20B",3.60663228299284,1.08832733817671,0.320845856477882,3.39205670325287,0.000693700825575772,0.003535270328608,"KIF20B","OPCs"
"ABL2",14.2908721816859,-0.616602023347409,0.18179774271951,-3.39169240565734,0.000694623732687057,0.00353827096159496,"ABL2","OPCs"
"RAB33B",1.6251084718004,-1.62399407409216,0.47908506875283,-3.38978227461731,0.000699481541692357,0.00356130265698176,"RAB33B","OPCs"
"ZNF84",12.3734971030294,-0.558596373014162,0.164795804268878,-3.3896273967192,0.000699876804766114,0.00356160276908849,"ZNF84","OPCs"
"TSC1",10.0209264621149,0.592898863822162,0.174980196219852,3.38837695139637,0.000703075671136239,0.00357616299583707,"TSC1","OPCs"
"TET3",11.5205470793499,0.703665866779921,0.20770976890396,3.38773602461268,0.000704720540015113,0.00358280869839657,"TET3","OPCs"
"MTMR2",21.5189213943072,0.901477017644638,0.266197317086886,3.38649926118676,0.000707904671164387,0.00359726989809542,"MTMR2","OPCs"
"COMMD4",7.46379991134901,0.721086753329162,0.212951308434751,3.38615789040858,0.000708785904618226,0.0036000204939602,"COMMD4","OPCs"
"SLC38A4-AS1",14.7750948849199,-0.534813803051905,0.157966826478932,-3.38560832658896,0.000710206720789753,0.00360550775319439,"SLC38A4-AS1","OPCs"
"GAS2",6.01844640388352,-1.06966452265215,0.316017132949489,-3.38483079277578,0.000712221440954979,0.00361400338270878,"GAS2","OPCs"
"PPIEL",5.48389137088867,0.805900903667253,0.238159598494955,3.38386908930031,0.000714720721614042,0.00362494848749651,"PPIEL","OPCs"
"CDK5RAP2",19.8337880281348,0.525385504172562,0.155461838352981,3.37951428941461,0.000726140325188266,0.00368110389839337,"CDK5RAP2","OPCs"
"ITPR2",89.3009243342771,-0.417344545219396,0.123511348619707,-3.37899755677031,0.000727506546931271,0.00368626523062304,"ITPR2","OPCs"
"SDF2L1",5.16578992586417,1.3585364346849,0.402102315550802,3.37858396270106,0.00072860179425731,0.00369004925929456,"SDF2L1","OPCs"
"GABARAPL2",18.2433614753816,-0.693969243301136,0.205416129190269,-3.37835809698439,0.00072920056054275,0.00369131641307253,"GABARAPL2","OPCs"
"AGTRAP",1.72787075732404,-1.47383953459825,0.436371747009822,-3.37748615646529,0.000731516351370746,0.00369950246466867,"AGTRAP","OPCs"
"SSNA1",14.5079356733367,0.5000351054763,0.14804671567766,3.37754946597411,0.000731347977625642,0.00369950246466867,"SSNA1","OPCs"
"CEBPD",10.2489623591679,1.07875760174304,0.319423607765641,3.37720060608206,0.000732276229672622,0.00370157769557664,"CEBPD","OPCs"
"PRMT9",7.36365944008139,-0.697367748926843,0.206521679850372,-3.37672901669256,0.000733532782027753,0.00370616038247801,"PRMT9","OPCs"
"KIF3B",3.18584068271465,-1.2124433680345,0.359110258226939,-3.37624264486564,0.000734830820002866,0.00371094820402019,"KIF3B","OPCs"
"NAPG",13.8940001014597,0.572461612238079,0.169591935878856,3.37552377871908,0.000736753250588906,0.00371888318576574,"NAPG","OPCs"
"KIAA0319",3.45819571027005,-2.62160000645062,0.776751864557621,-3.37508041637426,0.00073794124198369,0.00372133226314632,"KIAA0319","OPCs"
"FKBP15",6.68593096771605,0.678608589307421,0.201060659210348,3.37514356101591,0.000737771937046011,0.00372133226314632,"FKBP15","OPCs"
"PAQR7",2.5499167845567,1.50970573910249,0.447406641313856,3.37434807554283,0.000739907449917193,0.00372915245382767,"PAQR7","OPCs"
"NFE2L1",6.4664077380197,1.11565020563225,0.330637414436419,3.37424065432494,0.000740196266094972,0.00372915245382767,"NFE2L1","OPCs"
"PBLD",2.09555078897689,1.39419174501302,0.413204429467645,3.37409680435721,0.000740583189786467,0.00372932761761231,"PBLD","OPCs"
"ADAMTS19",7.4457623863682,-1.47575916422137,0.437435869731343,-3.37365832648275,0.000741763754825499,0.0037334972260466,"ADAMTS19","OPCs"
"SH3RF3",10.4638956664829,-1.30020627067409,0.385622041479378,-3.37171149679633,0.000747026569831699,0.00375820017791814,"SH3RF3","OPCs"
"DPP6",319.472326693072,-0.789526422236126,0.234191542680049,-3.3712849456514,0.000748184276311783,0.00376223717290683,"DPP6","OPCs"
"TANGO2",4.62679346680789,1.32427551316635,0.392830792952704,3.37110923309361,0.000748661663796242,0.00376285098225069,"TANGO2","OPCs"
"TAGLN3",8.39068809254539,-0.956986126364997,0.283898708016647,-3.37087172058875,0.000749307403073909,0.00376430996136276,"TAGLN3","OPCs"
"BRINP1",38.8610676467996,-1.10194386838024,0.326964983047774,-3.37021982632076,0.000751082405533217,0.00377143796804019,"BRINP1","OPCs"
"GSK3A",3.76646084071223,1.10124539588842,0.326832377542974,3.36945012659775,0.000753183199782936,0.00378019435341293,"GSK3A","OPCs"
"GLYR1",9.47947383009275,0.652719277239292,0.193728986519019,3.36923910545113,0.000753760106580531,0.0037812977397858,"GLYR1","OPCs"
"LSAMP",711.21829049674,-0.618405659353623,0.183675999974687,-3.36682886952485,0.000760378579040073,0.00381117181429666,"LSAMP","OPCs"
"NPSR1-AS1",6.03827500413961,-5.06116874981962,1.50325415267356,-3.36680842744939,0.000760434942739267,0.00381117181429666,"NPSR1-AS1","OPCs"
"ENSG00000284052",13.222304005505,0.573214896103381,0.17028999382616,3.36611026416823,0.000762362276537771,0.00381529612185697,"ENSG00000284052","OPCs"
"FAF2",8.26841796727254,0.596468771164384,0.177204638608281,3.36598847439262,0.000762698950894354,0.00381529612185697,"FAF2","OPCs"
"LRCH4",4.64911640831434,1.06362986332443,0.315977353436027,3.3661585292687,0.000762228891191314,0.00381529612185697,"LRCH4","OPCs"
"SSBP1",15.2941515582078,0.575375876477599,0.170934453880532,3.36606145464235,0.00076249718849774,0.00381529612185697,"SSBP1","OPCs"
"CNTNAP5",123.671309508461,-0.822474133583487,0.244420906635606,-3.36499092857744,0.000765461756501732,0.00382730878250866,"CNTNAP5","OPCs"
"HAVCR2",8.20143955939139,1.28686569203938,0.382445717004956,3.3648322750669,0.000765902019177186,0.0038277028707345,"HAVCR2","OPCs"
"TMEM167A",9.47106331495898,-0.679340769126222,0.201925583130945,-3.36431252837181,0.00076734596079444,0.00383311024755336,"TMEM167A","OPCs"
"SRRT",5.73578023242589,1.00651951414359,0.299199040541157,3.36404659695134,0.000768085738948587,0.00383499668810256,"SRRT","OPCs"
"CACNG3",2.69016684995009,-3.09898485983837,0.92136131730834,-3.36348488005957,0.000769650521364345,0.00384099859625279,"CACNG3","OPCs"
"ANXA5",13.0578753283437,0.654411636201573,0.194647554407035,3.3620336931288,0.000773706822936346,0.00385760605221088,"ANXA5","OPCs"
"HEXD",6.04161356293135,1.22384251445596,0.364018254510522,3.36203610475964,0.000773700065606546,0.00385760605221088,"HEXD","OPCs"
"VWA1",18.4190853106212,0.612821181089636,0.18229053644414,3.36178275100652,0.000774410256074694,0.00385929628792048,"VWA1","OPCs"
"ENOPH1",7.90863353564837,-0.892867295817953,0.265620398501213,-3.36144099194202,0.000775369219358526,0.00386225777657892,"ENOPH1","OPCs"
"NUP43",3.97460404274697,1.08750947435935,0.323568790417875,3.36098383578615,0.000776653706236382,0.00386683721158594,"NUP43","OPCs"
"RFX7",33.9910572703662,-0.340137719865143,0.101212165844204,-3.3606406604194,0.000777619235183764,0.00386982504727258,"RFX7","OPCs"
"MTUS1-DT",1.56995926035307,2.01271341181514,0.59904037971071,3.35989606040768,0.000779718011220745,0.00387844703561658,"MTUS1-DT","OPCs"
"C18orf54",1.74938234465191,1.51466215463382,0.451120516854332,3.35755546033591,0.000786349665212179,0.00390959763126619,"C18orf54","OPCs"
"NOL8",7.45969206941841,0.79104249775747,0.2356598980122,3.35671238267496,0.000788751166182824,0.00391969725475181,"NOL8","OPCs"
"VWA8",35.0956992361324,-0.43894371899323,0.130776840869701,-3.35643311211784,0.000789548166204623,0.0039218175797875,"VWA8","OPCs"
"ABCB6",7.17982642504864,1.31084078717731,0.390572213467915,3.35620595110512,0.000790197003913744,0.00392315830031784,"ABCB6","OPCs"
"PHF14",57.4494006383901,-0.350922738046748,0.104570286733244,-3.35585517654688,0.000791199889930489,0.00392315830031784,"PHF14","OPCs"
"FNBP1",42.670107391905,0.640185668034213,0.190757749191737,3.35601395354451,0.000790745790482828,0.00392315830031784,"FNBP1","OPCs"
"CLCN7",12.6050462425242,0.5756742012859,0.171545006812065,3.35582021292276,0.000791299917797819,0.00392315830031784,"CLCN7","OPCs"
"RIN2",48.5256900314858,-0.636460772470807,0.189706598707243,-3.35497434885225,0.000793723440564583,0.00393333235169815,"RIN2","OPCs"
"SUSD1",7.6144050471688,-0.945143254547716,0.28177711438065,-3.35422291702133,0.000795882177695131,0.0039421853422785,"SUSD1","OPCs"
"CEMIP2",4.3578588798326,1.4776829011519,0.44057093531087,3.35401812221053,0.000796471462890516,0.00394325983731209,"CEMIP2","OPCs"
"CCDC47",8.55149672961966,0.6156822036038,0.183620723291088,3.35301044767034,0.000799376890481633,0.003955794986075,"CCDC47","OPCs"
"MYRIP",28.0952343233661,-0.999759087818733,0.298373601706753,-3.35069551092967,0.000806088839513666,0.00398601905871301,"MYRIP","OPCs"
"KDSR",13.9867882716584,0.505621089436547,0.150902635918348,3.35064451564739,0.000806237282697193,0.00398601905871301,"KDSR","OPCs"
"TXNRD3",5.00717101846074,-0.952516415670147,0.284372110426125,-3.34954231004871,0.000809451920743094,0.00400004472266419,"TXNRD3","OPCs"
"KRBA2",4.67222966673663,0.989771863057412,0.295580094512305,3.34857414769589,0.000812285422535588,0.00401217473164733,"KRBA2","OPCs"
"DNAJC7",13.1956500941183,0.515407017653691,0.153936782848323,3.34817324434752,0.000813461430807476,0.00401611028076977,"DNAJC7","OPCs"
"GPIHBP1",3.88006374375545,1.50850099773854,0.450659075799673,3.34732190861079,0.000815963976795109,0.00402658831046608,"GPIHBP1","OPCs"
"PCBP1-AS1",23.0597154829142,0.528726230479099,0.157975136509588,3.34689522769938,0.000817220913149072,0.00402737349602555,"PCBP1-AS1","OPCs"
"AFF3",30.781964477062,-0.740011887874376,0.221090299139225,-3.34710247693127,0.000816610164576053,0.00402737349602555,"AFF3","OPCs"
"KIT",5.67811948196289,-0.782890882029938,0.233916584386605,-3.34688061593794,0.000817263988947961,0.00402737349602555,"KIT","OPCs"
"ARVCF",2.46393183912775,-1.25775279858313,0.376031693390263,-3.34480529352024,0.000823403528455776,0.00405574110062636,"ARVCF","OPCs"
"FEM1C",6.66266709604407,0.926343117889814,0.277038988109632,3.34372834744558,0.000826606354190227,0.00406962403108996,"FEM1C","OPCs"
"MYOM1",7.27518235071337,-0.769416321084833,0.230123295259881,-3.34349601684577,0.000827298816696088,0.00407114055242173,"MYOM1","OPCs"
"HSPA5",19.0585969066464,0.789748571410312,0.236280507885398,3.34241947623272,0.000830514480908065,0.0040850665828223,"HSPA5","OPCs"
"ABHD12",18.9241974526954,-0.44557646874858,0.133339186595354,-3.34167681778932,0.00083273958169542,0.00409410964259726,"ABHD12","OPCs"
"GABRB3",27.4652452161497,-1.09379588634042,0.327405082996114,-3.34080300871017,0.000835364707442776,0.00410511009365151,"GABRB3","OPCs"
"CXXC5",10.1631513437059,1.02319715209236,0.306375866719777,3.33967933913089,0.000838751755120342,0.00411984280460316,"CXXC5","OPCs"
"DNPEP",4.93001295621402,1.12046925580685,0.33560217471596,3.33868294135807,0.000841765821946002,0.00413273066963753,"DNPEP","OPCs"
"RYR2",39.5865135095654,-2.34204212898106,0.701553790755057,-3.33836429913721,0.000842731821040123,0.00413555606339894,"RYR2","OPCs"
"SCAF11",34.4491246470872,0.399131968637734,0.119565292540387,3.33819254866888,0.000843252927927564,0.0041361966219328,"SCAF11","OPCs"
"ELAPOR2",14.5780696044433,0.672473876538115,0.201478031792651,3.33770322528357,0.000844739219724466,0.00414156867448245,"ELAPOR2","OPCs"
"TPGS1",5.88851422658606,0.851126394537005,0.255055288774187,3.33702703687336,0.000846797102307705,0.0041497368410174,"TPGS1","OPCs"
"CPLX2",4.48488996787683,-2.22578584162692,0.667178875885227,-3.33611557870998,0.000849578352807181,0.00416144068280668,"CPLX2","OPCs"
"PLD1",31.0245808513415,0.950932317528049,0.285110228808859,3.33531463076888,0.000852029380101882,0.00416766334193022,"PLD1","OPCs"
"TMEM170B",5.3896719150638,-1.00461570381849,0.301193546168051,-3.33544897159903,0.000851617818737173,0.00416766334193022,"TMEM170B","OPCs"
"E4F1",4.64636478691676,0.934187419801737,0.280082196966755,3.33540449881798,0.000851754043408064,0.00416766334193022,"E4F1","OPCs"
"ZNF394",3.19957602787896,1.34581046606256,0.403647690946977,3.33412155264713,0.000855692549671963,0.00418215956411379,"ZNF394","OPCs"
"CRISPLD2",9.64328073229277,1.12968032595028,0.338826958336498,3.3340922206915,0.000855782792770026,0.00418215956411379,"CRISPLD2","OPCs"
"ABHD14A",4.42548846563367,-0.871745343888238,0.261507252891432,-3.33354174406074,0.000857478034668107,0.00418851124867862,"ABHD14A","OPCs"
"FAM66D",6.08870717808531,-1.02651971780628,0.308145977708586,-3.33127735575072,0.00086448422465192,0.0042207874315647,"FAM66D","OPCs"
"SLC25A43",6.19509360289997,-0.884055387377088,0.265405597247778,-3.33095984615483,0.000865470855981197,0.00422365731098658,"SLC25A43","OPCs"
"GORAB",2.71190122793556,-1.27262851042489,0.382152975667081,-3.33015465391421,0.00086797759867611,0.00423393955319208,"GORAB","OPCs"
"RHBDF1",7.19166024030508,0.969992921112505,0.291305339042319,3.32981511530618,0.000869036674528796,0.00423715395177714,"RHBDF1","OPCs"
"NCOA1",123.529150035151,0.363480778272564,0.109179190391134,3.32921298436447,0.000870917765342227,0.00424437143809212,"NCOA1","OPCs"
"MAT2A",32.5134475789028,0.672866593346488,0.202134289590399,3.32880974677761,0.000872179612080719,0.00424668228602704,"MAT2A","OPCs"
"MIF4GD",3.22148595203763,1.00414102554138,0.301652086929174,3.32880516678522,0.000872193953929066,0.00424668228602704,"MIF4GD","OPCs"
"ALDH6A1",6.36560912339906,0.75280291224938,0.226184824864513,3.3282644523138,0.000873888691902971,0.00425297851436235,"ALDH6A1","OPCs"
"NME9",16.2827156817143,-0.585035005958366,0.175832389073029,-3.32723117192807,0.000877135752663753,0.00426682022081265,"NME9","OPCs"
"LRRTM4",448.467134787295,-0.700780821409773,0.210639742733446,-3.32691643236849,0.000878127035032879,0.0042677215699854,"LRRTM4","OPCs"
"PLEKHJ1",5.75263024484981,-0.93249171187567,0.280278764658873,-3.32701520577417,0.000877815833242621,0.0042677215699854,"PLEKHJ1","OPCs"
"KCNH3",4.95267082683399,-1.99663950266976,0.600230008172883,-3.32645731716677,0.000879574895775482,0.00427279731479925,"KCNH3","OPCs"
"CADM1",143.129716706635,-0.173108885024138,0.0520649553814799,-3.32486379284818,0.000884617406123711,0.0042953224809033,"CADM1","OPCs"
"CNTRL",12.6145742240816,0.619297553249939,0.186296915651937,3.32425016851588,0.000886566280865327,0.00430281251804024,"CNTRL","OPCs"
"THOC1",17.0214153836428,0.511865846576168,0.154026576766725,3.32323068733388,0.000889812961067821,0.00431659150605049,"THOC1","OPCs"
"FAM153CP",3.93384883150834,-3.01611282243975,0.90766656061206,-3.32293041665644,0.00089077131399733,0.00431926200331123,"FAM153CP","OPCs"
"MIR3681HG",61.1110891249461,-1.30089735936147,0.391674936524157,-3.32136993729042,0.00089576721164635,0.0043395127041788,"MIR3681HG","OPCs"
"NFKBIL1",4.22507985423316,1.05854642483898,0.318696741525777,3.32148493194857,0.000895398169997715,0.0043395127041788,"NFKBIL1","OPCs"
"ZNF532",25.68143862331,-0.409922449206673,0.123542591527837,-3.3180658114518,0.000906431248550436,0.00438916640244587,"ZNF532","OPCs"
"GSN",51.7052531228765,0.808208246019599,0.243587851614367,3.31793330686746,0.000906861349797816,0.00438924209065762,"GSN","OPCs"
"ABHD6",14.8316967631992,0.568723016512894,0.171445985238578,3.31721396521172,0.000909199588312805,0.00439854894482988,"ABHD6","OPCs"
"CCDC77",2.6140584160389,1.10819457478778,0.334121337675881,3.31674290093619,0.000910733820923117,0.00440395943542274,"CCDC77","OPCs"
"CLDN16",2.50915948049958,-1.84261050463511,0.555634341085344,-3.31622862085137,0.000912411544541602,0.0044100585379715,"CLDN16","OPCs"
"CBX7",6.93392527872315,0.705821056517073,0.212907159592096,3.31515886017802,0.000915910578316662,0.00442495119725066,"CBX7","OPCs"
"ADPRS",6.52142690781433,0.695273432870221,0.20980035265723,3.31397647365327,0.000919792459873404,0.00443965458070162,"ADPRS","OPCs"
"KIAA1328",31.3445166949657,0.551148191482437,0.166307680858334,3.31402728146947,0.000919625340242261,0.00443965458070162,"KIAA1328","OPCs"
"HEPACAM",29.7792852228261,0.698464822987976,0.210835608346228,3.31284088331502,0.000923535052416842,0.00445568847612499,"HEPACAM","OPCs"
"BARD1",7.71766799883529,0.783782031916923,0.236660126983946,3.3118465789131,0.000926823586706092,0.00446735127996343,"BARD1","OPCs"
"CYREN",6.6867936075864,0.706800558809011,0.213422783857906,3.3117390094564,0.000927180008528234,0.00446735127996343,"CYREN","OPCs"
"GCN1",5.69737456786865,0.917485576324882,0.277041380866058,3.31172756018156,0.000927217952158604,0.00446735127996343,"GCN1","OPCs"
"POLH",3.51843716813337,0.935066161461188,0.282478605125032,3.31021940952769,0.000932228655684117,0.00448945041550468,"POLH","OPCs"
"NR2F2",3.09864550374957,-1.0827458788397,0.327117231633785,-3.30996283329964,0.000933083601542545,0.00449152515469798,"NR2F2","OPCs"
"GSK3B",31.7362031156702,-0.365621298665555,0.110467017208567,-3.30977795820489,0.000933700079985813,0.0044924506347341,"GSK3B","OPCs"
"EIF3B",7.96734598236644,0.732340528433199,0.221345406311863,3.30858697560397,0.000937680545979483,0.00450955357943811,"EIF3B","OPCs"
"SERPINE3",1.39372324904919,1.869754647701,0.565191837249944,3.30817701968004,0.000939054321284758,0.00451411042324357,"SERPINE3","OPCs"
"IARS1",15.1572642950557,0.720910922152862,0.217931358998823,3.30797240683822,0.000939740682750166,0.00451536017709812,"IARS1","OPCs"
"MCF2L2",30.9914241083362,-0.648187859014726,0.196001827822654,-3.307050073029,0.0009428403690278,0.004528199323358,"MCF2L2","OPCs"
"SREK1",25.2465412692948,0.42681904332519,0.129079000227064,3.30664974608084,0.000944188692752063,0.00453056558959871,"SREK1","OPCs"
"EDIL3",234.275171662536,0.404730430302114,0.122395628141705,3.30673927203946,0.000943887009309198,0.00453056558959871,"EDIL3","OPCs"
"PPARGC1A",11.3417714552226,-1.11219750967342,0.336413216378331,-3.3060458255678,0.000946226111213101,0.0045382855605737,"PPARGC1A","OPCs"
"ENSG00000291034",9.41958369927431,-2.1375727434407,0.64720067221439,-3.30279747103324,0.000957254973089698,0.004589103741521,"GYG2P1","OPCs"
"OXSM",1.49965454392434,-1.60821597250083,0.487252171017876,-3.30058246665428,0.000964843534270313,0.00462339051037222,"OXSM","OPCs"
"ENSG00000291042",6.21327116370519,-0.806104831982278,0.244287302454034,-3.29982288839576,0.000967458637009181,0.00463382495066812,"ENSG00000291042","OPCs"
"ATP2B1",56.8119692321241,-0.705172878954509,0.213777821989721,-3.29862505095789,0.00097159593498592,0.00465153750067852,"ATP2B1","OPCs"
"ST8SIA1",31.4065776809265,-0.914661757338954,0.277301041678857,-3.29844327955401,0.000972225198427599,0.00465244683748227,"ST8SIA1","OPCs"
"MCTP1",21.7686827929645,-1.10549270109058,0.335269137666436,-3.29732915109665,0.000976090385718987,0.00466883341678594,"MCTP1","OPCs"
"ATP6V1G2",5.01179897233222,-0.984562224986345,0.298704519039236,-3.29610756527262,0.000980344720636755,0.0046833252107076,"ATP6V1G2","OPCs"
"HDDC2",10.2722786662925,-0.674605466366733,0.204664251844879,-3.29615680455049,0.000980172906743904,0.0046833252107076,"HDDC2","OPCs"
"USF2",8.89518445376875,0.831785310368094,0.252357117891623,3.29606439207041,0.000980495390713094,0.0046833252107076,"USF2","OPCs"
"WDR44",10.0575293149272,0.605338274588615,0.183661153287977,3.29595161389114,0.000980889076236965,0.0046833252107076,"WDR44","OPCs"
"LINC01135",8.14756185141427,-0.835329590817835,0.253456851255701,-3.29574673826871,0.000981604629560878,0.00468416131557122,"LINC01135","OPCs"
"NNT-AS1",7.2108373354826,-0.767248746595671,0.232806626050279,-3.29564823653245,0.000981948831026262,0.00468416131557122,"NNT-AS1","OPCs"
"CLK1",39.6457465304202,0.832516890730967,0.252737973862213,3.29399210577211,0.000987752725115556,0.00470927420886196,"CLK1","OPCs"
"ENSG00000285940",2.25553613371229,-3.41437363661451,1.036580080403,-3.29388312699109,0.000988135751783011,0.00470927420886196,"LOC124904288","OPCs"
"UBOX5",1.92063786012637,1.41759306432584,0.430386687723242,3.29376605913383,0.000988547362256859,0.00470927420886196,"UBOX5","OPCs"
"ENSG00000287044",2.02326631808328,-1.44569296617774,0.439171559329401,-3.29186381828837,0.000995257925468426,0.00473911035553535,"ENSG00000287044","OPCs"
"DNAJB14",23.008717693865,0.373927827319899,0.113615911095904,3.2911572306476,0.000997761289222774,0.00474412627020035,"DNAJB14","OPCs"
"SHLD2",16.8088402690345,0.571557679779474,0.173669739799738,3.29106084018175,0.000998103241738091,0.00474412627020035,"SHLD2","OPCs"
"ALDH3A2",8.2079507366671,0.6484853148661,0.197035233927051,3.29121498699157,0.00099755644616337,0.00474412627020035,"ALDH3A2","OPCs"
"ACSS2",7.44198282373467,0.794132499593238,0.241277580048111,3.29136465739953,0.000997025794828955,0.00474412627020035,"ACSS2","OPCs"
"LINC00499",4.01119796286498,-1.01884721094233,0.309707098292508,-3.28971217178906,0.00100289913855042,0.00476478325583173,"LINC00499","OPCs"
"LINC02241",2.04013318216769,1.44298314052282,0.438742749445686,3.28890481346052,0.00100578032257524,0.00477632897581693,"LINC02241","OPCs"
"DNM3",258.224120006829,0.399378803042797,0.121471251783826,3.28784627784642,0.00100956948112806,0.00479217427393375,"DNM3","OPCs"
"DSEL-AS1",6.57136342128101,-0.854265339144888,0.260064618355299,-3.28481953657301,0.00102047710772192,0.0048417798256161,"DSEL-AS1","OPCs"
"RBM28",8.68648660551161,0.683346590711463,0.208057678863286,3.28440937361647,0.00102196359706214,0.00484666121490735,"RBM28","OPCs"
"CALY",4.24416866754538,-2.28395009580758,0.695559152633088,-3.28361734176243,0.00102483970694834,0.00485812555800488,"CALY","OPCs"
"RNASEH1",3.02549024678689,1.06469816544791,0.324263862375366,3.28343145501492,0.00102551580310323,0.00485915541604617,"RNASEH1","OPCs"
"ATP1B1",55.5482220823713,0.487840511010597,0.148594682318766,3.28302805590364,0.00102698444239837,0.00486028425988587,"ATP1B1","OPCs"
"GNPAT",9.49770158037478,0.676824158904762,0.206166312715139,3.28290373917651,0.0010274374296353,0.00486028425988587,"GNPAT","OPCs"
"EFNA5",7.89192920518646,-3.00071518508737,0.914054643874399,-3.28286192209281,0.00102758984493715,0.00486028425988587,"EFNA5","OPCs"
"HEPH",3.91235492297456,1.12132225124789,0.341544849521268,3.28308933019955,0.00102676123816978,0.00486028425988587,"HEPH","OPCs"
"STXBP1",13.3743751394783,-0.969549024461671,0.295409103201102,-3.28205533937674,0.00103053378262596,0.004872032481254,"STXBP1","OPCs"
"BORCS7",5.95364599979622,0.747310119457668,0.227741811527149,3.2813918289597,0.0010329613715171,0.00488045328013096,"BORCS7","OPCs"
"MRPL4",6.08885228588021,0.68536612391998,0.208869241009871,3.28131667739238,0.00103323666232801,0.00488045328013096,"MRPL4","OPCs"
"ENSG00000285783",13.7237752430448,-0.600105300859541,0.182906296628438,-3.28094391456962,0.00103460314910225,0.00488472909005474,"ENSG00000285783","OPCs"
"ENSG00000243944",2.37566192796692,2.01401092690369,0.613926535979743,3.28054060033356,0.00103608351581182,0.0048895385171333,"ENSG00000243944","OPCs"
"CPNE2",13.1852307027648,0.798812451204292,0.243518686499754,3.28029221365359,0.00103699619530876,0.00489166579435179,"CPNE2","OPCs"
"METAP2",13.3811931023003,0.623130539257436,0.190045514269621,3.27884897284862,0.0010423140197433,0.00491456165141652,"METAP2","OPCs"
"TUBB3",4.79284330178465,-1.60775113104997,0.490395168567608,-3.27848077244733,0.00104367474030951,0.00491878749438259,"TUBB3","OPCs"
"ATP5IF1",15.7428697150017,-0.539540598465002,0.164586259056458,-3.27816308334661,0.00104485011218905,0.00492213642708276,"ATP5IF1","OPCs"
"ACAP2",36.2166637288206,0.375647011464958,0.114602024907987,3.27783921590009,0.00104604960311435,0.00492340679865819,"ACAP2","OPCs"
"NXPH1",175.63833221408,-1.00197293273223,0.30567035559452,-3.27795258648297,0.00104562957354607,0.00492340679865819,"NXPH1","OPCs"
"SEPTIN6",3.5951663589615,-1.00253357457164,0.305880478562776,-3.27753369316732,0.00104718231949609,0.00492654853996607,"SEPTIN6","OPCs"
"KMT2D",5.50315973313499,0.841151214327267,0.256758322711533,3.27604264369766,0.0010527266434423,0.00495043301689786,"KMT2D","OPCs"
"MAP3K3",9.51259668191677,0.755169748061653,0.230628632401544,3.2743971995066,0.00105887658530753,0.00497714293759733,"MAP3K3","OPCs"
"GPC5",91.572551742643,-1.16328949441904,0.355311652040669,-3.27399759545709,0.00106037513623647,0.00498197546261946,"GPC5","OPCs"
"EPAS1",4.86539499846063,-1.41854977154982,0.433559874652678,-3.27186590476392,0.00106840237065351,0.00501625989763136,"EPAS1","OPCs"
"BICC1",3.55908180663384,-1.146451109932,0.350402886731517,-3.27180840496449,0.00106861967224328,0.00501625989763136,"BICC1","OPCs"
"DNAJC15",5.47795631862836,-0.7722956362907,0.236061258445613,-3.27158993125774,0.00106944569464542,0.00501791311754321,"DNAJC15","OPCs"
"LINC00486",158.19741257672,0.845449146882577,0.258595509942607,3.26938834734686,0.001077802643076,0.00505488484950172,"LINC00486","OPCs"
"PFN1",17.1196672025426,0.560865751233338,0.171625414164578,3.2679644443305,0.00108323973180917,0.00507813579453702,"PFN1","OPCs"
"RBMS3-AS3",2.3691422907574,-1.38147597812673,0.422940376401126,-3.26636106460668,0.00108939250225479,0.00509648992624819,"RBMS3-AS3","OPCs"
"SUSD5",8.52404322652781,-0.931208718409414,0.285089589199562,-3.2663722341596,0.00108934952891283,0.00509648992624819,"SUSD5","OPCs"
"PPP2R2C",5.64908971605238,-1.49081137536575,0.456394930663872,-3.26649415933962,0.00108888054024957,0.00509648992624819,"PPP2R2C","OPCs"
"NUDT5",8.0591229312075,-0.739541617092441,0.22641451137229,-3.26631721884833,0.00108956120802889,0.00509648992624819,"NUDT5","OPCs"
"USP25",25.0951690067169,-0.423217827045552,0.129554297866083,-3.26672162959056,0.00108800606862717,0.00509648992624819,"USP25","OPCs"
"ZNHIT6",10.5191713800639,-0.617279312452494,0.18902939623981,-3.26552020337296,0.00109263210743556,0.00510409087681629,"ZNHIT6","OPCs"
"LMO2",3.29893803123361,2.52870909195312,0.774341077210326,3.26562695222518,0.00109222034052634,0.00510409087681629,"LMO2","OPCs"
"ATP8B1",6.20346658761601,-1.20777032166909,0.369838901002713,-3.26566599239442,0.00109206978505716,0.00510409087681629,"ATP8B1","OPCs"
"SFXN3",4.45207765528843,1.16155420626344,0.35576451381264,3.26495240859002,0.00109482470022573,0.00511207829602755,"SFXN3","OPCs"
"LINC02316",2.27856209603464,-1.3131544962875,0.402227933869603,-3.26470238815689,0.00109579146733489,0.0051143374345864,"LINC02316","OPCs"
"ZNRF2",11.2262992634937,0.778158767016524,0.238427374641401,3.26371402691024,0.0010996209499034,0.00512994971783126,"ZNRF2","OPCs"
"YIF1A",7.28867170505404,-0.657521581278676,0.20147628454157,-3.26351849685321,0.00110038001117531,0.00513123043520323,"YIF1A","OPCs"
"BASP1",21.1308945241001,-1.2002887675866,0.367938747787347,-3.26219724017846,0.00110552193452981,0.005152938946598,"BASP1","OPCs"
"ZNF333",8.92848147006493,1.07385438698572,0.32920901117572,3.26192282267916,0.00110659266545195,0.00515566050467935,"ZNF333","OPCs"
"PDCL",3.68210957903249,1.16793909699998,0.358155798714226,3.260980559837,0.00111027652022997,0.00517054896624247,"PDCL","OPCs"
"TMEM109",3.25101013056826,1.35344724722176,0.415176838219152,3.25992955923842,0.00111439887041248,0.00518746551106294,"TMEM109","OPCs"
"GSAP",17.6844697878687,-0.858758360037454,0.263451566579677,-3.25964415845573,0.00111552074154456,0.00519040626228336,"GSAP","OPCs"
"SPIDR",44.1213961227058,-0.43788994976011,0.134350376458734,-3.25931315789509,0.00111682316691897,0.00519418416235042,"SPIDR","OPCs"
"FTH1",360.349833546473,0.628739179229854,0.193091437764042,3.25617327474755,0.00112924813531622,0.00524966538762018,"FTH1","OPCs"
"RPS3A",17.3073183517542,-0.80343205465945,0.246784285466906,-3.25560459872633,0.00113151209031157,0.00525327182656707,"RPS3A","OPCs"
"FBXW5",9.75700721883734,0.82394970272462,0.25308203254957,3.25566257874603,0.00113128107422224,0.00525327182656707,"FBXW5","OPCs"
"MAP4K5",99.0466944388334,0.388933579219016,0.119459391174737,3.25578069161687,0.00113081059916288,0.00525327182656707,"MAP4K5","OPCs"
"TUSC3",11.5697097167331,-0.915972789219264,0.281455292969013,-3.25441664129623,0.00113625500950341,0.00527298008354126,"TUSC3","OPCs"
"PTPN12",20.6635019573947,0.750210811430125,0.23069243936571,3.25199565921117,0.00114597771980121,0.00531577050052333,"PTPN12","OPCs"
"MGME1",3.71274100795759,-0.927473722544815,0.285220684926084,-3.25177580575958,0.00114686445351944,0.00531755453711509,"MGME1","OPCs"
"FNBP1L",11.3368071794111,-1.20058627835048,0.369256139332141,-3.25136443370159,0.00114852534193396,0.0053227519760129,"FNBP1L","OPCs"
"SDHAF4",3.73460396750718,0.891757361553804,0.274281448114606,3.25124928311298,0.00114899065317899,0.0053227519760129,"SDHAF4","OPCs"
"CNKSR2",17.8222257187804,-1.12249335536855,0.345477911195924,-3.24910310903199,0.00115769506383168,0.00536073053169108,"CNKSR2","OPCs"
"MACF1",127.577949698593,0.405032001960174,0.124693116869935,3.24823063315238,0.00116125102621508,0.00537484631451824,"MACF1","OPCs"
"NUP107",14.9631397842242,0.981490437109729,0.302254185337749,3.24723522360155,0.00116532035763576,0.0053913248524957,"NUP107","OPCs"
"DUSP12",5.74487087494437,0.890073438783347,0.274144847072041,3.24672686096284,0.00116740367363413,0.00539860476147834,"DUSP12","OPCs"
"ENSG00000247925",1.86941702003327,-1.51384949860849,0.466310697942832,-3.24643956333614,0.00116858256692434,0.00540169767949748,"ENSG00000247925","OPCs"
"SLC9B1",4.07559580180777,0.992091891924696,0.305610287922036,3.24626470748193,0.0011693006065735,0.00540265856178593,"SLC9B1","OPCs"
"ERCC3",6.55823183604793,0.669651873515752,0.206450191147062,3.24364860015429,0.00118009235989884,0.00545014308387647,"ERCC3","OPCs"
"NDUFAF3",6.33785402794187,0.758454174910645,0.233845792323826,3.24339457799757,0.00118114511856289,0.00545262720382779,"NDUFAF3","OPCs"
"PDK3",5.82612361282756,-1.00362599876687,0.309451704113754,-3.24323952792951,0.00118178812791417,0.00545321842030984,"PDK3","OPCs"
"CT69",1.85587995764608,1.68563266324089,0.519871957054488,3.24239967239513,0.00118527672383947,0.00546693401805749,"CT69","OPCs"
"CCDC148",4.24350404900817,-0.984661079422414,0.303698874290717,-3.24222828195222,0.00118598981425352,0.00546784159031116,"CCDC148","OPCs"
"SRRM4",7.35867682252716,-1.92384943627222,0.593471739237464,-3.24168668712704,0.00118824579041007,0.00547585853805161,"SRRM4","OPCs"
"CASC2",3.22718325968361,-1.22206401441416,0.377020962124349,-3.24136888179469,0.0011895714319609,0.00547958306414351,"CASC2","OPCs"
"PMPCB",12.2002882963573,0.515354412263604,0.159057229650297,3.240056509199,0.00119506013431217,0.00550247253146341,"PMPCB","OPCs"
"FAM149B1",7.82101953386523,-0.675289518871708,0.208479021030336,-3.23912456771104,0.0011989719654814,0.00551808479550108,"FAM149B1","OPCs"
"USP54",78.3739252544451,0.482646732146445,0.14904521321313,3.2382571821094,0.00120262344811107,0.00553248580169253,"USP54","OPCs"
"IDI1",11.0667940628349,0.572299750751767,0.176756250137849,3.23779074462963,0.00120459128149256,0.00553913229309866,"IDI1","OPCs"
"SERPINB6",10.6543125391286,0.79113341289968,0.244399602395183,3.23704869053123,0.00120772803327531,0.00554873747175077,"SERPINB6","OPCs"
"ENSG00000253116",3.03573620524296,-1.80425947976764,0.557366733472729,-3.23711368370699,0.00120745299812795,0.00554873747175077,"ENSG00000253116","OPCs"
"PRKCB",27.0395584217584,-0.940215629825364,0.290495135783566,-3.23659681009555,0.00120964188073268,0.00555512034560239,"PRKCB","OPCs"
"THBS4",16.4240951392203,-0.739402557132434,0.228545416124858,-3.23525437381115,0.00121534403192078,0.00557888742871307,"THBS4","OPCs"
"LY86-AS1",2.91921588896618,-4.56965357885411,1.41308489204813,-3.23381390924846,0.0012214901757319,0.00560467112695011,"LY86-AS1","OPCs"
"SMARCA2",32.1677088523648,-0.322776439219436,0.0998233000520522,-3.23347794604192,0.00122292777902725,0.00560883723685517,"SMARCA2","OPCs"
"SGCZ",186.492360875196,-0.82422507826771,0.254987271872439,-3.23241655246243,0.00122747980842083,0.00562484256649787,"SGCZ","OPCs"
"RNASEH2C",6.28062662780177,-0.7598358214331,0.235064337529659,-3.23245894897701,0.00122729768161559,0.00562484256649787,"RNASEH2C","OPCs"
"KYAT3",9.4155686058286,0.569795456661411,0.176330799872623,3.23140062356104,0.00123185150488051,0.00564045557761393,"KYAT3","OPCs"
"PAPSS2",7.21264617146327,-1.19384166672548,0.369452889391908,-3.23137726352731,0.00123195219556384,0.00564045557761393,"PAPSS2","OPCs"
"MPDZ",48.1785431201697,0.465958132857756,0.144295769069612,3.22918777079988,0.0012414235614164,0.0056813636626619,"MPDZ","OPCs"
"CDC14B",41.0591738256577,0.466943442515311,0.144679995566602,3.22742228935415,0.00124910964904655,0.00571406962566002,"CDC14B","OPCs"
"BMPR1B",2.89723194534307,-1.37637672586686,0.426485037301681,-3.22725677452843,0.00124983247212115,0.00571490754739334,"BMPR1B","OPCs"
"PAMR1",3.95811482439093,-1.31464220488838,0.407449172706726,-3.22651828240338,0.00125306226412167,0.00572720301124231,"PAMR1","OPCs"
"GALNT3",4.44969001226907,-0.966567265640382,0.29959136585626,-3.22628545344704,0.00125408213726773,0.00572939164523952,"GALNT3","OPCs"
"GNB5",7.3397724228884,-1.15794295397647,0.358938006786877,-3.2260249181804,0.00125522428248666,0.00573213676219653,"GNB5","OPCs"
"FAP",1.27078114809332,1.79774676592675,0.557354002678415,3.2255025662102,0.00125751708420407,0.00574013186281082,"FAP","OPCs"
"KIF26B",37.3420887981994,-0.749811585538735,0.232475115023128,-3.22534128207288,0.00125822580261204,0.00574089239537331,"KIF26B","OPCs"
"NUBP2",5.46534703232565,0.994378398715539,0.308420793749743,3.22409649046683,0.001263708113553,0.00576342330858153,"NUBP2","OPCs"
"ST6GAL2",16.4604648664512,-0.99501188210738,0.30865527621813,-3.22369957286651,0.00126546084982886,0.00576841232097127,"ST6GAL2","OPCs"
"PAICS",4.01288706506102,0.858530881644864,0.26632656372736,3.22360214328357,0.00126589142907811,0.00576841232097127,"PAICS","OPCs"
"FGFR1",30.3928747281349,-0.462722571328744,0.143575348240531,-3.22285529514125,0.00126919653675177,0.00578098551578548,"FGFR1","OPCs"
"UBE4B",29.3084803993569,0.654714894318697,0.203155359257132,3.22273011508414,0.00126975128848166,0.00578102585770454,"UBE4B","OPCs"
"LINC01965",17.0007379756521,-1.37930962453225,0.42806431768109,-3.22220182239025,0.00127209495307815,0.00578920737133544,"LINC01965","OPCs"
"SMNDC1",2.97784039124587,1.00879842742244,0.313114809256048,3.22181639961175,0.00127380732278986,0.00579323500402743,"SMNDC1","OPCs"
"GLDN",17.5690253353466,1.56065326003342,0.484410695322124,3.22175640444027,0.00127407406273653,0.00579323500402743,"GLDN","OPCs"
"CCDC14",28.4419210598665,-0.420052135710206,0.130399056956113,-3.22128200552538,0.00127618506808316,0.00580034329227496,"CCDC14","OPCs"
"HS6ST1",3.68510765540939,0.951779565540846,0.295508398828792,3.22082069177423,0.00127824094243917,0.00580470479435283,"HS6ST1","OPCs"
"MPPE1",5.40539202314866,0.835548185882435,0.259412682864661,3.22092264979331,0.00127778629697234,0.00580470479435283,"MPPE1","OPCs"
"ZSCAN16-AS1",6.90700383677099,-0.681811265437137,0.211716537653596,-3.22039682394908,0.00128013263129655,0.00581080349997019,"ZSCAN16-AS1","OPCs"
"ENSG00000271204",3.6941421688103,1.04559839194085,0.324889670270218,3.21831836349615,0.00128944609819715,0.00585057162806677,"ENSG00000271204","OPCs"
"BNIP3",6.47783084338975,-0.86788204865618,0.269715229100508,-3.2177717645034,0.00129190574355874,0.00585922133802442,"BNIP3","OPCs"
"PWP1",8.91301246733703,0.670989494922642,0.208544877462042,3.21748250586865,0.00129320913244381,0.00586262188038525,"PWP1","OPCs"
"PCID2",7.05326082179517,0.696247049974065,0.216413002736567,3.21721449806593,0.00129441784897487,0.00586559050947535,"PCID2","OPCs"
"FLCN",6.60066641164756,0.921408750302336,0.286503474262786,3.21604738886065,0.0012996936845533,0.00588697866527777,"FLCN","OPCs"
"PPP1CC",9.76854693846509,0.613458559246271,0.190796077008204,3.21525771842727,0.00130327458361219,0.00590067457907358,"PPP1CC","OPCs"
"TMEM63C",6.38277726432466,-0.890084865987657,0.277009802866245,-3.21318905243738,0.00131269852638723,0.00594080230531657,"TMEM63C","OPCs"
"ARL4A",11.0109686651904,-0.676292673158751,0.210501309912595,-3.21277180384086,0.00131460693421824,0.00594689766483175,"ARL4A","OPCs"
"ARF1",19.4673850703628,0.447830610190247,0.139407592575527,3.21238321325738,0.00131638656850536,0.00595240553393329,"ARF1","OPCs"
"MEF2C-AS2",7.25319414950864,-1.07716161185156,0.335428895964884,-3.21129641724227,0.00132137559508906,0.00597241466154211,"MEF2C-AS2","OPCs"
"SPECC1",24.0354762252825,0.418980813105701,0.130485787289005,3.21093064471249,0.00132305862431712,0.00597492146333404,"SPECC1","OPCs"
"GID8",6.04019208520488,0.885763127476597,0.275849060598066,3.21104275488987,0.00132254256162607,0.00597492146333404,"GID8","OPCs"
"PPP4C",8.55499207325858,0.803393220810485,0.250264439848491,3.21017728805921,0.00132653127865611,0.0059880504010947,"PPP4C","OPCs"
"ENSG00000285803",1.51750519106867,1.88103462944361,0.586103867593931,3.20938784650172,0.00133017929163696,0.00600195939430567,"ENSG00000285803","OPCs"
"ZNF827",26.8012535552226,-0.361272081925342,0.112578731966027,-3.20906156621451,0.0013316897359723,0.00600621563200455,"ZNF827","OPCs"
"KLHL32",74.9564845599467,0.753259649465796,0.234762087422773,3.20860858639957,0.00133378933212755,0.00601241737252024,"KLHL32","OPCs"
"LINC03013",7.81514117418643,1.42804497933873,0.445079032311651,3.20852000581054,0.001334200266801,0.00601241737252024,"LINC03013","OPCs"
"TXNDC15",4.82416570555097,0.857785907332792,0.267481559609356,3.20689735989855,0.00134174859074408,0.00604386115524448,"TXNDC15","OPCs"
"ERVK3-1",5.46154739142113,0.802299196677916,0.250219941771037,3.20637592271545,0.00134418259633299,0.00605225072073399,"ERVK3-1","OPCs"
"KLF3",10.4875050297378,0.718868963166872,0.224216909245331,3.20613180150614,0.0013453235239352,0.00605481348001434,"KLF3","OPCs"
"FAM91A1",6.88799290466618,0.651380704613645,0.203247327251065,3.20486725913504,0.00135124781613318,0.00607889310656348,"FAM91A1","OPCs"
"TEX2",12.0136001236717,0.568981054379022,0.177573227391565,3.20420517629252,0.00135435921779321,0.00609030323415291,"TEX2","OPCs"
"DAPK1",3.76378624009565,-2.56440543435238,0.800375647359998,-3.20400232417235,0.00135531382577184,0.00609200908952623,"DAPK1","OPCs"
"CEBPZ",5.34498059937479,0.831961186171407,0.259678933921647,3.20380699969461,0.0013562335957028,0.00609355697008598,"CEBPZ","OPCs"
"ENSG00000225096",87.9978876821393,-0.728371425213878,0.227366199070306,-3.20351674168002,0.00135760146493202,0.00609711599390591,"LOC101927293","OPCs"
"PTPN5",3.56126876322975,-1.82001711179726,0.568404476297416,-3.20197533216636,0.00136488685528069,0.00612723687894131,"PTPN5","OPCs"
"LDOC1",6.35692511385683,0.760410326856224,0.237536654933617,3.20123362463251,0.00136840533235825,0.00614042901257369,"LDOC1","OPCs"
"DGCR2",19.4120633190431,-0.484404378888964,0.15135546110301,-3.20044202805002,0.00137216969811734,0.00615471287719722,"DGCR2","OPCs"
"MAP4K3-DT",10.5921125599316,-0.847921275892255,0.264957020412768,-3.20022196268401,0.00137321789438449,0.00615680673223192,"MAP4K3-DT","OPCs"
"CREBRF",14.0645704063299,0.591985210723403,0.185056193046702,3.19894838955217,0.00137929858538342,0.00618145239915803,"CREBRF","OPCs"
"S100A13",5.00105924482361,0.771608617762019,0.24127780285729,3.19800913562864,0.00138379896454347,0.00619899789954119,"S100A13","OPCs"
"STAT5B",15.3526040695031,0.535365384616816,0.167449198106166,3.1971809400806,0.00138777844468703,0.00621419608001507,"STAT5B","OPCs"
"ENSG00000291133",4.71001880339075,-2.08999812279086,0.653900205383057,-3.19620349647471,0.00139248863843745,0.00623197894096471,"DPY19L2P1","OPCs"
"ENSG00000265334",3.18617723443299,1.00020644169247,0.312944668568913,3.19611273860771,0.00139292673779636,0.00623197894096471,"ENSG00000265334","OPCs"
"LAMTOR4",15.9357149835554,0.66032967075756,0.206618136117442,3.19589404476201,0.00139398292200785,0.00623407058448611,"LAMTOR4","OPCs"
"KCTD8",52.8988940609998,-0.404196313488154,0.126495930657872,-3.19533056428008,0.0013967076605195,0.00624361930135143,"KCTD8","OPCs"
"RANBP3",5.16004656366449,0.768034875711028,0.240410072232901,3.19468676406777,0.00139982679974018,0.00625492228238333,"RANBP3","OPCs"
"NFIX",20.0773749245204,0.768856598779971,0.240680053054076,3.19451732299238,0.0014006487895989,0.00625595558070534,"NFIX","OPCs"
"CCDC24",4.06137084573068,-1.01060402487283,0.316437708991921,-3.19369024662806,0.0014046674814733,0.00627089609679756,"CCDC24","OPCs"
"IDI2-AS1",6.15950698532158,-0.862384004075797,0.270036313799645,-3.19358530688449,0.00140517813387163,0.00627089609679756,"IDI2-AS1","OPCs"
"ZCWPW2",5.67718162592339,-0.742438617142026,0.232504443482204,-3.1932233467136,0.00140694079959897,0.00627564024272194,"ZCWPW2","OPCs"
"ATP11C",6.51009151010079,0.79838781790558,0.250033475731504,3.19312370301535,0.00140742640004387,0.00627564024272194,"ATP11C","OPCs"
"GSTM3",6.53588683246965,-0.861222451926927,0.269949048641026,-3.19031482519565,0.00142117883735288,0.00633429456547431,"GSTM3","OPCs"
"CPM",14.5147991635855,1.32007843360557,0.4138146547246,3.19002340428011,0.00142261272280171,0.00633801797832145,"CPM","OPCs"
"MYH7B",3.19283027231301,1.42327794751817,0.446206705832634,3.18972782998027,0.00142406840651651,0.00634183533431868,"MYH7B","OPCs"
"SNRNP40",8.47704101230823,0.63855630455487,0.200210676046777,3.18942184884126,0.00142557678966997,0.00634588407003153,"SNRNP40","OPCs"
"BRMS1L",7.08621091245319,0.652451072322574,0.204649532604404,3.18813859000494,0.00143191887556495,0.00637143734967765,"BRMS1L","OPCs"
"PLCB1",132.35379757768,-0.857873833526695,0.269151793158954,-3.18732349303004,0.00143596072107955,0.0063867383604504,"PLCB1","OPCs"
"B4GALT6",14.5713628267121,-0.998867917717755,0.313401556305593,-3.18718237871089,0.00143666153586076,0.00638717282315931,"B4GALT6","OPCs"
"SNAP23",15.4254658186227,0.723902706890249,0.227183518037357,3.18642264695986,0.00144044000580657,0.00640128395362635,"SNAP23","OPCs"
"ZC3H18",3.85770293659856,0.983156628645131,0.308735308843629,3.18446449266704,0.00145022101200201,0.00644204719677066,"ZC3H18","OPCs"
"MMS19",11.8772009185986,0.702340990051087,0.22060688040514,3.18367672287125,0.00145417317085976,0.00645689470834583,"MMS19","OPCs"
"THRAP3",15.3005196548934,0.476548261995698,0.149727066706922,3.18277965685724,0.00145868574409425,0.00647421711230433,"THRAP3","OPCs"
"PPP3CA",74.3731252298855,-0.558962446684278,0.175631698551603,-3.18258293516444,0.00145967705065176,0.0064753016128669,"PPP3CA","OPCs"
"CHST11",143.251504872794,-0.829730919181876,0.260717646498081,-3.18248852859288,0.00146015299825554,0.0064753016128669,"CHST11","OPCs"
"HTATSF1",4.2021795274612,0.911541247094293,0.286440877799125,3.18230154193822,0.00146109610748543,0.00647677177826318,"HTATSF1","OPCs"
"DNAJA1",12.4497367167722,0.863037072476568,0.27126736107677,3.18149986438038,0.00146514591490292,0.0064920063760761,"DNAJA1","OPCs"
"KLF12",93.6632774465857,-0.915400550758669,0.287984987064225,-3.17863983150802,0.00147967827700931,0.00655365660958954,"KLF12","OPCs"
"RPL18",49.2723745660255,0.463680791479582,0.145880679440795,3.17849350069531,0.00148042537085553,0.00655422436344484,"RPL18","OPCs"
"STAT2",12.9022401921022,0.615049309287236,0.193517650642146,3.17825948819826,0.00148162084707742,0.00655677591748844,"STAT2","OPCs"
"SMG5",7.37547116049614,0.622927884164488,0.196213718798606,3.17474174577906,0.0014996991042331,0.00663400731571785,"SMG5","OPCs"
"USP36",6.99063141803278,0.623872843070098,0.196523850975833,3.17454008748697,0.00150074159292721,0.00663584695995788,"USP36","OPCs"
"ERCC1",7.64841408993862,0.638845862720189,0.201261602004137,3.17420638789836,0.00150246814623972,0.00664070854285418,"ERCC1","OPCs"
"STAMBPL1",5.68525810103928,-1.04318170118917,0.328666926029432,-3.17397833055995,0.00150364916166241,0.00664315587067375,"STAMBPL1","OPCs"
"CPQ",28.4048377071845,0.773617401384532,0.243793333549097,3.17325084374687,0.00150742223525572,0.00665704815319355,"CPQ","OPCs"
"SASS6",3.04558054002985,1.14691034546412,0.361567737280276,3.17204835279611,0.00151367802211869,0.00667910427259872,"SASS6","OPCs"
"CCDC12",7.29192623869561,0.691913266165576,0.218122803226978,3.17212715006955,0.0015132673595106,0.00667910427259872,"CCDC12","OPCs"
"ART3",1.97521676526023,1.21408761164508,0.382762937528491,3.17190483353604,0.0015144262558641,0.00667962267788458,"ART3","OPCs"
"GATAD2A",4.45684700017223,1.29319453050714,0.407832853411129,3.17089346699466,0.00151970865541484,0.00670013099951837,"GATAD2A","OPCs"
"KLF3-AS1",12.1754282772399,-0.575395686831571,0.181500043025871,-3.17022341834682,0.0015232176821513,0.00671216422885448,"KLF3-AS1","OPCs"
"BTBD7",26.1827719041576,0.404763110069368,0.127680273322939,3.1701303540102,0.0015237056474189,0.00671216422885448,"BTBD7","OPCs"
"U2SURP",40.6398748845398,0.355216677582379,0.112059690156359,3.16988809345037,0.00152497657024414,0.00671217866952846,"U2SURP","OPCs"
"UTP20",5.83664702736565,1.17251779176781,0.369885031623555,3.16995198919301,0.00152464127209703,0.00671217866952846,"UTP20","OPCs"
"TJAP1",13.2151715405582,0.530010292241029,0.167255824882593,3.16885999404252,0.00153038095314522,0.00673316755039795,"TJAP1","OPCs"
"ENC1",7.54833267414427,-1.87637891730711,0.592606229214824,-3.16631656031227,0.00154382684531919,0.00678950427405742,"ENC1","OPCs"
"SVOP",4.95984675740463,-2.06214983190078,0.651385937545407,-3.16578807284589,0.00154663431667907,0.00679902756896279,"SVOP","OPCs"
"GPD2",28.5121066383553,-0.429565247746062,0.135698437260372,-3.16558728618099,0.00154770218281962,0.0068008988033443,"GPD2","OPCs"
"TRPM3",20.4783256649027,-0.721222016555315,0.227858861840249,-3.16521381143808,0.00154969028153406,0.00680681048587544,"TRPM3","OPCs"
"ZEB1-AS1",12.6928837269447,-1.22116822659985,0.385915067944772,-3.16434451005838,0.00155432689962278,0.00682151755781404,"ZEB1-AS1","OPCs"
"MKNK2",5.64984479160668,1.48007952441734,0.467733448883536,3.16436536225972,0.00155421553024907,0.00682151755781404,"MKNK2","OPCs"
"SLC26A11",4.67938197173751,-0.848577597960239,0.268323034406657,-3.16252236725296,0.00156408719619219,0.00686150928238412,"SLC26A11","OPCs"
"EPB41",3.62311298412535,-1.75656590550989,0.555534470038438,-3.1619386379181,0.00156722585415153,0.00687243138528561,"EPB41","OPCs"
"SLTM",22.2009688825938,0.385710089150159,0.122034765783929,3.16065742964662,0.00157413513464568,0.00689987213406364,"SLTM","OPCs"
"ENSG00000239381",21.7314524671395,-0.885774805656351,0.280303630333073,-3.16005470426417,0.00157739519341495,0.00691130124048999,"ENSG00000239381","OPCs"
"TF",70.6495228184265,0.842418701487216,0.266596392092534,3.15990285868091,0.00157821748502602,0.00691204432027524,"TF","OPCs"
"PSIP1",15.1684877058664,-0.601503485537464,0.190363225355904,-3.15976725238233,0.00157895216938859,0.00691240325499181,"PSIP1","OPCs"
"ENSG00000227240",4.39793206729292,-1.26082150439522,0.399038804897164,-3.15964635248982,0.00157960744325285,0.00691241439010234,"ENSG00000227240","OPCs"
"SLC24A3",59.0481950919476,-0.901111251025456,0.285216153011731,-3.15939767614912,0.00158095604890093,0.00691545830560134,"SLC24A3","OPCs"
"GPR62",3.80596783310831,1.13974965991276,0.360825884789147,3.15872476992273,0.00158461062787413,0.00692858239025065,"GPR62","OPCs"
"DDX10",13.4952429037444,0.475979252563549,0.150735469100145,3.15771235134658,0.00159012376696768,0.00694981869260741,"DDX10","OPCs"
"ARMCX5-GPRASP2",9.68349201622375,-0.825834278498519,0.261665905961043,-3.15606374267754,0.00159913908895013,0.00698633785147766,"ARMCX5-GPRASP2","OPCs"
"SEMA6C",3.64538382336382,-1.16248848010807,0.368408968602559,-3.15542937110787,0.00160262063160334,0.00699461193658383,"SEMA6C","OPCs"
"TCF7L2",28.2830326627417,-0.660541240810721,0.20933957589579,-3.15535769089138,0.00160301446365335,0.00699461193658383,"TCF7L2","OPCs"
"TCF3",1.8205645813327,1.26940616581864,0.402299106081774,3.15537903671258,0.00160289717416205,0.00699461193658383,"TCF3","OPCs"
"LINC02882",18.0551784801376,1.22752617546708,0.389073355868582,3.15499932583846,0.00160498476234857,0.0070003248077724,"LINC02882","OPCs"
"CADM3",11.0896847391451,-1.02141276475296,0.323764939762713,-3.1547973214813,0.0016060963687899,0.007002289232394,"CADM3","OPCs"
"DBI",52.8033098427467,-0.885327099952078,0.280655498925541,-3.15449760771286,0.00160774696453754,0.0070066009689105,"DBI","OPCs"
"PRKX",5.10919156343076,1.07811792397455,0.341787677374966,3.15434989422329,0.00160856103249667,0.00700726504900854,"PRKX","OPCs"
"ZBTB7C",6.88570055114549,-0.667367482460104,0.211584241724515,-3.15414549316496,0.00160968813867336,0.00700929168937126,"ZBTB7C","OPCs"
"MBLAC2",1.86010401176247,-1.25986405549227,0.399487960241989,-3.15369718458877,0.00161216274320439,0.00701718185389825,"MBLAC2","OPCs"
"ZMYND8",41.7798700882465,0.488457477812603,0.154944326021965,3.15247089295389,0.00161894961204999,0.00704382760542703,"ZMYND8","OPCs"
"DCAF13",5.85006270708739,0.770589300747242,0.244499106134224,3.15170600388292,0.00162319617054873,0.00705940346862875,"DCAF13","OPCs"
"TTC4",3.66595930885384,-0.908735651178282,0.28852090072156,-3.14963542989652,0.00163474320209318,0.00710670382190754,"TTC4","OPCs"
"IFNG-AS1",12.4912406046218,-2.4056007863581,0.763873562642612,-3.14921330440597,0.00163710653868864,0.00711405754809714,"IFNG-AS1","OPCs"
"TPPP",18.69005690273,0.991956089637618,0.315006194057341,3.14900503022189,0.00163827375278356,0.00711620961524933,"TPPP","OPCs"
"TCHP",5.82081453779554,0.689298773760477,0.218918359078157,3.14865677169811,0.00164022718074734,0.00712177361382299,"TCHP","OPCs"
"ZNF431",10.3936191097533,0.628475379174542,0.199617111383166,3.14840433678144,0.00164164446112082,0.00712500608330717,"ZNF431","OPCs"
"ELAC2",4.84310618042982,0.880312731120102,0.279742039743745,3.14687321192948,0.00165026504253784,0.00715948660404578,"ELAC2","OPCs"
"ASPA",10.2589249006207,0.899267114182469,0.28587256722821,3.14569223238756,0.00165694265944853,0.00718551300719081,"ASPA","OPCs"
"MAPK8IP1",9.52975483593143,0.79780844147847,0.253637449991839,3.14546783806627,0.00165821426034384,0.00718808392019701,"MAPK8IP1","OPCs"
"RPS6KA6",5.48884287718731,-1.06457147030063,0.338506098445644,-3.14491075696699,0.00166137501790436,0.00719883855957739,"RPS6KA6","OPCs"
"BEX2",11.6799165263674,-0.567873011952794,0.180608215838576,-3.14422580011725,0.00166526891248799,0.0072127598295492,"BEX2","OPCs"
"RHOJ",4.5745309846326,-1.14044969478836,0.362726793708406,-3.14410105503581,0.00166597897599248,0.00721288526400667,"RHOJ","OPCs"
"ENSG00000249112",9.07586671369419,-1.42975923441014,0.454833825128081,-3.14347604646052,0.00166954079344917,0.0072253522691568,"ENSG00000249112","OPCs"
"DDT",4.68464012512593,-0.80871948682001,0.257292439150992,-3.14319180730148,0.00167116294045238,0.00722941811249618,"DDT","OPCs"
"NOP53",5.26364447140297,0.713882682852567,0.227183462999357,3.14231799017249,0.00167615888189927,0.00724806964447256,"NOP53","OPCs"
"PRKCQ-AS1",5.8740080348819,1.04523978377025,0.332684092465408,3.14183878172333,0.00167890452717096,0.00725697916030223,"PRKCQ-AS1","OPCs"
"SNU13",7.51346608904553,-0.665768698128153,0.2119701565045,-3.14086053011911,0.00168452230999944,0.00727829100893272,"SNU13","OPCs"
"CERS4",18.9825190835884,0.596395453149657,0.190010180682338,3.13875525515509,0.00169667092101764,0.00732779162054517,"CERS4","OPCs"
"PRKAA2",14.6677019378042,-0.70768002675265,0.225487076641672,-3.13845049256302,0.00169843623358829,0.00733242548459029,"PRKAA2","OPCs"
"SETD5",67.3363056129737,-0.310746609074408,0.0990301596119513,-3.13789869966953,0.00170163674830125,0.0073432490482927,"SETD5","OPCs"
"FGGY",8.55282414812662,-0.621851677498636,0.198196894560122,-3.13754500986896,0.00170369113987702,0.00734911982537581,"FGGY","OPCs"
"NHERF1",4.33471063139001,0.885541257937,0.282256137707492,3.13736758792719,0.00170472254636461,0.00735057482329039,"NHERF1","OPCs"
"EVI2B",1.96180088176153,1.21581864938763,0.387546933282803,3.13721654068779,0.00170560108142657,0.00735136974045883,"EVI2B","OPCs"
"NCOA2",56.2711811851664,-0.298569197043116,0.09519691165833,-3.13633280578163,0.00171074949383749,0.00736756288724643,"NCOA2","OPCs"
"TRIOBP",2.91306720274881,0.932003190595498,0.297159431487443,3.13637425516101,0.00171050770129366,0.00736756288724643,"TRIOBP","OPCs"
"KDM5A",15.6204463869097,0.469215090644823,0.149641765689906,3.13558910830516,0.0017150931551957,0.00738326687541564,"KDM5A","OPCs"
"SDHD",4.32882842092363,-0.78630669692123,0.250798771163,-3.13520952784171,0.00171731405150597,0.00738982356986925,"SDHD","OPCs"
"SVIP",12.1144223480421,0.568294530048616,0.181290179927187,3.13472318399631,0.00172016347754034,0.00739907848381487,"SVIP","OPCs"
"PSMD5",9.9702777529914,0.805690374543643,0.257080932742006,3.13399506509569,0.00172443756081772,0.00741445138816877,"PSMD5","OPCs"
"ACSS1",12.9851150690419,0.562450671926529,0.179479944785056,3.1337800588256,0.00172570152155093,0.00741687464010728,"ACSS1","OPCs"
"THRB",63.1553935312779,-0.906420721751799,0.289257079077841,-3.13361638249786,0.00172666429924076,0.00741800199957796,"THRB","OPCs"
"TACC2",11.9107347943669,-0.68378429874635,0.218229009451192,-3.13333365012264,0.00172832855264568,0.00742214086476794,"TACC2","OPCs"
"DRAP1",13.7183265570318,0.461705374617296,0.147433592391468,3.13161584906219,0.00173847182842447,0.00745965018760743,"DRAP1","OPCs"
"PDE2A",5.22170386229509,-1.77809178200066,0.567783456192597,-3.13163718070277,0.00173834553435707,0.00745965018760743,"PDE2A","OPCs"
"NMRK1",3.7056991695188,-1.11337584706645,0.355549351135732,-3.13142421301007,0.00173960678889175,0.00746149691954783,"NMRK1","OPCs"
"NDN",4.32556088578865,-0.999245911591538,0.319184261348209,-3.13062400812246,0.00174435335150704,0.00747882671759496,"NDN","OPCs"
"CNNM1",3.8046449795374,-1.4366616441232,0.458980249056995,-3.13011648556755,0.00174736998343606,0.00748872850044027,"CNNM1","OPCs"
"LINC00937",14.5831037985768,-0.914001578213244,0.292075322006451,-3.1293351726342,0.00175202335833421,0.00750259901526863,"LINC00937","OPCs"
"MLLT6",13.0549481599298,0.631644912727318,0.201844932101434,3.12935730489331,0.00175189138548443,0.00750259901526863,"MLLT6","OPCs"
"ENSG00000237356",9.3641151054541,1.09159674077054,0.348862599958665,3.12901623991761,0.00175392614322493,0.00750771134064351,"ENSG00000237356","OPCs"
"HES1",10.8173519502286,-1.39386302693566,0.445546037417622,-3.12843771434814,0.00175738253521118,0.0075194670900551,"HES1","OPCs"
"RNF20",4.67877568240018,0.842797088122361,0.269436015525681,3.12800457087382,0.00175997444242336,0.00752751589065563,"RNF20","OPCs"
"ALKBH4",3.15898890182546,1.11944514031903,0.357988867367821,3.12703897344619,0.00176576518060869,0.00754923426025275,"ALKBH4","OPCs"
"NUFIP2",13.3732819400148,0.570038393189795,0.182363622484295,3.12583389946033,0.00177301664204373,0.0075771776590973,"NUFIP2","OPCs"
"CAV1",2.46693597059356,1.45761652982305,0.466383541257379,3.12536014005401,0.00177587495042749,0.00758633147439577,"CAV1","OPCs"
"CLEC14A",1.70308366719034,-1.40624712804913,0.45007108145104,-3.12450007566662,0.00178107476041212,0.00760547649708241,"CLEC14A","OPCs"
"WDR37",10.9303608896427,0.557354416272589,0.178482893039005,3.12273297895718,0.00179180228557544,0.00764820080783713,"WDR37","OPCs"
"STX4",4.30050483617122,0.896667309278318,0.287332295761513,3.12066315727542,0.00180444307109881,0.00769905403824997,"STX4","OPCs"
"TDRP",3.97891329916006,-1.14057088367051,0.365748022635268,-3.11846083391654,0.00181798302745413,0.00775370127295175,"TDRP","OPCs"
"ADGRL1",12.5166555301986,-0.487965352891919,0.156524234148398,-3.11750672697294,0.00182387784342692,0.00777571109576937,"ADGRL1","OPCs"
"MAN1A1",3.29614931227164,-2.1728515568901,0.697017870255156,-3.11735415921931,0.00182482208915223,0.00777660600568296,"MAN1A1","OPCs"
"ECHDC1",11.8327402659627,-0.599782387458908,0.19244145628543,-3.11670052303755,0.00182887254722657,0.00779073221043017,"ECHDC1","OPCs"
"ROR2",1.97856763315428,-1.38954655135078,0.445861589628538,-3.11654240614997,0.0018298536074161,0.00779177712204925,"ROR2","OPCs"
"ELL2",35.3906041784044,0.76980642164739,0.24703761286005,3.1161506652167,0.0018322863069855,0.00779899999637315,"ELL2","OPCs"
"DIAPH3",2.27338378357455,-1.24714953409212,0.400290275538051,-3.11561286972499,0.00183563084147835,0.00781009666984963,"DIAPH3","OPCs"
"MRPS30-DT",7.07920358592545,-0.863639037828595,0.277278397997689,-3.11470004178181,0.00184132053559327,0.00783115842246292,"MRPS30-DT","OPCs"
"ENSG00000223774",3.62495895248389,-1.04279390335475,0.335008290645349,-3.11274058724321,0.00185358865962956,0.00788017017482016,"ENSG00000223774","OPCs"
"PMP22",30.3925816764037,0.693552149720263,0.222831645144243,3.11244908357299,0.00185542016451357,0.00788479114855486,"PMP22","OPCs"
"COL4A4",2.25111864302513,-1.18758095405426,0.381619699506049,-3.11194876886967,0.00185856749606355,0.00789499790746609,"COL4A4","OPCs"
"ENSG00000232949",0.686253692119301,-2.92406309811789,0.939826831646225,-3.11127858841402,0.00186279108818755,0.00790976648913639,"ENSG00000232949","OPCs"
"ATP13A3-DT",4.9386791576009,-0.764307073350731,0.245702843594104,-3.11069689780779,0.00186646414818996,0.00792218650474216,"ATP13A3-DT","OPCs"
"ENSG00000266111",2.10407527725947,1.23341751875114,0.396550172452048,3.11036939190913,0.00186853509630622,0.00792462421701357,"ENSG00000266111","OPCs"
"ZNF493",14.4600967141869,-0.478562483643657,0.153855961974755,-3.11045784317529,0.00186797557633126,0.00792462421701357,"ZNF493","OPCs"
"RNF115",23.5771303249726,0.414138253119107,0.133168309334089,3.10988594200838,0.00187159599747148,0.00793442818783948,"RNF115","OPCs"
"GDI1",36.6161905418012,0.734757416058714,0.236281552952422,3.10966898125418,0.00187297115352054,0.00793708063856843,"GDI1","OPCs"
"RAB28",21.433089594192,0.468120924254891,0.150562526222624,3.10914631946811,0.00187628773756933,0.0079479548563437,"RAB28","OPCs"
"LINC02984",4.9563285298917,-0.932870765523441,0.300130766025357,-3.10821438893947,0.00188221475106858,0.00796350547895177,"LINC02984","OPCs"
"LRFN5",50.1731526501089,-0.912767966309388,0.293651532853529,-3.10833714178046,0.00188143306928926,0.00796350547895177,"LRFN5","OPCs"
"SAE1",5.10265880829906,0.836486173774014,0.269110986214663,3.10833156810168,0.00188146855563493,0.00796350547895177,"SAE1","OPCs"
"ZMPSTE24-DT",3.03770401794768,-1.26743515480251,0.407847529475726,-3.10762003739916,0.00188600376207118,0.00797634977649114,"ZMPSTE24-DT","OPCs"
"AHR",5.52167223965041,1.07375874724866,0.345634558892372,3.10663016652517,0.00189232977586493,0.00799990911233915,"AHR","OPCs"
"SLC5A3",12.4235425458134,1.11368268245166,0.358651303246582,3.10519625154121,0.00190152813111191,0.00803558775278337,"SLC5A3","OPCs"
"NFYB",5.15781409006583,0.77589243911117,0.249924570435467,3.10450644272093,0.00190596776698226,0.00805113627935468,"NFYB","OPCs"
"ENSG00000286757",1.11958077422307,-1.85745162523956,0.598774142001004,-3.10209057965039,0.00192159151089369,0.00811389716920422,"ENSG00000286757","OPCs"
"WASHC5",12.0023159039531,0.705314430827915,0.227498673822375,3.1003012851785,0.00193323885712372,0.00815657350475707,"WASHC5","OPCs"
"CBX1",4.41610293369745,0.861608868480706,0.277901373165157,3.1004124185045,0.00193251355503513,0.00815657350475707,"CBX1","OPCs"
"ITGB4",6.0331432721537,1.43929596730349,0.464453581215524,3.09890164596577,0.00194239490384107,0.00819194027545876,"ITGB4","OPCs"
"WASHC4",21.1492643059664,0.428483513059341,0.138297695289124,3.09826936857882,0.00194654412614048,0.00820617129610975,"WASHC4","OPCs"
"ARHGAP22",23.2267327103608,-0.440019137744961,0.142057845708857,-3.09746452615342,0.00195183755165197,0.0082219409992022,"ARHGAP22","OPCs"
"SLCO1A2",32.0306173146996,0.841844473717061,0.27178067676143,3.09751408285746,0.00195151123720376,0.0082219409992022,"SLCO1A2","OPCs"
"ARRDC4",5.60850125981858,-1.02418541307142,0.330803076033933,-3.09605770705216,0.00196112191038309,0.0082577658174779,"ARRDC4","OPCs"
"C15orf40",4.10375769315863,0.800548625286334,0.258619762673045,3.09546577961411,0.00196504046334561,0.00827097714897853,"C15orf40","OPCs"
"HNRNPA2B1",76.2631601286526,0.494738171685105,0.15983367320172,3.09533130143805,0.00196593170873327,0.00827144091993853,"HNRNPA2B1","OPCs"
"ENSG00000288899",11.2100893497244,0.727532117452886,0.235083158085262,3.09478621683745,0.00196954802320464,0.00828336519687732,"ENSG00000288899","OPCs"
"LRRC4C",816.298030813401,-0.711077643248708,0.229783671269112,-3.09455253857411,0.00197110020975493,0.00828660231095859,"LRRC4C","OPCs"
"SRPRA",3.21796364086594,0.937502339892206,0.302979235697122,3.09427917637694,0.00197291741832317,0.00829095057938189,"SRPRA","OPCs"
"ZDHHC9",18.4493270099897,0.490019672832229,0.158385536506258,3.09384103903243,0.00197583319776495,0.00829991018021851,"ZDHHC9","OPCs"
"WASF1",13.0088010050072,-0.843380394797372,0.272657477105329,-3.09318638077022,0.00198019728311754,0.00831494418248009,"WASF1","OPCs"
"CEP104",6.83804858152854,0.765154792256995,0.247535519791988,3.09109089838896,0.00199422574966442,0.00837053138681972,"CEP104","OPCs"
"RSBN1L",13.9015325228255,0.455083379769279,0.147265328323122,3.09022758412462,0.00200003179932156,0.00839157557639274,"RSBN1L","OPCs"
"NKD1",7.60759122350165,-0.635525546373567,0.205670145254305,-3.09002332636931,0.00200140776211619,0.00839402304982594,"NKD1","OPCs"
"TRIM28",10.9151327104127,0.96650513530373,0.312924639947652,3.08861946910097,0.00201088824183651,0.00843044595449274,"TRIM28","OPCs"
"SPART-AS1",2.69106167209686,-1.09002834792884,0.352978447620965,-3.08808754550175,0.00201449116290198,0.00844220871196357,"SPART-AS1","OPCs"
"MXI1",44.4033480988,0.360727705662086,0.116825393070109,3.08775084065506,0.0020167748537724,0.00844843579962411,"MXI1","OPCs"
"CYCS",7.46848778034678,-0.677156851153981,0.219346373254992,-3.08715772732098,0.00202080340693658,0.00846196444423027,"CYCS","OPCs"
"HSPE1",23.8893563032885,0.711519958341501,0.230581012944891,3.08576993939893,0.00203025843026796,0.00849819635436275,"HSPE1","OPCs"
"CDH13",72.1365004200914,-0.60475510002491,0.196087580317596,-3.08410710686219,0.00204164078763726,0.00854246382500142,"CDH13","OPCs"
"VASH1",5.9272113552661,-0.926720717947995,0.300567573817954,-3.08323584668946,0.00204762805235375,0.0085641315459819,"VASH1","OPCs"
"NXPH2",3.44278097318865,-4.76813620377768,1.54670027142014,-3.08277970327096,0.00205076907215643,0.00857388254012498,"NXPH2","OPCs"
"SLC39A11",19.5036427123977,1.11122983613662,0.360516556734688,3.08232677633832,0.0020538923164454,0.00858355155136418,"SLC39A11","OPCs"
"NUMB",18.3106310606449,-0.613036400674047,0.198938145697706,-3.08154275050688,0.00205930903332476,0.00860279394986558,"NUMB","OPCs"
"IFTAP",4.40700017650822,-1.02764101157321,0.333630644817272,-3.08017571987742,0.00206878499969964,0.00863897206104857,"IFTAP","OPCs"
"URM1",14.3948910598769,0.672202071224342,0.218252636629411,3.07992646322861,0.00207051709943042,0.00863939167965647,"URM1","OPCs"
"NEO1",44.857790866264,0.419362456366736,0.136155679259898,3.08002177100704,0.00206985464281056,0.00863939167965647,"NEO1","OPCs"
"SCAMP1",18.2756876923815,-0.537352648689236,0.174564690128104,-3.07824364878659,0.00208224593268331,0.00868490918752119,"SCAMP1","OPCs"
"LDB3",11.1456264788341,0.904277435883889,0.293778366026301,3.07809403434061,0.00208329165574544,0.00868584985604101,"LDB3","OPCs"
"SULT4A1",3.65107520489281,-2.52261260816928,0.819641835750902,-3.077701134982,0.00208604010109703,0.00869388613562281,"SULT4A1","OPCs"
"TSPYL2",21.316664354817,0.801514127940267,0.260655547225869,3.07499355555906,0.00210507102159855,0.00876974906322919,"TSPYL2","OPCs"
"MRPS2",4.00388737491473,0.967844643033511,0.3149222503864,3.0732812363877,0.00211718855307393,0.00881676239758274,"MRPS2","OPCs"
"MANBA",8.8370718201513,0.697233391157381,0.226913961776127,3.07267735180293,0.00212147728456518,0.008824939694894,"MANBA","OPCs"
"LMAN2",9.10819100652636,0.641817022791792,0.208865442989175,3.07287320298866,0.00212008549577042,0.008824939694894,"LMAN2","OPCs"
"VPS13A",18.3525847634241,-0.839487632205159,0.273212660306909,-3.07265275065267,0.00212165216838528,0.008824939694894,"VPS13A","OPCs"
"CRTAP",6.10471394962283,-0.926355823850703,0.301556433140363,-3.07191531019177,0.00212690060167342,0.00884329696573283,"CRTAP","OPCs"
"ENSG00000260042",0.958012556170414,2.26275580911539,0.73667851300603,3.07156482667341,0.00212939919735998,0.00885021094978108,"ENSG00000260042","OPCs"
"CEP350",29.3099125978861,0.373769609663289,0.121736167440628,3.07032509336701,0.00213825886519482,0.00888354703115463,"CEP350","OPCs"
"USF3",7.00500794562063,0.720625635073538,0.234761490987662,3.06960750692886,0.00214340247792191,0.00890142440831099,"USF3","OPCs"
"PPP1R21",32.9540482887897,0.544115364628256,0.177302811384578,3.06884792395111,0.00214885947708239,0.00892058873473245,"PPP1R21","OPCs"
"TBL1XR1",51.0698937954026,-0.28467024893501,0.0927666630922766,-3.06866970790836,0.0021501416610657,0.00892241386782357,"TBL1XR1","OPCs"
"HIPK2",47.7657822870953,0.589669752862929,0.192176413294347,3.06837734534967,0.00215224659700076,0.00892421698720955,"HIPK2","OPCs"
"SENP1",5.48961430246845,0.753476977622931,0.245562199098918,3.06837526454718,0.0021522615850173,0.00892421698720955,"SENP1","OPCs"
"SP110",6.97415592835148,0.816161698224147,0.266072539960918,3.06744054964872,0.00215900401945152,0.0089486263302479,"SP110","OPCs"
"DUS1L",5.69282671074852,0.752353817251725,0.245280106372991,3.06732506103712,0.00215983842305133,0.0089486263302479,"DUS1L","OPCs"
"ADARB2",118.218360511059,-0.601415605307921,0.196147375070427,-3.06614149229365,0.00216840674711505,0.00897710220951853,"ADARB2","OPCs"
"SNHG9",19.2437177894902,0.718073674628707,0.234187604017943,3.06623263703441,0.0021677458083655,0.00897710220951853,"SNHG9","OPCs"
"ENSG00000251314",7.87569024790587,1.00298792637055,0.327199112404708,3.06537483857832,0.00217397347544886,0.00899663114693374,"ENSG00000251314","OPCs"
"WDR5",7.08732313796949,1.08058601975516,0.352672367190851,3.06399400770288,0.00218403284695308,0.00903472962860669,"WDR5","OPCs"
"IP6K3",1.19897839188872,2.35132789838688,0.767539184524,3.06346300722756,0.00218791253782606,0.00904724473860912,"IP6K3","OPCs"
"SARS1",10.8334080164802,0.575229462807347,0.187811582311593,3.06280079070415,0.00219275979426588,0.00906374950088823,"SARS1","OPCs"
"RTN1",46.6647840226695,-0.476313346868287,0.155749429259591,-3.0582028398602,0.0022266879883026,0.00920040023258858,"RTN1","OPCs"
"OGG1",2.56079842991788,-1.10617024050034,0.362224331543421,-3.05382643895567,0.00225942756093557,0.00933203505082202,"OGG1","OPCs"
"TSPYL1",6.85045924906209,-1.68923241036743,0.553352442925914,-3.05272423021289,0.00226774234653718,0.00936272571143419,"TSPYL1","OPCs"
"HAS2-AS1",3.08353673564245,-1.47137950615448,0.482274039731032,-3.05091998519158,0.00228141363907292,0.00941549900147397,"HAS2-AS1","OPCs"
"SYT1",25.2097375155606,-1.7536149678685,0.574997225638606,-3.04977987662618,0.00229009146055892,0.00944763091831668,"SYT1","OPCs"
"TVP23A",4.53987216556286,-1.09978812360261,0.360714578486895,-3.04891509574118,0.0022966938064432,0.00947117889806598,"TVP23A","OPCs"
"ADCY3",6.70183037613968,0.65161861956979,0.213745514308161,3.04857213812842,0.00229931701111809,0.00947830562387723,"ADCY3","OPCs"
"NT5C3B",4.44678230467832,-0.815353098679966,0.267473079026377,-3.04835575097096,0.00230097351891874,0.0094814434106418,"NT5C3B","OPCs"
"MUSK",2.3882453564791,1.50594356766241,0.494244175839203,3.04696269835733,0.00231166394610744,0.00952178964966075,"MUSK","OPCs"
"ZNF765",2.80287720794007,1.22692711105867,0.40271360182937,3.04664929489649,0.00231407529588276,0.00952801608996828,"ZNF765","OPCs"
"ABL1",19.0807907455752,0.396613388206798,0.130186564724764,3.04650014419926,0.0023152236814251,0.00952903955938276,"ABL1","OPCs"
"LIN52",15.5369549281937,0.508251921753273,0.166866771691226,3.04585458567961,0.00232020017920114,0.00954581192608393,"LIN52","OPCs"
"CCNH",93.1520364934394,0.319893825667556,0.105123817408815,3.04301949408405,0.00234217159872297,0.00963246494387426,"CCNH","OPCs"
"KIRREL3",58.2471804466112,1.03235102886432,0.339285929638571,3.04271689062982,0.00234452793615343,0.00963841259466802,"KIRREL3","OPCs"
"LINC02389",3.3395644952882,-2.31356320310469,0.760470520166669,-3.04227861797672,0.00234794456255976,0.0096487128123818,"LINC02389","OPCs"
"ZBTB43",5.94455757370169,0.689987031628485,0.226810006079994,3.0421366479975,0.00234905229007641,0.0096495204623387,"ZBTB43","OPCs"
"PCDH15",413.205608754656,-1.03982825545532,0.341839800920894,-3.04185835778657,0.00235122505119496,0.00965095864037002,"PCDH15","OPCs"
"MIAT",26.079202327635,-1.02882954153121,0.338221164005181,-3.0418839830953,0.00235102490375329,0.00965095864037002,"MIAT","OPCs"
"TSG101",14.0806491212548,0.433021480746732,0.142368647241934,3.0415508550199,0.00235362803041222,0.00965707897794089,"TSG101","OPCs"
"TRNAU1AP",6.79376241263104,0.850016397531682,0.279522639285542,3.04095725378208,0.00235827308643881,0.00967239038938302,"TRNAU1AP","OPCs"
"CASD1",25.2154971329226,-0.421595768127657,0.138652996317212,-3.04065385765718,0.00236065046577011,0.0096783927342259,"CASD1","OPCs"
"GOLGA1",9.39708894872311,0.664338406962043,0.218501522558136,3.0404291887041,0.00236241236139095,0.00968186799811538,"GOLGA1","OPCs"
"TYRO3",20.6500952510269,0.733288399591473,0.241223403233499,3.0398725404005,0.00236678288902903,0.00969602738677655,"TYRO3","OPCs"
"ENSG00000280383",3.00178282879742,-1.13863660114858,0.374642681786724,-3.03926022448447,0.00237159904084823,0.00971200071252234,"ENSG00000280383","OPCs"
"HULC",17.3368329068815,-0.507564828791254,0.16702681250064,-3.03882245725853,0.002375047784131,0.00971923801528985,"HULC","OPCs"
"LINC02762",3.95711373896758,1.78856702275814,0.58857618472708,3.03880290974989,0.00237520188702267,0.00971923801528985,"LINC02762","OPCs"
"ENSG00000261329",8.99429264209398,0.933307246539565,0.307153263825291,3.03857180261132,0.00237702451544561,0.00972293921149826,"LOC100128079","OPCs"
"RTCB",9.12912159359503,0.759050209712325,0.249980311835115,3.03643996657221,0.00239389774107391,0.00978817647798175,"RTCB","OPCs"
"MFAP1",2.6079767850466,1.0513384054838,0.346368340121142,3.03531900495321,0.00240281393473407,0.00982084120757769,"MFAP1","OPCs"
"NECTIN1",7.81671226585161,-0.67364530761698,0.221950792050788,-3.03511107751683,0.00240447114005856,0.00982382306065591,"NECTIN1","OPCs"
"ENSG00000258162",18.4235180160638,-0.611059882930871,0.20135932106349,-3.03467393366011,0.0024079586387956,0.00982922523231116,"PPFIA2-AS2","OPCs"
"ENSG00000258603",4.06532278585885,-1.6136468598619,0.531750077709511,-3.03459637808161,0.00240857785437653,0.00982922523231116,"ENSG00000258603","OPCs"
"CECR2",25.9890678105033,0.401240745835013,0.13221908902735,3.03466578681399,0.00240802367760886,0.00982922523231116,"CECR2","OPCs"
"NEDD1",3.74839241141475,0.842791789030931,0.2777515847796,3.03433656265075,0.00241065332262091,0.00983390550329564,"NEDD1","OPCs"
"HPS1",4.39771400968332,0.879701832042348,0.290002701658709,3.03342633365405,0.00241793737113673,0.00985982162508199,"HPS1","OPCs"
"DNAJC2",5.03151271561372,0.776942621232763,0.256200681905472,3.03255485291575,0.0024249302106601,0.00988453076631659,"DNAJC2","OPCs"
"XRN1",40.0752305559008,0.333969183927489,0.110166521792407,3.03149430964886,0.00243346507167796,0.00991550408198138,"XRN1","OPCs"
"TTC32",5.52359245257608,0.721550521456535,0.238039707832063,3.03121915258604,0.00243568392142513,0.00992072797226619,"TTC32","OPCs"
"ORC6",1.24574966841087,2.21791941963419,0.731729808945956,3.03106336863475,0.00243694097444,0.00992203187978455,"ORC6","OPCs"
"SEC22A",13.9013312667433,0.471093332502649,0.155500546056361,3.02952847723058,0.00244935811313784,0.00996492601541674,"SEC22A","OPCs"
"ITPKC",4.90653537400114,1.32380420721702,0.436965782481974,3.02953746102906,0.00244928526684034,0.00996492601541674,"ITPKC","OPCs"
"ITGA7",4.31513429793407,1.37825126878352,0.455002512996903,3.02910693768607,0.00245277845126267,0.00997500913935166,"ITGA7","OPCs"
"AAR2",3.06862598757008,1.06018988450815,0.350038322175402,3.02878232851572,0.00245541528220101,0.00998189936219142,"AAR2","OPCs"
"ENSG00000290993",10.9692351588372,0.563211577439098,0.185996915513928,3.02806944880181,0.00246121517735693,0.0100016380384535,"RPL32P3","OPCs"
"ZNF37A",22.636838028543,0.462162535144129,0.152655925300213,3.02747852227315,0.00246603237715813,0.0100173697253949,"ZNF37A","OPCs"
"CNOT8",3.64121282675401,0.879437249925392,0.290507168733966,3.02724801511092,0.00246791379642208,0.0100211683681403,"CNOT8","OPCs"
"ENPP1",1.59014198178721,-1.44259989911927,0.476672790873004,-3.02639447172392,0.00247489193254814,0.0100456518074683,"ENPP1","OPCs"
"ZNF335",3.72852936385082,0.863827534038179,0.285487725767252,3.02579570353377,0.00247979792573936,0.0100617088251264,"ZNF335","OPCs"
"ABHD11",2.84340937363098,-1.07758520215349,0.356187430737935,-3.02533191561811,0.00248360407470181,0.0100732926660636,"ABHD11","OPCs"
"DDX27",3.98759758311773,0.863697500738686,0.285552080002244,3.0246584116351,0.00248914080895048,0.0100918840607908,"DDX27","OPCs"
"IMMP1L",14.3840936097228,-0.419692963964338,0.138769448767439,-3.02439022199831,0.0024913486813364,0.0100969699714322,"IMMP1L","OPCs"
"SLC7A6OS",4.37114170239298,0.887931349165719,0.293796709128797,3.02226444877046,0.00250891260451295,0.0101642633824759,"SLC7A6OS","OPCs"
"HIP1",88.4801124374137,0.435798510632455,0.144214283861296,3.02188173712115,0.00251208671565915,0.0101732307146579,"HIP1","OPCs"
"KIF5B",16.9634859813274,0.397186784074522,0.131456166250055,3.02143897395422,0.00251576346149359,0.0101842259393032,"KIF5B","OPCs"
"NDUFB1",11.3967694736041,-0.540342212467751,0.178913852050638,-3.02012508408135,0.00252670312002113,0.0102246029961879,"NDUFB1","OPCs"
"OSBPL8",28.6855004054042,-0.525258238975202,0.173957970996184,-3.0194548485894,0.00253230035213456,0.0102413000702179,"OSBPL8","OPCs"
"SCML1",9.60326320931928,1.30990400920731,0.433829318715414,3.01939945664804,0.00253276344512755,0.0102413000702179,"SCML1","OPCs"
"ACBD5",8.19572223324015,-0.683473158729156,0.226436779454102,-3.01838402920623,0.00254126645536129,0.0102717602146092,"ACBD5","OPCs"
"PCDH10-DT",9.79897474087509,-0.576210924271149,0.190940265111262,-3.01775491898154,0.00254654760381995,0.010289179368353,"PCDH10-DT","OPCs"
"VIM",4.44713751937444,-1.75885593676665,0.583037711227526,-3.01671041666165,0.0025553379872498,0.0103089635371335,"VIM","OPCs"
"RIC3",24.3968939707367,-0.507445306467223,0.168208982286385,-3.01675510766285,0.00255496130657435,0.0103089635371335,"RIC3","OPCs"
"PRPF39",8.41550270661666,0.567916809667459,0.188251554918417,3.01679744379046,0.00255460452092476,0.0103089635371335,"PRPF39","OPCs"
"SHROOM2",2.19836931662888,-1.1838207858938,0.392400135943808,-3.01687149788176,0.00255398054324028,0.0103089635371335,"SHROOM2","OPCs"
"MRPS33",4.66328507465119,0.753847018113728,0.249918343047453,3.01637330386186,0.00255818099875691,0.0103165029614759,"MRPS33","OPCs"
"TUBGCP3",10.3448263214684,0.529773543873346,0.17571829677897,3.01490256612111,0.00257061820791225,0.0103627129127487,"TUBGCP3","OPCs"
"GRIA2",177.056663304489,-0.554591412789456,0.183967641448434,-3.01461392026873,0.002573065606245,0.010368631952106,"GRIA2","OPCs"
"METTL17",5.85346611381356,0.821225208020366,0.272442889348563,3.01430222673087,0.00257571081608375,0.0103753433025207,"METTL17","OPCs"
"HHAT",3.31127344463144,-1.15824181200055,0.384347471927316,-3.01352785330556,0.00258229335901231,0.0103965776700459,"HHAT","OPCs"
"DAAM2",27.3497242386194,0.87021747803073,0.288777690510383,3.01345120010038,0.00258294578374795,0.0103965776700459,"DAAM2","OPCs"
"NETO1-DT",4.48438887050501,-1.26707267927253,0.420511936006645,-3.01316697762535,0.00258536622567092,0.0104023663867231,"NETO1-DT","OPCs"
"FNIP2",25.7500505193075,0.601764249751582,0.199746916141536,3.01263349330102,0.00258991498497944,0.0104167108586906,"FNIP2","OPCs"
"MYO1D",29.8153826467307,0.829519414196268,0.275414200724717,3.01189775985949,0.00259620022862949,0.0104380259761527,"MYO1D","OPCs"
"LRRC39",2.57171212586168,1.28887791552888,0.428028479048722,3.01119663437669,0.00260220279693671,0.0104581888499278,"LRRC39","OPCs"
"NPHP1",4.3930445904018,-0.84108323102623,0.279378464641309,-3.01055141134836,0.00260773797443435,0.0104764587060925,"NPHP1","OPCs"
"PRTFDC1",16.6716063953937,-0.420838899132579,0.139803462878291,-3.01021799080148,0.00261060250721108,0.010482039591876,"PRTFDC1","OPCs"
"PWRN4",2.26751232318148,-4.19795046304824,1.39459410527274,-3.01015933394272,0.0026111067463049,0.010482039591876,"PWRN4","OPCs"
"PLPPR5",24.0011369495048,-0.710416083045282,0.236099338495736,-3.00897108637224,0.00262134061433601,0.0105191349396811,"PLPPR5","OPCs"
"STMN1",31.8593150413234,0.451970104631252,0.150275564628486,3.00760876027065,0.00263311885744213,0.0105583978418448,"STMN1","OPCs"
"LINC00539",1.87607391645275,-1.39404246348315,0.463487698149993,-3.00772268400534,0.00263213205820337,0.0105583978418448,"LINC00539","OPCs"
"LRRK1",3.93728106868096,-1.27470619605081,0.423993568506759,-3.00642814121009,0.00264336522584207,0.010595472271638,"LRRK1","OPCs"
"PACS1",16.7198372008324,-0.591553139258463,0.196789495372889,-3.00601990028762,0.00264691674260035,0.0106021132737332,"PACS1","OPCs"
"NFRKB",4.54096514581662,0.730213842017584,0.242918166908169,3.00600754283491,0.00264702431499062,0.0106021132737332,"NFRKB","OPCs"
"EML2",10.6284422117532,0.885642187750934,0.294786264932185,3.0043536389142,0.00266145776103891,0.0106558932663146,"EML2","OPCs"
"ITPKB-AS1",2.72021678963541,2.02078252102987,0.672951329846714,3.00286578152712,0.00267450355931021,0.0107000350181697,"ITPKB-AS1","OPCs"
"REST",3.98681428156387,0.834756357201852,0.277977240450616,3.00296655887607,0.00267361808381392,0.0107000350181697,"REST","OPCs"
"RGS17",10.0599665068611,-0.590929524840198,0.196816640883196,-3.00243679695201,0.00267827581175782,0.010711080380104,"RGS17","OPCs"
"SEC24B-AS1",3.25053670941702,-1.09966836131347,0.366318187736434,-3.00194857402134,0.00268257488895018,0.0107242235084871,"SEC24B-AS1","OPCs"
"ZNF382",3.61077500179717,-0.945041265104589,0.314939374454142,-3.00070852284681,0.00269352260177657,0.0107639261708731,"ZNF382","OPCs"
"CXCL14",1.96468645447416,-1.8876172517798,0.629138022880572,-3.00032295479004,0.00269693487623811,0.0107697154499643,"CXCL14","OPCs"
"NETO1",18.2026377074068,-0.990773446632123,0.330223141010272,-3.00031501002925,0.00269700522882958,0.0107697154499643,"NETO1","OPCs"
"LRRN2",6.03848517886568,-0.976490021010735,0.325532538697027,-2.99966947979831,0.00270272714700224,0.0107810864999519,"LRRN2","OPCs"
"CDK2AP2",6.89280581216089,1.13047889836616,0.376882391037146,2.999553508603,0.00270375627921754,0.0107810864999519,"CDK2AP2","OPCs"
"CATSPERG",2.62462776515846,1.44417944688795,0.481467856780823,2.99953449965275,0.00270392499942136,0.0107810864999519,"CATSPERG","OPCs"
"CSNK2A1",15.3275276649153,-0.443819335901068,0.147947885385029,-2.99983561607552,0.00270125347185523,0.0107810864999519,"CSNK2A1","OPCs"
"ZNF780B",11.9518592014561,-0.701930220561913,0.234080857899499,-2.99866561862688,0.00271164731699728,0.0108078077105763,"ZNF780B","OPCs"
"MRPL48",10.9476584429642,0.529525518951069,0.176603793947099,2.99838133211161,0.00271417833031726,0.010813825627562,"MRPL48","OPCs"
"CYP20A1",7.80906908376711,0.644895574234808,0.215110602000562,2.9979720582676,0.00271782590119318,0.010821783923155,"CYP20A1","OPCs"
"ECHS1",7.47412416124476,0.661250881272077,0.220569306395406,2.9979279169817,0.00271821956898887,0.010821783923155,"ECHS1","OPCs"
"LNX1",8.38403672327853,-1.4997607451735,0.5003815747665,-2.99723415250322,0.00272441365713475,0.0108423677674021,"LNX1","OPCs"
"GABBR2",9.17479202747794,-1.59777948187702,0.533214730787999,-2.99650289015042,0.00273095649273324,0.0108643235379583,"GABBR2","OPCs"
"NFIA-AS2",9.4484949014652,-1.17959093739901,0.393703713985504,-2.99613870912694,0.00273422028759215,0.0108732229987236,"NFIA-AS2","OPCs"
"SHFL",6.36328050466579,-0.626256369728105,0.209060705509899,-2.99557187564572,0.0027393073465941,0.0108893636638256,"SHFL","OPCs"
"WDR70",29.6952856362107,-0.359029319069951,0.119858966659803,-2.99543145644655,0.00274056887722066,0.0108902905852783,"WDR70","OPCs"
"SSH3",2.11574663984316,1.41140313167295,0.471274393239613,2.99486488533941,0.00274566436329256,0.0109030059379936,"SSH3","OPCs"
"ADGRG1",40.4402577363006,0.699657802846747,0.233620571374625,2.99484672402758,0.00274582784104146,0.0109030059379936,"ADGRG1","OPCs"
"RCOR3",20.5586670523897,0.435765652696512,0.145525857279943,2.99442079120169,0.00274966439548925,0.0109141476567583,"RCOR3","OPCs"
"FBXL5",27.8928482923599,0.363035355737749,0.121247259249031,2.99417370739992,0.00275189222593265,0.0109188979665143,"FBXL5","OPCs"
"PHLDB2",2.49619523367696,-2.53300218361837,0.846116590489633,-2.99367984517662,0.00275635007570292,0.0109324896261026,"PHLDB2","OPCs"
"C2orf92",4.35190253468931,0.771561960395411,0.257752660872078,2.99341996231937,0.00275869855764445,0.0109377078717539,"C2orf92","OPCs"
"KDM1B",5.30543468164476,0.847906952920586,0.283587729284391,2.98992821396118,0.00279043017615935,0.011059377082907,"KDM1B","OPCs"
"EIF4E2",5.45076694864325,-0.754962383690398,0.252570950599311,-2.98911011697502,0.00279791275384425,0.0110848844231989,"EIF4E2","OPCs"
"ENSG00000286478",1.14015709529615,-2.04397893990022,0.684063485978372,-2.9879959708372,0.00280813256395369,0.0111170556457083,"ENSG00000286478","OPCs"
"TIMM23B",11.6628675308795,1.06053321179169,0.354924872007545,2.98804985346066,0.00280763752744901,0.0111170556457083,"TIMM23B","OPCs"
"GPR17",19.6356162282374,-1.41579797468199,0.474069413297107,-2.98647821388696,0.0028221094576826,0.0111682134367932,"GPR17","OPCs"
"IQCB1",15.0176542556519,0.436652290608107,0.146300736044895,2.98462128361482,0.00283929616311867,0.0112320307685569,"IQCB1","OPCs"
"NLN",8.45080706345243,0.893632964127269,0.299487909945116,2.98386991411786,0.00284627753521961,0.0112554440246362,"NLN","OPCs"
"PPFIA4",6.3741345105404,-1.85982851936231,0.623349609730535,-2.98360420914724,0.00284875008966426,0.0112610165918419,"PPFIA4","OPCs"
"MLH1",7.32900124434433,-0.609419393112382,0.204346174218106,-2.98228922290429,0.00286101576997708,0.0113052824642005,"MLH1","OPCs"
"PEX11B",7.37242063232067,0.941824154335152,0.315898854589405,2.98141047570212,0.00286923923699611,0.0113328283183509,"PEX11B","OPCs"
"ARHGEF38",3.32352380684715,-0.989333511747467,0.331844593918611,-2.98131574200094,0.00287012705852852,0.0113328283183509,"ARHGEF38","OPCs"
"QARS1",6.20729018051414,0.816176318318541,0.273801985575586,2.98089992518782,0.00287402696104338,0.0113439975838425,"QARS1","OPCs"
"SYNC",6.94075607932694,-0.718095116563982,0.240954649257144,-2.98020859434689,0.00288052158954921,0.0113653962866342,"SYNC","OPCs"
"TP53TG5",8.29816735534678,0.88770655174422,0.2980239527697,2.97864162760837,0.00289529190528552,0.0114161987508161,"TP53TG5","OPCs"
"CASK",58.2652170244587,-0.664148573430455,0.222972356513445,-2.97861395832002,0.00289555333755355,0.0114161987508161,"CASK","OPCs"
"C11orf80",7.84041045408967,-1.68875212967621,0.567148174220105,-2.97762067558172,0.00290495261622277,0.0114489944941567,"C11orf80","OPCs"
"MED30",3.84244496105601,0.830880777586431,0.279168671744735,2.97626797589297,0.00291779778964366,0.0114953417382167,"MED30","OPCs"
"RABGAP1L",70.5591934856585,-0.222709144202606,0.0748322313853698,-2.97611256646487,0.00291927686553666,0.011496891783575,"RABGAP1L","OPCs"
"ACTG1",44.9866012495413,-0.544257123466724,0.182883238237584,-2.97598144429004,0.00292052532490358,0.0114975327846576,"ACTG1","OPCs"
"PLCH1",2.04575050498774,1.48670961335492,0.499633977205384,2.97559749973485,0.00292418379611872,0.011507657525417,"PLCH1","OPCs"
"NIPAL3",12.8061269236216,0.76560283470237,0.257401357166902,2.97435430461209,0.00293605847609414,0.0115500963082604,"NIPAL3","OPCs"
"SLC35F3",26.6970607239821,-0.718403628996611,0.241633682098659,-2.97311046521771,0.00294798333452621,0.0115918809790036,"SLC35F3","OPCs"
"NCOR2",16.8972383693698,0.465880758489962,0.156702960987823,2.97301822220298,0.00294886943885135,0.0115918809790036,"NCOR2","OPCs"
"PLXND1",3.59297804411852,1.10644589115803,0.372225277336336,2.97251680239402,0.00295369042778808,0.0116065237960207,"PLXND1","OPCs"
"ALDH1A2",3.75456769036963,1.89623192513144,0.638001805901007,2.97214194002715,0.00295729930493625,0.0116163945249536,"ALDH1A2","OPCs"
"HSDL2-AS1",3.29432935252495,-0.910880524560784,0.306565476551631,-2.9712429945039,0.00296597003754592,0.0116461337403082,"HSDL2-AS1","OPCs"
"AUP1",21.2970331428997,0.786883883399668,0.26487314451873,2.9707952643875,0.00297029724329911,0.0116588020039057,"AUP1","OPCs"
"POU6F2",50.6504370400562,-1.16591483751925,0.392714501687191,-2.96886117652956,0.00298905600885977,0.0117280856368377,"POU6F2","OPCs"
"PI4KB",11.639204495921,0.566540928291148,0.190891081627768,2.96787531119912,0.0029986594713707,0.0117614088154873,"PI4KB","OPCs"
"NFE2L2",33.3284515834774,0.649124380110874,0.218734974827377,2.96762957374858,0.00300105761530838,0.011762102200635,"NFE2L2","OPCs"
"CCDC126",4.59245854894128,-0.834651249398108,0.281249681794616,-2.96765224434144,0.00300083630047793,0.011762102200635,"CCDC126","OPCs"
"C18orf25",5.9952849252673,0.683190603307816,0.23024778599283,2.96719727558679,0.0030052806459473,0.0117742959824572,"C18orf25","OPCs"
"MAP4",33.1146274171256,0.347762925108792,0.117239033692318,2.96627253020067,0.00301433249792042,0.0118053924382312,"MAP4","OPCs"
"SLC25A51",4.69591781129195,0.799652592850638,0.269650431375001,2.96551571889966,0.00302175902851886,0.0118301028140535,"SLC25A51","OPCs"
"TMEM241",8.74873788539684,-0.721246975260125,0.243231188480782,-2.96527340825419,0.0030241403290248,0.0118350502898642,"TMEM241","OPCs"
"LINC01102",9.24191679935537,-1.08714475381679,0.366667503559586,-2.96493347041353,0.00302748394303573,0.0118437587575724,"LINC01102","OPCs"
"EIF3J",9.83539302104198,0.524538604298779,0.177114751308112,2.96157491357837,0.0030607002606134,0.0119692820383663,"EIF3J","OPCs"
"LRP1B",845.026673672426,-0.488297806018983,0.164915743349016,-2.96089261160218,0.003067488749995,0.0119914012042994,"LRP1B","OPCs"
"TMEM14B",27.6322792759541,-0.448176564479482,0.151380074331393,-2.96060473255125,0.00307035708795626,0.0119981850780283,"TMEM14B","OPCs"
"GAB1",80.8259168387,0.486856341166547,0.164473216185344,2.96009497751848,0.00307544213042761,0.0120136230768087,"GAB1","OPCs"
"GLG1",31.2189731328011,0.403501144901655,0.136400044941735,2.95821856271394,0.00309422647160206,0.0120775202989756,"GLG1","OPCs"
"DTNA",93.3636375830992,-0.613680947472769,0.207456441677254,-2.95811950938352,0.00309522097180546,0.0120775202989756,"DTNA","OPCs"
"ENTPD6",8.03094460705825,0.921549541947813,0.311509908392603,2.95833139530946,0.00309309398189406,0.0120775202989756,"ENTPD6","OPCs"
"ZNF3",2.88676891972888,1.0020155540403,0.338909161185397,2.95659034573031,0.00311061087336307,0.0121331009756593,"ZNF3","OPCs"
"NFIC",11.4468748272663,0.625352633094187,0.211525593401394,2.95639228822542,0.00311260927089151,0.0121364256917309,"NFIC","OPCs"
"NPTX1",8.30738904589675,-2.57614437894899,0.871620357917771,-2.95558078187066,0.00312080958844686,0.0121639210679618,"NPTX1","OPCs"
"PYGL",10.4786087738319,0.596478329835475,0.20187823376291,2.95464408776229,0.0031302994208231,0.0121964204806904,"PYGL","OPCs"
"NLGN2",15.2555630943893,-0.570278405681251,0.193063003576906,-2.95384612854675,0.0031384044459929,0.0122235024211345,"NLGN2","OPCs"
"ZNF512B",3.95198812916172,-1.15139394991622,0.390004627106523,-2.95225715258434,0.00315460098378026,0.0122820678008209,"ZNF512B","OPCs"
"TET2",19.8170482099179,-0.511087145874522,0.173132692158129,-2.95199675753742,0.00315726246223619,0.0122879123392434,"TET2","OPCs"
"BAG6",5.33296631577415,0.698221269780933,0.236739103159506,2.94932801747795,0.00318465767890269,0.0123899797279866,"BAG6","OPCs"
"ENSG00000235450",6.67619852831252,-0.632823143737237,0.214598814891364,-2.94886597606603,0.0031894225795715,0.0123994071650742,"ENSG00000235450","OPCs"
"MT3",70.19208833153,0.950014493487293,0.322162297336307,2.94886925423048,0.00318938874992724,0.0123994071650742,"MT3","OPCs"
"TOP2B",22.6035630228921,-0.404270417905101,0.137146074377483,-2.94773597961237,0.00320110329820107,0.0124402509827337,"TOP2B","OPCs"
"PTPRN2",34.1868576967383,-0.783322629664531,0.265773547914286,-2.94733104860067,0.00320529852961495,0.0124519851168827,"PTPRN2","OPCs"
"SLC36A1",7.48271598854207,-0.71303912348378,0.242149194568758,-2.94462727721902,0.00323343923891652,0.0125567002347363,"SLC36A1","OPCs"
"GAN",8.98599693399747,0.599317380347319,0.203559510617968,2.94418756720285,0.00323803694099553,0.0125699454564306,"GAN","OPCs"
"METTL8",6.24869611506861,0.630689783147323,0.214248573663607,2.94372920371257,0.0032428360282431,0.0125839624547799,"METTL8","OPCs"
"BTRC",36.8752356670995,-0.33284069952694,0.113073630879462,-2.94357488070542,0.00324445325505366,0.0125856263630103,"BTRC","OPCs"
"NECAP1",7.07400829081109,0.763357875557228,0.259355331319769,2.9432897009395,0.00324744372810796,0.0125926140903198,"NECAP1","OPCs"
"LMCD1-AS1",56.2820998884012,-0.340690109446186,0.115763703407127,-2.94297866618884,0.00325070818664829,0.0126006587469273,"LMCD1-AS1","OPCs"
"ZNF536",52.8295137292925,0.90567139508272,0.307757369413533,2.94280977514391,0.00325248203121364,0.0126029215918597,"ZNF536","OPCs"
"KCNQ3",31.1892726557024,-0.928046600685606,0.315393177029016,-2.94250690337611,0.00325566526989943,0.0126106419927706,"KCNQ3","OPCs"
"DCP1A",10.6759994054492,0.627186973671488,0.213181112401492,2.94203818812186,0.00326059715013064,0.0126251275392627,"DCP1A","OPCs"
"C1orf35",7.10298668161962,0.820670417760197,0.278977062093569,2.94171288349485,0.00326402404616154,0.0126337772839367,"C1orf35","OPCs"
"RPRD1B",9.59275580348647,0.722367997095864,0.245586356436327,2.94140117381949,0.00326731080534556,0.0126418784905406,"RPRD1B","OPCs"
"MGLL",16.1109490983336,0.728059973993682,0.247582680098929,2.94067409603436,0.00327498905105107,0.0126669591127213,"MGLL","OPCs"
"STMN2",3.41327183112804,-1.89089338287371,0.643108809864738,-2.94023865614811,0.00327959534496658,0.0126755163150351,"STMN2","OPCs"
"TNC",10.8416078545774,2.66424009293208,0.90611523554002,2.94028837440777,0.0032790691028415,0.0126755163150351,"TNC","OPCs"
"ANXA7",11.5152114289366,0.487413620420376,0.165841853202367,2.93902661486551,0.00329244799896462,0.0127205488175977,"ANXA7","OPCs"
"CWF19L2",23.7693139933603,0.477221328777925,0.162393178848474,2.93867841101388,0.00329614887563061,0.0127302029879388,"CWF19L2","OPCs"
"CDH26",2.53329812059701,1.01475091030702,0.345404679171953,2.9378609251609,0.00330485240080543,0.0127591640264417,"CDH26","OPCs"
"LRTM1",2.82124523693405,-1.01704760746419,0.34621200874114,-2.93764393431146,0.00330716614986235,0.0127634437051903,"LRTM1","OPCs"
"RBMX2",6.10441384378993,0.769439398493659,0.261985318616582,2.93695617203551,0.00331450943453481,0.0127871238294075,"RBMX2","OPCs"
"CLPTM1",11.5774733830875,0.526775792727195,0.17937496181726,2.93672978318932,0.003316929850484,0.0127918015719685,"CLPTM1","OPCs"
"LINC00706",3.53556916443553,1.27688993244939,0.435077718355539,2.93485480542568,0.00333703796909805,0.0128646640308512,"LINC00706","OPCs"
"CAMKK1",2.21011833397164,-2.83011247857264,0.964701889669347,-2.93366532073723,0.00334985203536284,0.0129093642847498,"CAMKK1","OPCs"
"NAP1L4",21.9713287798823,0.41388761322549,0.141108257077921,2.93312114964993,0.00335572920035333,0.0129273089238784,"NAP1L4","OPCs"
"CHAC2",2.31374751065197,-1.27547939968281,0.435017203100675,-2.93202059732711,0.00336764410980881,0.0129684913174092,"CHAC2","OPCs"
"SSU72",7.40229533757416,0.604718319921909,0.20629806376272,2.9312845156775,0.00337563463518897,0.0129898149660796,"SSU72","OPCs"
"GDE1",4.48951009057969,0.895879499514147,0.305621181272792,2.93133969243611,0.00337503506657101,0.0129898149660796,"GDE1","OPCs"
"CDIPT",6.63511149545447,0.754010412134211,0.257292589599899,2.93055627177887,0.00338355706264289,0.0130155718464904,"CDIPT","OPCs"
"CDH9",3.266723519371,-2.67182277862101,0.91222450361172,-2.92890924113813,0.00340153727475949,0.0130799853811558,"CDH9","OPCs"
"PSME3",3.6542040794678,-0.940449466486613,0.32114655626549,-2.92841211633342,0.00340698132411336,0.0130961641460473,"PSME3","OPCs"
"MAP2K6",6.33197519199844,-0.9683358665192,0.330763531207614,-2.92757748408301,0.0034161392827841,0.0131266019610608,"MAP2K6","OPCs"
"FUT8",65.126864213771,0.387998772265811,0.132611121796412,2.92583885129543,0.00343528834185859,0.0131953948278137,"FUT8","OPCs"
"MICU1",29.2182564219925,-0.378206848816558,0.129310870436478,-2.92478774243769,0.00344691244725954,0.0132352439508624,"MICU1","OPCs"
"UBASH3B",8.79827220761575,0.981232996129164,0.335675195978759,2.9231620563089,0.00346496126369844,0.0132997244590672,"UBASH3B","OPCs"
"PPFIA1",18.9269828553776,0.567426918210236,0.194159772084129,2.92247416712238,0.00347262426481615,0.0133243083204359,"PPFIA1","OPCs"
"TMEM132D",69.6352475084697,-0.755918212713865,0.258678648026729,-2.9222288676712,0.00347536059913424,0.0133299778141368,"TMEM132D","OPCs"
"PTRH2",5.73250109112312,0.82856971549343,0.283646296960152,2.92113707943042,0.00348756340045075,0.0133719393232344,"PTRH2","OPCs"
"GALNT1",15.9608260318194,-0.520518917569521,0.178232903299771,-2.92044234219794,0.00349534869175091,0.0133969390682744,"GALNT1","OPCs"
"GNL3L",6.96829953248286,0.694356644362337,0.237839949935848,2.91942814716208,0.00350674225492464,0.0134357454702069,"GNL3L","OPCs"
"MTMR6",9.3102473816157,0.551734618875797,0.189090318553775,2.9178364238616,0.00352469197961253,0.0134947534577356,"MTMR6","OPCs"
"MYO18A",13.210620344183,0.666236015186912,0.228325689295305,2.91791964909054,0.00352375138866534,0.0134947534577356,"MYO18A","OPCs"
"IRAG2",2.54590826249911,-2.51894843869856,0.863538286935917,-2.91700840229855,0.00353406252490524,0.0135231215272976,"IRAG2","OPCs"
"TARS3",18.8116165542441,0.643886963646364,0.22073934105326,2.91695608301652,0.00353465537181867,0.0135231215272976,"TARS3","OPCs"
"CREB1",15.4224618073738,-0.41192276363952,0.141263898783151,-2.91598042520296,0.00354572745963811,0.0135605828088001,"CREB1","OPCs"
"RAP1GAP2",5.50766451447826,-2.05151451070863,0.703698270495154,-2.91533260308441,0.00355309658095322,0.0135838602138247,"RAP1GAP2","OPCs"
"LACTB",5.70369860368487,0.689276423416298,0.236445006577974,2.915165912751,0.00355499497319278,0.0135862131959984,"LACTB","OPCs"
"LAMA2",19.5942549590108,1.00768274492013,0.34573608198985,2.91460104227628,0.00356143499779201,0.0136059150889673,"LAMA2","OPCs"
"COX14",6.06749349165145,0.66438863786567,0.227996181005248,2.91403406380029,0.00356790972637836,0.0136257353055704,"COX14","OPCs"
"NME1",5.59232131181539,-0.796863705506887,0.273540314143102,-2.91314904716388,0.00357803776277145,0.0136594880705659,"NME1","OPCs"
"MBD5",121.242904488153,-0.357429660031127,0.122757649096645,-2.91166915187279,0.00359503197049135,0.0137194193036048,"MBD5","OPCs"
"EPN2",169.418785787542,-0.525676695409561,0.180551892675547,-2.91149922396109,0.00359698800988831,0.0137219391299414,"EPN2","OPCs"
"SELENOT",19.287335909081,-0.655013606534008,0.225043615767202,-2.91060736960248,0.00360727002322646,0.0137562079747815,"SELENOT","OPCs"
"NOL4",44.0166395065867,-0.755704161565476,0.259658642567717,-2.91037553802352,0.0036099471378137,0.0137614615512768,"NOL4","OPCs"
"APEX1",7.48043346644661,-0.874948988375882,0.300646004474319,-2.91022988948658,0.00361162996318496,0.0137629223857966,"APEX1","OPCs"
"ABHD15-AS1",2.90521362795462,1.11068685794371,0.381756712402565,2.90941016060637,0.00362111443787898,0.0137941014018483,"ABHD15-AS1","OPCs"
"ACHE",4.19054451158322,-0.899608662425828,0.309291754934602,-2.90860861330121,0.00363041044560784,0.0138245403160687,"ACHE","OPCs"
"FARP1",22.5553288727532,-0.827519248677623,0.284532076473794,-2.90835134981289,0.00363339867660456,0.0138309460766507,"FARP1","OPCs"
"DDX19A",5.3812510613587,0.830574427227588,0.285605189406173,2.90812092369367,0.0036360770783081,0.0138361682570186,"DDX19A","OPCs"
"NRBP2",9.89191578487287,-0.522881663193937,0.179832705438589,-2.90760049412978,0.0036421329984852,0.013854234358462,"NRBP2","OPCs"
"MIR325HG",33.0664744864965,-0.58176114201638,0.200100585616183,-2.90734352538211,0.00364512656771306,0.0138606428553254,"MIR325HG","OPCs"
"MPPED2",52.642831739995,-0.734720993718304,0.252748204362969,-2.90692863899907,0.00364996452850306,0.0138740575580931,"MPPED2","OPCs"
"SALL1",4.48314789647047,1.0330485988708,0.355429279602313,2.9064814244529,0.00365518600432907,0.0138889199088069,"SALL1","OPCs"
"ENSG00000289079",8.02791795772156,-1.28031407091886,0.440740714406359,-2.90491445212484,0.00367353490635433,0.0139457608142596,"ENSG00000289079","OPCs"
"ATP5PO",12.8357149728038,-0.575413141000226,0.198085903576544,-2.90486667961144,0.00367409562528651,0.0139457608142596,"ATP5PO","OPCs"
"NUP50",3.60049747189272,0.900194180767907,0.309875359514756,2.90502020611626,0.0036722939198636,0.0139457608142596,"NUP50","OPCs"
"CHORDC1",13.6045567595675,1.04404383640963,0.359489372833246,2.90424116902595,0.0036814445960553,0.0139678595979963,"CHORDC1","OPCs"
"PCYT1B",5.46543558704725,-0.716755026121786,0.246804001136407,-2.90414670273372,0.00368255561828193,0.0139678595979963,"PCYT1B","OPCs"
"A2ML1-AS1",2.46015001630759,-1.14276621464102,0.393732129967381,-2.90239512517226,0.0037032113061217,0.0140411771327708,"A2ML1-AS1","OPCs"
"ENSG00000290073",3.21481084257016,0.839970521635886,0.28944029747977,2.90205105836928,0.00370728111109415,0.0140515772965236,"LOC137778871","OPCs"
"GRIN3A",2.4090860266868,-3.1605869535795,1.08949316412618,-2.9009699717707,0.00372009525172878,0.0140912885144884,"GRIN3A","OPCs"
"PLBD2",3.40397740193867,0.867694806062947,0.299107879129041,2.90094265851354,0.00372041951713971,0.0140912885144884,"PLBD2","OPCs"
"ENSG00000285679",3.20667343767446,-1.02410893804936,0.353081443854886,-2.90048926635256,0.00372580598368236,0.014106644750517,"ENSG00000285679","OPCs"
"GALNT7-DT",5.40279983129374,-0.999851685397216,0.344737261406965,-2.90032960555686,0.00372770450009376,0.0141087886547509,"GALNT7-DT","OPCs"
"RGP1",5.10333632969083,-0.884914095169835,0.305153622692954,-2.89989706614179,0.00373285221794138,0.0141232243615574,"RGP1","OPCs"
"CNBD2",3.21410324816333,-0.921300691529616,0.317769015248898,-2.89927792616278,0.00374023194258089,0.0141460915256899,"CNBD2","OPCs"
"PKN2-AS1",3.02734155323542,-1.04937538136396,0.361984691737,-2.89894961117964,0.0037441506106618,0.0141558568250298,"PKN2-AS1","OPCs"
"SLC25A48",4.13440477683546,1.39910318689809,0.482646408072919,2.89881611775449,0.00374574501458214,0.0141568307296306,"SLC25A48","OPCs"
"ZNF320",5.94889411052153,-0.775274059180854,0.267465872519859,-2.89859058233043,0.00374844014162935,0.0141619625757598,"ZNF320","OPCs"
"FSTL5",7.71647408717269,-1.73103869612586,0.597435013366793,-2.89745103215619,0.00376208462958872,0.014204101333373,"FSTL5","OPCs"
"ENSG00000287811",2.47581326415093,-1.20738517012049,0.41670827576113,-2.89743506513078,0.0037622761322107,0.014204101333373,"ENSG00000287811","OPCs"
"LRRC8C-DT",3.54535749691289,0.950867380233137,0.328202579618885,2.89719654652716,0.00376513789139584,0.0142098397255459,"LRRC8C-DT","OPCs"
"CDKAL1",45.9565769062375,-0.279823884563725,0.0966152562117187,-2.89627017031897,0.00377627137669911,0.0142467808618609,"CDKAL1","OPCs"
"PSMC1",8.68278619545471,0.731124967762441,0.252629442022519,2.89406081060524,0.00380294503693346,0.0143423033978366,"PSMC1","OPCs"
"BACE1",11.2148074784984,0.471469593356201,0.162943792163599,2.89344925078727,0.00381035860945998,0.0143651469114209,"BACE1","OPCs"
"GART",9.00397947158952,0.51117459066186,0.176722307523738,2.89253008193771,0.00382152584551937,0.0144021205352491,"GART","OPCs"
"POLE4",3.82802442216988,1.05637324774198,0.365277045654354,2.89197818562512,0.00382824526620126,0.014422311408421,"POLE4","OPCs"
"ELAPOR1",3.73184638128755,-1.67053578545878,0.577727273130022,-2.89156469350688,0.00383328662739456,0.0144361683442775,"ELAPOR1","OPCs"
"CAMK2A",7.30010351803467,-1.69891367508513,0.587780223171939,-2.89038931238106,0.00384765002002762,0.0144824420244509,"CAMK2A","OPCs"
"ZNF706",18.0263749490662,0.46729937302702,0.161676516540324,2.8903354861092,0.00384830895720536,0.0144824420244509,"ZNF706","OPCs"
"ZNF92",1.990656684595,-1.180885791404,0.408888605931968,-2.88803790145349,0.00387653158578623,0.0145834705127802,"ZNF92","OPCs"
"GSTO1",8.36694991706007,0.616910812182,0.21369945639704,2.88681507469919,0.00389162885244994,0.0146319269927297,"GSTO1","OPCs"
"CNPY2",22.206431597602,0.701235139705435,0.242913334210379,2.88677088058953,0.00389217548050232,0.0146319269927297,"CNPY2","OPCs"
"BRD9",4.97850603117142,0.855386239652131,0.296475181741047,2.88518666091673,0.00391181649440998,0.0147005453072398,"BRD9","OPCs"
"TSEN54",8.78198780453507,-0.525169314426975,0.182076335499143,-2.88433591870838,0.00392240103152475,0.014735092913745,"TSEN54","OPCs"
"PGRMC2",6.21487018146368,0.929340694899198,0.32226821612673,2.88374915177406,0.00392971646122667,0.0147573394767342,"PGRMC2","OPCs"
"DIPK2B",2.04452351283253,1.26737454016222,0.439763878703471,2.88194324622282,0.00395230914151251,0.0148369208821756,"DIPK2B","OPCs"
"GPC5-AS2",1.53717397926892,-1.74441434491462,0.605347017628171,-2.88167661542213,0.00395565478605339,0.0148442183502145,"GPC5-AS2","OPCs"
"ENSG00000253693",2.840310024135,-3.61508595091809,1.25466244785375,-2.8813215515473,0.00396011406866662,0.0148547168648672,"ENSG00000253693","OPCs"
"LGR4",8.3270484729634,-1.07518598407886,0.373169022497075,-2.88123053967398,0.00396125783063124,0.0148547168648672,"LGR4","OPCs"
"ORC4",18.6780051085256,-0.403440230413347,0.140246490329642,-2.87665116941666,0.00401919629933268,0.0150613194656522,"ORC4","OPCs"
"FN3KRP",3.28947122670829,0.843125909084433,0.293091623929094,2.87666326925947,0.00401904220298988,0.0150613194656522,"FN3KRP","OPCs"
"NUCB2",4.9007779094149,-0.70276742815422,0.244333119800518,-2.87626756752414,0.00402408440441314,0.0150743027388522,"NUCB2","OPCs"
"PBRM1",30.11537709039,0.31944464142573,0.111078973173256,2.87583358308035,0.00402962102292917,0.0150897053157072,"PBRM1","OPCs"
"ATP5F1B",18.4290659194272,0.532469729535023,0.185203968377089,2.87504492587803,0.00403970013467168,0.0151167577477643,"ATP5F1B","OPCs"
"SH3BGR",2.09644060075503,-1.07957350676122,0.375490408433514,-2.87510275233135,0.00403896033052979,0.0151167577477643,"SH3BGR","OPCs"
"NMNAT3",5.72609670743981,-0.679739247455452,0.236461984705929,-2.87462379333741,0.00404509161510895,0.0151265069512844,"NMNAT3","OPCs"
"CDC42BPB",12.1799516534211,0.584052690853495,0.203175737882453,2.87461828336707,0.00404516219887039,0.0151265069512844,"CDC42BPB","OPCs"
"BCL2",31.2646946718991,0.6101495251693,0.212288091286244,2.87415804378113,0.00405106190326412,0.0151415970419913,"BCL2","OPCs"
"PHKA1",4.41606787918693,-1.47185628234366,0.512113806073098,-2.87408045807218,0.00405205722540164,0.0151415970419913,"PHKA1","OPCs"
"SZRD1",4.13693256098857,0.747064010542502,0.259979601685417,2.87354856188476,0.00405888673006935,0.015156421181747,"SZRD1","OPCs"
"TMEM65",8.80848780892014,-0.551409115531478,0.191886612181793,-2.87361952593688,0.00405797495371012,0.015156421181747,"TMEM65","OPCs"
"ZFTRAF1",5.02019885367145,1.22383263751936,0.425932370810535,2.87330271514807,0.00406204691180036,0.0151610848171609,"ZFTRAF1","OPCs"
"TXNDC11",5.34208334315957,-0.689923175724047,0.240121219368542,-2.87322868648748,0.00406299893400403,0.0151610848171609,"TXNDC11","OPCs"
"HTRA1",73.1168735065307,0.583690277288158,0.20316061604935,2.87304837245805,0.00406531865308186,0.0151643975118482,"HTRA1","OPCs"
"RTTN",13.3431849903992,0.813318820539107,0.283101336088718,2.87288937514668,0.00406736513232142,0.0151666889969309,"RTTN","OPCs"
"EPHA7",4.02927613922899,-1.75953127942716,0.612558188473707,-2.87243124414242,0.00407326703780553,0.0151833502042804,"EPHA7","OPCs"
"RPL5",22.065807572016,0.370765149760062,0.12909376838759,2.87206078489304,0.00407804518834581,0.0151904673037574,"RPL5","OPCs"
"HCN1",9.69301489042202,-2.60220888786489,0.906035431085751,-2.87208292146646,0.00407775952994103,0.0151904673037574,"HCN1","OPCs"
"WNT7B",1.74582281987807,-1.74823945856443,0.608749945554115,-2.87185152349064,0.00408074647118131,0.0151951846447996,"WNT7B","OPCs"
"PAIP2B",3.99322290275167,1.18771931206105,0.413785674984622,2.87037320009977,0.0040998759414224,0.015261049637843,"PAIP2B","OPCs"
"AASDHPPT",14.3750082195844,0.512119627826109,0.178429891734637,2.87014481064496,0.00410283854239966,0.015266711231206,"AASDHPPT","OPCs"
"CSGALNACT1",66.4884229002709,-0.669652399762101,0.233338084239711,-2.86988042240957,0.00410627053515399,0.0152741148462525,"CSGALNACT1","OPCs"
"ANKDD1A",8.29250115728469,0.818384816471043,0.285233036339983,2.86917962579752,0.00411538010252768,0.0153026247492163,"ANKDD1A","OPCs"
"DDX24",15.3281964568952,0.443914262451324,0.154778916203348,2.86805382373986,0.00413005266238587,0.0153517928026207,"DDX24","OPCs"
"PADI2",6.4941428053526,1.00050486007445,0.348948698351031,2.86719757030869,0.00414124396244124,0.0153879907235975,"PADI2","OPCs"
"ENSG00000259972",9.53835285610227,-0.507635856154135,0.17711804196569,-2.86608778259005,0.0041557899172082,0.0154312115088481,"ENSG00000259972","OPCs"
"SNHG29",12.0683826684444,-0.496056852908249,0.173074778074799,-2.86614178233333,0.00415508107266067,0.0154312115088481,"SNHG29","OPCs"
"NGF",3.02207628420215,-1.01051039006561,0.352626423741237,-2.86566837318789,0.00416129916258129,0.0154385347819871,"NGF","OPCs"
"PTMA",120.574038798088,0.591862095500743,0.206550204450696,2.86546361488605,0.00416399121718434,0.0154385347819871,"PTMA","OPCs"
"COPS4",8.82454579452526,-0.593662395396428,0.2072003303752,-2.86516143252001,0.0041679670388764,0.0154385347819871,"COPS4","OPCs"
"KHDC1",5.09512317075056,-0.900872914393955,0.314400780471215,-2.86536475209684,0.00416529157874579,0.0154385347819871,"KHDC1","OPCs"
"ZNF33B",5.68499502264673,-0.730947844355651,0.255111371319396,-2.86521075315186,0.00416731789087026,0.0154385347819871,"ZNF33B","OPCs"
"PTPRB",2.54028581273053,-2.47988532553926,0.865471027232695,-2.86535914838026,0.00416536529655585,0.0154385347819871,"PTPRB","OPCs"
"MT1X",20.4347115356731,0.713838155399091,0.249095729066195,2.86571816415767,0.00416064477578402,0.0154385347819871,"MT1X","OPCs"
"OGFRL1",5.59989720521961,1.12835806014401,0.393908639153607,2.86451716968818,0.00417645512398526,0.0154645663507006,"OGFRL1","OPCs"
"FAM107A",5.05498457060073,1.46821197091155,0.512695024324287,2.86371410147114,0.0041870574065793,0.0154984054301555,"FAM107A","OPCs"
"PTPRK",131.545822288773,0.538335274877444,0.188064610536366,2.86250173991851,0.00420310952834804,0.0155523864099251,"PTPRK","OPCs"
"ZNF544",10.4237993001661,-0.555173071053676,0.19398091478916,-2.86199841699426,0.00420979009577489,0.0155716650765826,"ZNF544","OPCs"
"LINC01138",18.6325914288213,-0.598205768433587,0.209055195583263,-2.86147286014392,0.00421677605049859,0.0155920594884009,"LINC01138","OPCs"
"FAM162A",8.43762272676612,-0.89343495453361,0.312242812004172,-2.86134674742063,0.00421845396517082,0.0155928193686419,"FAM162A","OPCs"
"LRPAP1",10.7666749919578,-0.762862350876227,0.266661761033655,-2.86078644316741,0.00422591607098798,0.0156095051244377,"LRPAP1","OPCs"
"ADCY6",5.14930626498558,-0.88400312757184,0.309001482916676,-2.86083781614154,0.00422523138991324,0.0156095051244377,"ADCY6","OPCs"
"ENSG00000290846",3.40870095590835,-0.967275302746131,0.338131771240698,-2.86064601145564,0.00422778820941258,0.0156109752920778,"LOC107985911","OPCs"
"GNAO1-DT",10.3766828137053,-0.595744469268384,0.208285324604685,-2.86023256990897,0.00423330429443054,0.0156258949034574,"GNAO1-DT","OPCs"
"ANKRD37",2.6516557227245,-1.06735464978532,0.373235719780719,-2.85973338889538,0.00423997300273265,0.0156450571773306,"ANKRD37","OPCs"
"ENSG00000242880",6.43821247591222,-0.806606203174557,0.282082198683277,-2.85947219264345,0.00424346619726087,0.0156524928697292,"ENSG00000242880","OPCs"
"PPFIBP2",18.2998178015385,0.671350907498508,0.234814291772153,2.85907174742983,0.00424882675249498,0.0156668089515744,"PPFIBP2","OPCs"
"DUSP10",6.75377106533069,0.615640458062296,0.215420007377706,2.85786109450301,0.0042650705159444,0.0157212310351031,"DUSP10","OPCs"
"GTPBP8",3.25271031220059,-0.890468756675032,0.311672762119563,-2.85706312806839,0.00427580788952302,0.0157553255219377,"GTPBP8","OPCs"
"LINC01619",8.97180061176438,1.68828473930812,0.591046593521798,2.85643256862092,0.00428430997997394,0.0157811626740605,"LINC01619","OPCs"
"ENSG00000269707",8.44109100141152,0.534065701006011,0.186984070564585,2.85620961931911,0.00428731976292163,0.0157812708687313,"POU3F3","OPCs"
"COPS6",11.8958671163194,-0.485608259390022,0.1700150960011,-2.85626553648436,0.0042865647092912,0.0157812708687313,"COPS6","OPCs"
"EVC",1.87975405706113,2.90232787308946,1.01668702119925,2.85469157427225,0.00430786417347724,0.0158513834597373,"EVC","OPCs"
"NIN",26.4465530415929,-0.476601893997651,0.166982606743631,-2.85420082541518,0.00431452477413533,0.0158703776860344,"NIN","OPCs"
"SUPT3H",48.4346139167012,-0.279993259751727,0.0981091057027257,-2.853896768768,0.00431865621172162,0.0158745467831072,"SUPT3H","OPCs"
"NR4A1",3.88551010962556,1.0819241010608,0.379096742764557,2.85395251135868,0.00431789852841235,0.0158745467831072,"NR4A1","OPCs"
"FAM124A",7.58587960746803,0.776378278408364,0.272090277329442,2.85338486192338,0.00432561996392136,0.0158946271401552,"FAM124A","OPCs"
"TRAPPC10",14.0123753286552,0.587771329845592,0.206003913314175,2.85320468135568,0.00432807348123207,0.0158981263150356,"TRAPPC10","OPCs"
"SVIL-AS1",21.237115151131,-0.462740221294081,0.162193539626292,-2.85301265611612,0.00433068967614792,0.0159022204127623,"SVIL-AS1","OPCs"
"SH3TC2",7.8747524061766,0.914748949536421,0.320671159488763,2.85260748423643,0.00433621453344944,0.0159169885300623,"SH3TC2","OPCs"
"MED13",31.5065520648652,0.33193450725656,0.116366919566411,2.8524816888972,0.00433793115756299,0.0159177723349245,"MED13","OPCs"
"SAAL1",4.4341472732671,0.816542782365645,0.28634032359459,2.8516513920049,0.00434927698914646,0.0159483529484283,"SAAL1","OPCs"
"AARS1",8.03469382121975,0.667409270495566,0.234035473031989,2.85174406191125,0.00434800934208823,0.0159483529484283,"AARS1","OPCs"
"AHDC1",8.18381948759964,-0.838095985670262,0.293934033933243,-2.85130637801748,0.00435399943911636,0.015960143323033,"AHDC1","OPCs"
"RWDD2A",2.59049394599608,-0.962976835542717,0.337904717242691,-2.84984726878224,0.0043740227388482,0.0160157120642801,"RWDD2A","OPCs"
"NSUN6",22.3884519863142,0.348939707926393,0.122445250342394,2.84976107240299,0.00437520821548276,0.0160157120642801,"NSUN6","OPCs"
"ZNF594-DT",5.79362139709448,-1.26086635437281,0.442421713476398,-2.84991969418804,0.0043730268823734,0.0160157120642801,"ZNF594-DT","OPCs"
"TIMM44",7.37239608290734,0.663169939107852,0.232687746375616,2.8500423827103,0.00437134037205067,0.0160157120642801,"TIMM44","OPCs"
"FTL",144.314349554432,0.354896948753173,0.124547503536034,2.84949066562779,0.00437892906598735,0.0160237936450608,"FTL","OPCs"
"IREB2",13.119508580204,0.508469386559817,0.178525002668817,2.84816904612001,0.00439715611234809,0.016084933758123,"IREB2","OPCs"
"NAPEPLD",27.9109054923674,-0.519313158664004,0.182393549732688,-2.84721230232702,0.00441039387387384,0.0161277869904434,"NAPEPLD","OPCs"
"ZNF664",3.68865094948867,0.904514583092674,0.317705148581592,2.84702525952418,0.00441298606487427,0.0161316956945179,"ZNF664","OPCs"
"ZMIZ2",7.82591645495128,0.739372450611813,0.259712863214212,2.84688421459501,0.00441494169313352,0.0161332755453016,"ZMIZ2","OPCs"
"ENSG00000291259",5.71213098996336,0.665961581863128,0.234049418613312,2.84538874656812,0.004435725150976,0.0162036320623787,"ENSG00000291259","OPCs"
"FRMD3",3.53977243095781,0.798683227191413,0.280779597073536,2.8445201699689,0.00444783696951265,0.0162422736231514,"FRMD3","OPCs"
"DHX9",20.6155778697406,0.448892518704756,0.157868966556074,2.84345003642823,0.00446280059181878,0.0162912989546228,"DHX9","OPCs"
"HARS2",5.33016318601734,0.680985017305096,0.239527261086188,2.84303763261444,0.00446857937966895,0.0163067731325617,"HARS2","OPCs"
"AP1S3",3.57560803745002,-0.842432525902237,0.296348300040913,-2.84271084324065,0.00447316331356647,0.0163178778817323,"AP1S3","OPCs"
"SV2A",15.0341751428294,-0.585479972882507,0.206141398195247,-2.84018628964556,0.00450871953265131,0.0164419214362181,"SV2A","OPCs"
"ENSG00000248994",8.44714646290364,-0.885519357352346,0.311806214272332,-2.83996699494556,0.00451182016936461,0.0164475647482173,"LOC124901165","OPCs"
"PRKN",99.5756030686449,-0.324799484389003,0.114373356551602,-2.83981771788311,0.00451393192237821,0.0164496005017155,"PRKN","OPCs"
"FCHO2",15.1737601830419,-0.415858998901348,0.146485308084695,-2.83891268236202,0.00452675422069479,0.0164849818422138,"FCHO2","OPCs"
"HSD17B4",24.7512902327337,-0.368544906052187,0.129814643236245,-2.83900873479647,0.00452539181240899,0.0164849818422138,"HSD17B4","OPCs"
"GCLC",12.3776106699604,0.50364166088657,0.17745598818336,2.83812153110422,0.00453799005679148,0.016520218185432,"GCLC","OPCs"
"ELMO1-AS1",13.1820729954842,1.04532645812172,0.368412610911112,2.83737968560997,0.00454854860241953,0.0165415967375079,"ELMO1-AS1","OPCs"
"RELN",4.59520099174145,-0.94901244570397,0.334442361487093,-2.83759641417493,0.00454546164743747,0.0165415967375079,"RELN","OPCs"
"ENSG00000258380",1.83781306383296,-1.79687193226575,0.633280466454331,-2.83740305827881,0.00454821560445779,0.0165415967375079,"ENSG00000258380","OPCs"
"NAP1L3",6.0873230642813,-1.20228384643836,0.424030753017329,-2.83536945818934,0.00457727172940996,0.0166403390368869,"NAP1L3","OPCs"
"SRRM3",9.64462106832461,-1.50896186914167,0.532562853090087,-2.83339677258041,0.0046056180464707,0.0167376441702556,"SRRM3","OPCs"
"MARCHF3",12.2280588329,0.96343554299202,0.340060772047953,2.83312755302503,0.00460949887498212,0.0167460010586829,"MARCHF3","OPCs"
"ERGIC1",11.7703105976168,0.526309421686102,0.185834256443606,2.83214425455416,0.00462369840057774,0.0167860699561599,"ERGIC1","OPCs"
"BLMH",5.40056420119167,-0.700243648166145,0.24724314947614,-2.83220647225141,0.00462279876050521,0.0167860699561599,"BLMH","OPCs"
"UFD1",6.49030689948809,0.790664627250812,0.279213451494398,2.83175693369729,0.00462930245334534,0.0168006555794816,"UFD1","OPCs"
"MRTFB",23.0391379025799,-0.764231414871818,0.26989105391737,-2.83162929552232,0.00463115056650979,0.0168016048301948,"MRTFB","OPCs"
"TGS1",7.24127083249034,0.569363458113822,0.201104238993581,2.83118576198683,0.0046375778233119,0.0168152738031797,"TGS1","OPCs"
"DDB1",11.2195517854697,0.541099422326737,0.191130100189777,2.83105288905028,0.00463950486041212,0.0168152738031797,"DDB1","OPCs"
"RABEP1",28.2139379261357,0.386727965428227,0.13660275757975,2.83104069258963,0.00463968178025412,0.0168152738031797,"RABEP1","OPCs"
"MSN",3.04072545516562,0.998882784066056,0.352955160816842,2.83005575482831,0.00465398930722108,0.016861357086374,"MSN","OPCs"
"NR2C2",15.0605899183764,0.426767316330579,0.1508657452761,2.82878870580959,0.00467245362139463,0.0169223070502864,"NR2C2","OPCs"
"BNIP2",7.50654958845546,0.595342532055628,0.210466388332288,2.82868222699623,0.00467400832125474,0.0169223070502864,"BNIP2","OPCs"
"ENSG00000289396",8.11391864582599,0.621657665692874,0.219817862329036,2.82805800723483,0.00468313199448432,0.0169437539533956,"ENSG00000289396","OPCs"
"G3BP1",14.4423223629395,0.401669799424623,0.142028218427907,2.82809855584092,0.00468253884173787,0.0169437539533956,"G3BP1","OPCs"
"EML1",3.20037971685767,0.848619248788636,0.300136154335407,2.82744759846656,0.00469206939380932,0.0169644980814069,"EML1","OPCs"
"ZNF565",44.3918130740722,1.03058564184239,0.364482929807629,2.82752786910027,0.00469089321715581,0.0169644980814069,"ZNF565","OPCs"
"PPP3R1",15.9960367210429,-0.4329162924453,0.153269932166013,-2.82453502997828,0.00473492722024182,0.0171136106697477,"PPP3R1","OPCs"
"SCHIP1",34.2206347398188,0.414838979574591,0.146891351508856,2.82412119783363,0.00474104533800112,0.0171240348326848,"SCHIP1","OPCs"
"BAZ2A",12.0932332678492,0.450594315934902,0.159549328592793,2.82416930180209,0.00474033379887354,0.0171240348326848,"BAZ2A","OPCs"
"PGM1",7.9430649952234,-0.738857026689765,0.261637761624847,-2.82396937697848,0.00474329165953065,0.0171263070829968,"PGM1","OPCs"
"GNG3",5.98248756402963,-0.830310418470924,0.294096874594108,-2.82325481906892,0.00475387710722441,0.017158677084358,"GNG3","OPCs"
"ENSG00000253500",6.52432239479212,2.42695275533693,0.859855887009581,2.82251106493836,0.0047649177721343,0.0171926675321643,"ENSG00000253500","OPCs"
"RSF1",33.6199611056201,0.313971260242045,0.111269644965042,2.82171530555962,0.00477675612221038,0.017229512034812,"RSF1","OPCs"
"ENSG00000259460",3.66550263806321,-0.801924468566833,0.284237801945856,-2.82131533201058,0.00478271649342934,0.01723926741505,"ENSG00000259460","OPCs"
"MMP24OS",6.19595956477251,0.748490203082248,0.265295915823017,2.82134084409191,0.00478233611373336,0.01723926741505,"MMP24OS","OPCs"
"NFIB",98.7219064417598,-0.334323314048247,0.118511257524765,-2.82102579139693,0.00478703540136954,0.0172446023674184,"NFIB","OPCs"
"COPS3",6.38750619200199,0.60689327935863,0.215134263010178,2.82099778467141,0.00478745334846175,0.0172446023674184,"COPS3","OPCs"
"REXO2",10.4710722776973,0.495056320925679,0.17551707271318,2.82055935227835,0.0047940004239466,0.0172623136652821,"REXO2","OPCs"
"SMARCC2",8.51211793370351,0.542568974196801,0.192385055377256,2.82022412360905,0.00479901183135799,0.0172744851441472,"SMARCC2","OPCs"
"PLXNB2",6.34805308563989,0.924484066890713,0.327883404260554,2.8195512638879,0.00480908486931976,0.0173048619660538,"PLXNB2","OPCs"
"LZIC",4.35844540809995,0.825941560940913,0.292949224289467,2.81940176815348,0.00481132548929395,0.0173070437947089,"LZIC","OPCs"
"TCF12",188.104128913123,0.416517195768679,0.147775753122498,2.81857603136969,0.00482371853760425,0.0173457315155277,"TCF12","OPCs"
"MAPT-AS1",3.92703376196234,0.975524661403378,0.346195214578792,2.81784559786674,0.00483470529749374,0.0173793377801964,"MAPT-AS1","OPCs"
"SOX5",206.20134256909,-0.778097324086111,0.276391287899066,-2.81520206371433,0.00487465732477194,0.0175170074887461,"SOX5","OPCs"
"ASCC1",11.552540776952,0.499818274825473,0.177555251460362,2.81500136275639,0.00487770270529478,0.017522005308369,"ASCC1","OPCs"
"COQ3",1.57915868972866,-1.31815882857726,0.468480153828529,-2.81369193082132,0.00489761394342375,0.0175875658395583,"COQ3","OPCs"
"RTKN",26.0643977054874,0.700297115421833,0.249078920573446,2.8115470944292,0.0049303872468814,0.0176992545574488,"RTKN","OPCs"
"REXO4",3.77785483041405,0.834371485620952,0.296794498719579,2.81127678990201,0.00493453156934298,0.0177081292169916,"REXO4","OPCs"
"ENSG00000291178",6.04725510744941,0.802890328470208,0.28585000098497,2.8087819685277,0.00497293129410668,0.0178398856384112,"PMS2P1","OPCs"
"LINGO3",11.6441443805922,1.63034581244511,0.580526155314253,2.80839338162561,0.00497893659857908,0.017855380487285,"LINGO3","OPCs"
"NCAN",7.69397117688114,-0.984561711212745,0.350634307570125,-2.80794460198633,0.00498588029423492,0.0178742289492037,"NCAN","OPCs"
"RASA3",8.97272029913317,0.552385479594038,0.196817980383573,2.80658036688269,0.00500704208090441,0.0179400573875226,"RASA3","OPCs"
"C19orf53",9.27991642359313,0.523867073980918,0.186659234808848,2.80654249181614,0.00500763074952943,0.0179400573875226,"C19orf53","OPCs"
"GABPA",7.49600873560088,-0.605784014990225,0.215900742999725,-2.80584497567475,0.0050184830035937,0.0179728559377941,"GABPA","OPCs"
"NHLRC2",16.0672887949868,-0.459348580625042,0.163761904817967,-2.804978246532,0.00503199757178756,0.018015163720497,"NHLRC2","OPCs"
"ITGB5",3.00307449966182,0.973392012419734,0.347038075700676,2.80485652893976,0.00503389809917365,0.0180158772795705,"ITGB5","OPCs"
"TCP1",8.03965274179287,0.577896588091589,0.206093010586094,2.80405718975208,0.0050463953047207,0.0180545021206055,"TCP1","OPCs"
"GIPR",1.21302277622795,2.59671118235972,0.926095747392484,2.80393381534363,0.00504832668895487,0.0180553122715407,"GIPR","OPCs"
"RFC1",15.5733711388887,0.626244855289389,0.223359902045472,2.80374789545662,0.00505123846363776,0.0180596270526414,"RFC1","OPCs"
"RABEP2",2.72289675797882,1.02654958239789,0.366233874120897,2.80298916877093,0.00506313696984085,0.0180960582216047,"RABEP2","OPCs"
"RPSA2",4.33759265281402,-0.86309519155319,0.30817250432443,-2.80068850868202,0.00509937144706071,0.0182194141782635,"RPSA2","OPCs"
"ANXA4",8.00523962536005,0.798055772348163,0.285132925140192,2.7988902788262,0.00512785586761729,0.0183149616373748,"ANXA4","OPCs"
"TNFRSF21",10.6964486905379,-0.995612236766623,0.355730519320508,-2.798782175531,0.00512957282497202,0.0183149616373748,"TNFRSF21","OPCs"
"CORO1C",19.3449348032676,0.678167314160748,0.242331864758039,2.79850656387214,0.00513395259560766,0.0183244212967594,"CORO1C","OPCs"
"DPP7",19.0545966173753,0.740083691618339,0.264475794424645,2.79830406872719,0.00513717261831852,0.0183297365323427,"DPP7","OPCs"
"ASXL3",14.5379384717276,-0.697843418843854,0.24947867115782,-2.79720673356641,0.00515465391041513,0.0183859161035016,"ASXL3","OPCs"
"ARHGEF37",4.0497909007618,0.967015858574037,0.345775340876562,2.79665940353813,0.00516339332669639,0.0184046904509306,"ARHGEF37","OPCs"
"LINC01422",3.95729659108541,-0.765200071876457,0.273606488595587,-2.7967175625264,0.00516246404573319,0.0184046904509306,"LINC01422","OPCs"
"SHQ1",5.19809457712503,0.760094266489199,0.271838001066068,2.79612954593668,0.00517186650763656,0.0184286898774802,"SHQ1","OPCs"
"SCAI",17.0540530082152,-0.507880991443286,0.181675361396194,-2.79554138513979,0.00518128675309158,0.0184560466583383,"SCAI","OPCs"
"BMP1",5.10561336663598,0.694464710352949,0.248458265629901,2.79509602384254,0.00518843017007165,0.0184752775726492,"BMP1","OPCs"
"MEGF8",3.80098877680893,0.841686916140269,0.301195583682399,2.79448624661044,0.00519822518627147,0.0185039343605428,"MEGF8","OPCs"
"ENSG00000290569",5.59749229115169,0.93340417365071,0.334065261977244,2.79407732526913,0.00520480315611417,0.0185211241341563,"ENSG00000290569","OPCs"
"ENSG00000237031",2.54417282638645,-1.36782740942938,0.489595266045409,-2.79379214688428,0.00520939502870124,0.0185223347494176,"ENSG00000237031","OPCs"
"PPP1R2",7.8387324504639,-0.55448264965484,0.198459575336502,-2.79393246062668,0.00520713527392989,0.0185223347494176,"PPP1R2","OPCs"
"TENM1",54.5891156521514,-0.648652888224612,0.232181637455629,-2.79373035410078,0.00521039048333475,0.0185223347494176,"TENM1","OPCs"
"IPP",3.20723221097233,1.05457455773484,0.377572035588899,2.79304201141384,0.00522149100832986,0.0185555670396689,"IPP","OPCs"
"CNOT2",42.1701409072631,0.260973803189032,0.093477144323391,2.79184612536059,0.00524082722350714,0.0186117908440445,"CNOT2","OPCs"
"ISCU",8.74945428468031,0.490578308889586,0.175717306922078,2.79186107209765,0.0052405851518739,0.0186117908440445,"ISCU","OPCs"
"PPA2",39.4770505024471,-0.372023162335463,0.133317595596348,-2.79050308904351,0.00526261980365525,0.0186822583644056,"PPA2","OPCs"
"RPS9",37.4730625579063,0.377723347336022,0.135365013518997,2.79040601050886,0.00526419820201949,0.0186822583644056,"RPS9","OPCs"
"NRGN",6.02418311055086,-2.52634355981336,0.905839484290886,-2.78895279310004,0.00528787721059731,0.0187600065863402,"NRGN","OPCs"
"OAT",10.3406368878317,-0.548555763809319,0.196737000739582,-2.78826942439482,0.00529904537612094,0.0187910416471351,"OAT","OPCs"
"MPPED1",2.70630243823061,-2.7200236059102,0.975548085529707,-2.78820044471029,0.00530017388101913,0.0187910416471351,"MPPED1","OPCs"
"ARPC2",13.5346786498734,0.671586971098861,0.240966339284541,2.78705720098868,0.0053189089414896,0.0188511531761629,"ARPC2","OPCs"
"SLC9A3-AS1",4.94838134693052,-0.830145078953179,0.297874064000392,-2.78689949639955,0.00532149803570378,0.0188540194707605,"SLC9A3-AS1","OPCs"
"MAPK8IP3",20.8533950232085,0.609707711803169,0.218785695716334,2.78678050595083,0.00532345229898137,0.0188546354000711,"MAPK8IP3","OPCs"
"PUS7L",23.3659594230822,-0.497383271135727,0.178497791123643,-2.78649538464707,0.00532813768294424,0.0188649207831426,"PUS7L","OPCs"
"MYO1E",12.5740111998301,0.969630120316343,0.348020351661138,2.78613051129968,0.00533413906066353,0.0188798571699287,"MYO1E","OPCs"
"SAP130",7.96705603181503,0.649002285322432,0.232988328367135,2.78555707005098,0.005343583266504,0.0189069651828524,"SAP130","OPCs"
"SLC7A10",2.97140286529305,-1.06800139644769,0.383500278811218,-2.78487775747726,0.00535479064238291,0.0189402915507131,"SLC7A10","OPCs"
"FAXDC2",19.1289468711596,0.448101237212114,0.160914748042123,2.7847120457524,0.00535752779178469,0.0189436458480801,"FAXDC2","OPCs"
"NECAB1",22.7985071245236,0.767370143418033,0.275582165103699,2.78454210971628,0.00536033602849908,0.0189472491795078,"NECAB1","OPCs"
"TMEM116",3.22259192941489,1.0429851051903,0.374578929680615,2.78442011161601,0.00536235289807954,0.0189480537840048,"TMEM116","OPCs"
"RARS1",13.1942536139657,0.72623480285851,0.260838355668809,2.78423317382288,0.00536544467856838,0.0189526548185587,"RARS1","OPCs"
"HDX",8.00070582571072,-0.574294046776441,0.206317454097444,-2.78354562530227,0.00537682995623809,0.0189865385917177,"HDX","OPCs"
"STX3",5.75686133029514,0.839016252142835,0.301487903842604,2.78291845692375,0.00538723440532464,0.0190106005839347,"STX3","OPCs"
"ENSG00000256654",6.85128202302389,-1.05645767486148,0.379621711199067,-2.78292216618635,0.00538717281687825,0.0190106005839347,"ENSG00000256654","OPCs"
"LRRC8A",6.24977455361585,0.791800974208278,0.284553530060878,2.78260815825717,0.00539238884355376,0.0190224509837556,"LRRC8A","OPCs"
"ZNF738",5.35331335070382,0.801792451669904,0.288206714325529,2.78200476191641,0.00540242474083116,0.0190515078273067,"ZNF738","OPCs"
"DHX38",5.46664025302385,0.673394540970428,0.242101370820814,2.78145695205016,0.0054115507064819,0.0190773375438227,"DHX38","OPCs"
"GCDH",5.34766736252845,0.661704467283292,0.23802441427989,2.77998569720332,0.00543612927008697,0.0191576069784429,"GCDH","OPCs"
"PCSK5",21.199445452246,-0.730966524530072,0.262975473071707,-2.77959961813912,0.00544259571999417,0.0191676384019748,"PCSK5","OPCs"
"KARS1",3.92118203643735,0.845176127319576,0.304063701092891,2.77960218296947,0.00544255273867086,0.0191676384019748,"KARS1","OPCs"
"RC3H1",21.815374605933,0.435781917924484,0.156808844262775,2.77906466292306,0.00545156717785309,0.0191744776682636,"RC3H1","OPCs"
"FZD3",12.6590168928024,-0.748995218814076,0.269498322145736,-2.77922034115316,0.0054489550024019,0.0191744776682636,"FZD3","OPCs"
"ATP5F1D",14.3974769329323,0.510212807493571,0.183573710985619,2.77933482280336,0.00544703479872514,0.0191744776682636,"ATP5F1D","OPCs"
"CDKL5",11.1006899153296,-0.792270249296986,0.285086517865535,-2.77905197070971,0.00545178019444208,0.0191744776682636,"CDKL5","OPCs"
"RCL1",8.0062550472509,0.599739654627001,0.215850261574775,2.77849862331178,0.00546107446989349,0.0192007897198446,"RCL1","OPCs"
"SYCP2",4.66295892181557,-0.779664366634943,0.280707438620994,-2.77749806155879,0.00547791668277622,0.0192536135647528,"SYCP2","OPCs"
"ZFP36",4.81896175020533,1.82587442723131,0.657444735191709,2.77722876083096,0.00548245775706351,0.0192631810375921,"ZFP36","OPCs"
"DELEC1",5.32274527831077,3.04343129883073,1.09607314090087,2.77666807557139,0.00549192319630055,0.0192853523003582,"DELEC1","OPCs"
"LHFPL6",42.0406873875878,-0.593029586652023,0.213578189735403,-2.77663925977981,0.00549241006023422,0.0192853523003582,"LHFPL6","OPCs"
"PDZD8",9.80003140266837,0.49769771940163,0.179270847278881,2.7762334309013,0.00549927097576957,0.0193030426361948,"PDZD8","OPCs"
"LINC00869",7.00040118863627,-0.630563127736476,0.22720124664589,-2.77535065077903,0.00551422191758475,0.0193397503565977,"LINC00869","OPCs"
"SORBS1",48.6503920530055,0.716551242601623,0.258186984908536,2.77531899160396,0.00551475878450336,0.0193397503565977,"SORBS1","OPCs"
"TYK2",6.05231131935506,0.998156541119754,0.359658135708873,2.77529254037983,0.00551520737270302,0.0193397503565977,"TYK2","OPCs"
"PCGF2",3.65782101539257,-1.13059426232126,0.407408715574943,-2.77508609683457,0.00551870959520896,0.0193456254926392,"PCGF2","OPCs"
"SUPT16H",8.57253073495372,0.635789445485819,0.229122406108938,2.77488987778667,0.00552204022402491,0.0193508954243626,"SUPT16H","OPCs"
"AMFR",9.92895967555023,0.536006498738322,0.193175372747626,2.7747144530612,0.00552501942508381,0.0193549307679913,"AMFR","OPCs"
"ENSG00000291136",14.2423012524147,0.594500647015214,0.214276215492995,2.77445933813708,0.00552935457664282,0.019357310732776,"RABGEF1P1","OPCs"
"HDAC5",8.50688601644589,0.537463857824635,0.19371293788951,2.7745377447695,0.00552802189112638,0.019357310732776,"HDAC5","OPCs"
"YTHDC1",18.6033528951688,0.417374673765097,0.150452343774741,2.77413208258156,0.00553492010383636,0.0193703912424412,"YTHDC1","OPCs"
"LINC00621",1.68423639455009,-1.84301336223734,0.664534995721034,-2.77338796918833,0.00554759381542695,0.0194083311877672,"LINC00621","OPCs"
"HACD1",2.07286608979935,1.08433237030732,0.391043254415711,2.77292181379654,0.00555554669218162,0.0194297356242415,"HACD1","OPCs"
"SLC22A23",23.0972330509643,0.41285591167744,0.148968766764108,2.7714259884503,0.00558113584659801,0.0195127859410607,"SLC22A23","OPCs"
"RBM17",11.0607914400461,0.444669025655877,0.16053578042106,2.76990602649192,0.00560724679782901,0.0195976051448875,"RBM17","OPCs"
"KIF22",5.06378815047711,0.628750893469094,0.22700377543591,2.76978165786766,0.00560938815780188,0.0195986211122144,"KIF22","OPCs"
"SLC26A2",5.75691842597229,0.766529555445352,0.276832861069762,2.7689254537314,0.00562415018446017,0.0196437171680189,"SLC26A2","OPCs"
"MSMO1",9.92979473303675,0.528270561452191,0.190846258650402,2.76804253427829,0.00563940951306991,0.0196905198626477,"MSMO1","OPCs"
"TRIM8",6.08824333882037,0.684161584482467,0.247178470518512,2.76788501461023,0.00564213581818008,0.0196935459177743,"TRIM8","OPCs"
"CTNNB1",22.3334991185134,0.625871689738071,0.22614769089189,2.76753517698869,0.00564819496015954,0.0197081992184809,"CTNNB1","OPCs"
"PIEZO1",8.68950177115898,0.863168962634023,0.312016498591603,2.76642089931219,0.00566753324709966,0.0197691624133022,"PIEZO1","OPCs"
"ATP5ME",39.1171843894943,0.594679903307155,0.214973447676519,2.76629467375896,0.00566972765302717,0.0197703048553038,"ATP5ME","OPCs"
"OXA1L-DT",3.74564850271745,-0.789859266395219,0.285617687000904,-2.76544241601088,0.00568456405045184,0.0198155145800806,"OXA1L-DT","OPCs"
"CCNYL1",2.38683910132414,1.12347991329295,0.406377691383583,2.76462004955999,0.00569891327748098,0.019858996909682,"CCNYL1","OPCs"
"AKR1C3",3.88028724219339,-1.41504763636006,0.512046456862505,-2.76351416437987,0.00571826104155454,0.0199198632993627,"AKR1C3","OPCs"
"P2RX7",35.8279302007136,0.43535919170931,0.157669951128097,2.76120585180881,0.00575883659527491,0.0200546134639794,"P2RX7","OPCs"
"PARD3B",30.4499016943105,-0.47794063437782,0.173142390471705,-2.76039064192038,0.00577322828536123,0.0200954533183127,"PARD3B","OPCs"
"PRKAR2A",15.2983178678023,0.435029230064142,0.15760063360648,2.76032665674674,0.00577435924906757,0.0200954533183127,"PRKAR2A","OPCs"
"SEPTIN4",38.0043276915312,0.399072298292323,0.144647467760298,2.75893041524684,0.00579908817426107,0.0201748829715587,"SEPTIN4","OPCs"
"GASK1A",5.63346761318119,-0.851684413498471,0.30882890476498,-2.7577872419248,0.00581940603998068,0.0202189993318226,"GASK1A","OPCs"
"DDX21",4.86583122732302,0.760965676859293,0.275909906560424,2.75802230643227,0.00581522295391564,0.0202189993318226,"DDX21","OPCs"
"ACTR6",6.7862991358273,-0.683393173804771,0.247804385900655,-2.75779289103763,0.00581930547949319,0.0202189993318226,"ACTR6","OPCs"
"ENSG00000258081",18.6641830056234,-1.17105652086444,0.42461603256263,-2.75791875732275,0.00581706532598824,0.0202189993318226,"ENSG00000258081","OPCs"
"INTS10",24.6285530886244,0.329338410950908,0.119429842014504,2.7575889358617,0.00582293710125769,0.0202246323064345,"INTS10","OPCs"
"ATP6V0E2",18.2894357979087,-0.554723481569612,0.201206800074226,-2.75698177877176,0.00583376022608517,0.020255580588276,"ATP6V0E2","OPCs"
"CS",6.39538224434966,0.550886020672528,0.199842286517189,2.75660387134904,0.00584050592159114,0.0202723558537037,"CS","OPCs"
"STON1",2.00452538919218,1.06558229397675,0.386628671156764,2.75608710235742,0.00584974169584541,0.0202911118765158,"STON1","OPCs"
"NR2F1-AS1",21.9619729848553,-0.751215354401243,0.272564699292594,-2.75609921736353,0.00584952502398777,0.0202911118765158,"NR2F1-AS1","OPCs"
"GIHCG",3.54863990972381,-0.941050044161032,0.341468658361791,-2.75588995100094,0.00585326868303515,0.0202966978891101,"GIHCG","OPCs"
"KDM6A",26.0851313838918,0.684310473174914,0.248319757380454,2.75576329646003,0.00585553551147514,0.0202979119694016,"KDM6A","OPCs"
"IZUMO4",4.09035871062454,0.943585775474261,0.342445592924236,2.75543267301741,0.00586145664937245,0.0203117885853581,"IZUMO4","OPCs"
"ELAVL3",20.1945616257071,0.430416305459815,0.156223040930103,2.7551397213705,0.00586670763199093,0.0203233345838351,"ELAVL3","OPCs"
"BUB3",7.72914173370107,0.631901334868719,0.229409644506025,2.7544671725958,0.00587877871057741,0.0203584913489257,"BUB3","OPCs"
"DYNLT2",2.68741308282333,0.925463490254622,0.336000795079125,2.75434910812245,0.00588090007061243,0.0203591800417737,"DYNLT2","OPCs"
"ANKRD20A11P",3.03220523741644,-1.34729138816338,0.489190740352488,-2.75412283395346,0.00588496765037839,0.0203666037312115,"ANKRD20A11P","OPCs"
"TNR",343.944204872261,-0.641830012680715,0.233152742531697,-2.75283063673788,0.00590824524643939,0.0204218389444508,"TNR","OPCs"
"SNAP47",3.692461841072,1.17090171517925,0.425316231418797,2.75301441300109,0.00590492965341277,0.0204218389444508,"SNAP47","OPCs"
"WARS1",4.45265189738547,1.13054609074304,0.41069348577514,2.75277336968045,0.00590927877089044,0.0204218389444508,"WARS1","OPCs"
"PLA2G6",5.67110411054911,0.644020918493239,0.23395956298081,2.75270183568458,0.00591057000611348,0.0204218389444508,"PLA2G6","OPCs"
"NUP50-DT",6.24824565783091,-0.701839783605319,0.254955438123656,-2.75279393438518,0.00590890761162659,0.0204218389444508,"NUP50-DT","OPCs"
"CHFR",8.11363946843256,0.498680306246749,0.181230779784405,2.7516314107349,0.00592992226978272,0.0204820211470969,"CHFR","OPCs"
"RPS5",19.3922295134327,0.52635072997016,0.191329076813864,2.75102320428914,0.00594094348581473,0.0205133979506938,"RPS5","OPCs"
"PGM2L1",4.65649897136944,-1.54681529222011,0.562494761867087,-2.74991946073554,0.00596099141000152,0.020575912331133,"PGM2L1","OPCs"
"FADS2",10.5809227828448,0.499318529011322,0.181788174976966,2.74670521927286,0.00601972124036418,0.0207718631265744,"FADS2","OPCs"
"ENSG00000287720",14.5428283644355,-0.717467081175634,0.261228396860536,-2.74651259127342,0.00602325739290461,0.0207772950458827,"ENSG00000287720","OPCs"
"ENSG00000257759",3.92295086716921,-0.88807953018417,0.32352395743705,-2.74501937111402,0.00605073260145718,0.0208652745846407,"ENSG00000257759","OPCs"
"BMI1",6.62078328175717,0.600202061340999,0.218683284043876,2.7446179252575,0.00605813842500631,0.0208840123440159,"BMI1","OPCs"
"DNAH6",3.41994281452599,-2.38386941203337,0.868697909207192,-2.74418688794703,0.0060660992375008,0.0208978500081761,"DNAH6","OPCs"
"KY",2.88526699880626,-1.58975188017469,0.579312633561295,-2.74420371328996,0.00606578831420019,0.0208978500081761,"KY","OPCs"
"CEP135",2.76860395745702,0.979105131803825,0.356892479075341,2.7434176655685,0.00608032939454086,0.020940061231931,"CEP135","OPCs"
"ENSG00000270207",20.3153861796579,-0.463353482023241,0.168905110622606,-2.74327686305796,0.00608293741064909,0.0209422325028524,"ENSG00000270207","OPCs"
"STT3B",20.4836544479254,0.333386925961802,0.121535683991839,2.74311967491118,0.00608585012017815,0.0209454510148478,"STT3B","OPCs"
"ENSG00000287373",2.35659685539961,-1.40994014337803,0.514011976125737,-2.74301029716305,0.00608787764015899,0.0209456219003521,"ENSG00000287373","OPCs"
"ENSG00000288061",6.56233607684552,-0.569087322186951,0.207500452870745,-2.74258351880052,0.00609579459054022,0.0209660489489512,"ENSG00000288061","OPCs"
"GCLM",4.12779183681802,0.800272673047825,0.291835461337967,2.74220504039792,0.00610282330978252,0.0209834087177263,"GCLM","OPCs"
"ENSG00000257176",6.4452178997054,1.12471964903934,0.410525843853384,2.73970485872997,0.00614943782608595,0.021136821349643,"FAR2-AS1","OPCs"
"RIMBP2",4.19406825541123,-1.42709139170264,0.521214568557374,-2.73801132545578,0.00618119472277203,0.0212390824510564,"RIMBP2","OPCs"
"MFN2",5.35568934086964,0.775112528687857,0.283113495643738,2.73781554258098,0.00618487552209245,0.02124483677553,"MFN2","OPCs"
"ENSG00000226647",4.69878245559322,0.727142330408996,0.265618043729135,2.7375487003831,0.00618989544427434,0.0212551857181794,"ENSG00000226647","OPCs"
"ISG15",5.2765940654162,-1.03229703757643,0.377203174486819,-2.73671354696541,0.00620563033968646,0.0213023096587616,"ISG15","OPCs"
"MAPKAPK5",6.78575889290225,0.614602078494575,0.22462136889712,2.73616923230519,0.00621590499780971,0.0213237557262082,"MAPKAPK5","OPCs"
"ATAD5",4.31327674988822,0.921154495135522,0.336649997967119,2.73623793464419,0.00621460730637186,0.0213237557262082,"ATAD5","OPCs"
"LRP12",8.14679196792779,-0.601333542257417,0.219809053231464,-2.7357087136179,0.00622460985448192,0.0213467028364519,"LRP12","OPCs"
"CAV2",2.65737271538178,1.27423008945914,0.465816452950371,2.73547677714788,0.00622899813875998,0.0213479256600221,"CAV2","OPCs"
"DNAAF9",36.9189611913865,-0.28612800046309,0.104597339921146,-2.73551890209443,0.00622820091943309,0.0213479256600221,"DNAAF9","OPCs"
"RBM48",6.70003208761525,0.791361390699384,0.289331438058535,2.73513793042871,0.00623541419327836,0.0213569015617889,"RBM48","OPCs"
"PYGB",10.3746124929818,0.73821231336816,0.269900714327843,2.73512545235975,0.00623565057875839,0.0213569015617889,"PYGB","OPCs"
"KCNQ1OT1",45.4989392638605,-0.383126042297037,0.140081946305998,-2.73501370019608,0.00623776797988324,0.0213572463326749,"KCNQ1OT1","OPCs"
"BCAS2",5.58721385733765,0.627531589955109,0.229466731380137,2.7347388712115,0.0062429779991233,0.0213681761508454,"BCAS2","OPCs"
"LINC01376",4.50496308724477,-0.835833487673017,0.305751408101738,-2.7337028236838,0.00626265391637952,0.0214233174264337,"LINC01376","OPCs"
"MTERF4",7.65499550623102,0.552145618517108,0.201979057079057,2.73367757282375,0.00626313415979593,0.0214233174264337,"MTERF4","OPCs"
"KDM2A",24.4022999233842,0.481679320681572,0.176243338830825,2.7330356079099,0.00627535476263028,0.0214537925138006,"KDM2A","OPCs"
"DIS3L",5.27533185087889,0.796839631570773,0.291562598340797,2.73299674274193,0.00627609529818264,0.0214537925138006,"DIS3L","OPCs"
"TUBGCP2",9.19864194072547,0.537495670620975,0.196700855588252,2.73255380111868,0.00628454065112295,0.0214757294273611,"TUBGCP2","OPCs"
"PRANCR",29.0359956718721,0.554807209475812,0.203045125029051,2.73243304608487,0.0062868448025767,0.021476673051383,"PRANCR","OPCs"
"SGF29",3.27964098388832,0.80250921908929,0.293802948818474,2.73145392963744,0.00630555562088682,0.0215336452838411,"SGF29","OPCs"
"PPP4R4",6.3327425555981,-0.915248944789347,0.335183250585003,-2.7305927226135,0.00632205461744612,0.0215830297868325,"PPP4R4","OPCs"
"SERINC3",12.6146148952193,0.441412648930488,0.161670870344242,2.73031652511425,0.00632735422954089,0.0215941609058453,"SERINC3","OPCs"
"PREP",6.00463431999781,-0.668226486965695,0.244797360863652,-2.72971279023668,0.00633895247562394,0.0216267740711526,"PREP","OPCs"
"GANAB",7.96439464483672,0.693275175698409,0.25403174221336,2.72908877315076,0.00635096046473738,0.0216607637106502,"GANAB","OPCs"
"RAF1",18.6777126490841,0.392933168593108,0.144016623841225,2.72838758549366,0.00636447787230284,0.0216998778711163,"RAF1","OPCs"
"KANTR",17.5896895066762,-0.449418387529194,0.16474610913891,-2.7279453814005,0.0063730159342509,0.0217219950897062,"KANTR","OPCs"
"RAB2B",4.98903024179211,0.644155770001025,0.236157798727262,2.72764978955855,0.0063787289579475,0.0217344722215779,"RAB2B","OPCs"
"SLX4IP",11.740367885353,-0.451153313305252,0.165472329293435,-2.72645774209906,0.0064018149393921,0.0218061177896952,"SLX4IP","OPCs"
"MAP4K4",89.6314369025019,0.308971955637488,0.11334780258515,2.72587512585769,0.00641312560055839,0.02183762061412,"MAP4K4","OPCs"
"LTO1",4.69723749022019,0.669220116139661,0.245577795188841,2.72508398255247,0.00642851330127954,0.0218829816330924,"LTO1","OPCs"
"TPST1",29.6491429833771,0.802173504871824,0.294400616012387,2.72476843199973,0.00643466000621983,0.0218968667949447,"TPST1","OPCs"
"ENY2",10.0307160628104,-0.600583902373858,0.220435952877993,-2.72452789362482,0.00643934907729154,0.0219057843650875,"ENY2","OPCs"
"WWOX",213.226594745996,-0.352124930449105,0.129258949137299,-2.72418221561648,0.00644609313095274,0.0219216847324308,"WWOX","OPCs"
"CNOT11",3.62697248225283,0.835287500774667,0.306945296126319,2.72129109426364,0.00650274716257093,0.0221072527934594,"CNOT11","OPCs"
"SETD2",28.5771252083658,0.330110583302304,0.121313037376677,2.7211467987345,0.00650558645778612,0.0221098076341319,"SETD2","OPCs"
"VPS8",25.8196874153026,0.31212427145859,0.114750525792488,2.7200247606972,0.00652770281494323,0.0221778546070737,"VPS8","OPCs"
"CSNK1A1",52.3186024582923,0.260084717850741,0.0956538742297966,2.71901917141296,0.00654758130123457,0.0222382572097736,"CSNK1A1","OPCs"
"NRBP1",9.18270941915232,0.538230046452082,0.197988521602303,2.71849116350905,0.0065580407435827,0.0222666404214623,"NRBP1","OPCs"
"ZNF76",6.39505373499926,-0.706683078633263,0.259988912191371,-2.71812775659099,0.00656524829089661,0.0222768277477075,"ZNF76","OPCs"
"LINC02987",6.42504211717922,-0.839917640495475,0.308994689928749,-2.71822677823089,0.00656328366227167,0.0222768277477075,"LINC02987","OPCs"
"KCNT2",42.1027879826105,-0.930142223913862,0.342255880753806,-2.71768076523699,0.00657412336040203,0.0222997970488973,"KCNT2","OPCs"
"STIM1",9.09700366848081,-0.562390214976809,0.206968944742272,-2.71726860122481,0.00658231648815108,0.0223204391961319,"STIM1","OPCs"
"ASL",4.17154638229516,0.91769253314794,0.337746730371947,2.71710264119307,0.0065856180868036,0.0223244864082107,"ASL","OPCs"
"RAD51B",29.4812436788844,-0.538108831558881,0.198115022190231,-2.71614350900753,0.00660472819324279,0.0223821029012612,"RAD51B","OPCs"
"RPS28",46.0704041290093,0.428287380203174,0.157701665206905,2.71580759557142,0.00661143283826567,0.022397656352282,"RPS28","OPCs"
"ENSG00000259986",2.91411499623588,-0.850422260911562,0.313175676478504,-2.71547992000565,0.00661797895596589,0.0224126629816689,"ENSG00000259986","OPCs"
"NAA60",7.76082602825672,0.534364419479064,0.196801958220703,2.71523934167262,0.00662278880378851,0.0224217817877622,"NAA60","OPCs"
"JADE2",5.34884129212731,1.02501454944869,0.377593537714744,2.71459770114775,0.00663563240445194,0.0224580847437348,"JADE2","OPCs"
"POLR2F",44.9902784689557,0.643739471737392,0.237241394862417,2.713436548924,0.0066589319210834,0.0225297409087135,"POLR2F","OPCs"
"SDHAF3",3.47571571318154,-0.885620257739645,0.326408271762587,-2.71322859851971,0.00666311238172317,0.0225366848043591,"SDHAF3","OPCs"
"INTS6",19.7680065265794,-0.333195621453583,0.122819820258627,-2.71288152638523,0.00667009488460835,0.0225530986040876,"INTS6","OPCs"
"PAK4",4.34994394025893,0.801381393545596,0.295480711722782,2.7121276000494,0.00668528527414528,0.0225972457878067,"PAK4","OPCs"
"STRIP2",3.80908880190077,-1.15635824765499,0.426440549545862,-2.71165171531286,0.00669488958095981,0.0226186269840296,"STRIP2","OPCs"
"ARHGEF18",6.31090903713009,0.817073825189447,0.301325068620442,2.7116025524536,0.00669588249243935,0.0226186269840296,"ARHGEF18","OPCs"
"SRP54",12.4787415606165,0.555048438165155,0.204766809758794,2.71063674244364,0.00671541521541768,0.0226773747229825,"SRP54","OPCs"
"SPTLC2",18.6807180977269,0.438250083434968,0.161714537714604,2.71002279466301,0.0067278584229783,0.022698648518718,"SPTLC2","OPCs"
"ARL17B",19.5660708039998,-0.719370241165391,0.265449425526547,-2.71000865697277,0.00672814520304588,0.022698648518718,"ARL17B","OPCs"
"CARM1",5.92310553108324,-0.827562726792686,0.305361550682693,-2.71010782117956,0.00672613390974,0.022698648518718,"CARM1","OPCs"
"KCNH1",12.4274711277581,-1.17828257664237,0.434856102117593,-2.70959191075982,0.0067366037494459,0.0227199470403287,"KCNH1","OPCs"
"SLC16A9",2.7663531530252,-0.865388289479886,0.319464956710607,-2.70886765919623,0.00675132636180453,0.0227623515350239,"SLC16A9","OPCs"
"CEND1",7.83639731982544,-1.2940805446955,0.477943506236644,-2.70760147969196,0.00677713479251077,0.022842093396782,"CEND1","OPCs"
"NCKAP5L",6.35975046297246,0.86583033825625,0.319810434664671,2.70732360300906,0.00678281058040609,0.0228539497443527,"NCKAP5L","OPCs"
"PRPF6",6.61295310798041,0.668495771954291,0.246956464149135,2.70693773599946,0.00679069921631357,0.0228732521312852,"PRPF6","OPCs"
"SLC7A14-AS1",34.4731912687107,0.969258781007312,0.358100480178274,2.70666707993461,0.00679623740729739,0.0228738645129611,"SLC7A14-AS1","OPCs"
"PKIA",14.9199249527465,-0.767405178255636,0.283518213986837,-2.70672267387824,0.00679509950743472,0.0228738645129611,"PKIA","OPCs"
"RNASE1",40.6562711884083,0.532923179926296,0.196896762684933,2.7066121995061,0.00679736087084877,0.0228738645129611,"RNASE1","OPCs"
"ATXN2L",9.38033023929399,0.590725980347831,0.218295260687434,2.70608706065159,0.00680811949061846,0.0229027907895964,"ATXN2L","OPCs"
"SEC61A2",5.61309698935109,-0.679719164121746,0.251239164350381,-2.70546658551134,0.00682085100262236,0.0229365524789653,"SEC61A2","OPCs"
"EVL",28.969602522271,-0.638160786690828,0.235885219537113,-2.70538691632785,0.00682248728127862,0.0229365524789653,"EVL","OPCs"
"RNF111",19.1122665960347,0.481406283289381,0.177970232486435,2.70498204426447,0.00683080816344312,0.0229572384801215,"RNF111","OPCs"
"CHD6",41.8919274962821,-0.288677596242621,0.106735850841238,-2.70459825791812,0.00683870411220835,0.0229764836764868,"CHD6","OPCs"
"RDX",50.9788429886693,0.545603253583778,0.201790528016235,2.70381002987356,0.00685494669286413,0.0230237505478691,"RDX","OPCs"
"SLC12A5",3.40041464014019,-1.87132994444907,0.692367228575061,-2.70279970977309,0.00687581648574559,0.0230865239645041,"SLC12A5","OPCs"
"MPZL1",19.8477447923268,-0.664762400879909,0.245966574671059,-2.70265340633752,0.00687884334647626,0.0230893664149552,"MPZL1","OPCs"
"APMAP",10.4947955868151,-0.557609568015746,0.206503044017879,-2.70024866058376,0.00692876679401685,0.0232495691852467,"APMAP","OPCs"
"NEMF",28.4528964177836,0.305164923694735,0.113026519542671,2.69994090704993,0.00693517931189929,0.02326371520843,"NEMF","OPCs"
"SRSF10",25.6696785132909,0.563490928337683,0.208713105022024,2.69983491586799,0.00693738903493503,0.0232637586700323,"SRSF10","OPCs"
"ENSG00000249207",6.21969358551787,0.910831299382184,0.337421945610666,2.69938369815799,0.0069468031808792,0.0232805840776933,"ENSG00000249207","OPCs"
"TGFB1",4.23634876654619,1.22914508187556,0.455329358882415,2.69946371323923,0.0069451329203663,0.0232805840776933,"TGFB1","OPCs"
"LINC00463",2.86245706321279,1.59051901765051,0.589274686300785,2.69911308703095,0.00695245467840489,0.0232921528137639,"LINC00463","OPCs"
"ENSG00000272335",2.33622606620192,-1.23809017788876,0.458733734000751,-2.69892987178208,0.00695628332690144,0.0232976092447458,"ENSG00000272335","OPCs"
"BEND6",10.7405401735633,-0.591729656676132,0.219257903110718,-2.69878370759264,0.00695933907745369,0.0233004744958061,"BEND6","OPCs"
"PPP5C",5.56203769909729,0.777312246487432,0.288049637576052,2.69853575595006,0.00696452558332056,0.0233104696357031,"PPP5C","OPCs"
"TXNDC12",4.30669428740539,0.719195101608715,0.266533183953749,2.69833230872113,0.00696878376485234,0.0233173523127287,"TXNDC12","OPCs"
"PPP2CB",12.12700456748,0.497001950515117,0.184221865110251,2.69784452685721,0.00697900263944188,0.0233441686518287,"PPP2CB","OPCs"
"PDPN",3.58177764468063,-0.928052193924554,0.344028049740108,-2.69760618247739,0.00698400077132605,0.0233461389420274,"PDPN","OPCs"
"ZNF568",6.48570726116801,-0.663284144007577,0.245871749550855,-2.69768342731211,0.0069823805788552,0.0233461389420274,"ZNF568","OPCs"
"CSMD3",275.706513573156,-0.545870339324898,0.202397104010342,-2.69702643224088,0.00699617167901501,0.0233794440141272,"CSMD3","OPCs"
"POU6F1",6.1015483829229,0.623645817387774,0.231309371193091,2.69615456637584,0.00701451094187685,0.0234333346607179,"POU6F1","OPCs"
"LCA5",4.58305170990102,-0.696264156438401,0.25827692617727,-2.69580471915837,0.00702188193242485,0.0234394071200786,"LCA5","OPCs"
"ZNF12",4.38877601071704,0.758082053222383,0.281242697784663,2.69547283962842,0.00702888078699681,0.0234394071200786,"ZNF12","OPCs"
"ENSG00000255910",4.63396315505942,-1.85703150378226,0.688871439273679,-2.69575917640052,0.00702284199204741,0.0234394071200786,"ENSG00000255910","OPCs"
"MT2A",64.6783900960537,0.64696947815925,0.240023846801633,2.6954383357331,0.00702960878313217,0.0234394071200786,"MT2A","OPCs"
"SGK2",3.52012689247074,1.40987866282125,0.523043770078165,2.69552711164222,0.00702773584121554,0.0234394071200786,"SGK2","OPCs"
"CBX6",6.28753936550007,0.687371851000161,0.255002872883171,2.69554551769728,0.00702734757718309,0.0234394071200786,"CBX6","OPCs"
"HARS1",12.8221089148177,0.460199079376379,0.17075093715132,2.69514819100845,0.00703573321276259,0.023452444042542,"HARS1","OPCs"
"BTBD17",3.94750876005195,1.1061073712562,0.41043074900479,2.69499147892374,0.00703904311354072,0.0234560939497785,"BTBD17","OPCs"
"RO60",12.1017918739914,-0.421853080768553,0.156544278251432,-2.69478441167296,0.00704341870527061,0.0234632916290707,"RO60","OPCs"
"DNAH11",7.83440382109792,-1.08973299087428,0.404451288185619,-2.69434916566309,0.00705262396489163,0.0234865684868561,"DNAH11","OPCs"
"DMXL2",20.0710487002306,-0.658229403078047,0.244314266341935,-2.69419143193549,0.00705596262905303,0.0234902999816635,"DMXL2","OPCs"
"UBTF",6.85240775200886,0.677806223810992,0.251609439464416,2.69388233308652,0.00706250927229049,0.023504705591941,"UBTF","OPCs"
"ACADSB",8.91298363895557,0.716733511698403,0.266140233732233,2.69306711596082,0.00707980155411056,0.0235548534269654,"ACADSB","OPCs"
"NDUFB5",4.80957739802334,-0.678319423859699,0.251902025735838,-2.69279066684057,0.00708567418338391,0.0235651294206342,"NDUFB5","OPCs"
"ARID1B",88.1331954545027,-0.19936985577458,0.07404138241456,-2.6926814339892,0.00708799583024248,0.0235651294206342,"ARID1B","OPCs"
"ZNF585A",7.15324918575947,0.651682627873015,0.242026588620603,2.69260758327087,0.00708956584836078,0.0235651294206342,"ZNF585A","OPCs"
"NDUFS2",21.4365580632003,0.466485586863757,0.173277452922409,2.69213090910704,0.00709970714425671,0.0235879816742091,"NDUFS2","OPCs"
"PHF12",9.07338048410384,0.554834985162697,0.206099372468031,2.69207508260978,0.00710089571080061,0.0235879816742091,"PHF12","OPCs"
"ELP4",26.6924529207367,-0.399528241584809,0.148440873129762,-2.69149751790772,0.00711320276321816,0.0236214541431421,"ELP4","OPCs"
"FBXW2",7.05945844736573,0.556211927169942,0.206737817741176,2.69042177791722,0.00713617625688193,0.0236903155361692,"FBXW2","OPCs"
"PDZRN4",118.087921649155,-0.721324102386595,0.268191840723095,-2.68958257805969,0.00715414442687578,0.0237425225573847,"PDZRN4","OPCs"
"LRBA",44.0906660540131,-0.259653576806818,0.0965457978496161,-2.68943426425732,0.00715732420427705,0.0237456338732124,"LRBA","OPCs"
"SPATA1",1.82938413951871,1.08366586777951,0.40311302836805,2.68824322589272,0.00718290553707713,0.0238076942197436,"SPATA1","OPCs"
"SLC20A1",4.54625138542712,0.668074238588096,0.248506044205538,2.68836213108578,0.00718034798780604,0.0238076942197436,"SLC20A1","OPCs"
"DHX29",16.9061349207365,0.498433708104361,0.185419216985134,2.68814482235854,0.00718502273147314,0.0238076942197436,"DHX29","OPCs"
"TM7SF2",9.42651402818987,-0.873805433587301,0.325055121589991,-2.68817617551486,0.00718434809402359,0.0238076942197436,"TM7SF2","OPCs"
"NEK5",2.37617045306413,0.962320078027438,0.358123790579727,2.68711574975135,0.00720719725273718,0.023873700002029,"NEK5","OPCs"
"POLD2",6.1661295660377,0.596854456820012,0.222130069048437,2.68695930891672,0.00721057362283441,0.023877415467735,"POLD2","OPCs"
"NMNAT2",19.6758504484737,-0.739743537601666,0.275452459143149,-2.68555793585139,0.00724088200334383,0.0239655572969369,"NMNAT2","OPCs"
"TDG",15.348450455758,-0.563499971960558,0.209829045255702,-2.68551940115757,0.0072417170302359,0.0239655572969369,"TDG","OPCs"
"RPL24",21.0087968676614,-0.414136298907114,0.154231063715482,-2.685167883372,0.007249338229567,0.0239757938323281,"RPL24","OPCs"
"ANKRD52",5.56795411338409,0.900184364203724,0.335240221824981,2.68519200740084,0.00724881497052168,0.0239757938323281,"ANKRD52","OPCs"
"CNTN1",156.730480501876,-0.627659587621922,0.233769907717077,-2.68494603839924,0.00725415171784759,0.0239842231320656,"CNTN1","OPCs"
"ENSG00000257496",1.88466276236117,-1.4007975275425,0.521772171070429,-2.68469191192916,0.00725966915934579,0.0239949739068264,"LOC124902923","OPCs"
"PATZ1",4.24256621768035,0.874654350583962,0.325849258744662,2.68422998399192,0.00726970790639815,0.024020657325665,"PATZ1","OPCs"
"LINC02245",6.99315912957972,-0.818549204828921,0.304989858335718,-2.68385712657994,0.0072778200313739,0.0240399607399406,"LINC02245","OPCs"
"DDAH1",22.7130354595311,-0.778680096915538,0.290188893037311,-2.68335596433534,0.00728873643477304,0.0240612370355255,"DDAH1","OPCs"
"HHATL",10.6089172710058,0.949717170378023,0.353929296612017,2.68335280370734,0.00728880532672008,0.0240612370355255,"HHATL","OPCs"
"PTK2",125.504500354803,0.566975712333175,0.21134986254364,2.68264055395875,0.00730434508530073,0.0241050216432953,"PTK2","OPCs"
"AP3B2",9.60922599034388,-0.603804726238584,0.22511818667258,-2.68216768784114,0.0073146784202287,0.0241316026386984,"AP3B2","OPCs"
"ENSG00000254186",5.57250735837498,0.993077300641207,0.370409763970072,2.68102355077618,0.00733973502431783,0.0242067249789866,"ENSG00000254186","OPCs"
"ACSL1",6.98781448522554,0.935225358749751,0.348930881440847,2.68025964021272,0.00735650751080493,0.0242544877146402,"ACSL1","OPCs"
"LRPPRC",18.729020056506,0.363768776879655,0.135773660924094,2.67922934686886,0.00737918317949929,0.0243216775197315,"LRPPRC","OPCs"
"KLHL18",4.30377746657533,0.693273851386392,0.258770874779753,2.67910309449028,0.00738196616908566,0.0243232799410756,"KLHL18","OPCs"
"ENSG00000278254",131.234182935733,-0.945196852350017,0.352905273491486,-2.67833020175262,0.00739902362897898,0.0243658185953408,"ENSG00000278254","OPCs"
"LITAF",7.3234565832208,0.758997255834456,0.283386672871955,2.67830963306238,0.00739947805501568,0.0243658185953408,"LITAF","OPCs"
"ZNF684",2.50375374495415,-1.0476795180678,0.39119032292431,-2.6781836274373,0.00740226245580756,0.0243674104466901,"ZNF684","OPCs"
"ZNF436-AS1",4.41520920325693,-0.999802759240549,0.373339699750843,-2.67799743747528,0.00740637849631735,0.0243733835537603,"ZNF436-AS1","OPCs"
"AASS",35.4990253031516,0.423245305156205,0.158121928954793,2.67670213710339,0.00743507014321271,0.0244602028010633,"AASS","OPCs"
"PSMD6-AS2",2.26468951488644,-1.06900008871629,0.399523792156686,-2.67568567805606,0.00745765506128304,0.0245236906108984,"PSMD6-AS2","OPCs"
"EDRF1",8.48665434879951,0.652096645974373,0.243717481385785,2.67562524553648,0.00745899975993426,0.0245236906108984,"EDRF1","OPCs"
"GNG2",20.0512816788411,-0.829021434510982,0.309918265320841,-2.67496797471018,0.0074736389024027,0.024564194902683,"GNG2","OPCs"
"KEL",1.31867774065898,1.67063844363189,0.624762216902291,2.67403885579906,0.00749437676912211,0.0246247129956572,"KEL","OPCs"
"GPN2",2.63701042448119,0.847044011540975,0.316796380797879,2.6737805823653,0.00750015057185554,0.0246360404950218,"GPN2","OPCs"
"ZBTB20-AS5",9.83260784071421,-0.729685698403812,0.272946483107627,-2.67336545280228,0.00750943931286768,0.0246589030459748,"ZBTB20-AS5","OPCs"
"NAV2",127.936985190866,-0.369716288734098,0.138315567463236,-2.67299115721278,0.00751782321445676,0.0246787811038739,"NAV2","OPCs"
"FMN1",7.26714132059573,-2.02420344477034,0.757382060007876,-2.67263188772822,0.00752587843763733,0.0246975682226772,"FMN1","OPCs"
"SPIN1",32.4360679065231,-0.299923672366525,0.112249165215509,-2.67194568254202,0.00754128543500149,0.0247404624401071,"SPIN1","OPCs"
"DCP2",4.95671538764323,-0.651572199302744,0.244005274784584,-2.67032013909524,0.00757789579560037,0.0248528697663078,"DCP2","OPCs"
"CAMK2D",84.9429968169409,0.873574548305085,0.327272783849613,2.66925510282122,0.00760196877691101,0.0249241019651664,"CAMK2D","OPCs"
"DRAM2",7.25597045043118,-0.54416023655404,0.20391016306001,-2.66862734249247,0.00761619011578749,0.0249398433290629,"DRAM2","OPCs"
"MCL1",6.20233958872631,0.790923015610314,0.296358958437679,2.66880076708272,0.00761225895727815,0.0249398433290629,"MCL1","OPCs"
"ENSG00000287185",0.803526765448845,2.2753945844529,0.852614148710577,2.66872721722249,0.00761392595055815,0.0249398433290629,"ENSG00000287185","OPCs"
"BTAF1",20.4035215787413,0.514611964432086,0.192828496204672,2.66875474611318,0.00761330197528792,0.0249398433290629,"BTAF1","OPCs"
"CNOT1",8.92361918045366,0.60992425090882,0.22856801389333,2.66845846240526,0.00762002000916276,0.0249446713746626,"CNOT1","OPCs"
"STS",9.69193017083227,-0.493935852061733,0.185176867853426,-2.66737340245274,0.00764466840341435,0.0250176262027682,"STS","OPCs"
"SLC30A6",7.52194509317418,0.538793304577584,0.202023180191385,2.66698754106911,0.00765345090289496,0.025023169207057,"SLC30A6","OPCs"
"MAP3K7",17.2810713349393,0.354968315699031,0.133096228454138,2.66700506709959,0.00765305180109764,0.025023169207057,"MAP3K7","OPCs"
"CCS",6.17989802304062,-0.580886252381931,0.217802566639978,-2.6670312537782,0.0076524555142592,0.025023169207057,"CCS","OPCs"
"TMEM164",8.83455008378864,-0.648119630582527,0.243051485349253,-2.66659399201454,0.00766241769433249,0.0250447541305497,"TMEM164","OPCs"
"C1orf159",5.14816281990305,0.667256341730001,0.250407368335634,2.66468333645695,0.007706084862445,0.0251797095628795,"C1orf159","OPCs"
"ZBTB10",3.28392807736762,-0.791232540189482,0.296947852910092,-2.66455046714564,0.00770912980811472,0.0251818891634592,"ZBTB10","OPCs"
"OXCT1",14.3264893100408,-0.458701900015035,0.172156603334065,-2.6644455753169,0.00771153435964992,0.0251819762160631,"OXCT1","OPCs"
"NR3C2",41.2271202908018,-0.52362894543638,0.196539508500987,-2.66424267278428,0.0077161876267775,0.0251894041207071,"NR3C2","OPCs"
"PRORP",7.96175870978029,0.525222964129544,0.197199226591569,2.66341290078872,0.00773524340820086,0.0252360528936682,"PRORP","OPCs"
"LAMP5",4.58463283489312,-1.09818155907118,0.412313083308623,-2.66346522467534,0.00773404054126882,0.0252360528936682,"LAMP5","OPCs"
"ENSG00000258378",3.53243262440956,-0.953629438882117,0.35812712473196,-2.66282382155739,0.00774879724581019,0.0252724862436495,"ENSG00000258378","OPCs"
"OLA1",28.449683008247,-0.298795165391785,0.112222957014866,-2.66251374353113,0.00775594022621142,0.0252729620839872,"OLA1","OPCs"
"CARD19",12.7181572626813,0.541121531596642,0.203225595440705,2.66266426934655,0.00775247196580307,0.0252729620839872,"CARD19","OPCs"
"SGSM2",12.5791243681918,-0.584779761053348,0.219635038568968,-2.66250669685256,0.00775610262256454,0.0252729620839872,"SGSM2","OPCs"
"KAT6A",22.0040982694916,0.570121614417026,0.214257030699655,2.66092371650674,0.00779266098688333,0.0253842755617024,"KAT6A","OPCs"
"B4GALT2",2.38531094010607,-0.977673862718912,0.367483481692743,-2.66045662301729,0.00780347780376836,0.0254116943240796,"B4GALT2","OPCs"
"LINC00907",3.99163063119935,0.787544337667817,0.29605856482794,2.66009645127312,0.00781182774113628,0.0254310654099702,"LINC00907","OPCs"
"AAMP",7.83886073748639,0.495141383651071,0.186202292112715,2.65915837035639,0.0078336130556871,0.025494149434458,"AAMP","OPCs"
"MCRIP1",12.1541202651461,0.780634355228104,0.293586167116182,2.65896163602006,0.00783818877026729,0.0255012040175516,"MCRIP1","OPCs"
"COQ10B",4.04687137434552,0.675898197502937,0.254214876419152,2.6587672878298,0.00784271133788222,0.025508081409144,"COQ10B","OPCs"
"UVSSA",8.20136033620274,0.509264971897813,0.191581561171668,2.65821495964052,0.00785557702188948,0.0255420818734448,"UVSSA","OPCs"
"FHOD3",18.6988704216046,-0.643327904434287,0.242026488745977,-2.6580888222921,0.00785851785906309,0.0255438011441001,"FHOD3","OPCs"
"ZBTB38",16.6428334011493,0.583318955976445,0.219484128490318,2.65768171935119,0.00786801601542252,0.025566827125905,"ZBTB38","OPCs"
"C2CD5",33.2803704224681,-0.606790768988958,0.228329398141195,-2.65752362126285,0.00787170738788409,0.025570975839783,"C2CD5","OPCs"
"GLS",26.000689111425,-0.437338793391017,0.164579197062673,-2.65731514794349,0.00787657732407175,0.025578949359681,"GLS","OPCs"
"PICK1",9.55618568697163,1.41113290895751,0.531069715522391,2.65715191002643,0.00788039244510865,0.0255834935603006,"PICK1","OPCs"
"ACTR3",12.2525459225332,0.453748052994922,0.170775454075235,2.6569863652362,0.00788426317173127,0.0255882154424254,"ACTR3","OPCs"
"CRTC3",19.4961103685203,0.544549216742587,0.205099381243724,2.6550505098574,0.00792965341547578,0.0257276438939609,"CRTC3","OPCs"
"NPIPB5",3.01320736523709,0.853541218293709,0.321522353277477,2.65468702126939,0.0079382022289743,0.0257474920688631,"NPIPB5","OPCs"
"NNT",17.6119911551989,-0.467826639415427,0.176251656754635,-2.6543105921932,0.00794706408634724,0.0257683431336244,"NNT","OPCs"
"PEG10",4.50462739216597,-0.751848562008628,0.283267410724706,-2.65420070768153,0.007949652647141,0.0257688465054249,"PEG10","OPCs"
"GLTP",13.4693188922425,0.578937701725188,0.218143602364351,2.65392931743296,0.00795604905101088,0.0257816889382513,"GLTP","OPCs"
"CRLF3",20.5132833034678,-0.537807209783131,0.202673683143039,-2.65356212727218,0.00796471070213144,0.0258018618340691,"CRLF3","OPCs"
"FBXL3",9.74247537366827,0.520200023393056,0.196101735807527,2.65270483838873,0.00798496617742949,0.0258595693636019,"FBXL3","OPCs"
"MIR4300HG",16.683123981686,-0.877476985986043,0.330844637066933,-2.65223276328497,0.00799613975029728,0.0258878385679145,"MIR4300HG","OPCs"
"NRAD1",1.19635495364881,1.8833930608665,0.710187418500251,2.65196624412719,0.00800245418922339,0.0259003636503288,"NRAD1","OPCs"
"PRKRA",14.0107153945669,0.439012670894822,0.165606397904935,2.65094028037995,0.00802680327739094,0.0259712333356462,"PRKRA","OPCs"
"ZNF155",3.68996696636592,-0.838722528328453,0.316539283926487,-2.64966331484859,0.00805720201590234,0.0260616277789877,"ZNF155","OPCs"
"IQSEC1",18.3659842757012,-0.48254076744407,0.182139420020069,-2.64929342253809,0.00806602669976415,0.0260756768653284,"IQSEC1","OPCs"
"RCOR1",9.48509725875405,0.568043865485,0.21441484842161,2.64927485044337,0.00806647001046419,0.0260756768653284,"RCOR1","OPCs"
"COX7A2L",9.00563717968189,-0.784418923546094,0.296214429132893,-2.64814555402422,0.00809346702208502,0.026154066624421,"COX7A2L","OPCs"
"ATF7IP",23.0689953951965,-0.3717956498149,0.14040730949364,-2.6479793050357,0.0080974482007977,0.026154066624421,"ATF7IP","OPCs"
"TBC1D24",3.89605888121369,-0.818743966756963,0.309199075401681,-2.64795088954691,0.00809812884433205,0.026154066624421,"TBC1D24","OPCs"
"ENPP2",51.9314280209242,0.587233571063695,0.221785591548631,2.64775347651442,0.00810285894370355,0.0261613646993356,"ENPP2","OPCs"
"MAP2",136.152701800371,-0.664394953224324,0.250960060450759,-2.64741310641613,0.00811102016301899,0.0261797328638742,"MAP2","OPCs"
"ARMCX4",18.1032032838744,-0.347749686251362,0.131374768017265,-2.64700514033,0.00812081185888941,0.0262033508792318,"ARMCX4","OPCs"
"NPHP3",16.1905805410814,0.483422831672452,0.182678332366334,2.64630635396332,0.00813760819066747,0.0262495494179618,"NPHP3","OPCs"
"STK24",6.76653859379679,-0.702583925654556,0.265619271109544,-2.6450788857289,0.00816718744610173,0.0263323010334417,"STK24","OPCs"
"USP16",20.0015498411101,0.553642686326141,0.209313897333829,2.64503548678925,0.00816823502312143,0.0263323010334417,"USP16","OPCs"
"LINC01416",4.62605396158219,-1.06812506091927,0.403845074470926,-2.64488817232355,0.00817179184223225,0.0263357503375653,"LINC01416","OPCs"
"ZSWIM5",22.9287725597141,-0.397694550346625,0.150381845571122,-2.64456489968092,0.0081796019246007,0.0263518967699614,"ZSWIM5","OPCs"
"NCBP3",10.332686703435,0.682825331515723,0.258208291170357,2.64447484788635,0.00818177871384638,0.0263518967699614,"NCBP3","OPCs"
"SENP6",50.236906244681,0.324568543079191,0.12274892499921,2.64416607380699,0.00818924653439526,0.0263632378456101,"SENP6","OPCs"
"HNRNPF",7.45344019379716,0.562436935547161,0.212712059110698,2.64412341217787,0.00819027880189398,0.0263632378456101,"HNRNPF","OPCs"
"IPO13",11.172568175403,0.592984866765485,0.224298496866868,2.64373089899684,0.00819978176259397,0.0263802657083549,"IPO13","OPCs"
"ATP6V0A1",22.5272911852287,0.579068439875579,0.21903719296813,2.64369914546811,0.0082005509642969,0.0263802657083549,"ATP6V0A1","OPCs"
"SNTG1",351.625634989475,-0.720538331849919,0.272592143274181,-2.64328356347813,0.00821062403245291,0.0263966328183595,"SNTG1","OPCs"
"RAB11FIP2",13.2200674735378,0.530136185580775,0.200552443013484,2.64337934564642,0.00820830143861874,0.0263966328183595,"RAB11FIP2","OPCs"
"PIGF",9.39013222498656,-0.537962566930811,0.203561770170144,-2.64274852041797,0.00822360895719961,0.0264223358181869,"PIGF","OPCs"
"TNRC6C",64.5196503838549,0.210580700817995,0.0796815888921898,2.64277738114526,0.00822290806950052,0.0264223358181869,"TNRC6C","OPCs"
"PHF5A",3.24850644664424,0.761791098204951,0.288324977947031,2.64212661569995,0.00823872501316332,0.0264628747010614,"PHF5A","OPCs"
"MADD",8.41770506473902,0.90509415770445,0.342614092626946,2.6417306736123,0.0082483617559077,0.0264777662913193,"MADD","OPCs"
"PDGFD",5.9203673915312,1.60122338746778,0.606111931973013,2.64179486164459,0.00824679881355465,0.0264777662913193,"PDGFD","OPCs"
"SLC23A2",20.2747483768455,0.323080079438105,0.122305288779711,2.64158715180353,0.00825185738986176,0.02648096053292,"SLC23A2","OPCs"
"SNX2",12.6884650058069,-0.414679652323765,0.157043736285821,-2.64053608333059,0.00827749776357998,0.0265551957940963,"SNX2","OPCs"
"ENSG00000282917",2.52680061400861,-1.18729416109966,0.449767287489583,-2.63979661065759,0.00829557958227793,0.0266051446930113,"LOC101927179","OPCs"
"PPP4R3A",13.4123405255851,0.445503211393074,0.168798638751442,2.63925831800743,0.0083087643008311,0.0266393623814113,"PPP4R3A","OPCs"
"TTC17",50.0203067026589,0.267765572087627,0.101519571855973,2.63757586042138,0.0083500946813133,0.026763771996098,"TTC17","OPCs"
"NDUFB7",16.1635160936917,0.378008654496884,0.143324616313026,2.63743008159394,0.00835368445185362,0.0267671765038214,"NDUFB7","OPCs"
"OLFM1",10.1914377950228,-0.723958574491727,0.274647986519683,-2.63595078072726,0.00839019005804072,0.0268760171550669,"OLFM1","OPCs"
"RPAP3",4.32560834100892,0.748056671676952,0.283828252611493,2.63559622692284,0.00839896076844267,0.0268959765762951,"RPAP3","OPCs"
"RNF41",3.11496106540795,0.961622747674155,0.364921553479952,2.63514922180935,0.00841003016277608,0.026923282776239,"RNF41","OPCs"
"NCOA7",31.7167466615931,0.693905234920056,0.263341442632612,2.63500202620263,0.00841367809043198,0.0269268210872392,"NCOA7","OPCs"
"CPEB2",26.2901902929549,0.341131101468815,0.129497673704936,2.63426432081006,0.00843198186593933,0.0269772471179146,"CPEB2","OPCs"
"ENSG00000290421",2.14330938048138,-1.52500662706973,0.578967188349222,-2.63401218196476,0.00843824603788778,0.0269891348659715,"ENSG00000290421","OPCs"
"ATXN7L3B",7.84082465182163,0.550922112554195,0.209226180428553,2.63314137564311,0.0084599124904381,0.0270502636696073,"ATXN7L3B","OPCs"
"ARID1A",22.1094586497303,0.304559542586075,0.115673657543712,2.6329204855564,0.00846541634101014,0.0270596918355863,"ARID1A","OPCs"
"GNS",5.84536432959364,0.584545243402199,0.222060214318874,2.63237268862041,0.00847907944907674,0.0270951874972006,"GNS","OPCs"
"GNPTAB",26.8898160794896,-0.383998033129359,0.14590022246966,-2.63192219058617,0.00849033050899436,0.0271147768667823,"GNPTAB","OPCs"
"LINC00630",4.31560304245499,-0.775432993106394,0.294624858696331,-2.63193335598891,0.00849005149498855,0.0271147768667823,"LINC00630","OPCs"
"MBOAT2",32.8069023243842,0.273195918239457,0.103808236694685,2.63173642996139,0.00849497371361109,0.0271214264778841,"MBOAT2","OPCs"
"LINC03076",15.6484040580597,-0.690811273265568,0.262542561368783,-2.63123536871118,0.00850750938184517,0.0271532623127608,"LINC03076","OPCs"
"SLC22A15",24.0631083804,0.531618415450648,0.202255999632437,2.62844324231057,0.00857766682595532,0.0273689339219243,"SLC22A15","OPCs"
"PDE7B",41.8407390608645,-0.886146379290423,0.337315892682444,-2.62705196675882,0.00861281795208239,0.0274670252054595,"PDE7B","OPCs"
"GTF3C1",11.954813115806,0.454005106844025,0.172821257643674,2.6270211953908,0.00861359685621635,0.0274670252054595,"GTF3C1","OPCs"
"THUMPD2",10.6589769632869,0.522861255368718,0.199076027970284,2.62644006262152,0.00862831868113391,0.0274974104222715,"THUMPD2","OPCs"
"DNAH17",4.2800850513663,0.958782499831643,0.365036565229193,2.62653824618818,0.00862582982090486,0.0274974104222715,"DNAH17","OPCs"
"XNDC1N",5.01403466557915,0.736713678002024,0.280542458177562,2.62603273239924,0.0086386509726916,0.0275220558967521,"XNDC1N","OPCs"
"CEP44",7.23384957924019,0.606337582005501,0.231018256896203,2.62463058180692,0.0086743023738575,0.0276273269591431,"CEP44","OPCs"
"KLHL1",16.2624075805881,-1.23332996273768,0.470011659373356,-2.62404120864155,0.00868932712365117,0.0276668593624371,"KLHL1","OPCs"
"LINC02470",3.75476617207074,-1.60251294262744,0.610775561874342,-2.62373454777671,0.00869715395176504,0.0276834566724352,"LINC02470","OPCs"
"KBTBD11",4.1507207425213,-0.756407952140262,0.288311930462385,-2.62357492777756,0.00870123038560414,0.0276881099109218,"KBTBD11","OPCs"
"MTX2",24.1910586084161,-0.365120553524487,0.139185028226154,-2.62327463073991,0.00870890410935845,0.0277042038203983,"MTX2","OPCs"
"SELENOP",38.0872862899002,0.580818420772203,0.221436744862135,2.62295411330138,0.00871710121280349,0.0277219525055823,"SELENOP","OPCs"
"ENSG00000258631",2.45786194267457,-1.0887299453278,0.415396073108108,-2.62094424047301,0.00876866025609445,0.0278691813061345,"ENSG00000258631","OPCs"
"EEF2",16.8616662957707,0.656072825442173,0.250310156713434,2.62103956969382,0.00876620864413894,0.0278691813061345,"EEF2","OPCs"
"MEGF10",31.0564135829549,0.531055930131043,0.202661885932986,2.62040357359867,0.00878257635250674,0.0279050355754715,"MEGF10","OPCs"
"NOS1AP",13.4840998842078,-0.628142266231466,0.239820451669142,-2.61921892757527,0.00881313668335358,0.0279937364957152,"NOS1AP","OPCs"
"WDR45B",10.1557503662617,0.441528055877091,0.168657012012582,2.61790512358984,0.00884713998209223,0.0280879392043494,"WDR45B","OPCs"
"DIAPH2",33.5457182683512,-0.650258357394591,0.248392325724234,-2.61786814668546,0.00884809869553442,0.0280879392043494,"DIAPH2","OPCs"
"ENSG00000267053",8.70711937838161,0.81581999668673,0.311769743851431,2.6167388361954,0.00887742347032585,0.0281725845222508,"CYKILR","OPCs"
"HMGN2",16.5096998709293,-0.523532030853644,0.200109866720333,-2.61622297507857,0.00889084768475572,0.0282046461966669,"HMGN2","OPCs"
"COPB1",12.2203128423962,0.430487440311298,0.164550237108895,2.61614597386701,0.00889285303594625,0.0282046461966669,"COPB1","OPCs"
"HNRNPA1",27.6221973139792,0.348693011665344,0.133297633882757,2.61589798339586,0.00889931422579958,0.0282166879195262,"HNRNPA1","OPCs"
"AKAP10",19.2495157968511,0.368193564125634,0.140771516039822,2.61554023486881,0.00890864246013223,0.0282378101325353,"AKAP10","OPCs"
"UNC119B",1.95281980986753,-1.19017956894587,0.455075698169403,-2.6153441586389,0.00891375882001698,0.0282455732806642,"UNC119B","OPCs"
"PSMD2",8.03375876427947,0.66598444102829,0.254683758220542,2.61494665259174,0.00892413928929449,0.0282700075003376,"PSMD2","OPCs"
"ATP13A5",3.65644441568165,-1.38320238250108,0.529010207548781,-2.61469885224008,0.00893061580740515,0.0282820638159152,"ATP13A5","OPCs"
"PLIN2",2.68745517412934,0.81952495155786,0.31352301164431,2.61392280987529,0.00895092564431577,0.0283379080936634,"PLIN2","OPCs"
"SNRPA1",6.32187373521708,0.54610825664253,0.20893126551598,2.61381778018648,0.00895367754753291,0.0283381486038176,"SNRPA1","OPCs"
"FAM221A",7.3456118562536,0.53097240941748,0.203158919933647,2.61358157245027,0.00895986923287365,0.0283408050107921,"FAM221A","OPCs"
"SLC46A3",4.16477377954329,-0.707982148168256,0.270875815802153,-2.61367795449618,0.00895734232008005,0.0283408050107921,"SLC46A3","OPCs"
"ABHD14B",2.1820532243984,-1.03456047188294,0.395868263071797,-2.61339583995725,0.00896474050186301,0.0283477461674319,"ABHD14B","OPCs"
"ZNF710",6.91769830932135,0.511200977760912,0.195644423167162,2.61290850761503,0.00897753317865085,0.0283797242871381,"ZNF710","OPCs"
"DACT3",6.19792855124997,0.57239152682651,0.219087607607854,2.61261480316603,0.00898525091359955,0.0283956452327721,"DACT3","OPCs"
"GJB1",8.58176414377369,0.772564425047796,0.295724164251704,2.61244943240496,0.008989599003349,0.0284009109324182,"GJB1","OPCs"
"REEP5",12.2101101059374,0.501836802945217,0.192148410003204,2.61171457487913,0.00900894333076161,0.0284450536293278,"REEP5","OPCs"
"PSMD12",6.00230614787156,0.622888437389248,0.238489880426849,2.61180238035426,0.00900662999315206,0.0284450536293278,"PSMD12","OPCs"
"NDUFA8",7.66509080674896,-0.708466817601598,0.271329409555038,-2.6110948266295,0.00902528641509825,0.028479673163257,"NDUFA8","OPCs"
"CLK3",4.06074720214171,0.666046043022136,0.255078344576062,2.61114303579592,0.00902401416534945,0.028479673163257,"CLK3","OPCs"
"BDP1",15.9900755745274,0.366567587133885,0.140439206791956,2.61015136376348,0.00905021685135878,0.0285498351075036,"BDP1","OPCs"
"MYRFL",11.3930611262368,1.45897258778375,0.559141933488544,2.60930633243883,0.00907259847361654,0.0286119171636686,"MYRFL","OPCs"
"GNAQ",84.7791368933798,-0.253584742636064,0.0971969678648702,-2.60897791573719,0.00908131029249473,0.0286223440468807,"GNAQ","OPCs"
"PTBP1",8.57218870748471,0.636405113916206,0.243926608096412,2.60900243266888,0.00908065968077345,0.0286223440468807,"PTBP1","OPCs"
"ENSG00000241449",1.28539096562741,-2.08455765109106,0.799097922509389,-2.60863855651754,0.00909032022571737,0.0286422169563663,"ENSG00000241449","OPCs"
"UACA",5.89105510093061,0.829473386376793,0.318255045198709,2.60631653414605,0.00915218396248102,0.0288285628086478,"UACA","OPCs"
"CDADC1",4.47374191218362,-0.720320151815491,0.276541689889474,-2.60474343706868,0.00919430796069964,0.0289526379137107,"CDADC1","OPCs"
"KIAA1755",10.2190477296466,0.607218551360554,0.233146267635326,2.60445323667085,0.00920209775248263,0.0289685538640877,"KIAA1755","OPCs"
"ENSG00000225811",4.38264217713408,-1.49283241991376,0.573240735125998,-2.60419807672188,0.00920895182634131,0.0289729054785961,"ENSG00000225811","OPCs"
"FAM184B",13.5090322161132,0.679623263939604,0.260970048254397,2.60421940558136,0.00920837871878655,0.0289729054785961,"FAM184B","OPCs"
"ENSG00000260793",1.25722112887623,1.53455684113532,0.589357168200608,2.60378073591697,0.00922017220267833,0.0289995912166212,"ENSG00000260793","OPCs"
"IL6ST",21.0643316055976,0.550339834049715,0.211397505427933,2.60334119333934,0.0092320026730186,0.0290195631663007,"IL6ST","OPCs"
"OCLN",2.57493052070822,0.995542324773032,0.382409291966673,2.60334240220239,0.00923197011740047,0.0290195631663007,"OCLN","OPCs"
"TTC8",9.88279464885122,-0.698654157163835,0.268450116502088,-2.6025474165082,0.00925340183206508,0.0290781974485369,"TTC8","OPCs"
"FEM1B",4.33833888011409,0.654183726097657,0.251382769568284,2.6023411517867,0.00925896969291221,0.0290870629035717,"FEM1B","OPCs"
"ENSG00000257004",2.91217252481811,-1.24149087716843,0.477099355059979,-2.60216423267298,0.00926374778709869,0.029093442783326,"ENSG00000257004","OPCs"
"ACO2",11.5745742862572,0.646770240773849,0.248637781123442,2.60125487708059,0.00928834169462138,0.0291620333667478,"ACO2","OPCs"
"ZDHHC8",5.82892075706493,0.844387373531763,0.324714873076368,2.6003963586022,0.00931161414052004,0.0292264356099903,"ZDHHC8","OPCs"
"POLR3C",5.36369378336225,0.70533163975105,0.271258371834245,2.60022072307523,0.00931638161821212,0.0292327352109234,"POLR3C","OPCs"
"RAB5IF",5.04777238702079,0.633834641314699,0.243797932782828,2.59983599565346,0.00932683232944107,0.0292568585215583,"RAB5IF","OPCs"
"VASH1-AS1",4.13672968865145,-0.841256293173348,0.323721982642097,-2.5986999285848,0.00935775345496763,0.029336473975165,"VASH1-AS1","OPCs"
"IFT27",4.74575378759715,-0.666101297700362,0.256313330179201,-2.59877743086814,0.00935564111846008,0.029336473975165,"IFT27","OPCs"
"STXBP5-AS1",9.34284431140165,-1.19542327312713,0.460093278336254,-2.59821938162171,0.00937086033616726,0.0293688697721253,"STXBP5-AS1","OPCs"
"LRRC7",222.69517715229,-0.306216303074962,0.117866406803388,-2.59799472453384,0.00937699345692038,0.0293793966594044,"LRRC7","OPCs"
"MAGEF1",6.65111101352268,-0.574879519510087,0.221309577264116,-2.59762603415944,0.00938706643594314,0.0293935640321224,"MAGEF1","OPCs"
"MFSD12",5.76445353627701,0.705685163146465,0.271658136138617,2.59769566697749,0.00938516326068254,0.0293935640321224,"MFSD12","OPCs"
"TCF25",27.1499139234702,0.551250702240343,0.212255683909776,2.59710690468324,0.00940126592167873,0.0294293248922784,"TCF25","OPCs"
"NDUFV1",19.9097986462808,0.348835842523977,0.134335129267599,2.59675815570987,0.00941081583217821,0.0294505140847421,"NDUFV1","OPCs"
"FLJ40194",2.12006792472932,1.33075616547762,0.512524562044241,2.59647295764676,0.00941863193749685,0.0294662665341482,"FLJ40194","OPCs"
"RERE",96.5935959490767,-0.210669492860966,0.081140279954601,-2.59636142466896,0.00942169017217586,0.0294671290381992,"RERE","OPCs"
"PEDS1",5.28377753283382,0.745379002951024,0.287195718654979,2.59536947988588,0.00944892829599554,0.0295435933435467,"PEDS1","OPCs"
"KCTD9",3.50614932450611,-0.789724915897811,0.30445549695623,-2.59389278168081,0.00948960753026496,0.0296620258989097,"KCTD9","OPCs"
"GLT1D1",3.81766312420454,-0.745891561474955,0.287581018130508,-2.59367452804711,0.00949563308578993,0.0296721022067027,"GLT1D1","OPCs"
"RFC4",1.46739452180605,1.25930523876574,0.485559565352411,2.59351339902399,0.00950008373181407,0.0296772527197378,"RFC4","OPCs"
"TMEM237",2.75332598761881,0.834952734361842,0.321983673162032,2.59315239857416,0.0095100619059457,0.0296996625137024,"TMEM237","OPCs"
"PTCH1",8.18695785725044,-0.516301934160138,0.199124640811078,-2.5928580815369,0.00951820384304741,0.0297163262670613,"PTCH1","OPCs"
"SLC25A3",10.8312312432624,0.451686102256386,0.174222821358937,2.59257713044271,0.00952598182555018,0.0297318442477384,"SLC25A3","OPCs"
"LINC00938",10.791456673432,0.532253919854218,0.205374033895418,2.59163200799404,0.00955218866189019,0.0298048550175065,"LINC00938","OPCs"
"SYNE1",57.2019377469265,-0.49039119399901,0.189238252294927,-2.59139570383866,0.00955875106193933,0.0298165460223675,"SYNE1","OPCs"
"PCDH9-AS2",50.3899636896084,-0.709838991045059,0.27394044284558,-2.59121648366903,0.00956373086362045,0.0298232950075797,"PCDH9-AS2","OPCs"
"NR3C1",41.5582230919548,-0.234946283142938,0.0906747333836906,-2.59108876723973,0.00956728099672567,0.0298255830895864,"NR3C1","OPCs"
"ADAMTS7",2.65444814200139,-1.06074181841248,0.409444579400286,-2.59068472701762,0.00957851984138292,0.0298518319953635,"ADAMTS7","OPCs"
"VPS26A",9.32739489212377,0.453195294980938,0.174945877296504,2.5904885670032,0.00958398050211122,0.0298600628176987,"VPS26A","OPCs"
"ROBO3",6.84507072368178,-0.969934298487076,0.374467243262724,-2.59017127916466,0.00959281896947055,0.0298788096725568,"ROBO3","OPCs"
"CENPQ",3.46806468278981,0.771186147549597,0.297777172418716,2.58980949172693,0.00960290589850715,0.0298926435817727,"CENPQ","OPCs"
"EIF2AK1",5.64259905132778,0.559504261551384,0.216036040242804,2.58986538043632,0.00960134705834891,0.0298926435817727,"EIF2AK1","OPCs"
"MEF2D",5.87874079627545,0.663295857604311,0.256140628705663,2.58957690920061,0.00960939548190934,0.0299040547027387,"MEF2D","OPCs"
"SLC25A39",6.71433009079839,0.583657708637045,0.225409793250414,2.5893183265052,0.00961661511929527,0.029917730350569,"SLC25A39","OPCs"
"RPS19",58.5165255301713,0.412222661383207,0.159241544787513,2.58866278855348,0.00963493943481627,0.029965934982292,"RPS19","OPCs"
"MAST3",7.98631367089605,0.970120275972946,0.374796511786226,2.58839195527592,0.00964251914607779,0.0299807039803182,"MAST3","OPCs"
"MECP2",14.9817437636809,0.454596953011653,0.175765947947362,2.58637670334071,0.00969908640047965,0.0301477326037803,"MECP2","OPCs"
"NBEA",90.4607830374774,-0.527144864576165,0.203860069293364,-2.58581715587263,0.00971484503472664,0.0301878547293882,"NBEA","OPCs"
"CCDC186",13.1394922866851,0.56825778818211,0.21979313280738,2.58542103169399,0.00972601494276333,0.0302136985168271,"CCDC186","OPCs"
"SNX17",5.00229085586103,-0.664679264059388,0.25712239102753,-2.58506955152039,0.00973593556229633,0.0302267832321073,"SNX17","OPCs"
"ZNF514",5.13829107177173,-0.643765594522532,0.249029388946199,-2.58509888028361,0.00973510740555355,0.0302267832321073,"ZNF514","OPCs"
"TMEM43",9.18196421975108,0.481098861091642,0.186123611093583,2.5848351977748,0.00974255526842738,0.0302384701912796,"TMEM43","OPCs"
"PCDH7",170.129748907027,-0.684088708320259,0.264773960475872,-2.58367064151914,0.00977550960255812,0.0303318624937271,"PCDH7","OPCs"
"PTPN11",14.101625511639,0.651633438247812,0.252369693874428,2.58205899545151,0.00982127943820298,0.0304649529146367,"PTPN11","OPCs"
"POLR2D",1.82587302931199,1.12952440377342,0.437505418500181,2.58173809057168,0.00983041571895888,0.0304843638254098,"POLR2D","OPCs"
"KCTD13",5.94744612501849,0.681391409452441,0.26394493191326,2.5815665582712,0.00983530241237681,0.0304905891531236,"KCTD13","OPCs"
"TXNIP",33.2927356530542,0.711494102153024,0.275647918712773,2.58116986870634,0.00984661178457444,0.0305077878287429,"TXNIP","OPCs"
"ALDH2",5.4607710398589,-0.637007484096862,0.246787940390807,-2.58119372886744,0.00984593121888025,0.0305077878287429,"ALDH2","OPCs"
"PTPN13",35.884722380857,0.673059985517223,0.260867524707264,2.58008345911399,0.00987764398915535,0.0305949838681355,"PTPN13","OPCs"
"SHANK1",3.49557153102229,-1.79633171336253,0.696379749529528,-2.5795289345736,0.00989351699269815,0.030635188582653,"SHANK1","OPCs"
"PKN2",38.3741637902866,0.249692098028858,0.0968032821594346,2.57937636471475,0.00989788821751787,0.0306397650463357,"PKN2","OPCs"
"LHFPL3",637.987514802281,-0.697349384438573,0.270378448731419,-2.57916038689639,0.00990407906315462,0.0306499699821179,"LHFPL3","OPCs"
"NTAQ1",4.22884934487392,0.756161087747422,0.293229646656311,2.57873341379326,0.00991632808584948,0.0306789116065282,"NTAQ1","OPCs"
"CXXC1",5.86178687842725,0.724054557032996,0.280805155239391,2.57849453089894,0.00992318705459331,0.0306911655689671,"CXXC1","OPCs"
"MRPL13",3.51039072904516,-0.773420990349828,0.300108479642408,-2.57713807777571,0.00996221465915545,0.0308028768585274,"MRPL13","OPCs"
"SOX1-OT",13.6275179618284,-0.726423964224458,0.281899467361556,-2.57689016238107,0.00996936239264207,0.0308159800753297,"SOX1-OT","OPCs"
"C15orf61",2.83438911089632,-1.05642610945338,0.410020744334578,-2.57651868606758,0.00998008110398513,0.0308401105606077,"C15orf61","OPCs"
"TANC1",50.1835272809526,0.430353083554683,0.16710738630019,2.57530856704083,0.0100150695358404,0.0309392025625875,"TANC1","OPCs"
"PHKA2",6.8966335153799,0.63148107404337,0.245242389013671,2.57492628653266,0.0100261451797437,0.0309643853757613,"PHKA2","OPCs"
"PRKCE",38.6242081933146,-0.398727891636825,0.15488808527513,-2.57429673127251,0.0100444087825795,0.0309963181991502,"PRKCE","OPCs"
"TBC1D19",13.9418739493157,-0.426173469700552,0.16555137201261,-2.57426721699468,0.0100452657279966,0.0309963181991502,"TBC1D19","OPCs"
"TRIM23",7.73139235150352,0.677710230163241,0.263250644414784,2.57439153347494,0.0100416566463113,0.0309963181991502,"TRIM23","OPCs"
"ATOSA",15.2110959176732,0.471530309398902,0.183276251021575,2.57278456303318,0.0100883983838744,0.0311203433979696,"ATOSA","OPCs"
"MYH10",16.3183871088466,-0.610103788131343,0.237158562998638,-2.57255643826298,0.0100950494996347,0.0311317921377784,"MYH10","OPCs"
"MIATNB",2.36760887322276,-0.885639069018139,0.344626859875599,-2.5698492257331,0.0101742785601293,0.0313669897967304,"MIATNB","OPCs"
"ENSG00000286558",1.35450222229975,1.6378153157084,0.637495353963343,2.5691407874991,0.0101951028345725,0.0314220427875792,"ENSG00000286558","OPCs"
"GOLPH3",15.1617086989328,0.367127847745073,0.142911231528117,2.56892228706911,0.0102015332241325,0.0314327136582958,"GOLPH3","OPCs"
"LRSAM1",6.92117974612859,0.50469554995617,0.196508741168634,2.56831094105409,0.0102195441071584,0.0314790494749295,"LRSAM1","OPCs"
"DNAJB9",4.51328188483532,-0.830534735116493,0.323394354691207,-2.56817944737944,0.0102234217432435,0.0314818366562806,"DNAJB9","OPCs"
"HTRA2",2.98354549363415,-0.818683355964211,0.318852436650186,-2.56759322451843,0.010240724894465,0.0315259525094139,"HTRA2","OPCs"
"KIAA0586",13.8102927700287,0.484839064504918,0.188880974914786,2.56690259420598,0.0102611432141432,0.0315796299441372,"KIAA0586","OPCs"
"TTC14",38.3705635463967,-0.504235453607079,0.19649557054039,-2.56614157876619,0.0102836844112706,0.0316398076453676,"TTC14","OPCs"
"MPC1",18.0977367402428,0.348727833716403,0.13597045269386,2.56473246067342,0.0103255387255033,0.0317546575769795,"MPC1","OPCs"
"ENSG00000272368",15.0388447236633,0.749206720960953,0.292124492463707,2.56468300429836,0.0103270104527967,0.0317546575769795,"ENSG00000272368","OPCs"
"CSRP1-AS1",2.86400199305275,1.154918626682,0.450367716423975,2.56439035162717,0.0103357230589867,0.0317722226980172,"CSRP1-AS1","OPCs"
"RLF",17.4201380515553,0.413969136292531,0.161488939859007,2.56345194075805,0.0103637047641555,0.0318489940372625,"RLF","OPCs"
"GSTP1",19.3213997667817,0.572999699669162,0.223634442044565,2.56221579480578,0.0104006672684128,0.0319440447716043,"GSTP1","OPCs"
"ANTKMT",15.0370812576474,0.58270241035562,0.227417873587293,2.56225423782249,0.0103995160031481,0.0319440447716043,"ANTKMT","OPCs"
"ZNF880",3.81185367828413,0.669511925497749,0.261324399327207,2.56199546319226,0.0104072677972797,0.0319550495718155,"ZNF880","OPCs"
"MYLK",2.45978893686924,1.05136787935216,0.410433085348539,2.56160606170269,0.0104189423095542,0.0319816229154143,"MYLK","OPCs"
"LRRFIP2",47.6353530871176,0.681226916474451,0.265987953836204,2.56111942909247,0.0104335482538597,0.032017176473015,"LRRFIP2","OPCs"
"TASOR",12.8003204348611,0.439424289991217,0.171678896002441,2.5595708047014,0.0104801504640927,0.032150867153749,"TASOR","OPCs"
"NAMPT",7.35177126301217,1.14048156877102,0.445602965515635,2.55941198113728,0.0104849403399042,0.0321562462205577,"NAMPT","OPCs"
"TOR1AIP1",4.62579709686282,0.652203724136764,0.25485641912673,2.55910259734305,0.0104942764743151,0.0321662482960918,"TOR1AIP1","OPCs"
"AADAT",3.50466059606774,-0.862137543878653,0.336885459824495,-2.55914144922667,0.0104931036527464,0.0321662482960918,"AADAT","OPCs"
"SSR3",7.08054396729668,0.490617441907805,0.191759298902806,2.55850665242824,0.0105122808786504,0.0322121106785033,"SSR3","OPCs"
"ENSG00000291130",3.69024830304551,0.9615521943461,0.375845994539338,2.55836754499577,0.0105164874797752,0.0322156790311887,"ZNF826P","OPCs"
"LSM2",4.68541790167223,0.66520136707916,0.260113720373987,2.55734824799993,0.0105473566768056,0.0323008985562093,"LSM2","OPCs"
"OAZ2",8.73616560171721,0.647430740997647,0.253207145511812,2.55692128944065,0.0105603109606778,0.0323312208943563,"OAZ2","OPCs"
"RAP2C-AS1",5.81621298638511,0.694793377080904,0.271796112943074,2.55630358196633,0.0105790777759504,0.0323793160830388,"RAP2C-AS1","OPCs"
"ATE1",32.2401351045682,-0.289316724540997,0.113223642900538,-2.55526776147937,0.0106106140306687,0.0324578994397089,"ATE1","OPCs"
"L3MBTL4",54.5097023133237,0.5359310917637,0.209736509123676,2.55525894849178,0.0106108827063524,0.0324578994397089,"L3MBTL4","OPCs"
"ENSG00000268403",3.62539992409946,-1.01478243286322,0.397202350502146,-2.55482484325765,0.0106241244750045,0.0324890205574063,"ZNF143-AS1","OPCs"
"SGPP1",9.14126917158559,0.47400791385401,0.185559336107041,2.55448162188172,0.0106346043605227,0.0325116801899352,"SGPP1","OPCs"
"GRIN2D",3.53164826139062,-0.812534382785897,0.31819151289692,-2.55360168279888,0.0106615143379423,0.0325845416562218,"GRIN2D","OPCs"
"EFCAB14",11.5365712365705,0.519167652241868,0.203317165438673,2.55348657414991,0.0106650390237451,0.0325859097696077,"EFCAB14","OPCs"
"SMIM30",3.75345102529204,-0.759607986700857,0.297561155502169,-2.55277939561341,0.010686715939495,0.0326427233340792,"SMIM30","OPCs"
"PIGS",4.62137647962288,0.687227796430804,0.269258892287282,2.55229378162032,0.0107016239880541,0.0326788344963935,"PIGS","OPCs"
"HGS",8.42950175248104,0.693985497272088,0.272019474603306,2.55123460658156,0.0107342041727649,0.0327688735052119,"HGS","OPCs"
"WDR11-DT",10.8274517937706,-0.60144030172654,0.23577131147989,-2.55094777202289,0.0107430423542144,0.0327864030349078,"WDR11-DT","OPCs"
"MBP",205.426813124407,0.641106934505829,0.251444805380801,2.54969250024832,0.0107817969748886,0.0328951973391156,"MBP","OPCs"
"TRIM24",18.3612138560253,0.372149403806444,0.145983532384114,2.54925605462977,0.0107953006641624,0.0329269107239284,"TRIM24","OPCs"
"ZC3H3",2.8688994038723,-0.810078419093487,0.31784188402817,-2.5486836688323,0.0108130331493632,0.0329715004468058,"ZC3H3","OPCs"
"CTTNBP2",75.56173216107,-0.337189188987756,0.13230583697078,-2.54855867819516,0.0108169087960645,0.0329738238774677,"CTTNBP2","OPCs"
"ILKAP",17.4733734521392,0.442842828798488,0.173836787385876,2.54746325825432,0.0108509278933299,0.0330680075943492,"ILKAP","OPCs"
"ANKRD30B",1.8629167959418,-2.8296041603365,1.11115839133015,-2.54653538362718,0.010879818100844,0.0331465114177036,"ANKRD30B","OPCs"
"LINC01060",2.21558363696893,-2.01158808698894,0.790018739118102,-2.54625363600169,0.0108886040863059,0.0331546392136228,"LINC01060","OPCs"
"UNKL",5.33416726746017,0.594140972458586,0.233339694127617,2.54624904125245,0.010888747420678,0.0331546392136228,"UNKL","OPCs"
"SLC45A3",3.22326550450205,0.978427500972131,0.384635118979857,2.5437809827848,0.010965981932913,0.0333802094479875,"SLC45A3","OPCs"
"PRCP",10.1153978121753,-0.520900488560322,0.204791587216524,-2.54356390142911,0.0109727984326566,0.0333913607476532,"PRCP","OPCs"
"DLEU1",20.776846389601,0.765971845887759,0.301306653527624,2.54216704782303,0.0110167507013581,0.0335073109389375,"DLEU1","OPCs"
"RAB11FIP3",11.9897980217373,0.50782487569854,0.199761816671135,2.54215186946645,0.0110172291491388,0.0335073109389375,"RAB11FIP3","OPCs"
"FLRT1",1.77067528405872,-1.15997336201913,0.456344445554879,-2.54188118934742,0.0110257645506433,0.0335236424321884,"FLRT1","OPCs"
"TGFBR2",2.50155129290741,0.866844878274145,0.341077780191671,2.54148739266162,0.0110381926988326,0.0335517969806651,"TGFBR2","OPCs"
"GNA12",14.7233429135385,0.433536615414228,0.170591764094165,2.54136896770069,0.0110419326014463,0.0335535340744092,"GNA12","OPCs"
"ENSG00000290856",4.39070423553742,-0.709504181317244,0.279206708770028,-2.54114302784048,0.0110490709859763,0.0335655943033532,"ENSG00000290856","OPCs"
"CNPY3",4.46438403138939,-0.802148176835693,0.315847381217453,-2.53967018420024,0.0110957048297427,0.0336879341017703,"CNPY3","OPCs"
"MIR31HG",5.41783339510342,-1.10337355731098,0.434441324582672,-2.53975276953889,0.0110930853555112,0.0336879341017703,"MIR31HG","OPCs"
"TCP11L2",6.09673605229228,0.600783808879228,0.236586326902822,2.53938516542421,0.0111047493883602,0.0337057311615749,"TCP11L2","OPCs"
"MARK3",38.8551570298935,0.355349141662498,0.139950939511626,2.53909793605193,0.0111138707212418,0.0337237509850862,"MARK3","OPCs"
"CPSF3",2.56891693166011,0.957972718989241,0.377341384494636,2.53874278929736,0.0111251580581433,0.0337483310901568,"CPSF3","OPCs"
"ENSG00000286856",1.61267434654126,1.22047597926966,0.480779459120514,2.53853602960133,0.0111317340200283,0.0337586091844501,"ENSG00000286856","OPCs"
"ARL6IP6",11.4567082348096,-0.456453480648259,0.179884804160401,-2.5374765966404,0.011165483330295,0.0338512649492769,"ARL6IP6","OPCs"
"ALDH18A1",3.29513964822049,-0.837824655457924,0.330349514377773,-2.53617644038618,0.0112070253056108,0.0339674865444816,"ALDH18A1","OPCs"
"DYNLT2B",3.60725488016542,-0.894297954156468,0.352665200352759,-2.53582704860568,0.0112182122802598,0.0339916646775253,"DYNLT2B","OPCs"
"GABRA2",5.04757389450061,-1.61462677488763,0.637215103372501,-2.53388026483069,0.0112807269920298,0.0341713097384428,"GABRA2","OPCs"
"GATB",4.19383593916148,-0.700416969100008,0.276470941608321,-2.53341984161321,0.011295557160314,0.0342064484780455,"GATB","OPCs"
"CEP192",18.3228180979672,-0.341720856860086,0.135057366601957,-2.53019043283445,0.0114000633948915,0.0345130564184965,"CEP192","OPCs"
"RNF144A",53.6356401473572,-0.439006454772731,0.173524621954913,-2.52993753754899,0.0114082834119866,0.0345210276623678,"RNF144A","OPCs"
"ROBO1",79.0699649417831,0.25548012044309,0.100983922665256,2.52990885776899,0.0114092159412925,0.0345210276623678,"ROBO1","OPCs"
"NAPRT",3.22607691812969,-1.04909913403681,0.41485187033344,-2.52885236649312,0.0114436151766903,0.0346152198575123,"NAPRT","OPCs"
"AGAP3",12.1479272965419,0.451377472980375,0.178541745432155,2.52813408924522,0.0114670547414261,0.0346762163654205,"AGAP3","OPCs"
"SIAH1",5.86775705257995,0.597583133224919,0.236412542294811,2.52771332444673,0.0114808053565234,0.0347078871611714,"SIAH1","OPCs"
"UNC5B",6.42776603425682,0.601290010867945,0.237995624814022,2.52647506162272,0.0115213567923693,0.0348205389358421,"UNC5B","OPCs"
"SUGP1",3.84267405673712,1.08908382590252,0.431111583367542,2.52622260203578,0.01152964008571,0.0348356315285787,"SUGP1","OPCs"
"FAM133A",5.57988945729511,-0.654234779502668,0.259122384696887,-2.52480996679607,0.0115760867684261,0.0349659894117605,"FAM133A","OPCs"
"PLXNC1",5.27557688072493,-0.660145883610026,0.261481263740198,-2.52463933425812,0.0115817082975717,0.0349729942604175,"PLXNC1","OPCs"
"LYST",31.2563976262279,0.629896058071385,0.249764586362965,2.52195904649189,0.0116703294256429,0.0352205154225017,"LYST","OPCs"
"SNX10-AS1",2.7917694768805,-1.25252260098649,0.496630209227825,-2.52204271450573,0.0116675539526509,0.0352205154225017,"SNX10-AS1","OPCs"
"ELMOD3",12.2177545772072,0.538931657457765,0.213761054335157,2.52118730951228,0.0116959574620994,0.0352777526413081,"ELMOD3","OPCs"
"SYBU",7.19750976328214,-1.22534301741962,0.486009487164028,-2.52123271208093,0.0116944483410875,0.0352777526413081,"SYBU","OPCs"
"TMEM184C",8.64922719320923,0.553282752957735,0.219487939301762,2.52078886301382,0.0117092087062893,0.0352976146312565,"TMEM184C","OPCs"
"ZNF551",2.73664094253862,0.884513664717402,0.350874537400958,2.520883023514,0.0117060759835919,0.0352976146312565,"ZNF551","OPCs"
"PTOV1",22.8048840382843,0.794627790843753,0.315314946613798,2.52010822632212,0.0117318756352663,0.0353558801871001,"PTOV1","OPCs"
"MSI2",53.1257284026027,-0.282885030645016,0.112255678758913,-2.52000641546658,0.0117352695394446,0.0353560467774447,"MSI2","OPCs"
"UFL1-AS1",5.38032053088661,-0.973853007439718,0.386482300927916,-2.51978681844309,0.0117425928561951,0.03536804844912,"UFL1-AS1","OPCs"
"ARHGEF40",10.4168064631618,0.552202537943565,0.21915929320982,2.51964007483312,0.0117474888517615,0.035372734415739,"ARHGEF40","OPCs"
"PALLD",27.6413693456523,-0.719850449768417,0.285791145036496,-2.51879899804625,0.0117755857230642,0.0354472577621519,"PALLD","OPCs"
"SH3TC2-DT",4.72388923436355,1.19835363970122,0.475858710824717,2.51829715930668,0.0117923784407828,0.0354877202864137,"SH3TC2-DT","OPCs"
"MIR137HG",5.51853184907278,-2.32169350455484,0.922083327275508,-2.51787819590532,0.0118064142165054,0.0355198654979523,"MIR137HG","OPCs"
"CNPY2-AS1",2.22541126563036,1.95770986033217,0.777582220002054,2.51768856073767,0.0118127720911195,0.0355288998707626,"CNPY2-AS1","OPCs"
"TSN",10.2115227921517,0.536894022919378,0.213297690892684,2.51711127613428,0.0118321453351116,0.0355568726160136,"TSN","OPCs"
"DLL1",10.9524822748396,0.576286631696856,0.228933787144447,2.51726334887058,0.0118270391549418,0.0355568726160136,"DLL1","OPCs"
"WDR59",18.7165789526629,0.374704924316733,0.148857666880364,2.51720272236888,0.0118290745902155,0.0355568726160136,"WDR59","OPCs"
"KIF27",5.89288099658333,0.546636138669179,0.217230623740619,2.51638617638866,0.0118565190651418,0.0356099083663788,"KIF27","OPCs"
"NDUFV3",7.23570904866,0.616665435789866,0.245055040921364,2.51643644412011,0.0118548279146593,0.0356099083663788,"NDUFV3","OPCs"
"CSKMT",9.60815708661401,1.16779692910174,0.464288155592336,2.51524169857805,0.0118950805048373,0.0357155947111504,"CSKMT","OPCs"
"CALM1",49.3018559679909,-0.355210431516376,0.141282325288009,-2.51418874082279,0.011930656494693,0.0358122597162127,"CALM1","OPCs"
"ENSG00000287801",1.85677478752968,1.47335856428912,0.586061860144529,2.51399837540319,0.0119370983779722,0.0358214428514384,"ENSG00000287801","OPCs"
"ANKRD16",4.38917744301227,-0.88364994288416,0.351539977324439,-2.51365420686886,0.0119487527200999,0.0358462581602996,"ANKRD16","OPCs"
"AKAP17A",4.93653826111281,0.76312317298395,0.303683673101241,2.51288837885448,0.0119747216313582,0.0359139909589588,"AKAP17A","OPCs"
"WNK1",43.2977349597882,0.411937026562348,0.163996232768867,2.51186883751729,0.012009371498028,0.0360077135232492,"WNK1","OPCs"
"QSER1",13.1858838347088,0.373789912162693,0.148849986846353,2.51118538927739,0.0120326487239717,0.0360672940806284,"QSER1","OPCs"
"KXD1",7.80678341272352,0.677016696232873,0.269612373141789,2.51107428173124,0.0120364366579318,0.036068439221137,"KXD1","OPCs"
"GTF2H1",7.47578611260017,-0.648694505938095,0.258429500615604,-2.51014108061518,0.0120682935615137,0.0361536715180849,"GTF2H1","OPCs"
"SIVA1",4.83100980881263,0.730520039412618,0.291178960503422,2.50883524740117,0.0121129965428199,0.0362773284469634,"SIVA1","OPCs"
"PXDC1",5.45024800668181,1.17790320248291,0.469642867259397,2.50808281057598,0.0121388215285386,0.0363429003728375,"PXDC1","OPCs"
"HBS1L",20.715790123706,0.568318066814564,0.226602331171193,2.50799744149681,0.0121417546288101,0.0363429003728375,"HBS1L","OPCs"
"CCT7",6.5321639175676,0.551102199134341,0.219797935282261,2.50731290276509,0.0121652966449725,0.0364030775558799,"CCT7","OPCs"
"CEP85L",34.65302378381,-0.258560431683355,0.10313274607054,-2.50706435671272,0.0121738544128846,0.0364183949809173,"CEP85L","OPCs"
"TERF1",19.2183918237555,-0.439254870511963,0.175217348419378,-2.50691426662056,0.0121790247954147,0.0364235731667444,"TERF1","OPCs"
"TBCE",3.83909564829608,0.785921356872679,0.31359636152266,2.50615585288253,0.0122051808013428,0.0364914920062734,"TBCE","OPCs"
"HLA-F",3.05885693033553,-0.976909993389882,0.390096021918397,-2.5042808398447,0.0122700595959379,0.0366751146263005,"HLA-F","OPCs"
"AURKAIP1",12.0520182590127,0.391432608966815,0.156345184867901,2.50364351993024,0.0122921814764555,0.0367205082752224,"AURKAIP1","OPCs"
"ARHGEF26",7.33724714054741,-0.938847041798685,0.374991201734257,-2.50365085222456,0.0122919267659109,0.0367205082752224,"ARHGEF26","OPCs"
"ATP13A2",7.41415473963368,-0.808153089672689,0.322905817470199,-2.50275171876479,0.0123231959151425,0.0367949281440373,"ATP13A2","OPCs"
"NDUFB3",6.31007367903389,-0.555224274799897,0.22185652749277,-2.50262762639694,0.0123275170023649,0.0367949281440373,"NDUFB3","OPCs"
"DHRS7",8.10400055571411,-0.633408785629485,0.253096029392401,-2.50264212816806,0.0123270119591245,0.0367949281440373,"DHRS7","OPCs"
"TSPAN18",1.64320429461081,1.51997162409615,0.607415804097183,2.5023577158242,0.0123369203388443,0.036812619438817,"TSPAN18","OPCs"
"CPNE7",3.38791684205068,-1.51621490874208,0.606095478391147,-2.50161065838472,0.01236297999583,0.0368785410012857,"CPNE7","OPCs"
"DUS3L",3.01049100504737,0.949828457517133,0.379699792726172,2.50152482490851,0.0123659772517059,0.0368785410012857,"DUS3L","OPCs"
"ETV1",32.8043093505987,-0.797310398914675,0.318767841494967,-2.50122595546472,0.0123764186246386,0.0368992886359581,"ETV1","OPCs"
"DONSON",2.94422977736347,0.763453128088911,0.305252063029792,2.50105804531254,0.01238228819846,0.0369063979796487,"DONSON","OPCs"
"TBC1D31",3.27104175400631,-1.17960572186377,0.471898451461401,-2.4997024639744,0.0124297651334388,0.0370374824882151,"TBC1D31","OPCs"
"PEX26",3.36588227215431,0.759521035966228,0.303882943217574,2.49938686233675,0.0124408416549118,0.0370600599509186,"PEX26","OPCs"
"MED15",13.6447307190667,0.43066920453926,0.172340473523575,2.49894407119839,0.0124563968218585,0.0370959624138026,"MED15","OPCs"
"DNMT1",9.68509836259566,0.529915955976896,0.21206480920117,2.49883966120095,0.0124600672334354,0.0370964610632782,"DNMT1","OPCs"
"HID1",9.73218877237493,0.553716817866486,0.221634345906998,2.49833488397523,0.0124778255992504,0.0371388906959139,"HID1","OPCs"
"ELMO1",132.1771751117,0.604543103827265,0.242087032092236,2.49721390940483,0.0125173423318109,0.0372460397004433,"ELMO1","OPCs"
"MIR3936HG",6.40994450574608,-0.625124613399401,0.250343142223423,-2.49707105154691,0.0125223863271963,0.0372505817991599,"MIR3936HG","OPCs"
"NPEPPSP1",2.96099456528705,-0.791786921493571,0.317170282740356,-2.4964095458519,0.0125457661008771,0.0373096498197945,"NPEPPSP1","OPCs"
"ANKRD55",3.96864559170183,-1.18227469186012,0.473614074691173,-2.49628284934531,0.0125502483770711,0.0373125014916291,"ANKRD55","OPCs"
"SLC11A2",17.8284559265551,0.479875693508139,0.192319026842601,2.49520653981305,0.0125883833382725,0.0374105528624954,"SLC11A2","OPCs"
"YPEL3",18.0697778685463,0.733781444862558,0.29408278116728,2.49515269799209,0.0125902937112307,0.0374105528624954,"YPEL3","OPCs"
"CACNA1D",27.8696470299139,-0.638394873506846,0.255992133946462,-2.49380660126205,0.01263813834922,0.0375350770198655,"CACNA1D","OPCs"
"MRTFA",19.896680115803,-0.447948830122206,0.179626857093081,-2.49377424607548,0.0126392903354901,0.0375350770198655,"MRTFA","OPCs"
"SFMBT1",13.2880165044133,0.4618459156217,0.185266086634337,2.49287888577932,0.0126712059809306,0.0376193079164718,"SFMBT1","OPCs"
"ATP6V0E2-AS1",1.60059334875529,-1.29515369353116,0.519568391875757,-2.49274920064973,0.0126758345934731,0.0376225023388118,"ATP6V0E2-AS1","OPCs"
"CAND1",19.6726201594976,0.314935699918943,0.126355665477203,2.49245412724103,0.0126863716823482,0.0376432267066595,"CAND1","OPCs"
"GGA2",8.05521520364632,-0.702879481548092,0.282068531376705,-2.49187485792022,0.0127070799766061,0.0376941111911088,"GGA2","OPCs"
"FCHO1",6.43223190275836,0.783624024319696,0.31463066552284,2.49061553811833,0.0127522026423868,0.0378173693595286,"FCHO1","OPCs"
"RBBP7",11.0268311331045,-0.409318494198499,0.164378419452076,-2.49009873414578,0.0127707612371585,0.0378618033318893,"RBBP7","OPCs"
"BLTP3B",10.5205657784295,0.57807420022319,0.23218073407382,2.48975955102026,0.0127829543986309,0.0378873459506022,"BLTP3B","OPCs"
"CCDC174",7.49002479051972,0.709520668525764,0.285011698848882,2.48944401718037,0.0127943066499847,0.0379103826030605,"CCDC174","OPCs"
"POMZP3",2.73179353004033,1.22781670700197,0.493379476248247,2.48858488467848,0.0128252616797979,0.0379914744584782,"POMZP3","OPCs"
"GORASP1",2.38055895075023,-0.848952863819941,0.341212914292832,-2.48804435078141,0.0128447713693362,0.0380279923962176,"GORASP1","OPCs"
"SPNS1",5.95436772298113,0.625911117112032,0.251566200605753,2.4880572811645,0.0128443043618372,0.0380279923962176,"SPNS1","OPCs"
"AVL9",17.2828924281071,0.467657304464362,0.188056614181285,2.48678998343309,0.0128901469244014,0.0381516645973759,"AVL9","OPCs"
"USP14",15.2197822375245,0.55687436874802,0.223975515925615,2.48631805332225,0.0129072552317719,0.0381916269640862,"USP14","OPCs"
"IGDCC3",5.45429095489421,-0.701482189375658,0.282148313726629,-2.48621790472694,0.0129108883796405,0.0381917061286012,"IGDCC3","OPCs"
"INPP1",13.1390305632866,0.459635643017778,0.184902669317311,2.48582481104694,0.0129251576106259,0.0382232390663301,"INPP1","OPCs"
"ZMYM2",60.9893668859243,0.271466876240216,0.109221563863815,2.48546959626672,0.0129380638424943,0.0382454600014334,"ZMYM2","OPCs"
"TLK2",11.2041369309689,0.415917392488125,0.167342952243532,2.48541923583878,0.0129398945406172,0.0382454600014334,"TLK2","OPCs"
"TMEM9",11.0079774289442,-0.617798502858894,0.248594399045019,-2.48516662174281,0.0129490810055888,0.0382619329936344,"TMEM9","OPCs"
"HAGHL",6.89159728883846,0.832259252643778,0.334926156867343,2.4849037185633,0.0129586477655821,0.0382795201778282,"HAGHL","OPCs"
"OSBP2",17.6517084578153,0.668007565123099,0.268949075856439,2.4837696987651,0.0129999851972942,0.0383909211487298,"OSBP2","OPCs"
"PLEKHM2",6.86578487422702,0.802864004287621,0.323262555557867,2.48362821639545,0.013005150705588,0.0383954686289872,"PLEKHM2","OPCs"
"ENSG00000277511",3.18936750447476,-0.839823846617317,0.338256995160433,-2.48279816421533,0.0130354924202688,0.0384743212738704,"ENSG00000277511","OPCs"
"B3GALNT2",9.82073135640113,0.475994830561904,0.191759617879164,2.48224749207546,0.0130556562122748,0.0385230981577014,"B3GALNT2","OPCs"
"CALCOCO1",9.4326582585857,0.559722927444912,0.225553659277635,2.48155108295515,0.0130811959101005,0.0385877060412157,"CALCOCO1","OPCs"
"ENSG00000229491",0.874136321706307,2.8821088250955,1.16161170665663,2.48112928664505,0.0130966860959016,0.0386226415359503,"ENSG00000229491","OPCs"
"PROX1",12.893979419492,0.590449381412764,0.238015519570891,2.4807179904792,0.0131118062896793,0.0386564667616101,"PROX1","OPCs"
"PCTP",3.9975670843688,-0.729350325545377,0.294072760559014,-2.48016961570643,0.0131319898197114,0.0387051968245877,"PCTP","OPCs"
"SLIT3",3.82386964914541,-2.61915830656279,1.05628507360743,-2.47959416639093,0.0131531993956632,0.038756923094066,"SLIT3","OPCs"
"AP1G1",18.211770174448,0.394055225682151,0.158965591344359,2.47887119690279,0.0131798891146371,0.0388247637618934,"AP1G1","OPCs"
"SOX21",4.62688642226368,1.28563310509386,0.51877197255577,2.47822390781848,0.0132038255730802,0.0388844585147162,"SOX21","OPCs"
"KATNA1",4.2163803009616,0.743586227820558,0.300088853382787,2.47788686396843,0.0132163045135944,0.0389103877672962,"KATNA1","OPCs"
"CD9",53.8433749876682,0.716222345390218,0.289086950929794,2.47753260078541,0.0132294322333574,0.0389382121598818,"CD9","OPCs"
"C12orf4",9.5183746804716,-0.492206611226361,0.198704623171354,-2.47707679555047,0.0132463396944615,0.0389771429186851,"C12orf4","OPCs"
"PTEN",29.5613696560542,-0.299032833704272,0.12074474318379,-2.47657020769097,0.0132651532781543,0.0390216592265707,"PTEN","OPCs"
"PELI2",23.0740132358876,-0.631007449738713,0.254831420381467,-2.47617600998391,0.0132798092717583,0.0390539239622105,"PELI2","OPCs"
"KCTD20",5.32480828111372,0.685564523529031,0.276877273603387,2.47605921066338,0.0132841545365266,0.0390558568966731,"KCTD20","OPCs"
"PALM2AKAP2",68.7034559737742,0.880712401445016,0.35571924356472,2.4758638093887,0.0132914268264093,0.0390663919210864,"PALM2AKAP2","OPCs"
"ABHD10",3.51762747610861,-0.911826066611099,0.368323679743118,-2.475610765094,0.0133008496581666,0.0390832402552676,"ABHD10","OPCs"
"IDH1",14.0901136387762,-0.581519469392323,0.23498631314673,-2.47469506459813,0.0133349977665189,0.0391727118855575,"IDH1","OPCs"
"AQR",12.755958015408,0.425969848195513,0.172154827983966,2.47434157487112,0.0133482007475635,0.0391929503294017,"AQR","OPCs"
"PIGU",18.1924987544038,0.340299954642239,0.137533137651931,2.47431244900026,0.0133492891254157,0.0391929503294017,"PIGU","OPCs"
"DPYD",67.0151709237859,0.746596843355046,0.30176543966789,2.47409658368009,0.0133573580431088,0.0392057709746459,"DPYD","OPCs"
"LINC00888",4.84949903006571,-0.813818497556222,0.328967048127133,-2.47386023065056,0.0133661977229139,0.0392208461861065,"LINC00888","OPCs"
"ZSWIM3",1.71534533422853,0.997806636835158,0.403386825707281,2.47357269312315,0.0133769586905524,0.0392415491781024,"ZSWIM3","OPCs"
"SEMA5B",10.808269708879,-0.71111605469852,0.28757887543611,-2.47276874429709,0.0134070867727799,0.0393190387493046,"SEMA5B","OPCs"
"SLC24A2",159.90157752189,0.379743743268334,0.153590283708205,2.47244639504528,0.0134191836841747,0.0393436199378211,"SLC24A2","OPCs"
"ENSG00000290094",3.43622547994486,1.22606560494778,0.495972234149567,2.47204484551456,0.0134342662631595,0.039376938756396,"ENSG00000290094","OPCs"
"CPB1",1.82392629834203,1.23037866779584,0.497782929515596,2.47171727843932,0.0134465810844746,0.0394021288557239,"CPB1","OPCs"
"IPPK",7.06468764231214,0.693472706013769,0.280584075892016,2.4715326549061,0.0134535263656599,0.0394056075455887,"IPPK","OPCs"
"BORCS5",8.63780985093022,0.690518373970806,0.279393790536033,2.47148790474551,0.0134552102818554,0.0394056075455887,"BORCS5","OPCs"
"ELOVL4",4.23069435302204,-0.845955331467604,0.342313294879198,-2.47128973406114,0.0134626695403295,0.0394165525109454,"ELOVL4","OPCs"
"DYRK1A",26.9172676897593,-0.301083368569742,0.12184060005352,-2.47112512936974,0.0134688681334949,0.0394238014189362,"DYRK1A","OPCs"
"USP3-AS1",3.99633270126193,-0.663607260169698,0.268597373397842,-2.47063942500575,0.0134871732244959,0.0394664726298457,"USP3-AS1","OPCs"
"ARID2",32.0719783619133,0.295674809568019,0.119690199220225,2.47033434227969,0.0134986823347623,0.0394892392058379,"ARID2","OPCs"
"NUP153",11.2715875637334,0.509026257668555,0.206068931136831,2.470174687957,0.0135047086814008,0.0394959582811473,"NUP153","OPCs"
"KDM3B",13.2632209435577,0.377021959676336,0.152679792411216,2.46936384784238,0.0135353515375671,0.0395746473724008,"KDM3B","OPCs"
"ZBTB25",3.41690186954247,-0.73561464227192,0.297916885902574,-2.46919418495963,0.0135417711172692,0.0395824885818055,"ZBTB25","OPCs"
"ENSG00000291132",6.44058912228627,-0.975429199229906,0.395135312657149,-2.46859535957564,0.0135644505409653,0.0396378397430526,"MTMR9LP","OPCs"
"DEPTOR",7.44962441264503,0.719364209570939,0.291782931593502,2.46540880798717,0.0136857006904705,0.0399811228447125,"DEPTOR","OPCs"
"LDLRAP1",3.20356445458008,1.11631016371618,0.4528415228004,2.46512324402772,0.0136966131630152,0.0400019672907697,"LDLRAP1","OPCs"
"GNAL",9.10001325064663,-0.659273528912437,0.267466368492148,-2.46488383802838,0.0137057676879329,0.0400176674428478,"GNAL","OPCs"
"KIF21A",22.3429058790384,-0.457078325720162,0.185445090144589,-2.46476369562431,0.0137103637887216,0.0400200530657556,"KIF21A","OPCs"
"MTMR4",11.682265214647,0.428646789585509,0.173929128764182,2.46449109836387,0.0137207971660905,0.0400394714766872,"MTMR4","OPCs"
"SEC14L2",7.24850964488165,0.788535611429542,0.320055589079962,2.46374579396124,0.0137493587225952,0.0401117655295545,"SEC14L2","OPCs"
"OSMR-DT",5.76672866103679,0.765799187041709,0.310894649404216,2.46321121482551,0.0137698771896387,0.040149504250626,"OSMR-DT","OPCs"
"ANGPTL2",6.34672878897324,-0.657919049933408,0.267095701803119,-2.46323338598078,0.0137690256687703,0.040149504250626,"ANGPTL2","OPCs"
"ARFGEF3",52.6594870608509,0.371522492696446,0.150843256787071,2.46297050733189,0.0137791249633392,0.040165409678437,"ARFGEF3","OPCs"
"TBL1X",11.3786709039507,0.545566726995709,0.22152368216544,2.46279188600822,0.013785990984757,0.0401743655829876,"TBL1X","OPCs"
"LINC01630",17.6183858400618,1.02226176636702,0.415133866375292,2.46248704133154,0.0137977158813278,0.0401974721274447,"LINC01630","OPCs"
"HERC3",15.6648858633935,0.336746634341171,0.136784867355366,2.46187053328279,0.0138214548492797,0.0402470585742701,"HERC3","OPCs"
"PPP1R18",2.48920343916832,-1.07898421634587,0.438282289106472,-2.46184763373762,0.0138223373026082,0.0402470585742701,"PPP1R18","OPCs"
"PHF10",8.31732466510907,0.658909052369281,0.267694534883842,2.46142138335097,0.0138387723056879,0.0402838369206253,"PHF10","OPCs"
"DNAJC16",6.08099621980544,0.520395763650273,0.21146212566954,2.46094075713358,0.0138573245809834,0.0403156778331358,"DNAJC16","OPCs"
"RNF126",6.03266869247407,0.523752656883258,0.21282162811473,2.46099356312089,0.0138552851852668,0.0403156778331358,"RNF126","OPCs"
"QSOX1",9.07098160887487,0.690059306562633,0.280425967074702,2.46075395142993,0.0138645412454647,0.0403255951083415,"QSOX1","OPCs"
"ATP1A2",26.2443966228823,-0.659725621162086,0.268112338348043,-2.4606313354579,0.0138692799405547,0.0403283016393393,"ATP1A2","OPCs"
"CCDC82",16.2148927961379,0.493496382826053,0.200581902304049,2.46032357434718,0.0138811801723884,0.0403518248766382,"CCDC82","OPCs"
"DNAJC11",5.07012924940495,0.688072487277641,0.279755324612353,2.45955099596791,0.0139110932724915,0.0404276832479925,"DNAJC11","OPCs"
"GADD45GIP1",9.76072765856165,0.639154690956769,0.259893875459578,2.45929108497279,0.0139211694298988,0.0404458667387183,"GADD45GIP1","OPCs"
"PPP1R36",0.852732591559024,2.17485824865657,0.884430077240853,2.45905052826952,0.0139305010063427,0.0404530030762484,"PPP1R36","OPCs"
"EML5",17.8808448223615,-0.358795380144837,0.145915105434021,-2.45893239824355,0.0139350854789569,0.0404530030762484,"EML5","OPCs"
"RPL26",31.0960678932516,-0.412504787034787,0.167755720802137,-2.45896107186308,0.0139339725706954,0.0404530030762484,"RPL26","OPCs"
"TMF1",8.30221719402951,0.480330219436788,0.195546390145608,2.45634920224876,0.0140356695158524,0.0407338284935263,"TMF1","OPCs"
"SLC38A1",18.8390751837115,-0.338300253859901,0.137730757731541,-2.45624332162103,0.01403980591357,0.0407346697601934,"SLC38A1","OPCs"
"LHFPL3-AS1",5.55540822466776,-2.20754878597096,0.898856203572015,-2.45595321832153,0.0140511447804836,0.040756401869439,"LHFPL3-AS1","OPCs"
"DCHS1",4.77797395337975,0.982306316016461,0.399989086763765,2.4558327927497,0.0140558540618675,0.0407588977314285,"DCHS1","OPCs"
"IRAK4",1.95441963312933,1.21750245907942,0.495901211985692,2.455131041532,0.0140833239925942,0.0408273750565487,"IRAK4","OPCs"
"ENSG00000290762",3.30045302320972,0.819485715275852,0.333806827986108,2.45496990046577,0.0140896385168307,0.0408345024338362,"ENSG00000290762","OPCs"
"FTCDNL1",9.46255796968429,-0.44416403578633,0.180990253557946,-2.45407709561623,0.0141246695396956,0.04092482911775,"FTCDNL1","OPCs"
"EZH1",12.9253978725657,0.591093608091563,0.240878477886518,2.45390793431548,0.0141313155832517,0.0409328862217274,"EZH1","OPCs"
"CREG2",5.89823085527896,0.630233329395732,0.256968804302518,2.4525674667256,0.0141840777922194,0.0410744828601596,"CREG2","OPCs"
"U2AF2",4.82729147509747,0.672642702179263,0.274286058750479,2.45234010522997,0.0141930441999019,0.0410892121588193,"U2AF2","OPCs"
"NUMA1",18.7731419384372,0.666733219186836,0.271964534604073,2.45154472129048,0.0142244509525202,0.0411688810022379,"NUMA1","OPCs"
"ZZEF1",14.0607207629978,0.401452558365676,0.1637747238872,2.45124857387748,0.0142361603678944,0.0411915131956288,"ZZEF1","OPCs"
"ZNF559",7.6070384658465,-0.481541832739965,0.196455502454715,-2.45114963298605,0.0142400743008624,0.0411915834051169,"ZNF559","OPCs"
"ENSG00000285820",2.7141109205994,-1.101917329115,0.449589097349984,-2.45094317368912,0.0142482445361241,0.0412039622166995,"ENSG00000285820","OPCs"
"PIGZ",2.55401463577818,-0.824472546041107,0.336436345642631,-2.45060486692147,0.0142616413258074,0.0412314446192465,"PIGZ","OPCs"
"MAPKAP1",21.821449544527,0.402751212879848,0.164385917978932,2.45003475864317,0.0142842424902144,0.041285515276029,"MAPKAP1","OPCs"
"PER3",19.5914837247634,0.401122262823732,0.163763051114709,2.44940638375603,0.0143091901552875,0.0413350583045539,"PER3","OPCs"
"ARHGAP20",14.9212644566971,-0.684286513276468,0.279359384303445,-2.44948461274236,0.0143060822241607,0.0413350583045539,"ARHGAP20","OPCs"
"CFAP418-AS1",2.38213638080165,-0.877060764606806,0.358336526660655,-2.44758962414508,0.0143815352648266,0.0415327129682339,"CFAP418-AS1","OPCs"
"CAMK2B",10.3559298796269,-0.974365182280798,0.398181078429063,-2.4470403920873,0.0144034696253198,0.0415847173751737,"CAMK2B","OPCs"
"SPOUT1",4.97002130938444,0.875584148569938,0.357860510869237,2.44671910416481,0.0144163143872176,0.0416104577161717,"SPOUT1","OPCs"
"MROH7",6.23579752901283,-0.696877159618252,0.284846452971596,-2.44650109681282,0.0144250358498092,0.0416242860080325,"MROH7","OPCs"
"MEAF6",9.27230000044256,-0.49319623290453,0.201638608111887,-2.44594146687851,0.0144474453540695,0.0416322302856043,"MEAF6","OPCs"
"PPP1R7",6.05715938369226,0.593737926411386,0.242734444310438,2.44603903701463,0.0144435361024373,0.0416322302856043,"PPP1R7","OPCs"
"FOXRED1",9.04714724480326,0.495750346461676,0.202678512833194,2.44599360599059,0.0144453562288311,0.0416322302856043,"FOXRED1","OPCs"
"DICER1",49.6135542359183,0.303549496020991,0.12409619895607,2.44608214090785,0.0144418093960558,0.0416322302856043,"DICER1","OPCs"
"PLP1",336.668674309858,0.496795810150152,0.203103283049665,2.44602550333304,0.0144440782881054,0.0416322302856043,"PLP1","OPCs"
"NMRAL1",4.88024724530889,0.658383356663229,0.269199177036259,2.44571088185217,0.0144566876976988,0.0416475306633923,"NMRAL1","OPCs"
"TTLL9",6.13665944320055,-0.669441489824965,0.273766971914142,-2.44529676149143,0.0144732996236806,0.0416840475971655,"TTLL9","OPCs"
"HDAC4",23.846221178607,0.360503326047649,0.147497795966643,2.44412686769352,0.0145203194455925,0.0417994121065462,"HDAC4","OPCs"
"ZNF143",2.59165892551927,0.842194979529332,0.344603680230594,2.44395236570246,0.0145273444790746,0.0417994121065462,"ZNF143","OPCs"
"ADAM10",32.4384832283637,0.447849675811834,0.183251470732906,2.44390767517816,0.014529144094825,0.0417994121065462,"ADAM10","OPCs"
"CA10",163.487532741362,-0.658415359539525,0.269403729539038,-2.44397269728263,0.0145265258239926,0.0417994121065462,"CA10","OPCs"
"YPEL2",12.5640436077284,0.682781423613124,0.279429169524326,2.44348657219798,0.0145461108912076,0.0418368588641738,"YPEL2","OPCs"
"NELFCD",10.6356790999877,0.542070142101285,0.221856651556412,2.44333509181919,0.014552218507157,0.0418430610890016,"NELFCD","OPCs"
"EXOSC9",3.114865164395,0.687864947758558,0.281547413155305,2.44315847213671,0.0145593425826994,0.0418521818541767,"EXOSC9","OPCs"
"GREB1L",8.29630997639985,0.514937817492301,0.210815875662437,2.44259506488416,0.0145820885527295,0.0419061920687666,"GREB1L","OPCs"
"PRDX2",17.2074087748212,-0.497646054155074,0.20383155101592,-2.44145742734503,0.0146281129613846,0.0420270527024046,"PRDX2","OPCs"
"MCOLN1",4.21602162645236,0.729623939536493,0.298880417829277,2.44119017510629,0.0146389435091443,0.0420467620726439,"MCOLN1","OPCs"
"ENSG00000260118",2.27399826223554,-0.929016569497203,0.3805929620767,-2.44097148940442,0.014647811128701,0.0420608242551366,"ENSG00000260118","OPCs"
"LHFPL4",9.0938996284947,-0.584544335866014,0.23956746039387,-2.43999888342504,0.0146873073070247,0.0421628041153134,"LHFPL4","OPCs"
"ABCF2",2.81359807255687,0.736395025755634,0.301856252427422,2.43955531758512,0.0147053510465496,0.0422031619466018,"ABCF2","OPCs"
"ZNF141",5.886160239903,0.531660868147581,0.217955726914401,2.43930671459889,0.0147154724669537,0.0422207676578271,"ZNF141","OPCs"
"EVA1C",22.3739100603538,0.992303662429198,0.406818358738779,2.43918112620469,0.0147205879050545,0.0422240048522555,"EVA1C","OPCs"
"GRAMD1B",18.6717945383063,-0.740200162969261,0.303702741600802,-2.43725216001576,0.014799355265193,0.0424384436118045,"GRAMD1B","OPCs"
"ABCA3",12.8793586565409,0.510012971288913,0.209269612774953,2.43710954746869,0.0148051934205685,0.0424436920205253,"ABCA3","OPCs"
"HYCC2",17.5206714983139,-0.337684612337008,0.138597800450768,-2.43643558006506,0.0148328112131624,0.0424998568039475,"HYCC2","OPCs"
"ANAPC4",10.0399304879248,-0.454906189983593,0.186704723181789,-2.43650070673715,0.014830140476558,0.0424998568039475,"ANAPC4","OPCs"
"BCLAF1",23.1804965205102,0.284141775783704,0.11663670400121,2.43612658825439,0.0148454882303065,0.0425246741571399,"BCLAF1","OPCs"
"XPC",8.01597980776544,0.542979147799935,0.222898394559506,2.43599398224906,0.0148509315883621,0.0425287629856017,"XPC","OPCs"
"MLXIPL",2.74097571272019,-3.04098352875108,1.24857966959699,-2.4355542564077,0.0148689945288383,0.0425689786592045,"MLXIPL","OPCs"
"ELOA-AS1",9.74018713431183,0.480628444539696,0.197393726084627,2.43487193880539,0.0148970609130719,0.0426378040728194,"ELOA-AS1","OPCs"
"ENSG00000224272",1.77465976497085,-2.39097697577419,0.982140748720369,-2.43445451060796,0.014914254366927,0.0426754806122011,"LOC124905349","OPCs"
"FXYD6",41.7213450389592,-0.539755421339401,0.221796204360204,-2.43356473523245,0.0149509616957794,0.0427689584976508,"FXYD6","OPCs"
"PRIMPOL",6.90613504413065,-0.501394102820196,0.206086350634598,-2.43293212421038,0.0149771082000899,0.0428321835913993,"PRIMPOL","OPCs"
"DEK",11.185637790491,0.485234244294489,0.199454917470363,2.43280160975019,0.0149825075150231,0.0428360568531573,"DEK","OPCs"
"HEATR1",7.38991070249392,0.49598563749563,0.203910605395796,2.43236802976927,0.0150004568041791,0.0428757996103256,"HEATR1","OPCs"
"ZDHHC5",2.17299038343458,0.999367512948997,0.411080093239805,2.43107737247207,0.0150539994385731,0.0430172299121665,"ZDHHC5","OPCs"
"KRBOX5",6.89127274578708,-0.545915515770515,0.224574464758378,-2.43088864247265,0.0150618429520576,0.0430280326038009,"KRBOX5","OPCs"
"COL4A3",3.85349172754266,-0.776070746150122,0.319291653258533,-2.43060142108297,0.0150737866201412,0.0430505394571994,"COL4A3","OPCs"
"CEP85",3.09212372604247,1.12651257711641,0.463525023748742,2.43031663750486,0.0150856371506367,0.0430595782433336,"CEP85","OPCs"
"LIMA1",18.1403918866092,-0.451721810280583,0.185875982608635,-2.43023226530397,0.015089149656375,0.0430595782433336,"LIMA1","OPCs"
"CPD",12.106697671167,0.409576601267027,0.16853318845305,2.43024299858379,0.015088702778373,0.0430595782433336,"CPD","OPCs"
"ENSG00000287608",2.74051437238596,1.00261852622872,0.412660164282405,2.42964699045333,0.0151135351147603,0.0431175476469051,"ENSG00000287608","OPCs"
"ANKRD13D",8.21786729567821,0.741694585184507,0.305333607573657,2.42912855574074,0.0151351646624834,0.0431676255792349,"ANKRD13D","OPCs"
"XRRA1",16.4439928451567,-0.473745462767608,0.195038556772036,-2.42898363589375,0.0151412157178858,0.0431732564492222,"XRRA1","OPCs"
"DLG1",136.670015127402,0.505118829061698,0.207983860005977,2.42864436234226,0.0151553902475474,0.0432020411094284,"DLG1","OPCs"
"VPS41",19.8044625393145,-0.310072224111396,0.127690378862462,-2.42831313426817,0.0151692399166097,0.0432298844770982,"VPS41","OPCs"
"SLC33A1",6.54192036419872,0.624172880483119,0.257149638215927,2.42727497037738,0.0152127209934853,0.0433421348724802,"SLC33A1","OPCs"
"RPIA",3.93682645408237,-0.897115928173054,0.369757053031318,-2.42623073939598,0.0152565668468676,0.0434553638806692,"RPIA","OPCs"
"FYN",81.3544609565942,-0.259895103766949,0.107124454939158,-2.42610432804124,0.0152618822322059,0.0434588149607583,"FYN","OPCs"
"TRIM2",94.5254395024738,0.395245302596631,0.162926612974427,2.42591001789664,0.0152700558270655,0.0434704008625333,"TRIM2","OPCs"
"SIGMAR1",2.86903767342094,-0.775036315827958,0.319537333496575,-2.42549534774867,0.0152875116853331,0.0435083979434768,"SIGMAR1","OPCs"
"TRMT11",26.232658426712,-0.432825487905763,0.178495342333003,-2.42485592200091,0.0153144632352076,0.0435733921711038,"TRMT11","OPCs"
"PLEKHG1",3.63378248867925,0.826003776305016,0.340657026545247,2.42473723404999,0.0153194704869773,0.0435759313610232,"PLEKHG1","OPCs"
"IQSEC2",4.21141338178873,-1.19682622419209,0.493639534939956,-2.42449427057674,0.0153297252163599,0.0435933915255778,"IQSEC2","OPCs"
"SENP5",13.7827928068368,0.508670227529569,0.209892172150411,2.42348355499914,0.0153724492487726,0.0437031510186582,"SENP5","OPCs"
"FAM13A-AS1",4.78933702126656,0.599011870588232,0.24723177683274,2.42287572520858,0.0153981933064656,0.0437544480192536,"FAM13A-AS1","OPCs"
"KSR1",10.5663285309283,-0.577030323025028,0.238160579031515,-2.42286244588225,0.01539875616315,0.0437544480192536,"KSR1","OPCs"
"IPO9",12.7135339241384,0.417479129598544,0.172317929227321,2.42272601272853,0.0154045400590726,0.0437591414231702,"IPO9","OPCs"
"TMEM63B",10.8645982248389,0.780102019229938,0.322041218303183,2.42236699805152,0.0154197691299472,0.043790655694862,"TMEM63B","OPCs"
"ZC3H12B",51.8596313536991,-0.26576334469044,0.109721800446111,-2.42215624980532,0.0154287150470998,0.0438043143026237,"ZC3H12B","OPCs"
"NHS",3.684278989595,-0.984653073600906,0.406579830739831,-2.42179517810607,0.0154440525660531,0.0438361073906467,"NHS","OPCs"
"DDR2",2.81741125158125,1.05731498043453,0.436909835833926,2.41998438514537,0.0155211735780212,0.0440432015517805,"DDR2","OPCs"
"ZMYM6",9.20677155303324,-0.539656785644165,0.223045201502659,-2.41949516066021,0.015542067532662,0.0440810151721984,"ZMYM6","OPCs"
"ARHGAP24",17.4370201848507,1.07849152297108,0.445753905801972,2.41947744917844,0.0155428244242671,0.0440810151721984,"ARHGAP24","OPCs"
"LINC03048",17.2183015790569,1.19895678631892,0.49558140286502,2.41929333786053,0.0155506942535996,0.0440915266788807,"LINC03048","OPCs"
"ESR1",3.2792575780649,-0.948091236738578,0.391970341933741,-2.41878309481599,0.0155725228948004,0.0441415999614392,"ESR1","OPCs"
"EIF4A3",4.68893052408645,0.697270415570277,0.288300971773341,2.41855034785822,0.0155824889630605,0.0441580300023576,"EIF4A3","OPCs"
"NDUFA2",9.52824017494097,0.437755330212078,0.18104755740112,2.41790243677362,0.0156102616418951,0.0442248985520785,"NDUFA2","OPCs"
"MRPL32",6.59768205010699,-0.611241446783864,0.252855382445275,-2.4173558849045,0.0156337234178687,0.0442558489695883,"MRPL32","OPCs"
"CHD4",10.6934940490558,0.407283550897304,0.168481676607766,2.41737593723905,0.0156328620854318,0.0442558489695883,"CHD4","OPCs"
"CFAP298",5.83577915816284,-0.549190752353339,0.22716836227468,-2.41754946355288,0.015625410141326,0.0442558489695883,"CFAP298","OPCs"
"TMUB1",4.65273204142811,0.721932277177165,0.298711006635473,2.41682516258319,0.0156565353640322,0.0443085808404866,"TMUB1","OPCs"
"PDC-AS1",22.1315353598289,-0.466147481002272,0.192931870553104,-2.4161248199476,0.0156866828865902,0.0443820389444269,"PDC-AS1","OPCs"
"ENSG00000228061",2.69279487595678,-0.930309865131625,0.385112318417286,-2.41568451758428,0.0157056626377494,0.0444238694801726,"ELP4-AS1","OPCs"
"SUMO1",7.80995406135812,-0.578730762334206,0.239620738218295,-2.41519480591442,0.0157267959611959,0.0444717674843963,"SUMO1","OPCs"
"RELL1",5.51090962703068,-0.633082147596225,0.262204080078607,-2.41446337298196,0.0157584072570589,0.0445373719915275,"RELL1","OPCs"
"RPS24",23.6165955037136,-0.329327066730477,0.136394626269365,-2.41451643468777,0.0157561121410361,0.0445373719915275,"RPS24","OPCs"
"SLC12A2",28.3269705548871,0.396911631986751,0.164410892463282,2.41414437960912,0.015772211105034,0.0445644918896237,"SLC12A2","OPCs"
"ENSG00000250237",7.71388825493347,-0.972259885430747,0.403074797424742,-2.41210785601717,0.0158605888480574,0.0447903029069141,"ENSG00000250237","OPCs"
"ENSG00000264151",2.31513533585497,-1.40418171550428,0.582133872209972,-2.41212851980859,0.0158596899318604,0.0447903029069141,"LOC107985126","OPCs"
"WTAP",11.4442331874978,0.38779747520552,0.16078597276611,2.41188623941491,0.0158702324303829,0.0448055882265409,"WTAP","OPCs"
"ARL13B",9.07532735362028,0.73144233939107,0.303373123357644,2.41103210230255,0.0159074482102526,0.0448986877789379,"ARL13B","OPCs"
"FERMT1",24.7497544169348,-0.76704707023866,0.318182862576563,-2.41071145072776,0.0159214391841962,0.0449262032935352,"FERMT1","OPCs"
"ERC1",50.1770142703766,-0.380188240361675,0.157773641582263,-2.40970694818782,0.0159653386595812,0.0450209528251621,"ERC1","OPCs"
"MT1M",9.88187084163142,-0.456235314609396,0.189325855385942,-2.40978874057829,0.0159617601352224,0.0450209528251621,"MT1M","OPCs"
"GRB2",9.43108761298412,-0.462277780030742,0.191844259634058,-2.40965135424189,0.0159677713702841,0.0450209528251621,"GRB2","OPCs"
"FIS1",15.9891005410221,0.413921001461556,0.171793947718601,2.4094038640963,0.0159786051366855,0.0450395071593026,"FIS1","OPCs"
"TNRC6A",91.5973144483298,-0.337309205520688,0.140069278819859,-2.40815979322987,0.0160331617122102,0.0451692424932977,"TNRC6A","OPCs"
"DCAF7",10.8574492672551,0.411152855360541,0.170727554158223,2.40823959194953,0.0160296573686055,0.0451692424932977,"DCAF7","OPCs"
"SHROOM1",7.43274263217009,0.569714613047203,0.236692480050497,2.40698231276996,0.0160849488580165,0.0452790027661868,"SHROOM1","OPCs"
"SEMA4D",21.3165498935654,0.650590922364597,0.270279843690122,2.40710114924628,0.0160797156100976,0.0452790027661868,"SEMA4D","OPCs"
"CIAO2B",11.5259745702248,0.514288371380014,0.213657706544442,2.40706679715781,0.0160812282325033,0.0452790027661868,"CIAO2B","OPCs"
"COX10",6.06071519192308,-0.538793220414056,0.223987834206269,-2.40545752104503,0.0161522296692396,0.0454563146949901,"COX10","OPCs"
"DIXDC1",13.7067518487692,0.572063550355038,0.237883057092464,2.40480998246411,0.0161808767895465,0.0455248366634689,"DIXDC1","OPCs"
"UBL5",13.4583610356302,0.361348380339797,0.150282347462771,2.40446324162798,0.0161962349611481,0.0455559437552611,"UBL5","OPCs"
"CENPP",16.0061624696957,0.629743459452349,0.261941912330867,2.40413400760738,0.0162108295602755,0.0455848871596701,"CENPP","OPCs"
"GK5",9.13805495131115,0.74851063949956,0.311525694449266,2.4027252096262,0.0162734107171712,0.0457424579334549,"GK5","OPCs"
"SV2B",8.98246700910141,-2.00198200754685,0.833229361736331,-2.40267818140134,0.0162755034460111,0.0457424579334549,"SV2B","OPCs"
"SPACA6",3.98673330188545,0.64023519089037,0.26657714254148,2.40168824973712,0.0163196097471967,0.0458542497274644,"SPACA6","OPCs"
"OCRL",4.09856486069986,-0.946321254136626,0.394248490086957,-2.40031674928648,0.0163808903375091,0.0460142251125257,"OCRL","OPCs"
"CFAP97",8.8064528744862,0.518337265283448,0.215968477920911,2.40005981554987,0.0163923929591984,0.0460343254940098,"CFAP97","OPCs"
"RPS8",37.9653507886713,-0.276848933966494,0.115383660635283,-2.39937728134305,0.0164229836833141,0.0461080056220298,"RPS8","OPCs"
"ENSG00000290453",11.3292708431141,-0.655595964602165,0.273320745648884,-2.39863228473832,0.0164564311631916,0.0461896649928966,"ENSG00000290453","OPCs"
"GPS1",9.2031124424192,0.683628791935189,0.28507643621078,2.39805436402231,0.0164824187775168,0.0462503483979606,"GPS1","OPCs"
"CDK6",30.1817248788703,0.319764625840447,0.133358922866462,2.39777450932654,0.0164950160757477,0.0462663713010758,"CDK6","OPCs"
"NDUFA6",6.47761896378944,-0.7230300640746,0.301547311326172,-2.39773341335657,0.0164968666697698,0.0462663713010758,"NDUFA6","OPCs"
"NUDT16-DT",5.24685720888333,0.668252378092564,0.278898186029662,2.39604418947886,0.0165730921434291,0.0464489197578933,"NUDT16-DT","OPCs"
"ARPC3",12.9682227943981,0.446646150912703,0.186413294083021,2.39599945438325,0.016575114991981,0.0464489197578933,"ARPC3","OPCs"
"RBFA",6.7924562361952,-0.519911674820314,0.216983095071829,-2.39609299815825,0.0165708853413421,0.0464489197578933,"RBFA","OPCs"
"TMEM14A",8.85503654195772,-0.856953896446854,0.35768389057494,-2.3958414651255,0.016582260745518,0.0464566511362527,"TMEM14A","OPCs"
"ATF6",18.5265441141908,0.322325930078678,0.134543500364331,2.39570049244928,0.0165886391338048,0.0464622291528679,"ATF6","OPCs"
"USP8",14.1783220957015,0.366595516396395,0.153037137985542,2.39546767027902,0.0165991780220398,0.0464794540595984,"USP8","OPCs"
"ANKH",26.6728362772633,0.276347905051071,0.115375579470068,2.39520274845306,0.0166111770790556,0.0465007574060794,"ANKH","OPCs"
"PGBD1",4.35308043651928,0.577814602462892,0.241424763184263,2.39335267369356,0.0166951847210826,0.04672357457618,"PGBD1","OPCs"
"TTYH1",26.395707270922,-0.40418707240913,0.168894641776982,-2.39313141113643,0.0167052566773816,0.0467394103602303,"TTYH1","OPCs"
"RNF125",3.55692279953278,0.892431670545406,0.372937174045892,2.39298126508458,0.0167120944212439,0.0467461912099769,"RNF125","OPCs"
"BBS1",3.95389160959735,-0.838464667726649,0.350426749593976,-2.39269595913594,0.0167250942015793,0.0467702000514194,"BBS1","OPCs"
"STK39",32.4029719490152,-0.38021639918833,0.158942100076117,-2.39216921763489,0.016749118164202,0.0468250161982309,"STK39","OPCs"
"CELF5",12.3094815475835,-1.02616030681049,0.428985552084913,-2.39206262733848,0.016753983286413,0.0468262557411227,"CELF5","OPCs"
"LINC01003",5.46411519011648,-0.632655311431393,0.264509296190607,-2.39180747347154,0.0167656343652579,0.0468464559176996,"LINC01003","OPCs"
"MIR2052HG",9.28131397641759,-0.867304810738467,0.362817080066041,-2.39047403882033,0.0168266387215327,0.0470045117544265,"MIR2052HG","OPCs"
"TOB1",4.2206119629355,0.720691670340759,0.301512672065618,2.3902533362973,0.0168367545879399,0.0470172284808422,"TOB1","OPCs"
"TIMP3",22.009125097834,-0.666068838250474,0.278668784560262,-2.39018101471799,0.0168400705975292,0.0470172284808422,"TIMP3","OPCs"
"ATP5MC3",7.66196477296048,-0.454437768622146,0.190202650256477,-2.3892294245604,0.0168837552894773,0.0471143527050237,"ATP5MC3","OPCs"
"PRMT2",29.3352128449052,0.277627120533435,0.116196518524749,2.3892894904102,0.0168809949056789,0.0471143527050237,"PRMT2","OPCs"
"ENSG00000287306",4.36209096444742,0.882863943849763,0.369657894493232,2.38832703697588,0.0169252730878399,0.0472177665964764,"ENSG00000287306","OPCs"
"RPS16",24.7615891240142,0.352283344659825,0.147510551179976,2.38819082324497,0.0169315478996574,0.047222831777027,"RPS16","OPCs"
"SIDT1",3.55165239375324,-1.92195592588326,0.804817937013956,-2.38806298603895,0.0169374386961748,0.0472268235367275,"SIDT1","OPCs"
"MBD4",7.06318701505623,0.615319932083511,0.257688187786038,2.3878468678371,0.0169474016119648,0.0472421645355902,"MBD4","OPCs"
"GLIPR2",5.02907265182997,0.736373592259414,0.308406325570697,2.38767343989062,0.0169554002525159,0.0472520233353008,"GLIPR2","OPCs"
"NUTM2B-AS1",28.4166412898507,0.33836920681851,0.141747833253239,2.38712084024591,0.0169809087064613,0.0473106611947975,"NUTM2B-AS1","OPCs"
"OSBPL11",4.70879725163169,0.64242456070752,0.269219228434716,2.38625065691883,0.0170211453565697,0.0474067305873327,"OSBPL11","OPCs"
"CCT5",7.45813925120562,0.623144572883302,0.261147173475116,2.3861815718357,0.0170243433827787,0.0474067305873327,"CCT5","OPCs"
"MIR4280HG",2.42135922805944,2.01490991358806,0.844669521038431,2.38544171821299,0.0170586251111292,0.0474897055538535,"MIR4280HG","OPCs"
"ZEB1",117.298340492943,-0.730670008071048,0.306374119297457,-2.38489468283594,0.0170840113819352,0.047547879246963,"ZEB1","OPCs"
"THBS2",12.7618192488675,-0.5863255251578,0.245948294941076,-2.38393815780781,0.01712848049893,0.0476591194124196,"THBS2","OPCs"
"INPP4A",13.1194459183944,-0.646616192928746,0.271274736542652,-2.38362112583632,0.0171432417946589,0.047687662360241,"INPP4A","OPCs"
"PHIP",58.7821239058149,0.206543468765165,0.0866881185708173,2.3826041234986,0.0171906696941672,0.0478070357303651,"PHIP","OPCs"
"CHASERR",17.3748655409344,0.425548109361409,0.178632545566091,2.38225407365067,0.0172070208736335,0.0478399451435493,"CHASERR","OPCs"
"CCNDBP1",6.61820194307492,0.537388107386472,0.225620950047798,2.38181829866698,0.0172273954222675,0.0478840203469324,"CCNDBP1","OPCs"
"ERMARD",3.36996360914115,0.818489917187936,0.343784673293434,2.38082142914301,0.0172740833949108,0.0480011921154828,"ERMARD","OPCs"
"PHYHIPL",77.8485193675359,0.187314669872713,0.0786820799677613,2.38065223935948,0.0172820183348136,0.04801064380002,"PHYHIPL","OPCs"
"MAPKAPK2",3.05569171961777,0.862972866544318,0.36252078862187,2.38047828877601,0.0172901798874164,0.048020719907616,"MAPKAPK2","OPCs"
"USP7",11.3943755732378,0.432141039813067,0.181542799476667,2.38038105096318,0.0172947436417305,0.0480208010398337,"USP7","OPCs"
"PKIB",3.37315849559749,-0.928398564360061,0.390137762873777,-2.37966854969748,0.0173282163828437,0.0481011301426775,"PKIB","OPCs"
"RASD1",7.26522942031788,-0.764181443473715,0.32114544734565,-2.37954935930081,0.0173338213962508,0.0481040798182117,"RASD1","OPCs"
"RBPJ",62.1002689904196,0.385686006049652,0.162107742753497,2.37919546283566,0.0173504730000395,0.0481250678550073,"RBPJ","OPCs"
"HIVEP2",26.991900544667,-0.448691388171342,0.188583264658585,-2.37927468794043,0.0173467440671482,0.0481250678550073,"HIVEP2","OPCs"
"PTPN23",5.72787321910579,0.671025898250013,0.282101519261878,2.3786681475724,0.0173753103614152,0.0481813398081662,"PTPN23","OPCs"
"ENSG00000290737",5.38429523850108,0.568961431336813,0.239221138055394,2.37839112363501,0.0173883711038153,0.0482049345522001,"ENSG00000290737","OPCs"
"ENSG00000282890",5.27150254152041,1.45476817951328,0.6117250676842,2.37814053463687,0.017400192943268,0.0482250832947416,"ENSG00000282890","OPCs"
"ENSG00000253553",29.4726449712311,-0.783137465771668,0.329326857527932,-2.37799452996404,0.0174070841394708,0.0482315596643109,"ENSG00000253553","OPCs"
"UPF3B",16.6022838950152,0.579011790613963,0.243545026511176,2.37743221000406,0.0174336471398806,0.0482925250356619,"UPF3B","OPCs"
"PTTG1IP",11.5329145906696,0.470477191500297,0.197938717191574,2.37688309884795,0.0174596204724161,0.0483518255237674,"PTTG1IP","OPCs"
"IK",5.20537702964929,-0.641076111855332,0.269806438110707,-2.37605935701314,0.0174986476476254,0.0484472362322491,"IK","OPCs"
"ESRRA",5.56160548695019,0.735200772068812,0.30945884268603,2.3757626884643,0.0175127219075084,0.0484735297962661,"ESRRA","OPCs"
"ATP6V1D",8.69808236320076,0.423460725177791,0.178257576964191,2.37555526328543,0.0175225682647319,0.0484881102491535,"ATP6V1D","OPCs"
"DENND1A",33.5761802095714,-0.334420107010286,0.140797332558197,-2.37518780316421,0.0175400233061275,0.0485237321870141,"DENND1A","OPCs"
"SPDYE21",1.62935174189934,-1.27951402992752,0.53931560273119,-2.37247730910776,0.0176692483964259,0.0488607143355543,"SPDYE21","OPCs"
"AIP",4.48338148342992,0.875922779984134,0.369207649701892,2.37243941367785,0.0176710609919899,0.0488607143355543,"AIP","OPCs"
"CMTM3",6.59958553635357,1.14604301145364,0.483203342885831,2.37176134711556,0.017703521495908,0.0489376905877489,"CMTM3","OPCs"
"FBXW7",28.9821960394667,-0.764061215238523,0.322199694185571,-2.37139025587796,0.0177213085472268,0.0489740755519655,"FBXW7","OPCs"
"STXBP4",15.629970793385,-0.331382227686179,0.139776768675988,-2.37079616895669,0.0177498167780132,0.0490400625304357,"STXBP4","OPCs"
"GABRB1",51.7187420347905,-0.811825343418313,0.342664996280984,-2.36915165607583,0.0178289411143484,0.0492458232657668,"GABRB1","OPCs"
"CEDORA",8.51971363304021,0.936311996342933,0.395361025001635,2.36824557084012,0.0178726685457116,0.0493537313948073,"CEDORA","OPCs"
"ARL5A",13.2443629670071,-0.393423432659924,0.166147911561479,-2.36791079082777,0.0178888486955152,0.0493726629360194,"ARL5A","OPCs"
"CWC15",8.47511218392654,0.437564737952925,0.184785703121247,2.3679577508538,0.0178865783114204,0.0493726629360194,"CWC15","OPCs"
"GNA14",4.88541530810081,-1.0132443626676,0.428098861081825,-2.36684666739615,0.0179403637719646,0.049501941726187,"GNA14","OPCs"
"NINJ1",4.71602902364338,0.959693011959581,0.405563271272205,2.36632131146673,0.0179658445611872,0.0495593367811859,"NINJ1","OPCs"
"LINC01322",67.025500326275,-0.850607596486313,0.359622370257338,-2.36527999044564,0.0180164443748488,0.0496859755025126,"LINC01322","OPCs"
"ARHGAP44",9.72476004254879,-1.01398610986875,0.428803674149488,-2.36468615125546,0.0180453560301443,0.0497527519810538,"ARHGAP44","OPCs"
