"ID","Description","setSize","enrichmentScore","NES","pvalue","p.adjust","qvalue","rank","leading_edge","core_enrichment"
"REACTOME_NEURONAL_SYSTEM","REACTOME_NEURONAL_SYSTEM",77,-0.500399408613826,-2.77932181970506,5.98607380106683e-10,2.60992817726514e-07,2.57086116930028e-07,448,"tags=45%, list=15%, signal=40%","PRKAR2B/NCALD/TUBB2A/NLGN4X/TUBB2B/NSF/SLC38A1/GRIK1/NRXN2/GRIN2A/NTRK3/CACNB4/GNG10/DLGAP1/KCND3/CAMK2A/RIMS1/KCNH1/SYT1/PRKAA2/KCND2/GRM5/SLC1A2/CACNA2D3/NRXN1/GABRG3/GRIN2B/CACNA1E/GABRB1/PLCB1/GABRA2/KCNMB2/KCNQ3/DLGAP2/KCNQ5"
"REACTOME_TRANSMISSION_ACROSS_CHEMICAL_SYNAPSES","REACTOME_TRANSMISSION_ACROSS_CHEMICAL_SYNAPSES",51,-0.459878576151282,-2.27167340699723,1.43539099464691e-05,0.00197319417019923,0.00194365818793164,524,"tags=47%, list=18%, signal=39%","PRKCB/CACNA1A/PRKAR2B/NCALD/TUBB2A/TUBB2B/NSF/SLC38A1/GRIK1/GRIN2A/CACNB4/GNG10/CAMK2A/RIMS1/SYT1/PRKAA2/SLC1A2/CACNA2D3/GABRG3/GRIN2B/CACNA1E/GABRB1/PLCB1/GABRA2"
"REACTOME_ATTENUATION_PHASE","REACTOME_ATTENUATION_PHASE",11,0.762073923380346,2.24969272064051,1.81026988091673e-05,0.00197319417019923,0.00194365818793164,161,"tags=64%, list=5%, signal=60%","HSPB1/HSPA1B/HSPA1A/HSPH1/FKBP4/DEDD2/DNAJB1"
"REACTOME_HSF1_ACTIVATION","REACTOME_HSF1_ACTIVATION",11,0.762073923380346,2.24969272064051,1.81026988091673e-05,0.00197319417019923,0.00194365818793164,161,"tags=64%, list=5%, signal=60%","HSPB1/HSPA1B/HSPA1A/HSPH1/FKBP4/DEDD2/DNAJB1"
"REACTOME_NEUREXINS_AND_NEUROLIGINS","REACTOME_NEUREXINS_AND_NEUROLIGINS",14,-0.7007422387646,-2.29414905792106,4.59794569591876e-05,0.00400940864684116,0.00394939335565232,417,"tags=64%, list=14%, signal=55%","NLGN4X/NRXN2/GRIN2A/DLGAP1/SYT1/GRM5/NRXN1/GRIN2B/DLGAP2"
"REACTOME_REGULATION_OF_HSF1_MEDIATED_HEAT_SHOCK_RESPONSE","REACTOME_REGULATION_OF_HSF1_MEDIATED_HEAT_SHOCK_RESPONSE",31,0.537269427020247,2.2165050377259,0.000102203750480952,0.00742680586828249,0.00731563687653128,161,"tags=29%, list=5%, signal=28%","BAG3/HSPB1/HSPA1B/HSPA1A/HSPH1/FKBP4/HSPA4L/DEDD2/DNAJB1"
"REACTOME_PROTEIN_PROTEIN_INTERACTIONS_AT_SYNAPSES","REACTOME_PROTEIN_PROTEIN_INTERACTIONS_AT_SYNAPSES",24,-0.560649581108099,-2.21775450488037,0.000201458207193634,0.0125479683337749,0.0123601426368425,880,"tags=75%, list=30%, signal=53%","DLG2/LRRTM4/NLGN1/IL1RAPL1/LRRC4B/GRIA4/GRIA3/NRXN3/NLGN4X/NRXN2/GRIN2A/NTRK3/DLGAP1/SYT1/GRM5/NRXN1/GRIN2B/DLGAP2"
"REACTOME_HSF1_DEPENDENT_TRANSACTIVATION","REACTOME_HSF1_DEPENDENT_TRANSACTIVATION",14,0.656114033793993,2.08569993330998,0.000600638893254463,0.0327348196823682,0.0322448247957659,161,"tags=50%, list=5%, signal=47%","HSPB1/HSPA1B/HSPA1A/HSPH1/FKBP4/DEDD2/DNAJB1"
"REACTOME_METABOLISM_OF_RNA","REACTOME_METABOLISM_OF_RNA",152,0.305692447877561,1.75875703704777,0.000870117530167649,0.0421523603503439,0.0415213979308071,1526,"tags=73%, list=52%, signal=37%","HSPB1/HSPA1A/THOC3/APOBEC2/MRM2/TFIP11/UTP14A/NUP107/TRIT1/PELP1/NIP7/CSTF2/STEEP1/CDK7/LSM10/DDX41/PRMT5/LTV1/UTP4/IMP4/PQBP1/TBRG4/EXOSC9/SRSF4/UTP3/PUS7/KRR1/RPL22L1/SF3B2/GLE1/SMG9/PTBP1/SUGP1/FBL/SNIP1/SNRPB/NSUN4/RIOK1/RPS27L/ZNF830/HNRNPL/PAPOLA/DHX8/PABPC1/SMG5/MPHOSPH6/NUP188/TRUB2/EIF4E/NSUN2/PRPF19/SYF2/SEH1L/RBBP6/ADRM1/PES1/PRPF8/PRORP/NOP10/TNPO1/NUP58/SEC13/EDC4/MPHOSPH10/RANBP2/ERI1/GNL3/RPL23/DDX39A/ELAVL1/SUPV3L1/KHSRP/MAPKAPK2/PSMC1/DDX6/CSNK1D/PRKCA/PDCD7/LSM5/ZCCHC8/NUP98/RPS26/URM1/NAT10/NSUN6/PSMD3/PSMC6/ADAR/RTCB/RBM28/PSMD11/XPO1/METTL14/MAPK14/PWP2/SNRNP200/DDX21/NUP88/CPSF1/CTNNBL1/CWC22/RBM27/PSMD12/EIF4B/FAM50A/PNPT1/UBL5/NUP153/UTP20/SRSF7/GTF2F2"
"REACTOME_HSP90_CHAPERONE_CYCLE_FOR_STEROID_HORMONE_RECEPTORS_SHR_IN_THE_PRESENCE_OF_LIGAND","REACTOME_HSP90_CHAPERONE_CYCLE_FOR_STEROID_HORMONE_RECEPTORS_SHR_IN_THE_PRESENCE_OF_LIGAND",20,0.571458635054437,2.03675005840242,0.00123546998194945,0.0538664912129959,0.0530601844879341,648,"tags=60%, list=22%, signal=47%","HSPA1B/FKBP5/HSPA1A/STIP1/DNAJA4/FKBP4/DNAJB1/DNAJA1/HSP90AB1/TUBA1C/PTGES3/TUBB4A"
"REACTOME_POTASSIUM_CHANNELS","REACTOME_POTASSIUM_CHANNELS",13,-0.623599956106427,-1.97892445012013,0.00164426495237319,0.0651726835667919,0.06419713881036,195,"tags=54%, list=7%, signal=51%","GNG10/KCND3/KCNH1/KCND2/KCNMB2/KCNQ3/KCNQ5"
"REACTOME_CELLULAR_RESPONSE_TO_HEAT_STRESS","REACTOME_CELLULAR_RESPONSE_TO_HEAT_STRESS",37,0.455369068601346,1.97251911054727,0.00214225940486424,0.071848084655447,0.0707726183955151,161,"tags=24%, list=5%, signal=23%","BAG3/HSPB1/HSPA1B/HSPA1A/HSPH1/FKBP4/HSPA4L/DEDD2/DNAJB1"
"REACTOME_NEUROTRANSMITTER_RECEPTORS_AND_POSTSYNAPTIC_SIGNAL_TRANSMISSION","REACTOME_NEUROTRANSMITTER_RECEPTORS_AND_POSTSYNAPTIC_SIGNAL_TRANSMISSION",38,-0.407774408014273,-1.85103128192687,0.00210011300527585,0.071848084655447,0.0707726183955151,448,"tags=39%, list=15%, signal=34%","PRKAR2B/NCALD/TUBB2A/TUBB2B/NSF/GRIK1/GRIN2A/GNG10/CAMK2A/PRKAA2/GABRG3/GRIN2B/GABRB1/PLCB1/GABRA2"
"REACTOME_CARDIAC_CONDUCTION","REACTOME_CARDIAC_CONDUCTION",24,-0.475256313650581,-1.87996542954375,0.00383188907552311,0.119335974066291,0.117549679910784,484,"tags=50%, list=16%, signal=42%","ITPR2/KCNIP4/SCN8A/CACNA1C/SLC8A1/KCND3/NPPC/CAMK2A/KCND2/ATP1A2/SCN2A/FGF14"
"REACTOME_INTEGRATION_OF_ENERGY_METABOLISM","REACTOME_INTEGRATION_OF_ENERGY_METABOLISM",22,-0.447151582903968,-1.70732697375319,0.0114452220991419,0.329777478992582,0.324841167138999,500,"tags=45%, list=17%, signal=38%","AGPAT1/CACNA1A/ITPR2/PRKAR2B/CACNA1C/MARCKS/GNG10/PRKAA2/CACNA1E/PLCB1"
"REACTOME_CELL_CYCLE_MITOTIC","REACTOME_CELL_CYCLE_MITOTIC",104,0.294942181390461,1.58793380437541,0.0121019258345901,0.329777478992582,0.324841167138999,1324,"tags=62%, list=45%, signal=36%","FOXM1/LIN9/FEN1/CENPI/CDC14A/RFC4/CDK11B/CENPE/NUP107/LMNA/HSP90AB1/CC2D1B/CDK7/LIG1/ODF2/LEMD2/TUBA1C/CHMP4A/H2AX/GORASP1/PPP1CC/MCM8/LPIN2/CDK11A/TUBB4A/CEP250/VPS4A/MAX/ORC2/HSP90AA1/DNA2/OPTN/NUP188/LIN54/TUBG2/RCC2/AHCTF1/FBXL18/SEH1L/ADRM1/BANF1/MCPH1/ARPP19/BUB3/TNPO1/NUP58/SEC13/CLIP1/RANBP2/SFI1/NCAPD3/CENPQ/PSMC1/CSNK1D/PRKCA/DYNC1LI2/CHMP3/NUP98/POLA2/CCP110/LIN52/PSMD3/LBR/PSMC6/CENPT"
"REACTOME_NERVOUS_SYSTEM_DEVELOPMENT","REACTOME_NERVOUS_SYSTEM_DEVELOPMENT",96,-0.268647981667088,-1.53661575080664,0.0138694972781463,0.3557118125454,0.350387299658433,424,"tags=20%, list=14%, signal=18%","SCN8A/TUBB2A/TUBB2B/CACNA1C/CNTN1/EPHA7/CACNB4/COL9A3/ABLIM1/NRCAM/PAK3/DSCAM/SCN2A/GRIN2B/SHC3/KCNQ3/DOK6/ROBO2/NTN4"
"REACTOME_REGULATION_OF_INSULIN_LIKE_GROWTH_FACTOR_IGF_TRANSPORT_AND_UPTAKE_BY_INSULIN_LIKE_GROWTH_FACTOR_BINDING_PROTEINS_IGFBPS","REACTOME_REGULATION_OF_INSULIN_LIKE_GROWTH_FACTOR_IGF_TRANSPORT_AND_UPTAKE_BY_INSULIN_LIKE_GROWTH_FACTOR_BINDING_PROTEINS_IGFBPS",15,-0.490618377684397,-1.63812329228428,0.0223418759240216,0.541169883492967,0.533069320292445,100,"tags=33%, list=3%, signal=32%","CKAP4/CST3/SPARCL1/APOE/SCG3"
"REACTOME_RRNA_PROCESSING","REACTOME_RRNA_PROCESSING",40,0.375123764408108,1.64816452600845,0.0251517200369747,0.548307496806047,0.540100093425561,1402,"tags=75%, list=47%, signal=40%","MRM2/UTP14A/PELP1/NIP7/LTV1/UTP4/IMP4/EXOSC9/UTP3/KRR1/RPL22L1/FBL/NSUN4/RIOK1/RPS27L/MPHOSPH6/TRUB2/PES1/PRORP/NOP10/MPHOSPH10/ERI1/GNL3/RPL23/CSNK1D/RPS26/NAT10/RBM28/PWP2/DDX21"
"REACTOME_G_ALPHA_Q_SIGNALLING_EVENTS","REACTOME_G_ALPHA_Q_SIGNALLING_EVENTS",17,-0.453563383534403,-1.59970574240516,0.0239968004731101,0.548307496806047,0.540100093425561,220,"tags=35%, list=7%, signal=33%","DGKA/GNG10/NMUR2/GRM5/PLCB1/CCK"
"REACTOME_REGULATION_OF_INSULIN_SECRETION","REACTOME_REGULATION_OF_INSULIN_SECRETION",16,-0.474743407052287,-1.6417514981429,0.0298225834057969,0.55819043118389,0.549835093971577,490,"tags=50%, list=17%, signal=42%","CACNA1A/ITPR2/PRKAR2B/CACNA1C/MARCKS/GNG10/CACNA1E/PLCB1"
"REACTOME_SIGNALING_BY_INTERLEUKINS","REACTOME_SIGNALING_BY_INTERLEUKINS",69,0.306179654147092,1.51020831286235,0.0285533324547812,0.55819043118389,0.549835093971577,1446,"tags=72%, list=49%, signal=38%","STAT5A/FN1/IL17RC/IRAK2/IL6R/IRAK1/IL17RB/NFKBIA/STX3/IRAK4/MAOA/INPPL1/TNIP2/BCL6/BCL2/PTPN11/STAT3/TYK2/BCL2L1/HSP90AA1/NFKBIB/TGFB1/DUSP3/HAVCR2/PAK2/CRK/MAP3K3/TCP1/SOD1/ADRM1/IL10RB/PTPN2/IL6ST/STAT2/RAP1B/IRS2/MAPKAPK2/PSMC1/SOX2/HSPA9/PSMD3/UBE2V1/PSMC6/CHUK/PELI1/PSMD11/MAPK14/MAP2K1/MAP2K4/PSMD12"
"REACTOME_CELL_CYCLE","REACTOME_CELL_CYCLE",125,0.264411826184675,1.47824439920043,0.0296031652703702,0.55819043118389,0.549835093971577,1392,"tags=62%, list=47%, signal=34%","FOXM1/LIN9/FEN1/CENPI/CDC14A/SYCE2/RFC4/CDK11B/CENPE/NUP107/LMNA/HSP90AB1/CC2D1B/CDK7/LIG1/ODF2/LEMD2/TUBA1C/CHMP4A/H2AX/GORASP1/PPP1CC/MCM8/LPIN2/CDK11A/TUBB4A/CEP250/VPS4A/MAX/ORC2/HSP90AA1/DNA2/STN1/OPTN/NUP188/RNF168/LIN54/TUBG2/RCC2/AHCTF1/FBXL18/SEH1L/ADRM1/BANF1/MCPH1/ARPP19/MRE11/BUB3/NOP10/TNPO1/NUP58/SEC13/CLIP1/RANBP2/SFI1/NCAPD3/CENPQ/PSMC1/TOPBP1/CSNK1D/PRKCA/DYNC1LI2/CHMP3/NUP98/POLA2/CCP110/LIN52/PSMD3/LBR/PSMC6/CENPT/WRN/KAT5/ATM/TERF2/PSMD11/XPO1/MAPK14"
"REACTOME_CYTOKINE_SIGNALING_IN_IMMUNE_SYSTEM","REACTOME_CYTOKINE_SIGNALING_IN_IMMUNE_SYSTEM",116,0.265015580805673,1.45804651316153,0.0307260787807646,0.55819043118389,0.549835093971577,1446,"tags=68%, list=49%, signal=36%","SAMHD1/HSPA1B/STAT5A/FKBP5/HSPA1A/RELB/FN1/IL17RC/IRAK2/IL6R/IRAK1/IL17RB/IRF9/NFKBIA/STX3/IRAK4/NUP107/FNTB/MAOA/FANCB/INPPL1/TNIP2/TUBA1C/ISG20/BCL6/BCL2/PTPN11/TUBB4A/STAT3/TYK2/BCL2L1/HSP90AA1/NFKBIB/TGFB1/DUSP3/HAVCR2/PAK2/RIGI/CRK/NUP188/FANCM/MAP3K3/EIF4E/TCP1/SOD1/SEH1L/ADRM1/EIF2S3/IL10RB/PTPN2/MT2A/NUP58/SEC13/IL6ST/STAT2/RANBP2/FLNB/RAP1B/IRS2/MAPKAPK2/PSMC1/SOX2/HSPA9/NUP98/PSMD3/UBE2V1/PSMC6/ADAR/MAPT/CHUK/PELI1/PSMD11/MAPK14/NUP88/ABCE1/MAP2K1/SNCA/MAP2K4/PSMD12"
"REACTOME_MUSCLE_CONTRACTION","REACTOME_MUSCLE_CONTRACTION",34,-0.334280913732973,-1.46201591850092,0.0397874304697771,0.693892787392913,0.683506173965014,486,"tags=38%, list=16%, signal=32%","DYSF/ITPR2/KCNIP4/SCN8A/CACNA1C/SLC8A1/KCND3/NPPC/CAMK2A/KCND2/ATP1A2/SCN2A/FGF14"
"REACTOME_INTERLEUKIN_4_AND_INTERLEUKIN_13_SIGNALING","REACTOME_INTERLEUKIN_4_AND_INTERLEUKIN_13_SIGNALING",15,0.492179033895928,1.61322773543793,0.0489307932460148,0.760383174999795,0.749001292612063,796,"tags=67%, list=27%, signal=49%","FN1/IL6R/MAOA/BCL6/BCL2/STAT3/TYK2/BCL2L1/HSP90AA1/TGFB1"
"REACTOME_UNFOLDED_PROTEIN_RESPONSE_UPR","REACTOME_UNFOLDED_PROTEIN_RESPONSE_UPR",21,0.432003398430798,1.56601070622036,0.0505759451261332,0.760383174999795,0.749001292612063,1194,"tags=76%, list=40%, signal=46%","DDX11/WIPI1/LMNA/TSPYL2/ERN1/GOSR2/GSK3A/HDGF/EXOSC9/ADD1/EIF2S3/DNAJB11/ATF4/DDIT3/KHSRP/CTDSP2"
"REACTOME_SIGNALING_BY_ALK_IN_CANCER","REACTOME_SIGNALING_BY_ALK_IN_CANCER",18,0.450213478274745,1.55145401064883,0.0465116279069767,0.760383174999795,0.749001292612063,94,"tags=17%, list=3%, signal=16%","FOXM1/STAT5A/FN1"
"REACTOME_REGULATION_OF_MRNA_STABILITY_BY_PROTEINS_THAT_BIND_AU_RICH_ELEMENTS","REACTOME_REGULATION_OF_MRNA_STABILITY_BY_PROTEINS_THAT_BIND_AU_RICH_ELEMENTS",20,0.428346787176238,1.52668153087683,0.0483271375464684,0.760383174999795,0.749001292612063,1446,"tags=85%, list=49%, signal=44%","HSPB1/HSPA1A/EXOSC9/PABPC1/ADRM1/TNPO1/ELAVL1/KHSRP/MAPKAPK2/PSMC1/PRKCA/PSMD3/PSMC6/PSMD11/XPO1/MAPK14/PSMD12"
"REACTOME_IRE1ALPHA_ACTIVATES_CHAPERONES","REACTOME_IRE1ALPHA_ACTIVATES_CHAPERONES",14,0.495253278871196,1.57434482042725,0.0651103906274384,0.860550931090706,0.847669676207166,777,"tags=64%, list=26%, signal=48%","DDX11/WIPI1/LMNA/TSPYL2/ERN1/GOSR2/GSK3A/HDGF/ADD1"
"REACTOME_INTERACTION_BETWEEN_L1_AND_ANKYRINS","REACTOME_INTERACTION_BETWEEN_L1_AND_ANKYRINS",11,-0.513883174517359,-1.56390741213583,0.0651685393258427,0.860550931090706,0.847669676207166,576,"tags=45%, list=20%, signal=37%","ACTG1/SCN8A/NRCAM/SCN2A/KCNQ3"
"REACTOME_ASSEMBLY_AND_CELL_SURFACE_PRESENTATION_OF_NMDA_RECEPTORS","REACTOME_ASSEMBLY_AND_CELL_SURFACE_PRESENTATION_OF_NMDA_RECEPTORS",10,-0.520396709567581,-1.53169308338451,0.0717391304347826,0.860550931090706,0.847669676207166,422,"tags=50%, list=14%, signal=43%","TUBB2A/TUBB2B/GRIN2A/CAMK2A/GRIN2B"
"REACTOME_L1CAM_INTERACTIONS","REACTOME_L1CAM_INTERACTIONS",22,-0.396961436698343,-1.51568952079603,0.0637813211845103,0.860550931090706,0.847669676207166,424,"tags=32%, list=14%, signal=27%","SCN8A/TUBB2A/TUBB2B/CNTN1/NRCAM/SCN2A/KCNQ3"
"REACTOME_ESR_MEDIATED_SIGNALING","REACTOME_ESR_MEDIATED_SIGNALING",26,0.37293733327366,1.46477161431184,0.0770577933450088,0.860550931090706,0.847669676207166,766,"tags=38%, list=26%, signal=29%","HSPB1/FKBP5/FKBP4/GNG5/HSP90AB1/H2AX/PTGES3/BCL2/HSP90AA1/CTSD"
"REACTOME_NUCLEAR_ENVELOPE_NE_REASSEMBLY","REACTOME_NUCLEAR_ENVELOPE_NE_REASSEMBLY",23,0.387481445151495,1.4640258512126,0.0693950177935943,0.860550931090706,0.847669676207166,1294,"tags=78%, list=44%, signal=44%","NUP107/LMNA/CC2D1B/LEMD2/TUBA1C/CHMP4A/TUBB4A/VPS4A/NUP188/AHCTF1/SEH1L/BANF1/TNPO1/NUP58/SEC13/CHMP3/NUP98/LBR"
"REACTOME_POTENTIAL_THERAPEUTICS_FOR_SARS","REACTOME_POTENTIAL_THERAPEUTICS_FOR_SARS",18,0.419106554917548,1.44425828388736,0.0840787119856887,0.860550931090706,0.847669676207166,1168,"tags=83%, list=40%, signal=51%","FKBP4/IL6R/FNTB/HSP90AB1/RIPK1/PTGES3/ATP1B3/HMG20B/TYK2/HSP90AA1/NFE2L2/MBD3/STAT2/BRD4/REST"
"REACTOME_SIGNALING_BY_FGFR1_IN_DISEASE","REACTOME_SIGNALING_BY_FGFR1_IN_DISEASE",10,0.50671607360824,1.44182606785875,0.0811808118081181,0.860550931090706,0.847669676207166,669,"tags=40%, list=23%, signal=31%","STAT5A/BAG4/FGFR1/STAT3"
"REACTOME_CYTOPROTECTION_BY_HMOX1","REACTOME_CYTOPROTECTION_BY_HMOX1",10,0.505496364179453,1.43835546777079,0.0848708487084871,0.860550931090706,0.847669676207166,34,"tags=20%, list=1%, signal=20%","ABCC1/HIGD1C"
"REACTOME_SARS_COV_2_ACTIVATES_MODULATES_INNATE_AND_ADAPTIVE_IMMUNE_RESPONSES","REACTOME_SARS_COV_2_ACTIVATES_MODULATES_INNATE_AND_ADAPTIVE_IMMUNE_RESPONSES",28,0.356366998720233,1.43311208955747,0.0767888307155323,0.860550931090706,0.847669676207166,1410,"tags=82%, list=48%, signal=43%","IL17RC/IRAK2/IRAK1/NUP107/HSP90AB1/TLR1/PTPN11/SEC24A/TYK2/HSP90AA1/RIGI/NUP188/SEH1L/NUP58/SEC13/STAT2/RANBP2/NUP98/UBE2V1/CHUK/SEC23A/G3BP1/NUP88"
"REACTOME_G_ALPHA_I_SIGNALLING_EVENTS","REACTOME_G_ALPHA_I_SIGNALLING_EVENTS",28,-0.342664036551021,-1.41541668900588,0.0839160839160839,0.860550931090706,0.847669676207166,222,"tags=25%, list=8%, signal=23%","TAS2R14/RGS7/GNG10/CAMK2A/NMUR2/PLCB1/RGS6"
"REACTOME_MITOTIC_METAPHASE_AND_ANAPHASE","REACTOME_MITOTIC_METAPHASE_AND_ANAPHASE",51,0.302480920083789,1.40117149355383,0.0752136752136752,0.860550931090706,0.847669676207166,1386,"tags=67%, list=47%, signal=36%","CENPI/CENPE/NUP107/LMNA/CC2D1B/LEMD2/TUBA1C/CHMP4A/PPP1CC/TUBB4A/VPS4A/NUP188/RCC2/AHCTF1/SEH1L/ADRM1/BANF1/BUB3/TNPO1/NUP58/SEC13/CLIP1/RANBP2/CENPQ/PSMC1/DYNC1LI2/CHMP3/NUP98/PSMD3/LBR/PSMC6/CENPT/PSMD11/XPO1"
"REACTOME_TRANSLATION","REACTOME_TRANSLATION",70,0.278882422953478,1.37453003566062,0.0782312925170068,0.860550931090706,0.847669676207166,1484,"tags=74%, list=50%, signal=38%","MRPL16/TARS2/DAP3/TRIP4/RPL22L1/MRPL49/MRPL46/QARS1/MRPS25/RPN1/MTRES1/MRPS16/RPS27L/MRPL45/MRPL39/PABPC1/MRPS10/EIF4E/UFD1/ADRM1/EIF2S3/HARS2/MARS1/MRPL30/WARS2/IARS1/MRRF/PPA1/RPL23/EIF4H/FARSB/NARS2/EIF5/PSMC1/RPS26/MRPS18C/PSMD3/CARS1/TCF25/PSMC6/TRAM1/MRPL22/RPN2/PSMD11/AARS1/ABCE1/PSMD12/MALSU1/EIF2B1/EIF4B/SARS1/EIF5B"
"REACTOME_CELLULAR_RESPONSES_TO_STIMULI","REACTOME_CELLULAR_RESPONSES_TO_STIMULI",182,0.215885039179956,1.28071794674543,0.0725075528700906,0.860550931090706,0.847669676207166,781,"tags=29%, list=26%, signal=23%","BAG3/HSPB1/HSPA1B/ABCC1/HIGD1C/FKBP5/HSPA1A/STIP1/FN1/DNAJA4/HSPH1/FKBP4/HSPA4L/GNG5/DDX11/DEDD2/DNAJB1/WIPI1/MT3/NFKBIA/DNAJA1/NUP107/LMNA/TSPYL2/ERN1/KICS2/FLCN/HSP90AB1/HIF3A/BMAL1/HSPA4/GOSR2/TUBA1C/RRAGD/GSK3A/H2AX/BAG4/PTGES3/BCL2/HDGF/EXOSC9/CRTC2/TUBB4A/RPL22L1/STAT3/CRYAB/BCL2L1/HSP90AA1/DPP3/RPS27L/MINK1/ADD1/ERF"
"REACTOME_NON_INTEGRIN_MEMBRANE_ECM_INTERACTIONS","REACTOME_NON_INTEGRIN_MEMBRANE_ECM_INTERACTIONS",12,-0.473025296510077,-1.45255543918264,0.0909090909090909,0.861660079051383,0.848762221759934,51,"tags=42%, list=2%, signal=41%","ACTG1/SGCZ/NRXN1/NTN4/SNTB1"
"REACTOME_NETRIN_1_SIGNALING","REACTOME_NETRIN_1_SIGNALING",13,-0.455113873341836,-1.4442527821335,0.0891304347826087,0.861660079051383,0.848762221759934,926,"tags=62%, list=31%, signal=42%","MYO10/PRKCQ/UNC5C/SLIT2/DSCAML1/ABLIM1/DSCAM/NTN4"
"REACTOME_PROCESSING_OF_CAPPED_INTRON_CONTAINING_PRE_MRNA","REACTOME_PROCESSING_OF_CAPPED_INTRON_CONTAINING_PRE_MRNA",61,0.279526695868345,1.34237553910227,0.0905982905982906,0.861660079051383,0.848762221759934,1526,"tags=70%, list=52%, signal=35%","THOC3/TFIP11/NUP107/CSTF2/STEEP1/DDX41/PQBP1/SRSF4/SF3B2/GLE1/PTBP1/SUGP1/SNIP1/SNRPB/ZNF830/HNRNPL/PAPOLA/DHX8/NUP188/EIF4E/PRPF19/SYF2/SEH1L/RBBP6/PRPF8/NUP58/SEC13/RANBP2/DDX39A/PDCD7/LSM5/NUP98/METTL14/SNRNP200/NUP88/CPSF1/CTNNBL1/CWC22/FAM50A/UBL5/NUP153/SRSF7/GTF2F2"
"REACTOME_SIGNALING_BY_ERBB4","REACTOME_SIGNALING_BY_ERBB4",11,-0.47548150559182,-1.4470391088927,0.098876404494382,0.917236433181927,0.903506674887074,49,"tags=36%, list=2%, signal=36%","NRG3/GABRG3/GABRB1/APOE"
"REACTOME_AUF1_HNRNP_D0_BINDS_AND_DESTABILIZES_MRNA","REACTOME_AUF1_HNRNP_D0_BINDS_AND_DESTABILIZES_MRNA",11,0.485801186607331,1.43411729447613,0.104129263913824,0.945840813883902,0.931682887650005,61,"tags=18%, list=2%, signal=18%","HSPB1/HSPA1A"
"REACTOME_BBSOME_MEDIATED_CARGO_TARGETING_TO_CILIUM","REACTOME_BBSOME_MEDIATED_CARGO_TARGETING_TO_CILIUM",10,0.488588144613632,1.39024428085405,0.118081180811808,1,0.98503138580396,1350,"tags=90%, list=46%, signal=49%","LZTFL1/TTC8/CCT5/TCP1/BBS2/BBS5/CCT4/CCT8/CCT3"
"REACTOME_CELL_SURFACE_INTERACTIONS_AT_THE_VASCULAR_WALL","REACTOME_CELL_SURFACE_INTERACTIONS_AT_THE_VASCULAR_WALL",12,0.454932051597664,1.37895049802927,0.130671506352087,1,0.98503138580396,924,"tags=67%, list=31%, signal=46%","ANGPT1/FN1/SELL/PTPN11/ATP1B3/ANGPT2/TGFB1/PICK1"
"REACTOME_CIRCADIAN_CLOCK","REACTOME_CIRCADIAN_CLOCK",23,0.363886548181256,1.37487696536692,0.117437722419929,1,0.98503138580396,633,"tags=39%, list=21%, signal=31%","NOCT/KLF15/CRY1/RORB/BMAL1/PER1/PPP1CC/CDK5/CRTC2"
"REACTOME_INTERLEUKIN_12_FAMILY_SIGNALING","REACTOME_INTERLEUKIN_12_FAMILY_SIGNALING",10,0.482266137597156,1.37225544056992,0.123616236162362,1,0.98503138580396,1256,"tags=80%, list=43%, signal=46%","STAT3/TYK2/PAK2/TCP1/SOD1/IL6ST/RAP1B/HSPA9"
"REACTOME_ABC_FAMILY_PROTEINS_MEDIATED_TRANSPORT","REACTOME_ABC_FAMILY_PROTEINS_MEDIATED_TRANSPORT",18,0.395718046283171,1.36366052910012,0.125223613595707,1,0.98503138580396,70,"tags=17%, list=2%, signal=16%","ABCC1/ABCA9/ABCA6"
"REACTOME_CONSTITUTIVE_SIGNALING_BY_ABERRANT_PI3K_IN_CANCER","REACTOME_CONSTITUTIVE_SIGNALING_BY_ABERRANT_PI3K_IN_CANCER",13,-0.423408728986886,-1.34364006600962,0.152173913043478,1,0.98503138580396,410,"tags=31%, list=14%, signal=27%","NTRK2/NRG3/NTRK3/FGFR3"
"REACTOME_ANTI_INFLAMMATORY_RESPONSE_FAVOURING_LEISHMANIA_PARASITE_INFECTION","REACTOME_ANTI_INFLAMMATORY_RESPONSE_FAVOURING_LEISHMANIA_PARASITE_INFECTION",12,0.439997163762669,1.33368116396992,0.157894736842105,1,0.98503138580396,133,"tags=25%, list=5%, signal=24%","FCGR2A/PRKX/GNG5"
"REACTOME_NEDDYLATION","REACTOME_NEDDYLATION",48,0.29003965137967,1.3217669787128,0.120543293718166,1,0.98503138580396,1311,"tags=58%, list=44%, signal=33%","FBXO17/ASB14/DCAF4/KBTBD6/ASB4/FBXO2/DCUN1D3/FEM1C/HIF3A/ZBTB16/FBXO31/DPP3/LRRC41/MUL1/NFE2L2/VHL/DCAF11/CUL4A/UFD1/FBXL18/ADRM1/BTBD1/GAN/PSMC1/KLHL20/PSMD3/FBXO32/PSMC6"
"REACTOME_SENSORY_PERCEPTION","REACTOME_SENSORY_PERCEPTION",34,-0.297827534174058,-1.30258288176804,0.147540983606557,1,0.98503138580396,310,"tags=24%, list=10%, signal=21%","CYP4V2/REEP1/ANO2/TAS2R14/OR2L3/SCN2A/APOE/PCDH15"
"REACTOME_METABOLISM_OF_NUCLEOTIDES","REACTOME_METABOLISM_OF_NUCLEOTIDES",10,0.457430562888117,1.30158750463736,0.171586715867159,1,0.98503138580396,319,"tags=40%, list=11%, signal=36%","SAMHD1/ADPRM/CTPS1/PPAT"
"REACTOME_INTERLEUKIN_17_SIGNALING","REACTOME_INTERLEUKIN_17_SIGNALING",16,0.395801072132581,1.30021894450243,0.151459854014599,1,0.98503138580396,217,"tags=25%, list=7%, signal=23%","IL17RC/IRAK2/IRAK1/IL17RB"
"REACTOME_REPRODUCTION","REACTOME_REPRODUCTION",14,0.408490887458541,1.29853862720078,0.171270718232044,1,0.98503138580396,535,"tags=43%, list=18%, signal=35%","SYCE2/OVGP1/CATSPERG/LMNA/IZUMO4/H2AX"
"REACTOME_COLLAGEN_FORMATION","REACTOME_COLLAGEN_FORMATION",10,0.456308306262948,1.2983941998632,0.173431734317343,1,0.98503138580396,505,"tags=50%, list=17%, signal=42%","ITGB4/PLOD3/COL18A1/P3H2/PLOD1"
"REACTOME_SIGNALING_BY_NUCLEAR_RECEPTORS","REACTOME_SIGNALING_BY_NUCLEAR_RECEPTORS",36,0.299463531679562,1.29177928085569,0.15916955017301,1,0.98503138580396,591,"tags=31%, list=20%, signal=25%","HSPB1/FKBP5/FKBP4/GNG5/ALDH1A2/HSP90AB1/DLAT/PDK4/H2AX/PTGES3/BCL2"
"REACTOME_S_PHASE","REACTOME_S_PHASE",27,0.325202714320384,1.29147515257964,0.147627416520211,1,0.98503138580396,1643,"tags=85%, list=56%, signal=38%","LIN9/FEN1/RFC4/CDK7/LIG1/MCM8/MAX/ORC2/DNA2/LIN54/ADRM1/PSMC1/POLA2/LIN52/PSMD3/PSMC6/PSMD11/PSMD12/ANAPC16/PSMA6/PDS5A/CDC27/CDC16"
"REACTOME_MAPK6_MAPK4_SIGNALING","REACTOME_MAPK6_MAPK4_SIGNALING",16,0.389582557232901,1.2797909278837,0.16970802919708,1,0.98503138580396,161,"tags=19%, list=5%, signal=18%","HSPB1/CDC14A/DNAJB1"
"REACTOME_EXTRACELLULAR_MATRIX_ORGANIZATION","REACTOME_EXTRACELLULAR_MATRIX_ORGANIZATION",40,-0.277772950426761,-1.27943774522315,0.135514018691589,1,0.98503138580396,251,"tags=18%, list=8%, signal=16%","TNR/COL9A3/MMP16/NRXN1/EFEMP1/NTN4/SNTB1"
"REACTOME_MITOTIC_SPINDLE_CHECKPOINT","REACTOME_MITOTIC_SPINDLE_CHECKPOINT",24,0.334952225135735,1.2743116821685,0.154804270462633,1,0.98503138580396,1386,"tags=67%, list=47%, signal=36%","CENPI/CENPE/NUP107/PPP1CC/RCC2/AHCTF1/SEH1L/BUB3/SEC13/CLIP1/RANBP2/CENPQ/DYNC1LI2/NUP98/CENPT/XPO1"
"REACTOME_TRNA_AMINOACYLATION","REACTOME_TRNA_AMINOACYLATION",13,0.409973712544242,1.27188972391963,0.190036900369004,1,0.98503138580396,1472,"tags=92%, list=50%, signal=46%","TARS2/QARS1/HARS2/MARS1/WARS2/IARS1/PPA1/FARSB/NARS2/CARS1/AARS1/SARS1"
"REACTOME_P75_NTR_RECEPTOR_MEDIATED_SIGNALLING","REACTOME_P75_NTR_RECEPTOR_MEDIATED_SIGNALLING",13,0.409732993779421,1.27114292549339,0.190036900369004,1,0.98503138580396,259,"tags=23%, list=9%, signal=21%","IRAK1/NGFR/NFKBIA"
"REACTOME_INTERFERON_SIGNALING","REACTOME_INTERFERON_SIGNALING",50,0.275515742152197,1.27023738027375,0.143835616438356,1,0.98503138580396,1107,"tags=52%, list=37%, signal=33%","SAMHD1/HSPA1B/FKBP5/HSPA1A/IRF9/NUP107/FNTB/FANCB/TUBA1C/ISG20/PTPN11/TUBB4A/STAT3/TYK2/RIGI/NUP188/FANCM/EIF4E/SEH1L/EIF2S3/PTPN2/MT2A/NUP58/SEC13/STAT2/RANBP2"
"REACTOME_SIGNALING_BY_GPCR","REACTOME_SIGNALING_BY_GPCR",54,-0.249854250193816,-1.26116797079652,0.169047619047619,1,0.98503138580396,266,"tags=20%, list=9%, signal=19%","KEL/TAS2R14/DGKA/RGS7/GNG10/CAMK2A/NMUR2/GRM5/PLCB1/RGS6/CCK"
"REACTOME_GLYCOSAMINOGLYCAN_METABOLISM","REACTOME_GLYCOSAMINOGLYCAN_METABOLISM",18,-0.352734714435822,-1.25462697962466,0.209932279909707,1,0.98503138580396,467,"tags=33%, list=16%, signal=28%","HS3ST5/DSE/CHST11/B4GALT7/CSGALNACT1/HS6ST3"
"REACTOME_DENGUE_VIRUS_GENOME_TRANSLATION_AND_REPLICATION","REACTOME_DENGUE_VIRUS_GENOME_TRANSLATION_AND_REPLICATION",16,0.380234478314467,1.24908219523939,0.204379562043796,1,0.98503138580396,1483,"tags=81%, list=50%, signal=41%","HSPA1B/HSPA1A/NMT1/RPN1/PABPC1/EIF4E/UFD1/DNAJB11/DNAJC10/RPN2/XPO1/SCAP/RRBP1"
"REACTOME_RHOC_GTPASE_CYCLE","REACTOME_RHOC_GTPASE_CYCLE",13,0.398884959595786,1.23748832086698,0.219557195571956,1,0.98503138580396,1422,"tags=77%, list=48%, signal=40%","DEPDC1B/CIT/ERBIN/SLK/ARHGEF40/MYO9B/LBR/ANLN/MCAM/RTKN"
"REACTOME_RESOLUTION_OF_SISTER_CHROMATID_COHESION","REACTOME_RESOLUTION_OF_SISTER_CHROMATID_COHESION",25,0.321004600315512,1.23731306803114,0.180035650623886,1,0.98503138580396,1386,"tags=72%, list=47%, signal=39%","CENPI/CENPE/NUP107/TUBA1C/PPP1CC/TUBB4A/RCC2/AHCTF1/SEH1L/BUB3/SEC13/CLIP1/RANBP2/CENPQ/DYNC1LI2/NUP98/CENPT/XPO1"
"REACTOME_ACTIVATION_OF_NMDA_RECEPTORS_AND_POSTSYNAPTIC_EVENTS","REACTOME_ACTIVATION_OF_NMDA_RECEPTORS_AND_POSTSYNAPTIC_EVENTS",21,-0.328372892978077,-1.23730846096154,0.203056768558952,1,0.98503138580396,448,"tags=48%, list=15%, signal=41%","GRIA4/RASGRF2/GRIA3/PRKAR2B/TUBB2A/TUBB2B/GRIN2A/CAMK2A/PRKAA2/GRIN2B"
"REACTOME_RHOB_GTPASE_CYCLE","REACTOME_RHOB_GTPASE_CYCLE",10,0.434650885223844,1.23676948368948,0.226937269372694,1,0.98503138580396,1422,"tags=80%, list=48%, signal=42%","DEPDC1B/CIT/ERBIN/SLK/MYO9B/ANLN/MCAM/RTKN"
"REACTOME_RNA_POLYMERASE_II_TRANSCRIPTION_TERMINATION","REACTOME_RNA_POLYMERASE_II_TRANSCRIPTION_TERMINATION",14,0.388177903891411,1.23396633292092,0.211786372007366,1,0.98503138580396,861,"tags=43%, list=29%, signal=31%","THOC3/CSTF2/LSM10/SRSF4/SNRPB/PAPOLA"
"REACTOME_SEALING_OF_THE_NUCLEAR_ENVELOPE_NE_BY_ESCRT_III","REACTOME_SEALING_OF_THE_NUCLEAR_ENVELOPE_NE_BY_ESCRT_III",10,0.433363595294943,1.2331065878923,0.230627306273063,1,0.98503138580396,721,"tags=60%, list=24%, signal=46%","CC2D1B/LEMD2/TUBA1C/CHMP4A/TUBB4A/VPS4A"
"REACTOME_CYTOSOLIC_SENSORS_OF_PATHOGEN_ASSOCIATED_DNA","REACTOME_CYTOSOLIC_SENSORS_OF_PATHOGEN_ASSOCIATED_DNA",14,0.387578416438874,1.23206064141704,0.211786372007366,1,0.98503138580396,1058,"tags=64%, list=36%, signal=41%","NFKBIA/DDX41/TRIM56/RIPK1/POLR1C/NFKBIB/POLR3G/IFI16/MRE11"
"REACTOME_MRNA_POLYADENYLATION","REACTOME_MRNA_POLYADENYLATION",19,0.348881708140391,1.21897322497484,0.209647495361781,1,0.98503138580396,994,"tags=47%, list=34%, signal=32%","CSTF2/SRSF4/SF3B2/PTBP1/SUGP1/SNRPB/HNRNPL/PAPOLA/RBBP6"
"REACTOME_SLC_MEDIATED_TRANSMEMBRANE_TRANSPORT","REACTOME_SLC_MEDIATED_TRANSMEMBRANE_TRANSPORT",22,0.324183983708595,1.21532612548039,0.223801065719361,1,0.98503138580396,681,"tags=41%, list=23%, signal=32%","SLC27A6/SLC3A1/SLC6A6/SLC5A11/SLC5A3/SLC38A2/SLC31A1/SLC25A18/SLC6A15"
"REACTOME_SEMAPHORIN_INTERACTIONS","REACTOME_SEMAPHORIN_INTERACTIONS",10,0.42688029690542,1.214658803994,0.261992619926199,1,0.98503138580396,855,"tags=70%, list=29%, signal=50%","DPYSL4/PLXND1/HSP90AB1/CDK5/HSP90AA1/PAK2/SEMA7A"
"REACTOME_MRNA_3_END_PROCESSING","REACTOME_MRNA_3_END_PROCESSING",23,0.319925528775369,1.2087785117217,0.217081850533808,1,0.98503138580396,994,"tags=43%, list=34%, signal=29%","THOC3/CSTF2/SRSF4/SF3B2/PTBP1/SUGP1/SNRPB/HNRNPL/PAPOLA/RBBP6"
"REACTOME_MRNA_SPLICING","REACTOME_MRNA_SPLICING",37,0.279015160514123,1.2086080812141,0.230769230769231,1,0.98503138580396,1634,"tags=78%, list=55%, signal=35%","TFIP11/STEEP1/DDX41/PQBP1/SRSF4/SF3B2/PTBP1/SUGP1/SNIP1/SNRPB/ZNF830/HNRNPL/DHX8/PRPF19/SYF2/PRPF8/PDCD7/LSM5/SNRNP200/CTNNBL1/CWC22/FAM50A/UBL5/SRSF7/GTF2F2/PNN/PPIG/DDX5/POLR2I"
"REACTOME_AMYLOID_FIBER_FORMATION","REACTOME_AMYLOID_FIBER_FORMATION",14,-0.367189400697992,-1.20213563717097,0.228758169934641,1,0.98503138580396,189,"tags=21%, list=6%, signal=20%","H4C3/CST3/APOE"
"REACTOME_EXTENSION_OF_TELOMERES","REACTOME_EXTENSION_OF_TELOMERES",11,0.407021718684717,1.20155508484784,0.251346499102334,1,0.98503138580396,1358,"tags=82%, list=46%, signal=44%","FEN1/RFC4/LIG1/DNA2/STN1/NOP10/POLA2/WRN/TERF2"
"REACTOME_HOST_INTERACTIONS_OF_HIV_FACTORS","REACTOME_HOST_INTERACTIONS_OF_HIV_FACTORS",28,0.298214228906432,1.19925362970935,0.226876090750436,1,0.98503138580396,1663,"tags=86%, list=56%, signal=38%","NUP107/AP1B1/PAK2/NUP188/SEH1L/ADRM1/BANF1/NUP58/SEC13/RANBP2/CCNT1/PSMC1/NUP98/PSMD3/PSMC6/SLC25A6/PSMD11/XPO1/NUP88/PSMD12/NUP153/PSMA6/KPNA1/RAC1"
"REACTOME_M_PHASE","REACTOME_M_PHASE",79,0.234047015487948,1.19606815578051,0.196747967479675,1,0.98503138580396,1324,"tags=58%, list=45%, signal=33%","CENPI/CENPE/NUP107/LMNA/CC2D1B/ODF2/LEMD2/TUBA1C/CHMP4A/H2AX/GORASP1/PPP1CC/LPIN2/TUBB4A/CEP250/VPS4A/HSP90AA1/NUP188/TUBG2/RCC2/AHCTF1/SEH1L/ADRM1/BANF1/MCPH1/ARPP19/BUB3/TNPO1/NUP58/SEC13/CLIP1/RANBP2/SFI1/NCAPD3/CENPQ/PSMC1/CSNK1D/PRKCA/DYNC1LI2/CHMP3/NUP98/CCP110/PSMD3/LBR/PSMC6/CENPT"
"REACTOME_RRNA_MODIFICATION_IN_THE_NUCLEUS_AND_CYTOSOL","REACTOME_RRNA_MODIFICATION_IN_THE_NUCLEUS_AND_CYTOSOL",13,0.385416731617649,1.19570490831965,0.254612546125461,1,0.98503138580396,1510,"tags=85%, list=51%, signal=42%","UTP14A/UTP4/IMP4/UTP3/KRR1/FBL/NOP10/MPHOSPH10/NAT10/PWP2/UTP20"
"REACTOME_SIGNALING_BY_PDGF","REACTOME_SIGNALING_BY_PDGF",10,0.418241031343567,1.19007636238023,0.280442804428044,1,0.98503138580396,890,"tags=60%, list=30%, signal=42%","STAT5A/PDGFC/PTPN11/STAT3/SPP1/CRK"
"REACTOME_MITOTIC_PROMETAPHASE","REACTOME_MITOTIC_PROMETAPHASE",39,0.271003370895381,1.18565189361824,0.250434782608696,1,0.98503138580396,1324,"tags=62%, list=45%, signal=34%","CENPI/CENPE/NUP107/ODF2/TUBA1C/PPP1CC/TUBB4A/CEP250/HSP90AA1/TUBG2/RCC2/AHCTF1/SEH1L/BUB3/SEC13/CLIP1/RANBP2/SFI1/CENPQ/CSNK1D/DYNC1LI2/NUP98/CCP110/CENPT"
"REACTOME_TAK1_DEPENDENT_IKK_AND_NF_KAPPA_B_ACTIVATION","REACTOME_TAK1_DEPENDENT_IKK_AND_NF_KAPPA_B_ACTIVATION",11,0.400772300470855,1.18310638816288,0.265709156193896,1,0.98503138580396,259,"tags=27%, list=9%, signal=25%","IRAK2/IRAK1/NFKBIA"
"REACTOME_TRANSLOCATION_OF_SLC2A4_GLUT4_TO_THE_PLASMA_MEMBRANE","REACTOME_TRANSLOCATION_OF_SLC2A4_GLUT4_TO_THE_PLASMA_MEMBRANE",18,-0.330735936059947,-1.17638046818248,0.26410835214447,1,0.98503138580396,1292,"tags=78%, list=44%, signal=44%","RAC1/EXOC4/C2CD5/YWHAB/STXBP3/EXOC7/YWHAQ/RAB4A/MYO5A/ACTG1/TUBB2A/TUBB2B/KIF3B/PRKAA2"
"REACTOME_SEPARATION_OF_SISTER_CHROMATIDS","REACTOME_SEPARATION_OF_SISTER_CHROMATIDS",37,0.27157327216134,1.17637210383533,0.258741258741259,1,0.98503138580396,1643,"tags=81%, list=56%, signal=36%","CENPI/CENPE/NUP107/TUBA1C/PPP1CC/TUBB4A/RCC2/AHCTF1/SEH1L/ADRM1/BUB3/SEC13/CLIP1/RANBP2/CENPQ/PSMC1/DYNC1LI2/NUP98/PSMD3/PSMC6/CENPT/PSMD11/XPO1/PSMD12/ANAPC16/PAFAH1B1/PSMA6/PDS5A/CDC27/CDC16"
"REACTOME_G_ALPHA_S_SIGNALLING_EVENTS","REACTOME_G_ALPHA_S_SIGNALLING_EVENTS",13,0.375932820115329,1.16628231556972,0.289667896678967,1,0.98503138580396,683,"tags=46%, list=23%, signal=36%","FN1/GNG5/GIPR/GRK2/ARRB2/GNAZ"
"REACTOME_GPCR_LIGAND_BINDING","REACTOME_GPCR_LIGAND_BINDING",19,0.331411827236175,1.15793443569796,0.280148423005566,1,0.98503138580396,216,"tags=32%, list=7%, signal=29%","WNT2B/GNG5/NLN/GIPR/CHRM5/ECE1"
"REACTOME_DEUBIQUITINATION","REACTOME_DEUBIQUITINATION",37,0.266024416689187,1.15233616416533,0.284965034965035,1,0.98503138580396,1585,"tags=78%, list=54%, signal=37%","NFKBIA/SIAH2/TNIP2/RIPK1/ARRB2/NFRKB/RCE1/TGFB1/RIGI/MUL1/UFD1/TNIP1/ADRM1/USP5/ATXN3/PSMC1/INO80D/RAD23A/CCP110/PSMD3/PSMC6/PSMD11/APC/PSMD12/VDAC3/USP34/MYSM1/PSMA6/USP8"
"REACTOME_CELL_CYCLE_CHECKPOINTS","REACTOME_CELL_CYCLE_CHECKPOINTS",52,0.245175768260356,1.14527915883196,0.285229202037351,1,0.98503138580396,1392,"tags=63%, list=47%, signal=34%","CENPI/RFC4/CENPE/NUP107/H2AX/PPP1CC/MCM8/ORC2/DNA2/RNF168/RCC2/AHCTF1/SEH1L/ADRM1/MRE11/BUB3/SEC13/CLIP1/RANBP2/CENPQ/PSMC1/TOPBP1/DYNC1LI2/NUP98/PSMD3/PSMC6/CENPT/WRN/KAT5/ATM/PSMD11/XPO1/MAPK14"
"REACTOME_RHOV_GTPASE_CYCLE","REACTOME_RHOV_GTPASE_CYCLE",10,0.401970778117567,1.14378046522255,0.330258302583026,1,0.98503138580396,1770,"tags=100%, list=60%, signal=40%","DEPDC1B/GIT1/PAK2/PAK4/CCP110/GIT2/CLTC/ARHGEF7/SPTBN1/PEAK1"
"REACTOME_EPH_EPHRIN_SIGNALING","REACTOME_EPH_EPHRIN_SIGNALING",15,-0.340645265457803,-1.13737880424803,0.292035398230089,1,0.98503138580396,708,"tags=40%, list=24%, signal=31%","TIAM1/ACTG1/EPHA3/EPHA7/PAK3/GRIN2B"
"REACTOME_TRANSPORT_OF_MATURE_TRANSCRIPT_TO_CYTOPLASM","REACTOME_TRANSPORT_OF_MATURE_TRANSCRIPT_TO_CYTOPLASM",21,0.312894402785049,1.13424104175492,0.295955882352941,1,0.98503138580396,1523,"tags=76%, list=52%, signal=37%","THOC3/NUP107/SRSF4/GLE1/NUP188/EIF4E/SEH1L/NUP58/SEC13/RANBP2/DDX39A/NUP98/NUP88/CPSF1/NUP153/SRSF7"
"REACTOME_PI3K_AKT_SIGNALING_IN_CANCER","REACTOME_PI3K_AKT_SIGNALING_IN_CANCER",18,-0.318780061012361,-1.13385512892373,0.297968397291196,1,0.98503138580396,410,"tags=22%, list=14%, signal=19%","NTRK2/NRG3/NTRK3/FGFR3"
"REACTOME_ESTROGEN_DEPENDENT_GENE_EXPRESSION","REACTOME_ESTROGEN_DEPENDENT_GENE_EXPRESSION",18,0.32805662566555,1.13049651369642,0.302325581395349,1,0.98503138580396,766,"tags=39%, list=26%, signal=29%","FKBP4/HSP90AB1/H2AX/PTGES3/BCL2/HSP90AA1/CTSD"
"REACTOME_DISORDERS_OF_TRANSMEMBRANE_TRANSPORTERS","REACTOME_DISORDERS_OF_TRANSMEMBRANE_TRANSPORTERS",26,0.287788300636895,1.1303350351214,0.281961471103327,1,0.98503138580396,1501,"tags=77%, list=51%, signal=38%","SLC3A1/NUP107/OS9/NUP188/SEH1L/ADRM1/NUP58/SEC13/RANBP2/PSMC1/ABCA3/NUP98/PSMD3/SLC3A2/PSMC6/SLC33A1/PSMD11/NUP88/PSMD12/NUP153"
"REACTOME_STIMULI_SENSING_CHANNELS","REACTOME_STIMULI_SENSING_CHANNELS",15,-0.33720234817471,-1.12588326463645,0.300884955752212,1,0.98503138580396,791,"tags=47%, list=27%, signal=34%","ANO4/UNC79/TTYH1/CLCA4/TRPM6/ANO2/ASIC1"
"REACTOME_INTERLEUKIN_1_SIGNALING","REACTOME_INTERLEUKIN_1_SIGNALING",25,0.288751018212013,1.11299155180287,0.297682709447415,1,0.98503138580396,1446,"tags=72%, list=49%, signal=37%","IRAK2/IRAK1/NFKBIA/IRAK4/TNIP2/NFKBIB/MAP3K3/ADRM1/PSMC1/PSMD3/UBE2V1/PSMC6/CHUK/PELI1/PSMD11/MAP2K1/MAP2K4/PSMD12"
"REACTOME_AUTOPHAGY","REACTOME_AUTOPHAGY",34,0.261365037276138,1.11063645572337,0.300869565217391,1,0.98503138580396,925,"tags=44%, list=31%, signal=31%","WIPI1/PLIN3/GFAP/ATG101/HSP90AB1/TUBA1C/RRAGD/CHMP4A/TUBB4A/VPS37C/HSP90AA1/TOMM40/ATG9A/OPTN/ATG4B"
"REACTOME_MITOTIC_G2_G2_M_PHASES","REACTOME_MITOTIC_G2_G2_M_PHASES",41,0.251744713916676,1.10984683440726,0.308362369337979,1,0.98503138580396,1386,"tags=61%, list=47%, signal=33%","FOXM1/LIN9/CDK11B/HSP90AB1/CDK7/ODF2/TUBA1C/CDK11A/TUBB4A/CEP250/HSP90AA1/OPTN/LIN54/TUBG2/FBXL18/ADRM1/SFI1/PSMC1/CSNK1D/CCP110/LIN52/PSMD3/PSMC6/PSMD11/XPO1"
"REACTOME_CHOLESTEROL_BIOSYNTHESIS","REACTOME_CHOLESTEROL_BIOSYNTHESIS",10,0.387692635751081,1.10315298380479,0.350553505535055,1,0.98503138580396,1354,"tags=80%, list=46%, signal=43%","EBP/DHCR24/MVK/DHCR7/FDFT1/LSS/LBR/HSD17B7"
"REACTOME_MITF_M_REGULATED_MELANOCYTE_DEVELOPMENT","REACTOME_MITF_M_REGULATED_MELANOCYTE_DEVELOPMENT",23,0.290325492352464,1.09694033453357,0.316725978647687,1,0.98503138580396,1451,"tags=65%, list=49%, signal=33%","DPF1/TCF7/LIG1/BCL2/QARS1/GXYLT2/MYRIP/MARS1/IARS1/SOX2/ATP6V0C/XPO1/MAPK14/ASAH1/ATP6V1F"
"REACTOME_UB_SPECIFIC_PROCESSING_PROTEASES","REACTOME_UB_SPECIFIC_PROCESSING_PROTEASES",24,0.287548037402049,1.09396443954826,0.330960854092527,1,0.98503138580396,1585,"tags=83%, list=54%, signal=39%","NFKBIA/SIAH2/RIPK1/ARRB2/RCE1/RIGI/MUL1/UFD1/ADRM1/USP5/PSMC1/CCP110/PSMD3/PSMC6/PSMD11/PSMD12/VDAC3/USP34/PSMA6/USP8"
"REACTOME_DECTIN_1_MEDIATED_NONCANONICAL_NF_KB_SIGNALING","REACTOME_DECTIN_1_MEDIATED_NONCANONICAL_NF_KB_SIGNALING",10,0.384339745215187,1.09361256219767,0.361623616236162,1,0.98503138580396,1578,"tags=90%, list=53%, signal=42%","RELB/ADRM1/PSMC1/PSMD3/PSMC6/CHUK/PSMD11/PSMD12/PSMA6"
"REACTOME_TNFR2_NON_CANONICAL_NF_KB_PATHWAY","REACTOME_TNFR2_NON_CANONICAL_NF_KB_PATHWAY",10,0.384339745215187,1.09361256219767,0.361623616236162,1,0.98503138580396,1578,"tags=90%, list=53%, signal=42%","RELB/ADRM1/PSMC1/PSMD3/PSMC6/CHUK/PSMD11/PSMD12/PSMA6"
"REACTOME_RHOJ_GTPASE_CYCLE","REACTOME_RHOJ_GTPASE_CYCLE",11,-0.359221569094219,-1.09322371769255,0.348314606741573,1,0.98503138580396,113,"tags=18%, list=4%, signal=18%","PAK3/GJA1"
"REACTOME_RHO_GTPASES_ACTIVATE_FORMINS","REACTOME_RHO_GTPASES_ACTIVATE_FORMINS",27,0.274465976604597,1.08998471846741,0.332161687170475,1,0.98503138580396,1386,"tags=67%, list=47%, signal=36%","CENPI/CENPE/NUP107/TUBA1C/PPP1CC/TUBB4A/RCC2/AHCTF1/SEH1L/BUB3/SEC13/CLIP1/RANBP2/CENPQ/DYNC1LI2/NUP98/CENPT/XPO1"
"REACTOME_POST_TRANSLATIONAL_MODIFICATION_SYNTHESIS_OF_GPI_ANCHORED_PROTEINS","REACTOME_POST_TRANSLATIONAL_MODIFICATION_SYNTHESIS_OF_GPI_ANCHORED_PROTEINS",17,-0.307855913001746,-1.08579944885459,0.365044247787611,1,0.98503138580396,254,"tags=24%, list=9%, signal=22%","OPCML/MDGA2/LY6H/CNTN5"
"REACTOME_MITOTIC_PROPHASE","REACTOME_MITOTIC_PROPHASE",26,0.27566291626117,1.0827106294598,0.345008756567426,1,0.98503138580396,1257,"tags=65%, list=43%, signal=38%","NUP107/LMNA/LEMD2/H2AX/GORASP1/LPIN2/NUP188/SEH1L/BANF1/MCPH1/ARPP19/NUP58/SEC13/RANBP2/NCAPD3/PRKCA/NUP98"
"REACTOME_DEGRADATION_OF_CRY_AND_PER_PROTEINS","REACTOME_DEGRADATION_OF_CRY_AND_PER_PROTEINS",10,0.380097005590043,1.08154013562728,0.374538745387454,1,0.98503138580396,1578,"tags=90%, list=53%, signal=42%","CRY1/PER1/ADRM1/PSMC1/PSMD3/PSMC6/PSMD11/PSMD12/PSMA6"
"REACTOME_EXPORT_OF_VIRAL_RIBONUCLEOPROTEINS_FROM_NUCLEUS","REACTOME_EXPORT_OF_VIRAL_RIBONUCLEOPROTEINS_FROM_NUCLEUS",13,0.348522246878849,1.08124460373725,0.365313653136531,1,0.98503138580396,1501,"tags=85%, list=51%, signal=42%","HSPA1A/NUP107/NUP188/SEH1L/NUP58/SEC13/RANBP2/NUP98/XPO1/NUP88/NUP153"
"REACTOME_ACTIVATION_OF_APC_C_AND_APC_C_CDC20_MEDIATED_DEGRADATION_OF_MITOTIC_PROTEINS","REACTOME_ACTIVATION_OF_APC_C_AND_APC_C_CDC20_MEDIATED_DEGRADATION_OF_MITOTIC_PROTEINS",13,-0.34047619047619,-1.08046296575124,0.367391304347826,1,0.98503138580396,1953,"tags=100%, list=66%, signal=34%","BUB3/PSMC1/PSMD3/PSMC6/PSMD11/PSMD12/ANAPC16/PSMA6/CDC27/CDC16/ANAPC7/PSMD14"
"REACTOME_CDK_MEDIATED_PHOSPHORYLATION_AND_REMOVAL_OF_CDC6","REACTOME_CDK_MEDIATED_PHOSPHORYLATION_AND_REMOVAL_OF_CDC6",13,-0.34047619047619,-1.08046296575124,0.367391304347826,1,0.98503138580396,1953,"tags=100%, list=66%, signal=34%","PSMC1/PSMD3/PSMC6/PSMD11/PSMD12/ANAPC16/PSMA6/CDC27/CDC16/ANAPC7/PSMD14/CCNE2"
"REACTOME_TRANSPORT_OF_SMALL_MOLECULES","REACTOME_TRANSPORT_OF_SMALL_MOLECULES",97,0.202190296903961,1.07977514729463,0.3456,1,0.98503138580396,177,"tags=11%, list=6%, signal=11%","AZGP1/ABCC1/SLC27A6/ABCA9/ABCA6/SLC3A1/NGB/ATP2B3/GNG5/LDLR/CYB5R2"
"REACTOME_EPIGENETIC_REGULATION_OF_GENE_EXPRESSION","REACTOME_EPIGENETIC_REGULATION_OF_GENE_EXPRESSION",51,0.231769974701433,1.07361972293453,0.362393162393162,1,0.98503138580396,1449,"tags=63%, list=49%, signal=33%","UHRF1/DPF1/ZNF324/PHF19/MEN1/CDK7/PDK4/ZNF778/H2AX/CDK5/POLR1C/MED7/CBX3/TAF1C/PAGR1/SAP30BP/MBD3/MED6/KMT2D/ZNF708/MPHOSPH8/DNMT1/MED23/DEK/ZCCHC8/KANSL2/HDAC2/KANSL3/BAZ1B/DDX21/BOD1L1/CBX5"
"REACTOME_COOPERATION_OF_PDCL_PHLP1_AND_TRIC_CCT_IN_G_PROTEIN_BETA_FOLDING","REACTOME_COOPERATION_OF_PDCL_PHLP1_AND_TRIC_CCT_IN_G_PROTEIN_BETA_FOLDING",13,-0.338155009137446,-1.0730969573681,0.371739130434783,1,0.98503138580396,204,"tags=23%, list=7%, signal=22%","RGS7/GNG10/RGS6"
"REACTOME_DISEASES_OF_GLYCOSYLATION","REACTOME_DISEASES_OF_GLYCOSYLATION",22,0.285042132281325,1.06858810932351,0.364120781527531,1,0.98503138580396,354,"tags=27%, list=12%, signal=24%","ADAMTS18/ALG1/MUC20/GALM/DHDDS/CHST3"
"REACTOME_SYNTHESIS_OF_SUBSTRATES_IN_N_GLYCAN_BIOSYTHESIS","REACTOME_SYNTHESIS_OF_SUBSTRATES_IN_N_GLYCAN_BIOSYTHESIS",14,-0.325857657532834,-1.0668202895308,0.363834422657952,1,0.98503138580396,974,"tags=64%, list=33%, signal=43%","ST6GALNAC3/SRD5A3/GMDS/ST3GAL4/NUS1/AMDHD2/NPL/CTSA/ST6GALNAC5"
"REACTOME_PROTEIN_FOLDING","REACTOME_PROTEIN_FOLDING",23,-0.273914142841847,-1.06601470240002,0.384090909090909,1,0.98503138580396,422,"tags=30%, list=14%, signal=26%","TUBB2A/TUBB2B/SKIC2/CCNE2/RGS7/GNG10/RGS6"
"REACTOME_ORC1_REMOVAL_FROM_CHROMATIN","REACTOME_ORC1_REMOVAL_FROM_CHROMATIN",10,0.373913976948891,1.06394674884235,0.383763837638376,1,0.98503138580396,1578,"tags=90%, list=53%, signal=42%","MCM8/ORC2/ADRM1/PSMC1/PSMD3/PSMC6/PSMD11/PSMD12/PSMA6"
"REACTOME_MITOTIC_G1_PHASE_AND_G1_S_TRANSITION","REACTOME_MITOTIC_G1_PHASE_AND_G1_S_TRANSITION",20,0.297694179419603,1.06101929365575,0.384758364312268,1,0.98503138580396,1446,"tags=70%, list=49%, signal=36%","LIN9/CDK7/MCM8/MAX/ORC2/LIN54/ADRM1/PSMC1/POLA2/LIN52/PSMD3/PSMC6/PSMD11/PSMD12"
"REACTOME_TOLL_LIKE_RECEPTOR_CASCADES","REACTOME_TOLL_LIKE_RECEPTOR_CASCADES",30,0.257569543678337,1.06027426788112,0.371134020618557,1,0.98503138580396,849,"tags=40%, list=29%, signal=29%","IRAK2/IRAK1/NFKBIA/IRAK4/TNIP2/RIPK1/TLR1/PTPN11/S100A1/NFKBIB/DUSP3/OPTN"
"REACTOME_PTEN_REGULATION","REACTOME_PTEN_REGULATION",18,0.30569390625959,1.05343367043294,0.391771019677996,1,0.98503138580396,1446,"tags=72%, list=49%, signal=37%","ATN1/RRAGD/MAF1/MBD3/ADRM1/RING1/REST/PSMC1/PSMD3/PSMC6/HDAC2/PSMD11/PSMD12"
"REACTOME_CHROMATIN_ORGANIZATION","REACTOME_CHROMATIN_ORGANIZATION",39,0.239794251936933,1.0491105994307,0.391304347826087,1,0.98503138580396,1637,"tags=77%, list=55%, signal=35%","DPF1/JMJD6/JADE2/H2AX/PRMT5/SETD7/PHF10/KMT5C/HMG20B/MSL3/MORF4L2/MBD3/KDM5C/DOT1L/KMT2D/REST/SETD6/KANSL2/KAT5/HDAC2/KANSL3/PRMT3/SETDB1/AEBP2/KDM3B/BRD8/PADI2/EHMT1/NFKB1/KMT2A"
"REACTOME_INTERLEUKIN_1_FAMILY_SIGNALING","REACTOME_INTERLEUKIN_1_FAMILY_SIGNALING",30,0.254719662696714,1.0485428518597,0.390034364261168,1,0.98503138580396,1446,"tags=70%, list=49%, signal=36%","IRAK2/IRAK1/NFKBIA/IRAK4/TNIP2/PTPN11/STAT3/NFKBIB/MAP3K3/ADRM1/PTPN2/PSMC1/PSMD3/UBE2V1/PSMC6/CHUK/PELI1/PSMD11/MAP2K1/MAP2K4/PSMD12"
"REACTOME_SYNTHESIS_OF_DNA","REACTOME_SYNTHESIS_OF_DNA",20,0.293764105125143,1.04701201726206,0.414498141263941,1,0.98503138580396,1643,"tags=85%, list=56%, signal=38%","FEN1/RFC4/LIG1/MCM8/ORC2/DNA2/ADRM1/PSMC1/POLA2/PSMD3/PSMC6/PSMD11/PSMD12/ANAPC16/PSMA6/CDC27/CDC16"
"REACTOME_ANTIGEN_PROCESSING_UBIQUITINATION_PROTEASOME_DEGRADATION","REACTOME_ANTIGEN_PROCESSING_UBIQUITINATION_PROTEASOME_DEGRADATION",60,0.218973400094789,1.04659343435264,0.401023890784983,1,0.98503138580396,2009,"tags=90%, list=68%, signal=29%","FBXO17/ASB14/KBTBD6/ASB4/FBXO2/SIAH2/LRSAM1/ZNRF2/ZBTB16/RLIM/FBXO31/TRAF7/UBAC1/LRRC41/VHL/FBXL18/UBR4/RBBP6/ADRM1/BTBD1/GAN/DCAF1/PSMC1/KLHL20/PSMD3/FBXO32/UBE2V1/UBE2K/PSMC6/PSMD11/MGRN1/RNF138/PSMD12/UBE3B/PSMA6/HUWE1/KLHL2/CDC27/CDC16/UBE2G1/ASB3/UBE2D3/FBXL5/WSB1/DZIP3/SMURF1/RNF220/ITCH/UBE2E2/ANAPC7/HECW2/KLHL42/PRKN/UBE2V2"
"REACTOME_APC_C_CDH1_MEDIATED_DEGRADATION_OF_CDC20_AND_OTHER_APC_C_CDH1_TARGETED_PROTEINS_IN_LATE_MITOSIS_EARLY_G1","REACTOME_APC_C_CDH1_MEDIATED_DEGRADATION_OF_CDC20_AND_OTHER_APC_C_CDH1_TARGETED_PROTEINS_IN_LATE_MITOSIS_EARLY_G1",12,-0.340360421625298,-1.04517112586132,0.388026607538803,1,0.98503138580396,1953,"tags=100%, list=66%, signal=34%","PSMC1/PSMD3/PSMC6/PSMD11/PSMD12/ANAPC16/PSMA6/CDC27/CDC16/ANAPC7/PSMD14"
"REACTOME_G1_S_DNA_DAMAGE_CHECKPOINTS","REACTOME_G1_S_DNA_DAMAGE_CHECKPOINTS",12,-0.340360421625298,-1.04517112586132,0.388026607538803,1,0.98503138580396,1953,"tags=100%, list=66%, signal=34%","PSMC1/PSMD3/PSMC6/ATM/PSMD11/MAPK14/PSMD12/PSMA6/PCBP4/PSMD14/CCNE2"
"REACTOME_CA2_PATHWAY","REACTOME_CA2_PATHWAY",11,-0.343386922190707,-1.04503392886707,0.404494382022472,1,0.98503138580396,195,"tags=64%, list=7%, signal=60%","NLK/PPP3CA/PDE6B/ITPR2/GNG10/CAMK2A/PLCB1"
"REACTOME_SNRNP_ASSEMBLY","REACTOME_SNRNP_ASSEMBLY",13,0.336843966139868,1.04501426796089,0.398523985239852,1,0.98503138580396,1501,"tags=85%, list=51%, signal=42%","NUP107/PRMT5/SNRPB/NUP188/SEH1L/NUP58/SEC13/RANBP2/NUP98/NUP88/NUP153"
"REACTOME_SLC_TRANSPORTER_DISORDERS","REACTOME_SLC_TRANSPORTER_DISORDERS",15,0.318061257926479,1.04251747335456,0.409090909090909,1,0.98503138580396,1501,"tags=80%, list=51%, signal=40%","SLC3A1/NUP107/NUP188/SEH1L/NUP58/SEC13/RANBP2/NUP98/SLC3A2/SLC33A1/NUP88/NUP153"
"REACTOME_SPHINGOLIPID_METABOLISM","REACTOME_SPHINGOLIPID_METABOLISM",17,0.311370715240633,1.0401382111431,0.410909090909091,1,0.98503138580396,75,"tags=18%, list=3%, signal=17%","ABCC1/PRKD2/GBA1"
"REACTOME_TRANSCRIPTIONAL_REGULATION_BY_MECP2","REACTOME_TRANSCRIPTIONAL_REGULATION_BY_MECP2",17,-0.294741598864571,-1.03954561886182,0.422566371681416,1,0.98503138580396,248,"tags=29%, list=8%, signal=27%","NOTCH1/GRIN2A/RBFOX1/CAMK2A/GRIN2B"
"REACTOME_HEMOSTASIS","REACTOME_HEMOSTASIS",77,0.206027836093001,1.03839182025752,0.410385259631491,1,0.98503138580396,686,"tags=30%, list=23%, signal=24%","MAFF/ANGPT1/FN1/TAGLN2/ATP2B3/GNG5/PDE9A/KIF19/CENPE/DGKZ/SELL/ITPR1/TUBA1C/CDK5/SCCPDH/LHFPL2/CDC37L1/TGFB3/PTPN11/TUBB4A/ARRB2/ATP1B3/HMG20B"
"REACTOME_TRNA_PROCESSING","REACTOME_TRNA_PROCESSING",25,0.269192731666741,1.037604085371,0.399286987522282,1,0.98503138580396,1416,"tags=68%, list=48%, signal=36%","NUP107/TRIT1/CSTF2/PUS7/NUP188/NSUN2/SEH1L/PRORP/NUP58/SEC13/RANBP2/NUP98/URM1/NSUN6/RTCB/NUP88/CPSF1"
"REACTOME_P53_DEPENDENT_G1_DNA_DAMAGE_RESPONSE","REACTOME_P53_DEPENDENT_G1_DNA_DAMAGE_RESPONSE",11,-0.340244731475187,-1.03547125860654,0.417977528089888,1,0.98503138580396,1953,"tags=100%, list=66%, signal=34%","PSMC1/PSMD3/PSMC6/ATM/PSMD11/PSMD12/PSMA6/PCBP4/PSMD14/CCNE2"
"REACTOME_PROTEASOME_ASSEMBLY","REACTOME_PROTEASOME_ASSEMBLY",11,-0.340244731475187,-1.03547125860654,0.417977528089888,1,0.98503138580396,1953,"tags=100%, list=66%, signal=34%","PSMD5/PSMF1/PSMC1/PSMD3/PSMC6/PSMD11/PSMD12/PSMA6/PSMD14/PSMD10"
"REACTOME_REGULATION_OF_RAS_BY_GAPS","REACTOME_REGULATION_OF_RAS_BY_GAPS",11,-0.340244731475187,-1.03547125860654,0.417977528089888,1,0.98503138580396,1953,"tags=100%, list=66%, signal=34%","PSMC1/PSMD3/PSMC6/PSMD11/PSMD12/PSMA6/RASAL2/PSMD14/RASAL1/KBTBD7"
"REACTOME_NUCLEAR_ENVELOPE_BREAKDOWN","REACTOME_NUCLEAR_ENVELOPE_BREAKDOWN",18,0.300399279313364,1.03518817000481,0.411449016100179,1,0.98503138580396,1257,"tags=67%, list=43%, signal=39%","NUP107/LMNA/LEMD2/LPIN2/NUP188/SEH1L/BANF1/NUP58/SEC13/RANBP2/PRKCA/NUP98"
"REACTOME_METABOLISM_OF_WATER_SOLUBLE_VITAMINS_AND_COFACTORS","REACTOME_METABOLISM_OF_WATER_SOLUBLE_VITAMINS_AND_COFACTORS",23,0.272547574572487,1.02976981182521,0.405693950177936,1,0.98503138580396,432,"tags=22%, list=15%, signal=19%","ABCC1/QPRT/PANK4/SLC19A2/SHMT1"
"REACTOME_GOLGI_ASSOCIATED_VESICLE_BIOGENESIS","REACTOME_GOLGI_ASSOCIATED_VESICLE_BIOGENESIS",10,0.361295617103917,1.02804206551831,0.407749077490775,1,0.98503138580396,616,"tags=30%, list=21%, signal=24%","GOLGB1/AP1B1/IGF2R"
"REACTOME_SARS_COV_2_HOST_INTERACTIONS","REACTOME_SARS_COV_2_HOST_INTERACTIONS",43,0.231191925611923,1.02737777744444,0.411867364746946,1,0.98503138580396,1410,"tags=67%, list=48%, signal=36%","IL17RC/IRAK2/IRAK1/NUP107/HSP90AB1/VPS33B/TLR1/PTPN11/SNRPB/SEC24A/TYK2/VPS18/HSP90AA1/RPS27L/RIGI/NUP188/SEH1L/NUP58/SEC13/STAT2/RANBP2/NUP98/RPS26/UBE2V1/CHUK/SEC23A/G3BP1/PALS1/NUP88"
"REACTOME_RIBOSOME_QUALITY_CONTROL_RQC_COMPLEX_EXTRACTS_AND_DEGRADES_NASCENT_PEPTIDE","REACTOME_RIBOSOME_QUALITY_CONTROL_RQC_COMPLEX_EXTRACTS_AND_DEGRADES_NASCENT_PEPTIDE",18,0.295400340715503,1.01796162368648,0.434704830053667,1,0.98503138580396,2086,"tags=100%, list=71%, signal=30%","RPL22L1/UFD1/ADRM1/RPL23/PSMC1/PSMD3/TCF25/PSMC6/PSMD11/PSMD12/PSMA6/RPL31/RPL7/KLHDC10/RPL21/RPL10A/RPL10/PSMD14"
"REACTOME_MITOCHONDRIAL_TRANSLATION","REACTOME_MITOCHONDRIAL_TRANSLATION",19,0.2913466179949,1.01794882975018,0.450834879406308,1,0.98503138580396,1116,"tags=63%, list=38%, signal=40%","MRPL16/DAP3/MRPL49/MRPL46/MRPS25/MTRES1/MRPS16/MRPL45/MRPL39/MRPS10/MRPL30/MRRF"
"REACTOME_DNA_REPLICATION","REACTOME_DNA_REPLICATION",26,0.258649432107209,1.01588742237964,0.439579684763573,1,0.98503138580396,1643,"tags=85%, list=56%, signal=38%","FEN1/RFC4/LIG1/H2AX/MCM8/ORC2/SSBP1/DNA2/ADRM1/POLG/PSMC1/POLA2/PSMD3/PSMC6/KPNA6/PSMD11/PSMD12/ANAPC16/PSMA6/KPNA1/CDC27/CDC16"
"REACTOME_APC_C_MEDIATED_DEGRADATION_OF_CELL_CYCLE_PROTEINS","REACTOME_APC_C_MEDIATED_DEGRADATION_OF_CELL_CYCLE_PROTEINS",14,0.319536218372811,1.01576347254226,0.4548802946593,1,0.98503138580396,1643,"tags=86%, list=56%, signal=38%","CDC14A/ADRM1/BUB3/PSMC1/PSMD3/PSMC6/PSMD11/PSMD12/ANAPC16/PSMA6/CDC27/CDC16"
"REACTOME_RNA_POLYMERASE_II_TRANSCRIPTION","REACTOME_RNA_POLYMERASE_II_TRANSCRIPTION",223,0.164211038631946,1.01406740060602,0.416787264833575,1,0.98503138580396,1144,"tags=41%, list=39%, signal=27%","HIGD1C/FKBP5/ABCA6/MAMLD1/THOC3/FANCD2/ZNF440/TGIF1/ZNF124/IRAK1/ZNF324/ZNF250/CITED4/TCF7/ZNF726/RFC4/L3MBTL1/KCNIP3/FANCI/ZNF563/ZNF670/ZNF709/ZNF691/ZNF614/DDIT4/RORB/ING2/CSTF2/ZNF92/BMAL1/MEN1/CDK7/RRAGD/LSM10/ZNF778/ZNF738/BCL6/H2AX/ZNF570/ZNF566/PRMT5/ZNF33B/CDK5/DLL1/ZNF676/CR1/SRSF4/PTPN11/NOTCH4/PRELID3A/ZNF684/SNRPB/ZNF565/MAX/MED7/PIP4P1/CBX3/DNA2/TGFB1/ZNF675/SOCS4/MED25/ZNF383/RUNX2/ZNF3/ZNF432/PAPOLA/SPP1/TAF11/ZNF18/ZNF595/MBD3/ZNF484/ZNF333/ADRM1/SNAPC1/SUPT6H/BTG1/ZNF23/MED6/MRE11/KMT2D/ZNF708/RING1/HSPD1/ZNF791/ZNF461/DDX39A/PIDD1/GTF2B/SSU72/DDIT3"
"REACTOME_DENGUE_VIRUS_INFECTION","REACTOME_DENGUE_VIRUS_INFECTION",66,0.207269370033526,1.01263865507961,0.442760942760943,1,0.98503138580396,1537,"tags=67%, list=52%, signal=33%","HSPA1B/HSPA1A/NFKBIA/NMT1/CSTF2/HSP90AB1/RIPK1/PQBP1/SRSF4/SF3B2/PTBP1/SUGP1/SNRPB/RPN1/HSP90AA1/NFKBIB/HNRNPL/PAPOLA/PABPC1/EIF4E/PRPF19/UFD1/UBR4/DNAJB11/PRPF8/HNRNPUL1/STAT2/ELAVL1/CLU/DNAJC10/RPN2/XPO1/SNRNP200/CPSF1/CTNNBL1/CWC22/SCAP/RRBP1/NRBP1/HNRNPA0/SRSF7/GTF2F2/CAMK2D/TYRO3"
"REACTOME_SARS_COV_INFECTIONS","REACTOME_SARS_COV_INFECTIONS",85,0.196476808784931,1.01159568539316,0.454838709677419,1,0.98503138580396,945,"tags=40%, list=32%, signal=28%","FKBP4/IL17RC/IRAK2/IL6R/IRAK1/NFKBIA/NUP107/ST3GAL1/FNTB/HSP90AB1/GSK3A/VPS33B/RIPK1/CHMP4A/PTGES3/TLR1/PTPN11/ATP1B3/HMG20B/SNRPB/SEC24A/TYK2/RPN1/BCL2L1/VPS18/HSP90AA1/RPS27L/ZDHHC5/ZDHHC2/RIGI/NUP188/NFE2L2/VHL/MBD3"
"REACTOME_TRANSPORT_OF_MATURE_MRNAS_DERIVED_FROM_INTRONLESS_TRANSCRIPTS","REACTOME_TRANSPORT_OF_MATURE_MRNAS_DERIVED_FROM_INTRONLESS_TRANSCRIPTS",13,0.324759437347469,1.00752360082988,0.455719557195572,1,0.98503138580396,1501,"tags=85%, list=51%, signal=42%","NUP107/NUP188/EIF4E/SEH1L/NUP58/SEC13/RANBP2/NUP98/NUP88/CPSF1/NUP153"
"REACTOME_METABOLISM_OF_VITAMINS_AND_COFACTORS","REACTOME_METABOLISM_OF_VITAMINS_AND_COFACTORS",37,0.232414056801176,1.00674639585914,0.449300699300699,1,0.98503138580396,432,"tags=22%, list=15%, signal=19%","ABCC1/QPRT/LDLR/PANK4/COQ8B/SLC19A2/COQ7/SHMT1"
"REACTOME_BASE_EXCISION_REPAIR","REACTOME_BASE_EXCISION_REPAIR",11,0.340691681395552,1.0057444194109,0.439856373429084,1,0.98503138580396,535,"tags=36%, list=18%, signal=30%","FEN1/RFC4/LIG1/H2AX"
"REACTOME_LEISHMANIA_INFECTION","REACTOME_LEISHMANIA_INFECTION",25,0.260812295832203,1.0053016736184,0.447415329768271,1,0.98503138580396,133,"tags=12%, list=5%, signal=12%","FCGR2A/PRKX/GNG5"
"REACTOME_METABOLISM_OF_POLYAMINES","REACTOME_METABOLISM_OF_POLYAMINES",10,-0.340129119945634,-1.00110821398407,0.46304347826087,1,0.98503138580396,1953,"tags=100%, list=66%, signal=34%","PSMC1/PSMD3/PSMC6/PSMD11/PSMD12/PSMA6/PSMD14/SMS/AZIN2"
"REACTOME_REGULATION_OF_CDH1_FUNCTION","REACTOME_REGULATION_OF_CDH1_FUNCTION",10,-0.340129119945634,-1.00110821398407,0.46304347826087,1,0.98503138580396,1953,"tags=100%, list=66%, signal=34%","PSMC1/PSMD3/PSMC6/PSMD11/CTNNA1/PSMD12/PSMA6/PSMD14/ACTG1"
"REACTOME_RIBOSOME_ASSOCIATED_QUALITY_CONTROL","REACTOME_RIBOSOME_ASSOCIATED_QUALITY_CONTROL",26,0.254526819268876,0.999695194561153,0.464098073555166,1,0.98503138580396,2208,"tags=100%, list=75%, signal=25%","TRIP4/RPL22L1/RPS27L/UFD1/ADRM1/RPL23/PSMC1/RPS26/PSMD3/TCF25/PSMC6/PSMD11/ABCE1/PSMD12/PSMA6/UBE2D3/RPL31/RPS7/RPL7/KLHDC10/RPL21/RPL10A/RPL10/PSMD14/RPS12/RPS6"
"REACTOME_HIV_INFECTION","REACTOME_HIV_INFECTION",52,0.212812671336561,0.994102797949828,0.473684210526316,1,0.98503138580396,1578,"tags=71%, list=53%, signal=34%","FEN1/NUP107/NMT1/CDK7/LIG1/AP1B1/CHMP4A/VPS37C/VPS4A/PAK2/NUP188/TAF11/SEH1L/ADRM1/BANF1/NUP58/SEC13/RANBP2/GTF2B/CCNT1/PSMC1/CHMP3/NUP98/GTF2E2/PSMD3/PSMC6/SLC25A6/PSMD11/XPO1/NUP88/SUPT16H/PSMD12/NUP153/GTF2F2/XRCC5/TAF1/PSMA6"
"REACTOME_GLUCOSE_METABOLISM","REACTOME_GLUCOSE_METABOLISM",13,0.320374971499921,0.993921370038624,0.474169741697417,1,0.98503138580396,1505,"tags=85%, list=51%, signal=42%","NUP107/NUP188/SEH1L/NUP58/SEC13/RANBP2/PFKFB3/NUP98/NUP88/NUP153/ENO1"
"REACTOME_MITOCHONDRIAL_TRANSLATION_ELONGATION","REACTOME_MITOCHONDRIAL_TRANSLATION_ELONGATION",16,0.302368430979417,0.993289785852882,0.463503649635036,1,0.98503138580396,1041,"tags=62%, list=35%, signal=41%","MRPL16/DAP3/MRPL49/MRPL46/MRPS25/MRPS16/MRPL45/MRPL39/MRPS10/MRPL30"
"REACTOME_FBXL7_DOWN_REGULATES_AURKA_DURING_MITOTIC_ENTRY_AND_IN_EARLY_MITOSIS","REACTOME_FBXL7_DOWN_REGULATES_AURKA_DURING_MITOTIC_ENTRY_AND_IN_EARLY_MITOSIS",10,-0.336051647978253,-0.989106916713535,0.469565217391304,1,0.98503138580396,1965,"tags=100%, list=67%, signal=34%","ADRM1/PSMC1/PSMD3/PSMC6/PSMD11/PSMD12/PSMA6/PSMD14/FBXL7"
"REACTOME_BIOSYNTHESIS_OF_THE_N_GLYCAN_PRECURSOR_DOLICHOL_LIPID_LINKED_OLIGOSACCHARIDE_LLO_AND_TRANSFER_TO_A_NASCENT_PROTEIN","REACTOME_BIOSYNTHESIS_OF_THE_N_GLYCAN_PRECURSOR_DOLICHOL_LIPID_LINKED_OLIGOSACCHARIDE_LLO_AND_TRANSFER_TO_A_NASCENT_PROTEIN",16,-0.285588534631996,-0.987618569567365,0.458149779735683,1,0.98503138580396,974,"tags=62%, list=33%, signal=42%","ST6GALNAC3/SRD5A3/GMDS/ST3GAL4/NUS1/AMDHD2/NPL/CTSA/DPAGT1/ST6GALNAC5"
"REACTOME_SIGNALING_BY_ROBO_RECEPTORS","REACTOME_SIGNALING_BY_ROBO_RECEPTORS",33,-0.225684931506849,-0.984395192378202,0.477751756440281,1,0.98503138580396,2295,"tags=100%, list=78%, signal=23%","RPS27L/PAK2/PABPC1/ADRM1/RPL23/PAK4/PSMC1/PRKCA/MYO9B/RPS26/PSMD3/PSMC6/PSMD11/PSMD12/ENAH/PSMA6/RAC1/CLASP1/RPL31/SRGAP1/RPS7/RPL7/RPL21/RPL10A/COL4A5/RPL10/PSMD14/RPS12/RPS6/SLIT2/PAK3/ROBO2"
"REACTOME_TRANSCRIPTIONAL_REGULATION_BY_TP53","REACTOME_TRANSCRIPTIONAL_REGULATION_BY_TP53",54,0.209735781842289,0.984210515505718,0.482817869415808,1,0.98503138580396,563,"tags=22%, list=19%, signal=18%","HIGD1C/FANCD2/RFC4/L3MBTL1/FANCI/DDIT4/ING2/CDK7/RRAGD/BCL6/PRMT5/CDK5"
"REACTOME_ANTIMICROBIAL_MECHANISM_OF_IFN_STIMULATED_GENES","REACTOME_ANTIMICROBIAL_MECHANISM_OF_IFN_STIMULATED_GENES",39,0.224220200618554,0.980973426907959,0.483478260869565,1,0.98503138580396,1501,"tags=72%, list=51%, signal=36%","HSPA1B/HSPA1A/NUP107/FNTB/FANCB/TUBA1C/TUBB4A/STAT3/RIGI/NUP188/FANCM/EIF4E/SEH1L/EIF2S3/PTPN2/NUP58/SEC13/RANBP2/FLNB/NUP98/ADAR/MAPT/CHUK/NUP88/ABCE1/SNCA/PPM1B/NUP153"
"REACTOME_REGULATION_OF_TP53_ACTIVITY","REACTOME_REGULATION_OF_TP53_ACTIVITY",28,0.242727040980559,0.976114674313138,0.479930191972077,1,0.98503138580396,1583,"tags=75%, list=54%, signal=35%","RFC4/L3MBTL1/ING2/PRMT5/CDK5/PIP4P1/DNA2/TAF11/MBD3/MRE11/TOPBP1/WRN/KAT5/ATM/HDAC2/MAPK14/SUPT16H/SGK1/ATR/TAF1/EHMT1"
"REACTOME_NUCLEOTIDE_BINDING_DOMAIN_LEUCINE_RICH_REPEAT_CONTAINING_RECEPTOR_NLR_SIGNALING_PATHWAYS","REACTOME_NUCLEOTIDE_BINDING_DOMAIN_LEUCINE_RICH_REPEAT_CONTAINING_RECEPTOR_NLR_SIGNALING_PATHWAYS",13,0.31448187169284,0.975638800065679,0.503690036900369,1,0.98503138580396,755,"tags=38%, list=26%, signal=29%","IRAK2/IRAK1/HSP90AB1/BCL2/BCL2L1"
"REACTOME_CARBOXYTERMINAL_POST_TRANSLATIONAL_MODIFICATIONS_OF_TUBULIN","REACTOME_CARBOXYTERMINAL_POST_TRANSLATIONAL_MODIFICATIONS_OF_TUBULIN",10,-0.331200413134861,-0.9748281891219,0.480434782608696,1,0.98503138580396,796,"tags=50%, list=27%, signal=37%","TTLL11/TTLL3/TUBB2A/TUBB2B/AGBL4"
"REACTOME_CLASS_I_MHC_MEDIATED_ANTIGEN_PROCESSING_PRESENTATION","REACTOME_CLASS_I_MHC_MEDIATED_ANTIGEN_PROCESSING_PRESENTATION",69,0.196967040148696,0.971525238086358,0.514285714285714,1,0.98503138580396,1383,"tags=54%, list=47%, signal=29%","FBXO17/ASB14/KBTBD6/ASB4/FBXO2/SIAH2/LRSAM1/ZNRF2/TLR1/ZBTB16/RLIM/S100A1/FBXO31/SEC24A/TRAF7/UBAC1/LRRC41/VHL/FBXL18/UBR4/RBBP6/ADRM1/SEC13/BTBD1/GAN/DCAF1/PSMC1/KLHL20/PSMD3/FBXO32/UBE2V1/UBE2K/PSMC6/CHUK/SEC23A/PSMD11/MGRN1"
"REACTOME_RHOG_GTPASE_CYCLE","REACTOME_RHOG_GTPASE_CYCLE",16,0.295539666326183,0.970857079640532,0.501824817518248,1,0.98503138580396,2085,"tags=100%, list=71%, signal=30%","DEPDC1B/ERBIN/PAK2/PAK4/LBR/MCAM/ARFGAP3/GARRE1/ARHGAP5/KTN1/ARHGAP1/DOCK3/DOCK4/VRK2/PLEKHG3/PGRMC2"
"REACTOME_TP53_REGULATES_METABOLIC_GENES","REACTOME_TP53_REGULATES_METABOLIC_GENES",11,0.3284082562902,0.96948293453884,0.48294434470377,1,0.98503138580396,487,"tags=27%, list=16%, signal=23%","HIGD1C/DDIT4/RRAGD"
"REACTOME_SUMOYLATION_OF_DNA_REPLICATION_PROTEINS","REACTOME_SUMOYLATION_OF_DNA_REPLICATION_PROTEINS",12,0.319670198945618,0.968956525470362,0.491833030852995,1,0.98503138580396,1501,"tags=83%, list=51%, signal=41%","NUP107/PIAS3/NUP188/SEH1L/NUP58/SEC13/RANBP2/NUP98/NUP88/NUP153"
"REACTOME_CELLULAR_RESPONSE_TO_STARVATION","REACTOME_CELLULAR_RESPONSE_TO_STARVATION",24,0.254353021509047,0.967675394819329,0.498220640569395,1,0.98503138580396,2208,"tags=100%, list=75%, signal=25%","KICS2/FLCN/RRAGD/RPL22L1/RPS27L/SEH1L/EIF2S3/SEC13/ATF4/RPL23/DDIT3/RPS26/ATP6V0C/ATP6V1F/SLC38A9/RPL31/RPS7/RPL7/RPL21/RPL10A/RPL10/MIOS/RPS12/RPS6"
"REACTOME_ANCHORING_OF_THE_BASAL_BODY_TO_THE_PLASMA_MEMBRANE","REACTOME_ANCHORING_OF_THE_BASAL_BODY_TO_THE_PLASMA_MEMBRANE",20,0.271347918475097,0.967117924027664,0.507434944237918,1,0.98503138580396,1696,"tags=85%, list=57%, signal=36%","ODF2/TMEM216/CC2D2A/TUBB4A/CEP250/MKS1/HSP90AA1/SFI1/CSNK1D/CCP110/CDK5RAP2/PAFAH1B1/TTBK2/CNTRL/AKAP9/ALMS1/CLASP1"
"REACTOME_SUMOYLATION_OF_SUMOYLATION_PROTEINS","REACTOME_SUMOYLATION_OF_SUMOYLATION_PROTEINS",12,0.318906708604179,0.966642299900035,0.491833030852995,1,0.98503138580396,1501,"tags=83%, list=51%, signal=41%","NUP107/TOPORS/NUP188/SEH1L/NUP58/SEC13/RANBP2/NUP98/NUP88/NUP153"
"REACTOME_CYCLIN_A_CDK2_ASSOCIATED_EVENTS_AT_S_PHASE_ENTRY","REACTOME_CYCLIN_A_CDK2_ASSOCIATED_EVENTS_AT_S_PHASE_ENTRY",15,0.294157255087747,0.964166715374928,0.494545454545455,1,0.98503138580396,1446,"tags=73%, list=49%, signal=38%","LIN9/CDK7/MAX/LIN54/ADRM1/PSMC1/LIN52/PSMD3/PSMC6/PSMD11/PSMD12"
"REACTOME_PKR_MEDIATED_SIGNALING","REACTOME_PKR_MEDIATED_SIGNALING",18,0.279285533006927,0.962429338988755,0.511627906976744,1,0.98503138580396,669,"tags=33%, list=23%, signal=26%","HSPA1B/HSPA1A/FANCB/TUBA1C/TUBB4A/STAT3"
"REACTOME_FACTORS_INVOLVED_IN_MEGAKARYOCYTE_DEVELOPMENT_AND_PLATELET_PRODUCTION","REACTOME_FACTORS_INVOLVED_IN_MEGAKARYOCYTE_DEVELOPMENT_AND_PLATELET_PRODUCTION",25,0.249485705927011,0.961643303326666,0.488413547237077,1,0.98503138580396,686,"tags=28%, list=23%, signal=22%","MAFF/KIF19/CENPE/TUBA1C/CDK5/TUBB4A/HMG20B"
"REACTOME_LATE_SARS_COV_2_INFECTION_EVENTS","REACTOME_LATE_SARS_COV_2_INFECTION_EVENTS",18,-0.270179052955357,-0.960988287499285,0.507900677200903,1,0.98503138580396,1064,"tags=67%, list=36%, signal=43%","PRKCSH/GALNT1/PARP6/ZDHHC9/ST6GALNAC3/MGAT5/ST3GAL4/FUT8/ANO4/PARP8/ANO2/MGAT4C"
"REACTOME_COMPLEX_IV_ASSEMBLY","REACTOME_COMPLEX_IV_ASSEMBLY",10,-0.326217523928351,-0.960161960853039,0.5,1,0.98503138580396,749,"tags=50%, list=25%, signal=37%","PNKD/COX20/COX7B/COX14/SMIM20"
"REACTOME_MITF_M_DEPENDENT_GENE_EXPRESSION","REACTOME_MITF_M_DEPENDENT_GENE_EXPRESSION",17,0.286825676571416,0.95814516759658,0.518181818181818,1,0.98503138580396,858,"tags=35%, list=29%, signal=25%","DPF1/TCF7/LIG1/BCL2/GXYLT2/MYRIP"
"REACTOME_INOSITOL_PHOSPHATE_METABOLISM","REACTOME_INOSITOL_PHOSPHATE_METABOLISM",10,-0.325479679001182,-0.957990248482886,0.502173913043478,1,0.98503138580396,183,"tags=20%, list=6%, signal=19%","PLCH2/PLCB1"
"REACTOME_GASTRULATION","REACTOME_GASTRULATION",16,0.29133084669749,0.957030975062958,0.510948905109489,1,0.98503138580396,1446,"tags=69%, list=49%, signal=35%","MAMLD1/TCF7/DLL1/FGFR1/ADRM1/PSMC1/SOX2/PSMD3/PSMC6/PSMD11/PSMD12"
"REACTOME_TRNA_PROCESSING_IN_THE_NUCLEUS","REACTOME_TRNA_PROCESSING_IN_THE_NUCLEUS",15,0.291911337769963,0.956805215069096,0.507272727272727,1,0.98503138580396,1501,"tags=80%, list=51%, signal=40%","NUP107/CSTF2/NUP188/SEH1L/NUP58/SEC13/RANBP2/NUP98/RTCB/NUP88/CPSF1/NUP153"
"REACTOME_MYD88_INDEPENDENT_TLR4_CASCADE","REACTOME_MYD88_INDEPENDENT_TLR4_CASCADE",24,0.251283331234872,0.955996887009938,0.523131672597865,1,0.98503138580396,849,"tags=38%, list=29%, signal=27%","IRAK2/IRAK1/NFKBIA/TNIP2/RIPK1/PTPN11/NFKBIB/DUSP3/OPTN"
"REACTOME_CARGO_TRAFFICKING_TO_THE_PERICILIARY_MEMBRANE","REACTOME_CARGO_TRAFFICKING_TO_THE_PERICILIARY_MEMBRANE",18,0.27712591563286,0.954987209425459,0.518783542039356,1,0.98503138580396,1531,"tags=78%, list=52%, signal=38%","LZTFL1/TUBA1C/TTC8/TUBB4A/CCT5/TCP1/BBS2/BBS5/ATAT1/CCT4/CCT8/CCT3/EXOC2/CCT2"
"REACTOME_SUMOYLATION_OF_UBIQUITINYLATION_PROTEINS","REACTOME_SUMOYLATION_OF_UBIQUITINYLATION_PROTEINS",12,0.315045472812467,0.954938457536564,0.502722323049002,1,0.98503138580396,1501,"tags=83%, list=51%, signal=41%","NUP107/NUP188/VHL/SEH1L/NUP58/SEC13/RANBP2/NUP98/NUP88/NUP153"
"REACTOME_TRANSPORT_OF_THE_SLBP_DEPENDANT_MATURE_MRNA","REACTOME_TRANSPORT_OF_THE_SLBP_DEPENDANT_MATURE_MRNA",12,0.314958443541933,0.954674661975173,0.502722323049002,1,0.98503138580396,1501,"tags=83%, list=51%, signal=41%","NUP107/NUP188/EIF4E/SEH1L/NUP58/SEC13/RANBP2/NUP98/NUP88/NUP153"
"REACTOME_TRANS_GOLGI_NETWORK_VESICLE_BUDDING","REACTOME_TRANS_GOLGI_NETWORK_VESICLE_BUDDING",11,0.323009369444657,0.95354506281361,0.500897666068223,1,0.98503138580396,616,"tags=27%, list=21%, signal=22%","GOLGB1/AP1B1/IGF2R"
"REACTOME_RHOQ_GTPASE_CYCLE","REACTOME_RHOQ_GTPASE_CYCLE",12,0.313919108641537,0.951524320350557,0.50453720508167,1,0.98503138580396,406,"tags=25%, list=14%, signal=22%","TRIP10/DEPDC1B/GIT1"
"REACTOME_VIRAL_INFECTION_PATHWAYS","REACTOME_VIRAL_INFECTION_PATHWAYS",199,0.15720375458644,0.948818404493098,0.592920353982301,1,0.98503138580396,1446,"tags=57%, list=49%, signal=31%","HSPA1B/HSPA1A/FEN1/FKBP4/IL17RC/IRAK2/IL6R/IRAK1/NFKBIA/NUP107/ST3GAL1/FNTB/NMT1/CSTF2/HSP90AB1/CDK7/LIG1/TUBA1C/AP1B1/GSK3A/VPS33B/RIPK1/CHMP4A/PPP1CC/PTGES3/TLR1/PQBP1/SRSF4/PTPN11/TUBB4A/VPS37C/RPL22L1/SF3B2/PTBP1/ATP1B3/SUGP1/HMG20B/SNRPB/SEC24A/VPS4A/TYK2/MED7/RPN1/BCL2L1/VPS18/HSP90AA1/NFKBIB/RPS27L/ZDHHC5/TGFB1/ZDHHC2/MED25/PAK2/RIGI/HNRNPL/PAPOLA/PABPC1/NUP188/TAF11/NFE2L2/VHL/EIF4E/MBD3/PRPF19/UFD1/SEH1L/UBR4/ADRM1/BANF1/DNAJB11/PRPF8/HNRNPUL1/MED6/NUP58/SEC13/STAT2/RANBP2/BRD4/RPL23/GTF2B/CCNT1/ELAVL1/REST/PSMC1/MED23/CLU/VPS36/DYNC1LI2/CHMP3/NUP98/RPS26/GTF2E2/DNAJC10/PSMD3/UBE2V1/PSMC6/CHUK/SEC23A/SLC25A6/RPN2/HDAC2/G3BP1/PSMD11/XPO1/PALS1/SNRNP200/NUP88/RAB5A/CPSF1/CTNNBL1/CWC22/SCAP/SUPT16H/PSMD12"
"REACTOME_TOLL_LIKE_RECEPTOR_TLR1_TLR2_CASCADE","REACTOME_TOLL_LIKE_RECEPTOR_TLR1_TLR2_CASCADE",24,0.2490661076537,0.947561552954992,0.52846975088968,1,0.98503138580396,803,"tags=38%, list=27%, signal=28%","IRAK2/IRAK1/NFKBIA/IRAK4/TNIP2/TLR1/S100A1/NFKBIB/DUSP3"
"REACTOME_DISEASES_OF_PROGRAMMED_CELL_DEATH","REACTOME_DISEASES_OF_PROGRAMMED_CELL_DEATH",10,0.332483194045516,0.946058278526985,0.505535055350554,1,0.98503138580396,563,"tags=40%, list=19%, signal=32%","LMNA/RIPK1/H2AX/CDK5"
"REACTOME_CHROMOSOME_MAINTENANCE","REACTOME_CHROMOSOME_MAINTENANCE",19,0.270677653721136,0.945732621649237,0.526901669758813,1,0.98503138580396,1358,"tags=68%, list=46%, signal=37%","FEN1/CENPI/RFC4/LIG1/H2AX/DNA2/STN1/NOP10/CENPQ/POLA2/CENPT/WRN/TERF2"
"REACTOME_RECRUITMENT_OF_MITOTIC_CENTROSOME_PROTEINS_AND_COMPLEXES","REACTOME_RECRUITMENT_OF_MITOTIC_CENTROSOME_PROTEINS_AND_COMPLEXES",19,0.269588473585774,0.941927087019011,0.528756957328386,1,0.98503138580396,1696,"tags=84%, list=57%, signal=36%","CDK11B/ODF2/CDK11A/TUBB4A/CEP250/HSP90AA1/TUBG2/SFI1/CSNK1D/CCP110/CDK5RAP2/PAFAH1B1/CNTRL/AKAP9/ALMS1/CLASP1"
"REACTOME_NEGATIVE_REGULATION_OF_THE_PI3K_AKT_NETWORK","REACTOME_NEGATIVE_REGULATION_OF_THE_PI3K_AKT_NETWORK",18,-0.264685051798558,-0.941446910381261,0.523702031602709,1,0.98503138580396,410,"tags=22%, list=14%, signal=19%","NTRK2/NRG3/NTRK3/FGFR3"
"REACTOME_SIGNALING_BY_RECEPTOR_TYROSINE_KINASES","REACTOME_SIGNALING_BY_RECEPTOR_TYROSINE_KINASES",94,-0.164561055655984,-0.939876101000132,0.584450402144772,1,0.98503138580396,113,"tags=12%, list=4%, signal=12%","PTK2B/NRG3/NTRK3/COL9A3/PAK3/GABRG3/GRIN2B/GABRB1/APOE/SHC3/FGFR3"
"REACTOME_SIGNALING_BY_MET","REACTOME_SIGNALING_BY_MET",16,0.28582600853905,0.938947408938545,0.543795620437956,1,0.98503138580396,1185,"tags=50%, list=40%, signal=30%","FN1/MUC20/PTPN11/STAT3/ARF6/CRK/PTPN2/RAP1B"
"REACTOME_PROCESSING_OF_DNA_DOUBLE_STRAND_BREAK_ENDS","REACTOME_PROCESSING_OF_DNA_DOUBLE_STRAND_BREAK_ENDS",16,0.285817472594502,0.938919368092796,0.543795620437956,1,0.98503138580396,1355,"tags=75%, list=46%, signal=41%","RFC4/H2AX/DNA2/PPP4C/RNF168/TIPIN/MRE11/TOPBP1/PPP4R2/WRN/KAT5/ATM"
"REACTOME_INTERACTIONS_OF_REV_WITH_HOST_CELLULAR_PROTEINS","REACTOME_INTERACTIONS_OF_REV_WITH_HOST_CELLULAR_PROTEINS",12,0.309508404095276,0.938154976050969,0.519056261343013,1,0.98503138580396,1501,"tags=83%, list=51%, signal=41%","NUP107/NUP188/SEH1L/NUP58/SEC13/RANBP2/NUP98/XPO1/NUP88/NUP153"
"REACTOME_TRANSCRIPTIONAL_REGULATION_BY_RUNX2","REACTOME_TRANSCRIPTIONAL_REGULATION_BY_RUNX2",14,-0.286492004083021,-0.937941692265779,0.520697167755991,1,0.98503138580396,2112,"tags=100%, list=72%, signal=29%","ADRM1/PSMC1/PSMD3/PSMC6/PSMD11/PSMD12/RBM14/PSMA6/CBFB/AKT3/SMURF1/PSMD14/HIVEP3"
"REACTOME_INTERACTIONS_OF_VPR_WITH_HOST_CELLULAR_PROTEINS","REACTOME_INTERACTIONS_OF_VPR_WITH_HOST_CELLULAR_PROTEINS",14,0.294910723223042,0.937482273015709,0.535911602209945,1,0.98503138580396,1501,"tags=79%, list=51%, signal=39%","NUP107/NUP188/SEH1L/BANF1/NUP58/SEC13/RANBP2/NUP98/SLC25A6/NUP88/NUP153"
"REACTOME_SARS_COV_1_HOST_INTERACTIONS","REACTOME_SARS_COV_1_HOST_INTERACTIONS",17,0.280165267281631,0.935895977595508,0.561818181818182,1,0.98503138580396,853,"tags=35%, list=29%, signal=25%","IRAK2/NFKBIA/RIPK1/BCL2L1/RPS27L/RIGI"
"REACTOME_ION_CHANNEL_TRANSPORT","REACTOME_ION_CHANNEL_TRANSPORT",27,-0.226041282302715,-0.929191080033173,0.565819861431871,1,0.98503138580396,366,"tags=19%, list=12%, signal=16%","TRPM6/ANO2/CAMK2A/ATP1A2/ASIC1"
"REACTOME_REGULATED_NECROSIS","REACTOME_REGULATED_NECROSIS",10,0.325178389398573,0.925272954537597,0.53690036900369,1,0.98503138580396,1996,"tags=100%, list=68%, signal=33%","RIPK1/CHMP4A/HSP90AA1/CHMP3/CFLAR/PELI1/HMGB1/PDCD6IP/ITCH/PRKN"
"REACTOME_G2_M_CHECKPOINTS","REACTOME_G2_M_CHECKPOINTS",25,0.239218299367178,0.92206755799846,0.563279857397504,1,0.98503138580396,1480,"tags=72%, list=50%, signal=36%","RFC4/H2AX/MCM8/ORC2/DNA2/RNF168/ADRM1/MRE11/PSMC1/TOPBP1/PSMD3/PSMC6/WRN/KAT5/ATM/PSMD11/PSMD12/ATR"
"REACTOME_DDX58_IFIH1_MEDIATED_INDUCTION_OF_INTERFERON_ALPHA_BETA","REACTOME_DDX58_IFIH1_MEDIATED_INDUCTION_OF_INTERFERON_ALPHA_BETA",16,0.280425464103408,0.921206450966866,0.574817518248175,1,0.98503138580396,853,"tags=38%, list=29%, signal=27%","NFKBIA/HSP90AB1/RIPK1/HSP90AA1/NFKBIB/RIGI"
"REACTOME_EUKARYOTIC_TRANSLATION_INITIATION","REACTOME_EUKARYOTIC_TRANSLATION_INITIATION",21,0.254092769440655,0.921085340445509,0.577205882352941,1,0.98503138580396,2208,"tags=100%, list=75%, signal=25%","RPL22L1/RPS27L/PABPC1/EIF4E/EIF2S3/RPL23/EIF4H/EIF5/RPS26/EIF2B1/EIF4B/EIF5B/RPL31/RPS7/EIF3K/RPL7/RPL21/RPL10A/RPL10/RPS12/RPS6"
"REACTOME_TOLL_LIKE_RECEPTOR_9_TLR9_CASCADE","REACTOME_TOLL_LIKE_RECEPTOR_9_TLR9_CASCADE",21,0.25310944820445,0.917520804635968,0.579044117647059,1,0.98503138580396,467,"tags=24%, list=16%, signal=20%","IRAK2/IRAK1/NFKBIA/IRAK4/TNIP2"
"REACTOME_REGULATION_OF_RUNX3_EXPRESSION_AND_ACTIVITY","REACTOME_REGULATION_OF_RUNX3_EXPRESSION_AND_ACTIVITY",11,0.310717874588897,0.917259755503609,0.549371633752244,1,0.98503138580396,1747,"tags=91%, list=59%, signal=37%","TGFB1/ADRM1/PSMC1/PSMD3/PSMC6/PSMD11/PSMD12/PSMA6/CBFB/SMURF1"
"REACTOME_ASSOCIATION_OF_TRIC_CCT_WITH_TARGET_PROTEINS_DURING_BIOSYNTHESIS","REACTOME_ASSOCIATION_OF_TRIC_CCT_WITH_TARGET_PROTEINS_DURING_BIOSYNTHESIS",14,0.28827391900991,0.916384748207901,0.554327808471455,1,0.98503138580396,1350,"tags=71%, list=46%, signal=39%","GBA1/CCT6B/STAT3/CCT5/TCP1/KIFC3/CCT6A/CCT4/CCT8/CCT3"
"REACTOME_RHOA_GTPASE_CYCLE","REACTOME_RHOA_GTPASE_CYCLE",23,0.240955631399317,0.91040558916552,0.612099644128114,1,0.98503138580396,2247,"tags=100%, list=76%, signal=24%","DEPDC1B/CIT/ERBIN/SLK/DDRGK1/ARHGEF40/MYO9B/LBR/ANLN/MCAM/RTKN/TMEM87A/SCFD1/ARHGAP5/KTN1/ARHGEF7/SRGAP1/ARHGAP1/HMOX2/PLEKHG3/PGRMC2/RASGRF2/TIAM1"
"REACTOME_DEGRADATION_OF_BETA_CATENIN_BY_THE_DESTRUCTION_COMPLEX","REACTOME_DEGRADATION_OF_BETA_CATENIN_BY_THE_DESTRUCTION_COMPLEX",12,0.298314879483102,0.904226137042036,0.573502722323049,1,0.98503138580396,1578,"tags=83%, list=53%, signal=39%","TCF7/ADRM1/PSMC1/PSMD3/PSMC6/PSMD11/APC/PSMD12/TLE4/PSMA6"
"REACTOME_DISEASES_OF_DNA_REPAIR","REACTOME_DISEASES_OF_DNA_REPAIR",10,0.317699543732585,0.903992408684911,0.577490774907749,1,0.98503138580396,1480,"tags=80%, list=50%, signal=40%","RFC4/DNA2/MRE11/TOPBP1/WRN/KAT5/ATM/ATR"
"REACTOME_HOMOLOGOUS_DNA_PAIRING_AND_STRAND_EXCHANGE","REACTOME_HOMOLOGOUS_DNA_PAIRING_AND_STRAND_EXCHANGE",10,0.317699543732585,0.903992408684911,0.577490774907749,1,0.98503138580396,1480,"tags=80%, list=50%, signal=40%","RFC4/DNA2/MRE11/TOPBP1/WRN/KAT5/ATM/ATR"
"REACTOME_PLATELET_ACTIVATION_SIGNALING_AND_AGGREGATION","REACTOME_PLATELET_ACTIVATION_SIGNALING_AND_AGGREGATION",35,0.2105047522788,0.903861657059538,0.582037996545769,1,0.98503138580396,676,"tags=31%, list=23%, signal=25%","FN1/TAGLN2/GNG5/DGKZ/ITPR1/SCCPDH/LHFPL2/CDC37L1/TGFB3/PTPN11/ARRB2"
"REACTOME_SARS_COV_1_INFECTION","REACTOME_SARS_COV_1_INFECTION",29,0.220567457888872,0.897321159442368,0.607204116638079,1,0.98503138580396,930,"tags=34%, list=31%, signal=24%","IRAK2/NFKBIA/ST3GAL1/GSK3A/RIPK1/CHMP4A/BCL2L1/RPS27L/RIGI/VHL"
"REACTOME_BIOLOGICAL_OXIDATIONS","REACTOME_BIOLOGICAL_OXIDATIONS",15,-0.26817928015768,-0.895422481741857,0.595132743362832,1,0.98503138580396,945,"tags=60%, list=32%, signal=41%","CYB5B/GSTA4/MTRR/ADH5/ABHD10/CYP2J2/CYP7B1/CYP4V2/ABHD14B"
"REACTOME_TELOMERE_MAINTENANCE","REACTOME_TELOMERE_MAINTENANCE",15,0.272849043515304,0.894324248439385,0.592727272727273,1,0.98503138580396,836,"tags=40%, list=28%, signal=29%","FEN1/RFC4/LIG1/H2AX/DNA2/STN1"
"REACTOME_SIGNALING_BY_NTRKS","REACTOME_SIGNALING_BY_NTRKS",29,-0.214273752200402,-0.893798443387477,0.625298329355609,1,0.98503138580396,228,"tags=83%, list=8%, signal=77%","REST/IRS2/MAPKAPK2/RAP1A/MAPK14/MAP2K1/RALGDS/SGK1/PTPRS/RPS6KA5/RAC1/CLTC/GAB1/TCF12/KIDINS220/YWHAB/DOCK3/SH3GL3/NAB1/TIAM1/NTRK2/NTRK3/GRIN2B/SHC3"
"REACTOME_RESPONSE_TO_ELEVATED_PLATELET_CYTOSOLIC_CA2","REACTOME_RESPONSE_TO_ELEVATED_PLATELET_CYTOSOLIC_CA2",16,0.27198551420985,0.89348095067166,0.604014598540146,1,0.98503138580396,626,"tags=38%, list=21%, signal=30%","FN1/TAGLN2/SCCPDH/LHFPL2/CDC37L1/TGFB3"
"REACTOME_COOPERATION_OF_PREFOLDIN_AND_TRIC_CCT_IN_ACTIN_AND_TUBULIN_FOLDING","REACTOME_COOPERATION_OF_PREFOLDIN_AND_TRIC_CCT_IN_ACTIN_AND_TUBULIN_FOLDING",12,0.294611839687732,0.893001804634341,0.597096188747731,1,0.98503138580396,1350,"tags=75%, list=46%, signal=41%","CCT6B/TUBA1C/TUBB4A/CCT5/TCP1/CCT6A/CCT4/CCT8/CCT3"
"REACTOME_FORMATION_OF_TUBULIN_FOLDING_INTERMEDIATES_BY_CCT_TRIC","REACTOME_FORMATION_OF_TUBULIN_FOLDING_INTERMEDIATES_BY_CCT_TRIC",12,0.294611839687732,0.893001804634341,0.597096188747731,1,0.98503138580396,1350,"tags=75%, list=46%, signal=41%","CCT6B/TUBA1C/TUBB4A/CCT5/TCP1/CCT6A/CCT4/CCT8/CCT3"
"REACTOME_REGULATION_OF_EXPRESSION_OF_SLITS_AND_ROBOS","REACTOME_REGULATION_OF_EXPRESSION_OF_SLITS_AND_ROBOS",24,-0.224991464663708,-0.889995910335589,0.602272727272727,1,0.98503138580396,2295,"tags=100%, list=78%, signal=22%","RPS27L/PABPC1/ADRM1/RPL23/PSMC1/RPS26/PSMD3/PSMC6/PSMD11/PSMD12/PSMA6/RPL31/RPS7/RPL7/RPL21/RPL10A/COL4A5/RPL10/PSMD14/RPS12/RPS6/SLIT2/ROBO2"
"REACTOME_DISEASES_OF_METABOLISM","REACTOME_DISEASES_OF_METABOLISM",37,0.204788019322735,0.887078876406636,0.618881118881119,1,0.98503138580396,428,"tags=22%, list=14%, signal=19%","ADAMTS18/ALG1/MUC20/KHK/GALM/DHDDS/CHST3/MAOA"
"REACTOME_PI_METABOLISM","REACTOME_PI_METABOLISM",15,0.270392084120751,0.886271010151757,0.598181818181818,1,0.98503138580396,1101,"tags=47%, list=37%, signal=29%","PLEKHA2/INPPL1/PLEKHA8/PNPLA6/PIP4P1/INPP5K/FIG4"
"REACTOME_CLATHRIN_MEDIATED_ENDOCYTOSIS","REACTOME_CLATHRIN_MEDIATED_ENDOCYTOSIS",28,0.220072337545177,0.885009915749135,0.636998254799302,1,0.98503138580396,764,"tags=32%, list=26%, signal=24%","TRIP10/STON1/LDLR/GRK2/TOR1B/IGF2R/ARRB2/EPN1/ARF6"
"REACTOME_FORMATION_OF_PARAXIAL_MESODERM","REACTOME_FORMATION_OF_PARAXIAL_MESODERM",13,0.285009372119979,0.884204231950771,0.625461254612546,1,0.98503138580396,1446,"tags=69%, list=49%, signal=35%","MAMLD1/DLL1/FGFR1/ADRM1/PSMC1/PSMD3/PSMC6/PSMD11/PSMD12"
"REACTOME_DAG_AND_IP3_SIGNALING","REACTOME_DAG_AND_IP3_SIGNALING",10,0.309348518440259,0.88023013512196,0.599630996309963,1,0.98503138580396,455,"tags=30%, list=15%, signal=25%","PRKX/GRK2/ITPR1"
"REACTOME_PEPTIDE_HORMONE_METABOLISM","REACTOME_PEPTIDE_HORMONE_METABOLISM",10,-0.299026338600377,-0.880129651404942,0.602173913043478,1,0.98503138580396,652,"tags=70%, list=22%, signal=55%","ATP6AP2/EXOC4/EXOC7/BCHE/MYO5A/CPB2/CPE"
"REACTOME_REGULATION_OF_RUNX2_EXPRESSION_AND_ACTIVITY","REACTOME_REGULATION_OF_RUNX2_EXPRESSION_AND_ACTIVITY",12,-0.28629717783067,-0.87915493304219,0.620842572062084,1,0.98503138580396,2112,"tags=100%, list=72%, signal=29%","ADRM1/PSMC1/PSMD3/PSMC6/PSMD11/PSMD12/PSMA6/CBFB/SMURF1/PSMD14/HIVEP3"
"REACTOME_NUCLEAR_IMPORT_OF_REV_PROTEIN","REACTOME_NUCLEAR_IMPORT_OF_REV_PROTEIN",11,0.297548422265898,0.878382659572475,0.594254937163375,1,0.98503138580396,1501,"tags=82%, list=51%, signal=40%","NUP107/NUP188/SEH1L/NUP58/SEC13/RANBP2/NUP98/NUP88/NUP153"
"REACTOME_NUCLEAR_PORE_COMPLEX_NPC_DISASSEMBLY","REACTOME_NUCLEAR_PORE_COMPLEX_NPC_DISASSEMBLY",11,0.297548422265898,0.878382659572475,0.594254937163375,1,0.98503138580396,1501,"tags=82%, list=51%, signal=40%","NUP107/NUP188/SEH1L/NUP58/SEC13/RANBP2/NUP98/NUP88/NUP153"
"REACTOME_REGULATION_OF_GLUCOKINASE_BY_GLUCOKINASE_REGULATORY_PROTEIN","REACTOME_REGULATION_OF_GLUCOKINASE_BY_GLUCOKINASE_REGULATORY_PROTEIN",11,0.297548422265898,0.878382659572475,0.594254937163375,1,0.98503138580396,1501,"tags=82%, list=51%, signal=40%","NUP107/NUP188/SEH1L/NUP58/SEC13/RANBP2/NUP98/NUP88/NUP153"
"REACTOME_CARGO_RECOGNITION_FOR_CLATHRIN_MEDIATED_ENDOCYTOSIS","REACTOME_CARGO_RECOGNITION_FOR_CLATHRIN_MEDIATED_ENDOCYTOSIS",19,0.250474377505606,0.875143501644149,0.62708719851577,1,0.98503138580396,762,"tags=37%, list=26%, signal=28%","STON1/LDLR/GRK2/TOR1B/IGF2R/ARRB2/EPN1"
"REACTOME_MAPK_FAMILY_SIGNALING_CASCADES","REACTOME_MAPK_FAMILY_SIGNALING_CASCADES",59,0.182652987227637,0.874590140459586,0.647554806070826,1,0.98503138580396,215,"tags=12%, list=7%, signal=11%","HSPB1/ANGPT1/FN1/IL6R/CDC14A/DNAJB1/DUSP1"
"REACTOME_SIGNALING_BY_INSULIN_RECEPTOR","REACTOME_SIGNALING_BY_INSULIN_RECEPTOR",11,-0.28687168239761,-0.873040357577118,0.604494382022472,1,0.98503138580396,27,"tags=100%, list=1%, signal=99%","PTPN11/CTSD/ATP6V0A2/IRS2/ATP6V0C/ATP6V1F/FGF1/GAB1/GAB2/FGFR3"
"REACTOME_TP53_REGULATES_TRANSCRIPTION_OF_DNA_REPAIR_GENES","REACTOME_TP53_REGULATES_TRANSCRIPTION_OF_DNA_REPAIR_GENES",13,0.281265703294885,0.872589989957435,0.636531365313653,1,0.98503138580396,466,"tags=23%, list=16%, signal=20%","FANCD2/FANCI/CDK7"
"REACTOME_INFLUENZA_INFECTION","REACTOME_INFLUENZA_INFECTION",34,0.205012109733561,0.871172079126589,0.636521739130435,1,0.98503138580396,2208,"tags=97%, list=75%, signal=25%","HSPA1A/NUP107/RPL22L1/HSP90AA1/RPS27L/TGFB1/NUP188/SEH1L/NUP58/SEC13/RANBP2/RPL23/NUP98/RPS26/SLC25A6/XPO1/NUP88/NUP153/GTF2F2/KPNA1/POLR2I/CLTC/RPL31/RPS7/RPL7/NUP54/RPL21/RPL10A/RPL10/POLR2F/PARP1/RPS12/RPS6"
"REACTOME_INTRAFLAGELLAR_TRANSPORT","REACTOME_INTRAFLAGELLAR_TRANSPORT",16,-0.250628714046915,-0.866720971058865,0.614537444933921,1,0.98503138580396,590,"tags=38%, list=20%, signal=30%","DYNLT2B/IFT80/TUBB2A/TUBB2B/KIF3B/IFT27"
"REACTOME_FATTY_ACID_METABOLISM","REACTOME_FATTY_ACID_METABOLISM",26,0.219867945662,0.863566870272094,0.66199649737303,1,0.98503138580396,713,"tags=31%, list=24%, signal=24%","ABCC1/MCEE/PHYH/HSD17B3/PTGES3/MID1IP1/CPT1B/ALDH3A2"
"REACTOME_MITOCHONDRIAL_PROTEIN_IMPORT","REACTOME_MITOCHONDRIAL_PROTEIN_IMPORT",16,-0.24889342866871,-0.860720029651246,0.627753303964758,1,0.98503138580396,2223,"tags=100%, list=75%, signal=25%","TIMM44/TOMM40/CS/PMPCA/HSPD1/COX17/HSPA9/SLC25A6/SLC25A13/CHCHD3/MTX2/DNAJC19/SLC25A12/PAM16/CHCHD7"
"REACTOME_GLOBAL_GENOME_NUCLEOTIDE_EXCISION_REPAIR_GG_NER","REACTOME_GLOBAL_GENOME_NUCLEOTIDE_EXCISION_REPAIR_GG_NER",17,0.257063916981798,0.858725595155115,0.654545454545455,1,0.98503138580396,684,"tags=35%, list=23%, signal=27%","RFC4/CHD1L/CDK7/LIG1/PIAS3/NFRKB"
"REACTOME_PHOSPHOLIPID_METABOLISM","REACTOME_PHOSPHOLIPID_METABOLISM",37,0.198018970056117,0.857757431540717,0.655594405594406,1,0.98503138580396,121,"tags=11%, list=4%, signal=10%","PLEKHA2/PNPLA3/OSBPL10/STARD10"
"REACTOME_INFECTIOUS_DISEASE","REACTOME_INFECTIOUS_DISEASE",231,0.13788569627495,0.857468804958736,0.778097982708934,1,0.98503138580396,1446,"tags=55%, list=49%, signal=31%","HSPA1B/FCGR2A/PRKX/HSPA1A/FEN1/FN1/FKBP4/IL17RC/IRAK2/GNG5/IL6R/IRAK1/NFKBIA/NUP107/ST3GAL1/FNTB/NMT1/CSTF2/HSP90AB1/ITPR1/CDK7/LIG1/TUBA1C/AP1B1/GSK3A/VPS33B/RIPK1/CHMP4A/PPP1CC/PTGES3/TLR1/PQBP1/SRSF4/PTPN11/TUBB4A/VPS37C/RPL22L1/SF3B2/PTBP1/ATP1B3/SUGP1/GNAZ/HMG20B/SNRPB/SEC24A/VPS4A/TYK2/MED7/RPN1/BCL2L1/VPS18/HSP90AA1/NFKBIB/RPS27L/ZDHHC5/TGFB1/ZDHHC2/MED25/PAK2/RIGI/HNRNPL/SV2A/PAPOLA/PABPC1/CRK/NUP188/TAF11/NFE2L2/VHL/EIF4E/MBD3/PRPF19/UFD1/SEH1L/UBR4/ADRM1/BANF1/DNAJB11/PRPF8/HNRNPUL1/MED6/NUP58/SEC13/ARPC2/STAT2/RANBP2/BRD4/RPL23/GTF2B/CCNT1/ELAVL1/REST/PSMC1/MED23/CLU/VPS36/ADCY9/MYO9B/DYNC1LI2/CHMP3/NUP98/RPS26/GTF2E2/DNAJC10/PSMD3/UBE2V1/PSMC6/CHUK/SEC23A/SLC25A6/RPN2/HDAC2/G3BP1/PSMD11/XPO1/PALS1/MAPK14/SNRNP200/NUP88/RAB5A/CPSF1/MAP2K1/CTNNBL1/CWC22/SCAP/MAP2K4/SUPT16H/PSMD12"
"REACTOME_HOMOLOGY_DIRECTED_REPAIR","REACTOME_HOMOLOGY_DIRECTED_REPAIR",20,0.240136224849859,0.85587554371437,0.66542750929368,1,0.98503138580396,1355,"tags=65%, list=46%, signal=35%","FEN1/RFC4/H2AX/DNA2/PPP4C/RNF168/TIPIN/MRE11/TOPBP1/PPP4R2/WRN/KAT5/ATM"
"REACTOME_DNA_REPAIR","REACTOME_DNA_REPAIR",69,0.173290443965139,0.854742192928448,0.694117647058824,1,0.98503138580396,1058,"tags=42%, list=36%, signal=28%","FEN1/FANCD2/RFC4/FANCI/CHD1L/SPRTN/FANCB/CDK7/LIG1/MAD2L2/H2AX/NHEJ1/PIAS3/NFRKB/TDP2/ZNF830/DNA2/POLN/PPP4C/FANCM/RNF168/ASCC1/CUL4A/PRPF19/UFD1/ALKBH3/TIPIN/DCLRE1C/MRE11"
"REACTOME_SENSORY_PROCESSING_OF_SOUND","REACTOME_SENSORY_PROCESSING_OF_SOUND",11,-0.280855173266953,-0.854730236344885,0.615730337078652,1,0.98503138580396,31,"tags=91%, list=1%, signal=90%","EPB41L1/TPRN/WHRN/CAPZA2/CAPZA1/SPTBN1/SYP/TWF1/ACTG1/PCDH15"
"REACTOME_COPII_MEDIATED_VESICLE_TRANSPORT","REACTOME_COPII_MEDIATED_VESICLE_TRANSPORT",15,0.260606316780927,0.854195951691458,0.634545454545455,1,0.98503138580396,1370,"tags=67%, list=46%, signal=36%","GOSR2/GORASP1/MCFD2/SEC24A/SEC13/NAPG/PPP6R1/CSNK1D/SEC23A/TMED10"
"REACTOME_PROGRAMMED_CELL_DEATH","REACTOME_PROGRAMMED_CELL_DEATH",39,0.195050635214381,0.853355270930001,0.68695652173913,1,0.98503138580396,2108,"tags=95%, list=71%, signal=28%","LMNA/NMT1/RIPK1/CHMP4A/DAPK3/BCL2/STAT3/BCL2L1/HSP90AA1/ADD1/PAK2/ADRM1/PSMC1/CHMP3/PSMD3/PSMC6/MAPT/CFLAR/PELI1/PSMD11/APC/PSMD12/APPL1/PSMA6/KPNA1/HMGB1/PDCD6IP/AKT3/TJP1/ITCH/YWHAB/SEPTIN4/MAGED1/YWHAQ/PRKN/PSMD14/PRKCQ"
"REACTOME_SIGNALING_BY_NOTCH4","REACTOME_SIGNALING_BY_NOTCH4",14,0.267841352649746,0.851432316009006,0.648250460405157,1,0.98503138580396,1687,"tags=86%, list=57%, signal=37%","MAMLD1/NOTCH4/NCSTN/ADRM1/PSMC1/PSMD3/PSMC6/PSMD11/PSMD12/PSMA6/KAT2B/PSEN1"
"REACTOME_RAB_REGULATION_OF_TRAFFICKING","REACTOME_RAB_REGULATION_OF_TRAFFICKING",20,-0.229116945107399,-0.846308507356603,0.672413793103448,1,0.98503138580396,2282,"tags=100%, list=77%, signal=23%","ARF6/OPTN/ANKRD27/TBC1D17/RAB39B/MON1B/TBC1D2/RAB12/GGA1/RAB5A/RAB18/AKT3/GABARAPL2/TRAPPC6B/DENND1A/RAB4A/TRAPPC2L/DENND5A/RIN2"
"REACTOME_HIV_LIFE_CYCLE","REACTOME_HIV_LIFE_CYCLE",39,0.193285500948159,0.845632729404699,0.693913043478261,1,0.98503138580396,1563,"tags=69%, list=53%, signal=33%","FEN1/NUP107/NMT1/CDK7/LIG1/CHMP4A/VPS37C/VPS4A/NUP188/TAF11/SEH1L/BANF1/NUP58/SEC13/RANBP2/GTF2B/CCNT1/CHMP3/NUP98/GTF2E2/XPO1/NUP88/SUPT16H/NUP153/GTF2F2/XRCC5/TAF1"
"REACTOME_KEAP1_NFE2L2_PATHWAY","REACTOME_KEAP1_NFE2L2_PATHWAY",23,0.223547736947388,0.844633130092439,0.697508896797153,1,0.98503138580396,1621,"tags=78%, list=55%, signal=36%","ABCC1/BCL2/BCL2L1/DPP3/MUL1/NFE2L2/UFD1/ADRM1/ME1/ATF4/PSMC1/PSMD3/PSMC6/PSMD11/PSMD12/PRDX1/PSMA6/NFKB1"
"REACTOME_METABOLISM_OF_LIPIDS","REACTOME_METABOLISM_OF_LIPIDS",120,0.152547172977534,0.844039154500664,0.770186335403727,1,0.98503138580396,730,"tags=27%, list=25%, signal=21%","ABCC1/PRKD2/PLEKHA2/PNPLA3/GBA1/OSBPL10/STARD10/BDH2/EBP/MCEE/PLIN3/FAR2/DHCR24/PHYH/MVK/BMAL1/INPPL1/HSD17B3/DHCR7/PPP1CC/PLEKHA8/STARD7/PTGES3/LPIN2/NEU3/MID1IP1/CPT1B/CYP2R1/ALDH3A2/SEC24A/PNPLA6/MED7"
"REACTOME_SIGNALING_BY_FGFR","REACTOME_SIGNALING_BY_FGFR",12,-0.274363481100656,-0.842509205588228,0.671840354767184,1,0.98503138580396,27,"tags=75%, list=1%, signal=75%","FGF1/GTF2F2/POLR2I/GAB1/GIPC1/POLR2F/CBL/TIA1/FGFR3"
"REACTOME_DEGRADATION_OF_THE_EXTRACELLULAR_MATRIX","REACTOME_DEGRADATION_OF_THE_EXTRACELLULAR_MATRIX",18,0.243809149278288,0.840176273554039,0.688729874776386,1,0.98503138580396,94,"tags=11%, list=3%, signal=11%","ADAMTS18/FN1"
"REACTOME_EPIGENETIC_REGULATION_OF_GENE_EXPRESSION_BY_MLL3_AND_MLL4_COMPLEXES","REACTOME_EPIGENETIC_REGULATION_OF_GENE_EXPRESSION_BY_MLL3_AND_MLL4_COMPLEXES",12,0.276994982482711,0.839603118102448,0.667876588021779,1,0.98503138580396,1209,"tags=67%, list=41%, signal=40%","PDK4/H2AX/CDK5/MED7/PAGR1/MED6/KMT2D/MED23"
"REACTOME_HEDGEHOG_LIGAND_BIOGENESIS","REACTOME_HEDGEHOG_LIGAND_BIOGENESIS",10,-0.285154966475439,-0.839301789986533,0.66304347826087,1,0.98503138580396,45,"tags=90%, list=2%, signal=89%","ADRM1/PSMC1/PSMD3/PSMC6/PSMD11/PSMD12/PSMA6/PSMD14/HHAT"
"REACTOME_HH_MUTANTS_ABROGATE_LIGAND_SECRETION","REACTOME_HH_MUTANTS_ABROGATE_LIGAND_SECRETION",10,-0.285154966475439,-0.839301789986533,0.66304347826087,1,0.98503138580396,45,"tags=90%, list=2%, signal=89%","ADRM1/PSMC1/PSMD3/PSMC6/PSMD11/PSMD12/PSMA6/PSMD14/HHAT"
"REACTOME_RHOD_GTPASE_CYCLE","REACTOME_RHOD_GTPASE_CYCLE",10,0.294937138973836,0.839223536612993,0.649446494464945,1,0.98503138580396,2085,"tags=100%, list=71%, signal=29%","DEPDC1B/WHAMM/ARHGAP17/LBR/MCAM/ANKFY1/ARHGAP5/ARHGAP1/VRK2/PGRMC2"
"REACTOME_SIGNALING_BY_FGFR_IN_DISEASE","REACTOME_SIGNALING_BY_FGFR_IN_DISEASE",14,0.262530049209529,0.834548383246599,0.677716390423573,1,0.98503138580396,669,"tags=29%, list=23%, signal=22%","STAT5A/BAG4/FGFR1/STAT3"
"REACTOME_KINESINS","REACTOME_KINESINS",11,0.28240396562102,0.833675220009511,0.671454219030521,1,0.98503138580396,648,"tags=36%, list=22%, signal=28%","KIF19/CENPE/TUBA1C/TUBB4A"
"REACTOME_NONSENSE_MEDIATED_DECAY_NMD","REACTOME_NONSENSE_MEDIATED_DECAY_NMD",15,0.25357385976855,0.831145488507687,0.667272727272727,1,0.98503138580396,2208,"tags=100%, list=75%, signal=25%","RPL22L1/SMG9/RPS27L/PABPC1/SMG5/RPL23/RPS26/RPL31/RPS7/RPL7/RPL21/RPL10A/RPL10/RPS12/RPS6"
"REACTOME_RESPONSE_OF_EIF2AK4_GCN2_TO_AMINO_ACID_DEFICIENCY","REACTOME_RESPONSE_OF_EIF2AK4_GCN2_TO_AMINO_ACID_DEFICIENCY",15,0.25357385976855,0.831145488507687,0.667272727272727,1,0.98503138580396,2208,"tags=100%, list=75%, signal=25%","RPL22L1/RPS27L/EIF2S3/ATF4/RPL23/DDIT3/RPS26/RPL31/RPS7/RPL7/RPL21/RPL10A/RPL10/RPS12/RPS6"
"REACTOME_SRP_DEPENDENT_COTRANSLATIONAL_PROTEIN_TARGETING_TO_MEMBRANE","REACTOME_SRP_DEPENDENT_COTRANSLATIONAL_PROTEIN_TARGETING_TO_MEMBRANE",15,0.25357385976855,0.831145488507687,0.667272727272727,1,0.98503138580396,2208,"tags=100%, list=75%, signal=25%","RPL22L1/RPN1/RPS27L/RPL23/RPS26/TRAM1/RPN2/RPL31/RPS7/RPL7/RPL21/RPL10A/RPL10/RPS12/RPS6"
"REACTOME_REGULATION_OF_APOPTOSIS","REACTOME_REGULATION_OF_APOPTOSIS",10,-0.282364933741081,-0.83108983598478,0.667391304347826,1,0.98503138580396,2123,"tags=100%, list=72%, signal=28%","ADRM1/PSMC1/PSMD3/PSMC6/PSMD11/PSMD12/PSMA6/PSMD14/OMA1"
"REACTOME_HCMV_LATE_EVENTS","REACTOME_HCMV_LATE_EVENTS",18,0.240684556703464,0.829408800086942,0.70304114490161,1,0.98503138580396,1257,"tags=67%, list=43%, signal=39%","NUP107/CHMP4A/VPS37C/VPS4A/NUP188/SEH1L/NUP58/SEC13/RANBP2/VPS36/CHMP3/NUP98"
"REACTOME_ADIPOGENESIS","REACTOME_ADIPOGENESIS",15,-0.248127978216474,-0.828473288143479,0.683628318584071,1,0.98503138580396,2225,"tags=100%, list=75%, signal=25%","TGFB1/MED25/MBD3/MED6/MED23/PPARA/HDAC2/NFKB1/ZNF638/MED13L/SREBF2/MED29/TBL1XR1/MED8"
"REACTOME_GLYCEROPHOSPHOLIPID_BIOSYNTHESIS","REACTOME_GLYCEROPHOSPHOLIPID_BIOSYNTHESIS",22,0.220755623209194,0.827585845431529,0.701598579040853,1,0.98503138580396,121,"tags=14%, list=4%, signal=13%","PNPLA3/OSBPL10/STARD10"
"REACTOME_RESPIRATORY_SYNCYTIAL_VIRUS_INFECTION_PATHWAY","REACTOME_RESPIRATORY_SYNCYTIAL_VIRUS_INFECTION_PATHWAY",17,0.247190383681666,0.825742919643949,0.694545454545455,1,0.98503138580396,1469,"tags=76%, list=50%, signal=39%","HSP90AB1/PPP1CC/TYK2/MED7/HSP90AA1/MED25/RIGI/MED6/STAT2/MED23/XPO1/RAB5A/MAP1B"
"REACTOME_TRANSCRIPTIONAL_REGULATION_BY_RUNX3","REACTOME_TRANSCRIPTIONAL_REGULATION_BY_RUNX3",18,0.238421309812707,0.821609558982012,0.708407871198569,1,0.98503138580396,1605,"tags=72%, list=54%, signal=33%","MAMLD1/TCF7/TGFB1/SPP1/ADRM1/PSMC1/PSMD3/PSMC6/BRD2/PSMD11/PSMD12/PSMA6/CBFB"
"REACTOME_RETROGRADE_TRANSPORT_AT_THE_TRANS_GOLGI_NETWORK","REACTOME_RETROGRADE_TRANSPORT_AT_THE_TRANS_GOLGI_NETWORK",12,0.271022474878493,0.821499772105179,0.7005444646098,1,0.98503138580396,1435,"tags=67%, list=49%, signal=34%","PLIN3/ARFIP2/IGF2R/NAPG/GOLGA4/VPS54/ARL1/GOLGA1"
"REACTOME_INNATE_IMMUNE_SYSTEM","REACTOME_INNATE_IMMUNE_SYSTEM",132,0.145197321315077,0.817805164906498,0.819444444444444,1,0.98503138580396,1451,"tags=56%, list=49%, signal=30%","HSPA1B/FCGR2A/HSPA1A/RELB/IRAK2/IRAK1/MUC20/NFKBIA/SERPINB1/SELL/IRAK4/HSP90AB1/ITPR1/TNIP2/MVP/DDX41/TRIM56/RIPK1/BCL2/TLR1/CR1/IGF2R/PTPN11/S100A1/POLR1C/BCL2L1/HSP90AA1/NFKBIB/CTSD/HGSNAT/DUSP3/PAK2/OPTN/RIGI/MANBA/CRK/TSPAN14/ATP6V0A2/NCSTN/UBR4/ADRM1/POLR3G/IFI16/MRE11/CD55/VAT1/ARPC2/NFATC3/RAP1B/MAPKAPK2/PSMC1/PYGL/CLU/HEXB/MYO9B/PSMD3/UBE2V1/UBE2K/LAMP1/PSMC6/CCT8/CHUK/ATP6V0C/RAP1A/PELI1/PSMD11/MAPK14/CAPZA2/ASAH1/MAP2K1/PAFAH1B2/MAP2K4/PSMD12/ATP6V1F"
"REACTOME_PLATELET_HOMEOSTASIS","REACTOME_PLATELET_HOMEOSTASIS",14,0.256663546572919,0.815899545502363,0.692449355432781,1,0.98503138580396,194,"tags=21%, list=7%, signal=20%","ATP2B3/GNG5/PDE9A"
"REACTOME_G_PROTEIN_MEDIATED_EVENTS","REACTOME_G_PROTEIN_MEDIATED_EVENTS",13,-0.256605929302476,-0.814310107898411,0.684782608695652,1,0.98503138580396,484,"tags=31%, list=16%, signal=26%","ITPR2/PRKAR2B/CAMK2A/PLCB1"
"REACTOME_EPIGENETIC_REGULATION_BY_WDR5_CONTAINING_HISTONE_MODIFYING_COMPLEXES","REACTOME_EPIGENETIC_REGULATION_BY_WDR5_CONTAINING_HISTONE_MODIFYING_COMPLEXES",18,0.235930506341963,0.813026148620261,0.717352415026834,1,0.98503138580396,1429,"tags=67%, list=48%, signal=35%","MEN1/PDK4/H2AX/CDK5/MED7/PAGR1/MED6/KMT2D/MED23/KANSL2/KANSL3/BOD1L1"
"REACTOME_CELLULAR_RESPONSES_TO_MECHANICAL_STIMULI","REACTOME_CELLULAR_RESPONSES_TO_MECHANICAL_STIMULI",17,0.242585817647821,0.810361302673862,0.72,1,0.98503138580396,259,"tags=18%, list=9%, signal=16%","FN1/GNG5/NFKBIA"
"REACTOME_DNA_REPLICATION_PRE_INITIATION","REACTOME_DNA_REPLICATION_PRE_INITIATION",19,0.231745972793709,0.809707500393238,0.719851576994434,1,0.98503138580396,1643,"tags=84%, list=56%, signal=38%","H2AX/MCM8/ORC2/ADRM1/PSMC1/POLA2/PSMD3/PSMC6/KPNA6/PSMD11/PSMD12/ANAPC16/PSMA6/KPNA1/CDC27/CDC16"
"REACTOME_NS1_MEDIATED_EFFECTS_ON_HOST_PATHWAYS","REACTOME_NS1_MEDIATED_EFFECTS_ON_HOST_PATHWAYS",12,0.264677998154321,0.802268945638221,0.725952813067151,1,0.98503138580396,1501,"tags=75%, list=51%, signal=37%","NUP107/NUP188/SEH1L/NUP58/SEC13/RANBP2/NUP98/NUP88/NUP153"
"REACTOME_SELENOAMINO_ACID_METABOLISM","REACTOME_SELENOAMINO_ACID_METABOLISM",18,-0.224531516183986,-0.798626521438433,0.711060948081264,1,0.98503138580396,2295,"tags=100%, list=78%, signal=22%","QARS1/RPS27L/MARS1/IARS1/RPL23/RPS26/CBS/SARS1/RPL31/RPS7/RPL7/RPL21/RPL10A/RPL10/RPS12/RPS6/HNMT"
"REACTOME_SIGNALING_BY_TGF_BETA_RECEPTOR_COMPLEX","REACTOME_SIGNALING_BY_TGF_BETA_RECEPTOR_COMPLEX",15,0.24327907005889,0.797401994481414,0.712727272727273,1,0.98503138580396,796,"tags=33%, list=27%, signal=24%","TGIF1/MEN1/PPP1CC/TGFB3/TGFB1"
"REACTOME_FCGAMMA_RECEPTOR_FCGR_DEPENDENT_PHAGOCYTOSIS","REACTOME_FCGAMMA_RECEPTOR_FCGR_DEPENDENT_PHAGOCYTOSIS",14,0.249352433203647,0.792658480868316,0.72744014732965,1,0.98503138580396,455,"tags=21%, list=15%, signal=18%","FCGR2A/HSP90AB1/ITPR1"
"REACTOME_METABOLISM_OF_CARBOHYDRATES_AND_CARBOHYDRATE_DERIVATIVES","REACTOME_METABOLISM_OF_CARBOHYDRATES_AND_CARBOHYDRATE_DERIVATIVES",39,-0.173484905624447,-0.79089908762503,0.770491803278688,1,0.98503138580396,335,"tags=15%, list=11%, signal=14%","DSE/NUP210/CHST11/B4GALT7/CSGALNACT1/HS6ST3"
"REACTOME_ACTIVATION_OF_THE_MRNA_UPON_BINDING_OF_THE_CAP_BINDING_COMPLEX_AND_EIFS_AND_SUBSEQUENT_BINDING_TO_43S","REACTOME_ACTIVATION_OF_THE_MRNA_UPON_BINDING_OF_THE_CAP_BINDING_COMPLEX_AND_EIFS_AND_SUBSEQUENT_BINDING_TO_43S",11,-0.259687287559483,-0.790309731843549,0.701123595505618,1,0.98503138580396,2190,"tags=100%, list=74%, signal=26%","PABPC1/EIF4E/EIF2S3/EIF4H/RPS26/EIF4B/RPS7/EIF3K/RPS12/RPS6"
"REACTOME_RAC2_GTPASE_CYCLE","REACTOME_RAC2_GTPASE_CYCLE",16,0.240381341504937,0.789660251412691,0.728102189781022,1,0.98503138580396,2247,"tags=100%, list=76%, signal=24%","DEPDC1B/GIT1/ERBIN/PAK2/ARHGAP17/PAK4/LBR/MCAM/GIT2/GARRE1/ARHGAP1/DOCK3/DOCK4/VRK2/PGRMC2/TIAM1"
"REACTOME_TRANSCRIPTIONAL_REGULATION_OF_WHITE_ADIPOCYTE_DIFFERENTIATION","REACTOME_TRANSCRIPTIONAL_REGULATION_OF_WHITE_ADIPOCYTE_DIFFERENTIATION",13,-0.247959183673469,-0.786870631401253,0.691304347826087,1,0.98503138580396,2225,"tags=100%, list=75%, signal=25%","TGFB1/MED25/MED6/MED23/PPARA/NFKB1/ZNF638/MED13L/SREBF2/MED29/TBL1XR1/MED8"
"REACTOME_DUAL_INCISION_IN_TC_NER","REACTOME_DUAL_INCISION_IN_TC_NER",11,0.2649707222337,0.782211130316424,0.748653500897666,1,0.98503138580396,958,"tags=45%, list=32%, signal=31%","RFC4/CDK7/ZNF830/CUL4A/PRPF19"
"REACTOME_VISUAL_PHOTOTRANSDUCTION","REACTOME_VISUAL_PHOTOTRANSDUCTION",16,0.238086423934712,0.7821213751666,0.733576642335766,1,0.98503138580396,391,"tags=25%, list=13%, signal=22%","LDLR/GUCA1B/FNTB/NMT1"
"REACTOME_REGULATION_OF_TP53_ACTIVITY_THROUGH_PHOSPHORYLATION","REACTOME_REGULATION_OF_TP53_ACTIVITY_THROUGH_PHOSPHORYLATION",15,0.238575736869526,0.781985759681593,0.725454545454545,1,0.98503138580396,1563,"tags=87%, list=53%, signal=41%","RFC4/CDK5/DNA2/TAF11/MRE11/TOPBP1/WRN/KAT5/ATM/MAPK14/SUPT16H/ATR/TAF1"
"REACTOME_CILIUM_ASSEMBLY","REACTOME_CILIUM_ASSEMBLY",49,0.170108060587851,0.781054701548535,0.795952782462057,1,0.98503138580396,1590,"tags=69%, list=54%, signal=33%","LZTFL1/ODF2/TMEM216/TUBA1C/TTC8/CC2D2A/TUBB4A/CEP250/CCT5/IFT122/MKS1/HSP90AA1/WDR19/IFT74/TCP1/TNPO1/CLUAP1/SFI1/BBS2/BBS5/ATAT1/CCT4/CSNK1D/CCP110/CCT8/CCT3/KIFAP3/EXOC2/CDK5RAP2/CCT2/DYNC2LI1/PAFAH1B1/TTBK2/CNTRL"
"REACTOME_REGULATION_OF_PLK1_ACTIVITY_AT_G2_M_TRANSITION","REACTOME_REGULATION_OF_PLK1_ACTIVITY_AT_G2_M_TRANSITION",17,0.233542233794279,0.78015108484886,0.763636363636364,1,0.98503138580396,1696,"tags=82%, list=57%, signal=35%","ODF2/TUBB4A/CEP250/HSP90AA1/OPTN/SFI1/CSNK1D/CCP110/CDK5RAP2/PAFAH1B1/CNTRL/AKAP9/ALMS1/CLASP1"
"REACTOME_DEATH_RECEPTOR_SIGNALING","REACTOME_DEATH_RECEPTOR_SIGNALING",24,0.204775203061266,0.779058665377287,0.791814946619217,1,0.98503138580396,554,"tags=21%, list=19%, signal=17%","IRAK1/NGFR/NFKBIA/RIPK1/BAG4"
"REACTOME_ISG15_ANTIVIRAL_MECHANISM","REACTOME_ISG15_ANTIVIRAL_MECHANISM",18,0.225969793400319,0.778701125519096,0.75134168157424,1,0.98503138580396,1501,"tags=72%, list=51%, signal=36%","NUP107/RIGI/NUP188/EIF4E/SEH1L/NUP58/SEC13/RANBP2/FLNB/NUP98/NUP88/PPM1B/NUP153"
"REACTOME_CELLULAR_RESPONSE_TO_CHEMICAL_STRESS","REACTOME_CELLULAR_RESPONSE_TO_CHEMICAL_STRESS",35,0.180506229183059,0.775054518497919,0.770293609671848,1,0.98503138580396,34,"tags=6%, list=1%, signal=6%","ABCC1/HIGD1C"
"REACTOME_ABC_TRANSPORTER_DISORDERS","REACTOME_ABC_TRANSPORTER_DISORDERS",11,0.26225573263199,0.774196301103416,0.757630161579892,1,0.98503138580396,1578,"tags=82%, list=53%, signal=38%","OS9/ADRM1/PSMC1/ABCA3/PSMD3/PSMC6/PSMD11/PSMD12/PSMA6"
"REACTOME_ER_TO_GOLGI_ANTEROGRADE_TRANSPORT","REACTOME_ER_TO_GOLGI_ANTEROGRADE_TRANSPORT",35,0.179864708035532,0.772299966112922,0.775474956822107,1,0.98503138580396,1426,"tags=60%, list=48%, signal=31%","GOLGB1/GOSR2/TUBA1C/GORASP1/TUBB4A/SPTBN2/MCFD2/SEC24A/MIA3/CD55/SEC13/NAPG/PPP6R1/CSNK1D/DYNC1LI2/SEC23A/TMED10/CAPZA2/COPA/COPB2/ARFGAP2"
"REACTOME_REGULATION_OF_ENDOGENOUS_RETROELEMENTS","REACTOME_REGULATION_OF_ENDOGENOUS_RETROELEMENTS",18,0.223476511607779,0.770109174759343,0.760286225402504,1,0.98503138580396,535,"tags=22%, list=18%, signal=18%","DPF1/ZNF324/ZNF778/H2AX"
"REACTOME_DISEASES_ASSOCIATED_WITH_O_GLYCOSYLATION_OF_PROTEINS","REACTOME_DISEASES_ASSOCIATED_WITH_O_GLYCOSYLATION_OF_PROTEINS",10,0.270305173474966,0.769134956817267,0.747232472324723,1,0.98503138580396,1060,"tags=60%, list=36%, signal=39%","ADAMTS18/MUC20/NOTCH4/POMT1/LARGE1/ADAMTS8"
"REACTOME_INFLUENZA_VIRAL_RNA_TRANSCRIPTION_AND_REPLICATION","REACTOME_INFLUENZA_VIRAL_RNA_TRANSCRIPTION_AND_REPLICATION",28,0.191168028789737,0.768772681475255,0.783595113438045,1,0.98503138580396,2208,"tags=96%, list=75%, signal=25%","NUP107/RPL22L1/HSP90AA1/RPS27L/NUP188/SEH1L/NUP58/SEC13/RANBP2/RPL23/NUP98/RPS26/NUP88/NUP153/GTF2F2/POLR2I/RPL31/RPS7/RPL7/NUP54/RPL21/RPL10A/RPL10/POLR2F/PARP1/RPS12/RPS6"
"REACTOME_EUKARYOTIC_TRANSLATION_ELONGATION","REACTOME_EUKARYOTIC_TRANSLATION_ELONGATION",12,0.253315198911935,0.767827016081338,0.765880217785844,1,0.98503138580396,2208,"tags=100%, list=75%, signal=25%","RPL22L1/RPS27L/RPL23/RPS26/RPL31/RPS7/RPL7/RPL21/RPL10A/RPL10/RPS12/RPS6"
"REACTOME_FOXO_MEDIATED_TRANSCRIPTION","REACTOME_FOXO_MEDIATED_TRANSCRIPTION",13,0.246515981326905,0.764783530841185,0.773062730627306,1,0.98503138580396,1939,"tags=92%, list=66%, signal=32%","ABCA6/BCL6/BTG1/DDIT3/ATXN3/FBXO32/HDAC2/KAT2B/AKT3/PCBP4/YWHAB/YWHAQ"
"REACTOME_HDR_THROUGH_HOMOLOGOUS_RECOMBINATION_HRR","REACTOME_HDR_THROUGH_HOMOLOGOUS_RECOMBINATION_HRR",11,0.257764778865735,0.760938707992419,0.771992818671454,1,0.98503138580396,1480,"tags=73%, list=50%, signal=36%","RFC4/DNA2/MRE11/TOPBP1/WRN/KAT5/ATM/ATR"
"REACTOME_UCH_PROTEINASES","REACTOME_UCH_PROTEINASES",14,-0.232391970057843,-0.760824436837918,0.75599128540305,1,0.98503138580396,2271,"tags=100%, list=77%, signal=23%","TGFB1/ADRM1/PSMC1/INO80D/PSMD3/PSMC6/PSMD11/PSMD12/PSMA6/MBD5/PSMD14/INO80E/RUVBL1"
"REACTOME_RSV_HOST_INTERACTIONS","REACTOME_RSV_HOST_INTERACTIONS",12,-0.246514790887453,-0.756992074175283,0.749445676274945,1,0.98503138580396,2229,"tags=100%, list=75%, signal=25%","MED7/MED25/RIGI/MED6/STAT2/MED23/MAP1B/MED13L/MED29/MED8/TLR4"
"REACTOME_SUMOYLATION_OF_RNA_BINDING_PROTEINS","REACTOME_SUMOYLATION_OF_RNA_BINDING_PROTEINS",13,0.243474315652864,0.755347161639843,0.785977859778598,1,0.98503138580396,1501,"tags=77%, list=51%, signal=38%","NUP107/NUP188/SEH1L/NUP58/SEC13/RING1/RANBP2/NUP98/NUP88/NUP153"
"REACTOME_ADHERENS_JUNCTIONS_INTERACTIONS","REACTOME_ADHERENS_JUNCTIONS_INTERACTIONS",28,-0.182564102564103,-0.754103874405673,0.804195804195804,1,0.98503138580396,2420,"tags=96%, list=82%, signal=18%","CDH19/RPN1/POMT1/ADRM1/MPHOSPH8/PSMC1/PSMD3/PSMC6/RPN2/HDAC2/PSMD11/CTNNA1/PSMD12/PSMA6/ZMYM2/TCF12/CADM2/PRKCSH/CDH2/ANK3/ZEB2/CDH8/PSMD14/PRDM8/NECTIN3/ACTG1/H4C3"
"REACTOME_MAPK1_MAPK3_SIGNALING","REACTOME_MAPK1_MAPK3_SIGNALING",51,-0.152567513825652,-0.753641465166674,0.836930455635492,1,0.98503138580396,48,"tags=8%, list=2%, signal=8%","CAMK2A/GRIN2B/SHC3/FGFR3"
"REACTOME_OPIOID_SIGNALLING","REACTOME_OPIOID_SIGNALLING",19,-0.207870474177298,-0.753549461168437,0.771058315334773,1,0.98503138580396,195,"tags=26%, list=7%, signal=25%","ITPR2/PRKAR2B/GNG10/CAMK2A/PLCB1"
"REACTOME_SUMOYLATION_OF_DNA_DAMAGE_RESPONSE_AND_REPAIR_PROTEINS","REACTOME_SUMOYLATION_OF_DNA_DAMAGE_RESPONSE_AND_REPAIR_PROTEINS",19,-0.20769300995629,-0.7529061371531,0.771058315334773,1,0.98503138580396,2049,"tags=95%, list=69%, signal=29%","NUP188/RNF168/SEH1L/NUP58/SEC13/RING1/RANBP2/NSMCE3/NUP98/WRN/NUP88/NUP153/NSMCE2/NUP54/XRCC4/PARP1/SCMH1/NUP210"
"REACTOME_TRANSLATION_OF_SARS_COV_2_STRUCTURAL_PROTEINS","REACTOME_TRANSLATION_OF_SARS_COV_2_STRUCTURAL_PROTEINS",16,-0.216030709389032,-0.747074599701088,0.781938325991189,1,0.98503138580396,1064,"tags=62%, list=36%, signal=40%","PRKCSH/GALNT1/PARP6/ZDHHC9/ST6GALNAC3/MGAT5/ST3GAL4/FUT8/PARP8/MGAT4C"
"REACTOME_TCF_DEPENDENT_SIGNALING_IN_RESPONSE_TO_WNT","REACTOME_TCF_DEPENDENT_SIGNALING_IN_RESPONSE_TO_WNT",25,0.193785865619753,0.746948123781953,0.832442067736185,1,0.98503138580396,1585,"tags=76%, list=54%, signal=36%","TCF7/SFRP1/MEN1/H2AX/ADRM1/PSMC1/SOX2/LGR4/PSMD3/PSMC6/KAT5/PSMD11/XPO1/APC/PSMD12/USP34/TLE4/PSMA6/USP8"
"REACTOME_APOPTOSIS","REACTOME_APOPTOSIS",32,0.178813653970488,0.744132335845641,0.817223198594025,1,0.98503138580396,1939,"tags=88%, list=66%, signal=30%","LMNA/NMT1/RIPK1/DAPK3/BCL2/STAT3/BCL2L1/ADD1/PAK2/ADRM1/PSMC1/PSMD3/PSMC6/MAPT/CFLAR/PSMD11/APC/PSMD12/APPL1/PSMA6/KPNA1/HMGB1/AKT3/TJP1/YWHAB/SEPTIN4/MAGED1/YWHAQ"
"REACTOME_CELLULAR_SENESCENCE","REACTOME_CELLULAR_SENESCENCE",26,-0.182439357704134,-0.737382874130213,0.821345707656613,1,0.98503138580396,2420,"tags=100%, list=82%, signal=18%","STAT3/MINK1/ERF/MRE11/RING1/MAPKAPK2/KAT5/ATM/TERF2/MAPK14/MAP2K4/ANAPC16/POT1/EHMT1/NFKB1/CDC27/CDC16/TNIK/CDK6/ANAPC7/MAP4K4/CABIN1/SCMH1/CCNE2/H4C3"
"REACTOME_NEUTROPHIL_DEGRANULATION","REACTOME_NEUTROPHIL_DEGRANULATION",60,0.154175263520203,0.736887761116114,0.861774744027304,1,0.98503138580396,1663,"tags=73%, list=56%, signal=33%","HSPA1B/FCGR2A/HSPA1A/SERPINB1/SELL/HSP90AB1/MVP/CR1/IGF2R/HSP90AA1/CTSD/HGSNAT/MANBA/TSPAN14/NCSTN/UBR4/CD55/VAT1/RAP1B/PYGL/HEXB/PSMD3/LAMP1/CCT8/ATP6V0C/RAP1A/PSMD11/MAPK14/ASAH1/PAFAH1B2/PSMD12/RAB18/XRCC5/CCT2/PADI2/CPPED1/HUWE1/NFKB1/ARMC8/HMGB1/NFASC/ATP6AP2/CDK13/RAC1"
"REACTOME_REGULATION_OF_HOMOTYPIC_CELL_CELL_ADHESION","REACTOME_REGULATION_OF_HOMOTYPIC_CELL_CELL_ADHESION",25,-0.182377049180328,-0.734785806275192,0.800453514739229,1,0.98503138580396,2420,"tags=96%, list=82%, signal=17%","CDH19/RPN1/POMT1/ADRM1/MPHOSPH8/PSMC1/PSMD3/PSMC6/RPN2/HDAC2/PSMD11/CTNNA1/PSMD12/PSMA6/ZMYM2/TCF12/PRKCSH/ANK3/ZEB2/CDH8/PSMD14/PRDM8/ACTG1/H4C3"
"REACTOME_PHASE_I_FUNCTIONALIZATION_OF_COMPOUNDS","REACTOME_PHASE_I_FUNCTIONALIZATION_OF_COMPOUNDS",10,0.257953041309278,0.733987806218104,0.800738007380074,1,0.98503138580396,687,"tags=40%, list=23%, signal=31%","MAOA/HSP90AB1/PTGES3/CYP2R1"
"REACTOME_FCERI_MEDIATED_NF_KB_ACTIVATION","REACTOME_FCERI_MEDIATED_NF_KB_ACTIVATION",16,-0.211771913455146,-0.732346886791592,0.797356828193833,1,0.98503138580396,1748,"tags=88%, list=59%, signal=36%","PSMC1/PSMD3/UBE2V1/PSMC6/CHUK/PSMD11/PSMD12/PSMA6/NFKB1/PSMD14/PRKCQ/MALT1/IKBKG/TAB3"
"REACTOME_SARS_COV_2_INFECTION","REACTOME_SARS_COV_2_INFECTION",65,0.150193816649647,0.732215608139079,0.856902356902357,1,0.98503138580396,1107,"tags=43%, list=37%, signal=28%","IL17RC/IRAK2/IRAK1/NUP107/ST3GAL1/HSP90AB1/GSK3A/VPS33B/CHMP4A/TLR1/PTPN11/SNRPB/SEC24A/TYK2/RPN1/VPS18/HSP90AA1/RPS27L/ZDHHC5/ZDHHC2/RIGI/NUP188/VHL/SEH1L/NUP58/SEC13/STAT2/RANBP2"
"REACTOME_PROTEIN_LOCALIZATION","REACTOME_PROTEIN_LOCALIZATION",31,0.176933607118412,0.729939601618531,0.824253075571178,1,0.98503138580396,2436,"tags=100%, list=82%, signal=18%","UBL4A/PHYH/ALDH3A2/HSCB/TIMM44/TOMM40/CAMLG/CS/PMPCA/PEX11B/HSPD1/COX17/HSPA9/ZFAND6/SLC25A6/ECI2/UBE2D3/SLC25A13/CHCHD3/APP/MTX2/ECH1/DNAJC19/GET1/SLC25A12/PAM16/SLC25A17/HSD17B4/SCP2/CHCHD7/CAT"
"REACTOME_SIGNALING_BY_TGFB_FAMILY_MEMBERS","REACTOME_SIGNALING_BY_TGFB_FAMILY_MEMBERS",26,0.184825076619963,0.725930341887423,0.847635726795096,1,0.98503138580396,796,"tags=31%, list=27%, signal=23%","TGIF1/HELLS/MEN1/PPP1CC/TGFB3/ARRB2/SMAD9/TGFB1"
"REACTOME_RAB_GEFS_EXCHANGE_GTP_FOR_GDP_ON_RABS","REACTOME_RAB_GEFS_EXCHANGE_GTP_FOR_GDP_ON_RABS",13,-0.228571428571429,-0.725345767217616,0.784782608695652,1,0.98503138580396,2282,"tags=100%, list=77%, signal=23%","ANKRD27/RAB39B/MON1B/RAB12/RAB5A/RAB18/AKT3/TRAPPC6B/DENND1A/TRAPPC2L/DENND5A/RIN2"
"REACTOME_THE_ROLE_OF_GTSE1_IN_G2_M_PROGRESSION_AFTER_G2_CHECKPOINT","REACTOME_THE_ROLE_OF_GTSE1_IN_G2_M_PROGRESSION_AFTER_G2_CHECKPOINT",14,0.227542349679583,0.72332710338111,0.81767955801105,1,0.98503138580396,1446,"tags=71%, list=49%, signal=37%","HSP90AB1/TUBA1C/TUBB4A/HSP90AA1/ADRM1/PSMC1/PSMD3/PSMC6/PSMD11/PSMD12"
"REACTOME_REGULATION_OF_CHOLESTEROL_BIOSYNTHESIS_BY_SREBP_SREBF","REACTOME_REGULATION_OF_CHOLESTEROL_BIOSYNTHESIS_BY_SREBP_SREBF",13,0.231747546400028,0.718966396602746,0.826568265682657,1,0.98503138580396,1437,"tags=69%, list=49%, signal=36%","MVK/DHCR7/SEC24A/FDFT1/MTF1/LSS/PPARA/SEC23A/SCAP"
"REACTOME_BETA_CATENIN_INDEPENDENT_WNT_SIGNALING","REACTOME_BETA_CATENIN_INDEPENDENT_WNT_SIGNALING",26,0.181840826424158,0.714209217218974,0.861646234676007,1,0.98503138580396,170,"tags=12%, list=6%, signal=11%","WNT5B/GNG5/TCF7"
"REACTOME_REGULATION_OF_T_CELL_ACTIVATION_BY_CD28_FAMILY","REACTOME_REGULATION_OF_T_CELL_ACTIVATION_BY_CD28_FAMILY",29,-0.171188165778727,-0.714075870367367,0.847255369928401,1,0.98503138580396,189,"tags=10%, list=6%, signal=10%","H4C3/PAK3/PRKAA2"
"REACTOME_AURKA_ACTIVATION_BY_TPX2","REACTOME_AURKA_ACTIVATION_BY_TPX2",16,0.217244232043089,0.713654120653036,0.839416058394161,1,0.98503138580396,1696,"tags=81%, list=57%, signal=35%","ODF2/TUBB4A/CEP250/HSP90AA1/SFI1/CSNK1D/CCP110/CDK5RAP2/PAFAH1B1/CNTRL/AKAP9/ALMS1/CLASP1"
"REACTOME_CELL_JUNCTION_ORGANIZATION","REACTOME_CELL_JUNCTION_ORGANIZATION",35,-0.163153856050743,-0.713311511645843,0.869976359338062,1,0.98503138580396,1779,"tags=83%, list=60%, signal=33%","MPHOSPH8/PSMC1/PSMD3/PSMC6/RPN2/HDAC2/PSMD11/CTNNA1/PALS1/PSMD12/PSMA6/CLDN11/ZMYM2/TCF12/CADM2/FERMT2/PRKCSH/CDH2/ANK3/ZEB2/CDH8/PSMD14/PRDM8/NECTIN3/SDK1/ACTG1/PATJ/H4C3/CLDN10"
"REACTOME_TRANSCRIPTION_COUPLED_NUCLEOTIDE_EXCISION_REPAIR_TC_NER","REACTOME_TRANSCRIPTION_COUPLED_NUCLEOTIDE_EXCISION_REPAIR_TC_NER",14,0.223946928367913,0.711897733479341,0.828729281767956,1,0.98503138580396,958,"tags=43%, list=32%, signal=29%","RFC4/CDK7/LIG1/ZNF830/CUL4A/PRPF19"
"REACTOME_ORGANELLE_BIOGENESIS_AND_MAINTENANCE","REACTOME_ORGANELLE_BIOGENESIS_AND_MAINTENANCE",64,-0.133794001731631,-0.711653710922604,0.882211538461538,1,0.98503138580396,2482,"tags=98%, list=84%, signal=16%","ODF2/TMEM216/TUBA1C/TTC8/DNAJC11/CRTC2/CC2D2A/TUBB4A/CEP250/CCT5/IFT122/MKS1/HSP90AA1/SSBP1/WDR19/IFT74/TCP1/TNPO1/CLUAP1/SFI1/BBS2/BBS5/ATAT1/CCT4/CSNK1D/HSPA9/CCP110/CCT8/CCT3/PPARA/IMMT/MAPK14/KIFAP3/EXOC2/CDK5RAP2/CCT2/DYNC2LI1/PAFAH1B1/TTBK2/CNTRL/AKAP9/ALMS1/EXOC4/CLASP1/CHCHD3/CEP78/EXOC7/MTX2/ATP5PF/IDH2/DYNC2H1/DCTN3/CHCHD6/TBL1XR1/DMAC2L/DYNLT2B/IFT80/PRKAR2B/TUBB2A/TUBB2B/KIF3B/IFT27/PRKAA2"
"REACTOME_CELLULAR_RESPONSE_TO_HYPOXIA","REACTOME_CELLULAR_RESPONSE_TO_HYPOXIA",13,0.22818335186031,0.707908950063102,0.841328413284133,1,0.98503138580396,1765,"tags=85%, list=60%, signal=34%","HIF3A/VHL/ADRM1/PSMC1/PSMD3/PSMC6/PSMD11/PSMD12/PSMA6/UBE2D3/EGLN1"
"REACTOME_METABOLISM_OF_STEROIDS","REACTOME_METABOLISM_OF_STEROIDS",28,0.175726495726496,0.706675327360811,0.862129144851658,1,0.98503138580396,2439,"tags=100%, list=83%, signal=18%","EBP/DHCR24/MVK/HSD17B3/DHCR7/CYP2R1/SEC24A/FDFT1/MTF1/LSS/LBR/HSD17B7/PPARA/SEC23A/LRP2/SCAP/CYP27A1/OSBPL9/SREBF2/SRD5A3/SCD/LDLRAP1/HSD17B4/TBL1XR1/SCP2/LGMN/TM7SF2/CYP7B1"
"REACTOME_O_LINKED_GLYCOSYLATION","REACTOME_O_LINKED_GLYCOSYLATION",17,0.2114068447713,0.706207509508049,0.849090909090909,1,0.98503138580396,344,"tags=18%, list=12%, signal=16%","ADAMTS18/MUC20/ST3GAL1"
"REACTOME_HCMV_INFECTION","REACTOME_HCMV_INFECTION",25,0.183059050186837,0.705601585755833,0.866310160427808,1,0.98503138580396,1257,"tags=60%, list=43%, signal=35%","NUP107/TUBA1C/CHMP4A/TUBB4A/VPS37C/VPS4A/NUP188/SEH1L/NUP58/SEC13/RANBP2/VPS36/DYNC1LI2/CHMP3/NUP98"
"REACTOME_NUCLEAR_EVENTS_MEDIATED_BY_NFE2L2","REACTOME_NUCLEAR_EVENTS_MEDIATED_BY_NFE2L2",19,0.201860456587463,0.705289174009366,0.857142857142857,1,0.98503138580396,1621,"tags=79%, list=55%, signal=36%","ABCC1/BCL2/BCL2L1/NFE2L2/ADRM1/ME1/ATF4/PSMC1/PSMD3/PSMC6/PSMD11/PSMD12/PRDX1/PSMA6/NFKB1"
"REACTOME_SIGNALING_BY_VEGF","REACTOME_SIGNALING_BY_VEGF",20,-0.190170565499793,-0.702448993267822,0.844827586206897,1,0.98503138580396,576,"tags=30%, list=20%, signal=24%","ACTG1/PRKCB/WASF1/ITPR2/PTK2B/PAK3"
"REACTOME_VIRAL_MESSENGER_RNA_SYNTHESIS","REACTOME_VIRAL_MESSENGER_RNA_SYNTHESIS",14,0.220870290699414,0.702117508321071,0.847145488029466,1,0.98503138580396,1526,"tags=71%, list=52%, signal=35%","NUP107/NUP188/SEH1L/NUP58/SEC13/RANBP2/NUP98/NUP88/NUP153/GTF2F2"
"REACTOME_NUCLEAR_EVENTS_KINASE_AND_TRANSCRIPTION_FACTOR_ACTIVATION","REACTOME_NUCLEAR_EVENTS_KINASE_AND_TRANSCRIPTION_FACTOR_ACTIVATION",10,0.246347264695889,0.700964359498179,0.846863468634686,1,0.98503138580396,2228,"tags=100%, list=75%, signal=25%","CDK5/DUSP3/REST/MAPKAPK2/MAPK14/SGK1/RPS6KA5/TCF12/SH3GL3/NAB1"
"REACTOME_CELL_CELL_COMMUNICATION","REACTOME_CELL_CELL_COMMUNICATION",40,-0.151449653288164,-0.697585573469749,0.904205607476635,1,0.98503138580396,1800,"tags=82%, list=61%, signal=33%","ACTN2/MPHOSPH8/PSMC1/PSMD3/PSMC6/RPN2/HDAC2/PSMD11/CTNNA1/PALS1/PSMD12/PSMA6/CLDN11/ZMYM2/TCF12/CADM2/SPTBN1/FERMT2/MAGI2/PRKCSH/CDH2/ANK3/ZEB2/CDH8/PSMD14/PRDM8/NECTIN3/SDK1/ACTG1/PATJ/PTK2B/H4C3/CLDN10"
"REACTOME_SELECTIVE_AUTOPHAGY","REACTOME_SELECTIVE_AUTOPHAGY",16,0.21188079834731,0.696035072626558,0.846715328467153,1,0.98503138580396,849,"tags=44%, list=29%, signal=31%","PLIN3/TUBA1C/TUBB4A/HSP90AA1/TOMM40/ATG9A/OPTN"
"REACTOME_ONCOGENIC_MAPK_SIGNALING","REACTOME_ONCOGENIC_MAPK_SIGNALING",18,0.201930523011538,0.695860819181166,0.858676207513417,1,0.98503138580396,1821,"tags=89%, list=62%, signal=34%","FN1/LMNA/PPP1CC/ARRB2/ARAF/RAP1B/FXR1/RAP1A/MAP2K1/AGK/CAMK2D/RAF1/AKAP9/QKI/MPRIP/YWHAB"
"REACTOME_TRANSCRIPTIONAL_REGULATION_BY_RUNX1","REACTOME_TRANSCRIPTIONAL_REGULATION_BY_RUNX1",32,-0.15919205751455,-0.693736326524707,0.868360277136259,1,0.98503138580396,2489,"tags=100%, list=84%, signal=16%","H2AX/CR1/PTPN11/SOCS4/RUNX2/ADRM1/KMT2D/RING1/PSMC1/PSMD3/PSMC6/PSMD11/PSMD12/ELF1/PSMA6/CBFB/KMT2A/KAT2B/ELF2/RYBP/ARID1B/TCF12/CDK6/TJP1/ITCH/PSMD14/PRKCQ/SCMH1/AUTS2/PRKCB/H4C3"
"REACTOME_CO_INHIBITION_BY_PD_1","REACTOME_CO_INHIBITION_BY_PD_1",22,0.183732484328829,0.688790623613779,0.88809946714032,1,0.98503138580396,1446,"tags=68%, list=49%, signal=35%","TCF7/OS9/H2AX/PTPN11/STAT3/RPN1/NFE2L2/ADRM1/BRD4/PSMC1/PSMD3/PSMC6/RPN2/PSMD11/PSMD12"
"REACTOME_SUMOYLATION_OF_CHROMATIN_ORGANIZATION_PROTEINS","REACTOME_SUMOYLATION_OF_CHROMATIN_ORGANIZATION_PROTEINS",16,-0.198893406114808,-0.687810599597791,0.852422907488987,1,0.98503138580396,2049,"tags=94%, list=69%, signal=29%","NUP188/SEH1L/NUP58/SEC13/RING1/RANBP2/NUP98/HDAC2/NUP88/CBX5/NUP153/NUP54/SCMH1/NUP210/H4C3"
"REACTOME_FORMATION_OF_INCISION_COMPLEX_IN_GG_NER","REACTOME_FORMATION_OF_INCISION_COMPLEX_IN_GG_NER",10,0.241669217715826,0.687653295504309,0.856088560885609,1,0.98503138580396,601,"tags=30%, list=20%, signal=24%","CHD1L/CDK7/PIAS3"
"REACTOME_MITOCHONDRIAL_BIOGENESIS","REACTOME_MITOCHONDRIAL_BIOGENESIS",15,-0.205241660993873,-0.685280374143372,0.860619469026549,1,0.98503138580396,2351,"tags=53%, list=80%, signal=11%","CHCHD3/MTX2/ATP5PF/IDH2/CHCHD6/TBL1XR1/DMAC2L/PRKAA2"
"REACTOME_RNA_POLYMERASE_II_TRANSCRIBES_SNRNA_GENES","REACTOME_RNA_POLYMERASE_II_TRANSCRIBES_SNRNA_GENES",16,-0.195054593595201,-0.674535267889052,0.874449339207048,1,0.98503138580396,2037,"tags=94%, list=69%, signal=29%","TAF11/SNAPC1/GTF2B/SSU72/CCNT1/GTF2E2/GTF2F2/RPRD1A/POLR2I/ICE2/RPRD2/SNAPC3/POLR2F/GTF2E1/ELL"
"REACTOME_DENGUE_VIRUS_HOST_INTERACTIONS","REACTOME_DENGUE_VIRUS_HOST_INTERACTIONS",48,0.147628174115704,0.672770239329692,0.898132427843803,1,0.98503138580396,1530,"tags=62%, list=52%, signal=31%","NFKBIA/CSTF2/HSP90AB1/RIPK1/PQBP1/SRSF4/SF3B2/PTBP1/SUGP1/SNRPB/HSP90AA1/NFKBIB/HNRNPL/PAPOLA/PRPF19/UBR4/PRPF8/HNRNPUL1/STAT2/ELAVL1/CLU/SNRNP200/CPSF1/CTNNBL1/CWC22/NRBP1/HNRNPA0/SRSF7/GTF2F2/CAMK2D"
"REACTOME_NEGATIVE_EPIGENETIC_REGULATION_OF_RRNA_EXPRESSION","REACTOME_NEGATIVE_EPIGENETIC_REGULATION_OF_RRNA_EXPRESSION",11,0.227489540372502,0.671564197771988,0.883303411131059,1,0.98503138580396,806,"tags=45%, list=27%, signal=33%","CDK7/H2AX/POLR1C/TAF1C/SAP30BP"
"REACTOME_SIGNALING_BY_WNT","REACTOME_SIGNALING_BY_WNT",44,0.149200133249596,0.669518006437928,0.905821917808219,1,0.98503138580396,170,"tags=9%, list=6%, signal=9%","WNT2B/WNT5B/GNG5/TCF7"
"REACTOME_SWITCHING_OF_ORIGINS_TO_A_POST_REPLICATIVE_STATE","REACTOME_SWITCHING_OF_ORIGINS_TO_A_POST_REPLICATIVE_STATE",15,-0.200136147038802,-0.668233598667168,0.867256637168142,1,0.98503138580396,2366,"tags=100%, list=80%, signal=20%","ORC2/ADRM1/PSMC1/PSMD3/PSMC6/PSMD11/PSMD12/ANAPC16/PSMA6/CDC27/CDC16/ANAPC7/PSMD14/CCNE2"
"REACTOME_BACTERIAL_INFECTION_PATHWAYS","REACTOME_BACTERIAL_INFECTION_PATHWAYS",18,0.193595629600895,0.667138436502118,0.881932021466905,1,0.98503138580396,859,"tags=33%, list=29%, signal=24%","FN1/HSP90AB1/GSK3A/VPS33B/HSP90AA1/SV2A"
"REACTOME_MRNA_SPLICING_MINOR_PATHWAY","REACTOME_MRNA_SPLICING_MINOR_PATHWAY",10,-0.224940536867142,-0.662071566091365,0.852173913043478,1,0.98503138580396,2292,"tags=100%, list=78%, signal=22%","SNRPB/PRPF8/PDCD7/SNRNP200/SRSF7/GTF2F2/POLR2I/POLR2F/SNRNP35"
"REACTOME_ANTIGEN_PROCESSING_CROSS_PRESENTATION","REACTOME_ANTIGEN_PROCESSING_CROSS_PRESENTATION",14,-0.201429057502552,-0.659455441593042,0.860566448801743,1,0.98503138580396,2362,"tags=100%, list=80%, signal=20%","S100A1/ADRM1/PSMC1/PSMD3/PSMC6/CHUK/PSMD11/PSMD12/PSMA6/HMGB1/PSMD14/IKBKG/TLR4"
"REACTOME_RHOU_GTPASE_CYCLE","REACTOME_RHOU_GTPASE_CYCLE",13,-0.206869624920876,-0.656477529759857,0.871739130434783,1,0.98503138580396,314,"tags=15%, list=11%, signal=14%","PTK2B/PAK3"
"REACTOME_SIGNALING_BY_NOTCH1_PEST_DOMAIN_MUTANTS_IN_CANCER","REACTOME_SIGNALING_BY_NOTCH1_PEST_DOMAIN_MUTANTS_IN_CANCER",10,0.229962353049081,0.654342209615099,0.894833948339483,1,0.98503138580396,100,"tags=10%, list=3%, signal=10%","MAMLD1"
"REACTOME_MATURATION_OF_SARS_COV_2_SPIKE_PROTEIN","REACTOME_MATURATION_OF_SARS_COV_2_SPIKE_PROTEIN",12,-0.212590515484447,-0.65281817243995,0.87139689578714,1,0.98503138580396,54,"tags=58%, list=2%, signal=58%","PRKCSH/ZDHHC9/ST6GALNAC3/MGAT5/ST3GAL4/FUT8/MGAT4C"
"REACTOME_MHC_CLASS_II_ANTIGEN_PRESENTATION","REACTOME_MHC_CLASS_II_ANTIGEN_PRESENTATION",21,0.178283729554247,0.646277853926583,0.919117647058823,1,0.98503138580396,766,"tags=33%, list=26%, signal=25%","CENPE/TUBA1C/AP1B1/TUBB4A/SPTBN2/SEC24A/CTSD"
"REACTOME_NUCLEOTIDE_EXCISION_REPAIR","REACTOME_NUCLEOTIDE_EXCISION_REPAIR",24,0.168956095158565,0.642786372733854,0.905693950177936,1,0.98503138580396,958,"tags=38%, list=32%, signal=26%","RFC4/CHD1L/CDK7/LIG1/PIAS3/NFRKB/ZNF830/CUL4A/PRPF19"
"REACTOME_PCP_CE_PATHWAY","REACTOME_PCP_CE_PATHWAY",16,0.195283781276953,0.641513350639207,0.927007299270073,1,0.98503138580396,1747,"tags=81%, list=59%, signal=33%","WNT5B/ARRB2/ADRM1/PSMC1/PRKCA/PSMD3/PSMC6/PSMD11/PSMD12/PSMA6/RAC1/CLTC/SMURF1"
"REACTOME_DOWNSTREAM_TCR_SIGNALING","REACTOME_DOWNSTREAM_TCR_SIGNALING",15,-0.192043691436846,-0.641213738392249,0.891592920353982,1,0.98503138580396,1953,"tags=87%, list=66%, signal=29%","PSMC1/PSMD3/UBE2V1/PSMC6/CHUK/PSMD11/PSMD12/PSMA6/NFKB1/PSMD14/PRKCQ/MALT1/IKBKG"
"REACTOME_RNA_POLYMERASE_I_TRANSCRIPTION","REACTOME_RNA_POLYMERASE_I_TRANSCRIPTION",13,0.205996269036231,0.639076432796145,0.898523985239852,1,0.98503138580396,945,"tags=46%, list=32%, signal=32%","CDK7/H2AX/POLR1C/CBX3/TAF1C/MBD3"
"REACTOME_MITOCHONDRIAL_PROTEIN_DEGRADATION","REACTOME_MITOCHONDRIAL_PROTEIN_DEGRADATION",22,-0.166837256908905,-0.63702279011889,0.906605922551253,1,0.98503138580396,2465,"tags=100%, list=83%, signal=17%","ARG2/STARD7/SSBP1/CS/MRPS10/PMPCA/ACAD8/HSPD1/HSPA9/LONP1/SLC25A6/NDUFB6/APP/ECH1/ATP5PF/IDH2/FECH/PDHB/OMA1/SMDT1/NADK2"
"REACTOME_SOMITOGENESIS","REACTOME_SOMITOGENESIS",10,0.222748179166043,0.63381476929026,0.907749077490775,1,0.98503138580396,1578,"tags=80%, list=53%, signal=37%","DLL1/ADRM1/PSMC1/PSMD3/PSMC6/PSMD11/PSMD12/PSMA6"
"REACTOME_TCR_SIGNALING","REACTOME_TCR_SIGNALING",18,-0.177893198707552,-0.63274068997491,0.91647855530474,1,0.98503138580396,1748,"tags=83%, list=59%, signal=34%","PSMC1/PSMD3/UBE2V1/PSMC6/CHUK/PSMD11/PSMD12/ENAH/PSMA6/NFKB1/PSMD14/PRKCQ/MALT1/IKBKG/PAK3"
"REACTOME_ADAPTIVE_IMMUNE_SYSTEM","REACTOME_ADAPTIVE_IMMUNE_SYSTEM",126,0.111257282842453,0.623587915481494,0.983050847457627,1,0.98503138580396,1411,"tags=50%, list=48%, signal=27%","FBXO17/ASB14/TCF7/KBTBD6/ASB4/CENPE/NFKBIA/FBXO2/SELL/OS9/SIAH2/ITPR1/TUBA1C/AP1B1/LRSAM1/H2AX/ZNRF2/TLR1/ZBTB16/PTPN11/TUBB4A/SPTBN2/RLIM/STAT3/S100A1/FBXO31/SEC24A/RPN1/NFKBIB/CTSD/TRAF7/PAK2/UBAC1/LRRC41/NFE2L2/VHL/FBXL18/UBR4/RBBP6/ADRM1/SEC13/NFATC3/BRD4/BTBD1/GAN/RAP1B/DCAF1/PSMC1/DYNC1LI2/KLHL20/PSMD3/FBXO32/UBE2V1/UBE2K/PSMC6/CHUK/RAP1A/SEC23A/RPN2/PSMD11/MGRN1/CAPZA2/KIFAP3"
"REACTOME_COPI_MEDIATED_ANTEROGRADE_TRANSPORT","REACTOME_COPI_MEDIATED_ANTEROGRADE_TRANSPORT",24,0.163734318558213,0.622920342822255,0.918149466192171,1,0.98503138580396,649,"tags=25%, list=22%, signal=20%","GOLGB1/GOSR2/TUBA1C/GORASP1/TUBB4A/SPTBN2"
"REACTOME_AMPK_INDUCED_ERAD_AND_LYSOSOME_MEDIATED_DEGRADATION_OF_PD_L1_CD274","REACTOME_AMPK_INDUCED_ERAD_AND_LYSOSOME_MEDIATED_DEGRADATION_OF_PD_L1_CD274",11,-0.20449073881999,-0.622329350351034,0.901123595505618,1,0.98503138580396,94,"tags=91%, list=3%, signal=88%","ADRM1/PSMC1/PSMD3/PSMC6/PSMD11/PSMD12/PSMA6/PSMD14/RNF5/PRKAA2"
"REACTOME_DEADENYLATION_DEPENDENT_MRNA_DECAY","REACTOME_DEADENYLATION_DEPENDENT_MRNA_DECAY",10,-0.211348963642542,-0.622067241856237,0.893478260869565,1,0.98503138580396,2332,"tags=100%, list=79%, signal=21%","PABPC1/EIF4E/EDC4/DDX6/LSM5/EIF4B/SKIC3/NT5C3B/SKIC2"
"REACTOME_SIGNALING_BY_BRAF_AND_RAF1_FUSIONS","REACTOME_SIGNALING_BY_BRAF_AND_RAF1_FUSIONS",17,0.186126328424061,0.621757592534099,0.936363636363636,1,0.98503138580396,1821,"tags=88%, list=62%, signal=34%","FN1/LMNA/ARRB2/ARAF/RAP1B/FXR1/RAP1A/MAP2K1/AGK/CAMK2D/RAF1/AKAP9/QKI/MPRIP/YWHAB"
"REACTOME_CDC42_GTPASE_CYCLE","REACTOME_CDC42_GTPASE_CYCLE",24,-0.156840666872827,-0.620412655652349,0.925,1,0.98503138580396,1821,"tags=88%, list=62%, signal=34%","ARHGAP17/PAK4/MYO9B/LBR/SPATA13/ARFGAP2/SH3PXD2A/GIT2/ARFGAP3/ARHGAP5/KTN1/ARHGEF7/SRGAP1/ARHGAP1/FMNL2/PLEKHG3/CDC42SE2/RASGRF2/TIAM1/CHN1/PAK3"
"REACTOME_REGULATION_OF_ENDOGENOUS_RETROELEMENTS_BY_KRAB_ZFP_PROTEINS","REACTOME_REGULATION_OF_ENDOGENOUS_RETROELEMENTS_BY_KRAB_ZFP_PROTEINS",11,0.209799268730128,0.619341343638005,0.926391382405745,1,0.98503138580396,535,"tags=27%, list=18%, signal=22%","ZNF324/ZNF778/H2AX"
"REACTOME_HEDGEHOG_OFF_STATE","REACTOME_HEDGEHOG_OFF_STATE",21,-0.164051841746248,-0.618147040055797,0.919213973799127,1,0.98503138580396,2473,"tags=100%, list=84%, signal=16%","TUBB4A/IFT122/MKS1/WDR19/ADRM1/PTCH1/PSMC1/ADCY9/PSMD3/PSMC6/PSMD11/PSMD12/PSMA6/ITCH/DYNC2H1/PSMD14/GNAS/PRKAR2B/TUBB2A/TUBB2B"
"REACTOME_C_TYPE_LECTIN_RECEPTORS_CLRS","REACTOME_C_TYPE_LECTIN_RECEPTORS_CLRS",25,0.159002333666643,0.612874909268639,0.942959001782531,1,0.98503138580396,259,"tags=12%, list=9%, signal=11%","RELB/MUC20/NFKBIA"
"REACTOME_NONHOMOLOGOUS_END_JOINING_NHEJ","REACTOME_NONHOMOLOGOUS_END_JOINING_NHEJ",15,-0.181756296800545,-0.606865206952837,0.926991150442478,1,0.98503138580396,2420,"tags=100%, list=82%, signal=18%","NHEJ1/TDP2/RNF168/DCLRE1C/MRE11/KAT5/ATM/XRCC5/RIF1/XRCC4/UBE2V2/TDP1/LIG4/H4C3"
"REACTOME_DISEASES_OF_SIGNAL_TRANSDUCTION_BY_GROWTH_FACTOR_RECEPTORS_AND_SECOND_MESSENGERS","REACTOME_DISEASES_OF_SIGNAL_TRANSDUCTION_BY_GROWTH_FACTOR_RECEPTORS_AND_SECOND_MESSENGERS",90,0.114533141961008,0.600367508696114,0.9808,1,0.98503138580396,796,"tags=22%, list=27%, signal=17%","FOXM1/STAT5A/FN1/MAMLD1/GOLGB1/LMNA/OS9/GSK3A/BAG4/PPP1CC/DLL1/FGFR1/PTPN11/STAT3/ARRB2/TYK2/BCL2L1/HSP90AA1/ERBIN/TGFB1"
"REACTOME_REGULATION_OF_PD_L1_CD274_EXPRESSION","REACTOME_REGULATION_OF_PD_L1_CD274_EXPRESSION",21,0.165001168078701,0.598128618174524,0.941176470588235,1,0.98503138580396,1446,"tags=67%, list=49%, signal=34%","TCF7/OS9/H2AX/STAT3/RPN1/NFE2L2/ADRM1/BRD4/PSMC1/PSMD3/PSMC6/RPN2/PSMD11/PSMD12"
"REACTOME_POSITIVE_EPIGENETIC_REGULATION_OF_RRNA_EXPRESSION","REACTOME_POSITIVE_EPIGENETIC_REGULATION_OF_RRNA_EXPRESSION",14,-0.181694453895883,-0.594846631436967,0.928104575163399,1,0.98503138580396,2420,"tags=100%, list=82%, signal=18%","POLR1C/CBX3/TAF1C/MBD3/DEK/HDAC2/BAZ1B/DDX21/KAT2B/POLR2F/ERCC6/POLR1F/H4C3"
"REACTOME_RECRUITMENT_OF_NUMA_TO_MITOTIC_CENTROSOMES","REACTOME_RECRUITMENT_OF_NUMA_TO_MITOTIC_CENTROSOMES",20,-0.160927378111149,-0.594430975405233,0.924568965517241,1,0.98503138580396,2482,"tags=100%, list=84%, signal=16%","TUBA1C/TUBB4A/CEP250/HSP90AA1/TUBG2/SFI1/CSNK1D/CCP110/CDK5RAP2/PAFAH1B1/CNTRL/AKAP9/ALMS1/CLASP1/CEP78/DCTN3/PRKAR2B/TUBB2A/TUBB2B"
"REACTOME_RHOBTB_GTPASE_CYCLE","REACTOME_RHOBTB_GTPASE_CYCLE",12,0.195171710302618,0.591587526484145,0.934664246823956,1,0.98503138580396,2379,"tags=100%, list=81%, signal=20%","HSP90AB1/HSP90AA1/RBBP6/CCT6A/RHOBTB1/SPEN/CCT2/MSI2/SRRM1/GPS1/TWF1/ACTG1"
"REACTOME_DNA_DOUBLE_STRAND_BREAK_REPAIR","REACTOME_DNA_DOUBLE_STRAND_BREAK_REPAIR",30,0.143691816676105,0.591501361345072,0.951890034364261,1,0.98503138580396,1396,"tags=57%, list=47%, signal=30%","FEN1/RFC4/H2AX/NHEJ1/TDP2/DNA2/PPP4C/RNF168/TIPIN/DCLRE1C/MRE11/TOPBP1/PPP4R2/WRN/KAT5/ATM/BAZ1B"
"REACTOME_RHO_GTPASE_EFFECTORS","REACTOME_RHO_GTPASE_EFFECTORS",46,0.131787303377886,0.590586346227328,0.967353951890034,1,0.98503138580396,1422,"tags=59%, list=48%, signal=31%","CENPI/CIT/CENPE/NUP107/MEN1/TUBA1C/H2AX/PPP1CC/TUBB4A/PAK2/RCC2/AHCTF1/SEH1L/BUB3/SEC13/CLIP1/ARPC2/RANBP2/CENPQ/PRKCA/DYNC1LI2/NUP98/CENPT/CTNNA1/XPO1/MAPK14/RTKN"
"REACTOME_HCMV_EARLY_EVENTS","REACTOME_HCMV_EARLY_EVENTS",19,-0.162760672864427,-0.59002230991108,0.950323974082073,1,0.98503138580396,422,"tags=21%, list=14%, signal=18%","TUBB2A/TUBB2B/NUP210/H4C3"
"REACTOME_SIGNALING_BY_MODERATE_KINASE_ACTIVITY_BRAF_MUTANTS","REACTOME_SIGNALING_BY_MODERATE_KINASE_ACTIVITY_BRAF_MUTANTS",11,0.198782784260955,0.586819951477763,0.938958707360862,1,0.98503138580396,94,"tags=9%, list=3%, signal=9%","FN1"
"REACTOME_G2_M_DNA_DAMAGE_CHECKPOINT","REACTOME_G2_M_DNA_DAMAGE_CHECKPOINT",15,0.178705599106069,0.585747886645902,0.925454545454545,1,0.98503138580396,1355,"tags=60%, list=46%, signal=33%","RFC4/H2AX/DNA2/RNF168/MRE11/TOPBP1/WRN/KAT5/ATM"
"REACTOME_TRANSCRIPTION_OF_THE_HIV_GENOME","REACTOME_TRANSCRIPTION_OF_THE_HIV_GENOME",13,-0.182056077320716,-0.577734522228608,0.947826086956522,1,0.98503138580396,2037,"tags=92%, list=69%, signal=29%","TAF11/GTF2B/CCNT1/GTF2E2/SUPT16H/GTF2F2/TAF1/POLR2I/POLR2F/GTF2E1/ELL/GTF2H5"
"REACTOME_SIGNALING_BY_RHO_GTPASES_MIRO_GTPASES_AND_RHOBTB3","REACTOME_SIGNALING_BY_RHO_GTPASES_MIRO_GTPASES_AND_RHOBTB3",118,0.104639312523482,0.577374601926867,0.993779160186625,1,0.98503138580396,1431,"tags=51%, list=48%, signal=27%","TRIP10/STIP1/CENPI/DEPDC1B/CIT/CENPE/PLIN3/NUP107/PLXND1/GIT1/HSP90AB1/MEN1/TUBA1C/H2AX/PPP1CC/TUBB4A/ALDH3A2/HSP90AA1/ERBIN/PAK2/LRRC41/WHAMM/VHL/SLK/RCC2/DDRGK1/AHCTF1/ARHGEF40/SEH1L/RBBP6/BUB3/SEC13/KCTD13/CLIP1/ARPC2/RANBP2/ARHGAP17/PAK4/CENPQ/CCT6A/PRKCA/NIPSNAP2/MYO9B/DYNC1LI2/NUP98/CCP110/LBR/ANLN/CENPT/SPATA13/MCAM/RHOBTB1/CTNNA1/ANKFY1/XPO1/MAPK14/SPEN/RTKN/ARFGAP2/SH3PXD2A"
"REACTOME_PKMTS_METHYLATE_HISTONE_LYSINES","REACTOME_PKMTS_METHYLATE_HISTONE_LYSINES",12,-0.187351241074464,-0.575313976373215,0.931263858093126,1,0.98503138580396,2403,"tags=100%, list=81%, signal=19%","KMT5C/DOT1L/KMT2D/SETD6/SETDB1/AEBP2/EHMT1/NFKB1/KMT2A/ATF7IP/H4C3"
"REACTOME_ASPARAGINE_N_LINKED_GLYCOSYLATION","REACTOME_ASPARAGINE_N_LINKED_GLYCOSYLATION",64,-0.108148793098309,-0.575246191489142,0.975961538461538,1,0.98503138580396,974,"tags=38%, list=33%, signal=26%","ST6GALNAC3/SRD5A3/GMDS/TFG/ANK3/MGAT5/ST3GAL4/TRAPPC2L/UGGT2/FUT8/DCTN3/NUS1/ARF3/AMDHD2/RNF5/MGAT3/TUBB2A/NPL/TUBB2B/NSF/CTSA/DPAGT1/MGAT4C/ST6GALNAC5"
"REACTOME_SUMOYLATION","REACTOME_SUMOYLATION",36,-0.129587107387965,-0.573021632764932,0.966981132075472,1,0.98503138580396,329,"tags=14%, list=11%, signal=12%","NUP210/IKBKG/RORA/H4C3/THRB"
"REACTOME_SIGNALING_BY_HEDGEHOG","REACTOME_SIGNALING_BY_HEDGEHOG",28,-0.137939900066425,-0.569778021058102,0.953379953379953,1,0.98503138580396,448,"tags=18%, list=15%, signal=15%","PRKAR2B/TUBB2A/TUBB2B/GAS1/HHAT"
"REACTOME_INTRA_GOLGI_AND_RETROGRADE_GOLGI_TO_ER_TRAFFIC","REACTOME_INTRA_GOLGI_AND_RETROGRADE_GOLGI_TO_ER_TRAFFIC",41,0.127444892071266,0.561856127288874,0.973867595818815,1,0.98503138580396,1586,"tags=63%, list=54%, signal=30%","KIF19/CENPE/PLIN3/ARFIP2/GOSR2/TUBA1C/IGF2R/TUBB4A/BNIP1/NAPG/GOLGA4/VPS54/DYNC1LI2/TMED10/ARL1/CAPZA2/KIFAP3/COPA/COPB2/ARFGAP2/PAFAH1B2/GOLGA1/RAB18/ARFGAP3/PAFAH1B1/RHOBTB3"
"REACTOME_SENESCENCE_ASSOCIATED_SECRETORY_PHENOTYPE_SASP","REACTOME_SENESCENCE_ASSOCIATED_SECRETORY_PHENOTYPE_SASP",10,-0.190643824933415,-0.561125431179458,0.934782608695652,1,0.98503138580396,1414,"tags=80%, list=48%, signal=42%","ANAPC16/EHMT1/NFKB1/CDC27/CDC16/CDK6/ANAPC7/H4C3"
"REACTOME_AEROBIC_RESPIRATION_AND_RESPIRATORY_ELECTRON_TRANSPORT","REACTOME_AEROBIC_RESPIRATION_AND_RESPIRATORY_ELECTRON_TRANSPORT",44,0.123645996786545,0.554846832033792,0.969178082191781,1,0.98503138580396,2476,"tags=98%, list=84%, signal=16%","HIGD1C/NDUFS2/DLAT/PDK4/SLC25A18/COX18/HSCB/RMND5A/CS/GOT2/RAB5IF/ME1/RMND5B/HAGH/DLST/COX17/HSPA9/NDUFAF6/UQCC1/NDUFS8/CMC1/TTC19/SDHA/NDUFB6/ARMC8/MKLN1/NDUFA10/SLC25A13/COX7A2L/LYRM4/NDUFA12/MDH1/ATP5PF/IDH2/SLC25A12/PNKD/PDHB/COX20/NDUFA7/COX7B/DMAC2L/COX14/NDUFB5"
"REACTOME_HEDGEHOG_ON_STATE","REACTOME_HEDGEHOG_ON_STATE",15,0.16906694819598,0.55415503544849,0.947272727272727,1,0.98503138580396,2086,"tags=93%, list=71%, signal=28%","GRK2/ARRB2/ADRM1/PTCH1/PSMC1/PSMD3/PSMC6/PSMD11/PSMD12/PSMA6/SMURF1/ITCH/SPOPL/PSMD14"
"REACTOME_B_WICH_COMPLEX_POSITIVELY_REGULATES_RRNA_EXPRESSION","REACTOME_B_WICH_COMPLEX_POSITIVELY_REGULATES_RRNA_EXPRESSION",11,-0.18150917743032,-0.552389262833057,0.952808988764045,1,0.98503138580396,2420,"tags=100%, list=82%, signal=18%","POLR1C/TAF1C/DEK/BAZ1B/DDX21/KAT2B/POLR2F/ERCC6/POLR1F/H4C3"
"REACTOME_OXIDATIVE_STRESS_INDUCED_SENESCENCE","REACTOME_OXIDATIVE_STRESS_INDUCED_SENESCENCE",11,-0.18150917743032,-0.552389262833057,0.952808988764045,1,0.98503138580396,2420,"tags=100%, list=82%, signal=18%","MINK1/RING1/MAPKAPK2/MAPK14/MAP2K4/TNIK/CDK6/MAP4K4/SCMH1/H4C3"
"REACTOME_RUNX1_REGULATES_TRANSCRIPTION_OF_GENES_INVOLVED_IN_DIFFERENTIATION_OF_HSCS","REACTOME_RUNX1_REGULATES_TRANSCRIPTION_OF_GENES_INVOLVED_IN_DIFFERENTIATION_OF_HSCS",15,0.168020879991899,0.550726311094621,0.949090909090909,1,0.98503138580396,1818,"tags=87%, list=62%, signal=33%","CDK7/H2AX/ADRM1/PSMC1/PSMD3/PSMC6/PSMD11/PSMD12/PSMA6/CBFB/KMT2A/TCF12/ITCH"
"REACTOME_REGULATION_OF_PD_L1_CD274_POST_TRANSLATIONAL_MODIFICATION","REACTOME_REGULATION_OF_PD_L1_CD274_POST_TRANSLATIONAL_MODIFICATION",13,-0.170542744831513,-0.541198254157803,0.976086956521739,1,0.98503138580396,94,"tags=77%, list=3%, signal=75%","PSMC1/PSMD3/PSMC6/RPN2/PSMD11/PSMD12/PSMA6/PSMD14/RNF5/PRKAA2"
"REACTOME_TNF_SIGNALING","REACTOME_TNF_SIGNALING",11,-0.177430319510537,-0.53997602097164,0.957303370786517,1,0.98503138580396,2432,"tags=100%, list=82%, signal=18%","BAG4/OPTN/MAPKAPK2/CHUK/CFLAR/TAX1BP1/UBE2D3/SPPL2B/IKBKG/TAB3"
"REACTOME_FORMATION_OF_RNA_POL_II_ELONGATION_COMPLEX","REACTOME_FORMATION_OF_RNA_POL_II_ELONGATION_COMPLEX",10,-0.182822784027358,-0.538105619484973,0.954347826086957,1,0.98503138580396,1928,"tags=90%, list=65%, signal=31%","SUPT6H/CCNT1/SUPT16H/GTF2F2/POLR2I/POLR2F/MLLT3/ELL/GTF2H5"
"REACTOME_ACTIVATION_OF_GENE_EXPRESSION_BY_SREBF_SREBP","REACTOME_ACTIVATION_OF_GENE_EXPRESSION_BY_SREBF_SREBP",10,0.188181040014163,0.53545632968999,0.968634686346863,1,0.98503138580396,1147,"tags=50%, list=39%, signal=31%","MVK/DHCR7/FDFT1/MTF1/LSS"
"REACTOME_INTRACELLULAR_SIGNALING_BY_SECOND_MESSENGERS","REACTOME_INTRACELLULAR_SIGNALING_BY_SECOND_MESSENGERS",50,0.1153606419086,0.531858537083994,0.986301369863014,1,0.98503138580396,644,"tags=20%, list=22%, signal=16%","PRKX/IRAK1/IRAK4/GRK2/ITPR1/ATN1/RRAGD/GSK3A/FGFR1/PTPN11"
"REACTOME_REGULATION_OF_LIPID_METABOLISM_BY_PPARALPHA","REACTOME_REGULATION_OF_LIPID_METABOLISM_BY_PPARALPHA",16,-0.152536601974804,-0.527500100251379,0.975770925110132,1,0.98503138580396,2506,"tags=94%, list=85%, signal=14%","MED7/MED25/FDFT1/MTF1/MED6/ME1/MED23/PPARA/RGL1/MED13L/SREBF2/MED29/TBL1XR1/MED8/RORA"
"REACTOME_RNA_POLYMERASE_I_TRANSCRIPTION_INITIATION","REACTOME_RNA_POLYMERASE_I_TRANSCRIPTION_INITIATION",10,0.185368474877447,0.527453367197028,0.972324723247233,1,0.98503138580396,945,"tags=40%, list=32%, signal=27%","CDK7/POLR1C/TAF1C/MBD3"
"REACTOME_TRANSPORT_TO_THE_GOLGI_AND_SUBSEQUENT_MODIFICATION","REACTOME_TRANSPORT_TO_THE_GOLGI_AND_SUBSEQUENT_MODIFICATION",41,-0.112459980259435,-0.523959290416022,0.978971962616822,1,0.98503138580396,2481,"tags=98%, list=84%, signal=16%","GOSR2/TUBA1C/GORASP1/TUBB4A/SPTBN2/MCFD2/SEC24A/MIA3/CD55/SEC13/NAPG/PPP6R1/CSNK1D/DYNC1LI2/SEC23A/TMED10/CAPZA2/COPA/COPB2/ARFGAP2/ARFGAP3/CAPZA1/SCFD1/ANK2/MAN1A2/SPTBN1/TRAPPC6B/TFG/ANK3/MGAT5/ST3GAL4/TRAPPC2L/FUT8/DCTN3/ARF3/MGAT3/TUBB2A/TUBB2B/NSF/MGAT4C"
"REACTOME_FC_EPSILON_RECEPTOR_FCERI_SIGNALING","REACTOME_FC_EPSILON_RECEPTOR_FCERI_SIGNALING",24,-0.132286431460069,-0.523283775090431,0.979545454545454,1,0.98503138580396,1953,"tags=88%, list=66%, signal=30%","ADRM1/NFATC3/PSMC1/PSMD3/UBE2V1/PSMC6/CHUK/PSMD11/MAP2K4/PSMD12/PSMA6/NFKB1/RAC1/GAB2/PSMD14/PRKCQ/PPP3CA/MALT1/ITPR2/IKBKG/TAB3"
"REACTOME_CLEC7A_DECTIN_1_SIGNALING","REACTOME_CLEC7A_DECTIN_1_SIGNALING",20,0.144818326350348,0.516150630261655,0.983271375464684,1,0.98503138580396,455,"tags=15%, list=15%, signal=13%","RELB/NFKBIA/ITPR1"
"REACTOME_VESICLE_MEDIATED_TRANSPORT","REACTOME_VESICLE_MEDIATED_TRANSPORT",134,0.0909285197983848,0.511178277471899,1,1,0.98503138580396,764,"tags=22%, list=26%, signal=17%","HPR/TRIP10/STON1/HSPH1/LDLR/KIF19/CENPE/GOLGB1/PLIN3/GRK2/ARFIP2/GOSR2/TUBA1C/TOR1B/AP1B1/CHMP4A/GORASP1/IGF2R/TUBB4A/SPTBN2/VPS37C/MCFD2/CCZ1B/ARRB2/SEC24A/VPS4A/HSP90AA1/EPN1/ARF6"
"REACTOME_SIGNALING_BY_NOTCH1","REACTOME_SIGNALING_BY_NOTCH1",14,0.158858490933007,0.504990179875848,0.977900552486188,1,0.98503138580396,100,"tags=7%, list=3%, signal=7%","MAMLD1"
"REACTOME_COPI_INDEPENDENT_GOLGI_TO_ER_RETROGRADE_TRAFFIC","REACTOME_COPI_INDEPENDENT_GOLGI_TO_ER_RETROGRADE_TRAFFIC",12,-0.163669576291675,-0.502592852909138,0.977827050997783,1,0.98503138580396,1705,"tags=83%, list=58%, signal=35%","DYNC1LI2/CAPZA2/PAFAH1B2/RAB18/PAFAH1B1/CAPZA1/GALNT1/DCTN3/TUBB2A/TUBB2B"
"REACTOME_DOWNSTREAM_SIGNALING_EVENTS_OF_B_CELL_RECEPTOR_BCR","REACTOME_DOWNSTREAM_SIGNALING_EVENTS_OF_B_CELL_RECEPTOR_BCR",17,-0.141472327321889,-0.498969058403017,0.984513274336283,1,0.98503138580396,1953,"tags=88%, list=66%, signal=30%","ADRM1/NFATC3/PSMC1/PSMD3/PSMC6/CHUK/PSMD11/PSMD12/PSMA6/NFKB1/PSMD14/PPP3CA/MALT1/PRKCB/IKBKG"
"REACTOME_METABOLISM_OF_AMINO_ACIDS_AND_DERIVATIVES","REACTOME_METABOLISM_OF_AMINO_ACIDS_AND_DERIVATIVES",61,-0.0942030467521833,-0.492983194717259,0.988009592326139,1,0.98503138580396,2523,"tags=98%, list=85%, signal=15%","SHMT1/HOGA1/ACADSB/ARG2/SLC6A8/RPL22L1/QARS1/RPS27L/PPM1K/GOT2/ADRM1/ACAD8/MARS1/IARS1/DUOX1/RPL23/PHGDH/DLST/PSMC1/MCCC1/RPS26/PSMD3/SLC3A2/GRHPR/PSMC6/MCCC2/PSMD11/CBS/PSMD12/SARS1/GLUL/PSMA6/SLC36A4/SLC25A13/ASPA/RPL31/GATM/RPS7/BCKDHB/SERINC5/RPL7/CSAD/RPL21/RPL10A/GAMT/RPL10/PSMD14/MTRR/SLC25A12/RPS12/OAT/RPS6/PYCR2/SUOX/TMLHE/SMS/RIMKLB/CARNS1/HNMT/AZIN2"
"REACTOME_GOLGI_TO_ER_RETROGRADE_TRANSPORT","REACTOME_GOLGI_TO_ER_RETROGRADE_TRANSPORT",28,0.12034188034188,0.483948862317131,0.989528795811518,1,0.98503138580396,2601,"tags=100%, list=88%, signal=12%","KIF19/CENPE/TUBA1C/TUBB4A/BNIP1/NAPG/DYNC1LI2/TMED10/CAPZA2/KIFAP3/COPA/COPB2/ARFGAP2/PAFAH1B2/RAB18/ARFGAP3/PAFAH1B1/CAPZA1/KIF16B/GALNT1/KIF2A/KIF6/DCTN3/ARF3/TUBB2A/TUBB2B/NSF/KIF3B"
"REACTOME_POST_TRANSLATIONAL_PROTEIN_MODIFICATION","REACTOME_POST_TRANSLATIONAL_PROTEIN_MODIFICATION",249,0.0772815375833731,0.482206708978131,1,1,0.98503138580396,1415,"tags=51%, list=48%, signal=29%","ADAMTS18/FN1/FBXO17/ASB14/DCAF4/ALG1/KBTBD6/PLET1/MUC20/ASB4/GOLGB1/NFKBIA/JMJD6/DHDDS/FN3K/FBXO2/DCUN1D3/PIGS/NUP107/ST3GAL1/FEM1C/ING2/OS9/HIF3A/SIAH2/DLAT/MEN1/TNIP2/GOSR2/TUBA1C/RIPK1/GORASP1/DPH2/PIGO/PIAS3/ZBTB16/RWDD1/NEU3/TUBB4A/SPTBN2/TOPORS/MCFD2/ARRB2/NFRKB/RCE1/FBXO31/SEC24A/GALNT15/RPN1/DPP3/POMT1/TGFB1/TTLL4/RIGI/SPP1/LRRC41/NUP188/MUL1/RNF168/NFE2L2/VHL/SUMF2/DCAF11/VCPKMT/CUL4A/LARGE1/ST8SIA5/UFD1/TNIP1/POMK/FBXL18/SEH1L/MFGE8/RAB39B/ADRM1/MIA3/PSMD5/ADAMTS8/NUP58/CD55/SEC13/RING1/USP5/RANBP2/NSMCE3/BTBD1/CPM/GAN/EIF5A/NAPG/PPP6R1/PSMF1/PIGT/ATXN3/PGAP1/DLST/DNMT1/PIGM/PSMC1/PIGX/CSNK1D/INO80D/RAB2B/DYNC1LI2/RAD23A/NUP98/CCP110/KLHL20/PSMD3/FBXO32/UBE2K/PSMC6/GFPT1/WRN/RAB12/PPARA/SEC23A/RPN2/TMED10/HDAC2/PSMD11/CAPZA2/TTL/APC/NUP88/COPA/COPB2/RAB5A"
"REACTOME_FORMATION_OF_TC_NER_PRE_INCISION_COMPLEX","REACTOME_FORMATION_OF_TC_NER_PRE_INCISION_COMPLEX",11,-0.15805574439157,-0.481013122129909,0.975280898876404,1,0.98503138580396,2489,"tags=45%, list=84%, signal=7%","POLR2F/ERCC6/GPS1/PPIE/GTF2H5"
"REACTOME_SIGNALING_BY_NOTCH","REACTOME_SIGNALING_BY_NOTCH",28,0.116976595031791,0.470415535493889,0.993019197207679,1,0.98503138580396,676,"tags=21%, list=23%, signal=17%","MAMLD1/PLXND1/H2AX/DLL1/NOTCH4/ARRB2"
"REACTOME_HIV_TRANSCRIPTION_INITIATION","REACTOME_HIV_TRANSCRIPTION_INITIATION",10,-0.158002038735984,-0.465050269233361,0.98695652173913,1,0.98503138580396,2489,"tags=90%, list=84%, signal=14%","TAF11/GTF2B/GTF2E2/GTF2F2/TAF1/POLR2I/POLR2F/GTF2E1/GTF2H5"
"REACTOME_COMPLEX_I_BIOGENESIS","REACTOME_COMPLEX_I_BIOGENESIS",10,0.162079510703364,0.461186206180182,0.988929889298893,1,0.98503138580396,2476,"tags=100%, list=84%, signal=16%","NDUFS2/HSCB/HSPA9/NDUFAF6/NDUFS8/NDUFB6/NDUFA10/NDUFA12/NDUFA7/NDUFB5"
"REACTOME_RESPIRATORY_ELECTRON_TRANSPORT","REACTOME_RESPIRATORY_ELECTRON_TRANSPORT",30,0.111069575847846,0.457213269605392,0.998281786941581,1,0.98503138580396,34,"tags=3%, list=1%, signal=3%","HIGD1C"
"REACTOME_HATS_ACETYLATE_HISTONES","REACTOME_HATS_ACETYLATE_HISTONES",12,-0.139314325494706,-0.427803296665943,0.993348115299335,1,0.98503138580396,436,"tags=92%, list=15%, signal=78%","MSL3/MORF4L2/KANSL2/KAT5/KANSL3/BRD8/KAT2B/ELP4/MEAF6/RUVBL1/H4C3"
"REACTOME_COPI_DEPENDENT_GOLGI_TO_ER_RETROGRADE_TRAFFIC","REACTOME_COPI_DEPENDENT_GOLGI_TO_ER_RETROGRADE_TRAFFIC",20,0.120013637913399,0.427743617883941,0.996282527881041,1,0.98503138580396,2601,"tags=100%, list=88%, signal=12%","KIF19/CENPE/TUBA1C/TUBB4A/BNIP1/NAPG/TMED10/KIFAP3/COPA/COPB2/ARFGAP2/ARFGAP3/KIF16B/KIF2A/KIF6/ARF3/TUBB2A/TUBB2B/NSF/KIF3B"
"REACTOME_RAC3_GTPASE_CYCLE","REACTOME_RAC3_GTPASE_CYCLE",18,0.123339011925043,0.425031266175899,0.994633273703041,1,0.98503138580396,2591,"tags=100%, list=88%, signal=12%","DEPDC1B/GIT1/ERBIN/PAK2/ARHGAP17/PAK4/LBR/MCAM/GIT2/GARRE1/ARHGAP5/FERMT2/ARHGAP1/VRK2/PGRMC2/TIAM1/WASF1/NOXA1"
"REACTOME_MEMBRANE_TRAFFICKING","REACTOME_MEMBRANE_TRAFFICKING",127,0.0747223514998632,0.418494429878542,1,1,0.98503138580396,1435,"tags=49%, list=49%, signal=26%","TRIP10/STON1/LDLR/KIF19/CENPE/GOLGB1/PLIN3/GRK2/ARFIP2/GOSR2/TUBA1C/TOR1B/AP1B1/CHMP4A/GORASP1/IGF2R/TUBB4A/SPTBN2/VPS37C/MCFD2/CCZ1B/ARRB2/SEC24A/VPS4A/EPN1/ARF6/OPTN/BNIP1/ANKRD27/TBC1D17/RAB39B/MIA3/GRK3/CD55/SEC13/ARPC2/NAPG/PPP6R1/GOLGA4/TBC1D8B/MON1B/CSNK1D/VPS36/VPS54/DYNC1LI2/CHMP3/TBC1D2/RAB12/SEC23A/TMED10/ARL1/GGA1/CAPZA2/KIFAP3/COPA/COPB2/RAB5A/AGFG1/ARFGAP2/PAFAH1B2/LRP2/GOLGA1"
"REACTOME_RAC1_GTPASE_CYCLE","REACTOME_RAC1_GTPASE_CYCLE",30,-0.0951047175960116,-0.403252690508589,1,1,0.98503138580396,1821,"tags=83%, list=62%, signal=32%","ARHGAP17/PAK4/MYO9B/LBR/SPATA13/MCAM/GIT2/GARRE1/ARHGAP5/KTN1/RAC1/ARHGEF7/SRGAP1/FERMT2/ARHGAP1/DOCK3/DOCK4/VRK2/PLEKHG3/RASGRF2/TIAM1/WASF1/NOXA1/CHN1/PAK3"
"REACTOME_ACTIVATION_OF_NF_KAPPAB_IN_B_CELLS","REACTOME_ACTIVATION_OF_NF_KAPPAB_IN_B_CELLS",15,0.122087682595762,0.400169901915148,1,1,0.98503138580396,1621,"tags=73%, list=55%, signal=33%","NFKBIA/NFKBIB/ADRM1/PSMC1/PSMD3/PSMC6/CHUK/PSMD11/PSMD12/PSMA6/NFKB1"
"REACTOME_SIGNALING_BY_THE_B_CELL_RECEPTOR_BCR","REACTOME_SIGNALING_BY_THE_B_CELL_RECEPTOR_BCR",20,0.110467098533924,0.393718557370446,1,1,0.98503138580396,2629,"tags=100%, list=89%, signal=11%","NFKBIA/ITPR1/NFKBIB/ADRM1/NFATC3/PSMC1/PSMD3/PSMC6/CHUK/PSMD11/PSMD12/PSMA6/NFKB1/TRPC1/PSMD14/PPP3CA/MALT1/PRKCB/ITPR2/IKBKG"
"REACTOME_RHO_GTPASE_CYCLE","REACTOME_RHO_GTPASE_CYCLE",77,0.0696344407875093,0.350961477308902,1,1,0.98503138580396,211,"tags=5%, list=7%, signal=5%","TRIP10/STIP1/DEPDC1B/CIT"
