"ID","Description","setSize","enrichmentScore","NES","pvalue","p.adjust","qvalue","rank","leading_edge","core_enrichment"
"REACTOME_AEROBIC_RESPIRATION_AND_RESPIRATORY_ELECTRON_TRANSPORT","REACTOME_AEROBIC_RESPIRATION_AND_RESPIRATORY_ELECTRON_TRANSPORT",64,-0.459651264319765,-2.47520063100792,4.35818478019903e-07,0.000215294328141832,0.000209651625742206,976,"tags=59%, list=29%, signal=43%","NNT/COX8A/LDHB/LYRM2/SIRT3/NDUFA11/NDUFA3/NDUFA5/NDUFB11/NDUFA1/ATP5MC3/TMEM126B/SLC25A4/NDUFA4/TIMMDC1/COX11/UBB/LDHA/SLC25A11/MDH2/NDUFA6/COX7A2/COX14/UQCC2/NDUFB5/ATP5PF/NDUFAF1/PDK2/COX20/PDHA1/CYCS/NDUFA8/DMAC1/NDUFAF4/TMEM126A/COX15/COA3/HIGD1A"
"REACTOME_RESPIRATORY_ELECTRON_TRANSPORT","REACTOME_RESPIRATORY_ELECTRON_TRANSPORT",45,-0.497661428448396,-2.42226855181399,4.24225965733021e-06,0.00104783813536056,0.00102037508599995,961,"tags=84%, list=29%, signal=61%","SLC25A13/NDUFAF2/NDUFA13/NDUFV3/COX6C/UQCRH/COX4I1/UQCR11/UQCRB/NDUFA12/COX8A/LYRM2/NDUFA11/NDUFA3/NDUFA5/NDUFB11/NDUFA1/TMEM126B/NDUFA4/TIMMDC1/COX11/SLC25A11/MDH2/NDUFA6/COX7A2/COX14/UQCC2/NDUFB5/NDUFAF1/COX20/CYCS/NDUFA8/DMAC1/NDUFAF4/TMEM126A/COX15/COA3/HIGD1A"
"REACTOME_NGF_STIMULATED_TRANSCRIPTION","REACTOME_NGF_STIMULATED_TRANSCRIPTION",12,0.68465069485254,2.19121313754744,0.000416898441805849,0.0464475741552515,0.0452302181737693,142,"tags=42%, list=4%, signal=40%","FOSB/EGR3/EGR1/FOS/JUNB"
"REACTOME_COMPLEX_IV_ASSEMBLY","REACTOME_COMPLEX_IV_ASSEMBLY",11,-0.684117095890588,-2.16364576702128,0.000470117147320359,0.0464475741552515,0.0452302181737693,603,"tags=73%, list=18%, signal=60%","NDUFA4/COX11/COX7A2/COX14/COX20/COX15/COA3/HIGD1A"
"REACTOME_CYTOKINE_SIGNALING_IN_IMMUNE_SYSTEM","REACTOME_CYTOKINE_SIGNALING_IN_IMMUNE_SYSTEM",120,0.30527507181682,1.85521962450803,0.000368207260886247,0.0464475741552515,0.0452302181737693,1517,"tags=71%, list=46%, signal=40%","NLRC5/EGR1/RELB/HSPA1A/IL6R/TGFB1/PIM1/FOS/MAP3K14/IRF1/IRF9/JUNB/CAMK2A/RIGI/STX4/STAT1/MCL1/DUS2/MAPKAPK2/THOC5/FOXO1/MAP2K3/FANCA/RPS6KA5/OPRD1/CHUK/STAT2/SH2B3/IL34/SNRPA1/MAP2K7/USP14/PELI1/PLCG1/PTPN23/GAB2/UBE2I/FURIN/STAT3/ARIH1/BTRC/SAMHD1/PPP2R1B/PITPNA/PTPN1/IL27RA/PSMC2/NUP214/HAVCR2/HRAS/MAP3K3/STAT5B/TYK2/MAPK14/NUP205/EIF4E3/TRIM3/UBA52/MAPK1/BCL2L1/IRS2/PTPN11/FNTB/CUL5/ADAM17/NUP58/EIF2AK3/MAP2K4/NUP54/IL6ST/PSMD2/B2M/PSMD13/TRAF3/STX1A/FYN/PSMD1/IFNGR2/CAMK2G/HSPA9/SMARCA4/MAP3K7/NUP153/IFNAR2/RAPGEF1"
"REACTOME_REGULATION_OF_PD_L1_CD274_TRANSCRIPTION","REACTOME_REGULATION_OF_PD_L1_CD274_TRANSCRIPTION",10,0.699237387006311,2.10603589226168,0.00114136874402558,0.0939726932581061,0.0915097396525772,252,"tags=50%, list=8%, signal=46%","FOSB/TCF7/FOS/IRF1/STAT1"
"REACTOME_NUCLEAR_EVENTS_KINASE_AND_TRANSCRIPTION_FACTOR_ACTIVATION","REACTOME_NUCLEAR_EVENTS_KINASE_AND_TRANSCRIPTION_FACTOR_ACTIVATION",17,0.570956593926416,2.05336057656155,0.00156032570008058,0.110114413691401,0.107228397734861,399,"tags=41%, list=12%, signal=36%","FOSB/EGR3/EGR1/FOS/JUNB/MAPKAPK2/RPS6KA5"
"REACTOME_COMPLEX_I_BIOGENESIS","REACTOME_COMPLEX_I_BIOGENESIS",23,-0.49946609669519,-1.99430412909294,0.00254755172470343,0.124923994677242,0.121649830742595,956,"tags=65%, list=29%, signal=47%","LYRM2/NDUFA11/NDUFA3/NDUFA5/NDUFB11/NDUFA1/TMEM126B/TIMMDC1/NDUFA6/NDUFB5/NDUFAF1/NDUFA8/DMAC1/NDUFAF4/TMEM126A"
"REACTOME_TOLL_LIKE_RECEPTOR_9_TLR9_CASCADE","REACTOME_TOLL_LIKE_RECEPTOR_9_TLR9_CASCADE",17,0.551133735226526,1.9820706098599,0.00278170838350134,0.124923994677242,0.121649830742595,1126,"tags=82%, list=34%, signal=55%","NLRC5/FOS/MAPKAPK2/MAP2K3/RPS6KA5/CHUK/MAP2K7/USP14/PELI1/BTRC/PPP2R1B/MAPK14/UBA52/MAPK1"
"REACTOME_TOLL_LIKE_RECEPTOR_TLR1_TLR2_CASCADE","REACTOME_TOLL_LIKE_RECEPTOR_TLR1_TLR2_CASCADE",17,0.551133735226526,1.9820706098599,0.00278170838350134,0.124923994677242,0.121649830742595,1126,"tags=82%, list=34%, signal=55%","NLRC5/FOS/MAPKAPK2/MAP2K3/RPS6KA5/CHUK/MAP2K7/USP14/PELI1/BTRC/PPP2R1B/MAPK14/UBA52/MAPK1"
"REACTOME_INTERLEUKIN_4_AND_INTERLEUKIN_13_SIGNALING","REACTOME_INTERLEUKIN_4_AND_INTERLEUKIN_13_SIGNALING",18,0.529603903987184,1.9300321351431,0.0027066329024781,0.124923994677242,0.121649830742595,475,"tags=50%, list=14%, signal=43%","IL6R/TGFB1/PIM1/FOS/JUNB/STAT1/MCL1/FOXO1/OPRD1"
"REACTOME_SIGNALING_BY_NTRKS","REACTOME_SIGNALING_BY_NTRKS",38,0.397090953609426,1.83942489729756,0.00314210412621592,0.129349953195889,0.125959788217603,1530,"tags=79%, list=46%, signal=43%","FOSB/EGR3/EGR1/FOS/JUNB/MAPKAPK2/PCSK6/RPS6KA5/RALB/PLCG1/JUND/FURIN/STAT3/PPP2R1B/HRAS/MAPK14/MEF2D/CHD4/MAPK1/IRS2/PTPN11/CLTA/DNM2/RAP1A/FYN/AP2A2/PTPRS/RALGDS/RAPGEF1/NTRK2"
"REACTOME_GPCR_LIGAND_BINDING","REACTOME_GPCR_LIGAND_BINDING",31,-0.427347140678886,-1.90774530419357,0.00341023477960545,0.129588921625007,0.126192493463942,480,"tags=35%, list=14%, signal=31%","CHRM1/TACR1/C5/CORT/PTGFR/CNR1/CCK/VIP/HTR2A/CRH/NPY"
"REACTOME_SIGNALING_BY_INTERLEUKINS","REACTOME_SIGNALING_BY_INTERLEUKINS",67,0.341704410347105,1.79142233695557,0.00463826442676891,0.16366447334456,0.159374950604015,1160,"tags=58%, list=35%, signal=39%","NLRC5/IL6R/TGFB1/PIM1/FOS/JUNB/STX4/STAT1/MCL1/MAPKAPK2/FOXO1/MAP2K3/RPS6KA5/OPRD1/CHUK/STAT2/IL34/SNRPA1/MAP2K7/USP14/PELI1/PTPN23/GAB2/STAT3/BTRC/PPP2R1B/PITPNA/IL27RA/PSMC2/HAVCR2/MAP3K3/STAT5B/TYK2/MAPK14/UBA52/MAPK1/BCL2L1/IRS2/PTPN11"
"REACTOME_MITOCHONDRIAL_TRANSLATION_ELONGATION","REACTOME_MITOCHONDRIAL_TRANSLATION_ELONGATION",11,-0.606975136147986,-1.91967017328242,0.00540412239530016,0.177975764218552,0.173311153308924,635,"tags=64%, list=19%, signal=52%","MRPL51/MRPL32/MRPS16/MRPS10/MRPL37/MRPL21/MRPL24"
"REACTOME_REPRODUCTION","REACTOME_REPRODUCTION",11,0.601145990804176,1.87650069635533,0.00777805739521699,0.236652051107596,0.230449578853977,493,"tags=55%, list=15%, signal=47%","SYCE2/BLM/LMNA/SUN2/BRCA1/OVGP1"
"REACTOME_METABOLISM_OF_AMINO_ACIDS_AND_DERIVATIVES","REACTOME_METABOLISM_OF_AMINO_ACIDS_AND_DERIVATIVES",60,-0.316970869932979,-1.67871248834747,0.00814389649560552,0.236652051107596,0.230449578853977,1147,"tags=55%, list=35%, signal=37%","RPS28/BCAT1/SERINC1/SERINC3/PSMC5/DARS1/RPS10/SLC6A11/RPL7/TMLHE/RPL7A/RPL15/SEM1/RPL6/PAPSS1/BCKDHB/CKMT1B/OAT/RPS27L/AIMP2/NAALAD2/TXN2/RPS3A/SIRT5/OAZ1/MTAP/CDO1/RIDA/CSAD/BCKDK/TSTD1/SEPHS2/HNMT"
"REACTOME_MYD88_INDEPENDENT_TLR4_CASCADE","REACTOME_MYD88_INDEPENDENT_TLR4_CASCADE",21,0.467846699368016,1.79442385490052,0.00963038431854025,0.264300547408827,0.257373428863912,1160,"tags=71%, list=35%, signal=47%","NLRC5/FOS/MAPKAPK2/MAP2K3/RPS6KA5/CHUK/MAP2K7/RIPK1/USP14/BTRC/PPP2R1B/MAPK14/UBA52/MAPK1/PTPN11"
"REACTOME_OXIDATIVE_STRESS_INDUCED_SENESCENCE","REACTOME_OXIDATIVE_STRESS_INDUCED_SENESCENCE",17,0.502162402417428,1.80595248592273,0.0112369966209275,0.292161912144116,0.284504568186365,1344,"tags=88%, list=40%, signal=53%","FOS/MAPKAPK2/MAP2K3/MAP2K7/KDM6B/MAP3K5/TFDP1/MDM2/MAPK14/UBA52/MAPK1/PHC2/TNRC6C/MAP2K4/MAPKAPK5"
"REACTOME_INTERFERON_ALPHA_BETA_SIGNALING","REACTOME_INTERFERON_ALPHA_BETA_SIGNALING",13,0.519725910655652,1.71715660026092,0.0124540035018116,0.307613886494746,0.299551557911995,1160,"tags=77%, list=35%, signal=50%","EGR1/IRF1/IRF9/STAT1/STAT2/SAMHD1/PTPN1/TYK2/UBA52/PTPN11"
"REACTOME_TOLL_LIKE_RECEPTOR_CASCADES","REACTOME_TOLL_LIKE_RECEPTOR_CASCADES",25,0.437624555674448,1.77537164800004,0.0144092969081112,0.338961555838426,0.330077628421395,1291,"tags=72%, list=39%, signal=44%","NLRC5/FOS/MAPKAPK2/MAP2K3/RPS6KA5/CHUK/MAP2K7/RIPK1/USP14/PELI1/BTRC/PPP2R1B/MAPK14/UBA52/MAPK1/PTPN11/MAP2K4/DNM2"
"REACTOME_MITOCHONDRIAL_TRANSLATION","REACTOME_MITOCHONDRIAL_TRANSLATION",12,-0.547441041249976,-1.77542259468013,0.0159319624871761,0.342190846463695,0.333222281768397,635,"tags=58%, list=19%, signal=47%","MRPL51/MRPL32/MRPS16/MRPS10/MRPL37/MRPL21/MRPL24"
"REACTOME_CELLULAR_SENESCENCE","REACTOME_CELLULAR_SENESCENCE",29,0.407589945572577,1.71475140058052,0.0154008970709369,0.342190846463695,0.333222281768397,1344,"tags=76%, list=40%, signal=46%","ERF/FOS/ANAPC2/MAPKAPK2/MAP2K3/FZR1/MAP2K7/KDM6B/MAP3K5/CABIN1/STAT3/UBN1/HIRA/TFDP1/MDM2/MAPK14/UBA52/MAPK1/PHC2/TNRC6C/MAP2K4/MAPKAPK5"
"REACTOME_HSF1_DEPENDENT_TRANSACTIVATION","REACTOME_HSF1_DEPENDENT_TRANSACTIVATION",11,0.567008346854364,1.76993870704878,0.0173861107612072,0.354404968048119,0.345116280413362,238,"tags=45%, list=7%, signal=42%","HSPA1A/CRYAB/CAMK2A/HSPB1/DNAJB1"
"REACTOME_DEUBIQUITINATION","REACTOME_DEUBIQUITINATION",50,0.327430438827328,1.6016463176779,0.017935474091504,0.354404968048119,0.345116280413362,1556,"tags=74%, list=47%, signal=40%","TGFB1/TNIP1/RIGI/CFTR/POLB/BRCA1/RIPK1/USP14/SIAH2/USP42/USP20/INO80/KDM1B/SUDS3/KAT2A/VCP/PSMC2/FOXK2/USP16/MDM2/WDR20/PTRH2/UBA52/USP12/OTUD5/UIMC1/ASXL1/PSMD2/PSMD13/USP9X/TRAF3/ARRB1/PSMD1/YY1/MAP3K7/SMURF2/OTUD7A"
"REACTOME_SIGNALING_BY_ALK_IN_CANCER","REACTOME_SIGNALING_BY_ALK_IN_CANCER",26,0.414242362535346,1.69163319877856,0.0200943784755448,0.38179319103535,0.371786678677083,1280,"tags=69%, list=39%, signal=43%","RNF213/JUNB/RRBP1/STAT1/MCL1/AGO2/CARS1/VCL/PLCG1/STAT3/EML4/TPM4/TYK2/MDM2/UBA52/MAPK1/TNRC6C/EIF2AK3"
"REACTOME_MEIOSIS","REACTOME_MEIOSIS",10,0.587920153269557,1.77075906920649,0.0210480529679889,0.385101413562463,0.375008195180153,457,"tags=50%, list=14%, signal=43%","SYCE2/BLM/LMNA/SUN2/BRCA1"
"REACTOME_INTERLEUKIN_17_SIGNALING","REACTOME_INTERLEUKIN_17_SIGNALING",14,0.503281654902684,1.70514022506769,0.0245046448841172,0.412177236516098,0.401374381180176,1126,"tags=79%, list=34%, signal=52%","FOS/MAPKAPK2/MAP2K3/RPS6KA5/CHUK/MAP2K7/BTRC/PPP2R1B/MAPK14/UBA52/MAPK1"
"REACTOME_REGULATION_OF_T_CELL_ACTIVATION_BY_CD28_FAMILY","REACTOME_REGULATION_OF_T_CELL_ACTIVATION_BY_CD28_FAMILY",36,0.358856189256922,1.64021353835782,0.0244170381879332,0.412177236516098,0.401374381180176,1427,"tags=69%, list=43%, signal=40%","FOSB/TCF7/FOS/MAP3K14/IRF1/STAT1/AGO2/OS9/JUND/STAT3/BTRC/VCP/PPP2R1B/PSMC2/PRKAG2/TEAD1/MLST8/UBA52/PTPN11/CREBBP/TNRC6C/PSMD2/PSMD13/FYN/PSMD1"
"REACTOME_INTERFERON_GAMMA_SIGNALING","REACTOME_INTERFERON_GAMMA_SIGNALING",13,0.488244759360395,1.61314395509134,0.0250310062661598,0.412177236516098,0.401374381180176,1454,"tags=85%, list=44%, signal=48%","IRF1/IRF9/CAMK2A/STAT1/PTPN1/TRIM3/MAPK1/PTPN11/B2M/IFNGR2/CAMK2G"
"REACTOME_CLASS_A_1_RHODOPSIN_LIKE_RECEPTORS","REACTOME_CLASS_A_1_RHODOPSIN_LIKE_RECEPTORS",21,-0.427399901886916,-1.66412024267851,0.0283579186123705,0.451897154661646,0.44005327014782,480,"tags=43%, list=14%, signal=37%","CHRM1/TACR1/C5/CORT/PTGFR/CNR1/CCK/HTR2A/NPY"
"REACTOME_DEVELOPMENTAL_CELL_LINEAGES","REACTOME_DEVELOPMENTAL_CELL_LINEAGES",15,-0.47531266657025,-1.66450565394497,0.0324157861543402,0.489083974850458,0.476265451750819,766,"tags=60%, list=23%, signal=46%","KRT10/LAMA2/KIT/CA2/DLX5/ITGA6/COL5A2/DMKN/MYH11"
"REACTOME_EPIGENETIC_REGULATION_OF_GENE_EXPRESSION","REACTOME_EPIGENETIC_REGULATION_OF_GENE_EXPRESSION",53,0.307885240427987,1.53005382088012,0.0326716015588362,0.489083974850458,0.476265451750819,1215,"tags=60%, list=37%, signal=39%","DPF1/ZNF324/TET3/PNPLA2/SIRT1/MORC2/KMT2D/MED6/CDK7/AKAP8L/CXXC1/SAP30BP/BAZ2A/SIN3A/UBE2I/SUDS3/GATAD2A/KAT2A/PPARG/BOD1L1/MED23/SMARCC1/HCFC2/NCOR2/ZNF141/CHD4/KAT8/PAGR1/TAF1C/BAZ1B/CREBBP/SETDB1"
"REACTOME_EXPRESSION_OF_BMAL_ARNTL_CLOCK_AND_NPAS2","REACTOME_EXPRESSION_OF_BMAL_ARNTL_CLOCK_AND_NPAS2",11,0.526762460044085,1.64430959901148,0.0372930499988062,0.54184607939442,0.5276447012215,1448,"tags=91%, list=44%, signal=51%","PPARA/SIRT1/RAI1/CRTC2/MEF2D/CRTC3/CREBBP/BMAL1/NCOR1/HDAC3"
"REACTOME_INTERFERON_SIGNALING","REACTOME_INTERFERON_SIGNALING",53,0.303553637900779,1.50852766721301,0.0407670293102129,0.575397499407005,0.5603167637524,1190,"tags=55%, list=36%, signal=36%","EGR1/HSPA1A/PIM1/IRF1/IRF9/CAMK2A/RIGI/STAT1/DUS2/FANCA/CHUK/STAT2/PLCG1/UBE2I/FURIN/STAT3/ARIH1/SAMHD1/PPP2R1B/PTPN1/NUP214/TYK2/NUP205/EIF4E3/TRIM3/UBA52/MAPK1/PTPN11/FNTB"
"REACTOME_PRE_NOTCH_EXPRESSION_AND_PROCESSING","REACTOME_PRE_NOTCH_EXPRESSION_AND_PROCESSING",11,0.521485732449732,1.62783808767022,0.0419912953467066,0.576213886146475,0.561111753609501,1317,"tags=82%, list=40%, signal=50%","MAMLD1/AGO2/FURIN/KAT2A/PRKCI/TFDP1/CREBBP/TNRC6C/RAB6A"
"REACTOME_ADAPTIVE_IMMUNE_SYSTEM","REACTOME_ADAPTIVE_IMMUNE_SYSTEM",138,0.222924068141029,1.38967165625795,0.0431602581380607,0.57624777081627,0.561144750187588,1104,"tags=41%, list=33%, signal=28%","NFATC2/FOSB/TCF7/RNF213/FOS/MAP3K14/IRF1/KLHL25/FBXL18/RNF19B/STX4/ANAPC2/STAT1/HECTD3/LONRF1/TRAF7/AGO2/UBR4/RAP1GAP/FBXL19/FBXO27/CHUK/ORAI2/FBXO32/FZR1/FBXL14/SIAH2/PLCG1/OS9/FBXO21/UBE2G1/SEC24C/RNF138/JUND/CDC34/CTSH/VHL/STAT3/BTRC/AHCYL1/VCP/PPP2R1B/UBE2O/LRRC41/PSMC2/PRKAG2/RNF126/HRAS/ITPR1/HERC4/FBXO44/TEAD1/ZNRF2/RNF111/MLST8/UBA52"
"REACTOME_C_TYPE_LECTIN_RECEPTORS_CLRS","REACTOME_C_TYPE_LECTIN_RECEPTORS_CLRS",25,0.389861961041632,1.58160656958634,0.0583657587548638,0.654358804536799,0.637208552468181,1427,"tags=72%, list=43%, signal=41%","NFATC2/RELB/MAP3K14/MUC6/RPS6KA5/CHUK/CDC34/BTRC/AHCYL1/PSMC2/HRAS/ITPR1/UBA52/CREBBP/PSMD2/PSMD13/FYN/PSMD1"
"REACTOME_FORMATION_OF_WDR5_CONTAINING_HISTONE_MODIFYING_COMPLEXES","REACTOME_FORMATION_OF_WDR5_CONTAINING_HISTONE_MODIFYING_COMPLEXES",10,0.524373561765588,1.57936283521616,0.0605644267850058,0.654358804536799,0.637208552468181,1135,"tags=80%, list=34%, signal=53%","KMT2D/AKAP8L/CXXC1/KAT2A/BOD1L1/HCFC2/KAT8/PAGR1"
"REACTOME_REGULATION_OF_ENDOGENOUS_RETROELEMENTS","REACTOME_REGULATION_OF_ENDOGENOUS_RETROELEMENTS",14,0.465947547330113,1.57865063823524,0.052707498368997,0.654358804536799,0.637208552468181,1494,"tags=86%, list=45%, signal=47%","DPF1/ZNF324/MORC2/UBE2I/GATAD2A/SMARCC1/ZNF141/CHD4/SETDB1/ZNF680/GATAD2B/SMARCA4"
"REACTOME_EPIGENETIC_REGULATION_BY_WDR5_CONTAINING_HISTONE_MODIFYING_COMPLEXES","REACTOME_EPIGENETIC_REGULATION_BY_WDR5_CONTAINING_HISTONE_MODIFYING_COMPLEXES",22,0.405587684876308,1.57045875060627,0.0523255813953488,0.654358804536799,0.637208552468181,1176,"tags=68%, list=35%, signal=44%","PNPLA2/SIRT1/KMT2D/MED6/AKAP8L/CXXC1/KAT2A/PPARG/BOD1L1/MED23/HCFC2/NCOR2/KAT8/PAGR1/CREBBP"
"REACTOME_PKR_MEDIATED_SIGNALING","REACTOME_PKR_MEDIATED_SIGNALING",14,0.456584949952181,1.54692974945515,0.0619410521044299,0.654358804536799,0.637208552468181,856,"tags=64%, list=26%, signal=48%","HSPA1A/STAT1/DUS2/FANCA/CHUK/UBE2I/STAT3/ARIH1/PPP2R1B"
"REACTOME_CLEC7A_DECTIN_1_SIGNALING","REACTOME_CLEC7A_DECTIN_1_SIGNALING",19,0.412484830383105,1.53146322956949,0.0601941747572816,0.654358804536799,0.637208552468181,123,"tags=16%, list=4%, signal=15%","NFATC2/RELB/MAP3K14"
"REACTOME_CO_INHIBITION_BY_PD_1","REACTOME_CO_INHIBITION_BY_PD_1",31,0.35096525144181,1.51262125522748,0.0565302144249513,0.654358804536799,0.637208552468181,1219,"tags=58%, list=37%, signal=37%","FOSB/TCF7/FOS/IRF1/STAT1/AGO2/OS9/JUND/STAT3/BTRC/VCP/PSMC2/PRKAG2/TEAD1/UBA52/PTPN11/CREBBP/TNRC6C"
"REACTOME_REGULATION_OF_INSULIN_LIKE_GROWTH_FACTOR_IGF_TRANSPORT_AND_UPTAKE_BY_INSULIN_LIKE_GROWTH_FACTOR_BINDING_PROTEINS_IGFBPS","REACTOME_REGULATION_OF_INSULIN_LIKE_GROWTH_FACTOR_IGF_TRANSPORT_AND_UPTAKE_BY_INSULIN_LIKE_GROWTH_FACTOR_BINDING_PROTEINS_IGFBPS",16,-0.424918412369705,-1.51165771958984,0.0591966173361522,0.654358804536799,0.637208552468181,917,"tags=62%, list=28%, signal=45%","SCG3/GAS6/TGOLN2/FUCA2/LTBP1/APOE/SCG2/IGF1/VCAN/RCN1"
"REACTOME_NUCLEAR_ENVELOPE_NE_REASSEMBLY","REACTOME_NUCLEAR_ENVELOPE_NE_REASSEMBLY",13,0.451393328380063,1.49138808985632,0.0618955512572534,0.654358804536799,0.637208552468181,1617,"tags=92%, list=49%, signal=48%","LMNA/ANKLE2/RANGAP1/UBE2I/LEMD3/NUP205/NUP58/NUP54/TNPO1/IST1/AHCTF1/NUP133"
"REACTOME_REGULATION_OF_PD_L1_CD274_EXPRESSION","REACTOME_REGULATION_OF_PD_L1_CD274_EXPRESSION",30,0.348657030827878,1.4872157647955,0.0622568093385214,0.654358804536799,0.637208552468181,913,"tags=43%, list=28%, signal=32%","FOSB/TCF7/FOS/IRF1/STAT1/AGO2/OS9/JUND/STAT3/BTRC/VCP/PSMC2/PRKAG2"
"REACTOME_DISEASES_OF_METABOLISM","REACTOME_DISEASES_OF_METABOLISM",34,-0.336708457281353,-1.52372815226767,0.0639175257731959,0.657414448669202,0.64018411046628,923,"tags=53%, list=28%, signal=39%","THSD7B/GPC5/MMADHC/NUS1/CYP2U1/DPM3/BCKDHB/ADAMTS6/SEMA5A/SEMA5B/UBB/FDX2/ADAMTSL1/DPM2/VCAN/GALT/DCN/BCKDK"
"REACTOME_TRNA_MODIFICATION_IN_THE_NUCLEUS_AND_CYTOSOL","REACTOME_TRNA_MODIFICATION_IN_THE_NUCLEUS_AND_CYTOSOL",11,0.481018100733857,1.5015167942468,0.06640625,0.657414448669202,0.64018411046628,694,"tags=64%, list=21%, signal=50%","TRIT1/TRMT12/DUS2/TRMT6/CTU2/NSUN2/TRMT44"
"REACTOME_INNATE_IMMUNE_SYSTEM","REACTOME_INNATE_IMMUNE_SYSTEM",132,0.214331720568778,1.32866044752158,0.0665399239543726,0.657414448669202,0.64018411046628,869,"tags=33%, list=26%, signal=26%","NFATC2/NLRC5/RELB/HSPA1A/FOS/CASP2/MAP3K14/MUC6/RIGI/MVP/DOCK2/LAT2/MAPKAPK2/MAP2K3/ATP6V0A2/CRCP/RPS6KA5/UBR4/NOS1/BAIAP2/MAN2B1/CHUK/IQGAP1/VCL/MYO9B/MAP2K7/RIPK1/USP14/PELI1/PLCG1/GAB2/C1orf35/CD46/CDC34/CTSH/POLR3F/BTRC/AHCYL1/VCP/PSEN1/PPP2R1B/VAV2/BRI3/GAA"
"REACTOME_NCAM_SIGNALING_FOR_NEURITE_OUT_GROWTH","REACTOME_NCAM_SIGNALING_FOR_NEURITE_OUT_GROWTH",15,0.427613907717404,1.47157923266787,0.0679611650485437,0.658290500666286,0.641037201799473,399,"tags=33%, list=12%, signal=29%","CACNA1G/COL4A1/COL4A2/CACNA1I/RPS6KA5"
"REACTOME_REGULATION_OF_LIPID_METABOLISM_BY_PPARALPHA","REACTOME_REGULATION_OF_LIPID_METABOLISM_BY_PPARALPHA",22,0.381418939860759,1.4768759853593,0.0736434108527132,0.699612403100775,0.681276088252833,1448,"tags=82%, list=44%, signal=46%","PPARA/MED25/GRHL1/ACOX1/MED6/ESRRA/SIN3A/PPARG/ARNT/RGL1/MED23/NCOR2/CREBBP/BMAL1/CDK19/SIN3B/NCOR1/HDAC3"
"REACTOME_RHOV_GTPASE_CYCLE","REACTOME_RHOV_GTPASE_CYCLE",10,0.488969477183439,1.47272913077152,0.0769230769230769,0.716448532012734,0.697670954889878,1701,"tags=100%, list=51%, signal=49%","GIT1/PEAK1/IQGAP1/TPM4/ZNF512B/USP9X/SH3RF1/DST/MYO9A/SPTBN1"
"REACTOME_OPIOID_SIGNALLING","REACTOME_OPIOID_SIGNALLING",20,0.386418725516074,1.46961878086957,0.0797665369649805,0.716448532012734,0.697670954889878,1886,"tags=95%, list=57%, signal=41%","CAMK2A/CAMKK1/PRKCG/AHCYL1/PPP2R1B/ITPR1/GNA11/MAPK1/GNG4/PRKAR2A/CAMK2G/GNG2/GNB1/GNG7/PPP3CA/GNAQ/PDE4D/GNAI1/ADCY1"
"REACTOME_METAL_ION_SLC_TRANSPORTERS","REACTOME_METAL_ION_SLC_TRANSPORTERS",10,0.485928279844917,1.463569336302,0.0789473684210526,0.716448532012734,0.697670954889878,1060,"tags=70%, list=32%, signal=48%","SLC30A5/SLC9A5/SLC24A4/SLC9A8/SLC9A1/SLC39A14/SLC8A3"
"REACTOME_FC_EPSILON_RECEPTOR_FCERI_SIGNALING","REACTOME_FC_EPSILON_RECEPTOR_FCERI_SIGNALING",29,0.341882728482879,1.43831783356864,0.0843137254901961,0.743767507002801,0.724273920094354,1427,"tags=72%, list=43%, signal=42%","NFATC2/FOS/LAT2/CHUK/MAP2K7/PLCG1/GAB2/CDC34/BTRC/AHCYL1/VAV2/PSMC2/HRAS/ITPR1/UBA52/MAPK1/MAP2K4/PSMD2/PSMD13/FYN/PSMD1"
"REACTOME_G_ALPHA_S_SIGNALLING_EVENTS","REACTOME_G_ALPHA_S_SIGNALLING_EVENTS",17,-0.398261635777588,-1.46091262784889,0.0892116182572614,0.762243391922716,0.742265565967784,310,"tags=18%, list=9%, signal=16%","PDE3A/VIP/CRH"
"REACTOME_CELLULAR_RESPONSES_TO_MECHANICAL_STIMULI","REACTOME_CELLULAR_RESPONSES_TO_MECHANICAL_STIMULI",20,0.379285659387223,1.44249046835277,0.0894941634241245,0.762243391922716,0.742265565967784,1886,"tags=95%, list=57%, signal=41%","SPP1/STAT1/CHUK/VCL/PPP2R1B/PTPN1/MLST8/GNA11/GNG4/FYN/PTK2/PRKAR2A/GNG2/GNB1/GNG7/CACNB2/GNAQ/PDE4D/ADCY1"
"REACTOME_SIGNALING_BY_PDGF","REACTOME_SIGNALING_BY_PDGF",15,0.408757221548121,1.40668632983462,0.0912621359223301,0.764127036366628,0.744099841507669,975,"tags=60%, list=29%, signal=43%","COL4A1/SPP1/COL4A2/STAT1/PLCG1/FURIN/STAT3/HRAS/STAT5B"
"REACTOME_IRE1ALPHA_ACTIVATES_CHAPERONES","REACTOME_IRE1ALPHA_ACTIVATES_CHAPERONES",15,-0.401579209425613,-1.40629718416496,0.0965092402464066,0.794592744695414,0.773767066536979,536,"tags=40%, list=16%, signal=34%","HSPA5/DNAJB9/EXTL2/EXTL1/PREB/FKBP14"
"REACTOME_LEISHMANIA_INFECTION","REACTOME_LEISHMANIA_INFECTION",25,0.346670838290475,1.40638720910161,0.101167315175097,0.806075059620936,0.784948438625118,1886,"tags=92%, list=57%, signal=40%","BAIAP2/MYO9B/PLCG1/FURIN/AHCYL1/VAV2/ITPR1/MAPK14/MAPK1/CYFIP1/ADAM17/GNG4/FYN/PTK2/PRKAR2A/GNG2/WIPF2/GNB1/GNG7/ELMO1/ABI1/GNAI1/ADCY1"
"REACTOME_TRANSCRIPTIONAL_ACTIVITY_OF_SMAD2_SMAD3_SMAD4_HETEROTRIMER","REACTOME_TRANSCRIPTIONAL_ACTIVITY_OF_SMAD2_SMAD3_SMAD4_HETEROTRIMER",15,0.405755488370768,1.39635624438585,0.100970873786408,0.806075059620936,0.784948438625118,1551,"tags=87%, list=47%, signal=46%","JUNB/STAT1/FURIN/TFDP1/NCOR2/RNF111/UBA52/MAPK1/TRIM33/USP9X/NCOR1/PPM1A/SMURF2"
"REACTOME_GABA_RECEPTOR_ACTIVATION","REACTOME_GABA_RECEPTOR_ACTIVATION",14,-0.416338880484115,-1.4084582637346,0.10625,0.83100414078675,0.809224147324834,1944,"tags=100%, list=59%, signal=42%","GNG2/KCNJ6/GNB1/GNG7/GABRB1/GNAI1/ADCY1/GABBR1/GABRG2/GABRB2/GABRA5/KCNJ9/GABRA1"
"REACTOME_PROTEIN_LOCALIZATION","REACTOME_PROTEIN_LOCALIZATION",38,-0.290037769767677,-1.35425140142458,0.107660455486542,0.83100414078675,0.809224147324834,1120,"tags=66%, list=34%, signal=44%","GDAP1/UBE2D3/SCP2/SLC25A13/SERP1/PEX6/CHCHD3/VAMP2/MPV17/CHCHD10/TOMM20/DNAJC19/FIS1/GET1/TOMM6/SLC25A4/ACBD5/TOMM5/UBB/MTX2/SAMM50/TIMM8B/PEX7/CHCHD7/GET3"
"REACTOME_NEGATIVE_REGULATORS_OF_DDX58_IFIH1_SIGNALING","REACTOME_NEGATIVE_REGULATORS_OF_DDX58_IFIH1_SIGNALING",11,0.446484237855726,1.39371799207569,0.115234375,0.860536317567568,0.837982307965861,172,"tags=18%, list=5%, signal=17%","NLRC5/RIGI"
"REACTOME_G_PROTEIN_MEDIATED_EVENTS","REACTOME_G_PROTEIN_MEDIATED_EVENTS",12,0.433323253704264,1.38684385112045,0.12573673870334,0.860536317567568,0.837982307965861,1886,"tags=100%, list=57%, signal=43%","CAMK2A/CAMKK1/PRKCG/AHCYL1/ITPR1/GNA11/MAPK1/PRKAR2A/CAMK2G/GNAQ/GNAI1/ADCY1"
"REACTOME_REGULATION_OF_MECP2_EXPRESSION_AND_ACTIVITY","REACTOME_REGULATION_OF_MECP2_EXPRESSION_AND_ACTIVITY",13,0.412374192308383,1.36247020127648,0.127659574468085,0.860536317567568,0.837982307965861,1727,"tags=92%, list=52%, signal=44%","CAMK2A/AGO2/SIN3A/NCOR2/TNRC6C/NCOR1/HDAC3/CAMK2G/MECP2/HTT/TBL1XR1/TNRC6A"
"REACTOME_MITOCHONDRIAL_PROTEIN_IMPORT","REACTOME_MITOCHONDRIAL_PROTEIN_IMPORT",20,-0.3534153226169,-1.35907320884029,0.122950819672131,0.860536317567568,0.837982307965861,991,"tags=50%, list=30%, signal=35%","CHCHD10/TOMM20/DNAJC19/TOMM6/SLC25A4/TOMM5/MTX2/SAMM50/TIMM8B/CHCHD7"
"REACTOME_SIGNALING_BY_NOTCH3","REACTOME_SIGNALING_BY_NOTCH3",11,0.435145174813264,1.35832266378492,0.125,0.860536317567568,0.837982307965861,1327,"tags=82%, list=40%, signal=49%","STAT1/MAMLD1/KAT2A/APH1B/PSEN1/DLL1/UBA52/CREBBP/NEURL1"
"REACTOME_HIGH_LAMINAR_FLOW_SHEAR_STRESS_ACTIVATES_SIGNALING_BY_PIEZO1_AND_PECAM1_CDH5_KDR_IN_ENDOTHELIAL_CELLS","REACTOME_HIGH_LAMINAR_FLOW_SHEAR_STRESS_ACTIVATES_SIGNALING_BY_PIEZO1_AND_PECAM1_CDH5_KDR_IN_ENDOTHELIAL_CELLS",11,0.433192261185006,1.35222656759629,0.12890625,0.860536317567568,0.837982307965861,1886,"tags=100%, list=57%, signal=43%","VCL/MLST8/GNA11/GNG4/FYN/PRKAR2A/GNG2/GNB1/GNG7/GNAQ/ADCY1"
"REACTOME_MITF_M_DEPENDENT_GENE_EXPRESSION","REACTOME_MITF_M_DEPENDENT_GENE_EXPRESSION",27,0.32772576570728,1.35049401723335,0.128712871287129,0.860536317567568,0.837982307965861,457,"tags=26%, list=14%, signal=23%","TCF7/GMPR/DPF1/LIG1/SIRT1/AGO2/BRCA1"
"REACTOME_CIRCADIAN_CLOCK","REACTOME_CIRCADIAN_CLOCK",30,0.316409514172501,1.34966220670001,0.116731517509728,0.860536317567568,0.837982307965861,1448,"tags=70%, list=44%, signal=40%","PER1/PER2/CRY1/PPARA/SIRT1/RAI1/NAMPT/BTRC/CRY2/PSMC2/CRTC2/MEF2D/UBA52/CRTC3/CREBBP/BMAL1/PSMD2/PSMD13/NCOR1/PSMD1/HDAC3"
"REACTOME_ANTI_INFLAMMATORY_RESPONSE_FAVOURING_LEISHMANIA_PARASITE_INFECTION","REACTOME_ANTI_INFLAMMATORY_RESPONSE_FAVOURING_LEISHMANIA_PARASITE_INFECTION",15,0.391646489104116,1.34780190613862,0.12621359223301,0.860536317567568,0.837982307965861,2025,"tags=100%, list=61%, signal=39%","PLCG1/FURIN/AHCYL1/ITPR1/MAPK14/ADAM17/GNG4/FYN/PRKAR2A/GNG2/GNB1/GNG7/GNAI1/ADCY1/PLK2"
"REACTOME_TRANSCRIPTIONAL_REGULATION_BY_RUNX1","REACTOME_TRANSCRIPTIONAL_REGULATION_BY_RUNX1",29,0.318943490105602,1.34181130399655,0.125490196078431,0.860536317567568,0.837982307965861,1680,"tags=79%, list=51%, signal=40%","NFATC2/ELF1/AGO2/KMT2D/CDK7/SIN3A/PSMC2/SMARCC1/UBA52/PTPN11/CREBBP/PHC2/TNRC6C/PSMD2/PSMD13/SIN3B/PSMD1/SMARCA4/ITCH/PBRM1/ELF2/KMT2A/PSMD11"
"REACTOME_FORMATION_OF_TC_NER_PRE_INCISION_COMPLEX","REACTOME_FORMATION_OF_TC_NER_PRE_INCISION_COMPLEX",16,-0.379472571876291,-1.34998302250624,0.13107822410148,0.863368569415081,0.840740328622826,709,"tags=50%, list=21%, signal=40%","GTF2H2/POLR2L/UBB/ERCC8/COPS5/POLR2K/COPS7A/GTF2H3"
"REACTOME_INTERLEUKIN_1_FAMILY_SIGNALING","REACTOME_INTERLEUKIN_1_FAMILY_SIGNALING",21,0.361861244868896,1.38791713361211,0.134241245136187,0.864139941690962,0.84149148381157,1499,"tags=76%, list=45%, signal=42%","NLRC5/CHUK/USP14/PELI1/PTPN23/STAT3/BTRC/PSMC2/MAP3K3/UBA52/PTPN11/MAP2K4/PSMD2/PSMD13/PSMD1/MAP3K7"
"REACTOME_SELENOAMINO_ACID_METABOLISM","REACTOME_SELENOAMINO_ACID_METABOLISM",24,-0.329107193011746,-1.34089654607855,0.13469387755102,0.864139941690962,0.84149148381157,1011,"tags=50%, list=30%, signal=35%","DARS1/RPS10/RPL7/RPL7A/RPL15/RPL6/PAPSS1/RPS27L/AIMP2/RPS3A/SEPHS2/HNMT"
"REACTOME_FACTORS_INVOLVED_IN_MEGAKARYOCYTE_DEVELOPMENT_AND_PLATELET_PRODUCTION","REACTOME_FACTORS_INVOLVED_IN_MEGAKARYOCYTE_DEVELOPMENT_AND_PLATELET_PRODUCTION",19,0.360224910367178,1.33743392233339,0.137864077669903,0.873139158576052,0.850254837991169,766,"tags=42%, list=23%, signal=33%","IRF1/DOCK2/KIF9/KIF27/DOCK5/SH2B3/SH2B2/SIN3A"
"REACTOME_GLUCAGON_LIKE_PEPTIDE_1_GLP1_REGULATES_INSULIN_SECRETION","REACTOME_GLUCAGON_LIKE_PEPTIDE_1_GLP1_REGULATES_INSULIN_SECRETION",10,0.443336355394379,1.3352865481099,0.143724696356275,0.892341040462428,0.868953452996654,1852,"tags=100%, list=56%, signal=44%","IQGAP1/ITPR1/KCNB1/GNG4/RAP1A/PRKAR2A/GNG2/GNB1/GNG7/KCNC2"
"REACTOME_SIGNALING_BY_NOTCH","REACTOME_SIGNALING_BY_NOTCH",38,0.279673549228544,1.29551802903209,0.144508670520231,0.892341040462428,0.868953452996654,1448,"tags=66%, list=44%, signal=38%","STAT1/MAMLD1/AGO2/FURIN/KAT2A/APH1B/PSEN1/DLL1/PRKCI/PSMC2/HDAC4/TFDP1/NCOR2/UBA52/CREBBP/TNRC6C/ADAM17/RAB6A/NEURL1/PSMD2/PSMD13/ARRB1/NCOR1/PSMD1/HDAC3"
"REACTOME_SIGNALING_BY_TGFBR3","REACTOME_SIGNALING_BY_TGFBR3",11,0.420560202153903,1.31279510181116,0.154296875,0.928824126073081,0.904480344375448,1387,"tags=73%, list=42%, signal=42%","TGFB1/TGFBR3/AGO2/APH1B/PSEN1/TNRC6C/GIPC1/ARRB1"
"REACTOME_SRP_DEPENDENT_COTRANSLATIONAL_PROTEIN_TARGETING_TO_MEMBRANE","REACTOME_SRP_DEPENDENT_COTRANSLATIONAL_PROTEIN_TARGETING_TO_MEMBRANE",19,-0.345067398727232,-1.3041404927982,0.15605749486653,0.928824126073081,0.904480344375448,1213,"tags=63%, list=37%, signal=40%","SRP72/RPS28/SRP14/RPS10/RPL7/RPL7A/RPL15/RPL6/SRP9/RPS27L/RPS3A/SPCS1"
"REACTOME_EPIGENETIC_REGULATION_OF_GENE_EXPRESSION_BY_MLL3_AND_MLL4_COMPLEXES","REACTOME_EPIGENETIC_REGULATION_OF_GENE_EXPRESSION_BY_MLL3_AND_MLL4_COMPLEXES",14,0.38368045721161,1.2999261443185,0.155172413793103,0.928824126073081,0.904480344375448,1448,"tags=79%, list=44%, signal=44%","PNPLA2/SIRT1/KMT2D/MED6/PPARG/MED23/NCOR2/PAGR1/CREBBP/NCOR1/HDAC3"
"REACTOME_RAB_REGULATION_OF_TRAFFICKING","REACTOME_RAB_REGULATION_OF_TRAFFICKING",29,0.308480684584544,1.29779375494726,0.16078431372549,0.934440599769319,0.909949614520731,950,"tags=45%, list=29%, signal=32%","RIN1/RIN3/TBC1D16/TBC1D10A/TBC1D10B/ANKRD27/DENND2A/GAPVD1/TRAPPC10/RAB39A/ULK1/RIN2/RAB12"
"REACTOME_CELLULAR_RESPONSE_TO_STARVATION","REACTOME_CELLULAR_RESPONSE_TO_STARVATION",31,-0.285687364214988,-1.27535363096793,0.159509202453988,0.934440599769319,0.909949614520731,1053,"tags=48%, list=32%, signal=33%","RRAGB/ATP6V0D1/RPS10/ATP6V0E2/RPL7/RPL7A/RPL15/RRAGA/RPL6/RPS27L/ATP6V1G1/LAMTOR5/RPS3A/LAMTOR1/ATP6V1G2"
"REACTOME_ESTROGEN_DEPENDENT_GENE_EXPRESSION","REACTOME_ESTROGEN_DEPENDENT_GENE_EXPRESSION",21,0.343424504692995,1.31720310180868,0.163424124513619,0.938738575694507,0.914134943729789,1278,"tags=62%, list=39%, signal=38%","FOSB/FOS/CXXC5/AGO2/POLR2B/JUND/GTF2F1/USF2/CHD1/CREBBP/KDM4B/TNRC6C/SMC1A"
"REACTOME_DISEASES_OF_GLYCOSYLATION","REACTOME_DISEASES_OF_GLYCOSYLATION",21,-0.332898357240612,-1.29616991626054,0.172131147540984,0.955512572533849,0.930469306729105,923,"tags=57%, list=28%, signal=42%","THSD7B/GPC5/NUS1/DPM3/ADAMTS6/SEMA5A/SEMA5B/ADAMTSL1/DPM2/VCAN/GALT/DCN"
"REACTOME_FLT3_SIGNALING_IN_DISEASE","REACTOME_FLT3_SIGNALING_IN_DISEASE",13,0.389923651599872,1.28829438404925,0.176015473887814,0.955512572533849,0.930469306729105,1160,"tags=69%, list=35%, signal=45%","PIM1/ETV6/GOLGB1/GAB2/HRAS/STAT5B/UBA52/BCL2L1/PTPN11"
"REACTOME_CELLULAR_RESPONSE_TO_HEAT_STRESS","REACTOME_CELLULAR_RESPONSE_TO_HEAT_STRESS",29,0.303881635438229,1.27844532388157,0.174509803921569,0.955512572533849,0.930469306729105,370,"tags=24%, list=11%, signal=22%","HSPA1A/CRYAB/CAMK2A/HSPB1/DNAJB1/MAPKAPK2/SIRT1"
"REACTOME_RRNA_PROCESSING","REACTOME_RRNA_PROCESSING",33,-0.28014508616821,-1.26439504492851,0.175152749490835,0.955512572533849,0.930469306729105,1025,"tags=48%, list=31%, signal=34%","NGRN/RPS10/RPL7/EXOSC1/RPL7A/RPL15/RPL6/RPS27L/NOP10/IMP4/TFB1M/RPS3A/RIOK1/NOL12/RPP25/RPUSD3"
"REACTOME_SIGNALING_BY_GPCR","REACTOME_SIGNALING_BY_GPCR",77,-0.219315644750313,-1.22198980292142,0.170995670995671,0.955512572533849,0.930469306729105,514,"tags=18%, list=15%, signal=16%","RGS5/CHRM1/TACR1/C5/CORT/PDE3A/RASGRP2/PTGFR/CNR1/CCK/VIP/HTR2A/CRH/NPY"
"REACTOME_GLYCOSAMINOGLYCAN_METABOLISM","REACTOME_GLYCOSAMINOGLYCAN_METABOLISM",23,-0.320580047185739,-1.28003505350534,0.178794178794179,0.960047003525265,0.934884893694962,224,"tags=22%, list=7%, signal=20%","HPSE2/EXTL2/VCAN/DCN/NDST4"
"REACTOME_DISEASES_OF_SIGNAL_TRANSDUCTION_BY_GROWTH_FACTOR_RECEPTORS_AND_SECOND_MESSENGERS","REACTOME_DISEASES_OF_SIGNAL_TRANSDUCTION_BY_GROWTH_FACTOR_RECEPTORS_AND_SECOND_MESSENGERS",118,0.192099863374542,1.16101701912473,0.181474480151229,0.963961217147387,0.938696518722258,1469,"tags=59%, list=44%, signal=34%","RNF213/TGFB1/PIM1/JUNB/CAMK2A/RRBP1/LMNA/NRG4/STAT1/MCL1/FOXO1/MAMLD1/AGO2/CARS1/CHUK/IQGAP1/VCL/ETV6/PLCG1/OS9/GOLGB1/GAB2/POLR2B/STAT3/KAT2A/VCP/CLIP1/APH1B/PSEN1/DLL1/PPP2R1B/PSMC2/GTF2F1/HDAC4/EML4/HRAS/TPM4/STAT5B/TYK2/RPS6KB2/MDM2/NCOR2/MLST8/UBA52/MAPK1/BCL2L1/IRS2/PTPN11/KDM7A/CREBBP/GOLGA4/TNRC6C/ADAM17/EIF2AK3/TRAK1/NEURL1/ZMYM2/PSMD2/CLCN6/PSMD13/CUX1/RAP1A/ARRB1/NCOR1/FYN/LRRFIP1/PSMD1/HDAC3/CAMK2G/MECP2"
"REACTOME_ESR_MEDIATED_SIGNALING","REACTOME_ESR_MEDIATED_SIGNALING",34,0.279396962871809,1.25041611539094,0.187620889748549,0.986007654635993,0.960165135667268,1620,"tags=71%, list=49%, signal=37%","FOSB/FOS/HSPB1/CXXC5/AGO2/POLR2B/JUND/GTF2F1/HRAS/USF2/MAPK1/CHD1/CREBBP/KDM4B/TNRC6C/SMC1A/PPID/GNG4/PTK2/YY1/GNG2/STAG1/GNB1/GNG7"
"REACTOME_INTERLEUKIN_1_SIGNALING","REACTOME_INTERLEUKIN_1_SIGNALING",17,0.352309953279989,1.26703041262819,0.192307692307692,0.991600569056574,0.965611464007787,1499,"tags=76%, list=45%, signal=42%","NLRC5/CHUK/USP14/PELI1/BTRC/PSMC2/MAP3K3/UBA52/MAP2K4/PSMD2/PSMD13/PSMD1/MAP3K7"
"REACTOME_TRANSCRIPTIONAL_REGULATION_BY_NPAS4","REACTOME_TRANSCRIPTIONAL_REGULATION_BY_NPAS4",13,0.382389462276064,1.26340168068437,0.193423597678917,0.991600569056574,0.965611464007787,1219,"tags=69%, list=37%, signal=44%","FOS/AGO2/NAMPT/ARNT/MDM2/MAPK1/CREBBP/BMAL1/TNRC6C"
"REACTOME_FCGAMMA_RECEPTOR_FCGR_DEPENDENT_PHAGOCYTOSIS","REACTOME_FCGAMMA_RECEPTOR_FCGR_DEPENDENT_PHAGOCYTOSIS",16,0.357061379272131,1.2631884011445,0.194706994328922,0.991600569056574,0.965611464007787,1504,"tags=75%, list=45%, signal=41%","BAIAP2/MYO9B/PLCG1/AHCYL1/VAV2/NF2/ITPR1/MAPK1/CYFIP1/FYN/PTK2/WIPF2"
"REACTOME_SARS_COV_2_ACTIVATES_MODULATES_INNATE_AND_ADAPTIVE_IMMUNE_RESPONSES","REACTOME_SARS_COV_2_ACTIVATES_MODULATES_INNATE_AND_ADAPTIVE_IMMUNE_RESPONSES",25,0.311303292029621,1.2629068260274,0.200389105058366,0.997409523809524,0.971268170426065,1531,"tags=80%, list=46%, signal=43%","RIGI/STAT1/CHUK/STAT2/G3BP1/SEC24C/NUP214/TYK2/NUP205/UBA52/PTPN11/CREBBP/NUP58/NUP54/B2M/TRAF3/MAP3K7/NUP153/IFNAR2/SEC24B"
"REACTOME_CA2_PATHWAY","REACTOME_CA2_PATHWAY",14,0.365600149170172,1.23866927110894,0.201149425287356,0.997409523809524,0.971268170426065,400,"tags=21%, list=12%, signal=19%","TCF7/CAMK2A/AGO2"
"REACTOME_UB_SPECIFIC_PROCESSING_PROTEASES","REACTOME_UB_SPECIFIC_PROCESSING_PROTEASES",35,0.271904027991863,1.2272957955483,0.201904761904762,0.997409523809524,0.971268170426065,1717,"tags=80%, list=52%, signal=39%","RIGI/CFTR/POLB/RIPK1/USP14/SIAH2/USP42/USP20/SUDS3/KAT2A/PSMC2/USP16/MDM2/WDR20/PTRH2/UBA52/USP12/PSMD2/PSMD13/USP9X/ARRB1/PSMD1/MAP3K7/SMURF2/USP15/USP48/PSMD11/USP11"
"REACTOME_MITOPHAGY","REACTOME_MITOPHAGY",11,-0.394572769836896,-1.24790874013766,0.210204081632653,1,0.973790752184104,1481,"tags=82%, list=45%, signal=45%","UBE2D3/MFN1/VDAC3/VDAC2/TOMM20/TOMM6/TOMM5/UBB/FUNDC1"
"REACTOME_TBC_RABGAPS","REACTOME_TBC_RABGAPS",10,0.41133080999394,1.23888891746643,0.216599190283401,1,0.973790752184104,413,"tags=30%, list=12%, signal=26%","TBC1D16/TBC1D10A/TBC1D10B"
"REACTOME_KEAP1_NFE2L2_PATHWAY","REACTOME_KEAP1_NFE2L2_PATHWAY",20,0.325082113464644,1.23634479316283,0.227626459143969,1,0.973790752184104,1427,"tags=75%, list=43%, signal=43%","BRCA1/SESN2/ABCF2/BTRC/VCP/PRKCI/PSMC2/UBA52/BCL2L1/CREBBP/NPLOC4/EIF2AK3/PSMD2/PSMD13/PSMD1"
"REACTOME_SIGNALING_BY_FGFR1_IN_DISEASE","REACTOME_SIGNALING_BY_FGFR1_IN_DISEASE",11,0.395112764238909,1.23335993015832,0.205078125,1,0.973790752184104,1401,"tags=82%, list=42%, signal=47%","STAT1/PLCG1/GAB2/STAT3/HRAS/STAT5B/ZMYM2/CUX1/LRRFIP1"
"REACTOME_DEGRADATION_OF_CRY_AND_PER_PROTEINS","REACTOME_DEGRADATION_OF_CRY_AND_PER_PROTEINS",14,0.363054316332263,1.23004387827785,0.21264367816092,1,0.973790752184104,174,"tags=21%, list=5%, signal=20%","PER1/PER2/CRY1"
"REACTOME_AMINO_ACIDS_REGULATE_MTORC1","REACTOME_AMINO_ACIDS_REGULATE_MTORC1",16,-0.341409546224351,-1.21457287109195,0.243128964059197,1,0.973790752184104,1053,"tags=50%, list=32%, signal=34%","RRAGB/ATP6V0D1/ATP6V0E2/RRAGA/ATP6V1G1/LAMTOR5/LAMTOR1/ATP6V1G2"
"REACTOME_PROTEIN_FOLDING","REACTOME_PROTEIN_FOLDING",15,0.352144255626657,1.21185996089243,0.238834951456311,1,0.973790752184104,1766,"tags=93%, list=53%, signal=44%","CCT6B/CCT6A/RGS6/STAT3/GNA11/GNG4/HDAC3/GNG2/GNB1/GNG7/ARFGEF2/PFDN5/USP11/GNAQ"
"REACTOME_SEMAPHORIN_INTERACTIONS","REACTOME_SEMAPHORIN_INTERACTIONS",14,-0.358195881367477,-1.21176275576542,0.225,1,0.973790752184104,742,"tags=57%, list=22%, signal=45%","CFL1/SEMA6A/PLXNC1/NRP1/SEMA5A/CDK5R1/SEMA3A/MYH11"
"REACTOME_HEME_SIGNALING","REACTOME_HEME_SIGNALING",13,0.366638241486921,1.21136018691678,0.239845261121857,1,0.973790752184104,1448,"tags=77%, list=44%, signal=44%","PPARA/SIRT1/RAI1/CRTC2/MEF2D/CRTC3/CREBBP/BMAL1/NCOR1/HDAC3"
"REACTOME_NEUREXINS_AND_NEUROLIGINS","REACTOME_NEUREXINS_AND_NEUROLIGINS",21,0.313844864433071,1.20375052819112,0.24124513618677,1,0.973790752184104,2099,"tags=95%, list=63%, signal=35%","SYT2/HOMER1/DLG4/DLGAP3/DLGAP4/SIPA1L1/SYT12/STX1A/SHANK2/GRIN1/SHANK1/DLG2/NRXN3/LRRTM3/SYT1/NRXN1/LRRTM4/NLGN1/GRM5/LRRTM2"
"REACTOME_DDX58_IFIH1_MEDIATED_INDUCTION_OF_INTERFERON_ALPHA_BETA","REACTOME_DDX58_IFIH1_MEDIATED_INDUCTION_OF_INTERFERON_ALPHA_BETA",15,0.349197534786638,1.20171919345157,0.248543689320388,1,0.973790752184104,1176,"tags=53%, list=35%, signal=35%","NLRC5/RIGI/CHUK/RIPK1/RNF216/UBA52/OTUD5/CREBBP"
"REACTOME_SIGNALING_BY_VEGF","REACTOME_SIGNALING_BY_VEGF",22,0.308608996847757,1.19495171497426,0.25,1,0.973790752184104,1088,"tags=50%, list=33%, signal=34%","CTNNA1/HSPB1/MAPKAPK2/BAIAP2/PLCG1/AHCYL1/VAV2/HRAS/ITPR1/MAPK14/MLST8"
"REACTOME_OVARIAN_TUMOR_DOMAIN_PROTEASES","REACTOME_OVARIAN_TUMOR_DOMAIN_PROTEASES",10,0.395857853019612,1.19228585625589,0.265182186234818,1,0.973790752184104,1122,"tags=60%, list=34%, signal=40%","TNIP1/RIGI/RIPK1/VCP/UBA52/OTUD5"
"REACTOME_BACTERIAL_INFECTION_PATHWAYS","REACTOME_BACTERIAL_INFECTION_PATHWAYS",23,0.301691271085964,1.19048733184711,0.262955854126679,1,0.973790752184104,591,"tags=30%, list=18%, signal=25%","RNF213/COL4A1/COL4A2/SYT2/MAP2K3/ANTXR1/MAP2K7"
"REACTOME_SENSORY_PROCESSING_OF_SOUND","REACTOME_SENSORY_PROCESSING_OF_SOUND",17,0.329265778543774,1.1841554613165,0.259615384615385,1,0.973790752184104,222,"tags=18%, list=7%, signal=17%","CDH23/TRIOBP/SYN1"
"REACTOME_TRAFFICKING_OF_AMPA_RECEPTORS","REACTOME_TRAFFICKING_OF_AMPA_RECEPTORS",13,0.356624319419238,1.17827453153483,0.266924564796905,1,0.973790752184104,2140,"tags=100%, list=64%, signal=36%","CAMK2A/DLG4/PRKCG/CACNG4/MDM2/DLG1/AP2A2/CAMK2G/GRIA2/GRIP2/GRIP1/GRIA4/AP2M1"
"REACTOME_DENGUE_VIRUS_HOST_INTERACTIONS","REACTOME_DENGUE_VIRUS_HOST_INTERACTIONS",57,0.23298431284033,1.17282984806805,0.223282442748092,1,0.973790752184104,1335,"tags=56%, list=40%, signal=34%","CAMK2A/CPSF4/SRRT/DHX38/PPIL6/RTF1/UBR4/STAT2/LEO1/PRPF6/SNRPA1/SNRNP200/RIPK1/CSTF2/CPSF1/POLR2B/UBE2I/SF3A3/SNRNP40/GTF2F1/COG1/SYMPK/GPC1/HNRNPL/ELAVL1/MLST8/EFTUD2/HNRNPM/DDX42/U2AF1/PRPF8/SNRPF"
"REACTOME_HIV_TRANSCRIPTION_ELONGATION","REACTOME_HIV_TRANSCRIPTION_ELONGATION",10,-0.374927228440166,-1.16140170258643,0.295275590551181,1,0.973790752184104,1175,"tags=70%, list=35%, signal=45%","ELOC/CCNH/NCBP2/GTF2H2/POLR2L/POLR2K/GTF2H3"
"REACTOME_CELL_CYCLE_MITOTIC","REACTOME_CELL_CYCLE_MITOTIC",83,0.207626984790877,1.16094847216182,0.228464419475655,1,0.973790752184104,1567,"tags=69%, list=47%, signal=37%","FBXL18/LMNA/CDK11A/CEP135/ANAPC2/ANKLE2/LIG1/DBF4/CDK11B/FZR1/ODF2/CDK7/RANGAP1/POLE/LIN54/TUBGCP3/UBE2I/BTRC/CLIP1/HAUS6/PPP2R1B/PSMC2/NUP214/TUBGCP5/EML4/TFDP1/LEMD3/NUP205/PPME1/PDS5A/UBA52/MAPK1/USO1/CEP164/LCMT1/NUP58/SMC1A/SFI1/MAX/NUP54/TUBGCP2/PSMD2/PSMD13/MZT2B/ALMS1/PPP2R2D/PSMD1/GOLGA2/CEP57/TNPO1/NUP153/WAPL/RPS27/IST1/STAG1/PPP2R5C/AHCTF1"
"REACTOME_SUMOYLATION_OF_TRANSCRIPTION_COFACTORS","REACTOME_SUMOYLATION_OF_TRANSCRIPTION_COFACTORS",10,0.380459854068351,1.14590856141586,0.307692307692308,1,0.973790752184104,1186,"tags=70%, list=36%, signal=45%","MBD1/SIN3A/UBE2I/PIAS3/NCOR2/CREBBP/PHC2"
"REACTOME_DECTIN_1_MEDIATED_NONCANONICAL_NF_KB_SIGNALING","REACTOME_DECTIN_1_MEDIATED_NONCANONICAL_NF_KB_SIGNALING",13,0.346194384491826,1.14381438391913,0.303675048355899,1,0.973790752184104,123,"tags=15%, list=4%, signal=15%","RELB/MAP3K14"
"REACTOME_SIGNALING_BY_CSF1_M_CSF_IN_MYELOID_CELLS","REACTOME_SIGNALING_BY_CSF1_M_CSF_IN_MYELOID_CELLS",10,0.379737073093472,1.14373161449679,0.311740890688259,1,0.973790752184104,1160,"tags=70%, list=35%, signal=46%","STAT1/THOC5/IL34/GAB2/STAT3/UBA52/PTPN11"
"REACTOME_METABOLISM_OF_CARBOHYDRATES_AND_CARBOHYDRATE_DERIVATIVES","REACTOME_METABOLISM_OF_CARBOHYDRATES_AND_CARBOHYDRATE_DERIVATIVES",55,-0.221225005835824,-1.14372377550658,0.256619144602851,1,0.973790752184104,224,"tags=15%, list=7%, signal=14%","HPSE2/EXTL2/VCAN/GALT/B3GALT2/AAAS/DCN/NDST4"
"REACTOME_SIGNALING_BY_SCF_KIT","REACTOME_SIGNALING_BY_SCF_KIT",14,0.337068291537478,1.14200209146613,0.302681992337165,1,0.973790752184104,975,"tags=57%, list=29%, signal=41%","STAT1/SH2B3/SH2B2/GAB2/PTPRU/STAT3/HRAS/STAT5B"
"REACTOME_ADIPOGENESIS","REACTOME_ADIPOGENESIS",19,0.307014215024384,1.13987460054784,0.322330097087379,1,0.973790752184104,1490,"tags=74%, list=45%, signal=41%","TGFB1/PPARA/MED25/MED6/GATAD2A/PPARG/MED23/NCOR2/CHD4/CREBBP/CDK19/NCOR1/HDAC3/GATAD2B"
"REACTOME_ANTIGEN_PROCESSING_UBIQUITINATION_PROTEASOME_DEGRADATION","REACTOME_ANTIGEN_PROCESSING_UBIQUITINATION_PROTEASOME_DEGRADATION",72,0.210843638434036,1.13975251329046,0.286245353159851,1,0.973790752184104,1104,"tags=42%, list=33%, signal=28%","RNF213/KLHL25/FBXL18/RNF19B/ANAPC2/HECTD3/LONRF1/TRAF7/UBR4/FBXL19/FBXO27/FBXO32/FZR1/FBXL14/SIAH2/FBXO21/UBE2G1/RNF138/CDC34/VHL/BTRC/UBE2O/LRRC41/PSMC2/RNF126/HERC4/FBXO44/ZNRF2/RNF111/UBA52"
"REACTOME_CHROMOSOME_MAINTENANCE","REACTOME_CHROMOSOME_MAINTENANCE",12,-0.349439122419527,-1.13327658443776,0.31237322515213,1,0.973790752184104,696,"tags=50%, list=21%, signal=40%","ITGB3BP/POLR2L/NOP10/CENPO/POLR2K/CENPX"
"REACTOME_DOWNREGULATION_OF_SMAD2_3_SMAD4_TRANSCRIPTIONAL_ACTIVITY","REACTOME_DOWNREGULATION_OF_SMAD2_3_SMAD4_TRANSCRIPTIONAL_ACTIVITY",12,0.353482148549608,1.13131372481441,0.306483300589391,1,0.973790752184104,1551,"tags=83%, list=47%, signal=45%","STAT1/NCOR2/RNF111/UBA52/MAPK1/TRIM33/USP9X/NCOR1/PPM1A/SMURF2"
"REACTOME_G_ALPHA_12_13_SIGNALLING_EVENTS","REACTOME_G_ALPHA_12_13_SIGNALLING_EVENTS",16,0.319772167484729,1.1312690658367,0.323251417769376,1,0.973790752184104,1790,"tags=88%, list=54%, signal=41%","ARHGEF40/VAV2/ARHGEF2/FGD1/ABR/GNG4/GNG2/ITSN1/GNB1/KALRN/GNG7/ROCK2/MCF2L/ARHGEF11"
"REACTOME_DEATH_RECEPTOR_SIGNALING","REACTOME_DEATH_RECEPTOR_SIGNALING",32,0.258483525919057,1.13021664490134,0.30174081237911,1,0.973790752184104,1257,"tags=53%, list=38%, signal=33%","CASP2/ARHGEF40/MAPKAPK2/SMPD3/CHUK/RIPK1/ULK1/APH1B/PSEN1/VAV2/PRKCI/SPPL2B/UBA52/ARHGEF2/FGD1/ABR/ADAM17"
"REACTOME_TRNA_PROCESSING","REACTOME_TRNA_PROCESSING",28,0.270417863445451,1.12817409098167,0.301369863013699,1,0.973790752184104,694,"tags=39%, list=21%, signal=31%","TRIT1/TRMT12/CPSF4/DUS2/TRMT6/CTU2/ELAC2/CSTF2/CPSF1/NSUN2/TRMT44"
"REACTOME_EXTRA_NUCLEAR_ESTROGEN_SIGNALING","REACTOME_EXTRA_NUCLEAR_ESTROGEN_SIGNALING",13,0.341062690495241,1.12685944279327,0.319148936170213,1,0.973790752184104,1879,"tags=92%, list=57%, signal=40%","FOS/HSPB1/HRAS/MAPK1/GNG4/PTK2/GNG2/GNB1/GNG7/FOXO3/GNAI1/XPO1"
"REACTOME_POST_TRANSLATIONAL_MODIFICATION_SYNTHESIS_OF_GPI_ANCHORED_PROTEINS","REACTOME_POST_TRANSLATIONAL_MODIFICATION_SYNTHESIS_OF_GPI_ANCHORED_PROTEINS",14,-0.332980652292237,-1.12646061506291,0.310416666666667,1,0.973790752184104,266,"tags=21%, list=8%, signal=20%","DPM2/LYPD1/PIGP"
"REACTOME_INTERACTION_BETWEEN_L1_AND_ANKYRINS","REACTOME_INTERACTION_BETWEEN_L1_AND_ANKYRINS",10,-0.362042913266848,-1.12149031593892,0.344488188976378,1,0.973790752184104,2122,"tags=100%, list=64%, signal=36%","SPTBN2/SPTBN4/SPTBN1/NRCAM/ANK3/SCN3A/ACTG1/SCN7A/SCN9A"
"REACTOME_PARASITE_INFECTION","REACTOME_PARASITE_INFECTION",11,0.358242251806702,1.11826718511404,0.314453125,1,0.973790752184104,1763,"tags=91%, list=53%, signal=43%","BAIAP2/MYO9B/VAV2/MAPK1/CYFIP1/FYN/PTK2/WIPF2/ELMO1/ABI1"
"REACTOME_LYSOSOME_VESICLE_BIOGENESIS","REACTOME_LYSOSOME_VESICLE_BIOGENESIS",10,-0.360225670057484,-1.11586109192618,0.350393700787402,1,0.973790752184104,11,"tags=100%, list=0%, signal=100%","CLTA/DNM2/ARRB1/DNAJC6/CLVS2/VAMP2/AP1S2/HSPA8/AP4B1"
"REACTOME_RNA_POLYMERASE_II_TRANSCRIPTION_TERMINATION","REACTOME_RNA_POLYMERASE_II_TRANSCRIPTION_TERMINATION",18,0.306070332602733,1.11541016425647,0.336575875486381,1,0.973790752184104,644,"tags=33%, list=19%, signal=27%","THOC3/CPSF4/DHX38/THOC5/CSTF2/CPSF1"
"REACTOME_RAC1_GTPASE_CYCLE","REACTOME_RAC1_GTPASE_CYCLE",32,0.254978677242017,1.11489172893787,0.323017408123791,1,0.973790752184104,1305,"tags=56%, list=39%, signal=34%","ARAP3/DOCK2/DOCK5/GIT1/BAIAP2/IQGAP1/ARHGAP17/MYO9B/VAV2/ARHGAP33/LEMD3/GARRE1/ARHGAP39/CYFIP1/SRGAP3/ABR/ARHGAP44/DOCK11"
"REACTOME_SUMOYLATION","REACTOME_SUMOYLATION",34,0.248841359599135,1.11366724613007,0.323017408123791,1,0.973790752184104,1318,"tags=62%, list=40%, signal=38%","BLM/PPARA/BRCA1/RANGAP1/MBD1/SIN3A/UBE2I/VHL/PIAS3/PPARG/NUP214/HDAC4/MDM2/NCOR2/NUP205/CREBBP/PHC2/NUP58/SMC1A/SENP5/NUP54"
"REACTOME_SIGNALING_BY_RECEPTOR_TYROSINE_KINASES","REACTOME_SIGNALING_BY_RECEPTOR_TYROSINE_KINASES",125,0.182785834603174,1.11317294157143,0.244741873804971,1,0.973790752184104,863,"tags=30%, list=26%, signal=23%","FOSB/EGR3/EGR1/CTNNA1/FOS/GFAP/COL4A1/JUNB/SPP1/HSPB1/COL4A2/NRG4/STAT1/MAPKAPK2/PCSK6/ATP6V0A2/TGFBR3/RPS6KA5/BAIAP2/SH2B3/DLG4/RALB/SH2B2/PLCG1/GAB2/POLR2B/SIN3A/JUND/FURIN/PTPRU/STAT3/AHCYL1/APH1B/RANBP10/PSEN1/PPP2R1B/VAV2/PTPN1"
"REACTOME_ANTIMICROBIAL_MECHANISM_OF_IFN_STIMULATED_GENES","REACTOME_ANTIMICROBIAL_MECHANISM_OF_IFN_STIMULATED_GENES",35,0.24585381646715,1.10971270818639,0.325714285714286,1,0.973790752184104,1104,"tags=49%, list=33%, signal=33%","HSPA1A/PIM1/RIGI/STAT1/DUS2/FANCA/CHUK/PLCG1/UBE2I/FURIN/STAT3/ARIH1/PPP2R1B/NUP214/NUP205/EIF4E3/UBA52"
"REACTOME_NRAGE_SIGNALS_DEATH_THROUGH_JNK","REACTOME_NRAGE_SIGNALS_DEATH_THROUGH_JNK",10,0.364870533027872,1.09895502280746,0.354251012145749,1,0.973790752184104,1790,"tags=90%, list=54%, signal=42%","ARHGEF40/VAV2/ARHGEF2/FGD1/ABR/ITSN1/KALRN/MCF2L/ARHGEF11"
"REACTOME_TRANSCRIPTIONAL_REGULATION_OF_WHITE_ADIPOCYTE_DIFFERENTIATION","REACTOME_TRANSCRIPTIONAL_REGULATION_OF_WHITE_ADIPOCYTE_DIFFERENTIATION",15,0.316942084316564,1.09071613626504,0.349514563106796,1,0.973790752184104,1448,"tags=73%, list=44%, signal=42%","TGFB1/PPARA/MED25/MED6/PPARG/MED23/NCOR2/CREBBP/CDK19/NCOR1/HDAC3"
"REACTOME_NPAS4_REGULATES_EXPRESSION_OF_TARGET_GENES","REACTOME_NPAS4_REGULATES_EXPRESSION_OF_TARGET_GENES",10,0.361155200245508,1.08776479708904,0.362348178137652,1,0.973790752184104,1206,"tags=70%, list=36%, signal=45%","FOS/NAMPT/ARNT/MDM2/MAPK1/CREBBP/BMAL1"
"REACTOME_LATE_ENDOSOMAL_MICROAUTOPHAGY","REACTOME_LATE_ENDOSOMAL_MICROAUTOPHAGY",10,0.360311862372669,1.08522474436517,0.362348178137652,1,0.973790752184104,466,"tags=40%, list=14%, signal=34%","CFTR/ARL13B/VPS37C/RNASE1"
"REACTOME_DENGUE_VIRUS_INFECTION","REACTOME_DENGUE_VIRUS_INFECTION",88,0.189618151729005,1.07832602399096,0.325233644859813,1,0.973790752184104,1104,"tags=42%, list=33%, signal=29%","HSPA1A/CAMK2A/RRBP1/SUN2/CPSF4/SRRT/DHX38/PPIL6/RTF1/UBR4/STAT2/LEO1/TYRO3/P4HA3/PRPF6/SNRPA1/SNRNP200/RIPK1/CSTF2/CPSF1/PABPC1/POLR2B/UBE2I/FURIN/SF3A3/VCP/SNRNP40/MAPRE3/GTF2F1/COG1/SYMPK/GPC1/HNRNPL/ELAVL1/EIF4E3/MLST8/UBA52"
"REACTOME_RNA_POLYMERASE_II_TRANSCRIPTION","REACTOME_RNA_POLYMERASE_II_TRANSCRIPTION",247,0.155795358185929,1.07240374988942,0.308550185873606,1,0.973790752184104,947,"tags=34%, list=29%, signal=26%","NFATC2/TCF7/FANCI/ZIM2/TGFB1/FOS/CASP2/JUNB/ELF1/THOC3/CAMK2A/SPP1/BLM/ZNF324/ZNF551/KRBA1/ANAPC2/CPSF4/ZNF621/ATAD2/SRRT/DHX38/STAT1/TFAP2E/TIGAR/ZNF595/PPARA/MED25/THOC5/FOXO1/MLLT1/RTF1/ZKSCAN8/MAMLD1/PIDD1/SIRT1/AGO2/PPP1R13B/BRCA1/FBXO32/LEO1/FZR1/KMT2D/DDIT3/ZNF14/TAF4B/SNAPC4/MED6/SESN2/CSTF2/CDK7/CPSF1/ZNF586/EAF1/ZNF506/NAMPT/PCGF6/ZNF461/ESRRA/RABGGTB/POLR2B/SIN3A/UBE2I/FURIN/ZNF791/GATAD2A/NOP2/TAF1/KAT2A/ZNF490/DLL1/PPP2R1B/PTPN1/PPARG/ZNF432/TAF6/PSMC2/ARNT/PRKAG2/ELL2/GTF2F1/ZNF567/HDAC4"
"REACTOME_RAB_GEFS_EXCHANGE_GTP_FOR_GDP_ON_RABS","REACTOME_RAB_GEFS_EXCHANGE_GTP_FOR_GDP_ON_RABS",22,0.276254981866881,1.06967511551474,0.374031007751938,1,0.973790752184104,950,"tags=45%, list=29%, signal=33%","RIN1/RIN3/ANKRD27/DENND2A/GAPVD1/TRAPPC10/RAB39A/ULK1/RIN2/RAB12"
"REACTOME_REGULATION_OF_INSULIN_SECRETION","REACTOME_REGULATION_OF_INSULIN_SECRETION",19,0.287851274232584,1.0687269193936,0.401941747572816,1,0.973790752184104,1861,"tags=89%, list=56%, signal=40%","IQGAP1/AHCYL1/ITPR1/KCNB1/GNA11/GNG4/RAP1A/STX1A/PRKAR2A/GNG2/CACNA1E/GNB1/GNG7/CACNB2/GNAQ/KCNC2/GNAI1"
"REACTOME_RHO_GTPASE_CYCLE","REACTOME_RHO_GTPASE_CYCLE",92,0.184507757460196,1.06431511728195,0.360225140712946,1,0.973790752184104,1067,"tags=39%, list=32%, signal=27%","ARAP3/ARHGAP8/ARHGEF40/RHPN1/FILIP1/DOCK2/ANKLE2/DOCK5/CFTR/ARL13B/GIT1/DBN1/BAIAP2/DNMBP/PEAK1/IQGAP1/ARHGAP17/EFHD2/CCT6A/MYO9B/SPEN/SH3PXD2A/ARFGAP3/BLTP3B/VCP/VAV2/SLK/TPM4/ARHGAP33/LEMD3/STX5/GARRE1/ZNF512B/ARHGAP39/ANKFY1/DIAPH1"
"REACTOME_FOXO_MEDIATED_TRANSCRIPTION","REACTOME_FOXO_MEDIATED_TRANSCRIPTION",14,-0.314310620625532,-1.06330062300408,0.36875,1,0.973790752184104,2,"tags=21%, list=0%, signal=22%","CITED2/BTG1/NPY"
"REACTOME_CDC42_GTPASE_CYCLE","REACTOME_CDC42_GTPASE_CYCLE",31,0.246363910334634,1.0618010921657,0.399610136452242,1,0.973790752184104,1305,"tags=55%, list=39%, signal=34%","ARAP3/GIT1/BAIAP2/DNMBP/IQGAP1/ARHGAP17/MYO9B/SH3PXD2A/ARFGAP3/VAV2/ARHGAP33/ARHGAP39/FGD1/SRGAP3/ABR/ARHGAP44/DOCK11"
"REACTOME_SYNTHESIS_OF_SUBSTRATES_IN_N_GLYCAN_BIOSYTHESIS","REACTOME_SYNTHESIS_OF_SUBSTRATES_IN_N_GLYCAN_BIOSYTHESIS",17,-0.289155502070655,-1.06068696163071,0.406639004149378,1,0.973790752184104,2169,"tags=94%, list=65%, signal=33%","PMM2/ST3GAL5/SLC17A5/HK1/MVD/ST8SIA5/ST6GALNAC5/ST6GAL2/NPL/SLC35A1/CMAS/NUS1/NAGK/DPM3/ST8SIA6/DPM2"
"REACTOME_EUKARYOTIC_TRANSLATION_ELONGATION","REACTOME_EUKARYOTIC_TRANSLATION_ELONGATION",15,-0.30200248624795,-1.05758773375936,0.396303901437372,1,0.973790752184104,1373,"tags=67%, list=41%, signal=39%","RPL29/EEF1G/RPS28/RPS10/RPL7/RPL7A/RPL15/RPL6/RPS27L/RPS3A"
"REACTOME_IRON_UPTAKE_AND_TRANSPORT","REACTOME_IRON_UPTAKE_AND_TRANSPORT",12,-0.325518632944179,-1.05569932170026,0.403651115618661,1,0.973790752184104,1326,"tags=67%, list=40%, signal=40%","ATP6V0B/ATP6AP1/NEDD8/ATP6V0D1/ATP6V0E2/UBB/ATP6V1G1/ATP6V1G2"
"REACTOME_UNFOLDED_PROTEIN_RESPONSE_UPR","REACTOME_UNFOLDED_PROTEIN_RESPONSE_UPR",21,-0.270710411645222,-1.05403551552953,0.401639344262295,1,0.973790752184104,536,"tags=29%, list=16%, signal=24%","HSPA5/DNAJB9/EXTL2/EXTL1/PREB/FKBP14"
"REACTOME_SIGNALING_BY_TGF_BETA_RECEPTOR_COMPLEX","REACTOME_SIGNALING_BY_TGF_BETA_RECEPTOR_COMPLEX",27,0.25568949670571,1.05364659023755,0.384158415841584,1,0.973790752184104,1461,"tags=63%, list=44%, signal=36%","TGFB1/JUNB/STAT1/TGFBR3/PPP1R15A/FURIN/LTBP3/TFDP1/NCOR2/RNF111/UBA52/MAPK1/TRIM33/USP9X/NCOR1/LTBP4/PPM1A"
"REACTOME_CELL_CYCLE","REACTOME_CELL_CYCLE",104,0.177625324531729,1.05348914240549,0.358208955223881,1,0.973790752184104,1567,"tags=66%, list=47%, signal=36%","SYCE2/FBXL18/BLM/LMNA/CDK11A/CEP135/SUN2/ANAPC2/ANKLE2/LIG1/DBF4/BRCA1/CDK11B/FZR1/ODF2/CDK7/RANGAP1/POLE/LIN54/TUBGCP3/POLR2B/UBE2I/BTRC/CLIP1/HAUS6/PPP2R1B/PSMC2/NUP214/TUBGCP5/EML4/TFDP1/LEMD3/MDM2/MAPK14/NUP205/PPME1/PDS5A/UBA52/UIMC1/MAPK1/PPP6C/USO1/CEP164/LCMT1/NUP58/SMC1A/SFI1/MAX/NUP54/TUBGCP2/PSMD2/PSMD13/MZT2B/ALMS1/RAD9A/PPP2R2D/PSMD1/GOLGA2/NSD2/CEP57/TNPO1/NUP153/TERF2IP/WAPL/RPS27/IST1/STAG1/PPP2R5C/AHCTF1"
"REACTOME_RHOA_GTPASE_CYCLE","REACTOME_RHOA_GTPASE_CYCLE",33,0.238981802168943,1.05219316524224,0.393346379647749,1,0.973790752184104,220,"tags=15%, list=7%, signal=14%","ARAP3/ARHGAP8/ARHGEF40/RHPN1/DOCK2"
"REACTOME_SIGNALING_BY_THE_B_CELL_RECEPTOR_BCR","REACTOME_SIGNALING_BY_THE_B_CELL_RECEPTOR_BCR",22,0.27060401375576,1.04779424326337,0.401162790697674,1,0.973790752184104,1499,"tags=64%, list=45%, signal=35%","NFATC2/CHUK/ORAI2/BTRC/AHCYL1/PSMC2/HRAS/ITPR1/UBA52/PSMD2/PSMD13/FYN/PSMD1/MAP3K7"
"REACTOME_ION_TRANSPORT_BY_P_TYPE_ATPASES","REACTOME_ION_TRANSPORT_BY_P_TYPE_ATPASES",14,0.308487965920657,1.0451707001765,0.398467432950192,1,0.973790752184104,381,"tags=21%, list=11%, signal=19%","ATP2C2/CAMK2A/ATP8B2"
"REACTOME_NON_INTEGRIN_MEMBRANE_ECM_INTERACTIONS","REACTOME_NON_INTEGRIN_MEMBRANE_ECM_INTERACTIONS",15,0.302986362988987,1.04268928467785,0.411650485436893,1,0.973790752184104,182,"tags=20%, list=5%, signal=19%","TGFB1/COL4A1/COL4A2"
"REACTOME_ECM_PROTEOGLYCANS","REACTOME_ECM_PROTEOGLYCANS",11,-0.329184673389794,-1.04110689445776,0.418367346938776,1,0.973790752184104,319,"tags=55%, list=10%, signal=49%","ITGA7/LAMA2/COL5A2/VCAN/HAPLN1/DCN"
"REACTOME_SIGNALING_BY_TGFB_FAMILY_MEMBERS","REACTOME_SIGNALING_BY_TGFB_FAMILY_MEMBERS",39,0.223520439892527,1.04048101231633,0.403508771929825,1,0.973790752184104,1461,"tags=59%, list=44%, signal=33%","TGFB1/JUNB/STAT1/TGFBR3/AGO2/PPP1R15A/FURIN/APH1B/PSEN1/LTBP3/TFDP1/NCOR2/RNF111/UBA52/MAPK1/TNRC6C/TRIM33/GIPC1/USP9X/ARRB1/NCOR1/LTBP4/PPM1A"
"REACTOME_REGULATION_OF_HSF1_MEDIATED_HEAT_SHOCK_RESPONSE","REACTOME_REGULATION_OF_HSF1_MEDIATED_HEAT_SHOCK_RESPONSE",22,0.268582069712014,1.03996516009556,0.408914728682171,1,0.973790752184104,370,"tags=23%, list=11%, signal=20%","HSPA1A/HSPB1/DNAJB1/MAPKAPK2/SIRT1"
"REACTOME_SIGNALING_BY_NOTCH1_PEST_DOMAIN_MUTANTS_IN_CANCER","REACTOME_SIGNALING_BY_NOTCH1_PEST_DOMAIN_MUTANTS_IN_CANCER",19,0.278569780579234,1.03426682486749,0.43495145631068,1,0.973790752184104,1533,"tags=74%, list=46%, signal=40%","MAMLD1/KAT2A/APH1B/PSEN1/DLL1/HDAC4/NCOR2/UBA52/CREBBP/ADAM17/NEURL1/NCOR1/HDAC3/ADAM10"
"REACTOME_HOMOLOGY_DIRECTED_REPAIR","REACTOME_HOMOLOGY_DIRECTED_REPAIR",16,0.292237949080802,1.03386030829109,0.427221172022684,1,0.973790752184104,160,"tags=19%, list=5%, signal=18%","ERCC1/POLQ/BLM"
"REACTOME_INFECTIOUS_DISEASE","REACTOME_INFECTIOUS_DISEASE",244,0.149722303815165,1.02845683020559,0.394881170018282,1,0.973790752184104,1532,"tags=56%, list=46%, signal=33%","HSPA1A/IL6R/RCAN3/RNF213/TGFB1/COL4A1/CAMK2A/RRBP1/VPS11/RIGI/COL4A2/SUN2/SYT2/DOCK2/CPSF4/SRRT/DHX38/STAT1/PPIL6/MED25/MAP2K3/LIG1/RTF1/CHMP1A/UBR4/BAIAP2/VPS37C/ANTXR1/CHUK/STAT2/LEO1/TYRO3/P4HA3/GRSF1/G3BP1/PRPF6/SNRPA1/TAF4B/SNRNP200/MYO9B/MAP2K7/RIPK1/MED6/PLCG1/CSTF2/CDK7/RANGAP1/CPSF1/PABPC1/SEC24C/POLR2B/UBE2I/FURIN/SF3A3/VHL/SUDS3/ARIH1/GATAD2A/TAF1/BTRC/AHCYL1/VCP/VAV2/SNRNP40/TAF6/PSMC2/MAPRE3/NUP214/VPS37B/GTF2F1/RPS11/COG1/SYMPK/TYK2/MED23/GPC1/ITPR1/TAF4/HNRNPL/MAPK14/NCOR2/NUP205/ELAVL1/EIF4E3/MLST8/CHD4/UBA52/MAPK1/BCL2L1/PTPN11/CREBBP/FNTB/RPL37/CLTA/ZDHHC9/CYFIP1/EFTUD2/CUL5/NPLOC4/ADAM17/CDK19/HNRNPM/NUP58/MAP2K4/SFPQ/DDX42/U2AF1/NUP54/PRPF8/SNRPF/PSMD2/B2M/PSMD13/GNG4/TRAF3/NCOR1/STX1A/FYN/AP2A2/PTK2/PSMD1/IFNGR2/PRKAR2A/HDAC3/CAMK2G/SRSF11/ATP1A3/GNG2/GATAD2B/MAP3K7/WIPF2/NUP153/IFNAR2/SCAP/ATP1B3/SEC24B/RPS27"
"REACTOME_HDACS_DEACETYLATE_HISTONES","REACTOME_HDACS_DEACETYLATE_HISTONES",11,0.329201934703748,1.02761670070646,0.423828125,1,0.973790752184104,2230,"tags=100%, list=67%, signal=33%","SUDS3/GATAD2A/NCOR2/CHD4/NCOR1/HDAC3/GATAD2B/ARID4B/TBL1XR1/HDAC2/SAP18"
"REACTOME_TRANSCRIPTIONAL_REGULATION_BY_RUNX3","REACTOME_TRANSCRIPTIONAL_REGULATION_BY_RUNX3",22,0.265102543170733,1.02649223399725,0.422480620155039,1,0.973790752184104,154,"tags=14%, list=5%, signal=13%","TCF7/TGFB1/SPP1"
"REACTOME_G_ALPHA_I_SIGNALLING_EVENTS","REACTOME_G_ALPHA_I_SIGNALLING_EVENTS",30,-0.232826871535309,-1.02544033734119,0.432377049180328,1,0.973790752184104,514,"tags=17%, list=15%, signal=14%","RGS5/C5/CORT/CNR1/NPY"
"REACTOME_REGULATION_OF_EXPRESSION_OF_SLITS_AND_ROBOS","REACTOME_REGULATION_OF_EXPRESSION_OF_SLITS_AND_ROBOS",26,-0.244167403384892,-1.02364295558601,0.428861788617886,1,0.973790752184104,1175,"tags=58%, list=35%, signal=38%","RPL29/ROBO1/ELOC/RPS28/PSMC5/RPS10/RPL7/RPL7A/NCBP2/RPL15/SEM1/RPL6/RPS27L/UBB/RPS3A"
"REACTOME_METABOLISM_OF_WATER_SOLUBLE_VITAMINS_AND_COFACTORS","REACTOME_METABOLISM_OF_WATER_SOLUBLE_VITAMINS_AND_COFACTORS",17,-0.279000796635061,-1.02343723413943,0.443983402489627,1,0.973790752184104,897,"tags=41%, list=27%, signal=30%","MMADHC/GSTO2/NAPRT/AASDHPPT/NMNAT3/FLAD1/DHFR2"
"REACTOME_MATURATION_OF_DENV_PROTEINS","REACTOME_MATURATION_OF_DENV_PROTEINS",12,-0.315552675290343,-1.02337842307738,0.446247464503043,1,0.973790752184104,812,"tags=42%, list=24%, signal=32%","DPM3/UBB/HSPA5/SPCS1/DPM2"
"REACTOME_SIGNALING_BY_NOTCH1","REACTOME_SIGNALING_BY_NOTCH1",22,0.26259553131372,1.01678494046855,0.434108527131783,1,0.973790752184104,1583,"tags=73%, list=48%, signal=38%","MAMLD1/KAT2A/APH1B/PSEN1/DLL1/HDAC4/NCOR2/UBA52/CREBBP/ADAM17/NEURL1/ARRB1/NCOR1/HDAC3/ADAM10/ITCH"
"REACTOME_MITF_M_REGULATED_MELANOCYTE_DEVELOPMENT","REACTOME_MITF_M_REGULATED_MELANOCYTE_DEVELOPMENT",41,0.215123161129828,1.00997962578551,0.437137330754352,1,0.973790752184104,457,"tags=20%, list=14%, signal=17%","TCF7/GMPR/DPF1/LIG1/SIRT1/AGO2/QARS1/BRCA1"
"REACTOME_HIV_TRANSCRIPTION_INITIATION","REACTOME_HIV_TRANSCRIPTION_INITIATION",15,-0.287563684009361,-1.00702424228806,0.435318275154004,1,0.973790752184104,709,"tags=40%, list=21%, signal=32%","GTF2H2/POLR2L/TAF13/POLR2K/TAF12/GTF2H3"
"REACTOME_ACTIVATED_NOTCH1_TRANSMITS_SIGNAL_TO_THE_NUCLEUS","REACTOME_ACTIVATED_NOTCH1_TRANSMITS_SIGNAL_TO_THE_NUCLEUS",11,0.322425864379511,1.00646493245634,0.447265625,1,0.973790752184104,1583,"tags=82%, list=48%, signal=43%","APH1B/PSEN1/DLL1/UBA52/ADAM17/NEURL1/ARRB1/ADAM10/ITCH"
"REACTOME_MITOTIC_G2_G2_M_PHASES","REACTOME_MITOTIC_G2_G2_M_PHASES",40,0.214413687129486,1.00577313343437,0.440384615384615,1,0.973790752184104,1427,"tags=62%, list=43%, signal=36%","FBXL18/CDK11A/CEP135/CDK11B/FZR1/ODF2/CDK7/LIN54/TUBGCP3/BTRC/HAUS6/PPP2R1B/PSMC2/TUBGCP5/PPME1/UBA52/CEP164/LCMT1/SFI1/TUBGCP2/PSMD2/PSMD13/MZT2B/ALMS1/PSMD1"
"REACTOME_TNFR2_NON_CANONICAL_NF_KB_PATHWAY","REACTOME_TNFR2_NON_CANONICAL_NF_KB_PATHWAY",15,0.291313426604371,1.00251834903278,0.460194174757282,1,0.973790752184104,123,"tags=13%, list=4%, signal=13%","RELB/MAP3K14"
"REACTOME_INFLUENZA_VIRAL_RNA_TRANSCRIPTION_AND_REPLICATION","REACTOME_INFLUENZA_VIRAL_RNA_TRANSCRIPTION_AND_REPLICATION",27,-0.234512292646131,-1.00101042025425,0.44466800804829,1,0.973790752184104,994,"tags=41%, list=30%, signal=29%","RPS10/RPL7/RPL7A/RPL15/RPL6/IPO5/POLR2L/RPS27L/RPS3A/POLR2K/AAAS"
"REACTOME_NETRIN_1_SIGNALING","REACTOME_NETRIN_1_SIGNALING",18,0.27420499599012,0.999283520935911,0.459143968871595,1,0.973790752184104,2139,"tags=94%, list=64%, signal=34%","NTN1/SIAH2/PLCG1/PITPNA/ABLIM3/NEO1/PTPN11/FYN/DSCAML1/PTK2/ABLIM1/TRPC1/UNC5C/NTN4/ROBO1/UNC5D/DCC"
"REACTOME_CLASS_I_MHC_MEDIATED_ANTIGEN_PROCESSING_PRESENTATION","REACTOME_CLASS_I_MHC_MEDIATED_ANTIGEN_PROCESSING_PRESENTATION",83,0.178399117886428,0.997520546541042,0.466292134831461,1,0.973790752184104,1104,"tags=40%, list=33%, signal=27%","RNF213/KLHL25/FBXL18/RNF19B/STX4/ANAPC2/HECTD3/LONRF1/TRAF7/UBR4/FBXL19/FBXO27/CHUK/FBXO32/FZR1/FBXL14/SIAH2/FBXO21/UBE2G1/SEC24C/RNF138/CDC34/VHL/BTRC/UBE2O/LRRC41/PSMC2/RNF126/HERC4/FBXO44/ZNRF2/RNF111/UBA52"
"REACTOME_SIGNALING_BY_MET","REACTOME_SIGNALING_BY_MET",17,-0.271794730501884,-0.997003774158987,0.473029045643154,1,0.973790752184104,790,"tags=35%, list=24%, signal=27%","KRAS/LAMA2/UBB/COL5A2/HGFAC/HGF"
"REACTOME_RSV_HOST_INTERACTIONS","REACTOME_RSV_HOST_INTERACTIONS",18,0.27242643745598,0.992801931394595,0.461089494163424,1,0.973790752184104,1259,"tags=67%, list=38%, signal=42%","RIGI/MED25/STAT2/MED6/ARIH1/TYK2/MED23/GPC1/UBA52/CREBBP/CUL5/CDK19"
"REACTOME_MITOCHONDRIAL_PROTEIN_DEGRADATION","REACTOME_MITOCHONDRIAL_PROTEIN_DEGRADATION",23,-0.248203967835555,-0.991046641978144,0.467775467775468,1,0.973790752184104,617,"tags=30%, list=19%, signal=25%","MRPL32/SLC25A5/MRPS10/MDH2/ATP5PF/PDHA1/SMDT1"
"REACTOME_CONSTITUTIVE_SIGNALING_BY_ABERRANT_PI3K_IN_CANCER","REACTOME_CONSTITUTIVE_SIGNALING_BY_ABERRANT_PI3K_IN_CANCER",13,-0.299283728761775,-0.990025483001545,0.468041237113402,1,0.973790752184104,730,"tags=38%, list=22%, signal=30%","KIT/KITLG/NRG1/FGFR3/HGF"
"REACTOME_FORMATION_OF_PARAXIAL_MESODERM","REACTOME_FORMATION_OF_PARAXIAL_MESODERM",11,0.316921673098941,0.989283384331818,0.466796875,1,0.973790752184104,1427,"tags=73%, list=43%, signal=42%","MAMLD1/KAT2A/DLL1/PSMC2/CREBBP/PSMD2/PSMD13/PSMD1"
"REACTOME_MHC_CLASS_II_ANTIGEN_PRESENTATION","REACTOME_MHC_CLASS_II_ANTIGEN_PRESENTATION",14,0.291679273827534,0.988222117331165,0.488505747126437,1,0.973790752184104,2355,"tags=100%, list=71%, signal=29%","SEC24C/CTSH/CLTA/DNM2/SPTBN2/AP2A2/SEC24B/SEC31A/DNM1/KIF3A/AP2M1/AP1S2/SAR1B/DYNLL1"
"REACTOME_DEGRADATION_OF_THE_EXTRACELLULAR_MATRIX","REACTOME_DEGRADATION_OF_THE_EXTRACELLULAR_MATRIX",18,0.270916368097268,0.987298795245735,0.468871595330739,1,0.973790752184104,839,"tags=44%, list=25%, signal=33%","COL4A1/SPP1/COL4A2/CAPN15/FBN3/FURIN/COL12A1/PSEN1"
"REACTOME_BETA_CATENIN_INDEPENDENT_WNT_SIGNALING","REACTOME_BETA_CATENIN_INDEPENDENT_WNT_SIGNALING",28,0.236338986006217,0.98599817816724,0.465753424657534,1,0.973790752184104,1752,"tags=79%, list=53%, signal=37%","TCF7/CAMK2A/AGO2/PRKCG/PSMC2/ITPR1/UBA52/TNRC6C/CLTA/PSMD2/PSMD13/GNG4/AP2A2/PSMD1/GNG2/MAP3K7/SMURF2/GNB1/GNG7/PSMD11/TNRC6A/PPP3CA"
"REACTOME_SIGNALING_BY_CSF3_G_CSF","REACTOME_SIGNALING_BY_CSF3_G_CSF",12,0.308045909320306,0.985895798463746,0.469548133595285,1,0.973790752184104,1242,"tags=67%, list=37%, signal=42%","STAT1/GAB2/STAT3/STAT5B/TYK2/UBA52/PTPN11/CUL5"
"REACTOME_GLYCEROPHOSPHOLIPID_BIOSYNTHESIS","REACTOME_GLYCEROPHOSPHOLIPID_BIOSYNTHESIS",24,-0.240335741241473,-0.979210944558169,0.471428571428571,1,0.973790752184104,283,"tags=21%, list=9%, signal=19%","GPD1L/PLAAT1/ACP6/AGPAT1/BCHE"
"REACTOME_DOWNSTREAM_SIGNALING_EVENTS_OF_B_CELL_RECEPTOR_BCR","REACTOME_DOWNSTREAM_SIGNALING_EVENTS_OF_B_CELL_RECEPTOR_BCR",17,0.271352495165164,0.975878940449833,0.480769230769231,1,0.973790752184104,3,"tags=6%, list=0%, signal=6%","NFATC2"
"REACTOME_HCMV_INFECTION","REACTOME_HCMV_INFECTION",18,0.266476924619437,0.971120159646831,0.486381322957198,1,0.973790752184104,1721,"tags=89%, list=52%, signal=43%","CHMP1A/VPS37C/NUP214/VPS37B/NCOR2/NUP205/NUP58/NUP54/NCOR1/HDAC3/NUP153/NUP133/VPS28/RANBP2/VPS36/TBL1XR1"
"REACTOME_SPHINGOLIPID_DE_NOVO_BIOSYNTHESIS","REACTOME_SPHINGOLIPID_DE_NOVO_BIOSYNTHESIS",12,0.303288620654135,0.970670175379166,0.491159135559921,1,0.973790752184104,710,"tags=42%, list=21%, signal=33%","PRKD2/CERS1/OSBP/SPNS2/CSNK1G2"
"REACTOME_MAPK6_MAPK4_SIGNALING","REACTOME_MAPK6_MAPK4_SIGNALING",20,0.254534184238992,0.968038536515951,0.519455252918288,1,0.973790752184104,1771,"tags=80%, list=53%, signal=38%","HSPB1/DNAJB1/FOXO1/AGO2/PSMC2/UBA52/TNRC6C/PSMD2/MAPKAPK5/PSMD13/PSMD1/CDC14B/KALRN/PSMD11/TNRC6A/FOXO3"
"REACTOME_MAPK_FAMILY_SIGNALING_CASCADES","REACTOME_MAPK_FAMILY_SIGNALING_CASCADES",73,0.177911440124697,0.967798259332171,0.499072356215213,1,0.973790752184104,1552,"tags=62%, list=47%, signal=34%","IL6R/CAMK2A/HSPB1/NRG4/DNAJB1/FOXO1/AGO2/DAB2IP/IQGAP1/VCL/DLG4/RASA3/PPP2R1B/PSMC2/HRAS/RGL1/TYK2/UBA52/RAPGEF2/MAPK1/BCL2L1/IRS2/DLG1/PTPN11/RASGRF1/SYNGAP1/FNTB/TNRC6C/ZDHHC9/IL6ST/PSMD2/MAPKAPK5/PSMD13/SPTBN2/RAP1A/ARRB1/FYN/PTK2/PSMD1/CAMK2G/RALGDS/CNKSR2/GRIN1/CDC14B/PPP2R5C"
"REACTOME_TNF_SIGNALING","REACTOME_TNF_SIGNALING",13,0.291776760730079,0.964020419644546,0.491295938104449,1,0.973790752184104,1257,"tags=62%, list=38%, signal=38%","MAPKAPK2/SMPD3/CHUK/RIPK1/ULK1/SPPL2B/UBA52/ADAM17"
"REACTOME_INTERACTIONS_OF_VPR_WITH_HOST_CELLULAR_PROTEINS","REACTOME_INTERACTIONS_OF_VPR_WITH_HOST_CELLULAR_PROTEINS",10,-0.310935211341521,-0.963175401659958,0.494094488188976,1,0.973790752184104,648,"tags=30%, list=20%, signal=24%","SLC25A4/SLC25A5/AAAS"
"REACTOME_COOPERATION_OF_PDCL_PHLP1_AND_TRIC_CCT_IN_G_PROTEIN_BETA_FOLDING","REACTOME_COOPERATION_OF_PDCL_PHLP1_AND_TRIC_CCT_IN_G_PROTEIN_BETA_FOLDING",10,0.318139106999903,0.958204453200709,0.504048582995951,1,0.973790752184104,1620,"tags=80%, list=49%, signal=41%","CCT6B/CCT6A/RGS6/GNA11/GNG4/GNG2/GNB1/GNG7"
"REACTOME_HCMV_LATE_EVENTS","REACTOME_HCMV_LATE_EVENTS",13,0.28982713784772,0.957578932445574,0.504835589941973,1,0.973790752184104,1697,"tags=92%, list=51%, signal=45%","CHMP1A/VPS37C/NUP214/VPS37B/NUP205/NUP58/NUP54/NUP153/NUP133/VPS28/RANBP2/VPS36"
"REACTOME_TRANSCRIPTION_OF_THE_HIV_GENOME","REACTOME_TRANSCRIPTION_OF_THE_HIV_GENOME",17,-0.260803571339284,-0.956685747583347,0.512448132780083,1,0.973790752184104,822,"tags=47%, list=25%, signal=36%","CCNH/NCBP2/GTF2H2/POLR2L/TAF13/POLR2K/TAF12/GTF2H3"
"REACTOME_RAC2_GTPASE_CYCLE","REACTOME_RAC2_GTPASE_CYCLE",17,0.266009314521513,0.956662984974706,0.490384615384615,1,0.973790752184104,1251,"tags=65%, list=38%, signal=41%","DOCK2/ANKLE2/GIT1/IQGAP1/ARHGAP17/VAV2/LEMD3/GARRE1/ARHGAP39/CYFIP1/ABR"
"REACTOME_BIOLOGICAL_OXIDATIONS","REACTOME_BIOLOGICAL_OXIDATIONS",17,-0.259468632780974,-0.951788894806078,0.518672199170125,1,0.973790752184104,898,"tags=47%, list=27%, signal=35%","BPHL/CYP2U1/GLYATL2/GSTO2/CYP4V2/MTARC2/BPNT2/FDX2"
"REACTOME_RHOQ_GTPASE_CYCLE","REACTOME_RHOQ_GTPASE_CYCLE",13,0.287981149605737,0.951479850547337,0.518375241779497,1,0.973790752184104,545,"tags=38%, list=16%, signal=32%","CFTR/ARL13B/GIT1/IQGAP1/ARHGAP17"
"REACTOME_CYTOSOLIC_TRNA_AMINOACYLATION","REACTOME_CYTOSOLIC_TRNA_AMINOACYLATION",10,0.315062606247621,0.948938328237602,0.516194331983806,1,0.973790752184104,1367,"tags=70%, list=41%, signal=41%","QARS1/CARS1/RARS1/FARSB/IARS1/YARS1/GARS1"
"REACTOME_PROTEIN_PROTEIN_INTERACTIONS_AT_SYNAPSES","REACTOME_PROTEIN_PROTEIN_INTERACTIONS_AT_SYNAPSES",28,0.227442255728199,0.948881323288545,0.506849315068493,1,0.973790752184104,2099,"tags=93%, list=63%, signal=34%","SYT2/HOMER1/DLG4/DLGAP3/DLGAP4/SIPA1L1/SYT12/DLG1/STX1A/SHANK2/PTPRS/GRIN1/SHANK1/DLG2/NRXN3/RTN3/IL1RAPL1/LRRTM3/SYT1/PPFIA3/NRXN1/LRRTM4/NLGN1/GRM5/GRIA4/LRRTM2"
"REACTOME_MATERNAL_TO_ZYGOTIC_TRANSITION_MZT","REACTOME_MATERNAL_TO_ZYGOTIC_TRANSITION_MZT",11,0.303569676874123,0.947604606469409,0.517578125,1,0.973790752184104,1176,"tags=64%, list=35%, signal=41%","TET3/AGO2/KDM6B/PABPC1/HIRA/KDM5A/CREBBP"
"REACTOME_POTENTIAL_THERAPEUTICS_FOR_SARS","REACTOME_POTENTIAL_THERAPEUTICS_FOR_SARS",24,0.236382823725087,0.947024133235244,0.52734375,1,0.973790752184104,1544,"tags=67%, list=47%, signal=36%","IL6R/STAT2/RIPK1/FURIN/SUDS3/GATAD2A/TYK2/CHD4/FNTB/AP2A2/IFNGR2/ATP1A3/GATAD2B/IFNAR2/ATP1B3/ARID4B"
"REACTOME_G_ALPHA_Q_SIGNALLING_EVENTS","REACTOME_G_ALPHA_Q_SIGNALLING_EVENTS",33,-0.209551942368908,-0.945782919880675,0.545824847250509,1,0.973790752184104,514,"tags=21%, list=15%, signal=18%","RGS5/CHRM1/TACR1/RASGRP2/PTGFR/CCK/HTR2A"
"REACTOME_GASTRULATION","REACTOME_GASTRULATION",15,0.272053112192989,0.936236410604399,0.539805825242718,1,0.973790752184104,1427,"tags=67%, list=43%, signal=38%","TCF7/MAMLD1/KAT2A/DLL1/PSMC2/CREBBP/TRIM33/PSMD2/PSMD13/PSMD1"
"REACTOME_AUF1_HNRNP_D0_BINDS_AND_DESTABILIZES_MRNA","REACTOME_AUF1_HNRNP_D0_BINDS_AND_DESTABILIZES_MRNA",14,0.276291390401346,0.936087296295976,0.545977011494253,1,0.973790752184104,164,"tags=14%, list=5%, signal=14%","HSPA1A/HSPB1"
"REACTOME_SIGNALING_BY_FGFR","REACTOME_SIGNALING_BY_FGFR",20,-0.242219366722972,-0.931464571309193,0.543032786885246,1,0.973790752184104,822,"tags=40%, list=25%, signal=30%","NCBP2/KRAS/ANOS1/POLR2L/UBB/TIA1/POLR2K/FGFR3"
"REACTOME_CELL_DEATH_SIGNALLING_VIA_NRAGE_NRIF_AND_NADE","REACTOME_CELL_DEATH_SIGNALLING_VIA_NRAGE_NRIF_AND_NADE",17,0.257630591460608,0.92653015211455,0.534615384615385,1,0.973790752184104,1251,"tags=53%, list=38%, signal=33%","CASP2/ARHGEF40/APH1B/PSEN1/VAV2/UBA52/ARHGEF2/FGD1/ABR"
"REACTOME_INTRAFLAGELLAR_TRANSPORT","REACTOME_INTRAFLAGELLAR_TRANSPORT",11,0.296257807342383,0.924780320060021,0.560546875,1,0.973790752184104,2000,"tags=91%, list=60%, signal=36%","TRAF3IP1/IFT57/DYNC2I1/TTC21B/IFT74/CLUAP1/TNPO1/DYNC2H1/KIF3A/IFT20"
"REACTOME_SIGNALING_BY_RHO_GTPASES_MIRO_GTPASES_AND_RHOBTB3","REACTOME_SIGNALING_BY_RHO_GTPASES_MIRO_GTPASES_AND_RHOBTB3",127,0.150177167655347,0.923780941761932,0.614503816793893,1,0.973790752184104,1678,"tags=65%, list=51%, signal=34%","ARAP3/CTNNA1/ARHGAP8/ARHGEF40/RHPN1/FILIP1/DOCK2/ANKLE2/DOCK5/CFTR/ARL13B/GIT1/DBN1/BAIAP2/DNMBP/PEAK1/IQGAP1/MYH14/ARHGAP17/EFHD2/DLG4/CCT6A/MYO9B/RANGAP1/SPEN/SH3PXD2A/ARFGAP3/BLTP3B/VHL/VCP/CLIP1/PPP2R1B/VAV2/LRRC41/NF2/SLK/TPM4/ARHGAP33/LEMD3/STX5/GARRE1/ZNF512B/MAPK14/ARHGAP39/ANKFY1/DIAPH1/MAPK1/ARHGEF2/MTMR1/FGD1/CYFIP1/SRGAP3/ABR/RHOT2/ARHGAP44/TRAK1/DOCK11/FAF2/MYO19/USP9X/MACO1/SH3RF1/PTK2/FNBP1/DST/PKP4/WIPF2/RAPGEF1/RPS27/PPP2R5C/AHCTF1/MYO9A/ITSN1/KALRN/MRTFA/FAM135A/NUP133/ROCK2/OPHN1/GFOD1/MCF2L/FAM169A/RANBP2"
"REACTOME_TP53_REGULATES_TRANSCRIPTION_OF_DNA_REPAIR_GENES","REACTOME_TP53_REGULATES_TRANSCRIPTION_OF_DNA_REPAIR_GENES",12,0.288255380472977,0.922556540743983,0.569744597249509,1,0.973790752184104,752,"tags=42%, list=23%, signal=32%","FANCI/FOS/BRCA1/CDK7/POLR2B"
"REACTOME_HATS_ACETYLATE_HISTONES","REACTOME_HATS_ACETYLATE_HISTONES",15,-0.263142849402304,-0.921504498893019,0.546201232032854,1,0.973790752184104,326,"tags=20%, list=10%, signal=18%","ENY2/TAF12/ING3"
"REACTOME_HCMV_EARLY_EVENTS","REACTOME_HCMV_EARLY_EVENTS",13,-0.278281911675741,-0.920551829386846,0.571134020618557,1,0.973790752184104,2400,"tags=100%, list=72%, signal=28%","NCOR2/NUP205/NUP58/NUP54/NCOR1/HDAC3/NUP153/NUP133/RANBP2/TBL1XR1/DYNLL1/AAAS"
"REACTOME_PEPTIDE_HORMONE_METABOLISM","REACTOME_PEPTIDE_HORMONE_METABOLISM",15,-0.262758723926832,-0.920159323241884,0.548254620123203,1,0.973790752184104,361,"tags=47%, list=11%, signal=42%","CPE/PCSK2/VAMP2/ATP6AP2/SPCS1/IGF1/BCHE"
"REACTOME_EPH_EPHRIN_MEDIATED_REPULSION_OF_CELLS","REACTOME_EPH_EPHRIN_MEDIATED_REPULSION_OF_CELLS",17,-0.250757116898849,-0.919833108919108,0.545643153526971,1,0.973790752184104,2492,"tags=100%, list=75%, signal=25%","PSEN1/EPHB6/VAV2/CLTA/FYN/AP2A2/ADAM10/DNM1/EPHA6/EPHA5/AP2M1/ACTG1/EFNB2/EPHA3/EFNA3/EPHA7"
"REACTOME_TRANSCRIPTION_COUPLED_NUCLEOTIDE_EXCISION_REPAIR_TC_NER","REACTOME_TRANSCRIPTION_COUPLED_NUCLEOTIDE_EXCISION_REPAIR_TC_NER",21,-0.235262098218028,-0.916014295396885,0.579918032786885,1,0.973790752184104,709,"tags=38%, list=21%, signal=30%","GTF2H2/POLR2L/UBB/ERCC8/COPS5/POLR2K/COPS7A/GTF2H3"
"REACTOME_P75_NTR_RECEPTOR_MEDIATED_SIGNALLING","REACTOME_P75_NTR_RECEPTOR_MEDIATED_SIGNALLING",22,0.235044990644656,0.910107668719384,0.583333333333333,1,0.973790752184104,2138,"tags=91%, list=64%, signal=33%","CASP2/ARHGEF40/APH1B/PSEN1/VAV2/PRKCI/UBA52/ARHGEF2/FGD1/ABR/ADAM17/HDAC3/ITSN1/KALRN/MCF2L/ARHGEF11/RTN4/HDAC2/BEX3/MCF2"
"REACTOME_SIGNALLING_TO_ERKS","REACTOME_SIGNALLING_TO_ERKS",11,0.288917748727511,0.901868040326325,0.595703125,1,0.973790752184104,1517,"tags=73%, list=46%, signal=40%","MAPKAPK2/RALB/HRAS/MAPK14/MAPK1/RAP1A/RALGDS/RAPGEF1"
"REACTOME_NONSENSE_MEDIATED_DECAY_NMD","REACTOME_NONSENSE_MEDIATED_DECAY_NMD",21,-0.231054839633488,-0.899632952898193,0.586065573770492,1,0.973790752184104,2364,"tags=95%, list=71%, signal=28%","RPS11/SMG6/UBA52/SMG5/RPL37/DCP1A/UPF2/RPS27/SMG7/SMG1/RPL29/RPS28/RPS10/RPL7/RPL7A/NCBP2/RPL15/RPL6/RPS27L/RPS3A"
"REACTOME_DNA_DOUBLE_STRAND_BREAK_REPAIR","REACTOME_DNA_DOUBLE_STRAND_BREAK_REPAIR",23,0.227521957784503,0.897811883931916,0.581573896353167,1,0.973790752184104,1179,"tags=48%, list=36%, signal=31%","ERCC1/POLQ/BLM/BRCA1/UBXN1/POLE/UBE2I/UBA52/UIMC1/BAZ1B/KDM4B"
"REACTOME_DNA_REPLICATION","REACTOME_DNA_REPLICATION",19,0.241635099941082,0.897136678188674,0.584466019417476,1,0.973790752184104,504,"tags=26%, list=15%, signal=22%","ANAPC2/SSBP1/LIG1/DBF4/FZR1"
"REACTOME_PLATELET_HOMEOSTASIS","REACTOME_PLATELET_HOMEOSTASIS",20,0.235841217933569,0.89694587837439,0.591439688715953,1,0.973790752184104,1786,"tags=85%, list=54%, signal=39%","PDE9A/NOS1/KCNMB4/ORAI2/PPP2R1B/ITPR1/MAPK14/SLC8A3/PTPN11/GNG4/GNG2/PPP2R5C/GNB1/GNG7/SLC8A1/ATP2B1/ATP2A2"
"REACTOME_HEDGEHOG_ON_STATE","REACTOME_HEDGEHOG_ON_STATE",18,0.245839221177641,0.89591030840075,0.581712062256809,1,0.973790752184104,20,"tags=6%, list=1%, signal=6%","EVC"
"REACTOME_MTOR_SIGNALLING","REACTOME_MTOR_SIGNALLING",12,-0.27577865134563,-0.894386083314993,0.606490872210953,1,0.973790752184104,2408,"tags=58%, list=73%, signal=16%","PRKAA2/FKBP1A/RRAGB/YWHAB/RRAGA/LAMTOR5/LAMTOR1"
"REACTOME_TRNA_PROCESSING_IN_THE_NUCLEUS","REACTOME_TRNA_PROCESSING_IN_THE_NUCLEUS",16,-0.250600458245772,-0.891517303586212,0.579281183932347,1,0.973790752184104,269,"tags=19%, list=8%, signal=17%","POP5/RPP25/AAAS"
"REACTOME_GOLGI_ASSOCIATED_VESICLE_BIOGENESIS","REACTOME_GOLGI_ASSOCIATED_VESICLE_BIOGENESIS",20,-0.231711492278093,-0.891056106463507,0.594262295081967,1,0.973790752184104,1120,"tags=40%, list=34%, signal=27%","VAMP2/AP1S2/TPD52/AP3S1/TGOLN2/HSPA8/TPD52L1/AP4B1"
"REACTOME_TP53_REGULATES_METABOLIC_GENES","REACTOME_TP53_REGULATES_METABOLIC_GENES",23,-0.223153559450714,-0.891023570927056,0.623700623700624,1,0.973790752184104,1276,"tags=52%, list=38%, signal=32%","COX6C/COX4I1/YWHAQ/RRAGB/YWHAB/COX8A/RRAGA/NDUFA4/LAMTOR5/COX7A2/CYCS/LAMTOR1"
"REACTOME_SIGNALING_BY_NUCLEAR_RECEPTORS","REACTOME_SIGNALING_BY_NUCLEAR_RECEPTORS",47,0.187802432674617,0.890788274321998,0.622489959839357,1,0.973790752184104,1485,"tags=57%, list=45%, signal=32%","FOSB/FOS/HSPB1/CXXC5/AGO2/PDK1/APOD/KDM1B/POLR2B/JUND/GTF2F1/HRAS/USF2/NCOR2/MAPK1/CHD1/CREBBP/KDM4B/TNRC6C/SMC1A/PPID/GNG4/NCOR1/PTK2/HDAC3/YY1/GNG2"
"REACTOME_COPI_DEPENDENT_GOLGI_TO_ER_RETROGRADE_TRAFFIC","REACTOME_COPI_DEPENDENT_GOLGI_TO_ER_RETROGRADE_TRAFFIC",12,0.278247045698016,0.890525032109364,0.605108055009823,1,0.973790752184104,303,"tags=25%, list=9%, signal=23%","KIF9/KIF27/RINT1"
"REACTOME_CREB1_PHOSPHORYLATION_THROUGH_NMDA_RECEPTOR_MEDIATED_ACTIVATION_OF_RAS_SIGNALING","REACTOME_CREB1_PHOSPHORYLATION_THROUGH_NMDA_RECEPTOR_MEDIATED_ACTIVATION_OF_RAS_SIGNALING",11,0.285268109243787,0.890475548090797,0.615234375,1,0.973790752184104,1536,"tags=73%, list=46%, signal=39%","CAMK2A/DLG4/HRAS/MAPK1/DLG1/RASGRF1/CAMK2G/GRIN1"
"REACTOME_RHOC_GTPASE_CYCLE","REACTOME_RHOC_GTPASE_CYCLE",17,0.247159392847457,0.888872041760261,0.588461538461538,1,0.973790752184104,1067,"tags=47%, list=32%, signal=32%","ARHGEF40/IQGAP1/MYO9B/VAV2/SLK/STX5/ARHGAP39/DIAPH1"
"REACTOME_ONCOGENIC_MAPK_SIGNALING","REACTOME_ONCOGENIC_MAPK_SIGNALING",23,0.224817961165049,0.887141791591392,0.596928982725528,1,0.973790752184104,2578,"tags=100%, list=78%, signal=22%","CAMK2A/LMNA/IQGAP1/VCL/HRAS/MAPK1/KDM7A/TRAK1/CLCN6/RAP1A/ARRB1/CAMK2G/CNKSR2/MARK3/AP3B1/KSR1/YWHAB/DUSP16/ACTG1/AGGF1/PPP1CC/KRAS/PAPSS1"
"REACTOME_ION_HOMEOSTASIS","REACTOME_ION_HOMEOSTASIS",16,0.250367245001649,0.885732869114225,0.604914933837429,1,0.973790752184104,1786,"tags=81%, list=54%, signal=38%","CAMK2A/NOS1/ORAI2/AHCYL1/ITPR1/SLC8A3/CAMK2G/ATP1A3/ATP1B3/SLC8A1/TRPC1/ATP2B1/ATP2A2"
"REACTOME_SIGNALING_BY_NOTCH4","REACTOME_SIGNALING_BY_NOTCH4",15,0.257300265331099,0.885466352210898,0.609708737864078,1,0.973790752184104,1533,"tags=73%, list=46%, signal=40%","MAMLD1/KAT2A/APH1B/PSEN1/PSMC2/UBA52/CREBBP/PSMD2/PSMD13/PSMD1/ADAM10"
"REACTOME_METABOLISM_OF_VITAMINS_AND_COFACTORS","REACTOME_METABOLISM_OF_VITAMINS_AND_COFACTORS",25,-0.213963109690568,-0.884034371628297,0.618852459016393,1,0.973790752184104,920,"tags=36%, list=28%, signal=26%","GPC5/MMADHC/GSTO2/NAPRT/AASDHPPT/NMNAT3/APOE/FLAD1/DHFR2"
"REACTOME_RESPONSE_TO_ELEVATED_PLATELET_CYTOSOLIC_CA2","REACTOME_RESPONSE_TO_ELEVATED_PLATELET_CYTOSOLIC_CA2",22,-0.223989832644165,-0.883583899434493,0.627572016460905,1,0.973790752184104,917,"tags=45%, list=28%, signal=33%","SCG3/SOD1/GAS6/PROS1/VEGFB/HSPA5/RAB27B/IGF1/CHID1/HGF"
"REACTOME_EUKARYOTIC_TRANSLATION_INITIATION","REACTOME_EUKARYOTIC_TRANSLATION_INITIATION",20,-0.22901718013005,-0.880695017901914,0.610655737704918,1,0.973790752184104,1147,"tags=50%, list=35%, signal=33%","RPS28/EIF4A2/RPS10/RPL7/RPL7A/RPL15/RPL6/RPS27L/EIF3E/RPS3A"
"REACTOME_DEADENYLATION_DEPENDENT_MRNA_DECAY","REACTOME_DEADENYLATION_DEPENDENT_MRNA_DECAY",10,-0.284080449196463,-0.879988147942533,0.578740157480315,1,0.973790752184104,421,"tags=50%, list=13%, signal=44%","EIF4A2/EXOSC1/LSM7/CNOT3/NT5C3B"
"REACTOME_SNRNP_ASSEMBLY","REACTOME_SNRNP_ASSEMBLY",11,-0.278113663845224,-0.879585461530015,0.602040816326531,1,0.973790752184104,2400,"tags=100%, list=72%, signal=28%","NUP205/NUP58/NUP54/SNRPF/NUP153/NUP133/RANBP2/GEMIN8/NCBP2/AAAS"
"REACTOME_RAC3_GTPASE_CYCLE","REACTOME_RAC3_GTPASE_CYCLE",17,0.244128552940928,0.87797207625651,0.605769230769231,1,0.973790752184104,1251,"tags=59%, list=38%, signal=37%","ARAP3/GIT1/BAIAP2/ARHGAP17/VAV2/LEMD3/GARRE1/ARHGAP39/CYFIP1/ABR"
"REACTOME_E3_UBIQUITIN_LIGASES_UBIQUITINATE_TARGET_PROTEINS","REACTOME_E3_UBIQUITIN_LIGASES_UBIQUITINATE_TARGET_PROTEINS",11,-0.277603129919663,-0.877970804370304,0.602040816326531,1,0.973790752184104,861,"tags=45%, list=26%, signal=34%","CTR9/RRAGA/UBB/UBE2V2/TMEM129"
"REACTOME_NEGATIVE_REGULATION_OF_THE_PI3K_AKT_NETWORK","REACTOME_NEGATIVE_REGULATION_OF_THE_PI3K_AKT_NETWORK",20,-0.228243465652296,-0.877719666945929,0.612704918032787,1,0.973790752184104,730,"tags=30%, list=22%, signal=24%","KIT/KITLG/NRG1/PIP4K2C/FGFR3/HGF"
"REACTOME_COPII_MEDIATED_VESICLE_TRANSPORT","REACTOME_COPII_MEDIATED_VESICLE_TRANSPORT",16,-0.246519978338743,-0.877000895797027,0.591966173361522,1,0.973790752184104,117,"tags=38%, list=4%, signal=36%","CNIH1/SAR1B/TRAPPC6B/BET1/PREB/SEC16B"
"REACTOME_REGULATION_OF_PTEN_STABILITY_AND_ACTIVITY","REACTOME_REGULATION_OF_PTEN_STABILITY_AND_ACTIVITY",11,-0.274788391777509,-0.869068678837809,0.622448979591837,1,0.973790752184104,2411,"tags=100%, list=73%, signal=27%","UBA52/PSMD2/PSMD13/PSMD1/PSMD11/PREX2/PSMC5/SEM1/UBB/XIAP"
"REACTOME_VIF_MEDIATED_DEGRADATION_OF_APOBEC3G","REACTOME_VIF_MEDIATED_DEGRADATION_OF_APOBEC3G",11,-0.274788391777509,-0.869068678837809,0.622448979591837,1,0.973790752184104,2411,"tags=100%, list=73%, signal=27%","UBA52/CUL5/PSMD2/PSMD13/PSMD1/PSMD11/ELOC/PSMC5/SEM1/UBB"
"REACTOME_NUCLEAR_SIGNALING_BY_ERBB4","REACTOME_NUCLEAR_SIGNALING_BY_ERBB4",11,0.278017922006408,0.867843805373111,0.640625,1,0.973790752184104,210,"tags=18%, list=6%, signal=17%","GFAP/NRG4"
"REACTOME_SIGNALING_BY_BRAF_AND_RAF1_FUSIONS","REACTOME_SIGNALING_BY_BRAF_AND_RAF1_FUSIONS",21,0.224681625227411,0.86176533597545,0.634241245136187,1,0.973790752184104,2578,"tags=100%, list=78%, signal=22%","CAMK2A/LMNA/IQGAP1/VCL/HRAS/MAPK1/KDM7A/TRAK1/CLCN6/RAP1A/ARRB1/CAMK2G/CNKSR2/MARK3/AP3B1/KSR1/YWHAB/ACTG1/AGGF1/KRAS/PAPSS1"
"REACTOME_CHROMATIN_ORGANIZATION","REACTOME_CHROMATIN_ORGANIZATION",50,0.176079212924391,0.861302400625911,0.658869395711501,1,0.973790752184104,2104,"tags=88%, list=63%, signal=33%","DPF1/SETD7/KMT2D/KDM6B/KDM5C/TAF5L/KDM1B/SUDS3/GATAD2A/KAT2A/SMARCC1/NCOR2/KDM5A/CHD4/KAT8/SETD2/KDM7A/CREBBP/KDM4B/BRD1/SETDB1/ASH1L/KDM2A/KAT7/NCOR1/HDAC3/GATAD2B/NSD2/SMARCA4/KDM3B/ARID4B/PBRM1/KMT2A/TBL1XR1/SMYD3/KAT6B/SMARCA2/ARID5B/EPC1/ELP4/SUPT20H/HDAC2/BCL11B/ZZZ3"
"REACTOME_TRANSPORT_OF_THE_SLBP_DEPENDANT_MATURE_MRNA","REACTOME_TRANSPORT_OF_THE_SLBP_DEPENDANT_MATURE_MRNA",10,-0.278029616198247,-0.861244649969791,0.618110236220472,1,0.973790752184104,2400,"tags=100%, list=72%, signal=28%","NUP205/NUP58/NUP54/NUP153/NUP133/RANBP2/SLBP/NCBP2/AAAS"
"REACTOME_RESPONSE_OF_EIF2AK4_GCN2_TO_AMINO_ACID_DEFICIENCY","REACTOME_RESPONSE_OF_EIF2AK4_GCN2_TO_AMINO_ACID_DEFICIENCY",15,-0.245545586506114,-0.859880339377098,0.636550308008214,1,0.973790752184104,1147,"tags=53%, list=35%, signal=35%","RPS28/RPS10/RPL7/RPL7A/RPL15/RPL6/RPS27L/RPS3A"
"REACTOME_UCH_PROTEINASES","REACTOME_UCH_PROTEINASES",17,0.239033840408246,0.859649699433463,0.636538461538461,1,0.973790752184104,1458,"tags=65%, list=44%, signal=36%","TGFB1/INO80/KDM1B/PSMC2/FOXK2/UBA52/ASXL1/PSMD2/PSMD13/PSMD1/YY1"
"REACTOME_O_LINKED_GLYCOSYLATION","REACTOME_O_LINKED_GLYCOSYLATION",19,-0.227436192125846,-0.859567576575411,0.64476386036961,1,0.973790752184104,1108,"tags=63%, list=33%, signal=42%","GALNT8/ADAMTS19/THSD7A/GALNTL6/SLC35A1/FKTN/THSD7B/ADAMTS6/SEMA5A/EMID1/SEMA5B/ADAMTSL1"
"REACTOME_SIGNALING_BY_FGFR2","REACTOME_SIGNALING_BY_FGFR2",15,-0.245272425051773,-0.858923750552162,0.638603696098563,1,0.973790752184104,822,"tags=40%, list=25%, signal=30%","NCBP2/KRAS/POLR2L/UBB/TIA1/POLR2K"
"REACTOME_TRANSLOCATION_OF_SLC2A4_GLUT4_TO_THE_PLASMA_MEMBRANE","REACTOME_TRANSLOCATION_OF_SLC2A4_GLUT4_TO_THE_PLASMA_MEMBRANE",12,-0.264559071575552,-0.857999524899257,0.640973630831643,1,0.973790752184104,1549,"tags=83%, list=47%, signal=45%","EXOC4/EXOC1/KIF3A/PRKAA2/TBC1D1/YWHAQ/VAMP2/YWHAB/ACTG1/SNAP23"
"REACTOME_ENERGY_DEPENDENT_REGULATION_OF_MTOR_BY_LKB1_AMPK","REACTOME_ENERGY_DEPENDENT_REGULATION_OF_MTOR_BY_LKB1_AMPK",10,-0.275611967361741,-0.85375556605701,0.627952755905512,1,0.973790752184104,2408,"tags=100%, list=73%, signal=28%","MLST8/SLC38A9/PPM1A/TSC2/PRKAA2/RRAGB/RRAGA/LAMTOR5/LAMTOR1"
"REACTOME_TCR_SIGNALING","REACTOME_TCR_SIGNALING",14,0.251533931381819,0.852207943982163,0.647509578544061,1,0.973790752184104,1499,"tags=71%, list=45%, signal=39%","CHUK/PLCG1/CDC34/BTRC/PSMC2/UBA52/PSMD2/PSMD13/PSMD1/MAP3K7"
"REACTOME_ASYMMETRIC_LOCALIZATION_OF_PCP_PROTEINS","REACTOME_ASYMMETRIC_LOCALIZATION_OF_PCP_PROTEINS",10,-0.274705349048051,-0.850947159589717,0.631889763779528,1,0.973790752184104,2411,"tags=100%, list=73%, signal=27%","UBA52/PSMD2/PSMD13/PSMD1/SMURF2/PSMD11/PSMC5/SEM1/UBB"
"REACTOME_DEGRADATION_OF_AXIN","REACTOME_DEGRADATION_OF_AXIN",10,-0.274705349048051,-0.850947159589717,0.631889763779528,1,0.973790752184104,2411,"tags=100%, list=73%, signal=27%","UBA52/PSMD2/PSMD13/PSMD1/SMURF2/PSMD11/PSMC5/SEM1/UBB"
"REACTOME_DEGRADATION_OF_DVL","REACTOME_DEGRADATION_OF_DVL",10,-0.274705349048051,-0.850947159589717,0.631889763779528,1,0.973790752184104,2411,"tags=100%, list=73%, signal=27%","UBA52/PSMD2/PSMD13/PSMD1/PSMD11/PSMC5/SEM1/KLHL12/UBB"
"REACTOME_ORC1_REMOVAL_FROM_CHROMATIN","REACTOME_ORC1_REMOVAL_FROM_CHROMATIN",10,-0.274705349048051,-0.850947159589717,0.631889763779528,1,0.973790752184104,2411,"tags=100%, list=73%, signal=27%","UBA52/PSMD2/PSMD13/PSMD1/PSMD11/ORC5/PSMC5/SEM1/UBB"
"REACTOME_P53_DEPENDENT_G1_DNA_DAMAGE_RESPONSE","REACTOME_P53_DEPENDENT_G1_DNA_DAMAGE_RESPONSE",10,-0.274705349048051,-0.850947159589717,0.631889763779528,1,0.973790752184104,2411,"tags=100%, list=73%, signal=27%","MDM2/UBA52/PSMD2/PSMD13/PSMD1/PSMD11/PSMC5/SEM1/UBB"
"REACTOME_REGULATION_OF_APOPTOSIS","REACTOME_REGULATION_OF_APOPTOSIS",10,-0.274705349048051,-0.850947159589717,0.631889763779528,1,0.973790752184104,2411,"tags=100%, list=73%, signal=27%","UBA52/PSMD2/PSMD13/PSMD1/OPA1/PSMD11/PSMC5/SEM1/UBB"
"REACTOME_STABILIZATION_OF_P53","REACTOME_STABILIZATION_OF_P53",10,-0.274705349048051,-0.850947159589717,0.631889763779528,1,0.973790752184104,2411,"tags=100%, list=73%, signal=27%","MDM2/UBA52/PSMD2/PSMD13/PSMD1/PSMD11/PSMC5/SEM1/UBB"
"REACTOME_VIRAL_INFECTION_PATHWAYS","REACTOME_VIRAL_INFECTION_PATHWAYS",204,0.127260004868067,0.850446211946684,0.769961977186312,1,0.973790752184104,1532,"tags=55%, list=46%, signal=31%","HSPA1A/IL6R/RCAN3/TGFB1/CAMK2A/RRBP1/VPS11/RIGI/SUN2/DOCK2/CPSF4/SRRT/DHX38/STAT1/PPIL6/MED25/LIG1/RTF1/CHMP1A/UBR4/VPS37C/CHUK/STAT2/LEO1/TYRO3/P4HA3/GRSF1/G3BP1/PRPF6/SNRPA1/TAF4B/SNRNP200/RIPK1/MED6/CSTF2/CDK7/RANGAP1/CPSF1/PABPC1/SEC24C/POLR2B/UBE2I/FURIN/SF3A3/VHL/SUDS3/ARIH1/GATAD2A/TAF1/BTRC/VCP/SNRNP40/TAF6/PSMC2/MAPRE3/NUP214/VPS37B/GTF2F1/RPS11/COG1/SYMPK/TYK2/MED23/GPC1/TAF4/HNRNPL/NCOR2/NUP205/ELAVL1/EIF4E3/MLST8/CHD4/UBA52/BCL2L1/PTPN11/CREBBP/FNTB/RPL37/CLTA/ZDHHC9/EFTUD2/CUL5/NPLOC4/CDK19/HNRNPM/NUP58/DDX42/U2AF1/NUP54/PRPF8/SNRPF/PSMD2/B2M/PSMD13/TRAF3/NCOR1/FYN/AP2A2/PSMD1/IFNGR2/HDAC3/CAMK2G/SRSF11/ATP1A3/GATAD2B/MAP3K7/NUP153/IFNAR2/SCAP/ATP1B3/SEC24B/RPS27"
"REACTOME_SARS_COV_INFECTIONS","REACTOME_SARS_COV_INFECTIONS",73,0.156309022416754,0.850285960851192,0.693877551020408,1,0.973790752184104,1638,"tags=66%, list=49%, signal=34%","IL6R/RCAN3/VPS11/RIGI/STAT1/CHUK/STAT2/G3BP1/RIPK1/SEC24C/UBE2I/FURIN/VHL/SUDS3/GATAD2A/VCP/NUP214/RPS11/TYK2/GPC1/NUP205/CHD4/UBA52/BCL2L1/PTPN11/CREBBP/FNTB/ZDHHC9/NUP58/NUP54/SNRPF/B2M/TRAF3/AP2A2/IFNGR2/ATP1A3/GATAD2B/MAP3K7/NUP153/IFNAR2/ATP1B3/SEC24B/RPS27/ARID4B/ITCH/STT3B/NUP133/ROCK2"
"REACTOME_TRANSCRIPTIONAL_REGULATION_BY_MECP2","REACTOME_TRANSCRIPTIONAL_REGULATION_BY_MECP2",20,-0.220447802546367,-0.847741122739182,0.661885245901639,1,0.973790752184104,6,"tags=90%, list=0%, signal=90%","SIN3A/DLL1/PTPN1/PPARG/NCOR2/DGCR8/TNRC6C/SLC2A3/NCOR1/HDAC3/CAMK2G/MECP2/HTT/TBL1XR1/TNRC6A/GRIA2/HDAC2/CRH"
"REACTOME_REGULATION_OF_CDH1_FUNCTION","REACTOME_REGULATION_OF_CDH1_FUNCTION",15,0.244846722345465,0.842609057581213,0.660194174757282,1,0.973790752184104,1427,"tags=67%, list=43%, signal=38%","CTNNA1/VCL/PSMC2/MDM2/UBA52/DNM2/PSMD2/PSMD13/FYN/PSMD1"
"REACTOME_EPHB_MEDIATED_FORWARD_SIGNALING","REACTOME_EPHB_MEDIATED_FORWARD_SIGNALING",13,-0.254083484573503,-0.840503844222773,0.672164948453608,1,0.973790752184104,2480,"tags=85%, list=75%, signal=21%","FYN/PTK2/GRIN1/ITSN1/KALRN/ROCK2/RASA1/CFL1/ACTG1/EFNB2/ARHGEF28"
"REACTOME_G1_S_DNA_DAMAGE_CHECKPOINTS","REACTOME_G1_S_DNA_DAMAGE_CHECKPOINTS",14,-0.248411497730711,-0.840366449510251,0.675,1,0.973790752184104,2499,"tags=100%, list=75%, signal=25%","PSMC2/MDM2/MAPK14/UBA52/PSMD2/PSMD13/PSMD1/PSMD11/CSNK1E/PSMC5/SEM1/UBB/NEK11"
"REACTOME_CELL_CELL_COMMUNICATION","REACTOME_CELL_CELL_COMMUNICATION",48,0.174731031282112,0.83831152302753,0.675196850393701,1,0.973790752184104,1494,"tags=58%, list=45%, signal=33%","CTNNA1/PCSK6/SIRT1/AGO2/IQGAP1/VCL/POMT1/PLEC/FURIN/ACTN4/PRKCI/PSMC2/MDM2/UBA52/MAPK1/PTPN11/TNRC6C/NECTIN2/PCSK7/DNM2/ZMYM2/PSMD2/PSMD13/FYN/PTK2/PSMD1/DST/SMARCA4"
"REACTOME_COLLAGEN_FORMATION","REACTOME_COLLAGEN_FORMATION",11,0.268481589559287,0.838075771066239,0.671875,1,0.973790752184104,808,"tags=45%, list=24%, signal=35%","COL4A1/COL4A2/P4HA3/PLEC/COL12A1"
"REACTOME_COLLAGEN_DEGRADATION","REACTOME_COLLAGEN_DEGRADATION",10,0.277242763323895,0.835028591548501,0.682186234817814,1,0.973790752184104,182,"tags=20%, list=5%, signal=19%","COL4A1/COL4A2"
"REACTOME_HEMOSTASIS","REACTOME_HEMOSTASIS",95,0.142640977580366,0.832052626741962,0.74859287054409,1,0.973790752184104,1132,"tags=40%, list=34%, signal=27%","TGFB1/IRF1/STX4/PDE9A/DOCK2/KIF9/KIF27/DOCK5/JAM3/DAGLA/NOS1/WDR1/KCNMB4/GP6/ORAI2/SH2B3/DAGLB/VCL/SH2B2/PLCG1/PRKCG/SIN3A/ABCC4/ACTN4/PPP2R1B/VAV2/PTPN1/DGKD/HRAS/HABP4/SLC7A5/GPC1/ITPR1/MAPK14/SLC8A3/GNA11/MAPK1/LAMP2"
"REACTOME_REGULATION_OF_CHOLESTEROL_BIOSYNTHESIS_BY_SREBP_SREBF","REACTOME_REGULATION_OF_CHOLESTEROL_BIOSYNTHESIS_BY_SREBP_SREBF",11,0.265640243326734,0.829206397793299,0.689453125,1,0.973790752184104,1721,"tags=82%, list=52%, signal=40%","PPARA/SQLE/SEC24C/CREBBP/MVD/SCAP/SEC24B/SREBF2/TBL1XR1"
"REACTOME_REGULATION_OF_HOMOTYPIC_CELL_CELL_ADHESION","REACTOME_REGULATION_OF_HOMOTYPIC_CELL_CELL_ADHESION",34,0.185183003670062,0.828769968382897,0.707930367504836,1,0.973790752184104,1427,"tags=56%, list=43%, signal=32%","CTNNA1/PCSK6/SIRT1/AGO2/VCL/POMT1/FURIN/PSMC2/MDM2/UBA52/MAPK1/TNRC6C/PCSK7/DNM2/ZMYM2/PSMD2/PSMD13/FYN/PSMD1"
"REACTOME_REGULATION_OF_TP53_ACTIVITY","REACTOME_REGULATION_OF_TP53_ACTIVITY",32,0.189419628620408,0.828235441220554,0.707930367504836,1,0.973790752184104,1386,"tags=62%, list=42%, signal=37%","BLM/PPP1R13B/BRCA1/TAF4B/GATAD2A/TAF1/PPP2R1B/TAF6/PRKAG2/TAF4/MDM2/MAPK14/MLST8/CHD4/UBA52/BRD1/TTC5/RFFL/MAPKAPK5/RAD9A"
"REACTOME_METABOLISM_OF_LIPIDS","REACTOME_METABOLISM_OF_LIPIDS",115,0.136816134709995,0.826615022908637,0.786516853932584,1,0.973790752184104,935,"tags=34%, list=28%, signal=25%","MFSD2A/SLC51A/TPTE2/LIPI/MAPKAPK2/PNPLA2/SMPD3/PRKD2/PPARA/MED25/CPT1B/GRHL1/OSBPL5/MORC2/GDPD5/MIGA2/CERS1/ACOX1/OSBP/SQLE/MED6/PNPLA7/SPNS2/MBOAT7/ESRRA/SEC24C/CSNK1G2/PTDSS1/PLEKHA6/MTM1/SIN3A/UBE2I/PI4KA/SLC44A1/PPARG/PIK3C2A/ARNT/PRKAG2/AGPAT4"
"REACTOME_FLT3_SIGNALING","REACTOME_FLT3_SIGNALING",10,0.274439251529986,0.826584683124739,0.690283400809717,1,0.973790752184104,1160,"tags=60%, list=35%, signal=39%","SH2B3/GAB2/HRAS/STAT5B/UBA52/PTPN11"
"REACTOME_SELECTIVE_AUTOPHAGY","REACTOME_SELECTIVE_AUTOPHAGY",19,-0.218498220546573,-0.825787594163269,0.698151950718686,1,0.973790752184104,1481,"tags=68%, list=45%, signal=38%","UBE2D3/PRKAA2/MFN1/HDAC6/VDAC3/VDAC2/TOMM20/DYNLL1/TOMM6/TOMM5/UBB/HSPA8/FUNDC1"
"REACTOME_TRANSPORT_OF_MATURE_TRANSCRIPT_TO_CYTOPLASM","REACTOME_TRANSPORT_OF_MATURE_TRANSCRIPT_TO_CYTOPLASM",23,0.209192566767356,0.825483282153552,0.673704414587332,1,0.973790752184104,311,"tags=17%, list=9%, signal=16%","THOC3/CPSF4/DHX38/THOC5"
"REACTOME_UBIQUITIN_MEDIATED_DEGRADATION_OF_PHOSPHORYLATED_CDC25A","REACTOME_UBIQUITIN_MEDIATED_DEGRADATION_OF_PHOSPHORYLATED_CDC25A",13,-0.248336358136721,-0.821492447746305,0.701030927835051,1,0.973790752184104,2499,"tags=100%, list=75%, signal=25%","PSMC2/MAPK14/UBA52/PSMD2/PSMD13/PSMD1/PSMD11/CSNK1E/PSMC5/SEM1/UBB/NEK11"
"REACTOME_MITOTIC_METAPHASE_AND_ANAPHASE","REACTOME_MITOTIC_METAPHASE_AND_ANAPHASE",40,0.174936425959737,0.820592937162064,0.732692307692308,1,0.973790752184104,1704,"tags=72%, list=51%, signal=36%","LMNA/ANAPC2/ANKLE2/RANGAP1/UBE2I/CLIP1/PPP2R1B/PSMC2/LEMD3/NUP205/PDS5A/UBA52/NUP58/SMC1A/NUP54/PSMD2/PSMD13/PSMD1/TNPO1/WAPL/RPS27/IST1/STAG1/PPP2R5C/AHCTF1/NUP133/RANBP2/PSMD11/CLASP1"
"REACTOME_MITOCHONDRIAL_BIOGENESIS","REACTOME_MITOCHONDRIAL_BIOGENESIS",26,-0.19551692818337,-0.819681593276535,0.691056910569106,1,0.973790752184104,476,"tags=31%, list=14%, signal=27%","ATP5MC3/MICOS10/MTX2/TFB1M/SAMM50/ATP5PF/SIRT5/CYCS"
"REACTOME_TRANS_GOLGI_NETWORK_VESICLE_BUDDING","REACTOME_TRANS_GOLGI_NETWORK_VESICLE_BUDDING",25,-0.198343984033276,-0.819500611786254,0.715163934426229,1,0.973790752184104,435,"tags=16%, list=13%, signal=14%","SNAP23/HSPA8/TPD52L1/AP4B1"
"REACTOME_CYTOSOLIC_SENSORS_OF_PATHOGEN_ASSOCIATED_DNA","REACTOME_CYTOSOLIC_SENSORS_OF_PATHOGEN_ASSOCIATED_DNA",11,-0.258858414528529,-0.818687204598181,0.679591836734694,1,0.973790752184104,650,"tags=36%, list=20%, signal=29%","POLR2L/UBB/POLR2K/POLR3GL"
"REACTOME_NEGATIVE_REGULATION_OF_MAPK_PATHWAY","REACTOME_NEGATIVE_REGULATION_OF_MAPK_PATHWAY",11,-0.258464328899637,-0.817440836530612,0.681632653061224,1,0.973790752184104,2465,"tags=100%, list=74%, signal=26%","HRAS/UBA52/MAPK1/PPP2R5C/MARK3/KSR1/YWHAB/DUSP16/KRAS/UBB"
"REACTOME_BIOSYNTHESIS_OF_THE_N_GLYCAN_PRECURSOR_DOLICHOL_LIPID_LINKED_OLIGOSACCHARIDE_LLO_AND_TRANSFER_TO_A_NASCENT_PROTEIN","REACTOME_BIOSYNTHESIS_OF_THE_N_GLYCAN_PRECURSOR_DOLICHOL_LIPID_LINKED_OLIGOSACCHARIDE_LLO_AND_TRANSFER_TO_A_NASCENT_PROTEIN",18,-0.218148111015437,-0.816573265887843,0.686475409836066,1,0.973790752184104,1042,"tags=89%, list=31%, signal=61%","PMM2/ST3GAL5/SLC17A5/HK1/MVD/ST8SIA5/ST6GALNAC5/ST6GAL2/NPL/SLC35A1/CMAS/NUS1/NAGK/DPM3/ST8SIA6/DPM2"
"REACTOME_RHOG_GTPASE_CYCLE","REACTOME_RHOG_GTPASE_CYCLE",19,0.219860729684612,0.816293347868272,0.693203883495146,1,0.973790752184104,1040,"tags=47%, list=31%, signal=33%","DOCK2/ANKLE2/DOCK5/ARFGAP3/VAV2/LEMD3/STX5/GARRE1/ARHGAP39"
"REACTOME_TRANSPORT_TO_THE_GOLGI_AND_SUBSEQUENT_MODIFICATION","REACTOME_TRANSPORT_TO_THE_GOLGI_AND_SUBSEQUENT_MODIFICATION",35,-0.178411969707451,-0.815462760755787,0.737945492662474,1,0.973790752184104,1005,"tags=34%, list=30%, signal=24%","ARF5/SAR1B/DYNLL1/COPG2/ARF3/TRAPPC6B/BET1/ST8SIA6/TMED9/MGAT4B/PREB/SEC16B"
"REACTOME_MITOTIC_G1_PHASE_AND_G1_S_TRANSITION","REACTOME_MITOTIC_G1_PHASE_AND_G1_S_TRANSITION",19,0.219410851829855,0.814623052765012,0.695145631067961,1,0.973790752184104,1427,"tags=63%, list=43%, signal=36%","DBF4/CDK7/POLE/LIN54/PPP2R1B/PSMC2/TFDP1/UBA52/MAX/PSMD2/PSMD13/PSMD1"
"REACTOME_INSULIN_RECEPTOR_RECYCLING","REACTOME_INSULIN_RECEPTOR_RECYCLING",10,-0.262346866753999,-0.812664630904324,0.679133858267717,1,0.973790752184104,1326,"tags=60%, list=40%, signal=36%","ATP6V0B/ATP6AP1/ATP6V0D1/ATP6V0E2/ATP6V1G1/ATP6V1G2"
"REACTOME_RNA_POLYMERASE_III_TRANSCRIPTION","REACTOME_RNA_POLYMERASE_III_TRANSCRIPTION",14,-0.239060058937196,-0.808730895244411,0.70625,1,0.973790752184104,907,"tags=43%, list=27%, signal=31%","SNAPC3/SSB/GTF3C3/POLR2L/POLR2K/POLR3GL"
"REACTOME_GLUTAMATE_NEUROTRANSMITTER_RELEASE_CYCLE","REACTOME_GLUTAMATE_NEUROTRANSMITTER_RELEASE_CYCLE",12,0.252494708194738,0.808105105153924,0.730844793713163,1,0.973790752184104,2484,"tags=100%, list=75%, signal=25%","CPLX1/SLC38A2/UNC13B/STX1A/SYT1/PPFIA3/ARL6IP5/VAMP2/SLC1A1/RIMS1/SLC1A2/RAB3A"
"REACTOME_EXPORT_OF_VIRAL_RIBONUCLEOPROTEINS_FROM_NUCLEUS","REACTOME_EXPORT_OF_VIRAL_RIBONUCLEOPROTEINS_FROM_NUCLEUS",10,0.268208113956386,0.807817094858603,0.718623481781376,1,0.973790752184104,56,"tags=10%, list=2%, signal=10%","HSPA1A"
"REACTOME_SIGNALING_BY_MODERATE_KINASE_ACTIVITY_BRAF_MUTANTS","REACTOME_SIGNALING_BY_MODERATE_KINASE_ACTIVITY_BRAF_MUTANTS",14,0.238426626323752,0.807799822050786,0.704980842911877,1,0.973790752184104,2531,"tags=100%, list=76%, signal=24%","CAMK2A/IQGAP1/VCL/HRAS/MAPK1/RAP1A/ARRB1/CAMK2G/CNKSR2/MARK3/KSR1/YWHAB/ACTG1/KRAS"
"REACTOME_DNA_REPAIR","REACTOME_DNA_REPAIR",59,0.159632863007403,0.807624332006451,0.765166340508806,1,0.973790752184104,830,"tags=32%, list=25%, signal=25%","FANCI/ERCC1/POLQ/BLM/LIG1/FANCA/POLB/BRCA1/UBXN1/CDK7/UVSSA/POLE/MSH6/INO80/POLR2B/UBE2I/DDB1/VCP/PIAS3"
"REACTOME_HH_MUTANTS_ABROGATE_LIGAND_SECRETION","REACTOME_HH_MUTANTS_ABROGATE_LIGAND_SECRETION",12,-0.24881071499351,-0.806925553461171,0.689655172413793,1,0.973790752184104,23,"tags=25%, list=1%, signal=25%","SEM1/UBB/HHAT"
"REACTOME_DEGRADATION_OF_GLI1_BY_THE_PROTEASOME","REACTOME_DEGRADATION_OF_GLI1_BY_THE_PROTEASOME",12,-0.248261263985485,-0.805143612282467,0.689655172413793,1,0.973790752184104,2499,"tags=100%, list=75%, signal=25%","PSMC2/UBA52/PSMD2/PSMD13/PSMD1/ITCH/PSMD11/NUMB/PSMC5/SEM1/UBB"
"REACTOME_COPI_MEDIATED_ANTEROGRADE_TRANSPORT","REACTOME_COPI_MEDIATED_ANTEROGRADE_TRANSPORT",18,-0.214177521963041,-0.80171053407265,0.717213114754098,1,0.973790752184104,2613,"tags=100%, list=79%, signal=21%","ARFGAP3/GOSR2/COG1/STX5/USO1/SPTBN2/GOLGA2/SPTBN4/GBF1/SPTBN1/ANK3/ARF5/DYNLL1/COPG2/ARF3/BET1/TMED9"
"REACTOME_METABOLISM_OF_STEROIDS","REACTOME_METABOLISM_OF_STEROIDS",18,0.219890606703969,0.801345937897473,0.72568093385214,1,0.973790752184104,783,"tags=33%, list=24%, signal=26%","SLC51A/PPARA/OSBP/SQLE/SEC24C/UBE2I"
"REACTOME_SIGNALING_BY_ROBO_RECEPTORS","REACTOME_SIGNALING_BY_ROBO_RECEPTORS",38,-0.171317988517975,-0.799922114369957,0.751552795031056,1,0.973790752184104,1182,"tags=45%, list=36%, signal=29%","DCC/ELOC/RPS28/FLRT3/PSMC5/RPS10/RPL7/RPL7A/NCBP2/RPL15/SEM1/RPL6/NRP1/SLIT3/RPS27L/UBB/RPS3A"
"REACTOME_SUMOYLATION_OF_DNA_DAMAGE_RESPONSE_AND_REPAIR_PROTEINS","REACTOME_SUMOYLATION_OF_DNA_DAMAGE_RESPONSE_AND_REPAIR_PROTEINS",16,-0.22460177909278,-0.799026362039141,0.723044397463002,1,0.973790752184104,150,"tags=12%, list=5%, signal=12%","NSMCE1/AAAS"
"REACTOME_CILIUM_ASSEMBLY","REACTOME_CILIUM_ASSEMBLY",38,0.171051851223981,0.792355078881251,0.770712909441233,1,0.973790752184104,2024,"tags=84%, list=61%, signal=33%","CEP135/TMEM67/TRAF3IP1/ARL13B/IFT57/ODF2/RAB11FIP3/HAUS6/DYNC2I1/TTC21B/CEP164/IFT74/PKD1/SFI1/MARK4/CLUAP1/ALMS1/CEP57/TNPO1/SEPTIN2/DYNC2H1/GBF1/CLASP1/EXOC4/RAB3IP/EXOC1/KIF3A/BBS9/ARL3/IFT20/HDAC6/CSNK1E"
"REACTOME_GLUCOSE_METABOLISM","REACTOME_GLUCOSE_METABOLISM",19,-0.209090909090909,-0.79023379846148,0.743326488706366,1,0.973790752184104,2630,"tags=100%, list=79%, signal=21%","PPP2R1B/NUP214/NUP205/PFKP/NUP58/NUP54/HK1/NUP153/NUP133/GPI/RANBP2/ENO2/PKM/PGM2L1/PGK1/TPI1/PGAM1/AAAS"
"REACTOME_HEDGEHOG_OFF_STATE","REACTOME_HEDGEHOG_OFF_STATE",19,0.212193243688205,0.78782570008634,0.728155339805825,1,0.973790752184104,1886,"tags=84%, list=57%, signal=37%","IFT57/BTRC/TULP3/PSMC2/TTC21B/UBA52/PSMD2/PSMD13/PSMD1/PRKAR2A/ITCH/DYNC2H1/PSMD11/NUMB/KIF3A/ADCY1"
"REACTOME_NOTCH_HLH_TRANSCRIPTION_PATHWAY","REACTOME_NOTCH_HLH_TRANSCRIPTION_PATHWAY",11,0.252061060357966,0.786818447633735,0.744140625,1,0.973790752184104,2073,"tags=91%, list=62%, signal=34%","MAMLD1/KAT2A/HDAC4/NCOR2/CREBBP/NCOR1/HDAC3/TBL1XR1/HDAC6/HDAC2"
"REACTOME_METABOLISM_OF_NUCLEOTIDES","REACTOME_METABOLISM_OF_NUCLEOTIDES",14,0.23204788799233,0.78618837802509,0.741379310344828,1,0.973790752184104,923,"tags=50%, list=28%, signal=36%","GMPR/NT5C1A/RRM1/GDA/SAMHD1/PPAT/UPP1"
"REACTOME_GSK3B_MEDIATED_PROTEASOMAL_DEGRADATION_OF_PD_L1_CD274","REACTOME_GSK3B_MEDIATED_PROTEASOMAL_DEGRADATION_OF_PD_L1_CD274",11,-0.248186215235792,-0.784934417300155,0.73469387755102,1,0.973790752184104,2499,"tags=100%, list=75%, signal=25%","PSMC2/UBA52/PSMD2/PSMD13/PSMD1/PSMD11/PSMC5/SEM1/UBB/COPS5"
"REACTOME_NUCLEAR_ENVELOPE_BREAKDOWN","REACTOME_NUCLEAR_ENVELOPE_BREAKDOWN",10,0.260343892759596,0.784130815473525,0.736842105263158,1,0.973790752184104,1678,"tags=90%, list=51%, signal=45%","LMNA/NUP214/LEMD3/NUP205/NUP58/NUP54/NUP153/NUP133/RANBP2"
"REACTOME_SLC_TRANSPORTER_DISORDERS","REACTOME_SLC_TRANSPORTER_DISORDERS",16,0.221364703546512,0.783129574284291,0.75047258979206,1,0.973790752184104,1678,"tags=81%, list=51%, signal=40%","SLC3A1/SLC24A4/SLC35A3/NUP214/NUP205/SLC17A5/NUP58/NUP54/HK1/SLC20A2/NUP153/NUP133/RANBP2"
"REACTOME_SUMOYLATION_OF_CHROMATIN_ORGANIZATION_PROTEINS","REACTOME_SUMOYLATION_OF_CHROMATIN_ORGANIZATION_PROTEINS",13,-0.23653962492438,-0.782469054978819,0.744329896907217,1,0.973790752184104,2538,"tags=100%, list=76%, signal=24%","NUP214/HDAC4/NUP205/PHC2/NUP58/NUP54/NUP153/NUP133/RANBP2/HDAC2/SUMO1/AAAS"
"REACTOME_REGULATION_OF_MRNA_STABILITY_BY_PROTEINS_THAT_BIND_AU_RICH_ELEMENTS","REACTOME_REGULATION_OF_MRNA_STABILITY_BY_PROTEINS_THAT_BIND_AU_RICH_ELEMENTS",27,0.18975685172527,0.781951008432167,0.730693069306931,1,0.973790752184104,1427,"tags=56%, list=43%, signal=32%","HSPA1A/HSPB1/MAPKAPK2/KHSRP/DIS3/PABPC1/PSMC2/NUP214/MAPK14/ELAVL1/UBA52/DCP1A/PSMD2/PSMD13/PSMD1"
"REACTOME_EPH_EPHRIN_SIGNALING","REACTOME_EPH_EPHRIN_SIGNALING",29,-0.178383546814749,-0.781797022605468,0.772357723577236,1,0.973790752184104,519,"tags=17%, list=16%, signal=15%","EPHA3/EFNA3/ARHGEF28/EPHA7/MYH11"
"REACTOME_GOLGI_TO_ER_RETROGRADE_TRANSPORT","REACTOME_GOLGI_TO_ER_RETROGRADE_TRANSPORT",15,0.227029303335055,0.781292661359626,0.737864077669903,1,0.973790752184104,303,"tags=20%, list=9%, signal=18%","KIF9/KIF27/RINT1"
"REACTOME_M_PHASE","REACTOME_M_PHASE",65,0.149549155866052,0.781043557487811,0.785578747628083,1,0.973790752184104,1567,"tags=66%, list=47%, signal=36%","LMNA/CEP135/ANAPC2/ANKLE2/ODF2/RANGAP1/TUBGCP3/UBE2I/CLIP1/HAUS6/PPP2R1B/PSMC2/NUP214/TUBGCP5/EML4/LEMD3/NUP205/PDS5A/UBA52/MAPK1/USO1/CEP164/NUP58/SMC1A/SFI1/NUP54/TUBGCP2/PSMD2/PSMD13/MZT2B/ALMS1/PPP2R2D/PSMD1/GOLGA2/CEP57/TNPO1/NUP153/WAPL/RPS27/IST1/STAG1/PPP2R5C/AHCTF1"
"REACTOME_SENSORY_PERCEPTION","REACTOME_SENSORY_PERCEPTION",26,0.190871988757771,0.779460098970402,0.73921568627451,1,0.973790752184104,222,"tags=12%, list=7%, signal=11%","CDH23/TRIOBP/SYN1"
"REACTOME_RECRUITMENT_OF_MITOTIC_CENTROSOME_PROTEINS_AND_COMPLEXES","REACTOME_RECRUITMENT_OF_MITOTIC_CENTROSOME_PROTEINS_AND_COMPLEXES",19,0.209618295593649,0.778265498027031,0.74368932038835,1,0.973790752184104,1380,"tags=63%, list=42%, signal=37%","CDK11A/CEP135/CDK11B/ODF2/TUBGCP3/HAUS6/TUBGCP5/CEP164/SFI1/TUBGCP2/MZT2B/ALMS1"
"REACTOME_SPHINGOLIPID_METABOLISM","REACTOME_SPHINGOLIPID_METABOLISM",19,0.20892676979563,0.775698018561226,0.745631067961165,1,0.973790752184104,710,"tags=32%, list=21%, signal=25%","SMPD3/PRKD2/CERS1/OSBP/SPNS2/CSNK1G2"
"REACTOME_SYNTHESIS_OF_PIPS_AT_THE_PLASMA_MEMBRANE","REACTOME_SYNTHESIS_OF_PIPS_AT_THE_PLASMA_MEMBRANE",14,-0.229046898638427,-0.774856762824921,0.75625,1,0.973790752184104,2563,"tags=100%, list=77%, signal=23%","MTM1/PIK3C2A/RUFY1/MTMR1/PIP5K1A/MTMR2/SYNJ1/MTMR6/MTMR9/PLEKHA3/INPP4B/PIP4K2C/PLEKHA2"
"REACTOME_MUSCLE_CONTRACTION","REACTOME_MUSCLE_CONTRACTION",38,0.166784352482853,0.772586954318695,0.782273603082852,1,0.973790752184104,556,"tags=24%, list=17%, signal=20%","CACNA1G/CAMK2A/CACNA1I/NOS1/MYL5/ORAI2/VCL/NPPC/KCNJ14"
"REACTOME_NUCLEOTIDE_EXCISION_REPAIR","REACTOME_NUCLEOTIDE_EXCISION_REPAIR",29,-0.17592911839234,-0.771040061736032,0.788617886178862,1,0.973790752184104,709,"tags=31%, list=21%, signal=25%","GTF2H2/POLR2L/UBB/ERCC8/COPS5/UBE2V2/POLR2K/COPS7A/GTF2H3"
"REACTOME_TRANSLATION","REACTOME_TRANSLATION",72,-0.140060060162914,-0.770057872490715,0.814655172413793,1,0.973790752184104,1034,"tags=35%, list=31%, signal=24%","EIF4A2/SRP14/DARS1/RPS10/RCHY1/RPL7/RPL7A/RPL15/SEM1/RPL6/SRP9/MRPL51/RPS27L/MRPL32/MRPS16/AIMP2/EIF3E/UBB/MRPS10/MRPL37/RPS3A/SPCS1/FARS2/MRPL21/MRPL24"
"REACTOME_NUCLEAR_EVENTS_MEDIATED_BY_NFE2L2","REACTOME_NUCLEAR_EVENTS_MEDIATED_BY_NFE2L2",14,-0.227534039334342,-0.76973881855263,0.758333333333333,1,0.973790752184104,2568,"tags=100%, list=77%, signal=23%","BTRC/PSMC2/UBA52/BCL2L1/CREBBP/PSMD2/PSMD13/PSMD1/PSMD11/PRKAA2/PSMC5/SEM1/UBB"
"REACTOME_ADHERENS_JUNCTIONS_INTERACTIONS","REACTOME_ADHERENS_JUNCTIONS_INTERACTIONS",37,0.166422988579188,0.768810861775877,0.759013282732448,1,0.973790752184104,1427,"tags=54%, list=43%, signal=31%","CTNNA1/PCSK6/SIRT1/AGO2/VCL/POMT1/FURIN/PSMC2/MDM2/UBA52/MAPK1/TNRC6C/NECTIN2/PCSK7/DNM2/ZMYM2/PSMD2/PSMD13/FYN/PSMD1"
"REACTOME_SUMOYLATION_OF_UBIQUITINYLATION_PROTEINS","REACTOME_SUMOYLATION_OF_UBIQUITINYLATION_PROTEINS",12,-0.236468097973995,-0.766896838982812,0.730223123732252,1,0.973790752184104,2538,"tags=100%, list=76%, signal=24%","VHL/NUP214/MDM2/NUP205/NUP58/NUP54/NUP153/NUP133/RANBP2/SUMO1/AAAS"
"REACTOME_S_PHASE","REACTOME_S_PHASE",27,0.185810200602416,0.76568762823068,0.748514851485149,1,0.973790752184104,1539,"tags=63%, list=46%, signal=34%","ANAPC2/LIG1/FZR1/CDK7/POLE/LIN54/PSMC2/TFDP1/PDS5A/UBA52/SMC1A/MAX/PSMD2/PSMD13/PSMD1/WAPL/STAG1"
"REACTOME_VIRAL_MESSENGER_RNA_SYNTHESIS","REACTOME_VIRAL_MESSENGER_RNA_SYNTHESIS",12,-0.236078224551523,-0.765632428697204,0.734279918864097,1,0.973790752184104,650,"tags=100%, list=20%, signal=81%","NUP214/GTF2F1/NUP205/NUP58/NUP54/NUP153/NUP133/RANBP2/POLR2L/POLR2K/AAAS"
"REACTOME_DISEASES_ASSOCIATED_WITH_O_GLYCOSYLATION_OF_PROTEINS","REACTOME_DISEASES_ASSOCIATED_WITH_O_GLYCOSYLATION_OF_PROTEINS",10,-0.246635187671113,-0.763994997297631,0.746062992125984,1,0.973790752184104,1264,"tags=70%, list=38%, signal=43%","ADAMTS19/THSD7A/THSD7B/ADAMTS6/SEMA5A/SEMA5B/ADAMTSL1"
"REACTOME_MAP2K_AND_MAPK_ACTIVATION","REACTOME_MAP2K_AND_MAPK_ACTIVATION",12,0.238282431206532,0.762618949534482,0.787819253438114,1,0.973790752184104,2531,"tags=100%, list=76%, signal=24%","IQGAP1/VCL/HRAS/MAPK1/RAP1A/ARRB1/CNKSR2/MARK3/KSR1/YWHAB/ACTG1/KRAS"
"REACTOME_RNA_POLYMERASE_II_TRANSCRIBES_SNRNA_GENES","REACTOME_RNA_POLYMERASE_II_TRANSCRIBES_SNRNA_GENES",15,0.221375012980567,0.761834135547042,0.766990291262136,1,0.973790752184104,942,"tags=47%, list=28%, signal=34%","SRRT/SNAPC4/CDK7/POLR2B/TAF6/ELL2/GTF2F1"
"REACTOME_DOPAMINE_NEUROTRANSMITTER_RELEASE_CYCLE","REACTOME_DOPAMINE_NEUROTRANSMITTER_RELEASE_CYCLE",10,0.252342097310366,0.760030175645375,0.763157894736842,1,0.973790752184104,2484,"tags=100%, list=75%, signal=25%","SYN1/CPLX1/UNC13B/SYN3/STX1A/SYT1/PPFIA3/VAMP2/RIMS1/RAB3A"
"REACTOME_SEROTONIN_NEUROTRANSMITTER_RELEASE_CYCLE","REACTOME_SEROTONIN_NEUROTRANSMITTER_RELEASE_CYCLE",10,0.252342097310366,0.760030175645375,0.763157894736842,1,0.973790752184104,2484,"tags=100%, list=75%, signal=25%","SYN1/CPLX1/UNC13B/SYN3/STX1A/SYT1/PPFIA3/VAMP2/RIMS1/RAB3A"
"REACTOME_ACTIVATION_OF_NMDA_RECEPTORS_AND_POSTSYNAPTIC_EVENTS","REACTOME_ACTIVATION_OF_NMDA_RECEPTORS_AND_POSTSYNAPTIC_EVENTS",22,0.195293882925667,0.756189102423129,0.753875968992248,1,0.973790752184104,1168,"tags=45%, list=35%, signal=30%","CAMK2A/GIT1/DLG4/CAMKK1/PRKAG2/HRAS/MAPK1/DLG1/PPM1E/RASGRF1"
"REACTOME_ER_TO_GOLGI_ANTEROGRADE_TRANSPORT","REACTOME_ER_TO_GOLGI_ANTEROGRADE_TRANSPORT",29,-0.172412167890083,-0.755626412437023,0.798780487804878,1,0.973790752184104,1005,"tags=34%, list=30%, signal=24%","ARF5/SAR1B/DYNLL1/COPG2/ARF3/TRAPPC6B/BET1/TMED9/PREB/SEC16B"
"REACTOME_MITOTIC_PROPHASE","REACTOME_MITOTIC_PROPHASE",17,0.209924599407231,0.754962638243631,0.784615384615385,1,0.973790752184104,1678,"tags=82%, list=51%, signal=41%","LMNA/PPP2R1B/NUP214/LEMD3/NUP205/MAPK1/USO1/NUP58/NUP54/PPP2R2D/GOLGA2/NUP153/NUP133/RANBP2"
"REACTOME_POSITIVE_EPIGENETIC_REGULATION_OF_RRNA_EXPRESSION","REACTOME_POSITIVE_EPIGENETIC_REGULATION_OF_RRNA_EXPRESSION",10,-0.24357812027803,-0.754525204212665,0.753937007874016,1,0.973790752184104,2514,"tags=100%, list=76%, signal=24%","KAT2A/CHD4/TAF1C/BAZ1B/GATAD2B/HDAC2/CBX3/POLR2L/POLR2K"
"REACTOME_INTERACTIONS_OF_REV_WITH_HOST_CELLULAR_PROTEINS","REACTOME_INTERACTIONS_OF_REV_WITH_HOST_CELLULAR_PROTEINS",10,-0.243148876296113,-0.753195547005594,0.755905511811024,1,0.973790752184104,82,"tags=100%, list=2%, signal=98%","NUP214/NUP205/NUP58/NUP54/NUP153/NUP133/RANBP2/XPO1/AAAS"
"REACTOME_INTEGRATION_OF_ENERGY_METABOLISM","REACTOME_INTEGRATION_OF_ENERGY_METABOLISM",24,0.187930018862371,0.752906917758982,0.771484375,1,0.973790752184104,1914,"tags=88%, list=58%, signal=37%","IQGAP1/AHCYL1/PPP2R1B/PRKAG2/ITPR1/KCNB1/GNA11/GNG4/RAP1A/STX1A/PRKAR2A/GNG2/CACNA1E/GNB1/GNG7/CACNB2/GNAQ/KCNC2/GNAI1/ADCY1/PRKAA2"
"REACTOME_DISORDERS_OF_TRANSMEMBRANE_TRANSPORTERS","REACTOME_DISORDERS_OF_TRANSMEMBRANE_TRANSPORTERS",29,0.178905566220827,0.75266471506763,0.788235294117647,1,0.973790752184104,1427,"tags=62%, list=43%, signal=36%","SLC3A1/CFTR/SLC24A4/OS9/VCP/SLC35A3/PSMC2/NUP214/NUP205/UBA52/SLC17A5/NUP58/NUP54/HK1/PSMD2/SLC20A2/PSMD13/PSMD1"
"REACTOME_DENGUE_VIRUS_GENOME_TRANSLATION_AND_REPLICATION","REACTOME_DENGUE_VIRUS_GENOME_TRANSLATION_AND_REPLICATION",26,0.184263033389436,0.75247124094561,0.766666666666667,1,0.973790752184104,200,"tags=12%, list=6%, signal=11%","HSPA1A/RRBP1/SUN2"
"REACTOME_SUMOYLATION_OF_DNA_REPLICATION_PROTEINS","REACTOME_SUMOYLATION_OF_DNA_REPLICATION_PROTEINS",13,0.227596993312149,0.751972667232358,0.798839458413926,1,0.973790752184104,1678,"tags=85%, list=51%, signal=42%","RANGAP1/UBE2I/PIAS3/NUP214/NUP205/NUP58/NUP54/NUP153/TOP1/NUP133/RANBP2"
"REACTOME_SLC_MEDIATED_TRANSMEMBRANE_TRANSPORT","REACTOME_SLC_MEDIATED_TRANSMEMBRANE_TRANSPORT",37,0.161961848592088,0.748202093075915,0.793168880455408,1,0.973790752184104,1194,"tags=49%, list=36%, signal=31%","SLC3A1/SLC30A5/SLC9A5/SLC22A3/SLC38A2/SLC24A4/SLC9A8/APOD/SLC5A3/SLC44A1/SLC4A8/SLC35A3/SLC9A1/SLC39A14/SLC7A5/SLC8A3/SLC26A11/SLC17A5"
"REACTOME_SUMOYLATION_OF_RNA_BINDING_PROTEINS","REACTOME_SUMOYLATION_OF_RNA_BINDING_PROTEINS",11,-0.23639661426844,-0.747647642300513,0.775510204081633,1,0.973790752184104,2538,"tags=100%, list=76%, signal=24%","NUP214/NUP205/PHC2/NUP58/NUP54/NUP153/NUP133/RANBP2/SUMO1/AAAS"
"REACTOME_SUMOYLATION_OF_SUMOYLATION_PROTEINS","REACTOME_SUMOYLATION_OF_SUMOYLATION_PROTEINS",10,-0.241033275709093,-0.746642109598605,0.759842519685039,1,0.973790752184104,82,"tags=100%, list=2%, signal=98%","NUP214/NUP205/NUP58/NUP54/NUP153/NUP133/RANBP2/SUMO1/AAAS"
"REACTOME_FATTY_ACID_METABOLISM","REACTOME_FATTY_ACID_METABOLISM",17,-0.203113440761585,-0.745065464101464,0.778008298755187,1,0.973790752184104,1453,"tags=71%, list=44%, signal=40%","SCP2/PRKAA2/HACD3/FAAH2/HSD17B12/CBR4/GPX4/ACADVL/CYP2U1/ACBD5/HACD2/GPX1"
"REACTOME_MAPK1_MAPK3_SIGNALING","REACTOME_MAPK1_MAPK3_SIGNALING",62,0.1443755132923,0.74393118012067,0.846003898635478,1,0.973790752184104,1552,"tags=61%, list=47%, signal=33%","IL6R/CAMK2A/NRG4/DAB2IP/IQGAP1/VCL/DLG4/RASA3/PPP2R1B/PSMC2/HRAS/RGL1/TYK2/UBA52/RAPGEF2/MAPK1/BCL2L1/IRS2/DLG1/PTPN11/RASGRF1/SYNGAP1/FNTB/ZDHHC9/IL6ST/PSMD2/PSMD13/SPTBN2/RAP1A/ARRB1/FYN/PTK2/PSMD1/CAMK2G/RALGDS/CNKSR2/GRIN1/PPP2R5C"
"REACTOME_MRNA_3_END_PROCESSING","REACTOME_MRNA_3_END_PROCESSING",39,0.159565837382701,0.742774236176715,0.820662768031189,1,0.973790752184104,788,"tags=28%, list=24%, signal=22%","THOC3/CPSF4/SRRT/DHX38/THOC5/SRSF10/SNRPA1/CSTF2/CPSF1/POLR2B/SF3A3"
"REACTOME_HEDGEHOG_LIGAND_BIOGENESIS","REACTOME_HEDGEHOG_LIGAND_BIOGENESIS",14,-0.218789812720618,-0.74015743950932,0.783333333333333,1,0.973790752184104,23,"tags=36%, list=1%, signal=36%","PSMC5/GPC5/SEM1/UBB/HHAT"
"REACTOME_RNA_POLYMERASE_I_TRANSCRIPTION_INITIATION","REACTOME_RNA_POLYMERASE_I_TRANSCRIPTION_INITIATION",12,-0.227971658209385,-0.739341778262513,0.778904665314402,1,0.973790752184104,709,"tags=50%, list=21%, signal=39%","HDAC2/CCNH/GTF2H2/POLR2L/POLR2K/GTF2H3"
"REACTOME_SARS_COV_2_HOST_INTERACTIONS","REACTOME_SARS_COV_2_HOST_INTERACTIONS",37,0.159732066099395,0.737901346680146,0.810246679316888,1,0.973790752184104,1532,"tags=65%, list=46%, signal=35%","VPS11/RIGI/STAT1/CHUK/STAT2/G3BP1/SEC24C/NUP214/RPS11/TYK2/NUP205/UBA52/PTPN11/CREBBP/NUP58/NUP54/SNRPF/B2M/TRAF3/MAP3K7/NUP153/IFNAR2/SEC24B/RPS27"
"REACTOME_RNA_POLYMERASE_I_TRANSCRIPTION","REACTOME_RNA_POLYMERASE_I_TRANSCRIPTION",13,-0.222805817105774,-0.737037852369444,0.8,1,0.973790752184104,1248,"tags=54%, list=38%, signal=34%","HDAC2/CBX3/CCNH/GTF2H2/POLR2L/POLR2K/GTF2H3"
"REACTOME_PCP_CE_PATHWAY","REACTOME_PCP_CE_PATHWAY",14,-0.217549167927383,-0.735960386355506,0.791666666666667,1,0.973790752184104,2601,"tags=100%, list=78%, signal=22%","PSMC2/UBA52/CLTA/PSMD2/PSMD13/AP2A2/PSMD1/SMURF2/PSMD11/AP2M1/PSMC5/SEM1/UBB"
"REACTOME_REGULATION_OF_PD_L1_CD274_POST_TRANSLATIONAL_MODIFICATION","REACTOME_REGULATION_OF_PD_L1_CD274_POST_TRANSLATIONAL_MODIFICATION",17,-0.200484554815264,-0.735422123314553,0.786307053941909,1,0.973790752184104,2658,"tags=100%, list=80%, signal=20%","BTRC/VCP/PSMC2/PRKAG2/UBA52/PSMD2/PSMD13/PSMD1/STT3B/PSMD11/PRKAA2/PSMC5/SEM1/UBB/COPS5/ERLIN1"
"REACTOME_REGULATION_OF_PTEN_GENE_TRANSCRIPTION","REACTOME_REGULATION_OF_PTEN_GENE_TRANSCRIPTION",16,0.207471051944619,0.733977522082983,0.792060491493384,1,0.973790752184104,23,"tags=6%, list=1%, signal=6%","EGR1"
"REACTOME_CELLULAR_RESPONSE_TO_HYPOXIA","REACTOME_CELLULAR_RESPONSE_TO_HYPOXIA",21,-0.188299341070947,-0.73316054537162,0.811475409836066,1,0.973790752184104,862,"tags=29%, list=26%, signal=21%","EGLN2/SEM1/CITED2/UBB/EGLN3/HIGD1A"
"REACTOME_DEGRADATION_OF_BETA_CATENIN_BY_THE_DESTRUCTION_COMPLEX","REACTOME_DEGRADATION_OF_BETA_CATENIN_BY_THE_DESTRUCTION_COMPLEX",15,0.212903763809706,0.732681401902018,0.798058252427184,1,0.973790752184104,41,"tags=7%, list=1%, signal=7%","TCF7"
"REACTOME_LATE_SARS_COV_2_INFECTION_EVENTS","REACTOME_LATE_SARS_COV_2_INFECTION_EVENTS",10,-0.23632517376851,-0.732057952474322,0.779527559055118,1,0.973790752184104,2538,"tags=100%, list=76%, signal=24%","FURIN/UBA52/ZDHHC9/STT3B/FUT8/MGAT4C/SUMO1/UBB/MGAT4B"
"REACTOME_DOWNSTREAM_TCR_SIGNALING","REACTOME_DOWNSTREAM_TCR_SIGNALING",13,0.221338901764973,0.731296147195646,0.812379110251451,1,0.973790752184104,1499,"tags=69%, list=45%, signal=38%","CHUK/CDC34/BTRC/PSMC2/UBA52/PSMD2/PSMD13/PSMD1/MAP3K7"
"REACTOME_PHOSPHOLIPID_METABOLISM","REACTOME_PHOSPHOLIPID_METABOLISM",44,0.154414579046153,0.730913271731403,0.844054580896686,1,0.973790752184104,935,"tags=36%, list=28%, signal=26%","MFSD2A/TPTE2/LIPI/PNPLA2/OSBPL5/GDPD5/MIGA2/PNPLA7/MBOAT7/PTDSS1/PLEKHA6/MTM1/PI4KA/SLC44A1/PIK3C2A/AGPAT4"
"REACTOME_EXTRACELLULAR_MATRIX_ORGANIZATION","REACTOME_EXTRACELLULAR_MATRIX_ORGANIZATION",43,0.154233063602964,0.730750928073429,0.851992409867173,1,0.973790752184104,339,"tags=16%, list=10%, signal=15%","TGFB1/COL4A1/SPP1/COL4A2/CAPN15/TNXB/JAM3"
"REACTOME_RIBOSOME_QUALITY_CONTROL_RQC_COMPLEX_EXTRACTS_AND_DEGRADES_NASCENT_PEPTIDE","REACTOME_RIBOSOME_QUALITY_CONTROL_RQC_COMPLEX_EXTRACTS_AND_DEGRADES_NASCENT_PEPTIDE",22,-0.185108817639334,-0.730208014259755,0.786008230452675,1,0.973790752184104,2494,"tags=95%, list=75%, signal=24%","VCP/PSMC2/NEMF/UBA52/ANKZF1/RPL37/NPLOC4/PSMD2/PSMD13/PSMD1/PSMD11/RPL29/ELOC/PSMC5/RCHY1/RPL7/RPL7A/RPL15/SEM1/RPL6/UBB"
"REACTOME_CELL_JUNCTION_ORGANIZATION","REACTOME_CELL_JUNCTION_ORGANIZATION",42,0.153170931717286,0.723603574465696,0.856866537717602,1,0.973790752184104,1494,"tags=57%, list=45%, signal=32%","CTNNA1/PCSK6/SIRT1/AGO2/VCL/POMT1/PLEC/FURIN/PRKCI/PSMC2/MDM2/UBA52/MAPK1/TNRC6C/NECTIN2/PCSK7/DNM2/ZMYM2/PSMD2/PSMD13/FYN/PSMD1/DST/SMARCA4"
"REACTOME_REGULATION_OF_TP53_ACTIVITY_THROUGH_PHOSPHORYLATION","REACTOME_REGULATION_OF_TP53_ACTIVITY_THROUGH_PHOSPHORYLATION",20,-0.1880841608757,-0.723285403022722,0.82172131147541,1,0.973790752184104,548,"tags=25%, list=17%, signal=21%","UBB/TAF13/DYRK2/TAF12/CDK5R1"
"REACTOME_RESOLUTION_OF_SISTER_CHROMATID_COHESION","REACTOME_RESOLUTION_OF_SISTER_CHROMATID_COHESION",18,-0.191760072705241,-0.717797408865612,0.827868852459016,1,0.973790752184104,2687,"tags=100%, list=81%, signal=19%","CLIP1/PPP2R1B/PDS5A/SMC1A/WAPL/RPS27/STAG1/PPP2R5C/AHCTF1/NUP133/RANBP2/CLASP1/XPO1/DYNLL1/PPP1CC/ITGB3BP/CENPO"
"REACTOME_RAF_ACTIVATION","REACTOME_RAF_ACTIVATION",10,0.23813841039589,0.717250034022222,0.805668016194332,1,0.973790752184104,2531,"tags=100%, list=76%, signal=24%","CAMK2A/PPP2R1B/HRAS/CAMK2G/PPP2R5C/MARK3/KSR1/YWHAB/PPP1CC/KRAS"
"REACTOME_INTRACELLULAR_SIGNALING_BY_SECOND_MESSENGERS","REACTOME_INTRACELLULAR_SIGNALING_BY_SECOND_MESSENGERS",64,0.136799937376439,0.715703536953102,0.867924528301887,1,0.973790752184104,1490,"tags=58%, list=45%, signal=32%","EGR1/CAMK2A/NRG4/FOXO1/AGO2/CHUK/PLCG1/CAMKK1/PRKCG/GAB2/GATAD2A/AHCYL1/PPP2R1B/PPARG/PSMC2/ITPR1/RPS6KB2/MDM2/MLST8/CHD4/UBA52/MAPK1/IRS2/PTPN11/PHC2/TNRC6C/INSR/PSMD2/PSMD13/SLC38A9/FYN/PSMD1/PRKAR2A/HDAC3/CAMK2G/PIP5K1A/GATAD2B"
"REACTOME_SIGNALING_BY_HEDGEHOG","REACTOME_SIGNALING_BY_HEDGEHOG",30,0.167706253203672,0.715360258265995,0.83852140077821,1,0.973790752184104,1918,"tags=83%, list=58%, signal=35%","EVC/IFT57/OS9/BTRC/VCP/IQCE/TULP3/PSMC2/TTC21B/UBA52/ADAM17/PSMD2/PSMD13/ARRB1/PSMD1/PRKAR2A/SMURF2/ITCH/DYNC2H1/PSMD11/NUMB/KIF3A/ULK3/ADCY1/CDC73"
"REACTOME_DUAL_INCISION_IN_TC_NER","REACTOME_DUAL_INCISION_IN_TC_NER",18,-0.189099186075422,-0.707837162703706,0.844262295081967,1,0.973790752184104,709,"tags=33%, list=21%, signal=26%","GTF2H2/POLR2L/UBB/ERCC8/POLR2K/GTF2H3"
"REACTOME_TRNA_AMINOACYLATION","REACTOME_TRNA_AMINOACYLATION",15,0.205579829051826,0.707477005841465,0.842718446601942,1,0.973790752184104,1193,"tags=53%, list=36%, signal=34%","QARS1/CARS1/RARS1/FARSB/TARS2/IARS1/VARS2/YARS1"
"REACTOME_ACTIVATION_OF_ANTERIOR_HOX_GENES_IN_HINDBRAIN_DEVELOPMENT_DURING_EARLY_EMBRYOGENESIS","REACTOME_ACTIVATION_OF_ANTERIOR_HOX_GENES_IN_HINDBRAIN_DEVELOPMENT_DURING_EARLY_EMBRYOGENESIS",11,0.225549708392121,0.704062226705309,0.826171875,1,0.973790752184104,1458,"tags=73%, list=44%, signal=41%","ZNF335/KMT2D/POLR2B/PAGR1/CREBBP/NCOR1/HDAC3/YY1"
"REACTOME_RHO_GTPASES_ACTIVATE_FORMINS","REACTOME_RHO_GTPASES_ACTIVATE_FORMINS",17,-0.191701998788613,-0.703205746311347,0.819502074688797,1,0.973790752184104,2687,"tags=76%, list=81%, signal=15%","RPS27/PPP2R5C/AHCTF1/MRTFA/NUP133/RANBP2/CLASP1/XPO1/DYNLL1/ACTG1/PPP1CC/ITGB3BP/CENPO"
"REACTOME_RECRUITMENT_OF_NUMA_TO_MITOTIC_CENTROSOMES","REACTOME_RECRUITMENT_OF_NUMA_TO_MITOTIC_CENTROSOMES",17,-0.191678940125627,-0.703121161985591,0.819502074688797,1,0.973790752184104,155,"tags=12%, list=5%, signal=11%","CEP41/MZT1"
"REACTOME_PROGRAMMED_CELL_DEATH","REACTOME_PROGRAMMED_CELL_DEATH",34,0.156135457392736,0.698770273309627,0.854932301740812,1,0.973790752184104,1497,"tags=59%, list=45%, signal=33%","IRF1/LMNA/PPP1R13B/DAPK1/RIPK1/PELI1/PLEC/STAT3/PSMC2/TFDP1/AVEN/UBA52/MAPK1/BCL2L1/PSMD2/PSMD13/PTK2/PSMD1/OPA1/ADD1"
"REACTOME_ACTIVATION_OF_THE_MRNA_UPON_BINDING_OF_THE_CAP_BINDING_COMPLEX_AND_EIFS_AND_SUBSEQUENT_BINDING_TO_43S","REACTOME_ACTIVATION_OF_THE_MRNA_UPON_BINDING_OF_THE_CAP_BINDING_COMPLEX_AND_EIFS_AND_SUBSEQUENT_BINDING_TO_43S",12,-0.215314450015464,-0.698292803633672,0.825557809330629,1,0.973790752184104,1147,"tags=50%, list=35%, signal=33%","RPS28/EIF4A2/RPS10/RPS27L/EIF3E/RPS3A"
"REACTOME_CELLULAR_RESPONSE_TO_CHEMICAL_STRESS","REACTOME_CELLULAR_RESPONSE_TO_CHEMICAL_STRESS",39,0.148426684581289,0.690921810560822,0.871345029239766,1,0.973790752184104,1448,"tags=62%, list=44%, signal=35%","BLVRB/PPARA/BRCA1/SESN2/ABCF2/SIN3A/TXNRD2/STAT3/BTRC/VCP/PRKCI/PSMC2/NCOR2/UBA52/BCL2L1/CREBBP/NPLOC4/EIF2AK3/PSMD2/PSMD13/SIN3B/NCOR1/PSMD1/HDAC3"
"REACTOME_TRANSCRIPTIONAL_REGULATION_BY_THE_AP_2_TFAP2_FAMILY_OF_TRANSCRIPTION_FACTORS","REACTOME_TRANSCRIPTIONAL_REGULATION_BY_THE_AP_2_TFAP2_FAMILY_OF_TRANSCRIPTION_FACTORS",13,-0.208119670351426,-0.688456328762867,0.843298969072165,1,0.973790752184104,853,"tags=38%, list=26%, signal=29%","KCTD1/KIT/CITED2/APOE/KCTD15"
"REACTOME_ION_CHANNEL_TRANSPORT","REACTOME_ION_CHANNEL_TRANSPORT",34,0.151945090181293,0.680016659681414,0.872340425531915,1,0.973790752184104,381,"tags=15%, list=11%, signal=13%","ATP2C2/CAMK2A/SLC9B1/ATP6V0A2/ATP8B2"
"REACTOME_SARS_COV_1_HOST_INTERACTIONS","REACTOME_SARS_COV_1_HOST_INTERACTIONS",18,0.186301786426768,0.678938414032029,0.863813229571984,1,0.973790752184104,172,"tags=11%, list=5%, signal=11%","RCAN3/RIGI"
"REACTOME_AMPK_INDUCED_ERAD_AND_LYSOSOME_MEDIATED_DEGRADATION_OF_PD_L1_CD274","REACTOME_AMPK_INDUCED_ERAD_AND_LYSOSOME_MEDIATED_DEGRADATION_OF_PD_L1_CD274",14,-0.200302571860817,-0.677615821651384,0.85625,1,0.973790752184104,2658,"tags=100%, list=80%, signal=20%","VCP/PSMC2/PRKAG2/UBA52/PSMD2/PSMD13/PSMD1/PSMD11/PRKAA2/PSMC5/SEM1/UBB/ERLIN1"
"REACTOME_SIGNALING_BY_FGFR_IN_DISEASE","REACTOME_SIGNALING_BY_FGFR_IN_DISEASE",17,0.188174419220423,0.676741346110769,0.869230769230769,1,0.973790752184104,975,"tags=47%, list=29%, signal=33%","STAT1/PLCG1/GAB2/POLR2B/STAT3/GTF2F1/HRAS/STAT5B"
"REACTOME_RAB_GERANYLGERANYLATION","REACTOME_RAB_GERANYLGERANYLATION",10,-0.218228717418463,-0.676001060305767,0.846456692913386,1,0.973790752184104,465,"tags=30%, list=14%, signal=26%","RAB3A/RAB27B/CHML"
"REACTOME_PROCESSING_OF_DNA_DOUBLE_STRAND_BREAK_ENDS","REACTOME_PROCESSING_OF_DNA_DOUBLE_STRAND_BREAK_ENDS",10,0.223528563952242,0.673246578883064,0.848178137651822,1,0.973790752184104,1493,"tags=70%, list=45%, signal=39%","BLM/BRCA1/UBE2I/UBA52/UIMC1/RAD9A/NSD2"
"REACTOME_CELLULAR_RESPONSES_TO_STIMULI","REACTOME_CELLULAR_RESPONSES_TO_STIMULI",178,0.102944802558858,0.66507441019366,0.982283464566929,1,0.973790752184104,1514,"tags=55%, list=46%, signal=32%","HSPA1A/ERF/FOS/CRYAB/CAMK2A/SPP1/LMNA/HSPB1/ANAPC2/DNAJB1/STAT1/BLVRB/MAPKAPK2/PPARA/MAP2K3/KHSRP/SIRT1/BRCA1/CHUK/FZR1/RAI1/VCL/DDIT3/HIF3A/DIS3/TSPYL2/MAP2K7/GCN1/SESN2/PPP1R15A/LONP1/KDM6B/CXXC1/ABCF2/WTIP/SIN3A/MAP3K5/CABIN1/TXNRD2/VHL/STAT3/BTRC/VCP/UBN1/PPP2R1B/GOSR2/PTPN1/PRKCI/PSMC2/ARNT/NUP214/HIRA/RPS11/TFDP1/CRTC2/NPRL3/MDM2/MAPK14/NCOR2/NUP205/MEF2D/MLST8/UBA52/DNAJC2/GNA11/MAPK1/BCL2L1/CRTC3/CREBBP/PHC2/BMAL1/RPL37/TNRC6C/ITFG2/NPLOC4/NUP58/EIF2AK3/MAP2K4/NUP54/PSMD2/MAPKAPK5/PSMD13/GNG4/SLC38A9/SIN3B/NCOR1/FYN/PTK2/PSMD1/PRKAR2A/HDAC3/CAMK2G/HSPA9/GNG2/ADD1/NUP153/TERF2IP/CASTOR2"
"REACTOME_TRANSCRIPTIONAL_ACTIVATION_OF_MITOCHONDRIAL_BIOGENESIS","REACTOME_TRANSCRIPTIONAL_ACTIVATION_OF_MITOCHONDRIAL_BIOGENESIS",15,0.19252336279119,0.662544826942647,0.889320388349515,1,0.973790752184104,1176,"tags=53%, list=35%, signal=35%","PPARA/SSBP1/GABPB1/ESRRA/CRTC2/MEF2D/CRTC3/CREBBP"
"REACTOME_PI_METABOLISM","REACTOME_PI_METABOLISM",20,0.174024560154847,0.66184619183392,0.857976653696498,1,0.973790752184104,997,"tags=40%, list=30%, signal=28%","TPTE2/GDPD5/PNPLA7/PLEKHA6/MTM1/PI4KA/PIK3C2A/RUFY1"
"REACTOME_INTERLEUKIN_12_FAMILY_SIGNALING","REACTOME_INTERLEUKIN_12_FAMILY_SIGNALING",12,0.206434826897018,0.660691222757766,0.868369351669941,1,0.973790752184104,1002,"tags=50%, list=30%, signal=35%","STAT1/SNRPA1/STAT3/PITPNA/IL27RA/TYK2"
"REACTOME_RESPIRATORY_SYNCYTIAL_VIRUS_INFECTION_PATHWAY","REACTOME_RESPIRATORY_SYNCYTIAL_VIRUS_INFECTION_PATHWAY",23,0.167258194817742,0.660008363388812,0.884836852207294,1,0.973790752184104,1259,"tags=57%, list=38%, signal=35%","RIGI/MED25/STAT2/MED6/FURIN/ARIH1/TYK2/MED23/GPC1/UBA52/CREBBP/CUL5/CDK19"
"REACTOME_REGULATION_OF_RUNX3_EXPRESSION_AND_ACTIVITY","REACTOME_REGULATION_OF_RUNX3_EXPRESSION_AND_ACTIVITY",12,0.205476772531018,0.657624985727631,0.870333988212181,1,0.973790752184104,1680,"tags=75%, list=51%, signal=37%","TGFB1/PSMC2/MDM2/UBA52/PSMD2/PSMD13/PSMD1/SMURF2/PSMD11"
"REACTOME_RIBOSOME_ASSOCIATED_QUALITY_CONTROL","REACTOME_RIBOSOME_ASSOCIATED_QUALITY_CONTROL",30,-0.149114436388795,-0.656745318719702,0.897540983606557,1,0.973790752184104,2494,"tags=43%, list=75%, signal=11%","ELOC/RPS28/PSMC5/RPS10/RCHY1/RPL7/RPL7A/RPL15/SEM1/RPL6/RPS27L/UBB/RPS3A"
"REACTOME_DNA_DOUBLE_STRAND_BREAK_RESPONSE","REACTOME_DNA_DOUBLE_STRAND_BREAK_RESPONSE",13,0.198470400168812,0.655739401517167,0.887814313346228,1,0.973790752184104,1179,"tags=54%, list=36%, signal=35%","BRCA1/UBXN1/UBE2I/UBA52/UIMC1/BAZ1B/KDM4B"
"REACTOME_DENGUE_VIRUS_ATTACHMENT_AND_ENTRY","REACTOME_DENGUE_VIRUS_ATTACHMENT_AND_ENTRY",11,-0.204251910372901,-0.645984121634954,0.879591836734694,1,0.973790752184104,1181,"tags=55%, list=36%, signal=35%","AP2M1/RNASEK/GPC5/GAS6/PROS1/HSPA5"
"REACTOME_NUCLEAR_RECEPTOR_TRANSCRIPTION_PATHWAY","REACTOME_NUCLEAR_RECEPTOR_TRANSCRIPTION_PATHWAY",10,0.214264128135388,0.645342987464156,0.876518218623482,1,0.973790752184104,2610,"tags=100%, list=79%, signal=21%","PPARA/ESRRA/PPARG/NCOR2/NCOR1/NR6A1/THRB/RARB/ESRRG/NR2E1"
"REACTOME_TRANSCRIPTIONAL_AND_POST_TRANSLATIONAL_REGULATION_OF_MITF_M_EXPRESSION_AND_ACTIVITY","REACTOME_TRANSCRIPTIONAL_AND_POST_TRANSLATIONAL_REGULATION_OF_MITF_M_EXPRESSION_AND_ACTIVITY",17,0.178376741368867,0.641505453126535,0.896153846153846,1,0.973790752184104,2730,"tags=100%, list=82%, signal=18%","SIRT1/QARS1/RARS1/UBE2I/IARS1/MAPK1/CREBBP/MARK3/XPO1/SUMO1/MITF/HINT1/DARS1/YWHAB/KIT/KITLG/AIMP2"
"REACTOME_ABC_FAMILY_PROTEINS_MEDIATED_TRANSPORT","REACTOME_ABC_FAMILY_PROTEINS_MEDIATED_TRANSPORT",14,0.188972712401017,0.640247802033294,0.896551724137931,1,0.973790752184104,1427,"tags=64%, list=43%, signal=37%","CFTR/OS9/ABCC4/VCP/PSMC2/UBA52/PSMD2/PSMD13/PSMD1"
"REACTOME_SARS_COV_1_INFECTION","REACTOME_SARS_COV_1_INFECTION",21,0.166768421166297,0.639639509243396,0.865758754863813,1,0.973790752184104,1149,"tags=43%, list=35%, signal=28%","RCAN3/RIGI/RIPK1/UBE2I/VHL/VCP/RPS11/UBA52/BCL2L1"
"REACTOME_ANTIGEN_PROCESSING_CROSS_PRESENTATION","REACTOME_ANTIGEN_PROCESSING_CROSS_PRESENTATION",15,-0.182214714818877,-0.638100863662052,0.897330595482546,1,0.973790752184104,857,"tags=33%, list=26%, signal=25%","TAPBP/SEM1/UBB/SNAP23/PSMB10"
"REACTOME_MRNA_SPLICING_MINOR_PATHWAY","REACTOME_MRNA_SPLICING_MINOR_PATHWAY",15,0.185312161885311,0.637728390189379,0.899029126213592,1,0.973790752184104,1335,"tags=67%, list=40%, signal=40%","PRPF6/SNRNP200/POLR2B/SNRNP40/GTF2F1/PDCD7/EFTUD2/DDX42/PRPF8/SNRPF"
"REACTOME_SARS_COV_2_INFECTION","REACTOME_SARS_COV_2_INFECTION",50,0.130121629364977,0.636498027700379,0.939571150097466,1,0.973790752184104,1532,"tags=60%, list=46%, signal=33%","VPS11/RIGI/STAT1/CHUK/STAT2/G3BP1/SEC24C/UBE2I/FURIN/VHL/VCP/NUP214/RPS11/TYK2/GPC1/NUP205/UBA52/PTPN11/CREBBP/ZDHHC9/NUP58/NUP54/SNRPF/B2M/TRAF3/MAP3K7/NUP153/IFNAR2/SEC24B/RPS27"
"REACTOME_INTRA_GOLGI_AND_RETROGRADE_GOLGI_TO_ER_TRAFFIC","REACTOME_INTRA_GOLGI_AND_RETROGRADE_GOLGI_TO_ER_TRAFFIC",29,-0.145159282110916,-0.63618588476501,0.914634146341463,1,0.973790752184104,1066,"tags=38%, list=32%, signal=26%","GOLIM4/ARF5/DYNLL1/COPG2/ARF3/TGOLN2/TMED9/USP6NL/KIF6/SCOC/ARL1"
"REACTOME_L1CAM_INTERACTIONS","REACTOME_L1CAM_INTERACTIONS",27,-0.148502720372733,-0.633880505161917,0.915492957746479,1,0.973790752184104,2313,"tags=85%, list=70%, signal=26%","MAPK1/DLG1/NFASC/CLTA/DNM2/SPTBN2/AP2A2/SPTBN4/SPTBN1/DNM1/NRCAM/ANK3/NUMB/SCN3A/CHL1/AP2M1/ALCAM/ACTG1/NRP1/SCN7A/RPS6KA6/HSPA8/SCN9A"
"REACTOME_SIGNALING_BY_FGFR1","REACTOME_SIGNALING_BY_FGFR1",11,0.20241597638643,0.631849378442102,0.896484375,1,0.973790752184104,1329,"tags=64%, list=40%, signal=38%","TGFBR3/PLCG1/HRAS/UBA52/MAPK1/PTPN11/GIPC1"
"REACTOME_RUNX1_REGULATES_TRANSCRIPTION_OF_GENES_INVOLVED_IN_DIFFERENTIATION_OF_HSCS","REACTOME_RUNX1_REGULATES_TRANSCRIPTION_OF_GENES_INVOLVED_IN_DIFFERENTIATION_OF_HSCS",13,-0.190865093768905,-0.631378482981631,0.909278350515464,1,0.973790752184104,2689,"tags=100%, list=81%, signal=19%","PSMC2/UBA52/PSMD2/PSMD13/PSMD1/ITCH/KMT2A/PSMD11/PSMC5/CCNH/SEM1/UBB"
"REACTOME_AUTOPHAGY","REACTOME_AUTOPHAGY",40,-0.133091782301175,-0.628933991013968,0.931535269709544,1,0.973790752184104,108,"tags=40%, list=3%, signal=39%","GABARAPL1/VDAC2/RRAGB/TOMM20/DYNLL1/GABARAPL2/ATG4C/RRAGA/TOMM6/TOMM5/UBB/LAMTOR5/HSPA8/FUNDC1/LAMTOR1/ATG3"
"REACTOME_HOST_INTERACTIONS_OF_HIV_FACTORS","REACTOME_HOST_INTERACTIONS_OF_HIV_FACTORS",31,-0.140649590013967,-0.627882040955358,0.920245398773006,1,0.973790752184104,2499,"tags=94%, list=75%, signal=23%","BTRC/PSMC2/NUP214/NUP205/UBA52/CUL5/NUP58/NUP54/PSMD2/B2M/PSMD13/FYN/AP2A2/PSMD1/NUP153/NUP133/ELMO1/RANBP2/PSMD11/XPO1/AP2M1/ELOC/PSMC5/AP1S2/SEM1/SLC25A4/SLC25A5/UBB/AAAS"
"REACTOME_NOTCH1_INTRACELLULAR_DOMAIN_REGULATES_TRANSCRIPTION","REACTOME_NOTCH1_INTRACELLULAR_DOMAIN_REGULATES_TRANSCRIPTION",13,0.189970372592593,0.627655601661025,0.901353965183752,1,0.973790752184104,1448,"tags=62%, list=44%, signal=35%","MAMLD1/KAT2A/HDAC4/NCOR2/UBA52/CREBBP/NCOR1/HDAC3"
"REACTOME_RHOB_GTPASE_CYCLE","REACTOME_RHOB_GTPASE_CYCLE",15,-0.177966101694915,-0.623222571826728,0.905544147843943,1,0.973790752184104,2732,"tags=93%, list=82%, signal=17%","VAV2/SLK/ARHGAP39/DIAPH1/ARHGEF2/ABR/MYO9A/ROCK2/OPHN1/MCF2L/ARHGEF11/MCF2/SNAP23/ARHGEF28"
"REACTOME_NERVOUS_SYSTEM_DEVELOPMENT","REACTOME_NERVOUS_SYSTEM_DEVELOPMENT",129,-0.0970584700700814,-0.614495966882922,0.98343685300207,1,0.973790752184104,845,"tags=23%, list=25%, signal=18%","RPL7A/NCBP2/UTRN/KRAS/LAMA2/RPL15/SEM1/RPL6/NRP1/EFNB2/NAB1/SLIT3/SCN7A/SEMA5A/RPS27L/RPS6KA6/UBB/EPHA3/EFNA3/HSPA8/RPS3A/RELN/ARHGEF28/ADGRV1/COL5A2/CDK5R1/EPHA7/SCN9A/SEMA3A/MYH11"
"REACTOME_ASPARAGINE_N_LINKED_GLYCOSYLATION","REACTOME_ASPARAGINE_N_LINKED_GLYCOSYLATION",61,-0.115435147261037,-0.613629196264227,0.963114754098361,1,0.973790752184104,1042,"tags=33%, list=31%, signal=23%","NPL/ARF5/SLC35A1/SAR1B/DYNLL1/COPG2/CMAS/ARF3/NUS1/NAGK/DPM3/TRAPPC6B/BET1/ST8SIA6/TMED9/UBB/MGAT4B/DPM2/PREB/SEC16B"
"REACTOME_SIGNALING_BY_INSULIN_RECEPTOR","REACTOME_SIGNALING_BY_INSULIN_RECEPTOR",17,-0.167257643226465,-0.613538390703151,0.902489626556017,1,0.973790752184104,1007,"tags=35%, list=30%, signal=25%","ATP6V0D1/ATP6V0E2/KRAS/ATP6V1G1/FGFR3/ATP6V1G2"
"REACTOME_CARGO_RECOGNITION_FOR_CLATHRIN_MEDIATED_ENDOCYTOSIS","REACTOME_CARGO_RECOGNITION_FOR_CLATHRIN_MEDIATED_ENDOCYTOSIS",21,-0.157204457436438,-0.612089798580454,0.926229508196721,1,0.973790752184104,2217,"tags=90%, list=67%, signal=30%","UBA52/CLTA/EPS15L1/ARRB1/AP2A2/GRK3/ITSN1/SH3GL3/PICALM/SYT1/ITSN2/AP2M1/NEDD8/VAMP2/TGOLN2/UBB/COPS5/TACR1/COPS7A"
"REACTOME_GLOBAL_GENOME_NUCLEOTIDE_EXCISION_REPAIR_GG_NER","REACTOME_GLOBAL_GENOME_NUCLEOTIDE_EXCISION_REPAIR_GG_NER",24,0.152725904742182,0.611868135263684,0.921875,1,0.973790752184104,1104,"tags=46%, list=33%, signal=31%","ERCC1/LIG1/CDK7/POLE/INO80/UBE2I/DDB1/PIAS3/CUL4A/RNF111/UBA52"
"REACTOME_STIMULI_SENSING_CHANNELS","REACTOME_STIMULI_SENSING_CHANNELS",12,-0.187756495751842,-0.608918768849793,0.912778904665314,1,0.973790752184104,548,"tags=25%, list=17%, signal=21%","UBB/TRPM3/OSTM1"
"REACTOME_HIV_LIFE_CYCLE","REACTOME_HIV_LIFE_CYCLE",34,-0.134000156903684,-0.606399414885551,0.936082474226804,1,0.973790752184104,709,"tags=24%, list=21%, signal=19%","GTF2H2/POLR2L/UBB/TAF13/POLR2K/TAF12/GTF2H3/AAAS"
"REACTOME_ACTIVATION_OF_NF_KAPPAB_IN_B_CELLS","REACTOME_ACTIVATION_OF_NF_KAPPAB_IN_B_CELLS",12,0.188705639350456,0.603949253513967,0.905697445972495,1,0.973790752184104,1499,"tags=67%, list=45%, signal=37%","CHUK/BTRC/PSMC2/UBA52/PSMD2/PSMD13/PSMD1/MAP3K7"
"REACTOME_SYNTHESIS_OF_DNA","REACTOME_SYNTHESIS_OF_DNA",16,0.170580892496247,0.60346992804818,0.926275992438563,1,0.973790752184104,1427,"tags=56%, list=43%, signal=32%","ANAPC2/LIG1/FZR1/POLE/PSMC2/UBA52/PSMD2/PSMD13/PSMD1"
"REACTOME_INFLUENZA_INFECTION","REACTOME_INFLUENZA_INFECTION",32,0.137897448397624,0.602955220895674,0.938104448742747,1,0.973790752184104,231,"tags=9%, list=7%, signal=9%","HSPA1A/TGFB1/CPSF4"
"REACTOME_MITOTIC_PROMETAPHASE","REACTOME_MITOTIC_PROMETAPHASE",34,0.134055242246312,0.599952245487843,0.936170212765957,1,0.973790752184104,1704,"tags=74%, list=51%, signal=36%","CEP135/ODF2/RANGAP1/TUBGCP3/CLIP1/HAUS6/PPP2R1B/TUBGCP5/EML4/PDS5A/CEP164/SMC1A/SFI1/TUBGCP2/MZT2B/ALMS1/CEP57/WAPL/RPS27/STAG1/PPP2R5C/AHCTF1/NUP133/RANBP2/CLASP1"
"REACTOME_ANCHORING_OF_THE_BASAL_BODY_TO_THE_PLASMA_MEMBRANE","REACTOME_ANCHORING_OF_THE_BASAL_BODY_TO_THE_PLASMA_MEMBRANE",17,0.165714754745601,0.595968499127339,0.934615384615385,1,0.973790752184104,221,"tags=12%, list=7%, signal=11%","CEP135/TMEM67"
"REACTOME_CYCLIN_A_CDK2_ASSOCIATED_EVENTS_AT_S_PHASE_ENTRY","REACTOME_CYCLIN_A_CDK2_ASSOCIATED_EVENTS_AT_S_PHASE_ENTRY",17,0.165354330708661,0.594672287618146,0.936538461538462,1,0.973790752184104,2773,"tags=100%, list=84%, signal=17%","FZR1/CDK7/LIN54/PSMC2/TFDP1/UBA52/MAX/PSMD2/PSMD13/PSMD1/PSMD11/LIN52/PSMC5/CCNH/CDC25B/SEM1/UBB"
"REACTOME_DNA_REPLICATION_PRE_INITIATION","REACTOME_DNA_REPLICATION_PRE_INITIATION",17,0.165354330708661,0.594672287618146,0.936538461538462,1,0.973790752184104,2773,"tags=100%, list=84%, signal=17%","ANAPC2/DBF4/FZR1/POLE/PSMC2/UBA52/PSMD2/PSMD13/PSMD1/KPNA6/PSMD11/ANAPC10/ORC5/PSMC5/ANAPC7/SEM1/UBB"
"REACTOME_SIGNALING_BY_EGFR","REACTOME_SIGNALING_BY_EGFR",11,-0.187726723095526,-0.59372018653276,0.910204081632653,1,0.973790752184104,2699,"tags=91%, list=81%, signal=17%","HRAS/UBA52/PTPN11/EPS15L1/ADAM17/ADAM10/SH3GL3/KRAS/UBB/PTPRK"
"REACTOME_ISG15_ANTIVIRAL_MECHANISM","REACTOME_ISG15_ANTIVIRAL_MECHANISM",19,0.15982213758805,0.593383583973179,0.924271844660194,1,0.973790752184104,1318,"tags=53%, list=40%, signal=32%","RIGI/STAT1/PLCG1/ARIH1/NUP214/NUP205/EIF4E3/UBA52/NUP58/NUP54"
"REACTOME_AMYLOID_FIBER_FORMATION","REACTOME_AMYLOID_FIBER_FORMATION",11,-0.187122128174123,-0.591808044225086,0.914285714285714,1,0.973790752184104,2701,"tags=100%, list=81%, signal=19%","FURIN/APH1B/UBA52/B2M/USP9X/ADAM10/ITM2B/TSPAN14/UBB/APOE"
"REACTOME_NEUROTRANSMITTER_RELEASE_CYCLE","REACTOME_NEUROTRANSMITTER_RELEASE_CYCLE",17,0.164394712082754,0.591221161777877,0.938461538461538,1,0.973790752184104,2484,"tags=94%, list=75%, signal=24%","SYN1/CPLX1/SLC38A2/UNC13B/SYN3/ABAT/STX1A/SYT1/PPFIA3/ARL6IP5/VAMP2/SLC1A1/RIMS1/SLC6A11/SLC1A2/RAB3A"
"REACTOME_SEPARATION_OF_SISTER_CHROMATIDS","REACTOME_SEPARATION_OF_SISTER_CHROMATIDS",30,0.138035877166312,0.5887996353943,0.947470817120623,1,0.973790752184104,2865,"tags=100%, list=86%, signal=14%","ANAPC2/RANGAP1/CLIP1/PPP2R1B/PSMC2/PDS5A/UBA52/SMC1A/PSMD2/PSMD13/PSMD1/WAPL/RPS27/STAG1/PPP2R5C/AHCTF1/NUP133/RANBP2/PSMD11/CLASP1/XPO1/ANAPC10/PSMC5/DYNLL1/ANAPC7/PPP1CC/SEM1/ITGB3BP/UBB/CENPO"
"REACTOME_TRANSCRIPTIONAL_REGULATION_BY_TP53","REACTOME_TRANSCRIPTIONAL_REGULATION_BY_TP53",73,-0.106504391803589,-0.58747244312255,0.982721382289417,1,0.973790752184104,752,"tags=25%, list=23%, signal=19%","PRELID3A/RRAGA/GTF2H2/POLR2L/NDUFA4/UBB/LAMTOR5/COX7A2/TAF13/PIP4K2C/CNOT3/POLR2K/DYRK2/TAF12/GTF2H3/CDK5R1/CYCS/LAMTOR1"
"REACTOME_TRANSCRIPTIONAL_REGULATION_BY_RUNX2","REACTOME_TRANSCRIPTIONAL_REGULATION_BY_RUNX2",16,0.165759776147507,0.586414097858114,0.939508506616257,1,0.973790752184104,1448,"tags=62%, list=44%, signal=35%","STAT1/ESRRA/PSMC2/HDAC4/UBA52/MAPK1/PSMD2/PSMD13/PSMD1/HDAC3"
"REACTOME_TGF_BETA_RECEPTOR_SIGNALING_ACTIVATES_SMADS","REACTOME_TGF_BETA_RECEPTOR_SIGNALING_ACTIVATES_SMADS",16,0.1657051435957,0.586220822388477,0.939508506616257,1,0.973790752184104,899,"tags=31%, list=27%, signal=23%","TGFB1/TGFBR3/PPP1R15A/FURIN/LTBP3"
"REACTOME_SCF_BETA_TRCP_MEDIATED_DEGRADATION_OF_EMI1","REACTOME_SCF_BETA_TRCP_MEDIATED_DEGRADATION_OF_EMI1",11,0.186705718110432,0.582809193452437,0.943359375,1,0.973790752184104,1427,"tags=64%, list=43%, signal=36%","FZR1/BTRC/PSMC2/UBA52/PSMD2/PSMD13/PSMD1"
"REACTOME_METABOLISM_OF_RNA","REACTOME_METABOLISM_OF_RNA",158,-0.0871937482595307,-0.570026075849674,0.991489361702128,1,0.973790752184104,1038,"tags=32%, list=31%, signal=23%","GCFC2/EIF4A2/NGRN/CCNH/YWHAB/RPS10/SLBP/RPL7/SRSF1/EXOSC1/GEMIN8/CWC15/RPL7A/NCBP2/TRDMT1/CHTOP/RPL15/SEM1/RPL6/GTF2H2/TSEN15/PLRG1/LSM8/POLR2L/RPS27L/CWC27/UBB/NOP10/IMP4/TFB1M/HSPA8/LSM7/RPS3A/CNOT3/TRMT13/POLR2K/REXO2/SNRNP25/NT5C3B/GTF2H3/RIOK1/POP5/SET/NOL12/TYW3/SNRPA/RPP25/SRSF8/AAAS/RPUSD3"
"REACTOME_SIGNALING_BY_PTK6","REACTOME_SIGNALING_BY_PTK6",15,0.165254237288136,0.568701577087855,0.953398058252427,1,0.973790752184104,2773,"tags=100%, list=84%, signal=17%","NRG4/STAT3/PTPN1/HRAS/PELP1/UBA52/SFPQ/ELMO1/NRG3/RASA1/ERBB4/KHDRBS2/KRAS/NRG1/UBB"
"REACTOME_NEGATIVE_EPIGENETIC_REGULATION_OF_RRNA_EXPRESSION","REACTOME_NEGATIVE_EPIGENETIC_REGULATION_OF_RRNA_EXPRESSION",16,0.160685791958871,0.568463688357815,0.952741020793951,1,0.973790752184104,802,"tags=38%, list=24%, signal=29%","SIRT1/CDK7/SAP30BP/BAZ2A/SIN3A/SUDS3"
"REACTOME_NR1H2_AND_NR1H3_MEDIATED_SIGNALING","REACTOME_NR1H2_AND_NR1H3_MEDIATED_SIGNALING",12,0.176799920144898,0.565845197633633,0.931237721021611,1,0.973790752184104,1448,"tags=58%, list=44%, signal=33%","AGO2/APOD/KDM1B/NCOR2/TNRC6C/NCOR1/HDAC3"
"REACTOME_NR1H3_NR1H2_REGULATE_GENE_EXPRESSION_LINKED_TO_CHOLESTEROL_TRANSPORT_AND_EFFLUX","REACTOME_NR1H3_NR1H2_REGULATE_GENE_EXPRESSION_LINKED_TO_CHOLESTEROL_TRANSPORT_AND_EFFLUX",12,0.176799920144898,0.565845197633633,0.931237721021611,1,0.973790752184104,1448,"tags=58%, list=44%, signal=33%","AGO2/APOD/KDM1B/NCOR2/TNRC6C/NCOR1/HDAC3"
"REACTOME_VESICLE_MEDIATED_TRANSPORT","REACTOME_VESICLE_MEDIATED_TRANSPORT",136,0.0904076065367887,0.565233741042337,0.994350282485876,1,0.973790752184104,333,"tags=10%, list=10%, signal=9%","MSR1/RIN1/RIN3/COL4A1/TBC1D16/COL4A2/TBC1D10A/SYT2/STX4/KIF9/KIF27/RINT1/CFTR"
"REACTOME_NEUTROPHIL_DEGRANULATION","REACTOME_NEUTROPHIL_DEGRANULATION",56,0.113095295269263,0.565032946157857,0.982591876208897,1,0.973790752184104,1427,"tags=54%, list=43%, signal=31%","HSPA1A/MVP/DOCK2/UBR4/MAN2B1/IQGAP1/VCL/C1orf35/CTSH/VCP/PSEN1/BRI3/GAA/PSMC2/MAPK14/DIAPH1/MAPK1/LAMP2/ATP11B/NFASC/CYFIP1/SLC2A3/RAB6A/PSMD2/B2M/PSMD13/FAF2/RAP1A/AP2A2/PSMD1"
"REACTOME_FORMATION_OF_INCISION_COMPLEX_IN_GG_NER","REACTOME_FORMATION_OF_INCISION_COMPLEX_IN_GG_NER",17,0.156945619641523,0.564431607348179,0.95,1,0.973790752184104,1104,"tags=47%, list=33%, signal=32%","ERCC1/CDK7/UBE2I/DDB1/PIAS3/CUL4A/RNF111/UBA52"
"REACTOME_FORMATION_OF_RNA_POL_II_ELONGATION_COMPLEX","REACTOME_FORMATION_OF_RNA_POL_II_ELONGATION_COMPLEX",18,0.154563366769685,0.563274293364386,0.964980544747082,1,0.973790752184104,752,"tags=33%, list=23%, signal=26%","MLLT1/RTF1/LEO1/CDK7/EAF1/POLR2B"
"REACTOME_POTASSIUM_CHANNELS","REACTOME_POTASSIUM_CHANNELS",20,-0.146104880266748,-0.561852346924415,0.956967213114754,1,0.973790752184104,2838,"tags=100%, list=86%, signal=15%","KCNJ14/KCNN3/KCNQ4/KCNB1/KCNC1/GNG4/GNG2/KCNJ6/GNB1/GNG7/KCNQ5/KCNC2/GABBR1/KCND2/KCNN2/KCNH7/KCNJ9/KCNB2/KCNK2"
"REACTOME_APC_C_MEDIATED_DEGRADATION_OF_CELL_CYCLE_PROTEINS","REACTOME_APC_C_MEDIATED_DEGRADATION_OF_CELL_CYCLE_PROTEINS",14,0.165204236006051,0.559719166040265,0.944444444444444,1,0.973790752184104,2773,"tags=100%, list=84%, signal=17%","ANAPC2/FZR1/BTRC/PSMC2/UBA52/PSMD2/PSMD13/PSMD1/PSMD11/ANAPC10/PSMC5/ANAPC7/SEM1/UBB"
"REACTOME_SWITCHING_OF_ORIGINS_TO_A_POST_REPLICATIVE_STATE","REACTOME_SWITCHING_OF_ORIGINS_TO_A_POST_REPLICATIVE_STATE",14,0.165204236006051,0.559719166040265,0.944444444444444,1,0.973790752184104,2773,"tags=100%, list=84%, signal=17%","ANAPC2/FZR1/PSMC2/UBA52/PSMD2/PSMD13/PSMD1/PSMD11/ANAPC10/ORC5/PSMC5/ANAPC7/SEM1/UBB"
"REACTOME_FBXL7_DOWN_REGULATES_AURKA_DURING_MITOTIC_ENTRY_AND_IN_EARLY_MITOSIS","REACTOME_FBXL7_DOWN_REGULATES_AURKA_DURING_MITOTIC_ENTRY_AND_IN_EARLY_MITOSIS",10,0.185573595214124,0.558929856211274,0.931174089068826,1,0.973790752184104,130,"tags=10%, list=4%, signal=10%","FBXL18"
"REACTOME_PLATELET_ACTIVATION_SIGNALING_AND_AGGREGATION","REACTOME_PLATELET_ACTIVATION_SIGNALING_AND_AGGREGATION",49,0.116009279219162,0.558880265234864,0.98422090729783,1,0.973790752184104,1418,"tags=53%, list=43%, signal=31%","TGFB1/STX4/DAGLA/WDR1/GP6/DAGLB/VCL/PRKCG/ABCC4/ACTN4/VAV2/PTPN1/DGKD/HABP4/ITPR1/MAPK14/GNA11/MAPK1/LAMP2/PTPN11/DGKG/GNG4/RAP1A/ARRB1/FYN/PTK2"
"REACTOME_RHO_GTPASE_EFFECTORS","REACTOME_RHO_GTPASE_EFFECTORS",40,0.118720586657312,0.55689530852282,0.971153846153846,1,0.973790752184104,634,"tags=20%, list=19%, signal=16%","CTNNA1/RHPN1/CFTR/BAIAP2/IQGAP1/MYH14/DLG4/RANGAP1"
"REACTOME_CARGO_TRAFFICKING_TO_THE_PERICILIARY_MEMBRANE","REACTOME_CARGO_TRAFFICKING_TO_THE_PERICILIARY_MEMBRANE",12,-0.17109651009498,-0.554888265592854,0.937119675456389,1,0.973790752184104,1645,"tags=75%, list=50%, signal=38%","GBF1/EXOC4/RAB3IP/EXOC1/BBS9/ARL3/HDAC6/BBIP1/MKKS"
"REACTOME_CELL_SURFACE_INTERACTIONS_AT_THE_VASCULAR_WALL","REACTOME_CELL_SURFACE_INTERACTIONS_AT_THE_VASCULAR_WALL",19,0.149374718027702,0.554594669273703,0.949514563106796,1,0.973790752184104,1017,"tags=37%, list=31%, signal=26%","TGFB1/JAM3/GP6/PLCG1/HRAS/SLC7A5/GPC1"
"REACTOME_INTRINSIC_PATHWAY_FOR_APOPTOSIS","REACTOME_INTRINSIC_PATHWAY_FOR_APOPTOSIS",12,-0.16856237637046,-0.54666973988243,0.945233265720081,1,0.973790752184104,1243,"tags=50%, list=37%, signal=31%","SEPTIN4/YWHAQ/YWHAB/DYNLL1/XIAP/CYCS"
"REACTOME_APC_C_CDH1_MEDIATED_DEGRADATION_OF_CDC20_AND_OTHER_APC_C_CDH1_TARGETED_PROTEINS_IN_LATE_MITOSIS_EARLY_G1","REACTOME_APC_C_CDH1_MEDIATED_DEGRADATION_OF_CDC20_AND_OTHER_APC_C_CDH1_TARGETED_PROTEINS_IN_LATE_MITOSIS_EARLY_G1",13,0.165154264972777,0.545664032415622,0.947775628626692,1,0.973790752184104,2773,"tags=100%, list=84%, signal=17%","ANAPC2/FZR1/PSMC2/UBA52/PSMD2/PSMD13/PSMD1/PSMD11/ANAPC10/PSMC5/ANAPC7/SEM1/UBB"
"REACTOME_CDK_MEDIATED_PHOSPHORYLATION_AND_REMOVAL_OF_CDC6","REACTOME_CDK_MEDIATED_PHOSPHORYLATION_AND_REMOVAL_OF_CDC6",13,0.165154264972777,0.545664032415622,0.947775628626692,1,0.973790752184104,2773,"tags=100%, list=84%, signal=17%","ANAPC2/FZR1/PSMC2/UBA52/PSMD2/PSMD13/PSMD1/PSMD11/ANAPC10/PSMC5/ANAPC7/SEM1/UBB"
"REACTOME_SIGNALING_BY_ERBB2","REACTOME_SIGNALING_BY_ERBB2",12,0.169811859504861,0.543480026027805,0.956777996070727,1,0.973790752184104,1400,"tags=58%, list=42%, signal=34%","NRG4/PLCG1/HRAS/DIAPH1/UBA52/CUL5/FYN"
"REACTOME_NEUROTRANSMITTER_RECEPTORS_AND_POSTSYNAPTIC_SIGNAL_TRANSMISSION","REACTOME_NEUROTRANSMITTER_RECEPTORS_AND_POSTSYNAPTIC_SIGNAL_TRANSMISSION",49,0.111634783739665,0.537805923507155,0.986193293885602,1,0.973790752184104,2,"tags=2%, list=0%, signal=2%","CHRNE"
"REACTOME_PI3K_AKT_SIGNALING_IN_CANCER","REACTOME_PI3K_AKT_SIGNALING_IN_CANCER",20,-0.139049255328123,-0.534719650031971,0.973360655737705,1,0.973790752184104,730,"tags=25%, list=22%, signal=20%","KIT/KITLG/NRG1/FGFR3/HGF"
"REACTOME_PROTEASOME_ASSEMBLY","REACTOME_PROTEASOME_ASSEMBLY",14,0.156996731274328,0.531911781588311,0.969348659003831,1,0.973790752184104,1443,"tags=64%, list=43%, signal=36%","PSMD9/PSMG3/PSMD4/PSMC2/PSMD2/PSMD13/PSMD1/PSME4/PSMF1"
"REACTOME_PROCESSING_OF_CAPPED_INTRON_CONTAINING_PRE_MRNA","REACTOME_PROCESSING_OF_CAPPED_INTRON_CONTAINING_PRE_MRNA",73,0.0973549637079512,0.529589127870942,0.979591836734694,1,0.973790752184104,1335,"tags=47%, list=40%, signal=28%","THOC3/CPSF4/SRRT/DHX38/THOC5/SRSF10/PRPF6/SNRPA1/SNRNP200/LSM6/CSTF2/CPSF1/STEEP1/POLR2B/NKAP/SF3A3/PRKRIP1/SNRNP40/PPWD1/NUP214/GTF2F1/SYMPK/HNRNPL/NUP205/PDCD7/UBA52/EFTUD2/HNRNPM/NUP58/DDX42/U2AF1/NUP54/PRPF8/SNRPF"
"REACTOME_ACTIVATION_OF_APC_C_AND_APC_C_CDC20_MEDIATED_DEGRADATION_OF_MITOTIC_PROTEINS","REACTOME_ACTIVATION_OF_APC_C_AND_APC_C_CDC20_MEDIATED_DEGRADATION_OF_MITOTIC_PROTEINS",12,0.165104324160871,0.528413637621608,0.958742632612967,1,0.973790752184104,2773,"tags=100%, list=84%, signal=17%","ANAPC2/PSMC2/UBA52/PSMD2/PSMD13/PSMD1/PSMD11/ANAPC10/PSMC5/ANAPC7/SEM1/UBB"
"REACTOME_PLASMA_LIPOPROTEIN_ASSEMBLY_REMODELING_AND_CLEARANCE","REACTOME_PLASMA_LIPOPROTEIN_ASSEMBLY_REMODELING_AND_CLEARANCE",11,0.169251074733498,0.528323842219146,0.96875,1,0.973790752184104,1402,"tags=64%, list=42%, signal=37%","PCSK6/FURIN/NPC1/UBA52/SCARB1/CLTA/AP2A2"
"REACTOME_G2_M_CHECKPOINTS","REACTOME_G2_M_CHECKPOINTS",19,0.141515151515151,0.525413869817034,0.963106796116505,1,0.973790752184104,2852,"tags=100%, list=86%, signal=14%","BLM/DBF4/BRCA1/PSMC2/UBA52/UIMC1/PSMD2/PSMD13/RAD9A/PSMD1/NSD2/PSMD11/YWHAQ/ORC5/PSMC5/YWHAB/SEM1/UBB/UBE2V2"
"REACTOME_PTEN_REGULATION","REACTOME_PTEN_REGULATION",30,0.123039505443245,0.524831785991348,0.968871595330739,1,0.973790752184104,23,"tags=3%, list=1%, signal=3%","EGR1"
"REACTOME_APOPTOSIS","REACTOME_APOPTOSIS",31,0.121619807183699,0.524167861766885,0.97270955165692,1,0.973790752184104,1497,"tags=58%, list=45%, signal=32%","LMNA/PPP1R13B/DAPK1/RIPK1/PLEC/STAT3/PSMC2/TFDP1/AVEN/UBA52/MAPK1/BCL2L1/PSMD2/PSMD13/PTK2/PSMD1/OPA1/ADD1"
"REACTOME_TCF_DEPENDENT_SIGNALING_IN_RESPONSE_TO_WNT","REACTOME_TCF_DEPENDENT_SIGNALING_IN_RESPONSE_TO_WNT",30,-0.118429252263732,-0.521598437463734,0.985655737704918,1,0.973790752184104,560,"tags=20%, list=17%, signal=17%","KLHL12/UBB/CXXC4/LGR4/XIAP/DKK2"
"REACTOME_ABC_TRANSPORTER_DISORDERS","REACTOME_ABC_TRANSPORTER_DISORDERS",13,0.157832181931482,0.521472120940289,0.965183752417795,1,0.973790752184104,1427,"tags=62%, list=43%, signal=35%","CFTR/OS9/VCP/PSMC2/UBA52/PSMD2/PSMD13/PSMD1"
"REACTOME_DUAL_INCISION_IN_GG_NER","REACTOME_DUAL_INCISION_IN_GG_NER",11,0.165644367879152,0.517065365863549,0.978515625,1,0.973790752184104,1104,"tags=45%, list=33%, signal=30%","ERCC1/POLE/DDB1/CUL4A/UBA52"
"REACTOME_RECYCLING_PATHWAY_OF_L1","REACTOME_RECYCLING_PATHWAY_OF_L1",10,0.171048655182835,0.515182131036266,0.961538461538462,1,0.973790752184104,2753,"tags=100%, list=83%, signal=17%","RPS6KA5/MAPK1/CLTA/DNM2/AP2A2/DNM1/NUMB/AP2M1/ACTG1/RPS6KA6"
"REACTOME_TRANSPORT_OF_MATURE_MRNAS_DERIVED_FROM_INTRONLESS_TRANSCRIPTS","REACTOME_TRANSPORT_OF_MATURE_MRNAS_DERIVED_FROM_INTRONLESS_TRANSCRIPTS",14,-0.151889052336398,-0.513834765288464,0.96875,1,0.973790752184104,82,"tags=86%, list=2%, signal=84%","NUP214/SYMPK/NUP205/NUP58/NUP54/NUP153/NUP133/RANBP2/FIP1L1/SLBP/NCBP2/AAAS"
"REACTOME_CLATHRIN_MEDIATED_ENDOCYTOSIS","REACTOME_CLATHRIN_MEDIATED_ENDOCYTOSIS",36,-0.110344371397097,-0.504864960307075,0.976694915254237,1,0.973790752184104,2598,"tags=94%, list=78%, signal=21%","GAPVD1/SNX9/GAK/PIK3C2A/PACSIN2/PACSIN1/UBA52/CLTA/EPS15L1/DNM2/ARRB1/AP2A2/FNBP1/GRK3/ITSN1/SYNJ1/DNAJC6/DNM1/CTTN/SH3GL3/PICALM/SYT1/FNBP1L/ITSN2/AP2M1/NEDD8/VAMP2/ACTG1/TGOLN2/UBB/COPS5/TACR1/HSPA8/COPS7A"
"REACTOME_SIGNALING_BY_ERBB4","REACTOME_SIGNALING_BY_ERBB4",21,0.131429252114164,0.504096289540937,0.976653696498054,1,0.973790752184104,210,"tags=10%, list=6%, signal=9%","GFAP/NRG4"
"REACTOME_REGULATION_OF_RAS_BY_GAPS","REACTOME_REGULATION_OF_RAS_BY_GAPS",17,-0.137189582071472,-0.503242026981106,0.964730290456432,1,0.973790752184104,2867,"tags=88%, list=86%, signal=12%","PSMC2/HRAS/UBA52/SYNGAP1/PSMD2/PSMD13/PSMD1/PSMD11/RASA1/RASAL2/PSMC5/KRAS/SEM1/UBB/KBTBD7"
"REACTOME_TRANSPORT_OF_SMALL_MOLECULES","REACTOME_TRANSPORT_OF_SMALL_MOLECULES",114,0.082711057024023,0.499546137265251,0.99812734082397,1,0.973790752184104,1507,"tags=53%, list=45%, signal=30%","ATP2C2/CAMK2A/SLC3A1/SLC9B1/CFTR/PCSK6/ATP6V0A2/ATP8B2/SPG7/SLC30A5/SLC9A5/SLC22A3/SLC38A2/SLC24A4/SLC9A8/APOD/RIPK1/OS9/ESYT3/MRS2/FURIN/ABCC4/SLC5A3/VCP/SLC44A1/SLC4A8/LRRC8B/SLC35A3/NPC1/PSMC2/SLC9A1/ASIC3/SLC39A14/SLC7A5/SLC8A3/ESYT2/AFG3L2/UBA52/SLC26A11/SCARB1/ATP11B/SLC17A5/CLTA/FLVCR1/SLC2A3/PSMD2/SLC20A2/CLCN6/PSMD13/GNG4/AP2A2/SLCO3A1/ATP13A2/PSMD1/PRKAR2A/CAMK2G/ATP1A3/GNG2/ADD1/SLC4A3"
"REACTOME_POST_TRANSLATIONAL_PROTEIN_MODIFICATION","REACTOME_POST_TRANSLATIONAL_PROTEIN_MODIFICATION",263,0.071699031067873,0.497869776443757,1,1,0.973790752184104,953,"tags=29%, list=29%, signal=22%","PLET1/TGFB1/TNIP1/KLHL25/FBXL18/MUC6/SPP1/BLM/ASGR1/RIGI/PNPLA2/PPARA/CFTR/RTF1/PSMD9/POLB/ADAMTSL3/BRCA1/FBXL19/POFUT2/ALG6/FBXO27/LRRC49/FBXO32/LEO1/KIN/SEC16A/POMT1/HIF3A/FBXL14/PSMG3/RIPK1/USP14/UBXN1/SIAH2/RANGAP1/USP42/OS9/USP20/FBXO21/UBE2G1/RABGGTB/SEC24C/GOLGB1/ARFGAP3/TRAPPC10/MBD1/RNF139/RAB39A/INO80/KDM1B/SIN3A/CDC34/UBE2I/FURIN/VHL/SUDS3/KAT2A/BTRC/DDB1/VCP/PIAS3/B4GALT4/GOSR2/PSMD4/LRRC41/PPARG/TPST1/PSMC2/SPARCL1/NUP214/FOXK2/HDAC4/RAB12/GFPT2"
"REACTOME_MRNA_POLYADENYLATION","REACTOME_MRNA_POLYADENYLATION",34,0.110614448803003,0.495045071201516,0.982591876208897,1,0.973790752184104,1335,"tags=47%, list=40%, signal=28%","CPSF4/SRRT/SRSF10/SNRPA1/CSTF2/CPSF1/POLR2B/SF3A3/GTF2F1/SYMPK/HNRNPL/UBA52/HNRNPM/DDX42/U2AF1/SNRPF"
"REACTOME_MITOTIC_SPINDLE_CHECKPOINT","REACTOME_MITOTIC_SPINDLE_CHECKPOINT",17,0.137492428831012,0.494471096297872,0.980769230769231,1,0.973790752184104,2865,"tags=100%, list=86%, signal=14%","ANAPC2/RANGAP1/CLIP1/PPP2R1B/RPS27/PPP2R5C/AHCTF1/NUP133/RANBP2/CLASP1/XPO1/ANAPC10/DYNLL1/ANAPC7/PPP1CC/ITGB3BP/CENPO"
"REACTOME_PROTEIN_UBIQUITINATION","REACTOME_PROTEIN_UBIQUITINATION",17,-0.134150885169433,-0.49209540808138,0.968879668049793,1,0.973790752184104,861,"tags=29%, list=26%, signal=22%","CTR9/RRAGA/UBB/UBE2V2/TMEM129"
"REACTOME_CARDIAC_CONDUCTION","REACTOME_CARDIAC_CONDUCTION",27,0.119391634728304,0.491989661112879,0.982178217821782,1,0.973790752184104,556,"tags=19%, list=17%, signal=16%","CAMK2A/NOS1/ORAI2/NPPC/KCNJ14"
"REACTOME_NEDDYLATION","REACTOME_NEDDYLATION",52,-0.0964547259158858,-0.488379928974297,0.993762993762994,1,0.973790752184104,607,"tags=19%, list=18%, signal=16%","COMMD3/COMMD6/UBB/ERCC8/COPS5/DDA1/SOCS5/COPS7A/DCAF17/KBTBD7"
"REACTOME_FCERI_MEDIATED_NF_KB_ACTIVATION","REACTOME_FCERI_MEDIATED_NF_KB_ACTIVATION",14,-0.144024205748865,-0.487228294722143,0.98125,1,0.973790752184104,2844,"tags=93%, list=86%, signal=13%","CDC34/BTRC/PSMC2/UBA52/PSMD2/PSMD13/PSMD1/MAP3K7/PSMD11/PSMC5/SEM1/UBB/RASGRP2"
"REACTOME_CELL_CYCLE_CHECKPOINTS","REACTOME_CELL_CYCLE_CHECKPOINTS",41,0.0942762340042088,0.442616569224614,0.994197292069632,1,0.973790752184104,2865,"tags=98%, list=86%, signal=14%","BLM/ANAPC2/DBF4/BRCA1/RANGAP1/BTRC/CLIP1/PPP2R1B/PSMC2/MDM2/MAPK14/UBA52/UIMC1/PSMD2/PSMD13/RAD9A/PSMD1/NSD2/RPS27/PPP2R5C/AHCTF1/NUP133/RANBP2/PSMD11/CLASP1/XPO1/ANAPC10/CSNK1E/YWHAQ/ORC5/PSMC5/YWHAB/DYNLL1/ANAPC7/PPP1CC/SEM1/ITGB3BP/UBB/UBE2V2/CENPO"
"REACTOME_REGULATION_OF_PLK1_ACTIVITY_AT_G2_M_TRANSITION","REACTOME_REGULATION_OF_PLK1_ACTIVITY_AT_G2_M_TRANSITION",15,0.127804827035698,0.43982416358809,0.996116504854369,1,0.973790752184104,1496,"tags=60%, list=45%, signal=33%","CEP135/ODF2/BTRC/HAUS6/UBA52/CEP164/SFI1/ALMS1/CEP57"
"REACTOME_HIV_INFECTION","REACTOME_HIV_INFECTION",52,-0.0867765962835116,-0.439376583440095,0.997920997920998,1,0.973790752184104,749,"tags=23%, list=23%, signal=18%","NCBP2/SEM1/GTF2H2/POLR2L/SLC25A4/SLC25A5/UBB/TAF13/POLR2K/TAF12/GTF2H3/AAAS"
"REACTOME_ORGANELLE_BIOGENESIS_AND_MAINTENANCE","REACTOME_ORGANELLE_BIOGENESIS_AND_MAINTENANCE",64,0.0830552772742904,0.434524728942368,0.99811320754717,1,0.973790752184104,419,"tags=12%, list=13%, signal=11%","CEP135/TMEM67/PPARA/TRAF3IP1/SSBP1/GABPB1/ARL13B/IFT57"
"REACTOME_MEMBRANE_TRAFFICKING","REACTOME_MEMBRANE_TRAFFICKING",130,-0.0653647101289569,-0.412828082666957,1,1,0.973790752184104,576,"tags=13%, list=17%, signal=11%","TMED9/UBB/USP6NL/COPS5/RAB27B/TACR1/SNAP23/HSPA8/KIF6/COPS7A/SCOC/TPD52L1/ARL1/PREB/CHML/SEC16B/AP4B1"
"REACTOME_TRANSMISSION_ACROSS_CHEMICAL_SYNAPSES","REACTOME_TRANSMISSION_ACROSS_CHEMICAL_SYNAPSES",70,0.0770446093925913,0.411458354079478,0.996296296296296,1,0.973790752184104,2,"tags=1%, list=0%, signal=1%","CHRNE"
"REACTOME_AURKA_ACTIVATION_BY_TPX2","REACTOME_AURKA_ACTIVATION_BY_TPX2",12,0.127076512678271,0.406706260795243,0.990176817288802,1,0.973790752184104,1496,"tags=58%, list=45%, signal=32%","CEP135/ODF2/HAUS6/CEP164/SFI1/ALMS1/CEP57"
"REACTOME_REGULATION_OF_RUNX2_EXPRESSION_AND_ACTIVITY","REACTOME_REGULATION_OF_RUNX2_EXPRESSION_AND_ACTIVITY",12,0.127034607710392,0.406572144643992,0.990176817288802,1,0.973790752184104,1427,"tags=58%, list=43%, signal=33%","STAT1/ESRRA/PSMC2/UBA52/PSMD2/PSMD13/PSMD1"
"REACTOME_SIGNALING_BY_WNT","REACTOME_SIGNALING_BY_WNT",49,0.0834862385321101,0.402198957258757,0.998027613412229,1,0.973790752184104,3046,"tags=100%, list=92%, signal=8%","TCF7/CAMK2A/CBY1/AGO2/LEO1/CSNK1G2/PRKCG/BTRC/PPP2R1B/PSMC2/ITPR1/UBA52/CREBBP/TNRC6C/CLTA/ZNRF3/PSMD2/PSMD13/GNG4/AP2A2/PSMD1/GNG2/SMARCA4/MAP3K7/SMURF2/PPP2R5C/GNB1/GNG7/PSMD11/APC/TNRC6A/PPP3CA/XPO1/CDC73/CSNK1E/AP2M1/PSMC5/NLK/SNX3/CTBP1/KRAS/SEM1/WLS/KLHL12/UBB/CXXC4/LGR4/XIAP/DKK2"
"REACTOME_NEURONAL_SYSTEM","REACTOME_NEURONAL_SYSTEM",103,0.0677233602444446,0.39940604664674,1,1,0.973790752184104,2273,"tags=83%, list=68%, signal=27%","CHRNE/CAMK2A/SYT2/SYN1/HOMER1/GIT1/CPLX1/KCNMB4/SLC38A2/KCNJ14/DLG4/DLGAP3/CAMKK1/PRKCG/KCNN3/KCNQ4/GRIK5/DLGAP4/CACNG4/SIPA1L1/UNC13B/PRKAG2/HRAS/SYT12/MDM2/KCNB1/ACHE/SYN3/MAPK1/DLG1/PPM1E/RASGRF1/ABAT/KCNC1/GNG4/STX1A/AP2A2/SHANK2/PRKAR2A/PTPRS/CAMK2G/GNG2/GRIN1/CACNA1E/KCNJ6/GNB1/SHANK1/GNG7/CACNB2/DLG2/NRXN3/GABRB1/GRIK2/RTN3/GRIA2/IL1RAPL1/LRRTM3/SYT1/KCNQ5/KCNC2/GNAI1/ADCY1/GABBR1/GABRG2/GRIP2/GRIP1/PRKAA2/PPFIA3/NRXN1/LRRTM4/KCND2/NLGN1/ARL6IP5/GRM5/GRIA4/LRRTM2/GLRB/AP2M1/GABRB2/GLRA2/VAMP2/ERBB4/KCNN2/GRIK1/SLC1A1/RIMS1"
"REACTOME_CYTOPROTECTION_BY_HMOX1","REACTOME_CYTOPROTECTION_BY_HMOX1",16,0.112771182574525,0.398954516172754,1,1,0.973790752184104,1448,"tags=56%, list=44%, signal=32%","BLVRB/PPARA/SIN3A/STAT3/NCOR2/CREBBP/SIN3B/NCOR1/HDAC3"
"REACTOME_MRNA_SPLICING","REACTOME_MRNA_SPLICING",52,-0.0782438117920419,-0.396172472450955,1,1,0.973790752184104,686,"tags=19%, list=21%, signal=15%","PLRG1/LSM8/POLR2L/CWC27/HSPA8/LSM7/POLR2K/SNRNP25/SNRPA/SRSF8"
